example_id,record_id,split,system,raw_text,reference_text,candidate_text,prediction_text,candidate_protected_tokens_preserved,protected_tokens_preserved,fallback
100003::combined,100003,sensitivity,raw,"ENGINE IDLE OVERRIDE KILLED ENGINE. A/C WAS RUN UP, SET IDLE SPEED, MIXTURE OK, NO LEAKS NO","ENGINE IDLE OVERRIDE KILLED ENGINE. AIRCRAFT WAS RUN UP, SET IDLE SPEED, MIXTURE OK, NO LEAKS NOTED","ENGINE IDLE OVERRIDE KILLED ENGINE. A/C WAS RUN UP, SET IDLE SPEED, MIXTURE OK, NO LEAKS NO","ENGINE IDLE OVERRIDE KILLED ENGINE. A/C WAS RUN UP, SET IDLE SPEED, MIXTURE OK, NO LEAKS NO",True,True,none
100011::combined,100011,sensitivity,raw,"HOLDING SHORT OF RUNWAY, AFTER COMPLETION OF RUN UP, ENGINE PERFORMED ENGINE RUN UP, ADJUSTED IDLE & CLEANED SPARK","HOLDING SHORT OF RUNWAY, AFTER COMPLETION OF RUN UP. PERFORMED ENGINE RUN UP, ADJUSTED IDLE AND CLEANED SPARK","HOLDING SHORT OF RUNWAY, AFTER COMPLETION OF RUN UP, ENGINE PERFORMED ENGINE RUN UP, ADJUSTED IDLE & CLEANED SPARK","HOLDING SHORT OF RUNWAY, AFTER COMPLETION OF RUN UP, ENGINE PERFORMED ENGINE RUN UP, ADJUSTED IDLE & CLEANED SPARK",True,True,none
100018::combined,100018,sensitivity,raw,#1 ENGINE BAFFLE CRACKED. FABRICATED PATCH OF LIKE MATERIAL & RIVETED IAW,NUMBER ONE ENGINE BAFFLE CRACKED. FABRICATED PATCH OF LIKE MATERIAL AND RIVETED IN ACCORDANCE WITH REFERENCE MANUAL,#1 ENGINE BAFFLE CRACKED. FABRICATED PATCH OF LIKE MATERIAL & RIVETED IAW,#1 ENGINE BAFFLE CRACKED. FABRICATED PATCH OF LIKE MATERIAL & RIVETED IAW,True,True,none
100027::combined,100027,sensitivity,raw,R/H MAG BLAST TUBE FELL OFF. REMOVED R/H AFT BAFFLE TO FACILITATE REPAIR. FABRICATED,RIGHT-HAND MAGNETO BLAST TUBE FELL OFF. REMOVED RIGHT-HAND AFT BAFFLE TO FACILITATE REPAIR.,R/H MAG BLAST TUBE FELL OFF. REMOVED R/H AFT BAFFLE TO FACILITATE REPAIR. FABRICATED,R/H MAG BLAST TUBE FELL OFF. REMOVED R/H AFT BAFFLE TO FACILITATE REPAIR. FABRICATED,True,True,none
100028::combined,100028,sensitivity,raw,"ON START UP, ENGINE BEGAN TO RUN ROUGH. RAN ENGINE @ 1200 RP INSPECTED CYL 1, 2 & 4 IAW - CK'ED OK. REMOVED","ON START UP, ENGINE BEGAN TO RUN ROUGH. RAN ENGINE AT TWELVE HUNDRED RPM. INSPECTED CYLINDERS ONE, TWO AND FOUR IN ACCORDANCE WITH REFERENCE MANUAL. CHECKED OK. REMOVED","ON START UP, ENGINE BEGAN TO RUN ROUGH. RAN ENGINE @ 1200 RP INSPECTED CYL 1, 2 & 4 IAW - CK'ED OK. REMOVED","ON START UP, ENGINE BEGAN TO RUN ROUGH. RAN ENGINE @ 1200 RP INSPECTED CYL 1, 2 & 4 IAW - CK'ED OK. REMOVED",True,True,none
100037::combined,100037,sensitivity,raw,"L/H ENG #2 INTAKE LEAKING. REMOVED TUBE, FOUND TO BE CRACKED. REMOVED TUBE FROM CO","LEFT-HAND ENGINE NUMBER TWO INTAKE LEAKING. REMOVED TUBE, FOUND TO BE CRACKED. REMOVED TUBE","L/H ENG #2 INTAKE LEAKING. REMOVED TUBE, FOUND TO BE CRACKED. REMOVED TUBE FROM CO","L/H ENG #2 INTAKE LEAKING. REMOVED TUBE, FOUND TO BE CRACKED. REMOVED TUBE FROM CO",True,True,none
100039::combined,100039,sensitivity,raw,"IN FLIGHT, ENGINE BECAME ROUGH. DISCOVERED RIGHT MAG INOP. E REMOVED #3 CYL, DISCONNECTED FUEL DISTRIBUTOR LINE TO G","IN FLIGHT, ENGINE BECAME ROUGH. DISCOVERED RIGHT MAGNETO INOPERABLE. REMOVED NUMBER THREE CYLINDER, DISCONNECTED FUEL DISTRIBUTOR LINE","IN FLIGHT, ENGINE BECAME ROUGH. DISCOVERED RIGHT MAG INOP. E REMOVED #3 CYL, DISCONNECTED FUEL DISTRIBUTOR LINE TO G","IN FLIGHT, ENGINE BECAME ROUGH. DISCOVERED RIGHT MAG INOP. E REMOVED #3 CYL, DISCONNECTED FUEL DISTRIBUTOR LINE TO G",True,True,none
100040::combined,100040,sensitivity,raw,"IN FLIGHT, ENGINE BECAME ROUGH. DISCOVERED RIGHT MAG INOP. E REASSEMBLED ENGINE, #3 CYL DRY TAPPET CLEARANCE CHECK G","IN FLIGHT, ENGINE BECAME ROUGH. DISCOVERED RIGHT MAGNETO INOPERABLE. REASSEMBLED ENGINE, NUMBER THREE CYLINDER DRY TAPPET CLEARANCE CHECK GOOD","IN FLIGHT, ENGINE BECAME ROUGH. DISCOVERED RIGHT MAG INOP. E REASSEMBLED ENGINE, #3 CYL DRY TAPPET CLEARANCE CHECK G","IN FLIGHT, ENGINE BECAME ROUGH. DISCOVERED RIGHT MAG INOP. E REASSEMBLED ENGINE, #3 CYL DRY TAPPET CLEARANCE CHECK G",True,True,none
100054::combined,100054,sensitivity,raw,"DURING IDLE CHECK ON RUN UP, ENGINE QUIT. RESTART ENGINE ADJUSTED IDLE SETTING, IDLE INDICATING 650 RPM DURING R","DURING IDLE CHECK ON RUN UP, ENGINE QUIT. RESTART ENGINE. ADJUSTED IDLE SETTING, IDLE INDICATING SIX HUNDRED AND FIFTY RPM DURING RUN UP","DURING IDLE CHECK ON RUN UP, ENGINE QUIT. RESTART ENGINE ADJUSTED IDLE SETTING, IDLE INDICATING 650 RPM DURING R","DURING IDLE CHECK ON RUN UP, ENGINE QUIT. RESTART ENGINE ADJUSTED IDLE SETTING, IDLE INDICATING 650 RPM DURING R",True,True,none
100066::combined,100066,sensitivity,raw,"AFTER LANDING, A/C IDLE @ 970 RPM. ADJUSTED IDLE SETTING BY LOWERING. IDLE SETTING W/IN MA","AFTER LANDING, AIRCRAFT IDLE AT NINE HUNDRED AND SEVENTY RPM. ADJUSTED IDLE SETTING BY LOWERING. IDLE SETTING WITHIN MANUFACTURER'S LIMITS","AFTER LANDING, A/C IDLE @ 970 RPM. ADJUSTED IDLE SETTING BY LOWERING. IDLE SETTING W/IN MA","AFTER LANDING, A/C IDLE @ 970 RPM. ADJUSTED IDLE SETTING BY LOWERING. IDLE SETTING W/IN MA",True,True,none
100077::combined,100077,sensitivity,raw,ENGINE STARTED RUNNING ROUGH & VIBRATING A LOT. RAN A/C. CONFIRMED DISCREPANCY. FOUND #3 CYL HAD VERY L,ENGINE STARTED RUNNING ROUGH AND VIBRATING A LOT. RAN AIRCRAFT. CONFIRMED DISCREPANCY. FOUND NUMBER THREE CYLINDER HAD VERY LOW COMPRESSION,ENGINE STARTED RUNNING ROUGH & VIBRATING A LOT. RAN A/C. CONFIRMED DISCREPANCY. FOUND #3 CYL HAD VERY L,ENGINE STARTED RUNNING ROUGH & VIBRATING A LOT. RAN A/C. CONFIRMED DISCREPANCY. FOUND #3 CYL HAD VERY L,True,True,none
100078::combined,100078,sensitivity,raw,ENGINE STARTED RUNNING ROUGH & VIBRATING A LOT. COMPLETED REASSEMBLY OF #3 CYL ASSY. INSTALLED NEW INTA,ENGINE STARTED RUNNING ROUGH AND VIBRATING A LOT. COMPLETED REASSEMBLY OF NUMBER THREE CYLINDER ASSEMBLY. INSTALLED NEW INTAKE VALVE,ENGINE STARTED RUNNING ROUGH & VIBRATING A LOT. COMPLETED REASSEMBLY OF #3 CYL ASSY. INSTALLED NEW INTA,ENGINE STARTED RUNNING ROUGH & VIBRATING A LOT. COMPLETED REASSEMBLY OF #3 CYL ASSY. INSTALLED NEW INTA,True,True,none
100079::combined,100079,sensitivity,raw,ENGINE STARTED RUNNING ROUGH & VIBRATING A LOT. REMOVED #3 CYL. INSTALLED SERVICEABLE CYL ASSY. TORQUED,ENGINE STARTED RUNNING ROUGH AND VIBRATING A LOT. REMOVED NUMBER THREE CYLINDER. INSTALLED SERVICEABLE CYLINDER ASSEMBLY.,ENGINE STARTED RUNNING ROUGH & VIBRATING A LOT. REMOVED #3 CYL. INSTALLED SERVICEABLE CYL ASSY. TORQUED,ENGINE STARTED RUNNING ROUGH & VIBRATING A LOT. REMOVED #3 CYL. INSTALLED SERVICEABLE CYL ASSY. TORQUED,True,True,none
100080::combined,100080,sensitivity,raw,"ENGINE STARTED RUNNING ROUGH & VIBRATING A LOT. DISASSEMBLED #1, 2, 4 EXHAUST VALVES, REAMED GUIDES IAW","ENGINE STARTED RUNNING ROUGH AND VIBRATING A LOT. DISASSEMBLED NUMBERS ONE, TWO AND FOUR EXHAUST VALVES, REAMED GUIDES IN ACCORDANCE WITH REFERENCE MANUAL","ENGINE STARTED RUNNING ROUGH & VIBRATING A LOT. DISASSEMBLED #1, 2, 4 EXHAUST VALVES, REAMED GUIDES IAW","ENGINE STARTED RUNNING ROUGH & VIBRATING A LOT. DISASSEMBLED #1, 2, 4 EXHAUST VALVES, REAMED GUIDES IAW",True,True,none
100085::combined,100085,sensitivity,raw,"ENGINE WOULD NOT START. STARTED ENGINE, LEANED MIXTURE TO CLEAN SPARK PLUGS. MA","ENGINE WOULD NOT START. STARTED ENGINE, LEANED MIXTURE TO CLEAN SPARK PLUGS.","ENGINE WOULD NOT START. STARTED ENGINE, LEANED MIXTURE TO CLEAN SPARK PLUGS. MA","ENGINE WOULD NOT START. STARTED ENGINE, LEANED MIXTURE TO CLEAN SPARK PLUGS. MA",True,True,none
100098::combined,100098,sensitivity,raw,ROUGH RUNNING ENGINE ON START. ENGINE RAN SMOOTHER AS IT WAR FINISHED REAMING ALL 4 EXHAUST VALVE GUIDES. INSTALLED,ROUGH RUNNING ENGINE ON START. ENGINE RAN SMOOTHER AS IT WARMED UP. FINISHED REAMING ALL FOUR EXHAUST VALVE GUIDES.,ROUGH RUNNING ENGINE ON START. ENGINE RAN SMOOTHER AS IT WAR FINISHED REAMING ALL 4 EXHAUST VALVE GUIDES. INSTALLED,ROUGH RUNNING ENGINE ON START. ENGINE RAN SMOOTHER AS IT WAR FINISHED REAMING ALL 4 EXHAUST VALVE GUIDES. INSTALLED,True,True,none
100099::combined,100099,sensitivity,raw,"ROUGH RUNNING ENGINE ON START. ENGINE RAN SMOOTHER AS IT WAR REMOVED COWLING, REMOVED ALL SPARK PLUGS. REAMED #3 EXH","ROUGH RUNNING ENGINE ON START. ENGINE RAN SMOOTHER AS IT WARMED UP. REMOVED COWLING, REMOVED ALL SPARK PLUGS. REAMED NUMBER THREE EXHAUST VALVE GUIDE","ROUGH RUNNING ENGINE ON START. ENGINE RAN SMOOTHER AS IT WAR REMOVED COWLING, REMOVED ALL SPARK PLUGS. REAMED #3 EXH","ROUGH RUNNING ENGINE ON START. ENGINE RAN SMOOTHER AS IT WAR REMOVED COWLING, REMOVED ALL SPARK PLUGS. REAMED #3 EXH",True,True,none
100101::combined,100101,sensitivity,raw,"OIL FOUND ON ENTIRE RIGHT SIDE OF FUSELAGE. REMOVED COWLING, CLEANED ENGINE, PERFORMED ENGINE RUN U","OIL FOUND ON ENTIRE RIGHT SIDE OF FUSELAGE. REMOVED COWLING, CLEANED ENGINE, PERFORMED ENGINE RUN UP","OIL FOUND ON ENTIRE RIGHT SIDE OF FUSELAGE. REMOVED COWLING, CLEANED ENGINE, PERFORMED ENGINE RUN U","OIL FOUND ON ENTIRE RIGHT SIDE OF FUSELAGE. REMOVED COWLING, CLEANED ENGINE, PERFORMED ENGINE RUN U",True,True,none
100104::combined,100104,sensitivity,raw,"L/H ENGINE #1 & 3 ROCKER COVERS LEAKING. REMOVED & REPLACED L/H ENGINE ROCKER COVER GASKETS, 1 &","LEFT-HAND ENGINE NUMBER ONE AND NUMBER THREE ROCKER COVERS LEAKING. REMOVED AND REPLACED LEFT-HAND ENGINE ROCKER COVER GASKETS, ONE AND THREE","L/H ENGINE #1 & 3 ROCKER COVERS LEAKING. REMOVED & REPLACED L/H ENGINE ROCKER COVER GASKETS, 1 &","L/H ENGINE #1 & 3 ROCKER COVERS LEAKING. REMOVED & REPLACED L/H ENGINE ROCKER COVER GASKETS, 1 &",True,True,none
100105::combined,100105,sensitivity,raw,ENGINE DIED DURING MAG CK. STARTED A/C USING FLOODED START PROCEDURE & RAN A/C TO,ENGINE DIED DURING MAGNETO CHECK. STARTED AIRCRAFT USING FLOODED START PROCEDURE,ENGINE DIED DURING MAG CK. STARTED A/C USING FLOODED START PROCEDURE & RAN A/C TO,ENGINE DIED DURING MAG CK. STARTED A/C USING FLOODED START PROCEDURE & RAN A/C TO,True,True,none
100114::combined,100114,sensitivity,raw,#1 L/H INTAKE HAS LARGE GOUGE. REMOVED & REPLACED #1 L/H INTAKE PIPE W/ SERVICEABLE PI,NUMBER ONE LEFT-HAND INTAKE HAS LARGE GOUGE. REMOVED AND REPLACED NUMBER ONE LEFT-HAND INTAKE PIPE WITH SERVICEABLE PIPE,#1 L/H INTAKE HAS LARGE GOUGE. REMOVED & REPLACED #1 L/H INTAKE PIPE W/ SERVICEABLE PI,#1 L/H INTAKE HAS LARGE GOUGE. REMOVED & REPLACED #1 L/H INTAKE PIPE W/ SERVICEABLE PI,True,True,none
100116::combined,100116,sensitivity,raw,#2 CYLINDER HAS LOW COMPRESSION. REMOVED ROCKER COVER & STAKED INTAKE VALVE. PASSED COMP,NUMBER TWO CYLINDER HAS LOW COMPRESSION. REMOVED ROCKER COVER AND STAKED INTAKE VALVE. PASSED COMPRESSION CHECK,#2 CYLINDER HAS LOW COMPRESSION. REMOVED ROCKER COVER & STAKED INTAKE VALVE. PASSED COMP,#2 CYLINDER HAS LOW COMPRESSION. REMOVED ROCKER COVER & STAKED INTAKE VALVE. PASSED COMP,True,True,none
100134::combined,100134,sensitivity,raw,R/H AFT BAFFLE MOUNT RIVETS ARE SHEARED. DISCONNECTED LINES & WIRES TO REMOVE BAFFLE. REMOVED BA,RIGHT-HAND AFT BAFFLE MOUNT RIVETS ARE SHEARED. DISCONNECTED LINES AND WIRES TO REMOVE BAFFLE. REMOVED BAFFLE,R/H AFT BAFFLE MOUNT RIVETS ARE SHEARED. DISCONNECTED LINES & WIRES TO REMOVE BAFFLE. REMOVED BA,R/H AFT BAFFLE MOUNT RIVETS ARE SHEARED. DISCONNECTED LINES & WIRES TO REMOVE BAFFLE. REMOVED BA,True,True,none
100135::combined,100135,sensitivity,raw,"CHT NEEDLE BOUNCES & HAD ENGINE RUN ROUGH MOMENTARILY. REMOVED & REPLACED CHT PROBE. INSP ENGINE, NO DEFECTS N","CHT NEEDLE BOUNCES AND HAD ENGINE RUN ROUGH MOMENTARILY. REMOVED AND REPLACED CHT PROBE. INSPECTED ENGINE, NO DEFECTS NOTED","CHT NEEDLE BOUNCES & HAD ENGINE RUN ROUGH MOMENTARILY. REMOVED & REPLACED CHT PROBE. INSP ENGINE, NO DEFECTS N","CHT NEEDLE BOUNCES & HAD ENGINE RUN ROUGH MOMENTARILY. REMOVED & REPLACED CHT PROBE. INSP ENGINE, NO DEFECTS N",True,True,none
100138::combined,100138,sensitivity,raw,"NOTED WEAR ON ENGINE MOUNT CAUSED BY ENGINE BREATHER SUPPORT REMOVED ENGINE. REPLACED ENGINE MOUNT, TORQUED ENGINE M","NOTED WEAR ON ENGINE MOUNT CAUSED BY ENGINE BREATHER SUPPORT. REMOVED ENGINE. REPLACED ENGINE MOUNT, TORQUED ENGINE MOUNT","NOTED WEAR ON ENGINE MOUNT CAUSED BY ENGINE BREATHER SUPPORT REMOVED ENGINE. REPLACED ENGINE MOUNT, TORQUED ENGINE M","NOTED WEAR ON ENGINE MOUNT CAUSED BY ENGINE BREATHER SUPPORT REMOVED ENGINE. REPLACED ENGINE MOUNT, TORQUED ENGINE M",True,True,none
100143::combined,100143,sensitivity,raw,"L/H ENGINE, LEFT AFT BAFFLE ANGLE BRACKET IS CRACKED. REMOVED BRACE, STOP DRILLED CRACK. INSTALLED W/ LARGE A","LEFT-HAND ENGINE, LEFT AFT BAFFLE ANGLE BRACKET IS CRACKED. REMOVED BRACE, STOP DRILLED CRACK.","L/H ENGINE, LEFT AFT BAFFLE ANGLE BRACKET IS CRACKED. REMOVED BRACE, STOP DRILLED CRACK. INSTALLED W/ LARGE A","L/H ENGINE, LEFT AFT BAFFLE ANGLE BRACKET IS CRACKED. REMOVED BRACE, STOP DRILLED CRACK. INSTALLED W/ LARGE A",True,True,none
100151::combined,100151,sensitivity,raw,ENGINE OVERSPEED UP TO 3400 RPM @ TERMINATION OF AN AUTO. BEGAN ENG OVERSPEED INSP IAW . IDENTIFIED & CORR,ENGINE OVERSPEED UP TO THIRTY FOUR HUNDRED RPM AT TERMINATION OF AN AUTOROTATION. BEGAN ENGINE OVERSPEED INSPECTION IN ACCORDANCE WITH REFERENCE MANUAL. IDENTIFIED AND CORRECTED,ENGINE OVERSPEED UP TO 3400 RPM @ TERMINATION OF AN AUTO. BEGAN ENG OVERSPEED INSP IAW . IDENTIFIED & CORR,ENGINE OVERSPEED UP TO 3400 RPM @ TERMINATION OF AN AUTO. BEGAN ENG OVERSPEED INSP IAW . IDENTIFIED & CORR,True,True,none
100152::combined,100152,sensitivity,raw,ENGINE OVERSPEED UP TO 3400 RPM @ TERMINATION OF AN AUTO. FINISHED VALVE TRAIN OVERSPEED INSP. WAS COMPLET,ENGINE OVERSPEED UP TO THIRTY FOUR HUNDRED RPM AT TERMINATION OF AN AUTOROTATION. FINISHED VALVE TRAIN OVERSPEED INSPECTION WAS COMPLETED,ENGINE OVERSPEED UP TO 3400 RPM @ TERMINATION OF AN AUTO. FINISHED VALVE TRAIN OVERSPEED INSP. WAS COMPLET,ENGINE OVERSPEED UP TO 3400 RPM @ TERMINATION OF AN AUTO. FINISHED VALVE TRAIN OVERSPEED INSP. WAS COMPLET,True,True,none
100154::combined,100154,sensitivity,raw,"#2 CYLINDER HAS LOW COMPRESSION. PERFORMED ENGINE RUN UP TO OPERATING TEMPERATURES, PERF",NUMBER TWO CYLINDER HAS LOW COMPRESSION. PERFORMED ENGINE RUN UP TO OPERATING TEMPERATURES,"#2 CYLINDER HAS LOW COMPRESSION. PERFORMED ENGINE RUN UP TO OPERATING TEMPERATURES, PERF","#2 CYLINDER HAS LOW COMPRESSION. PERFORMED ENGINE RUN UP TO OPERATING TEMPERATURES, PERF",True,True,none
100172::combined,100172,sensitivity,raw,L/H ENGINE NEEDS TO BE REMOVED TO FACILITATE REPAIR. UNPACKED ENGINE FROM PALLET. INSTALLED ENGINE ASSY TO A,LEFT-HAND ENGINE NEEDS TO BE REMOVED TO FACILITATE REPAIR. UNPACKED ENGINE FROM PALLET. INSTALLED ENGINE ASSEMBLY TO AIRFRAME,L/H ENGINE NEEDS TO BE REMOVED TO FACILITATE REPAIR. UNPACKED ENGINE FROM PALLET. INSTALLED ENGINE ASSY TO A,L/H ENGINE NEEDS TO BE REMOVED TO FACILITATE REPAIR. UNPACKED ENGINE FROM PALLET. INSTALLED ENGINE ASSY TO A,True,True,none
100173::combined,100173,sensitivity,raw,"L/H ENGINE NEEDS TO BE REMOVED TO FACILITATE REPAIR. RAN WIRING THROUGH FIREWALL, RAN CABLES THROUGH FIREWAL","LEFT-HAND ENGINE NEEDS TO BE REMOVED TO FACILITATE REPAIR. RAN WIRING THROUGH FIREWALL, RAN CABLES THROUGH FIREWALL","L/H ENGINE NEEDS TO BE REMOVED TO FACILITATE REPAIR. RAN WIRING THROUGH FIREWALL, RAN CABLES THROUGH FIREWAL","L/H ENGINE NEEDS TO BE REMOVED TO FACILITATE REPAIR. RAN WIRING THROUGH FIREWALL, RAN CABLES THROUGH FIREWAL",True,True,none
100174::combined,100174,sensitivity,raw,"L/H ENGINE NEEDS TO BE REMOVED TO FACILITATE REPAIR. ROUTED & SECURED WIRING, FUEL & OIL LINES, CONTROL CABL","LEFT-HAND ENGINE NEEDS TO BE REMOVED TO FACILITATE REPAIR. ROUTED AND SECURED WIRING, FUEL AND OIL LINES, CONTROL CABLE","L/H ENGINE NEEDS TO BE REMOVED TO FACILITATE REPAIR. ROUTED & SECURED WIRING, FUEL & OIL LINES, CONTROL CABL","L/H ENGINE NEEDS TO BE REMOVED TO FACILITATE REPAIR. ROUTED & SECURED WIRING, FUEL & OIL LINES, CONTROL CABL",True,True,none
100176::combined,100176,sensitivity,raw,"L/H ENGINE NEEDS TO BE REMOVED TO FACILITATE REPAIR. CLEANED PLUGS, SERVICED OIL. RAN L/H ENGINE, ALL INDICA","LEFT-HAND ENGINE NEEDS TO BE REMOVED TO FACILITATE REPAIR. CLEANED PLUGS, SERVICED OIL. RAN LEFT-HAND ENGINE","L/H ENGINE NEEDS TO BE REMOVED TO FACILITATE REPAIR. CLEANED PLUGS, SERVICED OIL. RAN L/H ENGINE, ALL INDICA","L/H ENGINE NEEDS TO BE REMOVED TO FACILITATE REPAIR. CLEANED PLUGS, SERVICED OIL. RAN L/H ENGINE, ALL INDICA",True,True,none
100178::combined,100178,sensitivity,raw,L/H ENGINE NEEDS TO BE REMOVED TO FACILITATE REPAIR. REMOVED OIL SUMP & ACCESSORY CASE. INSPECTED IAW,LEFT-HAND ENGINE NEEDS TO BE REMOVED TO FACILITATE REPAIR. REMOVED OIL SUMP AND ACCESSORY CASE. INSPECTED IN ACCORDANCE WITH REFERENCE MANUAL,L/H ENGINE NEEDS TO BE REMOVED TO FACILITATE REPAIR. REMOVED OIL SUMP & ACCESSORY CASE. INSPECTED IAW,L/H ENGINE NEEDS TO BE REMOVED TO FACILITATE REPAIR. REMOVED OIL SUMP & ACCESSORY CASE. INSPECTED IAW,True,True,none
100179::combined,100179,sensitivity,raw,R/H ENGINE NEEDS TO BE REMOVED TO FACILITATE REPAIR. STARTED WIRING INSTALLATION & CONTROL CABLE INSTALLATIO,RIGHT-HAND ENGINE NEEDS TO BE REMOVED TO FACILITATE REPAIR. STARTED WIRING INSTALLATION AND CONTROL CABLE INSTALLATION,R/H ENGINE NEEDS TO BE REMOVED TO FACILITATE REPAIR. STARTED WIRING INSTALLATION & CONTROL CABLE INSTALLATIO,R/H ENGINE NEEDS TO BE REMOVED TO FACILITATE REPAIR. STARTED WIRING INSTALLATION & CONTROL CABLE INSTALLATIO,True,True,none
100180::combined,100180,sensitivity,raw,R/H ENGINE NEEDS TO BE REMOVED TO FACILITATE REPAIR. CONTINUED WIRING & CONTROL CABLE ROUTING. CONNECTED COW,RIGHT-HAND ENGINE NEEDS TO BE REMOVED TO FACILITATE REPAIR. CONTINUED WIRING AND CONTROL CABLE ROUTING.,R/H ENGINE NEEDS TO BE REMOVED TO FACILITATE REPAIR. CONTINUED WIRING & CONTROL CABLE ROUTING. CONNECTED COW,R/H ENGINE NEEDS TO BE REMOVED TO FACILITATE REPAIR. CONTINUED WIRING & CONTROL CABLE ROUTING. CONNECTED COW,True,True,none
100181::combined,100181,sensitivity,raw,R/H ENGINE NEEDS TO BE REMOVED TO FACILITATE REPAIR. CONNECTED WIRING & SECURED. ATTACHED & RIGGED ENGINE CO,RIGHT-HAND ENGINE NEEDS TO BE REMOVED TO FACILITATE REPAIR. CONNECTED WIRING AND SECURED. ATTACHED AND RIGGED ENGINE,R/H ENGINE NEEDS TO BE REMOVED TO FACILITATE REPAIR. CONNECTED WIRING & SECURED. ATTACHED & RIGGED ENGINE CO,R/H ENGINE NEEDS TO BE REMOVED TO FACILITATE REPAIR. CONNECTED WIRING & SECURED. ATTACHED & RIGGED ENGINE CO,True,True,none
100182::combined,100182,sensitivity,raw,"R/H ENGINE NEEDS TO BE REMOVED TO FACILITATE REPAIR. CLEANED PLUGS, SERVICED OIL. RAN ENGINE, ALL INDICATION","RIGHT-HAND ENGINE NEEDS TO BE REMOVED TO FACILITATE REPAIR. CLEANED PLUGS, SERVICED OIL. RAN ENGINE","R/H ENGINE NEEDS TO BE REMOVED TO FACILITATE REPAIR. CLEANED PLUGS, SERVICED OIL. RAN ENGINE, ALL INDICATION","R/H ENGINE NEEDS TO BE REMOVED TO FACILITATE REPAIR. CLEANED PLUGS, SERVICED OIL. RAN ENGINE, ALL INDICATION",True,True,none
100183::combined,100183,sensitivity,raw,R/H ENGINE NEEDS TO BE REMOVED TO FACILITATE REPAIR. REMOVED R/H ENGINE/PROP/MOUNT ASSY. PRESERVED CYLS. PAL,"RIGHT-HAND ENGINE NEEDS TO BE REMOVED TO FACILITATE REPAIR. REMOVED RIGHT-HAND ENGINE, PROPELLER, AND MOUNT ASSEMBLY. PRESERVED CYLINDERS.",R/H ENGINE NEEDS TO BE REMOVED TO FACILITATE REPAIR. REMOVED R/H ENGINE/PROP/MOUNT ASSY. PRESERVED CYLS. PAL,R/H ENGINE NEEDS TO BE REMOVED TO FACILITATE REPAIR. REMOVED R/H ENGINE/PROP/MOUNT ASSY. PRESERVED CYLS. PAL,True,True,none
100199::combined,100199,sensitivity,raw,"ENGINE RUNS ROUGH AFTER START. ENGINE SHUT DOWN WHEN POWER T STARTED A/C, VERIFIED ENGINE RUNS VERY ROUGH. #3 EGT WA","ENGINE RUNS ROUGH AFTER START. STARTED AIRCRAFT, VERIFIED ENGINE RUNS VERY ROUGH.","ENGINE RUNS ROUGH AFTER START. ENGINE SHUT DOWN WHEN POWER T STARTED A/C, VERIFIED ENGINE RUNS VERY ROUGH. #3 EGT WA","ENGINE RUNS ROUGH AFTER START. ENGINE SHUT DOWN WHEN POWER T STARTED A/C, VERIFIED ENGINE RUNS VERY ROUGH. #3 EGT WA",True,True,none
100200::combined,100200,sensitivity,raw,ENGINE RUNS ROUGH AFTER START. ENGINE SHUT DOWN WHEN POWER T PERFORMED SI 388C ON ALL 4 CYLINDERS. REAMED EXHAUST VA,ENGINE RUNS ROUGH AFTER START. PERFORMED SERVICE INSTRUCTION THREE EIGHTY EIGHT C ON ALL FOUR CYLINDERS. REAMED EXHAUST VALVE GUIDES,ENGINE RUNS ROUGH AFTER START. ENGINE SHUT DOWN WHEN POWER T PERFORMED SI 388C ON ALL 4 CYLINDERS. REAMED EXHAUST VA,ENGINE RUNS ROUGH AFTER START. ENGINE SHUT DOWN WHEN POWER T PERFORMED SI 388C ON ALL 4 CYLINDERS. REAMED EXHAUST VA,True,True,none
100205::combined,100205,sensitivity,raw,ROCKER COVERS 2 & 4 LEAKING ON R/H ENGINE. REMOVED & REPLACED #2 & 4 ROCKER COVER GASKETS ON R/H E,ROCKER COVERS TWO AND FOUR LEAKING ON RIGHT-HAND ENGINE. REMOVED AND REPLACED NUMBER TWO AND NUMBER FOUR ROCKER COVER GASKETS ON RIGHT-HAND ENGINE,ROCKER COVERS 2 & 4 LEAKING ON R/H ENGINE. REMOVED & REPLACED #2 & 4 ROCKER COVER GASKETS ON R/H E,ROCKER COVERS 2 & 4 LEAKING ON R/H ENGINE. REMOVED & REPLACED #2 & 4 ROCKER COVER GASKETS ON R/H E,True,True,none
100206::combined,100206,sensitivity,raw,"ON RIGHT ENG START, ENGINE RAN VERY ROUGH. REMOVED & REPLACED #3 CYL ASSY. REEMED 1, 2, 4 EXHAUST","ON RIGHT ENGINE START, ENGINE RAN VERY ROUGH. REMOVED AND REPLACED NUMBER THREE CYLINDER ASSEMBLY. REAMED ONE, TWO AND FOUR EXHAUST VALVE GUIDES","ON RIGHT ENG START, ENGINE RAN VERY ROUGH. REMOVED & REPLACED #3 CYL ASSY. REEMED 1, 2, 4 EXHAUST","ON RIGHT ENG START, ENGINE RAN VERY ROUGH. REMOVED & REPLACED #3 CYL ASSY. REEMED 1, 2, 4 EXHAUST",True,True,none
100207::combined,100207,sensitivity,raw,"ON RIGHT ENG START, ENGINE RAN VERY ROUGH. RAN ENGINE, #3 CYL NO EGT. PULLED PROP THROUGH 4 COMPRE","ON RIGHT ENGINE START, ENGINE RAN VERY ROUGH. RAN ENGINE, NUMBER THREE CYLINDER NO EGT. PULLED PROPELLER THROUGH FOUR COMPRESSIONS","ON RIGHT ENG START, ENGINE RAN VERY ROUGH. RAN ENGINE, #3 CYL NO EGT. PULLED PROP THROUGH 4 COMPRE","ON RIGHT ENG START, ENGINE RAN VERY ROUGH. RAN ENGINE, #3 CYL NO EGT. PULLED PROP THROUGH 4 COMPRE",True,True,none
100211::combined,100211,sensitivity,raw,"CYL #3 AFT BAFFLE I/B SCREW BRACKET RIVETS ARE SHEARED OFF. REMOVED CYL #3 AFT BAFFLE, REPLACED BROKEN FASTENERS &","CYLINDER NUMBER THREE AFT BAFFLE INBOARD SCREW BRACKET RIVETS ARE SHEARED OFF. REMOVED CYLINDER NUMBER THREE AFT BAFFLE, REPLACED BROKEN FASTENERS","CYL #3 AFT BAFFLE I/B SCREW BRACKET RIVETS ARE SHEARED OFF. REMOVED CYL #3 AFT BAFFLE, REPLACED BROKEN FASTENERS &","CYL #3 AFT BAFFLE I/B SCREW BRACKET RIVETS ARE SHEARED OFF. REMOVED CYL #3 AFT BAFFLE, REPLACED BROKEN FASTENERS &",True,True,none
100243::combined,100243,sensitivity,raw,#3 AFT BAFFLE IS WORN THROUGH AT I/B CYLINDER WRAP. REMOVED WORN PIECE. FABRICATED REPLACEMENT FROM LIKE MA,NUMBER THREE AFT BAFFLE IS WORN THROUGH AT INBOARD CYLINDER WRAP. REMOVED WORN PIECE. FABRICATED REPLACEMENT FROM LIKE MATERIAL,#3 AFT BAFFLE IS WORN THROUGH AT I/B CYLINDER WRAP. REMOVED WORN PIECE. FABRICATED REPLACEMENT FROM LIKE MA,#3 AFT BAFFLE IS WORN THROUGH AT I/B CYLINDER WRAP. REMOVED WORN PIECE. FABRICATED REPLACEMENT FROM LIKE MA,True,True,none
100246::combined,100246,sensitivity,raw,FRONT R/H BAFFLE WORN THROUGH FROM MUFFLER SHROUD. FABRICATED PATCH W/ LIKE MATERIALS. RIVETED IAW,FRONT RIGHT-HAND BAFFLE WORN THROUGH FROM MUFFLER SHROUD. FABRICATED PATCH WITH LIKE MATERIALS. RIVETED IN ACCORDANCE WITH REFERENCE MANUAL,FRONT R/H BAFFLE WORN THROUGH FROM MUFFLER SHROUD. FABRICATED PATCH W/ LIKE MATERIALS. RIVETED IAW,FRONT R/H BAFFLE WORN THROUGH FROM MUFFLER SHROUD. FABRICATED PATCH W/ LIKE MATERIALS. RIVETED IAW,True,True,none
100254::combined,100254,sensitivity,raw,REMOVE ENGINE TO FACILITATE FIREWALL REPAIR. REINSTALLED ENGINE IAW MAINTENANCE MAN,REMOVE ENGINE TO FACILITATE FIREWALL REPAIR. REINSTALLED ENGINE IN ACCORDANCE WITH MAINTENANCE MANUAL,REMOVE ENGINE TO FACILITATE FIREWALL REPAIR. REINSTALLED ENGINE IAW MAINTENANCE MAN,REMOVE ENGINE TO FACILITATE FIREWALL REPAIR. REINSTALLED ENGINE IAW MAINTENANCE MAN,True,True,none
100288::combined,100288,sensitivity,raw,"DURING ENTRY TO 180 DEGREE AUTO, WHEN COLLECTIVE LOWERED TO INSPECTED THROTTLE LINKAGE, COLLECTIVE LINKAGE, NO DISC","INSPECTED THROTTLE LINKAGE, COLLECTIVE LINKAGE, NO DISCREPANCY","DURING ENTRY TO 180 DEGREE AUTO, WHEN COLLECTIVE LOWERED TO INSPECTED THROTTLE LINKAGE, COLLECTIVE LINKAGE, NO DISC","DURING ENTRY TO 180 DEGREE AUTO, WHEN COLLECTIVE LOWERED TO INSPECTED THROTTLE LINKAGE, COLLECTIVE LINKAGE, NO DISC",True,True,none
100302::combined,100302,sensitivity,raw,L/H BAFFLE PLUG MISSING. INSTALLED PATCH FABRICATED OUT OF LIKE MATERIAL. INSTAL,LEFT-HAND BAFFLE PLUG MISSING. INSTALLED PATCH FABRICATED OUT OF LIKE MATERIAL.,L/H BAFFLE PLUG MISSING. INSTALLED PATCH FABRICATED OUT OF LIKE MATERIAL. INSTAL,L/H BAFFLE PLUG MISSING. INSTALLED PATCH FABRICATED OUT OF LIKE MATERIAL. INSTAL,True,True,none
100309::combined,100309,sensitivity,raw,STARTER RING GEAR MISSING TEETH. REMOVED & REPLACED STARTER RING GEAR. RESAFETY WIRED PR,STARTER RING GEAR MISSING TEETH. REMOVED AND REPLACED STARTER RING GEAR. RESAFETY WIRED,STARTER RING GEAR MISSING TEETH. REMOVED & REPLACED STARTER RING GEAR. RESAFETY WIRED PR,STARTER RING GEAR MISSING TEETH. REMOVED & REPLACED STARTER RING GEAR. RESAFETY WIRED PR,True,True,none
100319::combined,100319,sensitivity,raw,"L/H FWD ENGINE BAFFLE CRACKED. STOP DRILLED CRACK, FABRICATED PATCH. RIVETED IAW","LEFT-HAND FORWARD ENGINE BAFFLE CRACKED. STOP DRILLED CRACK, FABRICATED PATCH. RIVETED IN ACCORDANCE WITH REFERENCE MANUAL","L/H FWD ENGINE BAFFLE CRACKED. STOP DRILLED CRACK, FABRICATED PATCH. RIVETED IAW","L/H FWD ENGINE BAFFLE CRACKED. STOP DRILLED CRACK, FABRICATED PATCH. RIVETED IAW",True,True,none
100332::combined,100332,sensitivity,raw,#2 INTAKE IS LEAKING. REMOVED & REPLACED INTAKE GASKET. CLEANED FUEL STAINS I,NUMBER TWO INTAKE IS LEAKING. REMOVED AND REPLACED INTAKE GASKET. CLEANED FUEL STAINS,#2 INTAKE IS LEAKING. REMOVED & REPLACED INTAKE GASKET. CLEANED FUEL STAINS I,#2 INTAKE IS LEAKING. REMOVED & REPLACED INTAKE GASKET. CLEANED FUEL STAINS I,True,True,none
100339::combined,100339,sensitivity,raw,"L/H SIDE BAFFLE CRACKED. PATCHED W/ LIKE MATERIAL. RIVETING IAW , CH",LEFT-HAND SIDE BAFFLE CRACKED. PATCHED WITH LIKE MATERIAL. RIVETING IN ACCORDANCE WITH REFERENCE MANUAL,"L/H SIDE BAFFLE CRACKED. PATCHED W/ LIKE MATERIAL. RIVETING IAW , CH","L/H SIDE BAFFLE CRACKED. PATCHED W/ LIKE MATERIAL. RIVETING IAW , CH",True,True,none
100340::combined,100340,sensitivity,raw,"L/H DEFLECTOR BAFFLE IS CRACKED. PATCHED W/ LIKE MATERIAL. RIVETING IAW , CH",LEFT-HAND DEFLECTOR BAFFLE IS CRACKED. PATCHED WITH LIKE MATERIAL. RIVETING IN ACCORDANCE WITH REFERENCE MANUAL,"L/H DEFLECTOR BAFFLE IS CRACKED. PATCHED W/ LIKE MATERIAL. RIVETING IAW , CH","L/H DEFLECTOR BAFFLE IS CRACKED. PATCHED W/ LIKE MATERIAL. RIVETING IAW , CH",True,True,none
100345::combined,100345,sensitivity,raw,"R/H BACK BAFFLE BRACKET SCREWS ARE LOOSE. REMOVED BAFFLE, INSTALLED NEW BRACKET SCREWS & REINSTAL","RIGHT-HAND BACK BAFFLE BRACKET SCREWS ARE LOOSE. REMOVED BAFFLE, INSTALLED NEW BRACKET SCREWS AND REINSTALLED","R/H BACK BAFFLE BRACKET SCREWS ARE LOOSE. REMOVED BAFFLE, INSTALLED NEW BRACKET SCREWS & REINSTAL","R/H BACK BAFFLE BRACKET SCREWS ARE LOOSE. REMOVED BAFFLE, INSTALLED NEW BRACKET SCREWS & REINSTAL",True,True,none
100350::combined,100350,sensitivity,raw,SPIRAL WRAP ON ROCKER OIL RETURN LINES #1 & 3 REQUIRES REPLA REMOVED & REPLACED SPIRAL WRAP ON ROCKER RETURN LINES #,SPIRAL WRAP ON ROCKER OIL RETURN LINES NUMBER ONE AND NUMBER THREE REQUIRES REPLACEMENT. REMOVED AND REPLACED SPIRAL WRAP ON ROCKER RETURN LINES NUMBER ONE AND NUMBER THREE,SPIRAL WRAP ON ROCKER OIL RETURN LINES #1 & 3 REQUIRES REPLA REMOVED & REPLACED SPIRAL WRAP ON ROCKER RETURN LINES #,SPIRAL WRAP ON ROCKER OIL RETURN LINES #1 & 3 REQUIRES REPLA REMOVED & REPLACED SPIRAL WRAP ON ROCKER RETURN LINES #,True,True,none
100367::combined,100367,sensitivity,raw,#2 CYLINDER INNER INTAKE PUSH ROD SEAL LEAKING. REPLACED INNER & OUTER PUSH ROD TUBE SEALS & ROCKER COV,NUMBER TWO CYLINDER INNER INTAKE PUSH ROD SEAL LEAKING. REPLACED INNER AND OUTER PUSH ROD TUBE SEALS AND ROCKER COVER,#2 CYLINDER INNER INTAKE PUSH ROD SEAL LEAKING. REPLACED INNER & OUTER PUSH ROD TUBE SEALS & ROCKER COV,#2 CYLINDER INNER INTAKE PUSH ROD SEAL LEAKING. REPLACED INNER & OUTER PUSH ROD TUBE SEALS & ROCKER COV,True,True,none
100371::combined,100371,sensitivity,raw,CYL #1 BAFFLE CRACKED AT SCREW SUPPORT & FWD BAFFLE BELOW #1 FABRICATED PATCHES OF LIKE MATERIAL & RIVETED IAW,CYLINDER NUMBER ONE BAFFLE CRACKED AT SCREW SUPPORT AND FORWARD BAFFLE BELOW NUMBER ONE. FABRICATED PATCHES OF LIKE MATERIAL AND RIVETED IN ACCORDANCE WITH REFERENCE MANUAL,CYL #1 BAFFLE CRACKED AT SCREW SUPPORT & FWD BAFFLE BELOW #1 FABRICATED PATCHES OF LIKE MATERIAL & RIVETED IAW,CYL #1 BAFFLE CRACKED AT SCREW SUPPORT & FWD BAFFLE BELOW #1 FABRICATED PATCHES OF LIKE MATERIAL & RIVETED IAW,True,True,none
100384::combined,100384,sensitivity,raw,"ENGINE ROUGH ON START, SUSPECT STUCK VALVE. INSP'D, FOUND #3 CYL EXHAUST VALVE STUCK OPEN, CONTACTE","ENGINE ROUGH ON START, SUSPECT STUCK VALVE. INSPECTED, FOUND NUMBER THREE CYLINDER EXHAUST VALVE STUCK OPEN","ENGINE ROUGH ON START, SUSPECT STUCK VALVE. INSP'D, FOUND #3 CYL EXHAUST VALVE STUCK OPEN, CONTACTE","ENGINE ROUGH ON START, SUSPECT STUCK VALVE. INSP'D, FOUND #3 CYL EXHAUST VALVE STUCK OPEN, CONTACTE",True,True,none
100385::combined,100385,sensitivity,raw,"ENGINE ROUGH ON START, SUSPECT STUCK VALVE. TORQUED CYL BASE, INSTALLED REMAINING LINES, TUBES, BAF","ENGINE ROUGH ON START, SUSPECT STUCK VALVE. TORQUED CYLINDER BASE, INSTALLED REMAINING LINES, TUBES, BAFFLES","ENGINE ROUGH ON START, SUSPECT STUCK VALVE. TORQUED CYL BASE, INSTALLED REMAINING LINES, TUBES, BAF","ENGINE ROUGH ON START, SUSPECT STUCK VALVE. TORQUED CYL BASE, INSTALLED REMAINING LINES, TUBES, BAF",True,True,none
100386::combined,100386,sensitivity,raw,#3 FWD PUSH ROD TUBE LEAKING @ ENGINE. REMOVED & REPLACED #3 FWD PUSH ROD TUBE SEALS. LEAK CHE,NUMBER THREE FORWARD PUSH ROD TUBE LEAKING AT ENGINE. REMOVED AND REPLACED NUMBER THREE FORWARD PUSH ROD TUBE SEALS. LEAK CHECK,#3 FWD PUSH ROD TUBE LEAKING @ ENGINE. REMOVED & REPLACED #3 FWD PUSH ROD TUBE SEALS. LEAK CHE,#3 FWD PUSH ROD TUBE LEAKING @ ENGINE. REMOVED & REPLACED #3 FWD PUSH ROD TUBE SEALS. LEAK CHE,True,True,none
100397::combined,100397,sensitivity,raw,CYL #3 AFT BAFFLE MOUNT LOOSE. REMOVED BAFFLE & FOUND BAFFLE ALMOST WORN THROUGH AT AF,CYLINDER NUMBER THREE AFT BAFFLE MOUNT LOOSE. REMOVED BAFFLE AND FOUND BAFFLE ALMOST WORN THROUGH AT AFT,CYL #3 AFT BAFFLE MOUNT LOOSE. REMOVED BAFFLE & FOUND BAFFLE ALMOST WORN THROUGH AT AF,CYL #3 AFT BAFFLE MOUNT LOOSE. REMOVED BAFFLE & FOUND BAFFLE ALMOST WORN THROUGH AT AF,True,True,none
100400::combined,100400,sensitivity,raw,"SEVERE KNOCKING, VIBRATIONS ON START UP. INSPECTED, COMPRESSIONS INDICATED NORMAL. REMOVED COWL,","SEVERE KNOCKING, VIBRATIONS ON START UP. INSPECTED, COMPRESSIONS INDICATED NORMAL.","SEVERE KNOCKING, VIBRATIONS ON START UP. INSPECTED, COMPRESSIONS INDICATED NORMAL. REMOVED COWL,","SEVERE KNOCKING, VIBRATIONS ON START UP. INSPECTED, COMPRESSIONS INDICATED NORMAL. REMOVED COWL,",True,True,none
100418::combined,100418,sensitivity,raw,L/H FWD ENGINE BAFFLE CRACKED. INSTALLED PATCH OF LIKE MATERAL & RIVETED IAW,LEFT-HAND FORWARD ENGINE BAFFLE CRACKED. INSTALLED PATCH OF LIKE MATERIAL AND RIVETED IN ACCORDANCE WITH REFERENCE MANUAL,L/H FWD ENGINE BAFFLE CRACKED. INSTALLED PATCH OF LIKE MATERAL & RIVETED IAW,L/H FWD ENGINE BAFFLE CRACKED. INSTALLED PATCH OF LIKE MATERAL & RIVETED IAW,True,True,none
100425::combined,100425,sensitivity,raw,ENGINE IS TIMED OUT. INSTALLED ENGINE. PERFORMED PRE-OIL & INSTALLED SPARK P,ENGINE IS TIMED OUT. INSTALLED ENGINE. PERFORMED PRE-OIL AND INSTALLED SPARK PLUG,ENGINE IS TIMED OUT. INSTALLED ENGINE. PERFORMED PRE-OIL & INSTALLED SPARK P,ENGINE IS TIMED OUT. INSTALLED ENGINE. PERFORMED PRE-OIL & INSTALLED SPARK P,True,True,none
100429::combined,100429,sensitivity,raw,R/H INNER CYL BAFFLE TIE ROD IS INSTALLED INCORRECTLY. TIE ROD BROKE WHILE REPOSITIONING. REMOVED & REPLACED R,RIGHT-HAND INNER CYLINDER BAFFLE TIE ROD IS INSTALLED INCORRECTLY. TIE ROD BROKE WHILE REPOSITIONING. REMOVED AND REPLACED ROD,R/H INNER CYL BAFFLE TIE ROD IS INSTALLED INCORRECTLY. TIE ROD BROKE WHILE REPOSITIONING. REMOVED & REPLACED R,R/H INNER CYL BAFFLE TIE ROD IS INSTALLED INCORRECTLY. TIE ROD BROKE WHILE REPOSITIONING. REMOVED & REPLACED R,True,True,none
100431::combined,100431,sensitivity,raw,"FWD LOWER BAFFLE, R/H SIDE, IS CRACKED. STOP DRILLED CRACK & INSTALLED WIDE AREA WASHER TO DIST","FORWARD LOWER BAFFLE, RIGHT-HAND SIDE, IS CRACKED. STOP DRILLED CRACK AND INSTALLED WIDE AREA WASHER TO DISTRIBUTE","FWD LOWER BAFFLE, R/H SIDE, IS CRACKED. STOP DRILLED CRACK & INSTALLED WIDE AREA WASHER TO DIST","FWD LOWER BAFFLE, R/H SIDE, IS CRACKED. STOP DRILLED CRACK & INSTALLED WIDE AREA WASHER TO DIST",True,True,none
100442::combined,100442,sensitivity,raw,"INTAKES 2, 3 & 4 LEAKING ON R/H ENGINE. REMOVED & REPLACED INTAKE GASKETS #2, 3 & 4 ON R/H ENGI","INTAKES TWO, THREE AND FOUR LEAKING ON RIGHT-HAND ENGINE. REMOVED AND REPLACED INTAKE GASKETS NUMBERS TWO, THREE AND FOUR ON RIGHT-HAND ENGINE","INTAKES 2, 3 & 4 LEAKING ON R/H ENGINE. REMOVED & REPLACED INTAKE GASKETS #2, 3 & 4 ON R/H ENGI","INTAKES 2, 3 & 4 LEAKING ON R/H ENGINE. REMOVED & REPLACED INTAKE GASKETS #2, 3 & 4 ON R/H ENGI",True,True,none
100445::combined,100445,sensitivity,raw,R/H ENGINE #3 BAFFLE CRACKED BY UPPER #1 BAFFLE ATTACHMENT. REPAIRED BAFFLING BY FABRICATING ATTACHMENT OF LIKE MAT,RIGHT-HAND ENGINE NUMBER THREE BAFFLE CRACKED BY UPPER NUMBER ONE BAFFLE ATTACHMENT. REPAIRED BAFFLING BY FABRICATING ATTACHMENT OF LIKE MATERIAL,R/H ENGINE #3 BAFFLE CRACKED BY UPPER #1 BAFFLE ATTACHMENT. REPAIRED BAFFLING BY FABRICATING ATTACHMENT OF LIKE MAT,R/H ENGINE #3 BAFFLE CRACKED BY UPPER #1 BAFFLE ATTACHMENT. REPAIRED BAFFLING BY FABRICATING ATTACHMENT OF LIKE MAT,True,True,none
100450::combined,100450,sensitivity,raw,"ENGINE IDLE @ 1700 RPM DURING SHUT DOWN. NO RISE IN RPM ON M ADJUSTED IDLE SPEEDS & MIXTURE RISE, OPS CHECK GOOD.","ENGINE IDLE AT SEVENTEEN HUNDRED RPM DURING SHUTDOWN. NO RISE IN RPM ON MIXTURE CHANGE. ADJUSTED IDLE SPEEDS AND MIXTURE RISE, OPERATIONS CHECK GOOD.","ENGINE IDLE @ 1700 RPM DURING SHUT DOWN. NO RISE IN RPM ON M ADJUSTED IDLE SPEEDS & MIXTURE RISE, OPS CHECK GOOD.","ENGINE IDLE @ 1700 RPM DURING SHUT DOWN. NO RISE IN RPM ON M ADJUSTED IDLE SPEEDS & MIXTURE RISE, OPS CHECK GOOD.",True,True,none
100452::combined,100452,sensitivity,raw,"CYL #3 EXT PUSH ROD TUBE SEAL LEAKING AT CASE. REPOSITIONED SEAL, LEAK PERSISTS. DISASSEMBLED & REPLAC","CYLINDER NUMBER THREE EXHAUST PUSH ROD TUBE SEAL LEAKING AT CASE. REPOSITIONED SEAL, LEAK PERSISTS. DISASSEMBLED AND REPLACED","CYL #3 EXT PUSH ROD TUBE SEAL LEAKING AT CASE. REPOSITIONED SEAL, LEAK PERSISTS. DISASSEMBLED & REPLAC","CYL #3 EXT PUSH ROD TUBE SEAL LEAKING AT CASE. REPOSITIONED SEAL, LEAK PERSISTS. DISASSEMBLED & REPLAC",True,True,none
100453::combined,100453,sensitivity,raw,"A/C NEEDS TO BE RUN UP & CHECKED FOR FERRY FLIGHT PERFORMED ENGINE RUN UP, SERVICED TIRE PRESSURES. REVIE","AIRCRAFT NEEDS TO BE RUN UP AND CHECKED FOR FERRY FLIGHT. PERFORMED ENGINE RUN UP, SERVICED TIRE PRESSURES.","A/C NEEDS TO BE RUN UP & CHECKED FOR FERRY FLIGHT PERFORMED ENGINE RUN UP, SERVICED TIRE PRESSURES. REVIE","A/C NEEDS TO BE RUN UP & CHECKED FOR FERRY FLIGHT PERFORMED ENGINE RUN UP, SERVICED TIRE PRESSURES. REVIE",True,True,none
100457::combined,100457,sensitivity,raw,"PILOT REPORTED STRONG ENGINE VIBRATION DURING STOP & GO WHIL RAN ENGINE, COULD NOT DUPLICATE DISCREPANCY. ENGINE OPE","PILOT REPORTED STRONG ENGINE VIBRATION DURING STOP AND GO. RAN ENGINE, COULD NOT DUPLICATE DISCREPANCY.","PILOT REPORTED STRONG ENGINE VIBRATION DURING STOP & GO WHIL RAN ENGINE, COULD NOT DUPLICATE DISCREPANCY. ENGINE OPE","PILOT REPORTED STRONG ENGINE VIBRATION DURING STOP & GO WHIL RAN ENGINE, COULD NOT DUPLICATE DISCREPANCY. ENGINE OPE",True,True,none
100465::combined,100465,sensitivity,raw,AFT BAFFLE BRACKET RIVETS SHEARED. REPLACED RIVETS ON BAFFLE BRACKET & REINSTALLED BAFFLIN,AFT BAFFLE BRACKET RIVETS SHEARED. REPLACED RIVETS ON BAFFLE BRACKET AND REINSTALLED BAFFLING,AFT BAFFLE BRACKET RIVETS SHEARED. REPLACED RIVETS ON BAFFLE BRACKET & REINSTALLED BAFFLIN,AFT BAFFLE BRACKET RIVETS SHEARED. REPLACED RIVETS ON BAFFLE BRACKET & REINSTALLED BAFFLIN,True,True,none
100473::combined,100473,sensitivity,raw,"#4 CYL HAS LOW COMPRESSION, AROUND 34 PSI. TRIED STAKING VALVES, STILL NO COMPRESION. INSPECTED CY","NUMBER FOUR CYLINDER HAS LOW COMPRESSION, AROUND THIRTY FOUR PSI. TRIED STAKING VALVES, STILL NO COMPRESSION. INSPECTED CYLINDER","#4 CYL HAS LOW COMPRESSION, AROUND 34 PSI. TRIED STAKING VALVES, STILL NO COMPRESION. INSPECTED CY","#4 CYL HAS LOW COMPRESSION, AROUND 34 PSI. TRIED STAKING VALVES, STILL NO COMPRESION. INSPECTED CY",True,True,none
100474::combined,100474,sensitivity,raw,#2 CYL EXHAUST PUSH ROD TUBE HAS SMALL DENT. CANNED & INSPECTED SERVICEABLE PUSH RODD SHROUD TUBE FR,NUMBER TWO CYLINDER EXHAUST PUSH ROD TUBE HAS SMALL DENT. CANNED AND INSPECTED SERVICEABLE PUSH ROD SHROUD TUBE,#2 CYL EXHAUST PUSH ROD TUBE HAS SMALL DENT. CANNED & INSPECTED SERVICEABLE PUSH RODD SHROUD TUBE FR,#2 CYL EXHAUST PUSH ROD TUBE HAS SMALL DENT. CANNED & INSPECTED SERVICEABLE PUSH RODD SHROUD TUBE FR,True,True,none
100479::combined,100479,sensitivity,raw,#2 & 3 CYLINDER ROCKER CVOER GASKET LEAKING. REMOVED & REPLACED ROCKER COVER GASKET. CLEANED LEAKS A,NUMBER TWO AND NUMBER THREE CYLINDER ROCKER COVER GASKET LEAKING. REMOVED AND REPLACED ROCKER COVER GASKET. CLEANED LEAKS,#2 & 3 CYLINDER ROCKER CVOER GASKET LEAKING. REMOVED & REPLACED ROCKER COVER GASKET. CLEANED LEAKS A,#2 & 3 CYLINDER ROCKER CVOER GASKET LEAKING. REMOVED & REPLACED ROCKER COVER GASKET. CLEANED LEAKS A,True,True,none
100487::combined,100487,sensitivity,raw,"#4 AFT BAFFLE ATTACH PLATE BROKEN. FABRICATED, PAINTED & INSTALLED FROM LIKE MATERIAL & TH","NUMBER FOUR AFT BAFFLE ATTACH PLATE BROKEN. FABRICATED, PAINTED AND INSTALLED FROM LIKE MATERIAL","#4 AFT BAFFLE ATTACH PLATE BROKEN. FABRICATED, PAINTED & INSTALLED FROM LIKE MATERIAL & TH","#4 AFT BAFFLE ATTACH PLATE BROKEN. FABRICATED, PAINTED & INSTALLED FROM LIKE MATERIAL & TH",True,True,none
100488::combined,100488,sensitivity,raw,"#3 AFT BAFFLE TAB HAS BROKEN RIVETS, NEAR OIL FILLER TUBE. REMOVED BAFFLE, REPLACED RIVETS & REINSTALLED BAFFLE. L","NUMBER THREE AFT BAFFLE TAB HAS BROKEN RIVETS, NEAR OIL FILLER TUBE. REMOVED BAFFLE, REPLACED RIVETS AND REINSTALLED BAFFLE","#3 AFT BAFFLE TAB HAS BROKEN RIVETS, NEAR OIL FILLER TUBE. REMOVED BAFFLE, REPLACED RIVETS & REINSTALLED BAFFLE. L","#3 AFT BAFFLE TAB HAS BROKEN RIVETS, NEAR OIL FILLER TUBE. REMOVED BAFFLE, REPLACED RIVETS & REINSTALLED BAFFLE. L",True,True,none
100514::combined,100514,sensitivity,raw,"#2 & 4 INTAKE GASKETS ARE LEAKING, CAUSING CHT & EGT VARIATI REPLACED #2 & 4 INTAKE TUBES, FLANGES & GASKETS.","NUMBER TWO AND NUMBER FOUR INTAKE GASKETS ARE LEAKING, CAUSING CHT AND EGT VARIATIONS. REPLACED NUMBER TWO AND NUMBER FOUR INTAKE TUBES, FLANGES AND GASKETS.","#2 & 4 INTAKE GASKETS ARE LEAKING, CAUSING CHT & EGT VARIATI REPLACED #2 & 4 INTAKE TUBES, FLANGES & GASKETS.","#2 & 4 INTAKE GASKETS ARE LEAKING, CAUSING CHT & EGT VARIATI REPLACED #2 & 4 INTAKE TUBES, FLANGES & GASKETS.",True,True,none
100523::combined,100523,sensitivity,raw,"STARTED A/C NORMALLY, BATTERY STILL SHOWING DISCHARGE. INCRE STARTED ENGINE & PERFORMED RUN UP, ALL INDICATIONS NORM","STARTED AIRCRAFT NORMALLY, BATTERY STILL SHOWING DISCHARGE. STARTED ENGINE AND PERFORMED RUN UP, ALL INDICATIONS NORMAL","STARTED A/C NORMALLY, BATTERY STILL SHOWING DISCHARGE. INCRE STARTED ENGINE & PERFORMED RUN UP, ALL INDICATIONS NORM","STARTED A/C NORMALLY, BATTERY STILL SHOWING DISCHARGE. INCRE STARTED ENGINE & PERFORMED RUN UP, ALL INDICATIONS NORM",True,True,none
100535::combined,100535,sensitivity,raw,4TH STAGE NOZZLE HAS SEVERAL CRACKS IN IT. REMOVED ENGINE FROM AIRFRAME. DISASSEMBLED ENGINE IAW R,FOURTH STAGE NOZZLE HAS SEVERAL CRACKS IN IT. REMOVED ENGINE FROM AIRFRAME. DISASSEMBLED ENGINE,4TH STAGE NOZZLE HAS SEVERAL CRACKS IN IT. REMOVED ENGINE FROM AIRFRAME. DISASSEMBLED ENGINE IAW R,4TH STAGE NOZZLE HAS SEVERAL CRACKS IN IT. REMOVED ENGINE FROM AIRFRAME. DISASSEMBLED ENGINE IAW R,True,True,none
100536::combined,100536,sensitivity,raw,4TH STAGE NOZZLE HAS SEVERAL CRACKS IN IT. REMOVED TURBINE ASSY. PREPPED LOANER TURB,FOURTH STAGE NOZZLE HAS SEVERAL CRACKS IN IT. REMOVED TURBINE ASSEMBLY. PREPPED LOANER TURBINE,4TH STAGE NOZZLE HAS SEVERAL CRACKS IN IT. REMOVED TURBINE ASSY. PREPPED LOANER TURB,4TH STAGE NOZZLE HAS SEVERAL CRACKS IN IT. REMOVED TURBINE ASSY. PREPPED LOANER TURB,True,True,none
100537::combined,100537,sensitivity,raw,4TH STAGE NOZZLE HAS SEVERAL CRACKS IN IT. CONNECTED ENGINE IAW ROLLS ROYCE MAINT MANUAL. PERFORME,FOURTH STAGE NOZZLE HAS SEVERAL CRACKS IN IT. CONNECTED ENGINE IN ACCORDANCE WITH ROLLS ROYCE MAINTENANCE MANUAL.,4TH STAGE NOZZLE HAS SEVERAL CRACKS IN IT. CONNECTED ENGINE IAW ROLLS ROYCE MAINT MANUAL. PERFORME,4TH STAGE NOZZLE HAS SEVERAL CRACKS IN IT. CONNECTED ENGINE IAW ROLLS ROYCE MAINT MANUAL. PERFORME,True,True,none
100543::combined,100543,sensitivity,raw,"#2 CYL ""MISSING"" ON RUN UP (RUNS ROUGH). CLEANED, GAPPED & TESTED #2 CYL SPARK PLUGS - OPS CK GO","NUMBER TWO CYLINDER ""MISSING"" ON RUN UP, RUNS ROUGH. CLEANED, GAPPED AND TESTED NUMBER TWO CYLINDER SPARK PLUGS. OPERATIONS CHECK GOOD","#2 CYL ""MISSING"" ON RUN UP (RUNS ROUGH). CLEANED, GAPPED & TESTED #2 CYL SPARK PLUGS - OPS CK GO","#2 CYL ""MISSING"" ON RUN UP (RUNS ROUGH). CLEANED, GAPPED & TESTED #2 CYL SPARK PLUGS - OPS CK GO",True,True,none
100544::combined,100544,sensitivity,raw,"#2 CYL ""MISSING"" ON RUN UP (RUNS ROUGH). PERFORMED COMPRESSION CK ON #2 CYL - 78/80 & REMOVED RO","NUMBER TWO CYLINDER ""MISSING"" ON RUN UP, RUNS ROUGH. PERFORMED COMPRESSION CHECK ON NUMBER TWO CYLINDER, SEVENTY EIGHT OUT OF EIGHTY","#2 CYL ""MISSING"" ON RUN UP (RUNS ROUGH). PERFORMED COMPRESSION CK ON #2 CYL - 78/80 & REMOVED RO","#2 CYL ""MISSING"" ON RUN UP (RUNS ROUGH). PERFORMED COMPRESSION CK ON #2 CYL - 78/80 & REMOVED RO",True,True,none
100546::combined,100546,sensitivity,raw,"#2 CYL ""MISSING"" ON RUN UP (RUNS ROUGH). RAN, OPS OK. NO ROUGHNESS. EGT - CHT - STATIC RPM - IDL","NUMBER TWO CYLINDER ""MISSING"" ON RUN UP, RUNS ROUGH. RAN, OPERATIONS OK. NO ROUGHNESS. EGT, CHT, STATIC RPM, IDLE OK","#2 CYL ""MISSING"" ON RUN UP (RUNS ROUGH). RAN, OPS OK. NO ROUGHNESS. EGT - CHT - STATIC RPM - IDL","#2 CYL ""MISSING"" ON RUN UP (RUNS ROUGH). RAN, OPS OK. NO ROUGHNESS. EGT - CHT - STATIC RPM - IDL",True,True,none
100556::combined,100556,sensitivity,raw,#3 CYLINDER HAS NO COMPRESSION. COMPLETED INSTALL OF CYLINDER. DRY TAPPET CLEARANCE CK',NUMBER THREE CYLINDER HAS NO COMPRESSION. COMPLETED INSTALL OF CYLINDER. DRY TAPPET CLEARANCE CHECKED,#3 CYLINDER HAS NO COMPRESSION. COMPLETED INSTALL OF CYLINDER. DRY TAPPET CLEARANCE CK',#3 CYLINDER HAS NO COMPRESSION. COMPLETED INSTALL OF CYLINDER. DRY TAPPET CLEARANCE CK',True,True,none
100593::combined,100593,sensitivity,raw,"AT 5500 FT, OAT +7, EXECUTED ENG FAILURE IN FLIGHT & ENGINE REMOVED & REPLACED #2 INTAKE GASKET, CK'ED PROP ACCUMUL","AT FIFTY FIVE HUNDRED FEET, OAT PLUS SEVEN, EXECUTED ENGINE FAILURE IN FLIGHT AND ENGINE. REMOVED AND REPLACED NUMBER TWO INTAKE GASKET, CHECKED PROPELLER ACCUMULATOR","AT 5500 FT, OAT +7, EXECUTED ENG FAILURE IN FLIGHT & ENGINE REMOVED & REPLACED #2 INTAKE GASKET, CK'ED PROP ACCUMUL","AT 5500 FT, OAT +7, EXECUTED ENG FAILURE IN FLIGHT & ENGINE REMOVED & REPLACED #2 INTAKE GASKET, CK'ED PROP ACCUMUL",True,True,none
100597::combined,100597,sensitivity,raw,"MX FLIGHT REQUIRED FOR ENGINE BREAK-IN, PROP RPM & TO CHECK RAN A/C, DETERMINED TO BE CAUSED BY COLD OIL. C/W LYCOM","MAINTENANCE FLIGHT REQUIRED FOR ENGINE BREAK-IN, PROPELLER RPM AND TO CHECK. RAN AIRCRAFT, DETERMINED TO BE CAUSED BY COLD OIL. COMPLIED WITH LYCOMING","MX FLIGHT REQUIRED FOR ENGINE BREAK-IN, PROP RPM & TO CHECK RAN A/C, DETERMINED TO BE CAUSED BY COLD OIL. C/W LYCOM","MX FLIGHT REQUIRED FOR ENGINE BREAK-IN, PROP RPM & TO CHECK RAN A/C, DETERMINED TO BE CAUSED BY COLD OIL. C/W LYCOM",True,True,none
100632::combined,100632,sensitivity,raw,"ENGINE BAFFLE CRACKED AT TOP REAR CENTER BRACKET, AT ENGINE FABRICATED PATCH FROM LIKE MATERIAL & RIVETED IAW","ENGINE BAFFLE CRACKED AT TOP REAR CENTER BRACKET, AT ENGINE. FABRICATED PATCH FROM LIKE MATERIAL AND RIVETED IN ACCORDANCE WITH REFERENCE MANUAL","ENGINE BAFFLE CRACKED AT TOP REAR CENTER BRACKET, AT ENGINE FABRICATED PATCH FROM LIKE MATERIAL & RIVETED IAW","ENGINE BAFFLE CRACKED AT TOP REAR CENTER BRACKET, AT ENGINE FABRICATED PATCH FROM LIKE MATERIAL & RIVETED IAW",True,True,none
100638::combined,100638,sensitivity,raw,FWD L/H BAFFLE IS CRACKED BELOW SHROUD AIR INTAKE. FABRICATED PATCH OUT OF LIKE MATERIAL & INSTALLED. RIVE,FORWARD LEFT-HAND BAFFLE IS CRACKED BELOW SHROUD AIR INTAKE. FABRICATED PATCH OUT OF LIKE MATERIAL AND INSTALLED.,FWD L/H BAFFLE IS CRACKED BELOW SHROUD AIR INTAKE. FABRICATED PATCH OUT OF LIKE MATERIAL & INSTALLED. RIVE,FWD L/H BAFFLE IS CRACKED BELOW SHROUD AIR INTAKE. FABRICATED PATCH OUT OF LIKE MATERIAL & INSTALLED. RIVE,True,True,none
100666::combined,100666,sensitivity,raw,"R/H ENGINE #2, 3 INDUCTION IS LEAKING. REMOVED & REPLACED #2, 3 INDUCTION TUBE GASKET ON R/H E",RIGHT-HAND ENGINE NUMBER TWO AND NUMBER THREE INDUCTION IS LEAKING. REMOVED AND REPLACED NUMBER TWO AND NUMBER THREE INDUCTION TUBE GASKET ON RIGHT-HAND ENGINE,"R/H ENGINE #2, 3 INDUCTION IS LEAKING. REMOVED & REPLACED #2, 3 INDUCTION TUBE GASKET ON R/H E","R/H ENGINE #2, 3 INDUCTION IS LEAKING. REMOVED & REPLACED #2, 3 INDUCTION TUBE GASKET ON R/H E",True,True,none
100696::combined,100696,sensitivity,raw,ENG RUNS ROUGH ON START. MX HAND SPUN PROP & REPORTED 1 CYL PERFORMED COMPRESSION CHECK & FOUND #3 EXHAUST VALVE ST,ENGINE RUNS ROUGH ON START. MAINTENANCE HAND SPUN PROPELLER AND REPORTED ONE CYLINDER. PERFORMED COMPRESSION CHECK AND FOUND NUMBER THREE EXHAUST VALVE STEM DAMAGED,ENG RUNS ROUGH ON START. MX HAND SPUN PROP & REPORTED 1 CYL PERFORMED COMPRESSION CHECK & FOUND #3 EXHAUST VALVE ST,ENG RUNS ROUGH ON START. MX HAND SPUN PROP & REPORTED 1 CYL PERFORMED COMPRESSION CHECK & FOUND #3 EXHAUST VALVE ST,True,True,none
100718::combined,100718,sensitivity,raw,"RAN ENGINE START CKLIST 3 TIMES, TRIED COLD START CKLIST 2 T STARTED ENGINE USING NORMAL PROCEDURES, OPS CHECK GOOD.","RAN ENGINE START CHECKLIST THREE TIMES, TRIED COLD START CHECKLIST TWO TIMES. STARTED ENGINE USING NORMAL PROCEDURES, OPERATIONS CHECK GOOD.","RAN ENGINE START CKLIST 3 TIMES, TRIED COLD START CKLIST 2 T STARTED ENGINE USING NORMAL PROCEDURES, OPS CHECK GOOD.","RAN ENGINE START CKLIST 3 TIMES, TRIED COLD START CKLIST 2 T STARTED ENGINE USING NORMAL PROCEDURES, OPS CHECK GOOD.",True,True,none
100723::combined,100723,sensitivity,raw,"BACK R/H BAFFLE BACK BRACKET RIVET HEAD IS SHEARED OFF. REMOVED R/H BACK BAFFLE, INSTALLED BRACKET W/ SCREWS. I","BACK RIGHT-HAND BAFFLE BACK BRACKET RIVET HEAD IS SHEARED OFF. REMOVED RIGHT-HAND BACK BAFFLE, INSTALLED BRACKET WITH SCREWS.","BACK R/H BAFFLE BACK BRACKET RIVET HEAD IS SHEARED OFF. REMOVED R/H BACK BAFFLE, INSTALLED BRACKET W/ SCREWS. I","BACK R/H BAFFLE BACK BRACKET RIVET HEAD IS SHEARED OFF. REMOVED R/H BACK BAFFLE, INSTALLED BRACKET W/ SCREWS. I",True,True,none
100726::combined,100726,sensitivity,raw,"BAFFLE CRACKED ABOVE #1 CYL. REMOVED BAFFLE, STOP DRILLED CRACK. FABRICATED PATCH, P","BAFFLE CRACKED ABOVE NUMBER ONE CYLINDER. REMOVED BAFFLE, STOP DRILLED CRACK. FABRICATED PATCH","BAFFLE CRACKED ABOVE #1 CYL. REMOVED BAFFLE, STOP DRILLED CRACK. FABRICATED PATCH, P","BAFFLE CRACKED ABOVE #1 CYL. REMOVED BAFFLE, STOP DRILLED CRACK. FABRICATED PATCH, P",True,True,none
100741::combined,100741,sensitivity,raw,"A/C WON'T START. ATTEMPT TO START A/C FOR PILOT, BATTERY WAS DEAD. LINE","AIRCRAFT WON'T START. ATTEMPT TO START AIRCRAFT FOR PILOT, BATTERY WAS DEAD.","A/C WON'T START. ATTEMPT TO START A/C FOR PILOT, BATTERY WAS DEAD. LINE","A/C WON'T START. ATTEMPT TO START A/C FOR PILOT, BATTERY WAS DEAD. LINE",True,True,none
100746::combined,100746,sensitivity,raw,"R/H BACK BAFFLE BRACKET IS MISSING A RIVET & BAFFLE IS CRACK FABRICATED PATCH, INSTALLED & RIVETED IAW SRM 51","RIGHT-HAND BACK BAFFLE BRACKET IS MISSING A RIVET AND BAFFLE IS CRACKED. FABRICATED PATCH, INSTALLED AND RIVETED IN ACCORDANCE WITH STANDARD REFERENCE MANUAL FIFTY ONE","R/H BACK BAFFLE BRACKET IS MISSING A RIVET & BAFFLE IS CRACK FABRICATED PATCH, INSTALLED & RIVETED IAW SRM 51","R/H BACK BAFFLE BRACKET IS MISSING A RIVET & BAFFLE IS CRACK FABRICATED PATCH, INSTALLED & RIVETED IAW SRM 51",True,True,none
100762::combined,100762,sensitivity,raw,"CLIMB OUT 1 OR BOTH ENGINES RAN VERY ROUGH, TRIED LEANING & INSPECTED L/H & R/H ENGINES, NO DEFECTS NOTED. RAN ENGI","CLIMB OUT ONE OR BOTH ENGINES RAN VERY ROUGH, TRIED LEANING. INSPECTED LEFT-HAND AND RIGHT-HAND ENGINES, NO DEFECTS NOTED. RAN ENGINE","CLIMB OUT 1 OR BOTH ENGINES RAN VERY ROUGH, TRIED LEANING & INSPECTED L/H & R/H ENGINES, NO DEFECTS NOTED. RAN ENGI","CLIMB OUT 1 OR BOTH ENGINES RAN VERY ROUGH, TRIED LEANING & INSPECTED L/H & R/H ENGINES, NO DEFECTS NOTED. RAN ENGI",True,True,none
100764::combined,100764,sensitivity,raw,"FWD ENGINE HOIST LOOP BOLT IS LOOSE. REMOVED, CLEANED, SEALED, INSTALLED & TORQUED BOLT W/ N","FORWARD ENGINE HOIST LOOP BOLT IS LOOSE. REMOVED, CLEANED, SEALED, INSTALLED AND TORQUED BOLT WITHIN TOLERANCE","FWD ENGINE HOIST LOOP BOLT IS LOOSE. REMOVED, CLEANED, SEALED, INSTALLED & TORQUED BOLT W/ N","FWD ENGINE HOIST LOOP BOLT IS LOOSE. REMOVED, CLEANED, SEALED, INSTALLED & TORQUED BOLT W/ N",True,True,none
100779::combined,100779,sensitivity,raw,"ENGINE TOP SPINE IS LEAKING. REMOVED BOLT, CLEANED, REINSTALLED BOLT & TORQUED TO SP","ENGINE TOP SPINE IS LEAKING. REMOVED BOLT, CLEANED, REINSTALLED BOLT AND TORQUED TO SPECIFICATIONS","ENGINE TOP SPINE IS LEAKING. REMOVED BOLT, CLEANED, REINSTALLED BOLT & TORQUED TO SP","ENGINE TOP SPINE IS LEAKING. REMOVED BOLT, CLEANED, REINSTALLED BOLT & TORQUED TO SP",True,True,none
100785::combined,100785,sensitivity,raw,"R/H AFT ENGINE BAFFLE CRACKED. REMOVED R/H AFT ENG BAFFLE, STOP DRILLED CRACK, FABRICA","RIGHT-HAND AFT ENGINE BAFFLE CRACKED. REMOVED RIGHT-HAND AFT ENGINE BAFFLE, STOP DRILLED CRACK, FABRICATED","R/H AFT ENGINE BAFFLE CRACKED. REMOVED R/H AFT ENG BAFFLE, STOP DRILLED CRACK, FABRICA","R/H AFT ENGINE BAFFLE CRACKED. REMOVED R/H AFT ENG BAFFLE, STOP DRILLED CRACK, FABRICA",True,True,none
100802::combined,100802,sensitivity,raw,L/H REAR ENGINE BAFFLE CRACKED. FABRICATED PATCH OF LIKE MATERIAL & RIVETED IAW,LEFT-HAND REAR ENGINE BAFFLE CRACKED. FABRICATED PATCH OF LIKE MATERIAL AND RIVETED IN ACCORDANCE WITH REFERENCE MANUAL,L/H REAR ENGINE BAFFLE CRACKED. FABRICATED PATCH OF LIKE MATERIAL & RIVETED IAW,L/H REAR ENGINE BAFFLE CRACKED. FABRICATED PATCH OF LIKE MATERIAL & RIVETED IAW,True,True,none
100807::combined,100807,sensitivity,raw,"LOWER OIL COOLER LINE NEEDS TO BE REPOSITIONED. LOOSENED LINE, REPOSITIONED LINE & RETIGHTENED. LEAK CH","LOWER OIL COOLER LINE NEEDS TO BE REPOSITIONED. LOOSENED LINE, REPOSITIONED LINE AND RETIGHTENED. LEAK CHECK","LOWER OIL COOLER LINE NEEDS TO BE REPOSITIONED. LOOSENED LINE, REPOSITIONED LINE & RETIGHTENED. LEAK CH","LOWER OIL COOLER LINE NEEDS TO BE REPOSITIONED. LOOSENED LINE, REPOSITIONED LINE & RETIGHTENED. LEAK CH",True,True,none
100811::combined,100811,sensitivity,raw,"REAR R/H ENGINE BAFFLE MOUNT BRACKET RIVETS SHEARED. DRILLED OUT SHEARED RIVET, INSTALLED NEW, REPAIR DONE I","REAR RIGHT-HAND ENGINE BAFFLE MOUNT BRACKET RIVETS SHEARED. DRILLED OUT SHEARED RIVET, INSTALLED NEW, REPAIR DONE","REAR R/H ENGINE BAFFLE MOUNT BRACKET RIVETS SHEARED. DRILLED OUT SHEARED RIVET, INSTALLED NEW, REPAIR DONE I","REAR R/H ENGINE BAFFLE MOUNT BRACKET RIVETS SHEARED. DRILLED OUT SHEARED RIVET, INSTALLED NEW, REPAIR DONE I",True,True,none
100820::combined,100820,sensitivity,raw,#2 CYLINDER ROCKER COVER GASKET LEAKING. REMOVED & REPLACED ROCKER COVER GASKET. CLEARED INITIAL,NUMBER TWO CYLINDER ROCKER COVER GASKET LEAKING. REMOVED AND REPLACED ROCKER COVER GASKET.,#2 CYLINDER ROCKER COVER GASKET LEAKING. REMOVED & REPLACED ROCKER COVER GASKET. CLEARED INITIAL,#2 CYLINDER ROCKER COVER GASKET LEAKING. REMOVED & REPLACED ROCKER COVER GASKET. CLEARED INITIAL,True,True,none
100841::combined,100841,sensitivity,raw,"FWD BAFFLE IS CRACKED UNDER HEAT SHROUD AIR INTAKE. STOP DRILLED CRACKS, FABRICATED PATCH OUT OF LIKE MATER","FORWARD BAFFLE IS CRACKED UNDER HEAT SHROUD AIR INTAKE. STOP DRILLED CRACKS, FABRICATED PATCH OUT OF LIKE MATERIAL","FWD BAFFLE IS CRACKED UNDER HEAT SHROUD AIR INTAKE. STOP DRILLED CRACKS, FABRICATED PATCH OUT OF LIKE MATER","FWD BAFFLE IS CRACKED UNDER HEAT SHROUD AIR INTAKE. STOP DRILLED CRACKS, FABRICATED PATCH OUT OF LIKE MATER",True,True,none
100865::combined,100865,sensitivity,raw,"REAR R/H ENGINE BAFFLE BRACKET RIVETS LOOSE. REMOVED BAFFLE, INSTALLED NEW BRACKET HARDWARE. REINSTA","REAR RIGHT-HAND ENGINE BAFFLE BRACKET RIVETS LOOSE. REMOVED BAFFLE, INSTALLED NEW BRACKET HARDWARE. REINSTALLED","REAR R/H ENGINE BAFFLE BRACKET RIVETS LOOSE. REMOVED BAFFLE, INSTALLED NEW BRACKET HARDWARE. REINSTA","REAR R/H ENGINE BAFFLE BRACKET RIVETS LOOSE. REMOVED BAFFLE, INSTALLED NEW BRACKET HARDWARE. REINSTA",True,True,none
100872::combined,100872,sensitivity,raw,R/H AFT BAFFLE CRACKED. INSPECTED & FOUND CRACK TO HAVE BEEN PREVIOUSLY REPAIRE,RIGHT-HAND AFT BAFFLE CRACKED. INSPECTED AND FOUND CRACK TO HAVE BEEN PREVIOUSLY REPAIRED,R/H AFT BAFFLE CRACKED. INSPECTED & FOUND CRACK TO HAVE BEEN PREVIOUSLY REPAIRE,R/H AFT BAFFLE CRACKED. INSPECTED & FOUND CRACK TO HAVE BEEN PREVIOUSLY REPAIRE,True,True,none
100875::combined,100875,sensitivity,raw,FELT VIBRATION LIKE STUCK VALVE IN FLIGHT. FINISHED REAMING ALL 4 EXHAUST VALVE GUIDES. BEGAN REAS,FELT VIBRATION LIKE STUCK VALVE IN FLIGHT. FINISHED REAMING ALL FOUR EXHAUST VALVE GUIDES. BEGAN REASSEMBLY,FELT VIBRATION LIKE STUCK VALVE IN FLIGHT. FINISHED REAMING ALL 4 EXHAUST VALVE GUIDES. BEGAN REAS,FELT VIBRATION LIKE STUCK VALVE IN FLIGHT. FINISHED REAMING ALL 4 EXHAUST VALVE GUIDES. BEGAN REAS,True,True,none
100876::combined,100876,sensitivity,raw,"FELT VIBRATION LIKE STUCK VALVE IN FLIGHT. COMPLETED ASSY OF BAFFLES, CLAMPS, FUEL SUPPLY HOSE, OI","FELT VIBRATION LIKE STUCK VALVE IN FLIGHT. COMPLETED ASSEMBLY OF BAFFLES, CLAMPS, FUEL SUPPLY HOSE","FELT VIBRATION LIKE STUCK VALVE IN FLIGHT. COMPLETED ASSY OF BAFFLES, CLAMPS, FUEL SUPPLY HOSE, OI","FELT VIBRATION LIKE STUCK VALVE IN FLIGHT. COMPLETED ASSY OF BAFFLES, CLAMPS, FUEL SUPPLY HOSE, OI",True,True,none
100881::combined,100881,sensitivity,raw,AFT BAFFLE BRACKET MISSING RIVETS. INSTALLED NEW RIVETS IN BRACKET IAW STRUCTURAL R,AFT BAFFLE BRACKET MISSING RIVETS. INSTALLED NEW RIVETS IN BRACKET IN ACCORDANCE WITH STRUCTURAL REPAIR MANUAL,AFT BAFFLE BRACKET MISSING RIVETS. INSTALLED NEW RIVETS IN BRACKET IAW STRUCTURAL R,AFT BAFFLE BRACKET MISSING RIVETS. INSTALLED NEW RIVETS IN BRACKET IAW STRUCTURAL R,True,True,none
100891::combined,100891,sensitivity,raw,#2 EGT READ HIGH 100 - 150 DEGREES ABOVE OTHER CYLS. REMOVED OBSTRUCTION FROM #2 CYL INJECTOR NOZZLE. REINST,NUMBER TWO EGT READ HIGH ONE HUNDRED TO ONE HUNDRED AND FIFTY DEGREES ABOVE OTHER CYLINDERS. REMOVED OBSTRUCTION FROM NUMBER TWO CYLINDER INJECTOR NOZZLE. REINSTALLED,#2 EGT READ HIGH 100 - 150 DEGREES ABOVE OTHER CYLS. REMOVED OBSTRUCTION FROM #2 CYL INJECTOR NOZZLE. REINST,#2 EGT READ HIGH 100 - 150 DEGREES ABOVE OTHER CYLS. REMOVED OBSTRUCTION FROM #2 CYL INJECTOR NOZZLE. REINST,True,True,none
100892::combined,100892,sensitivity,raw,"L/H ENGINE, L/H MAGNETO HAD DROP OF 300 RPM ON RUN UP. LEANE RAN UP A/C, LEANED MIXTURE TO CLEAR FOULED PLUG. MAG DR","LEFT-HAND ENGINE, LEFT-HAND MAGNETO HAD DROP OF THREE HUNDRED RPM ON RUN UP. RAN UP AIRCRAFT, LEANED MIXTURE TO CLEAR FOULED PLUG. MAGNETO DROP","L/H ENGINE, L/H MAGNETO HAD DROP OF 300 RPM ON RUN UP. LEANE RAN UP A/C, LEANED MIXTURE TO CLEAR FOULED PLUG. MAG DR","L/H ENGINE, L/H MAGNETO HAD DROP OF 300 RPM ON RUN UP. LEANE RAN UP A/C, LEANED MIXTURE TO CLEAR FOULED PLUG. MAG DR",True,True,none
100896::combined,100896,sensitivity,raw,L/H ENGINE #3 & 4 ROCKER COVERS ARE LEAKING. REMOVED & REPLACED L/H ENGINE #3 & 4 ROCKER COVER GASKE,LEFT-HAND ENGINE NUMBER THREE AND NUMBER FOUR ROCKER COVERS ARE LEAKING. REMOVED AND REPLACED LEFT-HAND ENGINE NUMBER THREE AND NUMBER FOUR ROCKER COVER GASKETS,L/H ENGINE #3 & 4 ROCKER COVERS ARE LEAKING. REMOVED & REPLACED L/H ENGINE #3 & 4 ROCKER COVER GASKE,L/H ENGINE #3 & 4 ROCKER COVERS ARE LEAKING. REMOVED & REPLACED L/H ENGINE #3 & 4 ROCKER COVER GASKE,True,True,none
100897::combined,100897,sensitivity,raw,R/H ENGINE #3 & 4 ROCKER COVERS ARE LEAKING. REMOVED & REPLACED R/H ENGINE #3 & 4 ROCKER COVER GASKE,RIGHT-HAND ENGINE NUMBER THREE AND NUMBER FOUR ROCKER COVERS ARE LEAKING. REMOVED AND REPLACED RIGHT-HAND ENGINE NUMBER THREE AND NUMBER FOUR ROCKER COVER GASKETS,R/H ENGINE #3 & 4 ROCKER COVERS ARE LEAKING. REMOVED & REPLACED R/H ENGINE #3 & 4 ROCKER COVER GASKE,R/H ENGINE #3 & 4 ROCKER COVERS ARE LEAKING. REMOVED & REPLACED R/H ENGINE #3 & 4 ROCKER COVER GASKE,True,True,none
100910::combined,100910,sensitivity,raw,"TEST FLIGHT NEEDED FOR UNUSUAL VIBRATION. REMOVED SPARK PLUGS, LEADS, SIDE BAFFLES, LOWER COUPLIN","TEST FLIGHT NEEDED FOR UNUSUAL VIBRATION. REMOVED SPARK PLUGS, LEADS, SIDE BAFFLES, LOWER COUPLING","TEST FLIGHT NEEDED FOR UNUSUAL VIBRATION. REMOVED SPARK PLUGS, LEADS, SIDE BAFFLES, LOWER COUPLIN","TEST FLIGHT NEEDED FOR UNUSUAL VIBRATION. REMOVED SPARK PLUGS, LEADS, SIDE BAFFLES, LOWER COUPLIN",True,True,none
100911::combined,100911,sensitivity,raw,"TEST FLIGHT NEEDED FOR UNUSUAL VIBRATION. REMOVED, CLEANED, REINSTALLED #2, 4 FUEL INJ NOZZLES. O","TEST FLIGHT NEEDED FOR UNUSUAL VIBRATION. REMOVED, CLEANED, REINSTALLED NUMBER TWO AND NUMBER FOUR FUEL INJECTOR NOZZLES.","TEST FLIGHT NEEDED FOR UNUSUAL VIBRATION. REMOVED, CLEANED, REINSTALLED #2, 4 FUEL INJ NOZZLES. O","TEST FLIGHT NEEDED FOR UNUSUAL VIBRATION. REMOVED, CLEANED, REINSTALLED #2, 4 FUEL INJ NOZZLES. O",True,True,none
100915::combined,100915,sensitivity,raw,CYL #1 EXT VALVE IS STICKING (40/80). ATTEMPTED TO STAKE VALVE BUT COMPRESSION REMAINS AT 40/,"CYLINDER NUMBER ONE EXHAUST VALVE IS STICKING, FORTY OUT OF EIGHTY. ATTEMPTED TO STAKE VALVE BUT COMPRESSION REMAINS AT FORTY OUT OF EIGHTY",CYL #1 EXT VALVE IS STICKING (40/80). ATTEMPTED TO STAKE VALVE BUT COMPRESSION REMAINS AT 40/,CYL #1 EXT VALVE IS STICKING (40/80). ATTEMPTED TO STAKE VALVE BUT COMPRESSION REMAINS AT 40/,True,True,none
100916::combined,100916,sensitivity,raw,"CYL #1 EXT VALVE IS STICKING (40/80). RAN A/C, COMPRESSIONS REMAINS LOW. DISASSEMBLED AS REQU","CYLINDER NUMBER ONE EXHAUST VALVE IS STICKING, FORTY OUT OF EIGHTY. RAN AIRCRAFT, COMPRESSIONS REMAINS LOW. DISASSEMBLED AS REQUIRED","CYL #1 EXT VALVE IS STICKING (40/80). RAN A/C, COMPRESSIONS REMAINS LOW. DISASSEMBLED AS REQU","CYL #1 EXT VALVE IS STICKING (40/80). RAN A/C, COMPRESSIONS REMAINS LOW. DISASSEMBLED AS REQU",True,True,none
100917::combined,100917,sensitivity,raw,CYL #1 EXT VALVE IS STICKING (40/80). COMPLETED CYLINDER INSTALLATION IAW LYCOMING OVERHAUL M,"CYLINDER NUMBER ONE EXHAUST VALVE IS STICKING, FORTY OUT OF EIGHTY. COMPLETED CYLINDER INSTALLATION IN ACCORDANCE WITH LYCOMING OVERHAUL MANUAL",CYL #1 EXT VALVE IS STICKING (40/80). COMPLETED CYLINDER INSTALLATION IAW LYCOMING OVERHAUL M,CYL #1 EXT VALVE IS STICKING (40/80). COMPLETED CYLINDER INSTALLATION IAW LYCOMING OVERHAUL M,True,True,none
100918::combined,100918,sensitivity,raw,"#3 CYL BAFFLE BRACKET RIVETS ARE LOOSE ON BACK SIDE OF BAFFL REMOVED BAFFLE, REINSTALLED BRACKET. REINSTALLED BAFFLE","NUMBER THREE CYLINDER BAFFLE BRACKET RIVETS ARE LOOSE ON BACK SIDE OF BAFFLE. REMOVED BAFFLE, REINSTALLED BRACKET. REINSTALLED BAFFLE","#3 CYL BAFFLE BRACKET RIVETS ARE LOOSE ON BACK SIDE OF BAFFL REMOVED BAFFLE, REINSTALLED BRACKET. REINSTALLED BAFFLE","#3 CYL BAFFLE BRACKET RIVETS ARE LOOSE ON BACK SIDE OF BAFFL REMOVED BAFFLE, REINSTALLED BRACKET. REINSTALLED BAFFLE",True,True,none
100921::combined,100921,sensitivity,raw,"OVERSPEED OF 3300 IN FLT. COMPRESSIONS: #1-79, #2-74, #3-77, #4-73. C/W REQUIREME","OVERSPEED OF THIRTY THREE HUNDRED IN FLIGHT. COMPRESSIONS, NUMBER ONE TESTED AT SEVENTY NINE, NUMBER TWO TESTED AT SEVENTY FOUR, NUMBER THREE TESTED AT SEVENTY SEVEN, NUMBER FOUR TESTED AT SEVENTY THREE. COMPLIED WITH REQUIREMENTS","OVERSPEED OF 3300 IN FLT. COMPRESSIONS: #1-79, #2-74, #3-77, #4-73. C/W REQUIREME","OVERSPEED OF 3300 IN FLT. COMPRESSIONS: #1-79, #2-74, #3-77, #4-73. C/W REQUIREME",True,True,none
100926::combined,100926,sensitivity,raw,R/H ENGINE IGNITION LEAD LACING CORE BROKEN TO OIL RIGGED LI REMOVED DAMAGED LACING CORD.,RIGHT-HAND ENGINE IGNITION LEAD LACING CORE BROKEN. REMOVED DAMAGED LACING CORD.,R/H ENGINE IGNITION LEAD LACING CORE BROKEN TO OIL RIGGED LI REMOVED DAMAGED LACING CORD.,R/H ENGINE IGNITION LEAD LACING CORE BROKEN TO OIL RIGGED LI REMOVED DAMAGED LACING CORD.,True,True,none
100935::combined,100935,sensitivity,raw,"REAR BAFFLE MOUNT SCREW IS LOOSE, BEHIND DIPSTICK TUBE. REMOVED DIPSTICK TUBE TO GAIN ACCESS. REMOVED SCREW, IN","REAR BAFFLE MOUNT SCREW IS LOOSE, BEHIND DIPSTICK TUBE. REMOVED DIPSTICK TUBE TO GAIN ACCESS. REMOVED SCREW","REAR BAFFLE MOUNT SCREW IS LOOSE, BEHIND DIPSTICK TUBE. REMOVED DIPSTICK TUBE TO GAIN ACCESS. REMOVED SCREW, IN","REAR BAFFLE MOUNT SCREW IS LOOSE, BEHIND DIPSTICK TUBE. REMOVED DIPSTICK TUBE TO GAIN ACCESS. REMOVED SCREW, IN",True,True,none
100940::combined,100940,sensitivity,raw,"ENGINE RAN ROUGH. AFTER RPM'S WERE STAB PERFORMED GROUND RUN, OPS CHECKED GOOD. DECOWLED, REMOV","ENGINE RAN ROUGH. AFTER RPMS WERE STABLE. PERFORMED GROUND RUN, OPERATIONS CHECKED GOOD. DECOWLED","ENGINE RAN ROUGH. AFTER RPM'S WERE STAB PERFORMED GROUND RUN, OPS CHECKED GOOD. DECOWLED, REMOV","ENGINE RAN ROUGH. AFTER RPM'S WERE STAB PERFORMED GROUND RUN, OPS CHECKED GOOD. DECOWLED, REMOV",True,True,none
100941::combined,100941,sensitivity,raw,ENGINE RAN ROUGH. AFTER RPM'S WERE STAB REMOVED & REPLACED #4 PISTON & CYL ASSY IAW LYCOMING DI,ENGINE RAN ROUGH. AFTER RPMS WERE STABLE. REMOVED AND REPLACED NUMBER FOUR PISTON AND CYLINDER ASSEMBLY IN ACCORDANCE WITH LYCOMING DIRECT DRIVE OVERHAUL MANUAL,ENGINE RAN ROUGH. AFTER RPM'S WERE STAB REMOVED & REPLACED #4 PISTON & CYL ASSY IAW LYCOMING DI,ENGINE RAN ROUGH. AFTER RPM'S WERE STAB REMOVED & REPLACED #4 PISTON & CYL ASSY IAW LYCOMING DI,True,True,none
100942::combined,100942,sensitivity,raw,"ENGINE RAN ROUGH. AFTER RPM'S WERE STAB RAN UP A/C, OPS & LEAK CHECK GOOD.","ENGINE RAN ROUGH. AFTER RPMS WERE STABLE. RAN UP AIRCRAFT, OPERATIONS AND LEAK CHECK GOOD.","ENGINE RAN ROUGH. AFTER RPM'S WERE STAB RAN UP A/C, OPS & LEAK CHECK GOOD.","ENGINE RAN ROUGH. AFTER RPM'S WERE STAB RAN UP A/C, OPS & LEAK CHECK GOOD.",True,True,none
100954::combined,100954,sensitivity,raw,R/H ENG CYL #3 & 4 BAFFLE SEALS NEED TO BE INSTALLED CORRECT REINSTALLED R/H ENG CYL #3 & 4 BAFFLE SEALS PROPERLY.,RIGHT-HAND ENGINE CYLINDER NUMBER THREE AND NUMBER FOUR BAFFLE SEALS NEED TO BE INSTALLED CORRECTLY. REINSTALLED RIGHT-HAND ENGINE CYLINDERS NUMBER THREE AND NUMBER FOUR BAFFLE SEALS PROPERLY.,R/H ENG CYL #3 & 4 BAFFLE SEALS NEED TO BE INSTALLED CORRECT REINSTALLED R/H ENG CYL #3 & 4 BAFFLE SEALS PROPERLY.,R/H ENG CYL #3 & 4 BAFFLE SEALS NEED TO BE INSTALLED CORRECT REINSTALLED R/H ENG CYL #3 & 4 BAFFLE SEALS PROPERLY.,True,True,none
100955::combined,100955,sensitivity,raw,L/H ENG CYL #4 AFT & #2 SIDE BAFFLE SEAL NEEDS TO BE REATTAC REINSTALLED L/H ENGINE CYL #4 AFT & 2 SIDE BAFFLE SEALS,LEFT-HAND ENGINE CYLINDER NUMBER FOUR AFT AND NUMBER TWO SIDE BAFFLE SEAL NEEDS TO BE REATTACHED. REINSTALLED LEFT-HAND ENGINE CYLINDER NUMBER FOUR AFT AND TWO SIDE BAFFLE SEALS,L/H ENG CYL #4 AFT & #2 SIDE BAFFLE SEAL NEEDS TO BE REATTAC REINSTALLED L/H ENGINE CYL #4 AFT & 2 SIDE BAFFLE SEALS,L/H ENG CYL #4 AFT & #2 SIDE BAFFLE SEAL NEEDS TO BE REATTAC REINSTALLED L/H ENGINE CYL #4 AFT & 2 SIDE BAFFLE SEALS,True,True,none
100992::combined,100992,sensitivity,raw,"LOWEST PART OF ENGINE, RUBBING DIAGONAL. INSP, NO DEFECTS FOUND. ENGINE IS NOT RUBBING ON DIAGON","LOWEST PART OF ENGINE, RUBBING DIAGONAL. INSPECTION, NO DEFECTS FOUND. ENGINE IS NOT RUBBING ON DIAGONAL","LOWEST PART OF ENGINE, RUBBING DIAGONAL. INSP, NO DEFECTS FOUND. ENGINE IS NOT RUBBING ON DIAGON","LOWEST PART OF ENGINE, RUBBING DIAGONAL. INSP, NO DEFECTS FOUND. ENGINE IS NOT RUBBING ON DIAGON",True,True,none
101007::combined,101007,sensitivity,raw,"ENGINE SHUTDOWN WHEN THROTTLE WAS PULLED TO IDLE ADJUSTED IDLE SETTING TO 690 RPM, MIXTURE IDLE CHECK GO","ENGINE SHUTDOWN WHEN THROTTLE WAS PULLED TO IDLE. ADJUSTED IDLE SETTING TO SIX HUNDRED AND NINETY RPM, MIXTURE IDLE CHECK GOOD","ENGINE SHUTDOWN WHEN THROTTLE WAS PULLED TO IDLE ADJUSTED IDLE SETTING TO 690 RPM, MIXTURE IDLE CHECK GO","ENGINE SHUTDOWN WHEN THROTTLE WAS PULLED TO IDLE ADJUSTED IDLE SETTING TO 690 RPM, MIXTURE IDLE CHECK GO",True,True,none
101016::combined,101016,sensitivity,raw,"WHILE ADJUSTING MIXTURE, A/C WOULD START TO QUIT @ 1450. PERFORMED ENGINE RUN. COULD NOT DUPLICATE. NO DEFECTS N","WHILE ADJUSTING MIXTURE, AIRCRAFT WOULD START TO QUIT AT FOURTEEN HUNDRED AND FIFTY. PERFORMED ENGINE RUN. COULD NOT DUPLICATE. NO DEFECTS NOTED","WHILE ADJUSTING MIXTURE, A/C WOULD START TO QUIT @ 1450. PERFORMED ENGINE RUN. COULD NOT DUPLICATE. NO DEFECTS N","WHILE ADJUSTING MIXTURE, A/C WOULD START TO QUIT @ 1450. PERFORMED ENGINE RUN. COULD NOT DUPLICATE. NO DEFECTS N",True,True,none
101025::combined,101025,sensitivity,raw,"L/H ENG #1 ROCKER COVER HAS DAMAGE. REMOVED COVER FROM CORE ENGINE, INSP & FOUND TO BE SERV","LEFT-HAND ENGINE NUMBER ONE ROCKER COVER HAS DAMAGE. REMOVED COVER FROM CORE ENGINE, INSPECTED AND FOUND TO BE SERVICEABLE","L/H ENG #1 ROCKER COVER HAS DAMAGE. REMOVED COVER FROM CORE ENGINE, INSP & FOUND TO BE SERV","L/H ENG #1 ROCKER COVER HAS DAMAGE. REMOVED COVER FROM CORE ENGINE, INSP & FOUND TO BE SERV",True,True,none
101026::combined,101026,sensitivity,raw,"#1 L/H ENG, ROCKER COVER HAS DAMAGE. FOUND PART OF VALVE TUBE KEEPER BROKEN OFF & PART MISSI","NUMBER ONE LEFT-HAND ENGINE, ROCKER COVER HAS DAMAGE. FOUND PART OF VALVE TUBE KEEPER BROKEN OFF AND PART MISSING","#1 L/H ENG, ROCKER COVER HAS DAMAGE. FOUND PART OF VALVE TUBE KEEPER BROKEN OFF & PART MISSI","#1 L/H ENG, ROCKER COVER HAS DAMAGE. FOUND PART OF VALVE TUBE KEEPER BROKEN OFF & PART MISSI",True,True,none
101027::combined,101027,sensitivity,raw,"#1 L/H ENG, ROCKER COVER HAS DAMAGE. RETRIEVED MISSING PIECE OF TUBE KEEPER, INSPECTED ROCKE","NUMBER ONE LEFT-HAND ENGINE, ROCKER COVER HAS DAMAGE. RETRIEVED MISSING PIECE OF TUBE KEEPER, INSPECTED ROCKER COVER","#1 L/H ENG, ROCKER COVER HAS DAMAGE. RETRIEVED MISSING PIECE OF TUBE KEEPER, INSPECTED ROCKE","#1 L/H ENG, ROCKER COVER HAS DAMAGE. RETRIEVED MISSING PIECE OF TUBE KEEPER, INSPECTED ROCKE",True,True,none
101036::combined,101036,sensitivity,raw,FWD BAFFLE IS CRACKED BY MUFFLER SHROUD OPENING. FABRICATED PATCH OUT OF LIKE MATERIAL & INSTALLED. RIVE,FORWARD BAFFLE IS CRACKED BY MUFFLER SHROUD OPENING. FABRICATED PATCH OUT OF LIKE MATERIAL AND INSTALLED.,FWD BAFFLE IS CRACKED BY MUFFLER SHROUD OPENING. FABRICATED PATCH OUT OF LIKE MATERIAL & INSTALLED. RIVE,FWD BAFFLE IS CRACKED BY MUFFLER SHROUD OPENING. FABRICATED PATCH OUT OF LIKE MATERIAL & INSTALLED. RIVE,True,True,none
101037::combined,101037,sensitivity,raw,LEFT ENG BACK FIRED WHEN BROUGHT TO 1800 RPM. RIGHT MAG DROP PULLED TOP & BOTTOM PLUGS NOTING NO SIGNIFICANT OIL OR,LEFT ENGINE BACKFIRED WHEN BROUGHT TO EIGHTEEN HUNDRED RPM. RIGHT MAGNETO DROP. PULLED TOP AND BOTTOM PLUGS NOTING NO SIGNIFICANT OIL,LEFT ENG BACK FIRED WHEN BROUGHT TO 1800 RPM. RIGHT MAG DROP PULLED TOP & BOTTOM PLUGS NOTING NO SIGNIFICANT OIL OR,LEFT ENG BACK FIRED WHEN BROUGHT TO 1800 RPM. RIGHT MAG DROP PULLED TOP & BOTTOM PLUGS NOTING NO SIGNIFICANT OIL OR,True,True,none
101038::combined,101038,sensitivity,raw,LEFT ENG BACK FIRED WHEN BROUGHT TO 1800 RPM. RIGHT MAG DROP SERVICED LEFT ENG W/ 8 QTS MINERAL OIL. PERFORMED GROUN,LEFT ENGINE BACKFIRED WHEN BROUGHT TO EIGHTEEN HUNDRED RPM. RIGHT MAGNETO DROP. SERVICED LEFT ENGINE WITH EIGHT QUARTS MINERAL OIL. PERFORMED GROUND RUN,LEFT ENG BACK FIRED WHEN BROUGHT TO 1800 RPM. RIGHT MAG DROP SERVICED LEFT ENG W/ 8 QTS MINERAL OIL. PERFORMED GROUN,LEFT ENG BACK FIRED WHEN BROUGHT TO 1800 RPM. RIGHT MAG DROP SERVICED LEFT ENG W/ 8 QTS MINERAL OIL. PERFORMED GROUN,True,True,none
101039::combined,101039,sensitivity,raw,LEFT ENG BACK FIRED WHEN BROUGHT TO 1800 RPM. RIGHT MAG DROP INSPECTED ROCKER BOX NOTING NO DISCREPANCIES. CLEANED &,LEFT ENGINE BACKFIRED WHEN BROUGHT TO EIGHTEEN HUNDRED RPM. RIGHT MAGNETO DROP. INSPECTED ROCKER BOX NOTING NO DISCREPANCIES.,LEFT ENG BACK FIRED WHEN BROUGHT TO 1800 RPM. RIGHT MAG DROP INSPECTED ROCKER BOX NOTING NO DISCREPANCIES. CLEANED &,LEFT ENG BACK FIRED WHEN BROUGHT TO 1800 RPM. RIGHT MAG DROP INSPECTED ROCKER BOX NOTING NO DISCREPANCIES. CLEANED &,True,True,none
101040::combined,101040,sensitivity,raw,LEFT ENG BACK FIRED WHEN BROUGHT TO 1800 RPM. RIGHT MAG DROP RAN LEFT ENGINE NOTING NO #4 EGT & SIGNIFICANT VIBRATIO,LEFT ENGINE BACKFIRED WHEN BROUGHT TO EIGHTEEN HUNDRED RPM. RIGHT MAGNETO DROP. RAN LEFT ENGINE NOTING NO NUMBER FOUR EGT AND SIGNIFICANT VIBRATION,LEFT ENG BACK FIRED WHEN BROUGHT TO 1800 RPM. RIGHT MAG DROP RAN LEFT ENGINE NOTING NO #4 EGT & SIGNIFICANT VIBRATIO,LEFT ENG BACK FIRED WHEN BROUGHT TO 1800 RPM. RIGHT MAG DROP RAN LEFT ENGINE NOTING NO #4 EGT & SIGNIFICANT VIBRATIO,True,True,none
101041::combined,101041,sensitivity,raw,"LEFT ENG BACK FIRED WHEN BROUGHT TO 1800 RPM. RIGHT MAG DROP REMOVED #4 CYL ASSY, INSTALLED SERVICEABLE CYL ASSY. DR","LEFT ENGINE BACKFIRED WHEN BROUGHT TO EIGHTEEN HUNDRED RPM. RIGHT MAGNETO DROP. REMOVED NUMBER FOUR CYLINDER ASSEMBLY, INSTALLED SERVICEABLE CYLINDER ASSEMBLY.","LEFT ENG BACK FIRED WHEN BROUGHT TO 1800 RPM. RIGHT MAG DROP REMOVED #4 CYL ASSY, INSTALLED SERVICEABLE CYL ASSY. DR","LEFT ENG BACK FIRED WHEN BROUGHT TO 1800 RPM. RIGHT MAG DROP REMOVED #4 CYL ASSY, INSTALLED SERVICEABLE CYL ASSY. DR",True,True,none
101046::combined,101046,sensitivity,raw,"R/H ENGINE VIBRATION W/ INCREASING POWER, NO EGT IND ON #3 C REMOVED R/H #3 CYL, INSTALLED REPAIRED CYL ASSY. DRY TA","RIGHT-HAND ENGINE VIBRATION WITH INCREASING POWER, NO EGT INDICATED ON NUMBER THREE CYLINDER. REMOVED RIGHT-HAND NUMBER THREE CYLINDER, INSTALLED REPAIRED CYLINDER ASSEMBLY.","R/H ENGINE VIBRATION W/ INCREASING POWER, NO EGT IND ON #3 C REMOVED R/H #3 CYL, INSTALLED REPAIRED CYL ASSY. DRY TA","R/H ENGINE VIBRATION W/ INCREASING POWER, NO EGT IND ON #3 C REMOVED R/H #3 CYL, INSTALLED REPAIRED CYL ASSY. DRY TA",True,True,none
101059::combined,101059,sensitivity,raw,"FWD BAFFLE UNDER HEAT SHROUD INTAKE IS CRACKED. STOP DRILLED CRACK, FABRICATED PATCH OUT OF LIKE MATERI","FORWARD BAFFLE UNDER HEAT SHROUD INTAKE IS CRACKED. STOP DRILLED CRACK, FABRICATED PATCH OUT OF LIKE MATERIAL","FWD BAFFLE UNDER HEAT SHROUD INTAKE IS CRACKED. STOP DRILLED CRACK, FABRICATED PATCH OUT OF LIKE MATERI","FWD BAFFLE UNDER HEAT SHROUD INTAKE IS CRACKED. STOP DRILLED CRACK, FABRICATED PATCH OUT OF LIKE MATERI",True,True,none
101067::combined,101067,sensitivity,raw,R/H REAR ENGINE BAFFLE RIVET BROKEN. INSTALLED NEW RIVETS IAW,RIGHT-HAND REAR ENGINE BAFFLE RIVET BROKEN. INSTALLED NEW RIVETS IN ACCORDANCE WITH REFERENCE MANUAL,R/H REAR ENGINE BAFFLE RIVET BROKEN. INSTALLED NEW RIVETS IAW,R/H REAR ENGINE BAFFLE RIVET BROKEN. INSTALLED NEW RIVETS IAW,True,True,none
101071::combined,101071,sensitivity,raw,ALT BELT LOOSE. TIGHTENED & SAFETIED ALTERNATOR BRACKET BOLTS. TENSION,ALTERNATOR BELT LOOSE. TIGHTENED AND SAFETIED ALTERNATOR BRACKET BOLTS.,ALT BELT LOOSE. TIGHTENED & SAFETIED ALTERNATOR BRACKET BOLTS. TENSION,ALT BELT LOOSE. TIGHTENED & SAFETIED ALTERNATOR BRACKET BOLTS. TENSION,True,True,none
101078::combined,101078,sensitivity,raw,"PROP RPM REACHED 2720, NOTICED & REDUCED IT. C/W , NO DEFECTS NOTED. NO FURTHER ACTION REQUIR","PROPELLER RPM REACHED TWENTY SEVEN HUNDRED AND TWENTY, NOTICED AND REDUCED IT. COMPLIED WITH REFERENCE MANUAL, NO DEFECTS NOTED. NO FURTHER ACTION REQUIRED","PROP RPM REACHED 2720, NOTICED & REDUCED IT. C/W , NO DEFECTS NOTED. NO FURTHER ACTION REQUIR","PROP RPM REACHED 2720, NOTICED & REDUCED IT. C/W , NO DEFECTS NOTED. NO FURTHER ACTION REQUIR",True,True,none
101079::combined,101079,sensitivity,raw,"ON DESCENT, EXCEEDED MAX RPM, WENT UP TO 2800. C/W , NO DEFECTS NOTED. NO FURTHER ACTION REQUIR","ON DESCENT, EXCEEDED MAX RPM, WENT UP TO TWENTY EIGHT HUNDRED. COMPLIED WITH REFERENCE MANUAL NO DEFECTS NOTED. NO FURTHER ACTION REQUIRED","ON DESCENT, EXCEEDED MAX RPM, WENT UP TO 2800. C/W , NO DEFECTS NOTED. NO FURTHER ACTION REQUIR","ON DESCENT, EXCEEDED MAX RPM, WENT UP TO 2800. C/W , NO DEFECTS NOTED. NO FURTHER ACTION REQUIR",True,True,none
101083::combined,101083,sensitivity,raw,"R/H ENGINE #4 CYL COMPRESSION CK LOW. STAKED #4 EX VALVE, COMPRESSION",RIGHT-HAND ENGINE NUMBER FOUR CYLINDER COMPRESSION CHECK LOW. STAKED NUMBER FOUR EXHAUST VALVE,"R/H ENGINE #4 CYL COMPRESSION CK LOW. STAKED #4 EX VALVE, COMPRESSION","R/H ENGINE #4 CYL COMPRESSION CK LOW. STAKED #4 EX VALVE, COMPRESSION",True,True,none
101088::combined,101088,sensitivity,raw,#3 CYL AFT BAFFLE INNER MOST BAFFLE SEAL RIVET IS PULLED THR REFASTENED BAFFLE.,NUMBER THREE CYLINDER AFT BAFFLE INNER MOST BAFFLE SEAL RIVET IS PULLED THROUGH. REFASTENED BAFFLE.,#3 CYL AFT BAFFLE INNER MOST BAFFLE SEAL RIVET IS PULLED THR REFASTENED BAFFLE.,#3 CYL AFT BAFFLE INNER MOST BAFFLE SEAL RIVET IS PULLED THR REFASTENED BAFFLE.,True,True,none
101090::combined,101090,sensitivity,raw,"AFTER PERFORMING SIMULATED ENGINE FAILURE, SMOOTHLY APPLIED RAN UP A/C ENGINE. ENGINE RUNS SMOOTH. MAG DROPS, IDLE","AFTER PERFORMING SIMULATED ENGINE FAILURE, RAN UP AIRCRAFT ENGINE. ENGINE RUNS SMOOTH. MAGNETO DROPS","AFTER PERFORMING SIMULATED ENGINE FAILURE, SMOOTHLY APPLIED RAN UP A/C ENGINE. ENGINE RUNS SMOOTH. MAG DROPS, IDLE","AFTER PERFORMING SIMULATED ENGINE FAILURE, SMOOTHLY APPLIED RAN UP A/C ENGINE. ENGINE RUNS SMOOTH. MAG DROPS, IDLE",True,True,none
101095::combined,101095,sensitivity,raw,EXPERIENCED PARTIAL POWER LOSS DURING CLIMB. GROUND RUN & STATIC FULL RPM CHECKED 2300 - 2330 RPM. F,EXPERIENCED PARTIAL POWER LOSS DURING CLIMB. GROUND RUN AND STATIC FULL RPM CHECKED TWENTY THREE HUNDRED TO TWENTY THREE HUNDRED AND THIRTY RPM.,EXPERIENCED PARTIAL POWER LOSS DURING CLIMB. GROUND RUN & STATIC FULL RPM CHECKED 2300 - 2330 RPM. F,EXPERIENCED PARTIAL POWER LOSS DURING CLIMB. GROUND RUN & STATIC FULL RPM CHECKED 2300 - 2330 RPM. F,True,True,none
101100::combined,101100,sensitivity,raw,"OIL LEAK EVIDENCE ON R/H SIDE OF ENGINE. RAN A/C, FOUND #3 CYLINDER EXHAUST VALVE PUSH ROD TUBE","OIL LEAK EVIDENCE ON RIGHT-HAND SIDE OF ENGINE. RAN AIRCRAFT, FOUND NUMBER THREE CYLINDER EXHAUST VALVE PUSH ROD TUBE LOOSE","OIL LEAK EVIDENCE ON R/H SIDE OF ENGINE. RAN A/C, FOUND #3 CYLINDER EXHAUST VALVE PUSH ROD TUBE","OIL LEAK EVIDENCE ON R/H SIDE OF ENGINE. RAN A/C, FOUND #3 CYLINDER EXHAUST VALVE PUSH ROD TUBE",True,True,none
101101::combined,101101,sensitivity,raw,"OIL LEAK EVIDENCE ON R/H SIDE OF ENGINE. WASHED ENGINE, FOUND CYLINDER OIL RETURN LINE CLAMPS LO","OIL LEAK EVIDENCE ON RIGHT-HAND SIDE OF ENGINE. WASHED ENGINE, FOUND CYLINDER OIL RETURN LINE CLAMPS LOOSE","OIL LEAK EVIDENCE ON R/H SIDE OF ENGINE. WASHED ENGINE, FOUND CYLINDER OIL RETURN LINE CLAMPS LO","OIL LEAK EVIDENCE ON R/H SIDE OF ENGINE. WASHED ENGINE, FOUND CYLINDER OIL RETURN LINE CLAMPS LO",True,True,none
101103::combined,101103,sensitivity,raw,"R/H REAR BAFFLE BRACKET RIVETS SHEARED. REMOVED BAFFLE, REATTACHED AFT BRACKET. REINSTALLED BAF","RIGHT-HAND REAR BAFFLE BRACKET RIVETS SHEARED. REMOVED BAFFLE, REATTACHED AFT BRACKET. REINSTALLED BAFFLE","R/H REAR BAFFLE BRACKET RIVETS SHEARED. REMOVED BAFFLE, REATTACHED AFT BRACKET. REINSTALLED BAF","R/H REAR BAFFLE BRACKET RIVETS SHEARED. REMOVED BAFFLE, REATTACHED AFT BRACKET. REINSTALLED BAF",True,True,none
101114::combined,101114,sensitivity,raw,ENGINE RPM REACHED 2760 FOR APPROX 2 SECONDS. C/W LYCOMING NO DEFECTS NOTED. NO FURTHER ACTI,ENGINE RPM REACHED TWENTY SEVEN HUNDRED AND SIXTY FOR APPROXIMATELY TWO SECONDS. COMPLIED WITH LYCOMING NO DEFECTS NOTED. NO FURTHER ACTION REQUIRED,ENGINE RPM REACHED 2760 FOR APPROX 2 SECONDS. C/W LYCOMING NO DEFECTS NOTED. NO FURTHER ACTI,ENGINE RPM REACHED 2760 FOR APPROX 2 SECONDS. C/W LYCOMING NO DEFECTS NOTED. NO FURTHER ACTI,True,True,none
101121::combined,101121,sensitivity,raw,"IDLE MIXTURE NEEDS ADJUSTMENT. REINDEXED MIXTURE CONTROL. RAN UP A/C, MIXTURE RISE STI",IDLE MIXTURE NEEDS ADJUSTMENT. REINDEXED MIXTURE CONTROL. RAN UP AIRCRAFT,"IDLE MIXTURE NEEDS ADJUSTMENT. REINDEXED MIXTURE CONTROL. RAN UP A/C, MIXTURE RISE STI","IDLE MIXTURE NEEDS ADJUSTMENT. REINDEXED MIXTURE CONTROL. RAN UP A/C, MIXTURE RISE STI",True,True,none
101122::combined,101122,sensitivity,raw,"IDLE MIXTURE NEEDS ADJUSTMENT. A/C WAS GROUND RAN BY PILOT, IDLE MIXTURE & SPEED NOW C",IDLE MIXTURE NEEDS ADJUSTMENT. AIRCRAFT WAS GROUND RAN BY PILOT,"IDLE MIXTURE NEEDS ADJUSTMENT. A/C WAS GROUND RAN BY PILOT, IDLE MIXTURE & SPEED NOW C","IDLE MIXTURE NEEDS ADJUSTMENT. A/C WAS GROUND RAN BY PILOT, IDLE MIXTURE & SPEED NOW C",True,True,none
101123::combined,101123,sensitivity,raw,"IDLE MIXTURE NEEDS ADJUSTMENT. A/C/ WAS STARTED, BUT WOULD ONLY RUN A FEW SECONDS. ALL","IDLE MIXTURE NEEDS ADJUSTMENT. AIRCRAFT WAS STARTED, BUT WOULD ONLY RUN A FEW SECONDS.","IDLE MIXTURE NEEDS ADJUSTMENT. A/C/ WAS STARTED, BUT WOULD ONLY RUN A FEW SECONDS. ALL","IDLE MIXTURE NEEDS ADJUSTMENT. A/C/ WAS STARTED, BUT WOULD ONLY RUN A FEW SECONDS. ALL",True,True,none
101142::combined,101142,sensitivity,raw,BAFFLE CRACKED AFT OF #4 CYL. INSTALLED PATCH & DOUBLER IAW,BAFFLE CRACKED AFT OF NUMBER FOUR CYLINDER. INSTALLED PATCH AND DOUBLER IN ACCORDANCE WITH REFERENCE MANUAL,BAFFLE CRACKED AFT OF #4 CYL. INSTALLED PATCH & DOUBLER IAW,BAFFLE CRACKED AFT OF #4 CYL. INSTALLED PATCH & DOUBLER IAW,True,True,none
101153::combined,101153,sensitivity,raw,R/H BACK BAFFLE BRACKET RIVET HEAD IS MISSING. REMOVED BACK BAFFLE TO GAIN ACCESS. REMVOED RIVETS & RE,RIGHT-HAND BACK BAFFLE BRACKET RIVET HEAD IS MISSING. REMOVED BACK BAFFLE TO GAIN ACCESS. REMOVED RIVETS AND REINSTALLED BACK BAFFLE,R/H BACK BAFFLE BRACKET RIVET HEAD IS MISSING. REMOVED BACK BAFFLE TO GAIN ACCESS. REMVOED RIVETS & RE,R/H BACK BAFFLE BRACKET RIVET HEAD IS MISSING. REMOVED BACK BAFFLE TO GAIN ACCESS. REMVOED RIVETS & RE,True,True,none
101154::combined,101154,sensitivity,raw,#3 CYL ROCKER COVER GASKET IS LEAKING. REMOVED GASKET. DURING INSTALLATION TORE NEW GASKET. RE,NUMBER THREE CYLINDER ROCKER COVER GASKET IS LEAKING. REMOVED GASKET. DURING INSTALLATION TORE NEW GASKET.,#3 CYL ROCKER COVER GASKET IS LEAKING. REMOVED GASKET. DURING INSTALLATION TORE NEW GASKET. RE,#3 CYL ROCKER COVER GASKET IS LEAKING. REMOVED GASKET. DURING INSTALLATION TORE NEW GASKET. RE,True,True,none
101183::combined,101183,sensitivity,raw,"AFTER COMPLETING STEEP SPIRALS AT POWER IDLE, SMOOTHLY APPLI MX FLIGHT IS REQUIRED","AFTER COMPLETING STEEP SPIRALS AT POWER IDLE, MAINTENANCE FLIGHT IS REQUIRED","AFTER COMPLETING STEEP SPIRALS AT POWER IDLE, SMOOTHLY APPLI MX FLIGHT IS REQUIRED","AFTER COMPLETING STEEP SPIRALS AT POWER IDLE, SMOOTHLY APPLI MX FLIGHT IS REQUIRED",True,True,none
101184::combined,101184,sensitivity,raw,"AFTER COMPLETING STEEP SPIRALS AT POWER IDLE, SMOOTHLY APPLI PERFORMED GROUND RUN OF A/C, UNABLE TO DUPLICATE DISCRE","AFTER COMPLETING STEEP SPIRALS AT POWER IDLE, PERFORMED GROUND RUN OF AIRCRAFT, UNABLE TO DUPLICATE DISCREPANCY","AFTER COMPLETING STEEP SPIRALS AT POWER IDLE, SMOOTHLY APPLI PERFORMED GROUND RUN OF A/C, UNABLE TO DUPLICATE DISCRE","AFTER COMPLETING STEEP SPIRALS AT POWER IDLE, SMOOTHLY APPLI PERFORMED GROUND RUN OF A/C, UNABLE TO DUPLICATE DISCRE",True,True,none
101185::combined,101185,sensitivity,raw,R/H ENGINE #3 CYL LOOSE BAFFLE RUBBING ON OIL RETURN LINE CY ADJUSTED BAFFLE SUPPORT ROD. TIGHTENED LOCK NUTS AFTER,RIGHT-HAND ENGINE NUMBER THREE CYLINDER LOOSE BAFFLE RUBBING ON OIL RETURN LINE. ADJUSTED BAFFLE SUPPORT ROD. TIGHTENED LOCK NUTS AFTER,R/H ENGINE #3 CYL LOOSE BAFFLE RUBBING ON OIL RETURN LINE CY ADJUSTED BAFFLE SUPPORT ROD. TIGHTENED LOCK NUTS AFTER,R/H ENGINE #3 CYL LOOSE BAFFLE RUBBING ON OIL RETURN LINE CY ADJUSTED BAFFLE SUPPORT ROD. TIGHTENED LOCK NUTS AFTER,True,True,none
101191::combined,101191,sensitivity,raw,"#3 & 4 ROCKER COVERS LEAKING. REMOVED & REPLACED #3 ROCKER COVER GASKET, TIGHTENED SC","NUMBER THREE AND NUMBER FOUR ROCKER COVERS LEAKING. REMOVED AND REPLACED NUMBER THREE ROCKER COVER GASKET, TIGHTENED SCREWS","#3 & 4 ROCKER COVERS LEAKING. REMOVED & REPLACED #3 ROCKER COVER GASKET, TIGHTENED SC","#3 & 4 ROCKER COVERS LEAKING. REMOVED & REPLACED #3 ROCKER COVER GASKET, TIGHTENED SC",True,True,none
101197::combined,101197,sensitivity,raw,"BAFFLE SCREW, BEHIND DIPSTICK, IS LOOSE. REMOVED DIPSTICK, INSTALLED NEW SCREW. REINSTALLED DIPS","BAFFLE SCREW, BEHIND DIPSTICK, IS LOOSE. REMOVED DIPSTICK, INSTALLED NEW SCREW. REINSTALLED DIPSTICK","BAFFLE SCREW, BEHIND DIPSTICK, IS LOOSE. REMOVED DIPSTICK, INSTALLED NEW SCREW. REINSTALLED DIPS","BAFFLE SCREW, BEHIND DIPSTICK, IS LOOSE. REMOVED DIPSTICK, INSTALLED NEW SCREW. REINSTALLED DIPS",True,True,none
101198::combined,101198,sensitivity,raw,#2 & 4 CYL ROCKER COVER GASKETS ARE LEAKING ON R/H ENGINE. REMOVED & REPLACED #2 & 4 CYL ROCKER COVER GASKETS ON R,NUMBER TWO AND NUMBER FOUR CYLINDER ROCKER COVER GASKETS ARE LEAKING ON RIGHT-HAND ENGINE. REMOVED AND REPLACED NUMBER TWO AND NUMBER FOUR CYLINDER ROCKER COVER GASKETS,#2 & 4 CYL ROCKER COVER GASKETS ARE LEAKING ON R/H ENGINE. REMOVED & REPLACED #2 & 4 CYL ROCKER COVER GASKETS ON R,#2 & 4 CYL ROCKER COVER GASKETS ARE LEAKING ON R/H ENGINE. REMOVED & REPLACED #2 & 4 CYL ROCKER COVER GASKETS ON R,True,True,none
101225::combined,101225,sensitivity,raw,"CRACK ON ENGINE BAFFLE, LEFT SIDE, BY #3 CYLINDER. REMOVED BAFFLE, FABRICATED PATCH OF LIKE MATERIAL, RIVE","CRACK ON ENGINE BAFFLE, LEFT SIDE, BY NUMBER THREE CYLINDER. REMOVED BAFFLE, FABRICATED PATCH OF LIKE MATERIAL","CRACK ON ENGINE BAFFLE, LEFT SIDE, BY #3 CYLINDER. REMOVED BAFFLE, FABRICATED PATCH OF LIKE MATERIAL, RIVE","CRACK ON ENGINE BAFFLE, LEFT SIDE, BY #3 CYLINDER. REMOVED BAFFLE, FABRICATED PATCH OF LIKE MATERIAL, RIVE",True,True,none
101230::combined,101230,sensitivity,raw,R/H ENGINE #2 & 3 ROCKER COVERS ARE LEAKING. REMOVED & REPLACED R/H ENGINE #2 & 3 ROCKER COVER GASKE,RIGHT-HAND ENGINE NUMBER TWO AND NUMBER THREE ROCKER COVERS ARE LEAKING. REMOVED AND REPLACED RIGHT-HAND ENGINE NUMBER TWO AND NUMBER THREE ROCKER COVER GASKET,R/H ENGINE #2 & 3 ROCKER COVERS ARE LEAKING. REMOVED & REPLACED R/H ENGINE #2 & 3 ROCKER COVER GASKE,R/H ENGINE #2 & 3 ROCKER COVERS ARE LEAKING. REMOVED & REPLACED R/H ENGINE #2 & 3 ROCKER COVER GASKE,True,True,none
101231::combined,101231,sensitivity,raw,R/H ENG #4 CYL HAS LOW COMPRESSION (20/80 PSI). COMPRESSION 20/80. STAKED EXHAUST VALVE W/ NO AFFECT. C,"RIGHT-HAND ENGINE NUMBER FOUR CYLINDER HAS LOW COMPRESSION, TWENTY OUT OF EIGHTY PSI. COMPRESSION TWENTY OUT OF EIGHTY. STAKED EXHAUST VALVE WITH NO AFFECT.",R/H ENG #4 CYL HAS LOW COMPRESSION (20/80 PSI). COMPRESSION 20/80. STAKED EXHAUST VALVE W/ NO AFFECT. C,R/H ENG #4 CYL HAS LOW COMPRESSION (20/80 PSI). COMPRESSION 20/80. STAKED EXHAUST VALVE W/ NO AFFECT. C,True,True,none
101232::combined,101232,sensitivity,raw,R/H ENG #4 CYL HAS LOW COMPRESSION (20/80 PSI). REMOVED & REPLACED #4 CYLINDER IAW DIRECT DRIVE OVERHAU,"RIGHT-HAND ENGINE NUMBER FOUR CYLINDER HAS LOW COMPRESSION, TWENTY OUT OF EIGHTY PSI. REMOVED AND REPLACED NUMBER FOUR CYLINDER IN ACCORDANCE WITH DIRECT DRIVE OVERHAUL",R/H ENG #4 CYL HAS LOW COMPRESSION (20/80 PSI). REMOVED & REPLACED #4 CYLINDER IAW DIRECT DRIVE OVERHAU,R/H ENG #4 CYL HAS LOW COMPRESSION (20/80 PSI). REMOVED & REPLACED #4 CYLINDER IAW DIRECT DRIVE OVERHAU,True,True,none
101239::combined,101239,sensitivity,raw,ENGINE BAFFLE CYL #3 MOUNT BRACKET SHEARED RIVET. REMOVED & REPLACED RIVETS BY REMOVING BAFFLE & REINSTAL,ENGINE BAFFLE CYLINDER NUMBER THREE MOUNT BRACKET SHEARED RIVET. REMOVED AND REPLACED RIVETS BY REMOVING BAFFLE AND REINSTALLING,ENGINE BAFFLE CYL #3 MOUNT BRACKET SHEARED RIVET. REMOVED & REPLACED RIVETS BY REMOVING BAFFLE & REINSTAL,ENGINE BAFFLE CYL #3 MOUNT BRACKET SHEARED RIVET. REMOVED & REPLACED RIVETS BY REMOVING BAFFLE & REINSTAL,True,True,none
101243::combined,101243,sensitivity,raw,RIVET SHEARED @ R/H AFT BAFFLE. REMOVED BAFFLE FROM A/C. REMOVED & REPLACED DAMAGED RIV,RIVET SHEARED AT RIGHT-HAND AFT BAFFLE. REMOVED BAFFLE FROM AIRCRAFT. REMOVED AND REPLACED DAMAGED RIVET,RIVET SHEARED @ R/H AFT BAFFLE. REMOVED BAFFLE FROM A/C. REMOVED & REPLACED DAMAGED RIV,RIVET SHEARED @ R/H AFT BAFFLE. REMOVED BAFFLE FROM A/C. REMOVED & REPLACED DAMAGED RIV,True,True,none
101254::combined,101254,sensitivity,raw,"WHILE TAXING, ENGINE COUGHED & SPUTTERED ANYTIME RPMS WERE B ENGINE RAN SMOOTH AT DIFFERENT SETTINGS.","WHILE TAXIING, ENGINE COUGHED AND SPUTTERED ANYTIME RPMS WERE BELOW IDLE. ENGINE RAN SMOOTH AT DIFFERENT SETTINGS.","WHILE TAXING, ENGINE COUGHED & SPUTTERED ANYTIME RPMS WERE B ENGINE RAN SMOOTH AT DIFFERENT SETTINGS.","WHILE TAXING, ENGINE COUGHED & SPUTTERED ANYTIME RPMS WERE B ENGINE RAN SMOOTH AT DIFFERENT SETTINGS.",True,True,none
101255::combined,101255,sensitivity,raw,"WHILE TAXING, ENGINE COUGHED & SPUTTERED ANYTIME RPMS WERE B RAN ENGINE. NOTED DISCREPANCY, ROUGH ENGINE BELOW 1000","WHILE TAXING, ENGINE COUGHED AND SPUTTERED ANYTIME RPMS WERE BELOW IDLE. RAN ENGINE. NOTED DISCREPANCY, ROUGH ENGINE BELOW ONE THOUSAND","WHILE TAXING, ENGINE COUGHED & SPUTTERED ANYTIME RPMS WERE B RAN ENGINE. NOTED DISCREPANCY, ROUGH ENGINE BELOW 1000","WHILE TAXING, ENGINE COUGHED & SPUTTERED ANYTIME RPMS WERE B RAN ENGINE. NOTED DISCREPANCY, ROUGH ENGINE BELOW 1000",True,True,none
101262::combined,101262,sensitivity,raw,"R/H ENG BAFFLE CRACKED BY OIL COOLER. REMOVED OIL COOLER, CLEANED AREA - NO CRACKING NOTED. R","RIGHT-HAND ENGINE BAFFLE CRACKED BY OIL COOLER. REMOVED OIL COOLER, CLEANED AREA. NO CRACKING NOTED.","R/H ENG BAFFLE CRACKED BY OIL COOLER. REMOVED OIL COOLER, CLEANED AREA - NO CRACKING NOTED. R","R/H ENG BAFFLE CRACKED BY OIL COOLER. REMOVED OIL COOLER, CLEANED AREA - NO CRACKING NOTED. R",True,True,none
101271::combined,101271,sensitivity,raw,"HIDDEN DAMAGE INSP REQUIRED FOR ENG FIRE. PERFORMED HIDDEN DAMAGE ON AFFECTED AREA, NO DAMAGE NOT","HIDDEN DAMAGE INSPECTION REQUIRED FOR ENGINE FIRE. PERFORMED HIDDEN DAMAGE ON AFFECTED AREA, NO DAMAGE NOTED","HIDDEN DAMAGE INSP REQUIRED FOR ENG FIRE. PERFORMED HIDDEN DAMAGE ON AFFECTED AREA, NO DAMAGE NOT","HIDDEN DAMAGE INSP REQUIRED FOR ENG FIRE. PERFORMED HIDDEN DAMAGE ON AFFECTED AREA, NO DAMAGE NOT",True,True,none
101277::combined,101277,sensitivity,raw,"L/H ENG CYL #1, 2 & 3 ROCKER COVER GASKETS LEAKING. REMOVED & REPLACED L/H ENG CYL #1, 2, 3 ROCKER COVER GA","LEFT-HAND ENGINE CYLINDER NUMBERS ONE, TWO AND THREE ROCKER COVER GASKETS LEAKING. REMOVED AND REPLACED LEFT-HAND ENGINE CYLINDER NUMBERS ONE, TWO, AND THREE ROCKER COVER GASKETS","L/H ENG CYL #1, 2 & 3 ROCKER COVER GASKETS LEAKING. REMOVED & REPLACED L/H ENG CYL #1, 2, 3 ROCKER COVER GA","L/H ENG CYL #1, 2 & 3 ROCKER COVER GASKETS LEAKING. REMOVED & REPLACED L/H ENG CYL #1, 2, 3 ROCKER COVER GA",True,True,none
101297::combined,101297,sensitivity,raw,"#3 CYL AFT BAFFLE BRACKET LOOSE. BRACKET SECURED TO ENGINE C REMOVED #3 AFT BAFFLE, REPLACED SCREWS IN BRACKET. REIN","NUMBER THREE CYLINDER AFT BAFFLE BRACKET LOOSE. BRACKET SECURED TO ENGINE. REMOVED NUMBER THREE AFT BAFFLE, REPLACED SCREWS IN BRACKET. REINSTALLED","#3 CYL AFT BAFFLE BRACKET LOOSE. BRACKET SECURED TO ENGINE C REMOVED #3 AFT BAFFLE, REPLACED SCREWS IN BRACKET. REIN","#3 CYL AFT BAFFLE BRACKET LOOSE. BRACKET SECURED TO ENGINE C REMOVED #3 AFT BAFFLE, REPLACED SCREWS IN BRACKET. REIN",True,True,none
101307::combined,101307,sensitivity,raw,"INTAKE TUBE LEAKING AT CONNECTION POINT W/ OIL SUMP CYL #4. CLEANED & PERFORMED ENGINE RUN UP, CONFIRMED DISCREPANC","INTAKE TUBE LEAKING AT CONNECTION POINT WITH OIL SUMP CYLINDER NUMBER FOUR. CLEANED AND PERFORMED ENGINE RUN UP, CONFIRMED DISCREPANCY","INTAKE TUBE LEAKING AT CONNECTION POINT W/ OIL SUMP CYL #4. CLEANED & PERFORMED ENGINE RUN UP, CONFIRMED DISCREPANC","INTAKE TUBE LEAKING AT CONNECTION POINT W/ OIL SUMP CYL #4. CLEANED & PERFORMED ENGINE RUN UP, CONFIRMED DISCREPANC",True,True,none
101308::combined,101308,sensitivity,raw,INTAKE TUBE LEAKING AT CONNECTION POINT W/ OIL SUMP CYL #4. RESWAGED INTAKE PIPE IAW LYCOMING OVERHAUL MANUAL & INS,INTAKE TUBE LEAKING AT CONNECTION POINT WITH OIL SUMP CYLINDER NUMBER FOUR. RESWAGED INTAKE PIPE IN ACCORDANCE WITH LYCOMING OVERHAUL MANUAL,INTAKE TUBE LEAKING AT CONNECTION POINT W/ OIL SUMP CYL #4. RESWAGED INTAKE PIPE IAW LYCOMING OVERHAUL MANUAL & INS,INTAKE TUBE LEAKING AT CONNECTION POINT W/ OIL SUMP CYL #4. RESWAGED INTAKE PIPE IAW LYCOMING OVERHAUL MANUAL & INS,True,True,none
101310::combined,101310,sensitivity,raw,"R/H ENGINE RUNNING ROUGH. ENGINE WAS FINE @ LOW ALTITUDES, O RAN UP A/C, NO ENGINE ROUGHNESS NOTED. CHECKED GOOD AT","RIGHT-HAND ENGINE RUNNING ROUGH. ENGINE WAS FINE AT LOW ALTITUDES. RAN UP AIRCRAFT, NO ENGINE ROUGHNESS NOTED. CHECKED","R/H ENGINE RUNNING ROUGH. ENGINE WAS FINE @ LOW ALTITUDES, O RAN UP A/C, NO ENGINE ROUGHNESS NOTED. CHECKED GOOD AT","R/H ENGINE RUNNING ROUGH. ENGINE WAS FINE @ LOW ALTITUDES, O RAN UP A/C, NO ENGINE ROUGHNESS NOTED. CHECKED GOOD AT",True,True,none
101327::combined,101327,sensitivity,raw,"CYL #3 INTAKE TUBE FLANGE LEAKING FUEL, CONNECTION BETWEEN T RESWAGED INTAKE TUBE IAW LYCOMING OVERHAUL",CYLINDER NUMBER THREE INTAKE TUBE FLANGE LEAKING FUEL. RESWAGED INTAKE TUBE IN ACCORDANCE WITH LYCOMING OVERHAUL MANUAL,"CYL #3 INTAKE TUBE FLANGE LEAKING FUEL, CONNECTION BETWEEN T RESWAGED INTAKE TUBE IAW LYCOMING OVERHAUL","CYL #3 INTAKE TUBE FLANGE LEAKING FUEL, CONNECTION BETWEEN T RESWAGED INTAKE TUBE IAW LYCOMING OVERHAUL",True,True,none
101330::combined,101330,sensitivity,raw,#1 CYLINDER STAND OFF IS BROKEN. REMOVED & REPLACED PLASTIC HOLDER ON STAND OFF & RESECU,NUMBER ONE CYLINDER STANDOFF IS BROKEN. REMOVED AND REPLACED PLASTIC HOLDER ON STANDOFF AND RESECURED,#1 CYLINDER STAND OFF IS BROKEN. REMOVED & REPLACED PLASTIC HOLDER ON STAND OFF & RESECU,#1 CYLINDER STAND OFF IS BROKEN. REMOVED & REPLACED PLASTIC HOLDER ON STAND OFF & RESECU,True,True,none
101339::combined,101339,sensitivity,raw,"REAR ENGINE BAFFLE BRACKET LOOSE. REMOVED BAFFLE, INSTALLED NEW RIVETS TO HOLD BRACKET. R","REAR ENGINE BAFFLE BRACKET LOOSE. REMOVED BAFFLE, INSTALLED NEW RIVETS TO HOLD BRACKET.","REAR ENGINE BAFFLE BRACKET LOOSE. REMOVED BAFFLE, INSTALLED NEW RIVETS TO HOLD BRACKET. R","REAR ENGINE BAFFLE BRACKET LOOSE. REMOVED BAFFLE, INSTALLED NEW RIVETS TO HOLD BRACKET. R",True,True,none
101340::combined,101340,sensitivity,raw,"ENGINE OVERSPEED TO 3300 RPM. CHANGED OIL FILTER, CHECKED SUMP SCREEN, CHANGED OIL &","ENGINE OVERSPEED TO THIRTY THREE HUNDRED RPM. CHANGED OIL FILTER, CHECKED SUMP SCREEN, CHANGED OIL","ENGINE OVERSPEED TO 3300 RPM. CHANGED OIL FILTER, CHECKED SUMP SCREEN, CHANGED OIL &","ENGINE OVERSPEED TO 3300 RPM. CHANGED OIL FILTER, CHECKED SUMP SCREEN, CHANGED OIL &",True,True,none
101347::combined,101347,sensitivity,raw,"R/H BACK BAFFLE RIVET HEAD IS SHEARED. REMOVED BACK BAFFLE, INSTALLED SCREWS WHERE RIVETS WHER","RIGHT-HAND BACK BAFFLE RIVET HEAD IS SHEARED. REMOVED BACK BAFFLE, INSTALLED SCREWS WHERE RIVETS WERE SHEARED","R/H BACK BAFFLE RIVET HEAD IS SHEARED. REMOVED BACK BAFFLE, INSTALLED SCREWS WHERE RIVETS WHER","R/H BACK BAFFLE RIVET HEAD IS SHEARED. REMOVED BACK BAFFLE, INSTALLED SCREWS WHERE RIVETS WHER",True,True,none
101376::combined,101376,sensitivity,raw,R/H AFT BAFFLE SUPPORT RIVETS SHEARED. REMOVED BAFFLE. DRILLED OUT SHEARED RIVETS. INSTALLED S,RIGHT-HAND AFT BAFFLE SUPPORT RIVETS SHEARED. REMOVED BAFFLE. DRILLED OUT SHEARED RIVETS. INSTALLED,R/H AFT BAFFLE SUPPORT RIVETS SHEARED. REMOVED BAFFLE. DRILLED OUT SHEARED RIVETS. INSTALLED S,R/H AFT BAFFLE SUPPORT RIVETS SHEARED. REMOVED BAFFLE. DRILLED OUT SHEARED RIVETS. INSTALLED S,True,True,none
101377::combined,101377,sensitivity,raw,TOP BAFFLE IS CRACKED. FABRICATED PATCHES OUT OF LIKE MATERIAL & INSTALLED. RI,TOP BAFFLE IS CRACKED. FABRICATED PATCHES OUT OF LIKE MATERIAL AND INSTALLED.,TOP BAFFLE IS CRACKED. FABRICATED PATCHES OUT OF LIKE MATERIAL & INSTALLED. RI,TOP BAFFLE IS CRACKED. FABRICATED PATCHES OUT OF LIKE MATERIAL & INSTALLED. RI,True,True,none
101378::combined,101378,sensitivity,raw,L/H AFT BAFFLE IS CRACKED. FABRICATED PATCH OUT OF LIKE MATERIAL & INSTALLED. RIVE,LEFT-HAND AFT BAFFLE IS CRACKED. FABRICATED PATCH OUT OF LIKE MATERIAL AND INSTALLED.,L/H AFT BAFFLE IS CRACKED. FABRICATED PATCH OUT OF LIKE MATERIAL & INSTALLED. RIVE,L/H AFT BAFFLE IS CRACKED. FABRICATED PATCH OUT OF LIKE MATERIAL & INSTALLED. RIVE,True,True,none
101380::combined,101380,sensitivity,raw,R/H SIDE BAFFLE IS CRACKED. PATCHED R/H SIDE BAFFLE W/ LIKE MATERIAL. RIVETING IAW,RIGHT-HAND SIDE BAFFLE IS CRACKED. PATCHED RIGHT-HAND SIDE BAFFLE WITH LIKE MATERIAL. RIVETING IN ACCORDANCE WITH REFERENCE MANUAL,R/H SIDE BAFFLE IS CRACKED. PATCHED R/H SIDE BAFFLE W/ LIKE MATERIAL. RIVETING IAW,R/H SIDE BAFFLE IS CRACKED. PATCHED R/H SIDE BAFFLE W/ LIKE MATERIAL. RIVETING IAW,True,True,none
101395::combined,101395,sensitivity,raw,"REAR R/H ENGINE BAFFLE BRACKET RIVETS SHEARED. REMOVED REAR R/H ENGINE BAFFLE, INSTALLED NEW RIVETS TO","REAR RIGHT-HAND ENGINE BAFFLE BRACKET RIVETS SHEARED. REMOVED REAR RIGHT-HAND ENGINE BAFFLE, INSTALLED NEW RIVETS","REAR R/H ENGINE BAFFLE BRACKET RIVETS SHEARED. REMOVED REAR R/H ENGINE BAFFLE, INSTALLED NEW RIVETS TO","REAR R/H ENGINE BAFFLE BRACKET RIVETS SHEARED. REMOVED REAR R/H ENGINE BAFFLE, INSTALLED NEW RIVETS TO",True,True,none
101405::combined,101405,sensitivity,raw,"AFT ENGINE BAFFLE BY CYL #3, SUPPORT SECURED TO ENGINE CASE REMOVED & REPLACED RIVETS FOR ENGINE BAFFLE BRACKET BY","AFT ENGINE BAFFLE BY CYLINDER NUMBER THREE, SUPPORT SECURED TO ENGINE CASE. REMOVED AND REPLACED RIVETS FOR ENGINE BAFFLE BRACKET","AFT ENGINE BAFFLE BY CYL #3, SUPPORT SECURED TO ENGINE CASE REMOVED & REPLACED RIVETS FOR ENGINE BAFFLE BRACKET BY","AFT ENGINE BAFFLE BY CYL #3, SUPPORT SECURED TO ENGINE CASE REMOVED & REPLACED RIVETS FOR ENGINE BAFFLE BRACKET BY",True,True,none
101421::combined,101421,sensitivity,raw,IMPELLER MAKING CONTACT W/ SCROLL. CLEARANCED IMPELLER TO SCROLL BY REMOVING SHIM IN LOWER,IMPELLER MAKING CONTACT WITH SCROLL. CLEARANCED IMPELLER TO SCROLL BY REMOVING SHIM,IMPELLER MAKING CONTACT W/ SCROLL. CLEARANCED IMPELLER TO SCROLL BY REMOVING SHIM IN LOWER,IMPELLER MAKING CONTACT W/ SCROLL. CLEARANCED IMPELLER TO SCROLL BY REMOVING SHIM IN LOWER,True,True,none
101425::combined,101425,sensitivity,raw,"R/H ENG CYL #3, 1 ROCKER COVER GASKETS LEAKING. REMOVED & REPLACED R/H ENG CYL #1, 3 ROCKER COVER GASKE",RIGHT-HAND ENGINE CYLINDER NUMBER THREE AND NUMBER ONE ROCKER COVER GASKETS LEAKING. REMOVED AND REPLACED RIGHT-HAND ENGINE CYLINDER NUMBER ONE AND NUMBER THREE ROCKER COVER GASKETS,"R/H ENG CYL #3, 1 ROCKER COVER GASKETS LEAKING. REMOVED & REPLACED R/H ENG CYL #1, 3 ROCKER COVER GASKE","R/H ENG CYL #3, 1 ROCKER COVER GASKETS LEAKING. REMOVED & REPLACED R/H ENG CYL #1, 3 ROCKER COVER GASKE",True,True,none
101440::combined,101440,sensitivity,raw,R/H ENG #2 & 3 ROCKER COVERS ARE LEAKING. REMOVED & REPLACED #2 & 3 ROCKER COVER GASKETS ON R/H E,RIGHT-HAND ENGINE NUMBER TWO AND NUMBER THREE ROCKER COVERS ARE LEAKING. REMOVED AND REPLACED NUMBER TWO AND NUMBER THREE ROCKER COVER GASKETS ON RIGHT-HAND ENGINE,R/H ENG #2 & 3 ROCKER COVERS ARE LEAKING. REMOVED & REPLACED #2 & 3 ROCKER COVER GASKETS ON R/H E,R/H ENG #2 & 3 ROCKER COVERS ARE LEAKING. REMOVED & REPLACED #2 & 3 ROCKER COVER GASKETS ON R/H E,True,True,none
101442::combined,101442,sensitivity,raw,"R/H ENGINE #4 CYLINDER AFT BAFFLE WIRE HARNESS TAB IS CRACKE REMOVED CRACKED PART, FABRICATED PART W/ SIMILAR MATERI","RIGHT-HAND ENGINE NUMBER FOUR CYLINDER AFT BAFFLE WIRE HARNESS TAB IS CRACKED. REMOVED CRACKED PART, FABRICATED PART WITH SIMILAR MATERIAL","R/H ENGINE #4 CYLINDER AFT BAFFLE WIRE HARNESS TAB IS CRACKE REMOVED CRACKED PART, FABRICATED PART W/ SIMILAR MATERI","R/H ENGINE #4 CYLINDER AFT BAFFLE WIRE HARNESS TAB IS CRACKE REMOVED CRACKED PART, FABRICATED PART W/ SIMILAR MATERI",True,True,none
101450::combined,101450,sensitivity,raw,#3 CYLINDER EXHAUST VALVE PUSH ROD TUBE APPEARS TO BE LEAKIN CLEANED AREA.,NUMBER THREE CYLINDER EXHAUST VALVE PUSH ROD TUBE APPEARS TO BE LEAKING. CLEANED AREA.,#3 CYLINDER EXHAUST VALVE PUSH ROD TUBE APPEARS TO BE LEAKIN CLEANED AREA.,#3 CYLINDER EXHAUST VALVE PUSH ROD TUBE APPEARS TO BE LEAKIN CLEANED AREA.,True,True,none
101451::combined,101451,sensitivity,raw,#3 CYLINDER EXHAUST VALVE PUSH ROD TUBE APPEARS TO BE LEAKIN LEAK CHECK GOOD.,NUMBER THREE CYLINDER EXHAUST VALVE PUSH ROD TUBE APPEARS TO BE LEAKING. LEAK CHECK GOOD.,#3 CYLINDER EXHAUST VALVE PUSH ROD TUBE APPEARS TO BE LEAKIN LEAK CHECK GOOD.,#3 CYLINDER EXHAUST VALVE PUSH ROD TUBE APPEARS TO BE LEAKIN LEAK CHECK GOOD.,True,True,none
101457::combined,101457,sensitivity,raw,#3 CYLINDER ON R/H ENGINE HAS LOW COMPRESSION. #3 CYL PRESS LOW EVEN AFTER ENGINE RUN UP. REMOVED R/H,NUMBER THREE CYLINDER ON RIGHT-HAND ENGINE HAS LOW COMPRESSION. NUMBER THREE CYLINDER PRESSURE LOW EVEN AFTER ENGINE RUN UP. REMOVED RIGHT-HAND ENGINE,#3 CYLINDER ON R/H ENGINE HAS LOW COMPRESSION. #3 CYL PRESS LOW EVEN AFTER ENGINE RUN UP. REMOVED R/H,#3 CYLINDER ON R/H ENGINE HAS LOW COMPRESSION. #3 CYL PRESS LOW EVEN AFTER ENGINE RUN UP. REMOVED R/H,True,True,none
101458::combined,101458,sensitivity,raw,"#3 CYLINDER ON R/H ENGINE HAS LOW COMPRESSION. FOUND LEAKY INTAKE VALVE. DISASSEMBLED CYLINDER, DRESSE",NUMBER THREE CYLINDER ON RIGHT-HAND ENGINE HAS LOW COMPRESSION. FOUND LEAKY INTAKE VALVE. DISASSEMBLED CYLINDER,"#3 CYLINDER ON R/H ENGINE HAS LOW COMPRESSION. FOUND LEAKY INTAKE VALVE. DISASSEMBLED CYLINDER, DRESSE","#3 CYLINDER ON R/H ENGINE HAS LOW COMPRESSION. FOUND LEAKY INTAKE VALVE. DISASSEMBLED CYLINDER, DRESSE",True,True,none
101459::combined,101459,sensitivity,raw,#3 CYLINDER ON R/H ENGINE HAS LOW COMPRESSION. DRY TAPPET CLEARANCE CK GOOD W/ SHORTER PUSH ROD ON INT,NUMBER THREE CYLINDER ON RIGHT-HAND ENGINE HAS LOW COMPRESSION. DRY TAPPET CLEARANCE CHECK GOOD WITH SHORTER PUSH ROD ON INTAKE,#3 CYLINDER ON R/H ENGINE HAS LOW COMPRESSION. DRY TAPPET CLEARANCE CK GOOD W/ SHORTER PUSH ROD ON INT,#3 CYLINDER ON R/H ENGINE HAS LOW COMPRESSION. DRY TAPPET CLEARANCE CK GOOD W/ SHORTER PUSH ROD ON INT,True,True,none
101460::combined,101460,sensitivity,raw,"#3 CYLINDER ON R/H ENGINE HAS LOW COMPRESSION. HONED CYL, MEASURED BORE - CHECK OK. CLEANED PISTON, FI","NUMBER THREE CYLINDER ON RIGHT-HAND ENGINE HAS LOW COMPRESSION. HONED CYLINDER, MEASURED BORE, CHECK OK. CLEANED PISTON","#3 CYLINDER ON R/H ENGINE HAS LOW COMPRESSION. HONED CYL, MEASURED BORE - CHECK OK. CLEANED PISTON, FI","#3 CYLINDER ON R/H ENGINE HAS LOW COMPRESSION. HONED CYL, MEASURED BORE - CHECK OK. CLEANED PISTON, FI",True,True,none
101466::combined,101466,sensitivity,raw,"L/H ENG, CYL #1, 3, 4 ROCKER COVER GASKETS LEAKING. REMOVED & REPLACED L/H ENG CYL #1, 3 & 4 ROCKER COVER G","LEFT-HAND ENGINE, CYLINDER NUMBERS ONE, THREE, AND FOUR ROCKER COVER GASKETS LEAKING. REMOVED AND REPLACED LEFT-HAND ENGINE CYLINDER NUMBERS ONE, THREE AND FOUR ROCKER COVER GASKETS","L/H ENG, CYL #1, 3, 4 ROCKER COVER GASKETS LEAKING. REMOVED & REPLACED L/H ENG CYL #1, 3 & 4 ROCKER COVER G","L/H ENG, CYL #1, 3, 4 ROCKER COVER GASKETS LEAKING. REMOVED & REPLACED L/H ENG CYL #1, 3 & 4 ROCKER COVER G",True,True,none
101472::combined,101472,sensitivity,raw,"#1, 3 & 4 CYLINDER ROCKER COVERS ARE LEAKING. REPLACED ROCKER COVER GASKETS, CYL #3 HOLES HAD TO BE T","NUMBERS ONE, THREE AND FOUR CYLINDER ROCKER COVERS ARE LEAKING. REPLACED ROCKER COVER GASKETS, CYLINDER NUMBER THREE HOLES HAD TO BE TAPPED","#1, 3 & 4 CYLINDER ROCKER COVERS ARE LEAKING. REPLACED ROCKER COVER GASKETS, CYL #3 HOLES HAD TO BE T","#1, 3 & 4 CYLINDER ROCKER COVERS ARE LEAKING. REPLACED ROCKER COVER GASKETS, CYL #3 HOLES HAD TO BE T",True,True,none
101481::combined,101481,sensitivity,raw,"FRONT RUBBER BAFFLE ON ENGINE, R/H SIDE, RIPPED FROM MOUNTIN INSTALLED NEW RIVET ON BAFFLE.","FRONT RUBBER BAFFLE ON ENGINE, RIGHT-HAND SIDE, RIPPED FROM MOUNTING. INSTALLED NEW RIVET ON BAFFLE.","FRONT RUBBER BAFFLE ON ENGINE, R/H SIDE, RIPPED FROM MOUNTIN INSTALLED NEW RIVET ON BAFFLE.","FRONT RUBBER BAFFLE ON ENGINE, R/H SIDE, RIPPED FROM MOUNTIN INSTALLED NEW RIVET ON BAFFLE.",True,True,none
101492::combined,101492,sensitivity,raw,L/H ENGINE CYL #1 & 3 INNER CYL BAFFLE TIE ROD AFT NUT IS MI INSTALLED NEW NUT.,LEFT-HAND ENGINE CYLINDER NUMBER ONE AND NUMBER THREE INNER CYLINDER BAFFLE TIE ROD AFT NUT IS MISSING. INSTALLED NEW NUT.,L/H ENGINE CYL #1 & 3 INNER CYL BAFFLE TIE ROD AFT NUT IS MI INSTALLED NEW NUT.,L/H ENGINE CYL #1 & 3 INNER CYL BAFFLE TIE ROD AFT NUT IS MI INSTALLED NEW NUT.,True,True,none
101495::combined,101495,sensitivity,raw,R/H ENG CYL 1 & 3 ROCKER COVER GASKETS ARE LEAKING. REMOVED & REPLACED R/H ENG CYL #1 & 3 ROCKER COVER GASK,RIGHT-HAND ENGINE CYLINDER ONE AND THREE ROCKER COVER GASKETS ARE LEAKING. REMOVED AND REPLACED RIGHT-HAND ENGINE CYLINDER NUMBER ONE AND NUMBER THREE ROCKER COVER GASKETS,R/H ENG CYL 1 & 3 ROCKER COVER GASKETS ARE LEAKING. REMOVED & REPLACED R/H ENG CYL #1 & 3 ROCKER COVER GASK,R/H ENG CYL 1 & 3 ROCKER COVER GASKETS ARE LEAKING. REMOVED & REPLACED R/H ENG CYL #1 & 3 ROCKER COVER GASK,True,True,none
101496::combined,101496,sensitivity,raw,CYL #3 INTAKE PIPE NEEDS TO BE RESWEDGED INTO SUMP. RESWEDGED INTAKE TUBE IAW LYCOMING OVERHAUL,CYLINDER NUMBER THREE INTAKE PIPE NEEDS TO BE RESWEDGED INTO SUMP. RESWEDGED INTAKE TUBE IN ACCORDANCE WITH LYCOMING OVERHAUL MANUAL,CYL #3 INTAKE PIPE NEEDS TO BE RESWEDGED INTO SUMP. RESWEDGED INTAKE TUBE IAW LYCOMING OVERHAUL,CYL #3 INTAKE PIPE NEEDS TO BE RESWEDGED INTO SUMP. RESWEDGED INTAKE TUBE IAW LYCOMING OVERHAUL,True,True,none
101502::combined,101502,sensitivity,raw,R/H SIDE BAFFLE IS CRACKED. FABRICATED PATCH W/ LIKE MATERIALS. RIVETED IAW,RIGHT-HAND SIDE BAFFLE IS CRACKED. FABRICATED PATCH WITH LIKE MATERIALS. RIVETED IN ACCORDANCE WITH REFERENCE MANUAL,R/H SIDE BAFFLE IS CRACKED. FABRICATED PATCH W/ LIKE MATERIALS. RIVETED IAW,R/H SIDE BAFFLE IS CRACKED. FABRICATED PATCH W/ LIKE MATERIALS. RIVETED IAW,True,True,none
101535::combined,101535,sensitivity,raw,"CYL #3 AFT BAFFLE I/B MOUNT RIVETS ARE SHEARED. REMOVED BAFFLE, REPLACED 2 MOUNT RIVETS. REINSTALLED BA","CYLINDER NUMBER THREE AFT BAFFLE INBOARD MOUNT RIVETS ARE SHEARED. REMOVED BAFFLE, REPLACED TWO MOUNT RIVETS. REINSTALLED BAFFLE","CYL #3 AFT BAFFLE I/B MOUNT RIVETS ARE SHEARED. REMOVED BAFFLE, REPLACED 2 MOUNT RIVETS. REINSTALLED BA","CYL #3 AFT BAFFLE I/B MOUNT RIVETS ARE SHEARED. REMOVED BAFFLE, REPLACED 2 MOUNT RIVETS. REINSTALLED BA",True,True,none
101541::combined,101541,sensitivity,raw,"IMMEDIATELY AFTER ENGINE START, HIGH PITCHED WHINE/SQUEAL/WH RAN A/C, ENGINE FUNCTION NORMAL. NO UNUSUAL NOISE NOTED","IMMEDIATELY AFTER ENGINE START, HIGH PITCHED WHINE, SQUEAL. RAN AIRCRAFT, ENGINE FUNCTION NORMAL. NO UNUSUAL NOISE NOTED","IMMEDIATELY AFTER ENGINE START, HIGH PITCHED WHINE/SQUEAL/WH RAN A/C, ENGINE FUNCTION NORMAL. NO UNUSUAL NOISE NOTED","IMMEDIATELY AFTER ENGINE START, HIGH PITCHED WHINE/SQUEAL/WH RAN A/C, ENGINE FUNCTION NORMAL. NO UNUSUAL NOISE NOTED",True,True,none
101549::combined,101549,sensitivity,raw,"LEFT ENGINE N1 RPM HAS 3 TO 4% UNCOMMANDED INCREASE WHEN ENG INSPECTED EXTERNAL LINKAGE, NO PROBLEMS NOTED.","LEFT ENGINE N ONE RPM HAS THREE TO FOUR PERCENT UNCOMMANDED INCREASE. INSPECTED EXTERNAL LINKAGE, NO PROBLEMS NOTED.","LEFT ENGINE N1 RPM HAS 3 TO 4% UNCOMMANDED INCREASE WHEN ENG INSPECTED EXTERNAL LINKAGE, NO PROBLEMS NOTED.","LEFT ENGINE N1 RPM HAS 3 TO 4% UNCOMMANDED INCREASE WHEN ENG INSPECTED EXTERNAL LINKAGE, NO PROBLEMS NOTED.",True,True,none
101557::combined,101557,sensitivity,raw,"R/H ENG BURNER CAN DRAIN, RIGID LINE IS CONTACTING BOTTOM CO LEAK CK GOOD.","RIGHT-HAND ENGINE BURNER CAN DRAIN, RIGID LINE IS CONTACTING BOTTOM. LEAK CHECK GOOD.","R/H ENG BURNER CAN DRAIN, RIGID LINE IS CONTACTING BOTTOM CO LEAK CK GOOD.","R/H ENG BURNER CAN DRAIN, RIGID LINE IS CONTACTING BOTTOM CO LEAK CK GOOD.",True,True,none
101558::combined,101558,sensitivity,raw,"R/H ENG BURNER CAN DRAIN, RIGID LINE IS CONTACTING BOTTOM CO LOOSEN & ADJ LINES; PNEUMATIC & DRAIN LINES. REMOVED CA","RIGHT-HAND ENGINE BURNER CAN DRAIN, RIGID LINE IS CONTACTING BOTTOM. LOOSEN AND ADJUSTED LINES; PNEUMATIC AND DRAIN LINES. REMOVED CAN","R/H ENG BURNER CAN DRAIN, RIGID LINE IS CONTACTING BOTTOM CO LOOSEN & ADJ LINES; PNEUMATIC & DRAIN LINES. REMOVED CA","R/H ENG BURNER CAN DRAIN, RIGID LINE IS CONTACTING BOTTOM CO LOOSEN & ADJ LINES; PNEUMATIC & DRAIN LINES. REMOVED CA",True,True,none
101561::combined,101561,sensitivity,raw,"AFTER TAKEOFF, RPM'S WERE FLUCTUATING & ENGINE STARTED TO RU RAN A/C, COULD NOT DUPLICATE. REMOVED COWLING & INSPECT","AFTER TAKEOFF, RPMS WERE FLUCTUATING AND ENGINE STARTED TO RUN ROUGH. RAN AIRCRAFT, COULD NOT DUPLICATE. REMOVED COWLING AND INSPECTED","AFTER TAKEOFF, RPM'S WERE FLUCTUATING & ENGINE STARTED TO RU RAN A/C, COULD NOT DUPLICATE. REMOVED COWLING & INSPECT","AFTER TAKEOFF, RPM'S WERE FLUCTUATING & ENGINE STARTED TO RU RAN A/C, COULD NOT DUPLICATE. REMOVED COWLING & INSPECT",True,True,none
101563::combined,101563,sensitivity,raw,OIL LEAK NOTED ON FRONT ENGINE SECTION. CHECKED TORQUE ON FRONT MAIN BEARING NUTS & CRANKCASE B,OIL LEAK NOTED ON FRONT ENGINE SECTION. CHECKED TORQUE ON FRONT MAIN BEARING NUTS AND CRANKCASE,OIL LEAK NOTED ON FRONT ENGINE SECTION. CHECKED TORQUE ON FRONT MAIN BEARING NUTS & CRANKCASE B,OIL LEAK NOTED ON FRONT ENGINE SECTION. CHECKED TORQUE ON FRONT MAIN BEARING NUTS & CRANKCASE B,True,True,none
101572::combined,101572,sensitivity,raw,INTAKE GASKET CYL #2 LEAKING. REMOVED & REPLACED INTAKE GASKET. TORQUED BOLTS TO SPEC,INTAKE GASKET CYLINDER NUMBER TWO LEAKING. REMOVED AND REPLACED INTAKE GASKET. TORQUED BOLTS TO SPECS,INTAKE GASKET CYL #2 LEAKING. REMOVED & REPLACED INTAKE GASKET. TORQUED BOLTS TO SPEC,INTAKE GASKET CYL #2 LEAKING. REMOVED & REPLACED INTAKE GASKET. TORQUED BOLTS TO SPEC,True,True,none
101579::combined,101579,sensitivity,raw,"ON RUN UP, L/H MAG DROPPED 350 RPM. REMOVED PISTON, CLEANED & PRESERVED #2 CYL. ROCKER OIL","ON RUN UP, LEFT-HAND MAGNETO DROPPED THREE HUNDRED AND FIFTY RPM. REMOVED PISTON, CLEANED AND PRESERVED NUMBER TWO CYLINDER.","ON RUN UP, L/H MAG DROPPED 350 RPM. REMOVED PISTON, CLEANED & PRESERVED #2 CYL. ROCKER OIL","ON RUN UP, L/H MAG DROPPED 350 RPM. REMOVED PISTON, CLEANED & PRESERVED #2 CYL. ROCKER OIL",True,True,none
101582::combined,101582,sensitivity,raw,"ON RUN UP, L/H MAG DROPPED 350 RPM. LEAK CK'ED VALVES, HONED CYLINDER, BORE MEASURE GOOD. F","ON RUN UP, LEFT-HAND MAGNETO DROPPED THREE HUNDRED AND FIFTY RPM. LEAK CHECKED VALVES, HONED CYLINDER, BORE MEASURE GOOD.","ON RUN UP, L/H MAG DROPPED 350 RPM. LEAK CK'ED VALVES, HONED CYLINDER, BORE MEASURE GOOD. F","ON RUN UP, L/H MAG DROPPED 350 RPM. LEAK CK'ED VALVES, HONED CYLINDER, BORE MEASURE GOOD. F",True,True,none
101590::combined,101590,sensitivity,raw,"FWD BAFFLE IS CRACKED @ HEAT SHROUD AIR INTAKE. STOP DRILLED CRACKS, FABRICATED PATCH OUT OF LIKE MATER","FORWARD BAFFLE IS CRACKED AT HEAT SHROUD AIR INTAKE. STOP DRILLED CRACKS, FABRICATED PATCH OUT OF LIKE MATERIAL","FWD BAFFLE IS CRACKED @ HEAT SHROUD AIR INTAKE. STOP DRILLED CRACKS, FABRICATED PATCH OUT OF LIKE MATER","FWD BAFFLE IS CRACKED @ HEAT SHROUD AIR INTAKE. STOP DRILLED CRACKS, FABRICATED PATCH OUT OF LIKE MATER",True,True,none
101597::combined,101597,sensitivity,raw,CYL #4 ROCKER COVER GASKET NEEDS TO BE REPLACED. REMOVED & REPLACED CYL #4 ROCKER COVER GASKET & RETAPPE,CYLINDER NUMBER FOUR ROCKER COVER GASKET NEEDS TO BE REPLACED. REMOVED AND REPLACED CYLINDER NUMBER FOUR ROCKER COVER GASKET AND RETAPPED,CYL #4 ROCKER COVER GASKET NEEDS TO BE REPLACED. REMOVED & REPLACED CYL #4 ROCKER COVER GASKET & RETAPPE,CYL #4 ROCKER COVER GASKET NEEDS TO BE REPLACED. REMOVED & REPLACED CYL #4 ROCKER COVER GASKET & RETAPPE,True,True,none
101612::combined,101612,sensitivity,raw,"POWER AT IDLE, ENGINE QUIT. RESTARTED & TESTED IDLE W/ FULL RAN UP A/C ENGINE. ADJUSTED IDLE SPEED. IDLE MIXTURE CH","POWER AT IDLE, ENGINE QUIT. RESTARTED AND TESTED IDLE WITH FULL. RAN UP AIRCRAFT ENGINE. ADJUSTED IDLE SPEED. IDLE MIXTURE CHECK GOOD","POWER AT IDLE, ENGINE QUIT. RESTARTED & TESTED IDLE W/ FULL RAN UP A/C ENGINE. ADJUSTED IDLE SPEED. IDLE MIXTURE CH","POWER AT IDLE, ENGINE QUIT. RESTARTED & TESTED IDLE W/ FULL RAN UP A/C ENGINE. ADJUSTED IDLE SPEED. IDLE MIXTURE CH",True,True,none
101613::combined,101613,sensitivity,raw,"DURING FLIGHT, R/H COWL FLAP WOULD NOT STAY OPEN. TIGHTENED BOLT THAT ATTACHES COWL FLAP LEVERS & ADJUSTE","DURING FLIGHT, RIGHT-HAND COWL FLAP WOULD NOT STAY OPEN. TIGHTENED BOLT THAT ATTACHES COWL FLAP LEVERS AND ADJUSTED","DURING FLIGHT, R/H COWL FLAP WOULD NOT STAY OPEN. TIGHTENED BOLT THAT ATTACHES COWL FLAP LEVERS & ADJUSTE","DURING FLIGHT, R/H COWL FLAP WOULD NOT STAY OPEN. TIGHTENED BOLT THAT ATTACHES COWL FLAP LEVERS & ADJUSTE",True,True,none
101619::combined,101619,sensitivity,raw,"R/H ENG TOP CRANKCASE HALF BOLT W/ ENG HOIST LOOP IS LEAKING REMOVED BOLT, CLEANED, RESEALED W/ HI-TEMP SILICONE & T","RIGHT-HAND ENGINE TOP CRANKCASE HALF BOLT WITH ENGINE HOIST LOOP IS LEAKING. REMOVED BOLT, CLEANED, RESEALED WITH HIGH-TEMPERATURE SILICONE","R/H ENG TOP CRANKCASE HALF BOLT W/ ENG HOIST LOOP IS LEAKING REMOVED BOLT, CLEANED, RESEALED W/ HI-TEMP SILICONE & T","R/H ENG TOP CRANKCASE HALF BOLT W/ ENG HOIST LOOP IS LEAKING REMOVED BOLT, CLEANED, RESEALED W/ HI-TEMP SILICONE & T",True,True,none
101620::combined,101620,sensitivity,raw,"SUPPORT FROM #4 CYL AFT BAFFLE TO CRANKCASE HALF IS BROKEN O REMOVED ROD, REPAIRED IAW , CH 4, SEC 5. REI","SUPPORT FROM NUMBER FOUR CYLINDER AFT BAFFLE TO CRANKCASE HALF IS BROKEN. REMOVED ROD, REPAIRED IN ACCORDANCE WITH REFERENCE MANUAL, CHAPTER FOUR, SECTION FIVE.","SUPPORT FROM #4 CYL AFT BAFFLE TO CRANKCASE HALF IS BROKEN O REMOVED ROD, REPAIRED IAW , CH 4, SEC 5. REI","SUPPORT FROM #4 CYL AFT BAFFLE TO CRANKCASE HALF IS BROKEN O REMOVED ROD, REPAIRED IAW , CH 4, SEC 5. REI",True,True,none
101629::combined,101629,sensitivity,raw,"ON ENGINE START, ENGINE WAS UNUSUALLY ROUGH. ATTEMPTED TO LE MAINTENANCE FLIGHT REQUIRED","ON ENGINE START, ENGINE WAS UNUSUALLY ROUGH. ATTEMPTED TO LEAN. MAINTENANCE FLIGHT REQUIRED","ON ENGINE START, ENGINE WAS UNUSUALLY ROUGH. ATTEMPTED TO LE MAINTENANCE FLIGHT REQUIRED","ON ENGINE START, ENGINE WAS UNUSUALLY ROUGH. ATTEMPTED TO LE MAINTENANCE FLIGHT REQUIRED",True,True,none
101630::combined,101630,sensitivity,raw,"ON ENGINE START, ENGINE WAS UNUSUALLY ROUGH. ATTEMPTED TO LE MAG DROPS CK GOOD. COMPRESSIONS CK'ED GOOD.","ON ENGINE START, ENGINE WAS UNUSUALLY ROUGH. ATTEMPTED TO LEAN. MAGNETO DROPS CHECK GOOD. COMPRESSIONS CHECKED GOOD.","ON ENGINE START, ENGINE WAS UNUSUALLY ROUGH. ATTEMPTED TO LE MAG DROPS CK GOOD. COMPRESSIONS CK'ED GOOD.","ON ENGINE START, ENGINE WAS UNUSUALLY ROUGH. ATTEMPTED TO LE MAG DROPS CK GOOD. COMPRESSIONS CK'ED GOOD.",True,True,none
101631::combined,101631,sensitivity,raw,"ON ENGINE START, ENGINE WAS UNUSUALLY ROUGH. ATTEMPTED TO LE STARTED A/C, ENGINE RAN VERY ROUGH, THEN SMOOTHED OUT.","ON ENGINE START, ENGINE WAS UNUSUALLY ROUGH. ATTEMPTED TO LEAN. STARTED AIRCRAFT, ENGINE RAN VERY ROUGH, THEN SMOOTHED OUT.","ON ENGINE START, ENGINE WAS UNUSUALLY ROUGH. ATTEMPTED TO LE STARTED A/C, ENGINE RAN VERY ROUGH, THEN SMOOTHED OUT.","ON ENGINE START, ENGINE WAS UNUSUALLY ROUGH. ATTEMPTED TO LE STARTED A/C, ENGINE RAN VERY ROUGH, THEN SMOOTHED OUT.",True,True,none
101632::combined,101632,sensitivity,raw,"ON ENGINE START, ENGINE WAS UNUSUALLY ROUGH. ATTEMPTED TO LE INSTALLED OIL & FUEL LINES, INSTALLED INDUCTION ELBOW.","ON ENGINE START, ENGINE WAS UNUSUALLY ROUGH. ATTEMPTED TO LEAN. INSTALLED OIL AND FUEL LINES, INSTALLED INDUCTION ELBOW.","ON ENGINE START, ENGINE WAS UNUSUALLY ROUGH. ATTEMPTED TO LE INSTALLED OIL & FUEL LINES, INSTALLED INDUCTION ELBOW.","ON ENGINE START, ENGINE WAS UNUSUALLY ROUGH. ATTEMPTED TO LE INSTALLED OIL & FUEL LINES, INSTALLED INDUCTION ELBOW.",True,True,none
101633::combined,101633,sensitivity,raw,"ON ENGINE START, ENGINE WAS UNUSUALLY ROUGH. ATTEMPTED TO LE INSTALLED FUEL FLOW TRANSDUCER & BEGAN TO ROUTE FUEL LI","ON ENGINE START, ENGINE WAS UNUSUALLY ROUGH. ATTEMPTED TO LEAN. INSTALLED FUEL FLOW TRANSDUCER AND BEGAN TO ROUTE FUEL LINES","ON ENGINE START, ENGINE WAS UNUSUALLY ROUGH. ATTEMPTED TO LE INSTALLED FUEL FLOW TRANSDUCER & BEGAN TO ROUTE FUEL LI","ON ENGINE START, ENGINE WAS UNUSUALLY ROUGH. ATTEMPTED TO LE INSTALLED FUEL FLOW TRANSDUCER & BEGAN TO ROUTE FUEL LI",True,True,none
101634::combined,101634,sensitivity,raw,"ON ENGINE START, ENGINE WAS UNUSUALLY ROUGH. ATTEMPTED TO LE REMOVED ENGINE. BEGAN INSTALL OF ENGINE","ON ENGINE START, ENGINE WAS UNUSUALLY ROUGH. ATTEMPTED TO LEAN. REMOVED ENGINE. BEGAN INSTALL OF ENGINE","ON ENGINE START, ENGINE WAS UNUSUALLY ROUGH. ATTEMPTED TO LE REMOVED ENGINE. BEGAN INSTALL OF ENGINE","ON ENGINE START, ENGINE WAS UNUSUALLY ROUGH. ATTEMPTED TO LE REMOVED ENGINE. BEGAN INSTALL OF ENGINE",True,True,none
101635::combined,101635,sensitivity,raw,"ON ENGINE START, ENGINE WAS UNUSUALLY ROUGH. ATTEMPTED TO LE ROUTED IGNITION LEADS. ADJUSTED THROTTLE & MIXTURE CABL","ON ENGINE START, ENGINE WAS UNUSUALLY ROUGH. ATTEMPTED TO LEAN. ROUTED IGNITION LEADS. ADJUSTED THROTTLE AND MIXTURE CABLE","ON ENGINE START, ENGINE WAS UNUSUALLY ROUGH. ATTEMPTED TO LE ROUTED IGNITION LEADS. ADJUSTED THROTTLE & MIXTURE CABL","ON ENGINE START, ENGINE WAS UNUSUALLY ROUGH. ATTEMPTED TO LE ROUTED IGNITION LEADS. ADJUSTED THROTTLE & MIXTURE CABL",True,True,none
101646::combined,101646,sensitivity,raw,#4 CYL COMPRESSION TEST WAS 35/80. #2 & 4 OIL DRAINS CONNECTED. #4 FUEL INJECTOR LINE INST,NUMBER FOUR CYLINDER COMPRESSION TEST WAS THIRTY FIVE OUT OF EIGHTY. NUMBER TWO AND NUMBER FOUR OIL DRAINS CONNECTED. NUMBER FOUR FUEL INJECTOR LINE INSTALLED,#4 CYL COMPRESSION TEST WAS 35/80. #2 & 4 OIL DRAINS CONNECTED. #4 FUEL INJECTOR LINE INST,#4 CYL COMPRESSION TEST WAS 35/80. #2 & 4 OIL DRAINS CONNECTED. #4 FUEL INJECTOR LINE INST,True,True,none
101647::combined,101647,sensitivity,raw,"#4 CYL COMPRESSION TEST WAS 35/80. REMOVED #4 CYL, INCLUDED #4 FUEL INJ LINE AND #2 & 4 OI","NUMBER FOUR CYLINDER COMPRESSION TEST WAS THIRTY FIVE OUT OF EIGHTY. REMOVED NUMBER FOUR CYLINDER, INCLUDED NUMBER FOUR FUEL INJECTOR LINE","#4 CYL COMPRESSION TEST WAS 35/80. REMOVED #4 CYL, INCLUDED #4 FUEL INJ LINE AND #2 & 4 OI","#4 CYL COMPRESSION TEST WAS 35/80. REMOVED #4 CYL, INCLUDED #4 FUEL INJ LINE AND #2 & 4 OI",True,True,none
101650::combined,101650,sensitivity,raw,"LEAKING INTAKE TUBE CYL #4, LEAK AT ATTACH POINT TO OIL SUMP RESWEDGED INTAKE CONNECTOR INTO SUMP. REINSTALLED COWLI","LEAKING INTAKE TUBE CYLINDER NUMBER FOUR, LEAK AT ATTACH POINT TO OIL SUMP. RESWEDGED INTAKE CONNECTOR INTO SUMP. REINSTALLED COWLING","LEAKING INTAKE TUBE CYL #4, LEAK AT ATTACH POINT TO OIL SUMP RESWEDGED INTAKE CONNECTOR INTO SUMP. REINSTALLED COWLI","LEAKING INTAKE TUBE CYL #4, LEAK AT ATTACH POINT TO OIL SUMP RESWEDGED INTAKE CONNECTOR INTO SUMP. REINSTALLED COWLI",True,True,none
101653::combined,101653,sensitivity,raw,"OIL SEEP, R/H ENGINE TACH GEN REMOVED TACH GENERATOR. FABRICATED EXTRACTION TOOL. REM","OIL SEEP, RIGHT-HAND ENGINE TACH GENERATOR. REMOVED TACHOMETER GENERATOR. FABRICATED EXTRACTION TOOL.","OIL SEEP, R/H ENGINE TACH GEN REMOVED TACH GENERATOR. FABRICATED EXTRACTION TOOL. REM","OIL SEEP, R/H ENGINE TACH GEN REMOVED TACH GENERATOR. FABRICATED EXTRACTION TOOL. REM",True,True,none
101656::combined,101656,sensitivity,raw,"#2 OIL DRAIN TUBE CHAFING ON BAFFLE. REMOVED #2 OIL RETURN LINE FROM CYL HEAD, REMOVED ROCKE","NUMBER TWO OIL DRAIN TUBE CHAFING ON BAFFLE. REMOVED NUMBER TWO OIL RETURN LINE FROM CYLINDER HEAD, REMOVED ROCKER COVER","#2 OIL DRAIN TUBE CHAFING ON BAFFLE. REMOVED #2 OIL RETURN LINE FROM CYL HEAD, REMOVED ROCKE","#2 OIL DRAIN TUBE CHAFING ON BAFFLE. REMOVED #2 OIL RETURN LINE FROM CYL HEAD, REMOVED ROCKE",True,True,none
101657::combined,101657,sensitivity,raw,"#2 FWD BAFFLE CRACKED BEYOND STOP DRILL. STOP DRILLED CRACK, FABRICATED PATCH OF LIKE MATERIAL &","NUMBER TWO FORWARD BAFFLE CRACKED BEYOND STOP DRILL. STOP DRILLED CRACK, FABRICATED PATCH OF LIKE MATERIAL","#2 FWD BAFFLE CRACKED BEYOND STOP DRILL. STOP DRILLED CRACK, FABRICATED PATCH OF LIKE MATERIAL &","#2 FWD BAFFLE CRACKED BEYOND STOP DRILL. STOP DRILLED CRACK, FABRICATED PATCH OF LIKE MATERIAL &",True,True,none
101658::combined,101658,sensitivity,raw,"REAR BAFFLE BRACKET AT ENGINE CENTER BROKEN AT BOLT. REMOVED CRACKED BRACKET, FABRICATED NEW BRACKET FROM LI","REAR BAFFLE BRACKET AT ENGINE CENTER BROKEN AT BOLT. REMOVED CRACKED BRACKET, FABRICATED NEW BRACKET FROM LIKE MATERIAL","REAR BAFFLE BRACKET AT ENGINE CENTER BROKEN AT BOLT. REMOVED CRACKED BRACKET, FABRICATED NEW BRACKET FROM LI","REAR BAFFLE BRACKET AT ENGINE CENTER BROKEN AT BOLT. REMOVED CRACKED BRACKET, FABRICATED NEW BRACKET FROM LI",True,True,none
101672::combined,101672,sensitivity,raw,CYL #3 AFT BAFFLE HAS SHEARED RIVET. REMOVED AFT BAFFLE & OIL PSI LINE. REPLACED RIVET. INST,CYLINDER NUMBER THREE AFT BAFFLE HAS SHEARED RIVET. REMOVED AFT BAFFLE AND OIL PSI LINE. REPLACED RIVET.,CYL #3 AFT BAFFLE HAS SHEARED RIVET. REMOVED AFT BAFFLE & OIL PSI LINE. REPLACED RIVET. INST,CYL #3 AFT BAFFLE HAS SHEARED RIVET. REMOVED AFT BAFFLE & OIL PSI LINE. REPLACED RIVET. INST,True,True,none
101676::combined,101676,sensitivity,raw,"#3 CYL AFT BAFFLE ON L/H ENG IS CRACKED. FABRICATED & INSTALLED PATCH IAW , PAR 4-53","NUMBER THREE CYLINDER AFT BAFFLE ON LEFT-HAND ENGINE IS CRACKED. FABRICATED AND INSTALLED PATCH IN ACCORDANCE WITH REFERENCE MANUAL, PARAGRAPH FOUR FIFTY THREE","#3 CYL AFT BAFFLE ON L/H ENG IS CRACKED. FABRICATED & INSTALLED PATCH IAW , PAR 4-53","#3 CYL AFT BAFFLE ON L/H ENG IS CRACKED. FABRICATED & INSTALLED PATCH IAW , PAR 4-53",True,True,none
101686::combined,101686,sensitivity,raw,"#3 CYL ON R/H ENG HAS LOW COMPRESSION. BORESCOPED CYLINDER, FOUND EXHAUST VALVE TO APPEAR BURN","NUMBER THREE CYLINDER ON RIGHT-HAND ENGINE HAS LOW COMPRESSION. BORESCOPED CYLINDER, FOUND EXHAUST VALVE TO APPEAR BURNED","#3 CYL ON R/H ENG HAS LOW COMPRESSION. BORESCOPED CYLINDER, FOUND EXHAUST VALVE TO APPEAR BURN","#3 CYL ON R/H ENG HAS LOW COMPRESSION. BORESCOPED CYLINDER, FOUND EXHAUST VALVE TO APPEAR BURN",True,True,none
101687::combined,101687,sensitivity,raw,#3 CYL ON R/H ENG HAS LOW COMPRESSION. REMOVED CYLINDER ASSY. INSTALLED REPAIRED CYL ASSY & PE,NUMBER THREE CYLINDER ON RIGHT-HAND ENGINE HAS LOW COMPRESSION. REMOVED CYLINDER ASSEMBLY. INSTALLED REPAIRED CYLINDER ASSEMBLY,#3 CYL ON R/H ENG HAS LOW COMPRESSION. REMOVED CYLINDER ASSY. INSTALLED REPAIRED CYL ASSY & PE,#3 CYL ON R/H ENG HAS LOW COMPRESSION. REMOVED CYLINDER ASSY. INSTALLED REPAIRED CYL ASSY & PE,True,True,none
101688::combined,101688,sensitivity,raw,"#3 CYL ON R/H ENG HAS LOW COMPRESSION. TORQUED BASE NUTS TO SPECS. REINSTALLED EXHAUST, INTAKE",NUMBER THREE CYLINDER ON RIGHT-HAND ENGINE HAS LOW COMPRESSION. TORQUED BASE NUTS TO SPECS. REINSTALLED EXHAUST,"#3 CYL ON R/H ENG HAS LOW COMPRESSION. TORQUED BASE NUTS TO SPECS. REINSTALLED EXHAUST, INTAKE","#3 CYL ON R/H ENG HAS LOW COMPRESSION. TORQUED BASE NUTS TO SPECS. REINSTALLED EXHAUST, INTAKE",True,True,none
101702::combined,101702,sensitivity,raw,"CYL #1 BAFFLE IS CRACKED. STOP DRILLED CRACK, FABRICATED PATCH OUT OF LIKE MATERI","CYLINDER NUMBER ONE BAFFLE IS CRACKED. STOP DRILLED CRACK, FABRICATED PATCH OUT OF LIKE MATERIAL","CYL #1 BAFFLE IS CRACKED. STOP DRILLED CRACK, FABRICATED PATCH OUT OF LIKE MATERI","CYL #1 BAFFLE IS CRACKED. STOP DRILLED CRACK, FABRICATED PATCH OUT OF LIKE MATERI",True,True,none
101707::combined,101707,sensitivity,raw,CENTER TOP BAFFLE BRACKET IS CRACKED. FABRICATED BAFFLE BRACKET OUT OF LIKE MATERIAL & INSTAL,CENTER TOP BAFFLE BRACKET IS CRACKED. FABRICATED BAFFLE BRACKET OUT OF LIKE MATERIAL AND INSTALLED,CENTER TOP BAFFLE BRACKET IS CRACKED. FABRICATED BAFFLE BRACKET OUT OF LIKE MATERIAL & INSTAL,CENTER TOP BAFFLE BRACKET IS CRACKED. FABRICATED BAFFLE BRACKET OUT OF LIKE MATERIAL & INSTAL,True,True,none
101716::combined,101716,sensitivity,raw,"DURING GO AROUND FROM A SIMULATED ENG FAILURE, ENG RAN ROUGH RAN A/C, MAG DROP, IDLE & IDLE MIXTURE RISE CK GOOD. A/","DURING GO-AROUND FROM A SIMULATED ENGINE FAILURE, ENGINE RAN ROUGH. RAN AIRCRAFT, MAGNETO DROP, IDLE AND IDLE MIXTURE RISE CHECK GOOD.","DURING GO AROUND FROM A SIMULATED ENG FAILURE, ENG RAN ROUGH RAN A/C, MAG DROP, IDLE & IDLE MIXTURE RISE CK GOOD. A/","DURING GO AROUND FROM A SIMULATED ENG FAILURE, ENG RAN ROUGH RAN A/C, MAG DROP, IDLE & IDLE MIXTURE RISE CK GOOD. A/",True,True,none
101720::combined,101720,sensitivity,raw,"L/H ENGINE #4 CYLINDER HAS BAD EXHAUST VALVE. RECONNECTED ALL CONNECTIONS, ATTACHED PROP GOV CABLE (1","LEFT-HAND ENGINE NUMBER FOUR CYLINDER HAS BAD EXHAUST VALVE. RECONNECTED ALL CONNECTIONS, ATTACHED PROPELLER GOVERNOR CABLE","L/H ENGINE #4 CYLINDER HAS BAD EXHAUST VALVE. RECONNECTED ALL CONNECTIONS, ATTACHED PROP GOV CABLE (1","L/H ENGINE #4 CYLINDER HAS BAD EXHAUST VALVE. RECONNECTED ALL CONNECTIONS, ATTACHED PROP GOV CABLE (1",True,True,none
101721::combined,101721,sensitivity,raw,"L/H ENGINE #4 CYLINDER HAS BAD EXHAUST VALVE. REMOVED #4 CYLINDER, INSTALLLED SERVICEABLE CYL ASSY. T","LEFT-HAND ENGINE NUMBER FOUR CYLINDER HAS BAD EXHAUST VALVE. REMOVED NUMBER FOUR CYLINDER, INSTALLLED SERVICEABLE CYLINDER ASSEMBLY.","L/H ENGINE #4 CYLINDER HAS BAD EXHAUST VALVE. REMOVED #4 CYLINDER, INSTALLLED SERVICEABLE CYL ASSY. T","L/H ENGINE #4 CYLINDER HAS BAD EXHAUST VALVE. REMOVED #4 CYLINDER, INSTALLLED SERVICEABLE CYL ASSY. T",True,True,none
101722::combined,101722,sensitivity,raw,"L/H ENG, FIRST STAGE COMPRESSOR ROTOR HAS 1 INSPECTED, FOUND TO REQUIRE REPAIR. PERFORMED REPAIR IA","LEFT-HAND ENGINE, FIRST STAGE COMPRESSOR ROTOR HAS ONE. INSPECTED, FOUND TO REQUIRE REPAIR. PERFORMED REPAIR IN ACCORDANCE WITH REFERENCE MANUAL","L/H ENG, FIRST STAGE COMPRESSOR ROTOR HAS 1 INSPECTED, FOUND TO REQUIRE REPAIR. PERFORMED REPAIR IA","L/H ENG, FIRST STAGE COMPRESSOR ROTOR HAS 1 INSPECTED, FOUND TO REQUIRE REPAIR. PERFORMED REPAIR IA",True,True,none
101727::combined,101727,sensitivity,raw,INTAKE TUBE CYL #1 LEAKING AROUND OIL SUMP CONNECTION AREA. SWEDGED INTAKE TUBE IAW LYCOMING OVERHAUL,INTAKE TUBE CYLINDER NUMBER ONE LEAKING AROUND OIL SUMP CONNECTION AREA. SWEDGED INTAKE TUBE IN ACCORDANCE WITH LYCOMING OVERHAUL MANUAL,INTAKE TUBE CYL #1 LEAKING AROUND OIL SUMP CONNECTION AREA. SWEDGED INTAKE TUBE IAW LYCOMING OVERHAUL,INTAKE TUBE CYL #1 LEAKING AROUND OIL SUMP CONNECTION AREA. SWEDGED INTAKE TUBE IAW LYCOMING OVERHAUL,True,True,none
101730::combined,101730,sensitivity,raw,"ENGINE OVERSPEED TO 2730 RPM FOR 1 SECOND. REMOVED SD CARD, DOWNLOADED DATA WHICH INDICATED MAX RP","ENGINE OVERSPEED TO TWENTY SEVEN HUNDRED AND THRITY RPM FOR ONE SECOND. REMOVED SD CARD, DOWNLOADED DATA WHICH INDICATED MAX RPM","ENGINE OVERSPEED TO 2730 RPM FOR 1 SECOND. REMOVED SD CARD, DOWNLOADED DATA WHICH INDICATED MAX RP","ENGINE OVERSPEED TO 2730 RPM FOR 1 SECOND. REMOVED SD CARD, DOWNLOADED DATA WHICH INDICATED MAX RP",True,True,none
101752::combined,101752,sensitivity,raw,L/H ENGINE WILL NOT START. STARTED L/H ENGINE & PERFORMED MAG DROP & RUN UP PROCED,LEFT-HAND ENGINE WILL NOT START. STARTED LEFT-HAND ENGINE AND PERFORMED MAGNETO DROP AND RUN UP PROCEDURE,L/H ENGINE WILL NOT START. STARTED L/H ENGINE & PERFORMED MAG DROP & RUN UP PROCED,L/H ENGINE WILL NOT START. STARTED L/H ENGINE & PERFORMED MAG DROP & RUN UP PROCED,True,True,none
101756::combined,101756,sensitivity,raw,ENG DIED AFTER LANDING. STARTED A/C USING FLOODED START PROCEDURE. A/C RAN NORM,ENGINE DIED AFTER LANDING. STARTED AIRCRAFT USING FLOODED START PROCEDURE. AIRCRAFT RAN NORMAL,ENG DIED AFTER LANDING. STARTED A/C USING FLOODED START PROCEDURE. A/C RAN NORM,ENG DIED AFTER LANDING. STARTED A/C USING FLOODED START PROCEDURE. A/C RAN NORM,True,True,none
101757::combined,101757,sensitivity,raw,"ENG HAD MOMENTARY OVERSPEED TO 2770 RPM. PER LYCOMING , NO FURTHER ACTION REQUIRED AS OVE","ENGINE HAD MOMENTARY OVERSPEED TO TWENTY SEVEN HUNDRED AND SEVENTY RPM. PER LYCOMING , NO FURTHER ACTION REQUIRED","ENG HAD MOMENTARY OVERSPEED TO 2770 RPM. PER LYCOMING , NO FURTHER ACTION REQUIRED AS OVE","ENG HAD MOMENTARY OVERSPEED TO 2770 RPM. PER LYCOMING , NO FURTHER ACTION REQUIRED AS OVE",True,True,none
101783::combined,101783,sensitivity,raw,"FWD LOWER ENGINE BAFFLE CRACKED. REMOVED ENGINE BAFFLE, STOP DRILLED CRACK, FABRICATED P","FORWARD LOWER ENGINE BAFFLE CRACKED. REMOVED ENGINE BAFFLE, STOP DRILLED CRACK, FABRICATED PATCH WITH LIKE MATERIAL","FWD LOWER ENGINE BAFFLE CRACKED. REMOVED ENGINE BAFFLE, STOP DRILLED CRACK, FABRICATED P","FWD LOWER ENGINE BAFFLE CRACKED. REMOVED ENGINE BAFFLE, STOP DRILLED CRACK, FABRICATED P",True,True,none
101790::combined,101790,sensitivity,raw,"DURING CRUISE, ENGINE BECAME INCREDIBLY ROUGH. ENGINE CONTIN RAN A/C & CYLINDER LEAK & OPS CK'ED GOOD.","DURING CRUISE, ENGINE BECAME INCREDIBLY ROUGH. RAN AIRCRAFT AND CYLINDER LEAK AND OPERATIONS CHECKED GOOD.","DURING CRUISE, ENGINE BECAME INCREDIBLY ROUGH. ENGINE CONTIN RAN A/C & CYLINDER LEAK & OPS CK'ED GOOD.","DURING CRUISE, ENGINE BECAME INCREDIBLY ROUGH. ENGINE CONTIN RAN A/C & CYLINDER LEAK & OPS CK'ED GOOD.",True,True,none
101791::combined,101791,sensitivity,raw,"DURING CRUISE, ENGINE BECAME INCREDIBLY ROUGH. ENGINE CONTIN REMOVED #2 CYL. FOUND #2 EXHAUST VALVE & GUIDE GALLED.","DURING CRUISE, ENGINE BECAME INCREDIBLY ROUGH. REMOVED NUMBER TWO CYLINDER. FOUND NUMBER TWO EXHAUST VALVE AND GUIDE GALLED.","DURING CRUISE, ENGINE BECAME INCREDIBLY ROUGH. ENGINE CONTIN REMOVED #2 CYL. FOUND #2 EXHAUST VALVE & GUIDE GALLED.","DURING CRUISE, ENGINE BECAME INCREDIBLY ROUGH. ENGINE CONTIN REMOVED #2 CYL. FOUND #2 EXHAUST VALVE & GUIDE GALLED.",True,True,none
101792::combined,101792,sensitivity,raw,"DURING CRUISE, ENGINE BECAME INCREDIBLY ROUGH. ENGINE CONTIN COMPLETED INSTALLATION OF #2 CYL. SERVICED ENGINE W/ 8","DURING CRUISE, ENGINE BECAME INCREDIBLY ROUGH. COMPLETED INSTALLATION OF NUMBER TWO CYLINDER. SERVICED ENGINE WITH EIGHT","DURING CRUISE, ENGINE BECAME INCREDIBLY ROUGH. ENGINE CONTIN COMPLETED INSTALLATION OF #2 CYL. SERVICED ENGINE W/ 8","DURING CRUISE, ENGINE BECAME INCREDIBLY ROUGH. ENGINE CONTIN COMPLETED INSTALLATION OF #2 CYL. SERVICED ENGINE W/ 8",True,True,none
101795::combined,101795,sensitivity,raw,"R/H AFT BAFFLE CRACKED. DISCONNECTED OIL PRESSURE LINE, DISPLACED OIL COOLER. F","RIGHT-HAND AFT BAFFLE CRACKED. DISCONNECTED OIL PRESSURE LINE, DISPLACED OIL COOLER.","R/H AFT BAFFLE CRACKED. DISCONNECTED OIL PRESSURE LINE, DISPLACED OIL COOLER. F","R/H AFT BAFFLE CRACKED. DISCONNECTED OIL PRESSURE LINE, DISPLACED OIL COOLER. F",True,True,none
101806::combined,101806,sensitivity,raw,"R/H REAR ENGINE BAFFLE SUPPORT BRACKET RIVETS BROKEN. LOOSENED OIL COOLER, OIL PRESSURE LINE. RE-RIVETED BAFF","RIGHT-HAND REAR ENGINE BAFFLE SUPPORT BRACKET RIVETS BROKEN. LOOSENED OIL COOLER, OIL PRESSURE LINE. RE-RIVETED BAFFLE","R/H REAR ENGINE BAFFLE SUPPORT BRACKET RIVETS BROKEN. LOOSENED OIL COOLER, OIL PRESSURE LINE. RE-RIVETED BAFF","R/H REAR ENGINE BAFFLE SUPPORT BRACKET RIVETS BROKEN. LOOSENED OIL COOLER, OIL PRESSURE LINE. RE-RIVETED BAFF",True,True,none
101811::combined,101811,sensitivity,raw,"CLIMBING AFTER TAKEOFF, ENGINE CHOKED & BACK FIRED. PERFORMED ENGINE RUN UP, CK'ED FOR NORMAL OPERATION AT","CLIMBING AFTER TAKEOFF, ENGINE CHOKED AND BACKFIRED. PERFORMED ENGINE RUN UP, CHECKED FOR NORMAL OPERATION","CLIMBING AFTER TAKEOFF, ENGINE CHOKED & BACK FIRED. PERFORMED ENGINE RUN UP, CK'ED FOR NORMAL OPERATION AT","CLIMBING AFTER TAKEOFF, ENGINE CHOKED & BACK FIRED. PERFORMED ENGINE RUN UP, CK'ED FOR NORMAL OPERATION AT",True,True,none
101812::combined,101812,sensitivity,raw,"LOWER FRONT ENGINE CASE HALF SEAM IS LEAKING. REINSTALLED FLYWHEEL. REINSTALLED, TORQUED & SAFETIED P","LOWER FRONT ENGINE CASE HALF SEAM IS LEAKING. REINSTALLED FLYWHEEL. REINSTALLED, TORQUED AND SAFETIED","LOWER FRONT ENGINE CASE HALF SEAM IS LEAKING. REINSTALLED FLYWHEEL. REINSTALLED, TORQUED & SAFETIED P","LOWER FRONT ENGINE CASE HALF SEAM IS LEAKING. REINSTALLED FLYWHEEL. REINSTALLED, TORQUED & SAFETIED P",True,True,none
101813::combined,101813,sensitivity,raw,LOWER FRONT ENGINE CASE HALF SEAM IS LEAKING. REMOVED PROP & FLYWHEEL TO GAIN ACCESS. CLEANED FWD CAS,LOWER FRONT ENGINE CASE HALF SEAM IS LEAKING. REMOVED PROPELLER AND FLYWHEEL TO GAIN ACCESS. CLEANED FORWARD CASE,LOWER FRONT ENGINE CASE HALF SEAM IS LEAKING. REMOVED PROP & FLYWHEEL TO GAIN ACCESS. CLEANED FWD CAS,LOWER FRONT ENGINE CASE HALF SEAM IS LEAKING. REMOVED PROP & FLYWHEEL TO GAIN ACCESS. CLEANED FWD CAS,True,True,none
101825::combined,101825,sensitivity,raw,"CYL #4 AFT BAFFLE CRACKED. REMOVED & REPLACED AFT BAFFLE, INSTALLED NEW BAFFLE SPR","CYLINDER NUMBER FOUR AFT BAFFLE CRACKED. REMOVED AND REPLACED AFT BAFFLE, INSTALLED NEW BAFFLE","CYL #4 AFT BAFFLE CRACKED. REMOVED & REPLACED AFT BAFFLE, INSTALLED NEW BAFFLE SPR","CYL #4 AFT BAFFLE CRACKED. REMOVED & REPLACED AFT BAFFLE, INSTALLED NEW BAFFLE SPR",True,True,none
101826::combined,101826,sensitivity,raw,"L/H ENGINE BAFFLE PLUG DAMAGED. REMOVED & REPLACED L/H BAFFLE PLUG, NEW CYL #4 AFT BAFF","LEFT-HAND ENGINE BAFFLE PLUG DAMAGED. REMOVED AND REPLACED LEFT-HAND BAFFLE PLUG, NEW CYLINDER NUMBER FOUR AFT BAFFLE","L/H ENGINE BAFFLE PLUG DAMAGED. REMOVED & REPLACED L/H BAFFLE PLUG, NEW CYL #4 AFT BAFF","L/H ENGINE BAFFLE PLUG DAMAGED. REMOVED & REPLACED L/H BAFFLE PLUG, NEW CYL #4 AFT BAFF",True,True,none
101834::combined,101834,sensitivity,raw,"BOLT MISSING FROM #4 CYL HEAD. INSPECTED, FOUND NO BOLTS MISSING FROM CYL #4 HEAD. FOU","BOLT MISSING FROM NUMBER FOUR CYLINDER HEAD. INSPECTED, FOUND NO BOLTS MISSING FROM CYLINDER NUMBER FOUR HEAD.","BOLT MISSING FROM #4 CYL HEAD. INSPECTED, FOUND NO BOLTS MISSING FROM CYL #4 HEAD. FOU","BOLT MISSING FROM #4 CYL HEAD. INSPECTED, FOUND NO BOLTS MISSING FROM CYL #4 HEAD. FOU",True,True,none
101858::combined,101858,sensitivity,raw,R/H REAR ENGINE BAFFLE MOUNTING SCREW MISSING & BRACKET RIVE REMOVED BAFFLE & REATTACHED BRACKET. REPLACED MISSING S,RIGHT-HAND REAR ENGINE BAFFLE MOUNTING SCREW MISSING AND BRACKET RIVET. REMOVED BAFFLE AND REATTACHED BRACKET. REPLACED MISSING SCREW,R/H REAR ENGINE BAFFLE MOUNTING SCREW MISSING & BRACKET RIVE REMOVED BAFFLE & REATTACHED BRACKET. REPLACED MISSING S,R/H REAR ENGINE BAFFLE MOUNTING SCREW MISSING & BRACKET RIVE REMOVED BAFFLE & REATTACHED BRACKET. REPLACED MISSING S,True,True,none
101879::combined,101879,sensitivity,raw,"RAN SMOOTHLY AFTER ENGINE START LEAN PROCEDURE, THEN RAN VER RAN A/C & FOUND ENGINE RUNNING EXTREMELY ROUGH, INTERMI","RAN SMOOTHLY AFTER ENGINE START LEAN PROCEDURE, THEN RAN VERY ROUGH. RAN AIRCRAFT AND FOUND ENGINE RUNNING EXTREMELY ROUGH","RAN SMOOTHLY AFTER ENGINE START LEAN PROCEDURE, THEN RAN VER RAN A/C & FOUND ENGINE RUNNING EXTREMELY ROUGH, INTERMI","RAN SMOOTHLY AFTER ENGINE START LEAN PROCEDURE, THEN RAN VER RAN A/C & FOUND ENGINE RUNNING EXTREMELY ROUGH, INTERMI",True,True,none
101880::combined,101880,sensitivity,raw,"RAN SMOOTHLY AFTER ENGINE START LEAN PROCEDURE, THEN RAN VER INSTALLED NEW GASKETS & SEALS, AS WELL AS, #2 CYL VALVE","RAN SMOOTHLY AFTER ENGINE START LEAN PROCEDURE, THEN RAN VERY ROUGH. INSTALLED NEW GASKETS AND SEALS, AS WELL AS, NUMBER TWO CYLINDER VALVE","RAN SMOOTHLY AFTER ENGINE START LEAN PROCEDURE, THEN RAN VER INSTALLED NEW GASKETS & SEALS, AS WELL AS, #2 CYL VALVE","RAN SMOOTHLY AFTER ENGINE START LEAN PROCEDURE, THEN RAN VER INSTALLED NEW GASKETS & SEALS, AS WELL AS, #2 CYL VALVE",True,True,none
101881::combined,101881,sensitivity,raw,"RAN SMOOTHLY AFTER ENGINE START LEAN PROCEDURE, THEN RAN VER REMOVED INJECTOR NOZZLES, CLEANED & REINSTALLED. PERFOR","RAN SMOOTHLY AFTER ENGINE START LEAN PROCEDURE, THEN RAN VERY ROUGH. REMOVED INJECTOR NOZZLES, CLEANED AND REINSTALLED.","RAN SMOOTHLY AFTER ENGINE START LEAN PROCEDURE, THEN RAN VER REMOVED INJECTOR NOZZLES, CLEANED & REINSTALLED. PERFOR","RAN SMOOTHLY AFTER ENGINE START LEAN PROCEDURE, THEN RAN VER REMOVED INJECTOR NOZZLES, CLEANED & REINSTALLED. PERFOR",True,True,none
101888::combined,101888,sensitivity,raw,R/H ENGINE #4 CYL BAFFLE BRACE NEEDS TO BE REMOVED FOR CAN O INSTALLED NEW BRACE.,RIGHT-HAND ENGINE NUMBER FOUR CYLINDER BAFFLE BRACE NEEDS TO BE REMOVED FOR CANNIBALIZATION. INSTALLED NEW BRACE.,R/H ENGINE #4 CYL BAFFLE BRACE NEEDS TO BE REMOVED FOR CAN O INSTALLED NEW BRACE.,R/H ENGINE #4 CYL BAFFLE BRACE NEEDS TO BE REMOVED FOR CAN O INSTALLED NEW BRACE.,True,True,none
101889::combined,101889,sensitivity,raw,R/H ENGINE #4 CYL BAFFLE BRACE NEEDS TO BE REMOVED FOR CAN O REMOVED BRACE AS SERVICEABLE. PART ON ORDER.,RIGHT-HAND ENGINE NUMBER FOUR CYLINDER BAFFLE BRACE NEEDS TO BE REMOVED FOR CANNIBALIZATION. REMOVED BRACE AS SERVICEABLE. PART ON ORDER.,R/H ENGINE #4 CYL BAFFLE BRACE NEEDS TO BE REMOVED FOR CAN O REMOVED BRACE AS SERVICEABLE. PART ON ORDER.,R/H ENGINE #4 CYL BAFFLE BRACE NEEDS TO BE REMOVED FOR CAN O REMOVED BRACE AS SERVICEABLE. PART ON ORDER.,True,True,none
101890::combined,101890,sensitivity,raw,AUTO RELIGHT DEFERRED. SEE,AUTO RELIGHT DEFERRED.,AUTO RELIGHT DEFERRED. SEE,AUTO RELIGHT DEFERRED. SEE,True,True,none
101891::combined,101891,sensitivity,raw,"LEFT ENGINE WOULD NOT START. ATTEMPTED NORMAL & FLOODED. PERFORMED NORMAL ENGINE START, NO DISCREPANCY NOTED. L/","LEFT ENGINE WOULD NOT START. ATTEMPTED NORMAL AND FLOODED. PERFORMED NORMAL ENGINE START, NO DISCREPANCY NOTED.","LEFT ENGINE WOULD NOT START. ATTEMPTED NORMAL & FLOODED. PERFORMED NORMAL ENGINE START, NO DISCREPANCY NOTED. L/","LEFT ENGINE WOULD NOT START. ATTEMPTED NORMAL & FLOODED. PERFORMED NORMAL ENGINE START, NO DISCREPANCY NOTED. L/",True,True,none
101894::combined,101894,sensitivity,raw,"ENGINE HESITATION/ROUGHNESS 30 SEC AFTER TAKEOFF. NO FURTHER RAN A/C, DID NOT NOTICE ANY ROUGHNESS OR HESTITATION.","ENGINE HESITATION OR ROUGHNESS THIRTY SECONDS AFTER TAKEOFF. RAN AIRCRAFT, DID NOT NOTICE ANY ROUGHNESS OR HESTITATION.","ENGINE HESITATION/ROUGHNESS 30 SEC AFTER TAKEOFF. NO FURTHER RAN A/C, DID NOT NOTICE ANY ROUGHNESS OR HESTITATION.","ENGINE HESITATION/ROUGHNESS 30 SEC AFTER TAKEOFF. NO FURTHER RAN A/C, DID NOT NOTICE ANY ROUGHNESS OR HESTITATION.",True,True,none
101902::combined,101902,sensitivity,raw,"ENGINE RPM OF 2720. C/W LYCOMING , LESS THAN 5% REQUIREMENTS. NO FUR","ENGINE RPM OF TWENTY SEVEN HUNDRED AND TWENTY. COMPLIED WITH LYCOMING , LESS THAN FIVE PERCENT REQUIREMENTS.","ENGINE RPM OF 2720. C/W LYCOMING , LESS THAN 5% REQUIREMENTS. NO FUR","ENGINE RPM OF 2720. C/W LYCOMING , LESS THAN 5% REQUIREMENTS. NO FUR",True,True,none
101905::combined,101905,sensitivity,raw,CRANKSHAFT SEAL APPEARS TO BE LEAKING. REMOVED SAFETY WIRE FROM PROP BOLTS. CLEANED AREA. RAN,CRANKSHAFT SEAL APPEARS TO BE LEAKING. REMOVED SAFETY WIRE FROM PROPELLER BOLTS. CLEANED AREA.,CRANKSHAFT SEAL APPEARS TO BE LEAKING. REMOVED SAFETY WIRE FROM PROP BOLTS. CLEANED AREA. RAN,CRANKSHAFT SEAL APPEARS TO BE LEAKING. REMOVED SAFETY WIRE FROM PROP BOLTS. CLEANED AREA. RAN,True,True,none
101906::combined,101906,sensitivity,raw,CRANKSHAFT SEAL APPEARS TO BE LEAKING. REMOVED PROP. FOUND CRANKSHAFT SEAL TO BE LEAKING. REMO,CRANKSHAFT SEAL APPEARS TO BE LEAKING. REMOVED PROPELLER. FOUND CRANKSHAFT SEAL TO BE LEAKING. REMOVED,CRANKSHAFT SEAL APPEARS TO BE LEAKING. REMOVED PROP. FOUND CRANKSHAFT SEAL TO BE LEAKING. REMO,CRANKSHAFT SEAL APPEARS TO BE LEAKING. REMOVED PROP. FOUND CRANKSHAFT SEAL TO BE LEAKING. REMO,True,True,none
101908::combined,101908,sensitivity,raw,"CYL #3 AFT BAFFLE SCREW IS TIGHT, BUT BAFFLE IS LOOSE. REMOVED OIL FILLER TUBE, REMOVED SCREW. TAPPED HOLE & C","CYLINDER NUMBER THREE AFT BAFFLE SCREW IS TIGHT, BUT BAFFLE IS LOOSE. REMOVED OIL FILLER TUBE, REMOVED SCREW. TAPPED HOLE","CYL #3 AFT BAFFLE SCREW IS TIGHT, BUT BAFFLE IS LOOSE. REMOVED OIL FILLER TUBE, REMOVED SCREW. TAPPED HOLE & C","CYL #3 AFT BAFFLE SCREW IS TIGHT, BUT BAFFLE IS LOOSE. REMOVED OIL FILLER TUBE, REMOVED SCREW. TAPPED HOLE & C",True,True,none
101917::combined,101917,sensitivity,raw,"CENTER AFT ENGINE BAFFLE CRACKED. REMOVED BAFFLE, DRILLED OUT RIVETS & REMOVED CRACKED PO","CENTER AFT ENGINE BAFFLE CRACKED. REMOVED BAFFLE, DRILLED OUT RIVETS","CENTER AFT ENGINE BAFFLE CRACKED. REMOVED BAFFLE, DRILLED OUT RIVETS & REMOVED CRACKED PO","CENTER AFT ENGINE BAFFLE CRACKED. REMOVED BAFFLE, DRILLED OUT RIVETS & REMOVED CRACKED PO",True,True,none
101934::combined,101934,sensitivity,raw,#1 CYL HAS LOW COMPRESSION. REMOVED CYL #1. REMOVED PISTON. INSTALLED NEW PISTON. I,NUMBER ONE CYLINDER HAS LOW COMPRESSION. REMOVED CYLINDER NUMBER ONE. REMOVED PISTON. INSTALLED NEW PISTON.,#1 CYL HAS LOW COMPRESSION. REMOVED CYL #1. REMOVED PISTON. INSTALLED NEW PISTON. I,#1 CYL HAS LOW COMPRESSION. REMOVED CYL #1. REMOVED PISTON. INSTALLED NEW PISTON. I,True,True,none
101935::combined,101935,sensitivity,raw,"#1 CYL HAS LOW COMPRESSION. REMOVED AIR INTAKE PIPE. REMOVED EXHAUST, REMOVED #1 RO",NUMBER ONE CYLINDER HAS LOW COMPRESSION. REMOVED AIR INTAKE PIPE. REMOVED EXHAUST,"#1 CYL HAS LOW COMPRESSION. REMOVED AIR INTAKE PIPE. REMOVED EXHAUST, REMOVED #1 RO","#1 CYL HAS LOW COMPRESSION. REMOVED AIR INTAKE PIPE. REMOVED EXHAUST, REMOVED #1 RO",True,True,none
101936::combined,101936,sensitivity,raw,"CYL #1 & 3 SIDE BAFFLE IS CRACKED. FABRICATED PATCH OF LIKE MATERIAL, INSTALLED USING EXIS","CYLINDER NUMBER ONE AND NUMBER THREE SIDE BAFFLE IS CRACKED. FABRICATED PATCH OF LIKE MATERIAL, INSTALLED USING EXISTING HARDWARE","CYL #1 & 3 SIDE BAFFLE IS CRACKED. FABRICATED PATCH OF LIKE MATERIAL, INSTALLED USING EXIS","CYL #1 & 3 SIDE BAFFLE IS CRACKED. FABRICATED PATCH OF LIKE MATERIAL, INSTALLED USING EXIS",True,True,none
101937::combined,101937,sensitivity,raw,CYL #2 EXHAUST TUBE ELBOW TOP BOLT NEEDS TO BE RECOTTER PINN REMOVED & REPLACED LOOSE COTTER PIN.,CYLINDER NUMBER TWO EXHAUST TUBE ELBOW TOP BOLT NEEDS TO BE RECOTTER PINNED. REMOVED AND REPLACED LOOSE COTTER PIN.,CYL #2 EXHAUST TUBE ELBOW TOP BOLT NEEDS TO BE RECOTTER PINN REMOVED & REPLACED LOOSE COTTER PIN.,CYL #2 EXHAUST TUBE ELBOW TOP BOLT NEEDS TO BE RECOTTER PINN REMOVED & REPLACED LOOSE COTTER PIN.,True,True,none
101940::combined,101940,sensitivity,raw,"AFT BAFFLE SUPPORT CYL #3 HAS SHEARED RIVET. REMOVED BAFFLE, INSTALLED NEW RIVETS, REINSTALLED BAFFL","AFT BAFFLE SUPPORT CYLINDER NUMBER THREE HAS SHEARED RIVET. REMOVED BAFFLE, INSTALLED NEW RIVETS, REINSTALLED BAFFLE","AFT BAFFLE SUPPORT CYL #3 HAS SHEARED RIVET. REMOVED BAFFLE, INSTALLED NEW RIVETS, REINSTALLED BAFFL","AFT BAFFLE SUPPORT CYL #3 HAS SHEARED RIVET. REMOVED BAFFLE, INSTALLED NEW RIVETS, REINSTALLED BAFFL",True,True,none
101944::combined,101944,sensitivity,raw,"R/H CYL COOLING BAFFLE CONTACTING OIL RETURN LINE. TIGHTENED BAFFLE CONNECTING ROD, NO DAMAGE TO OIL RETUR","RIGHT-HAND CYLINDER COOLING BAFFLE CONTACTING OIL RETURN LINE. TIGHTENED BAFFLE CONNECTING ROD, NO DAMAGE TO OIL RETURN LINE","R/H CYL COOLING BAFFLE CONTACTING OIL RETURN LINE. TIGHTENED BAFFLE CONNECTING ROD, NO DAMAGE TO OIL RETUR","R/H CYL COOLING BAFFLE CONTACTING OIL RETURN LINE. TIGHTENED BAFFLE CONNECTING ROD, NO DAMAGE TO OIL RETUR",True,True,none
101957::combined,101957,sensitivity,raw,"R/H AFT BAFFLING RIVETS SHEARED. REMOVED BAFFLING, DRILLED OUT BROKEN RIVETS. REPLACED B","RIGHT-HAND AFT BAFFLING RIVETS SHEARED. REMOVED BAFFLING, DRILLED OUT BROKEN RIVETS. REPLACED","R/H AFT BAFFLING RIVETS SHEARED. REMOVED BAFFLING, DRILLED OUT BROKEN RIVETS. REPLACED B","R/H AFT BAFFLING RIVETS SHEARED. REMOVED BAFFLING, DRILLED OUT BROKEN RIVETS. REPLACED B",True,True,none
101982::combined,101982,sensitivity,raw,"R/H AFT COOLING BAFFLING RIVETS SHEARED. REMOVED AFT BAFFLE, INSTALLED NEW RIVETS. REATTACHED AF","RIGHT-HAND AFT COOLING BAFFLING RIVETS SHEARED. REMOVED AFT BAFFLE, INSTALLED NEW RIVETS. REATTACHED AFT BAFFLE","R/H AFT COOLING BAFFLING RIVETS SHEARED. REMOVED AFT BAFFLE, INSTALLED NEW RIVETS. REATTACHED AF","R/H AFT COOLING BAFFLING RIVETS SHEARED. REMOVED AFT BAFFLE, INSTALLED NEW RIVETS. REATTACHED AF",True,True,none
101993::combined,101993,sensitivity,raw,R/H PROP SHAFT SEAL SEEPING. INSTALLED NEW SEAL & GASKET. TORQUED & SAFETIED REATINE,RIGHT-HAND PROPELLER SHAFT SEAL SEEPING. INSTALLED NEW SEAL AND GASKET. TORQUED AND SAFETIED RETAINER NUT,R/H PROP SHAFT SEAL SEEPING. INSTALLED NEW SEAL & GASKET. TORQUED & SAFETIED REATINE,R/H PROP SHAFT SEAL SEEPING. INSTALLED NEW SEAL & GASKET. TORQUED & SAFETIED REATINE,True,True,none
102002::combined,102002,sensitivity,raw,"ENGINE FAILURE WHILE HOLDING SHORT. THROTTLE WAS IDLE. RAN A/C. MAG, IDLE RPM & IDLE MIXTURE CK GOOD. INSPECTE","ENGINE FAILURE WHILE HOLDING SHORT. THROTTLE WAS IDLE. RAN AIRCRAFT. MAGNETO, IDLE RPM AND IDLE MIXTURE CHECK GOOD. INSPECTED","ENGINE FAILURE WHILE HOLDING SHORT. THROTTLE WAS IDLE. RAN A/C. MAG, IDLE RPM & IDLE MIXTURE CK GOOD. INSPECTE","ENGINE FAILURE WHILE HOLDING SHORT. THROTTLE WAS IDLE. RAN A/C. MAG, IDLE RPM & IDLE MIXTURE CK GOOD. INSPECTE",True,True,none
102010::combined,102010,sensitivity,raw,"RIVET SHEARED @ R/H AFT BAFFLE. REPLACED UPPER BAFFLE MATERIAL RIVET, INSTALLED NEW SCR","RIVET SHEARED AT RIGHT-HAND AFT BAFFLE. REPLACED UPPER BAFFLE MATERIAL RIVET, INSTALLED NEW SCREW","RIVET SHEARED @ R/H AFT BAFFLE. REPLACED UPPER BAFFLE MATERIAL RIVET, INSTALLED NEW SCR","RIVET SHEARED @ R/H AFT BAFFLE. REPLACED UPPER BAFFLE MATERIAL RIVET, INSTALLED NEW SCR",True,True,none
102011::combined,102011,sensitivity,raw,"ROCKER COVERS 2, 3 & 4 LEAKING. REMOVED ROCKER COVERS, CLEANED MATING SURFACES, INSTALL","ROCKER COVERS TWO, THREE AND FOUR LEAKING. REMOVED ROCKER COVERS, CLEANED MATING SURFACES, INSTALLED","ROCKER COVERS 2, 3 & 4 LEAKING. REMOVED ROCKER COVERS, CLEANED MATING SURFACES, INSTALL","ROCKER COVERS 2, 3 & 4 LEAKING. REMOVED ROCKER COVERS, CLEANED MATING SURFACES, INSTALL",True,True,none
102014::combined,102014,sensitivity,raw,#2 ENGINE LEFT REAR BAFFLE CRACKED @ INTER-CYLINDER CONNECT INSTALLED SHEET METAL DOUBLER & STOP DRILLED.,NUMBER TWO ENGINE LEFT REAR BAFFLE CRACKED AT INTER-CYLINDER CONNECTION. INSTALLED SHEET METAL DOUBLER AND STOP DRILLED.,#2 ENGINE LEFT REAR BAFFLE CRACKED @ INTER-CYLINDER CONNECT INSTALLED SHEET METAL DOUBLER & STOP DRILLED.,#2 ENGINE LEFT REAR BAFFLE CRACKED @ INTER-CYLINDER CONNECT INSTALLED SHEET METAL DOUBLER & STOP DRILLED.,True,True,none
102022::combined,102022,sensitivity,raw,"ON APPROACH, ENGINE ROUGHNESS ABOUT 7 - 10 SECS. ADJUSTED MI PERFORMED GROUND RUN, ALL SYSTEMS OPS CK'ED GOOD.","ON APPROACH, ENGINE ROUGHNESS ABOUT SEVEN TO TEN SECONDS. ADJUSTED MIXTURE. PERFORMED GROUND RUN, ALL SYSTEMS OPERATIONS CHECKED GOOD.","ON APPROACH, ENGINE ROUGHNESS ABOUT 7 - 10 SECS. ADJUSTED MI PERFORMED GROUND RUN, ALL SYSTEMS OPS CK'ED GOOD.","ON APPROACH, ENGINE ROUGHNESS ABOUT 7 - 10 SECS. ADJUSTED MI PERFORMED GROUND RUN, ALL SYSTEMS OPS CK'ED GOOD.",True,True,none
102023::combined,102023,sensitivity,raw,"ON APPROACH, ENGINE ROUGHNESS ABOUT 7 - 10 SECS. ADJUSTED MI INSPECTED ENGINE, FOUND CYL #2 INTAKE LEAK. REMOVED & R","ON APPROACH, ENGINE ROUGHNESS ABOUT SEVEN TO TEN SECONDS. ADJUSTED MIXTURE. INSPECTED ENGINE, FOUND CYLINDER NUMBER TWO INTAKE LEAK. REMOVED AND REPLACED","ON APPROACH, ENGINE ROUGHNESS ABOUT 7 - 10 SECS. ADJUSTED MI INSPECTED ENGINE, FOUND CYL #2 INTAKE LEAK. REMOVED & R","ON APPROACH, ENGINE ROUGHNESS ABOUT 7 - 10 SECS. ADJUSTED MI INSPECTED ENGINE, FOUND CYL #2 INTAKE LEAK. REMOVED & R",True,True,none
102024::combined,102024,sensitivity,raw,"PERFORMING GROUND REF MAN, THROTTLE WAS AT 1600 RPM, THROTTL RAN A/C, ENGINE RAN VERY ROUGH. #2 & 3 EGT'S WERE MUCH","PERFORMING GROUND REFERENCE MANEUVERS, THROTTLE WAS AT SIXTEEN HUNDRED RPM. RAN AIRCRAFT, ENGINE RAN VERY ROUGH.","PERFORMING GROUND REF MAN, THROTTLE WAS AT 1600 RPM, THROTTL RAN A/C, ENGINE RAN VERY ROUGH. #2 & 3 EGT'S WERE MUCH","PERFORMING GROUND REF MAN, THROTTLE WAS AT 1600 RPM, THROTTL RAN A/C, ENGINE RAN VERY ROUGH. #2 & 3 EGT'S WERE MUCH",True,True,none
102025::combined,102025,sensitivity,raw,"PERFORMING GROUND REF MAN, THROTTLE WAS AT 1600 RPM, THROTTL INSPECTED, FOUND EXHAUST VALVE CONTACTED PISTON. BEGAN","PERFORMING GROUND REFERENCE MANEUVERS, THROTTLE WAS AT SIXTEEN HUNDRED RPM. INSPECTED, FOUND EXHAUST VALVE CONTACTED PISTON.","PERFORMING GROUND REF MAN, THROTTLE WAS AT 1600 RPM, THROTTL INSPECTED, FOUND EXHAUST VALVE CONTACTED PISTON. BEGAN","PERFORMING GROUND REF MAN, THROTTLE WAS AT 1600 RPM, THROTTL INSPECTED, FOUND EXHAUST VALVE CONTACTED PISTON. BEGAN",True,True,none
102026::combined,102026,sensitivity,raw,"PERFORMING GROUND REF MAN, THROTTLE WAS AT 1600 RPM, THROTTL REAMED EXHAUST VALVE GUIDES ON #1, 2 & 4 CYLINDERS IAW","PERFORMING GROUND REFERENCE MANEUVERS, THROTTLE WAS AT SIXTEEN HUNDRED RPM. REAMED EXHAUST VALVE GUIDES ON NUMBERS ONE, TWO AND FOUR CYLINDERS IN ACCORDANCE WITH REFERENCE MANUAL","PERFORMING GROUND REF MAN, THROTTLE WAS AT 1600 RPM, THROTTL REAMED EXHAUST VALVE GUIDES ON #1, 2 & 4 CYLINDERS IAW","PERFORMING GROUND REF MAN, THROTTLE WAS AT 1600 RPM, THROTTL REAMED EXHAUST VALVE GUIDES ON #1, 2 & 4 CYLINDERS IAW",True,True,none
102027::combined,102027,sensitivity,raw,"PERFORMING GROUND REF MAN, THROTTLE WAS AT 1600 RPM, THROTTL RAN ENGINE, OPS & LEAK CK GOOD. INSTALLED COWL & ""MINER","PERFORMING GROUND REFERENCE MANEUVERS, THROTTLE WAS AT SIXTEEN HUNDRED RPM. RAN ENGINE, OPERATIONS AND LEAK CHECK GOOD. INSTALLED COWL","PERFORMING GROUND REF MAN, THROTTLE WAS AT 1600 RPM, THROTTL RAN ENGINE, OPS & LEAK CK GOOD. INSTALLED COWL & ""MINER","PERFORMING GROUND REF MAN, THROTTLE WAS AT 1600 RPM, THROTTL RAN ENGINE, OPS & LEAK CK GOOD. INSTALLED COWL & ""MINER",True,True,none
102028::combined,102028,sensitivity,raw,"PERFORMING GROUND REF MAN, THROTTLE WAS AT 1600 RPM, THROTTL INSTALLED BAFFLES. DIRECT DRIVE OVERH","PERFORMING GROUND REFERENCE MANEUVERS, THROTTLE WAS AT SIXTEEN HUNDRED RPM. INSTALLED BAFFLES.","PERFORMING GROUND REF MAN, THROTTLE WAS AT 1600 RPM, THROTTL INSTALLED BAFFLES. DIRECT DRIVE OVERH","PERFORMING GROUND REF MAN, THROTTLE WAS AT 1600 RPM, THROTTL INSTALLED BAFFLES. DIRECT DRIVE OVERH",True,True,none
102029::combined,102029,sensitivity,raw,"PERFORMING GROUND REF MAN, THROTTLE WAS AT 1600 RPM, THROTTL REMOVED #3 AFT CYL ASS & INSTALLED REPAIRED CYL ASSY KI","PERFORMING GROUND REFERENCE MANEUVERS, THROTTLE WAS AT SIXTEEN RPM. REMOVED NUMBER THREE AFT CYLINDER ASSEMBLY AND INSTALLED REPAIRED CYLINDER ASSEMBLY KIT","PERFORMING GROUND REF MAN, THROTTLE WAS AT 1600 RPM, THROTTL REMOVED #3 AFT CYL ASS & INSTALLED REPAIRED CYL ASSY KI","PERFORMING GROUND REF MAN, THROTTLE WAS AT 1600 RPM, THROTTL REMOVED #3 AFT CYL ASS & INSTALLED REPAIRED CYL ASSY KI",True,True,none
102036::combined,102036,sensitivity,raw,ENGINE STARTED & SEEMED TO BE RUNNING FINE. SUDDENLY ENGINE GROUND RUN CHECKS GOOD.,ENGINE STARTED AND SEEMED TO BE RUNNING FINE. GROUND RUN CHECKS GOOD.,ENGINE STARTED & SEEMED TO BE RUNNING FINE. SUDDENLY ENGINE GROUND RUN CHECKS GOOD.,ENGINE STARTED & SEEMED TO BE RUNNING FINE. SUDDENLY ENGINE GROUND RUN CHECKS GOOD.,True,True,none
102037::combined,102037,sensitivity,raw,ENGINE STARTED & SEEMED TO BE RUNNING FINE. SUDDENLY ENGINE REMOVED ALL 4 INJECTOR NOZZLES. ULTRASONICALLY CLEANED,ENGINE STARTED AND SEEMED TO BE RUNNING FINE. REMOVED ALL FOUR INJECTOR NOZZLES. ULTRASONICALLY CLEANED,ENGINE STARTED & SEEMED TO BE RUNNING FINE. SUDDENLY ENGINE REMOVED ALL 4 INJECTOR NOZZLES. ULTRASONICALLY CLEANED,ENGINE STARTED & SEEMED TO BE RUNNING FINE. SUDDENLY ENGINE REMOVED ALL 4 INJECTOR NOZZLES. ULTRASONICALLY CLEANED,True,True,none
102038::combined,102038,sensitivity,raw,ENGINE STARTED & SEEMED TO BE RUNNING FINE. SUDDENLY ENGINE TIMED BOTH MAGS TO ENGINE & TORQUED HOLD DOWNS. GROUND,ENGINE STARTED AND SEEMED TO BE RUNNING FINE. TIMED BOTH MAGNETOS TO ENGINE AND TORQUED HOLD DOWNS.,ENGINE STARTED & SEEMED TO BE RUNNING FINE. SUDDENLY ENGINE TIMED BOTH MAGS TO ENGINE & TORQUED HOLD DOWNS. GROUND,ENGINE STARTED & SEEMED TO BE RUNNING FINE. SUDDENLY ENGINE TIMED BOTH MAGS TO ENGINE & TORQUED HOLD DOWNS. GROUND,True,True,none
102039::combined,102039,sensitivity,raw,ENGINE STARTED & SEEMED TO BE RUNNING FINE. SUDDENLY ENGINE GROUND RAN A/C & FOUND NO ROUGH ENGINE. CK'ED MAG TIMIN,ENGINE STARTED AND SEEMED TO BE RUNNING FINE. GROUND RAN AIRCRAFT AND FOUND NO ROUGH ENGINE. CHECKED MAGNETO TIMING,ENGINE STARTED & SEEMED TO BE RUNNING FINE. SUDDENLY ENGINE GROUND RAN A/C & FOUND NO ROUGH ENGINE. CK'ED MAG TIMIN,ENGINE STARTED & SEEMED TO BE RUNNING FINE. SUDDENLY ENGINE GROUND RAN A/C & FOUND NO ROUGH ENGINE. CK'ED MAG TIMIN,True,True,none
102048::combined,102048,sensitivity,raw,L/H ENG #3 CYL COMPRESSION IS LOW. REMOVED BAFFLES & LINES. REMOVED #3 CYL. INSTALLED REPA,LEFT-HAND ENGINE NUMBER THREE CYLINDER COMPRESSION IS LOW. REMOVED BAFFLES AND LINES. REMOVED NUMBER THREE CYLINDER.,L/H ENG #3 CYL COMPRESSION IS LOW. REMOVED BAFFLES & LINES. REMOVED #3 CYL. INSTALLED REPA,L/H ENG #3 CYL COMPRESSION IS LOW. REMOVED BAFFLES & LINES. REMOVED #3 CYL. INSTALLED REPA,True,True,none
102051::combined,102051,sensitivity,raw,ALL 4 VALVE COVERS LEAKING ON R/H ENGINE. REMOVED & REPLACED ALL 4 ROCKER COVER GASKETS ON R/H EN,ALL FOUR VALVE COVERS LEAKING ON RIGHT-HAND ENGINE. REMOVED AND REPLACED ALL FOUR ROCKER COVER GASKETS ON RIGHT-HAND ENGINE,ALL 4 VALVE COVERS LEAKING ON R/H ENGINE. REMOVED & REPLACED ALL 4 ROCKER COVER GASKETS ON R/H EN,ALL 4 VALVE COVERS LEAKING ON R/H ENGINE. REMOVED & REPLACED ALL 4 ROCKER COVER GASKETS ON R/H EN,True,True,none
102056::combined,102056,sensitivity,raw,CYL #1 & 3 BOTTOM BAFFLE IS CRACKED @ TIE ROD. FABRICATED PATCH OF LIKE MATERIAL & INSTALLED IAW,CYLINDER NUMBER ONE AND NUMBER THREE BOTTOM BAFFLE IS CRACKED AT TIE ROD. FABRICATED PATCH OF LIKE MATERIAL AND INSTALLED IN ACCORDANCE WITH REFERENCE MANUAL,CYL #1 & 3 BOTTOM BAFFLE IS CRACKED @ TIE ROD. FABRICATED PATCH OF LIKE MATERIAL & INSTALLED IAW,CYL #1 & 3 BOTTOM BAFFLE IS CRACKED @ TIE ROD. FABRICATED PATCH OF LIKE MATERIAL & INSTALLED IAW,True,True,none
102057::combined,102057,sensitivity,raw,"#3 CYL ROCKER BOX COVER SCREW MISSING. INSTALLED NEW SCREW, CK'ED & TIGHTENED ALL ROCKER BOX C","NUMBER THREE CYLINDER ROCKER BOX COVER SCREW MISSING. INSTALLED NEW SCREW, CHECKED AND TIGHTENED ALL ROCKER BOX COVERS","#3 CYL ROCKER BOX COVER SCREW MISSING. INSTALLED NEW SCREW, CK'ED & TIGHTENED ALL ROCKER BOX C","#3 CYL ROCKER BOX COVER SCREW MISSING. INSTALLED NEW SCREW, CK'ED & TIGHTENED ALL ROCKER BOX C",True,True,none
102063::combined,102063,sensitivity,raw,AFT ENGINE BAFFLE WORN FROM RUBBING. REPOSITIONED LEFT BAFFLE TO CLEAR FROM ENGINE CASING. D,AFT ENGINE BAFFLE WORN FROM RUBBING. REPOSITIONED LEFT BAFFLE TO CLEAR FROM ENGINE CASING.,AFT ENGINE BAFFLE WORN FROM RUBBING. REPOSITIONED LEFT BAFFLE TO CLEAR FROM ENGINE CASING. D,AFT ENGINE BAFFLE WORN FROM RUBBING. REPOSITIONED LEFT BAFFLE TO CLEAR FROM ENGINE CASING. D,True,True,none
102072::combined,102072,sensitivity,raw,"COOLING BAFFLE ATTACHMENT BRACKET, BEHIND OIL FILL TUBE, IS FINISHED BAFFLE INSTALL.","COOLING BAFFLE ATTACHMENT BRACKET, BEHIND OIL FILL TUBE. FINISHED BAFFLE INSTALL.","COOLING BAFFLE ATTACHMENT BRACKET, BEHIND OIL FILL TUBE, IS FINISHED BAFFLE INSTALL.","COOLING BAFFLE ATTACHMENT BRACKET, BEHIND OIL FILL TUBE, IS FINISHED BAFFLE INSTALL.",True,True,none
102074::combined,102074,sensitivity,raw,"COOLING BAFFLE ATTACHMENT BRACKET, BEHIND OIL FILL TUBE, IS INSTALLED NEW BRACKET & STARTED REINSTALLING BAFFLE.","COOLING BAFFLE ATTACHMENT BRACKET, BEHIND OIL FILL TUBE. INSTALLED NEW BRACKET AND STARTED REINSTALLING BAFFLE.","COOLING BAFFLE ATTACHMENT BRACKET, BEHIND OIL FILL TUBE, IS INSTALLED NEW BRACKET & STARTED REINSTALLING BAFFLE.","COOLING BAFFLE ATTACHMENT BRACKET, BEHIND OIL FILL TUBE, IS INSTALLED NEW BRACKET & STARTED REINSTALLING BAFFLE.",True,True,none
102083::combined,102083,sensitivity,raw,"#1 INTAKE IS LEAKING AT OIL SUMP. CLEANED, REMOVED TUBE (UPPER) & RESWAGED LOWER TUBE IN","NUMBER ONE INTAKE IS LEAKING AT OIL SUMP. CLEANED, REMOVED UPPER TUBE AND RESWAGED LOWER TUBE","#1 INTAKE IS LEAKING AT OIL SUMP. CLEANED, REMOVED TUBE (UPPER) & RESWAGED LOWER TUBE IN","#1 INTAKE IS LEAKING AT OIL SUMP. CLEANED, REMOVED TUBE (UPPER) & RESWAGED LOWER TUBE IN",True,True,none
102092::combined,102092,sensitivity,raw,"CYL #1 & 3 BOTTOM BAFFLE IS CRACKED. STOP DRILLED CRACK, FABRICATED PATCH OF LIKE MATERIAL &","CYLINDER NUMBER ONE AND NUMBER THREE BOTTOM BAFFLE IS CRACKED. STOP DRILLED CRACK, FABRICATED PATCH OF LIKE MATERIAL","CYL #1 & 3 BOTTOM BAFFLE IS CRACKED. STOP DRILLED CRACK, FABRICATED PATCH OF LIKE MATERIAL &","CYL #1 & 3 BOTTOM BAFFLE IS CRACKED. STOP DRILLED CRACK, FABRICATED PATCH OF LIKE MATERIAL &",True,True,none
102099::combined,102099,sensitivity,raw,"SCREW BEHIND OIL FILLER TUBE LOOSE. REMOVED OIL FILLER TUBE, TOP OIL COOLER LINE, SECURED S","SCREW BEHIND OIL FILLER TUBE LOOSE. REMOVED OIL FILLER TUBE, TOP OIL COOLER LINE, SECURED","SCREW BEHIND OIL FILLER TUBE LOOSE. REMOVED OIL FILLER TUBE, TOP OIL COOLER LINE, SECURED S","SCREW BEHIND OIL FILLER TUBE LOOSE. REMOVED OIL FILLER TUBE, TOP OIL COOLER LINE, SECURED S",True,True,none
102113::combined,102113,sensitivity,raw,"#2 CYL FWD BAFFLE CRACKED. DISASSEMBLED AS REQUIRED, DETERMINED BAFFLE WAS PREVIOU","NUMBER TWO CYLINDER FORWARD BAFFLE CRACKED. DISASSEMBLED AS REQUIRED, DETERMINED BAFFLE WAS PREVIOUSLY CRACKED","#2 CYL FWD BAFFLE CRACKED. DISASSEMBLED AS REQUIRED, DETERMINED BAFFLE WAS PREVIOU","#2 CYL FWD BAFFLE CRACKED. DISASSEMBLED AS REQUIRED, DETERMINED BAFFLE WAS PREVIOU",True,True,none
102121::combined,102121,sensitivity,raw,"DURING HIGH SPEED ROLL, A/C HAD STRONG VIBRATION. RAN & TAXIED A/C. PERFORMED COMPRESSION CK. CLEANED, GA","DURING HIGH SPEED ROLL, AIRCRAFT HAD STRONG VIBRATION. RAN AND TAXIED AIRCRAFT. PERFORMED COMPRESSION CHECK.","DURING HIGH SPEED ROLL, A/C HAD STRONG VIBRATION. RAN & TAXIED A/C. PERFORMED COMPRESSION CK. CLEANED, GA","DURING HIGH SPEED ROLL, A/C HAD STRONG VIBRATION. RAN & TAXIED A/C. PERFORMED COMPRESSION CK. CLEANED, GA",True,True,none
102123::combined,102123,sensitivity,raw,"AFTER 20"" MANIFOLD PRESSURE, APPLIED FULL THROTTLE, STARTED WARMED UP BOTH ENGINES, OPS CK'ED BOTH ENGINES NOTING N","AFTER TWENTY INCHES MANIFOLD PRESSURE, APPLIED FULL THROTTLE, STARTED. WARMED UP BOTH ENGINES, OPERATIONS CHECKED BOTH ENGINES NOTING NO DEFECTS","AFTER 20"" MANIFOLD PRESSURE, APPLIED FULL THROTTLE, STARTED WARMED UP BOTH ENGINES, OPS CK'ED BOTH ENGINES NOTING N","AFTER 20"" MANIFOLD PRESSURE, APPLIED FULL THROTTLE, STARTED WARMED UP BOTH ENGINES, OPS CK'ED BOTH ENGINES NOTING N",True,True,none
102130::combined,102130,sensitivity,raw,"AIR INDUCTION ELBOW TO SERVO BOOT IS WEEPING FUEL. REMOVED, DISASSEMBLED, CLEANED & INSPECTED BOOT, NO DEF","AIR INDUCTION ELBOW TO SERVO BOOT IS WEEPING FUEL. REMOVED, DISASSEMBLED, CLEANED AND INSPECTED BOOT, NO DEFECTS","AIR INDUCTION ELBOW TO SERVO BOOT IS WEEPING FUEL. REMOVED, DISASSEMBLED, CLEANED & INSPECTED BOOT, NO DEF","AIR INDUCTION ELBOW TO SERVO BOOT IS WEEPING FUEL. REMOVED, DISASSEMBLED, CLEANED & INSPECTED BOOT, NO DEF",True,True,none
102145::combined,102145,sensitivity,raw,"#4 CYL COMPRESSION 15/80. DISCONNECTED #4 CYL FUEL & OIL LINES, INTAKE, EXHAUST S","NUMBER FOUR CYLINDER COMPRESSION FIFTEEN OUT OF EIGHTY. DISCONNECTED NUMBER FOUR CYLINDER FUEL AND OIL LINES, INTAKE, EXHAUST","#4 CYL COMPRESSION 15/80. DISCONNECTED #4 CYL FUEL & OIL LINES, INTAKE, EXHAUST S","#4 CYL COMPRESSION 15/80. DISCONNECTED #4 CYL FUEL & OIL LINES, INTAKE, EXHAUST S",True,True,none
102146::combined,102146,sensitivity,raw,#4 CYL COMPRESSION 15/80. INSTALLED CYL #4 PUSH RODS & LIFTED ASSY. REINSTALLED C,NUMBER FOUR CYLINDER COMPRESSION FIFTEEN OUT OF EIGHTY. INSTALLED CYLINDER NUMBER FOUR PUSH RODS AND LIFTED ASSEMBLY. REINSTALLED CYLINDER,#4 CYL COMPRESSION 15/80. INSTALLED CYL #4 PUSH RODS & LIFTED ASSY. REINSTALLED C,#4 CYL COMPRESSION 15/80. INSTALLED CYL #4 PUSH RODS & LIFTED ASSY. REINSTALLED C,True,True,none
102149::combined,102149,sensitivity,raw,"R/H AFT BAFFLE BRACKET SCREW MISSING. REMOVED OIL FILLER TUBE, LOCATED & REINSTALLED BAFFLE S","RIGHT-HAND AFT BAFFLE BRACKET SCREW MISSING. REMOVED OIL FILLER TUBE, LOCATED AND REINSTALLED BAFFLE SCREW","R/H AFT BAFFLE BRACKET SCREW MISSING. REMOVED OIL FILLER TUBE, LOCATED & REINSTALLED BAFFLE S","R/H AFT BAFFLE BRACKET SCREW MISSING. REMOVED OIL FILLER TUBE, LOCATED & REINSTALLED BAFFLE S",True,True,none
102161::combined,102161,sensitivity,raw,"R/H AFT BAFFLE SCREW MISSING. LOCATED & REINSTALLED SCREW. REMOVED OIL FILLER TUBE, I",RIGHT-HAND AFT BAFFLE SCREW MISSING. LOCATED AND REINSTALLED SCREW. REMOVED OIL FILLER TUBE,"R/H AFT BAFFLE SCREW MISSING. LOCATED & REINSTALLED SCREW. REMOVED OIL FILLER TUBE, I","R/H AFT BAFFLE SCREW MISSING. LOCATED & REINSTALLED SCREW. REMOVED OIL FILLER TUBE, I",True,True,none
102165::combined,102165,sensitivity,raw,"WHILE MAKING RIGHT TURN, CLIMBING OUT - HEARD LOUD KNOCK, CO INSPECTED ENGINE, CABIN, M/R SYSTEM - NO DEFECTS NOTED.","WHILE MAKING RIGHT TURN, CLIMBING OUT, HEARD LOUD KNOCK. INSPECTED ENGINE, CABIN, M/R SYSTEM, NO DEFECTS NOTED.","WHILE MAKING RIGHT TURN, CLIMBING OUT - HEARD LOUD KNOCK, CO INSPECTED ENGINE, CABIN, M/R SYSTEM - NO DEFECTS NOTED.","WHILE MAKING RIGHT TURN, CLIMBING OUT - HEARD LOUD KNOCK, CO INSPECTED ENGINE, CABIN, M/R SYSTEM - NO DEFECTS NOTED.",True,True,none
102175::combined,102175,sensitivity,raw,INTAKES #3 & 4 LEAKING ON L/H ENGINE. REMOVED & REPLACED INTAKE GASKETS. TORQUED BOLTS TO SPE,INTAKES NUMBER THREE AND NUMBER FOUR LEAKING ON LEFT-HAND ENGINE. REMOVED AND REPLACED INTAKE GASKETS. TORQUED BOLTS TO SPECIFIED REQUIREMENT,INTAKES #3 & 4 LEAKING ON L/H ENGINE. REMOVED & REPLACED INTAKE GASKETS. TORQUED BOLTS TO SPE,INTAKES #3 & 4 LEAKING ON L/H ENGINE. REMOVED & REPLACED INTAKE GASKETS. TORQUED BOLTS TO SPE,True,True,none
102214::combined,102214,sensitivity,raw,"ENGINE BAFFLE, R/H AFT NEXT TO #3 CYL, NEEDS TO BE SCREWED I REMOVED OIL DIPSTICK, INSTALLED BAFFLE SCREW, REINSTALL","ENGINE BAFFLE, RIGHT-HAND AFT NEXT TO NUMBER THREE CYLINDER, NEEDS TO BE SCREWED IN. REMOVED OIL DIPSTICK, INSTALLED BAFFLE SCREW, REINSTALLED","ENGINE BAFFLE, R/H AFT NEXT TO #3 CYL, NEEDS TO BE SCREWED I REMOVED OIL DIPSTICK, INSTALLED BAFFLE SCREW, REINSTALL","ENGINE BAFFLE, R/H AFT NEXT TO #3 CYL, NEEDS TO BE SCREWED I REMOVED OIL DIPSTICK, INSTALLED BAFFLE SCREW, REINSTALL",True,True,none
102220::combined,102220,sensitivity,raw,"OIL LEAK ON R/H ENGINE, BACK BONE CASE SEAM. REMOVED LEAKING BOLT. CLEANED & SEALED. REINSTALLED BOL","OIL LEAK ON RIGHT-HAND ENGINE, BACKBONE CASE SEAM. REMOVED LEAKING BOLT. CLEANED AND SEALED. REINSTALLED BOLT","OIL LEAK ON R/H ENGINE, BACK BONE CASE SEAM. REMOVED LEAKING BOLT. CLEANED & SEALED. REINSTALLED BOL","OIL LEAK ON R/H ENGINE, BACK BONE CASE SEAM. REMOVED LEAKING BOLT. CLEANED & SEALED. REINSTALLED BOL",True,True,none
102223::combined,102223,sensitivity,raw,R/H ENG LEFT SIDE AFT BAFFLE CRACKED. DISCONNECTED OIL LINE FROM BAFFLE. REMOVED & REPLACED B,RIGHT-HAND ENGINE LEFT SIDE AFT BAFFLE CRACKED. DISCONNECTED OIL LINE FROM BAFFLE. REMOVED AND REPLACED BOLT,R/H ENG LEFT SIDE AFT BAFFLE CRACKED. DISCONNECTED OIL LINE FROM BAFFLE. REMOVED & REPLACED B,R/H ENG LEFT SIDE AFT BAFFLE CRACKED. DISCONNECTED OIL LINE FROM BAFFLE. REMOVED & REPLACED B,True,True,none
102228::combined,102228,sensitivity,raw,R/H ENGINE BAFFLE PLUG MISSING. INSTALLED BAFFLE PLUG HOLE DOUBLER FABRICATED FROM LIKE,RIGHT-HAND ENGINE BAFFLE PLUG MISSING. INSTALLED BAFFLE PLUG HOLE DOUBLER FABRICATED FROM LIKE MATERIAL,R/H ENGINE BAFFLE PLUG MISSING. INSTALLED BAFFLE PLUG HOLE DOUBLER FABRICATED FROM LIKE,R/H ENGINE BAFFLE PLUG MISSING. INSTALLED BAFFLE PLUG HOLE DOUBLER FABRICATED FROM LIKE,True,True,none
102234::combined,102234,sensitivity,raw,"AT FULL POWER (SMOOTHLY APPLIED), ENGINES WOULD VIBRATE VIOL RAN ENGINES - PROBLEM IS ON L/H ENGINE, RUNNING RATHER","AT FULL POWER, SMOOTHLY APPLIED, ENGINES WOULD VIBRATE VIOLENTLY. RAN ENGINES, PROBLEM IS ON LEFT-HAND ENGINE, RUNNING RATHER ROUGH","AT FULL POWER (SMOOTHLY APPLIED), ENGINES WOULD VIBRATE VIOL RAN ENGINES - PROBLEM IS ON L/H ENGINE, RUNNING RATHER","AT FULL POWER (SMOOTHLY APPLIED), ENGINES WOULD VIBRATE VIOL RAN ENGINES - PROBLEM IS ON L/H ENGINE, RUNNING RATHER",True,True,none
102235::combined,102235,sensitivity,raw,"AT FULL POWER (SMOOTHLY APPLIED), ENGINES WOULD VIBRATE VIOL REMOVED L/H CARBURETOR, INSTALLED CARBURETOR","AT FULL POWER, SMOOTHLY APPLIED, ENGINES WOULD VIBRATE VIOLENTLY. REMOVED LEFT-HAND CARBURETOR, INSTALLED CARBURETOR","AT FULL POWER (SMOOTHLY APPLIED), ENGINES WOULD VIBRATE VIOL REMOVED L/H CARBURETOR, INSTALLED CARBURETOR","AT FULL POWER (SMOOTHLY APPLIED), ENGINES WOULD VIBRATE VIOL REMOVED L/H CARBURETOR, INSTALLED CARBURETOR",True,True,none
102238::combined,102238,sensitivity,raw,"ACCESSORY PAD BEHIND ALTERNATOR HAS BRACKET INSTALLED W/ NOT FOUND TO BE FACTORY INSTALLED, NO FURTHER ACTION REQUIR","ACCESSORY PAD BEHIND ALTERNATOR HAS BRACKET INSTALLED. FOUND TO BE FACTORY INSTALLED, NO FURTHER ACTION REQUIRED","ACCESSORY PAD BEHIND ALTERNATOR HAS BRACKET INSTALLED W/ NOT FOUND TO BE FACTORY INSTALLED, NO FURTHER ACTION REQUIR","ACCESSORY PAD BEHIND ALTERNATOR HAS BRACKET INSTALLED W/ NOT FOUND TO BE FACTORY INSTALLED, NO FURTHER ACTION REQUIR",True,True,none
102247::combined,102247,sensitivity,raw,"R/H ENGINE, R/H FWD BAFFLE CRACKED. REMOVED BAFFLE FROM ENGINE, FABRICATED PATCH FROM LIKE","RIGHT-HAND ENGINE, RIGHT-HAND FORWARD BAFFLE CRACKED. REMOVED BAFFLE FROM ENGINE, FABRICATED PATCH FROM LIKE MATERIAL","R/H ENGINE, R/H FWD BAFFLE CRACKED. REMOVED BAFFLE FROM ENGINE, FABRICATED PATCH FROM LIKE","R/H ENGINE, R/H FWD BAFFLE CRACKED. REMOVED BAFFLE FROM ENGINE, FABRICATED PATCH FROM LIKE",True,True,none
102248::combined,102248,sensitivity,raw,"INTAKES 2, 3 & 4 LEAKING ON L/H ENGINE. REMOVED & REPLACED GASKETS ON INTAKES 2, 3, 4. L/H ENGI","INTAKES TWO, THREE AND FOUR LEAKING ON LEFT-HAND ENGINE. REMOVED AND REPLACED GASKETS ON INTAKES TWO, THREE, FOUR. LEFT-HAND ENGINE","INTAKES 2, 3 & 4 LEAKING ON L/H ENGINE. REMOVED & REPLACED GASKETS ON INTAKES 2, 3, 4. L/H ENGI","INTAKES 2, 3 & 4 LEAKING ON L/H ENGINE. REMOVED & REPLACED GASKETS ON INTAKES 2, 3, 4. L/H ENGI",True,True,none
102249::combined,102249,sensitivity,raw,"INTAKES 2, 3 & 4 LEAKING ON R/H ENGINE. REMOVED & REPLACED GASKETS ON INTAKES 2, 3, 4. R/H ENGI","INTAKES TWO, THREE AND FOUR LEAKING ON RIGHT-HAND ENGINE. REMOVED AND REPLACED GASKETS ON INTAKES TWO, THREE, FOUR. RIGHT-HAND ENGINE","INTAKES 2, 3 & 4 LEAKING ON R/H ENGINE. REMOVED & REPLACED GASKETS ON INTAKES 2, 3, 4. R/H ENGI","INTAKES 2, 3 & 4 LEAKING ON R/H ENGINE. REMOVED & REPLACED GASKETS ON INTAKES 2, 3, 4. R/H ENGI",True,True,none
102250::combined,102250,sensitivity,raw,BOTH ENGINES HAVE SCREWS BETWEEN CYLINDERS ON SIDE BAFFLES T REMOVED SCREWS.,BOTH ENGINES HAVE SCREWS BETWEEN CYLINDERS ON SIDE BAFFLES. REMOVED SCREWS.,BOTH ENGINES HAVE SCREWS BETWEEN CYLINDERS ON SIDE BAFFLES T REMOVED SCREWS.,BOTH ENGINES HAVE SCREWS BETWEEN CYLINDERS ON SIDE BAFFLES T REMOVED SCREWS.,True,True,none
102257::combined,102257,sensitivity,raw,"EXCEEDED PROP LIMITS, 2710 RPM FOR A FEW SECONDS. DOWNLOADED INFO & COMPLETED ACTIONS PER.","EXCEEDED PROPELLER LIMITS, TWENTY SEVEN HUNDRED AND TEN RPM FOR A FEW SECONDS. DOWNLOADED INFORMATION AND COMPLETED ACTIONS PER REFERENCE MANUAL.","EXCEEDED PROP LIMITS, 2710 RPM FOR A FEW SECONDS. DOWNLOADED INFO & COMPLETED ACTIONS PER.","EXCEEDED PROP LIMITS, 2710 RPM FOR A FEW SECONDS. DOWNLOADED INFO & COMPLETED ACTIONS PER.",True,True,none
102272::combined,102272,sensitivity,raw,"ENGINE AFT BAFFLE, NEXT TO #3 CYL, HAS SHEARED RIVETS. DERIVETED SHEAR RIVETS. INSTALLED SCREWS & NUTS. REINST","ENGINE AFT BAFFLE, NEXT TO NUMBER THREE CYLINDER, HAS SHEARED RIVETS. DERIVETED SHEAR RIVETS. INSTALLED SCREWS AND NUTS. REINSTALLED BAFFLE","ENGINE AFT BAFFLE, NEXT TO #3 CYL, HAS SHEARED RIVETS. DERIVETED SHEAR RIVETS. INSTALLED SCREWS & NUTS. REINST","ENGINE AFT BAFFLE, NEXT TO #3 CYL, HAS SHEARED RIVETS. DERIVETED SHEAR RIVETS. INSTALLED SCREWS & NUTS. REINST",True,True,none
102280::combined,102280,sensitivity,raw,#1 & 3 CYL SIDE BAFFLES CRACKED. FABRICATED PATCH OF LIKE MATERIAL & RIVETED IAW,NUMBER ONE AND NUMBER THREE CYLINDER SIDE BAFFLES CRACKED. FABRICATED PATCH OF LIKE MATERIAL AND RIVETED IN ACCORDANCE WITH REFERENCE MANUAL,#1 & 3 CYL SIDE BAFFLES CRACKED. FABRICATED PATCH OF LIKE MATERIAL & RIVETED IAW,#1 & 3 CYL SIDE BAFFLES CRACKED. FABRICATED PATCH OF LIKE MATERIAL & RIVETED IAW,True,True,none
102281::combined,102281,sensitivity,raw,"AFTER ENGINE START, ENGINE RAN ROUGH BUT THEN SMOKED OUT. AF RAN A/C, MAG CHECKS GOOD & LEAK CK GOOD.","AFTER ENGINE START, ENGINE RAN ROUGH BUT THEN SMOKED OUT. RAN AIRCRAFT, MAGNETO CHECKS GOOD AND LEAK CHECK GOOD.","AFTER ENGINE START, ENGINE RAN ROUGH BUT THEN SMOKED OUT. AF RAN A/C, MAG CHECKS GOOD & LEAK CK GOOD.","AFTER ENGINE START, ENGINE RAN ROUGH BUT THEN SMOKED OUT. AF RAN A/C, MAG CHECKS GOOD & LEAK CK GOOD.",True,True,none
102282::combined,102282,sensitivity,raw,"AFTER ENGINE START, ENGINE RAN ROUGH BUT THEN SMOKED OUT. AF REMOVED BOTH MAGNETOS FOR INSPECTION. NO DEFECTS NOTED.","AFTER ENGINE START, ENGINE RAN ROUGH BUT THEN SMOKED OUT. REMOVED BOTH MAGNETOS FOR INSPECTION. NO DEFECTS NOTED.","AFTER ENGINE START, ENGINE RAN ROUGH BUT THEN SMOKED OUT. AF REMOVED BOTH MAGNETOS FOR INSPECTION. NO DEFECTS NOTED.","AFTER ENGINE START, ENGINE RAN ROUGH BUT THEN SMOKED OUT. AF REMOVED BOTH MAGNETOS FOR INSPECTION. NO DEFECTS NOTED.",True,True,none
102283::combined,102283,sensitivity,raw,"AFTER ENGINE START, ENGINE RAN ROUGH BUT THEN SMOKED OUT. AF INSTALLED R/H ENGINE SIDE BAFFLE, ROUTED OIL LINES & SE","AFTER ENGINE START, ENGINE RAN ROUGH BUT THEN SMOKED OUT. INSTALLED RIGHT-HAND ENGINE SIDE BAFFLE, ROUTED OIL LINES","AFTER ENGINE START, ENGINE RAN ROUGH BUT THEN SMOKED OUT. AF INSTALLED R/H ENGINE SIDE BAFFLE, ROUTED OIL LINES & SE","AFTER ENGINE START, ENGINE RAN ROUGH BUT THEN SMOKED OUT. AF INSTALLED R/H ENGINE SIDE BAFFLE, ROUTED OIL LINES & SE",True,True,none
102284::combined,102284,sensitivity,raw,"AFTER ENGINE START, ENGINE RAN ROUGH BUT THEN SMOKED OUT. AF INSTALLED BOTH MAGNETOS, TIMED & TORQUED TO SPECS. INST","AFTER ENGINE START, ENGINE RAN ROUGH BUT THEN SMOKED OUT. INSTALLED BOTH MAGNETOS, TIMED AND TORQUED TO SPECS. INSTALLED","AFTER ENGINE START, ENGINE RAN ROUGH BUT THEN SMOKED OUT. AF INSTALLED BOTH MAGNETOS, TIMED & TORQUED TO SPECS. INST","AFTER ENGINE START, ENGINE RAN ROUGH BUT THEN SMOKED OUT. AF INSTALLED BOTH MAGNETOS, TIMED & TORQUED TO SPECS. INST",True,True,none
102306::combined,102306,sensitivity,raw,"OVERSPEED PROP 2700 RPM FOR 3 SECONDS, NOTICED 2760 RPM MAX. REVIEWED FDM DATA, DETERMINED OVERSPEED TO BE 2778. C/W","OVERSPEED PROPELLER TWENTY SEVEN HUNDRED RPM FOR THREE SECONDS, NOTICED TWENTY SEVEN HUNDRED AND SIXTY RPM MAX. REVIEWED FDM DATA, DETERMINED OVERSPEED TO BE TWENTY SEVEN HUNDRED AND SEVENTY EIGHT. COMPLIED WITH REFERENCE MANUAL","OVERSPEED PROP 2700 RPM FOR 3 SECONDS, NOTICED 2760 RPM MAX. REVIEWED FDM DATA, DETERMINED OVERSPEED TO BE 2778. C/W","OVERSPEED PROP 2700 RPM FOR 3 SECONDS, NOTICED 2760 RPM MAX. REVIEWED FDM DATA, DETERMINED OVERSPEED TO BE 2778. C/W",True,True,none
102307::combined,102307,sensitivity,raw,"CLIMBED TO ALTITUDE & ATTEMPTED DESCENT BACK TO ALTITUDE LEA REVIEW OF FDM DATA SHOWED MOMENTARY RPM OF 2733.7, COMP",CLIMBED TO ALTITUDE AND ATTEMPTED DESCENT BACK TO ALTITUDE. REVIEW OF FDM DATA SHOWED MOMENTARY RPM OF TWENTY SEVEN HUNDRED AND THIRTY THREE POINT SEVEN,"CLIMBED TO ALTITUDE & ATTEMPTED DESCENT BACK TO ALTITUDE LEA REVIEW OF FDM DATA SHOWED MOMENTARY RPM OF 2733.7, COMP","CLIMBED TO ALTITUDE & ATTEMPTED DESCENT BACK TO ALTITUDE LEA REVIEW OF FDM DATA SHOWED MOMENTARY RPM OF 2733.7, COMP",True,True,none
102316::combined,102316,sensitivity,raw,"ENGINE AFT BAFFLE CYL #3 AREA HAS SHEARED RIVETS ON SUPPORT REMOVED SHEARED RIVETS, INSTALLED SCREWS & NUTS ON SUPP","ENGINE AFT BAFFLE CYLINDER NUMBER THREE AREA HAS SHEARED RIVETS ON SUPPORT. REMOVED SHEARED RIVETS, INSTALLED SCREWS AND NUTS ON SUPPORT","ENGINE AFT BAFFLE CYL #3 AREA HAS SHEARED RIVETS ON SUPPORT REMOVED SHEARED RIVETS, INSTALLED SCREWS & NUTS ON SUPP","ENGINE AFT BAFFLE CYL #3 AREA HAS SHEARED RIVETS ON SUPPORT REMOVED SHEARED RIVETS, INSTALLED SCREWS & NUTS ON SUPP",True,True,none
102324::combined,102324,sensitivity,raw,"CRACK IN ENGINE COOLING BAFFLE, AROUND LANDING LIGHT WIRE SE STOP DRILLED CRACK.","CRACK IN ENGINE COOLING BAFFLE, AROUND LANDING LIGHT WIRE. STOP DRILLED CRACK.","CRACK IN ENGINE COOLING BAFFLE, AROUND LANDING LIGHT WIRE SE STOP DRILLED CRACK.","CRACK IN ENGINE COOLING BAFFLE, AROUND LANDING LIGHT WIRE SE STOP DRILLED CRACK.",True,True,none
102325::combined,102325,sensitivity,raw,"CRACK IN ENGINE COOLING BAFFLE, NEXT TO R/H UPPER MOTOR MOUN ORDERED NEW BAFFLE.","CRACK IN ENGINE COOLING BAFFLE, NEXT TO RIGHT-HAND UPPER MOTOR MOUNT. ORDERED NEW BAFFLE.","CRACK IN ENGINE COOLING BAFFLE, NEXT TO R/H UPPER MOTOR MOUN ORDERED NEW BAFFLE.","CRACK IN ENGINE COOLING BAFFLE, NEXT TO R/H UPPER MOTOR MOUN ORDERED NEW BAFFLE.",True,True,none
102326::combined,102326,sensitivity,raw,"CRACK IN ENGINE COOLING BAFFLE, NEXT TO R/H UPPER MOTOR MOUN INSTALLED NEW #3 AFT BAFFLE.","CRACK IN ENGINE COOLING BAFFLE, NEXT TO RIGHT-HAND UPPER MOTOR MOUNT. INSTALLED NEW NUMBER THREE AFT BAFFLE.","CRACK IN ENGINE COOLING BAFFLE, NEXT TO R/H UPPER MOTOR MOUN INSTALLED NEW #3 AFT BAFFLE.","CRACK IN ENGINE COOLING BAFFLE, NEXT TO R/H UPPER MOTOR MOUN INSTALLED NEW #3 AFT BAFFLE.",True,True,none
102337::combined,102337,sensitivity,raw,"CYL #3 AFT BAFFLE SUPPORT RIVETS SHEARED. DISCONNECTED OIL PRESSURE LINE, REMOVED BAFFLE, REATTAC","CYLINDER NUMBER THREE AFT BAFFLE SUPPORT RIVETS SHEARED. DISCONNECTED OIL PRESSURE LINE, REMOVED BAFFLE, REATTACHED","CYL #3 AFT BAFFLE SUPPORT RIVETS SHEARED. DISCONNECTED OIL PRESSURE LINE, REMOVED BAFFLE, REATTAC","CYL #3 AFT BAFFLE SUPPORT RIVETS SHEARED. DISCONNECTED OIL PRESSURE LINE, REMOVED BAFFLE, REATTAC",True,True,none
102349::combined,102349,sensitivity,raw,PILOT REPORTED SLIGHT FLUCTUATIONS IN R/H ENGINE DURING CRUI REMOVED COWLNIG AS REQUIRED. INSPECTED - SET RESET ARM,"PILOT REPORTED SLIGHT FLUCTUATIONS IN RIGHT-HAND ENGINE DURING CRUISE. REMOVED COWLING AS REQUIRED. INSPECTED, SET RESET ARM",PILOT REPORTED SLIGHT FLUCTUATIONS IN R/H ENGINE DURING CRUI REMOVED COWLNIG AS REQUIRED. INSPECTED - SET RESET ARM,PILOT REPORTED SLIGHT FLUCTUATIONS IN R/H ENGINE DURING CRUI REMOVED COWLNIG AS REQUIRED. INSPECTED - SET RESET ARM,True,True,none
102353::combined,102353,sensitivity,raw,"CRACKED BAFFLE #3 CYL, R/H ENG. STOP DRILLED CRACK. REPAIRED BY PATCHING. RIVETED IAW A","CRACKED BAFFLE NUMBER THREE CYLINDER, RIGHT-HAND ENGINE. STOP DRILLED CRACK. REPAIRED BY PATCHING. RIVETED IN ACCORDANCE WITH REFERENCE MANUAL","CRACKED BAFFLE #3 CYL, R/H ENG. STOP DRILLED CRACK. REPAIRED BY PATCHING. RIVETED IAW A","CRACKED BAFFLE #3 CYL, R/H ENG. STOP DRILLED CRACK. REPAIRED BY PATCHING. RIVETED IAW A",True,True,none
102369::combined,102369,sensitivity,raw,R/H AFT BAFFLE BRACKET RIVETS LOOSE. INSTALLED NEW BAFFLE TAB/RIVETS. REINSTALLED BAFFLE. RE,"RIGHT-HAND AFT BAFFLE BRACKET RIVETS LOOSE. INSTALLED NEW BAFFLE TAB, RIVETS. REINSTALLED BAFFLE.",R/H AFT BAFFLE BRACKET RIVETS LOOSE. INSTALLED NEW BAFFLE TAB/RIVETS. REINSTALLED BAFFLE. RE,R/H AFT BAFFLE BRACKET RIVETS LOOSE. INSTALLED NEW BAFFLE TAB/RIVETS. REINSTALLED BAFFLE. RE,True,True,none
102384::combined,102384,sensitivity,raw,"L/H ENG #4 CYL COMPRESSION @ 35. REMOVED #4 CYL ASSY, OIL COOLER & INSTALLED REPAIRED CY","LEFT-HAND ENGINE NUMBER FOUR CYLINDER COMPRESSION AT THIRTY FIVE. REMOVED NUMBER FOUR CYLINDER ASSEMBLY, OIL COOLER AND INSTALLED REPAIRED CYLINDER","L/H ENG #4 CYL COMPRESSION @ 35. REMOVED #4 CYL ASSY, OIL COOLER & INSTALLED REPAIRED CY","L/H ENG #4 CYL COMPRESSION @ 35. REMOVED #4 CYL ASSY, OIL COOLER & INSTALLED REPAIRED CY",True,True,none
102410::combined,102410,sensitivity,raw,"DURING RUN UP, RPM WOULD NOT INCREASE PAST 1560, REGARDLESS RAN A/C, ENGINE RAN ROUGH FOR FIRST 2 SECONDS, THEN SMO","DURING RUN UP, RPM WOULD NOT INCREASE PAST FIFTEEN HUNDRED AND SIXTY, REGARDLESS. RAN AIRCRAFT, ENGINE RAN ROUGH FOR FIRST TWO SECONDS, THEN SMOOTHED","DURING RUN UP, RPM WOULD NOT INCREASE PAST 1560, REGARDLESS RAN A/C, ENGINE RAN ROUGH FOR FIRST 2 SECONDS, THEN SMO","DURING RUN UP, RPM WOULD NOT INCREASE PAST 1560, REGARDLESS RAN A/C, ENGINE RAN ROUGH FOR FIRST 2 SECONDS, THEN SMO",True,True,none
102411::combined,102411,sensitivity,raw,"DURING RUN UP, RPM WOULD NOT INCREASE PAST 1560, REGARDLESS RAN A/C, RUN UP CK'ED OK - INCLUDING IDLE SPEED & MIXTU","DURING RUN UP, RPM WOULD NOT INCREASE PAST FIFTEEN HUNDRED AND SIXTY, REGARDLESS. RAN AIRCRAFT, RUN UP CHECKED OK, INCLUDING IDLE SPEED AND MIXTURE","DURING RUN UP, RPM WOULD NOT INCREASE PAST 1560, REGARDLESS RAN A/C, RUN UP CK'ED OK - INCLUDING IDLE SPEED & MIXTU","DURING RUN UP, RPM WOULD NOT INCREASE PAST 1560, REGARDLESS RAN A/C, RUN UP CK'ED OK - INCLUDING IDLE SPEED & MIXTU",True,True,none
102428::combined,102428,sensitivity,raw,"SCREW MISSING ON R/H ENGINE BAFFLE, BEHIND OIL COOLER. INSTALLED NEW SCREW, INSTALLED NEW GASKET & SAFETIED OI","SCREW MISSING ON RIGHT-HAND ENGINE BAFFLE, BEHIND OIL COOLER. INSTALLED NEW SCREW, INSTALLED NEW GASKET AND SAFETIED OIL COOLER","SCREW MISSING ON R/H ENGINE BAFFLE, BEHIND OIL COOLER. INSTALLED NEW SCREW, INSTALLED NEW GASKET & SAFETIED OI","SCREW MISSING ON R/H ENGINE BAFFLE, BEHIND OIL COOLER. INSTALLED NEW SCREW, INSTALLED NEW GASKET & SAFETIED OI",True,True,none
102434::combined,102434,sensitivity,raw,R/H #2 & 4 ROCKER GASKETS ARE LEAKING. REMOVED & REPLACED #2 & 4 CYL ROCKER COVER GASKETS ON R,RIGHT-HAND NUMBER TWO AND NUMBER FOUR ROCKER GASKETS ARE LEAKING. REMOVED AND REPLACED NUMBER TWO AND NUMBER FOUR CYLINDER ROCKER COVER GASKETS,R/H #2 & 4 ROCKER GASKETS ARE LEAKING. REMOVED & REPLACED #2 & 4 CYL ROCKER COVER GASKETS ON R,R/H #2 & 4 ROCKER GASKETS ARE LEAKING. REMOVED & REPLACED #2 & 4 CYL ROCKER COVER GASKETS ON R,True,True,none
102451::combined,102451,sensitivity,raw,R/H #2 CYL EXH PUSH ROD SEAL LEAKING. REPLACED PUSH ROD SEALS & RETAINER ON #2 EXH PUSH ROD T,RIGHT-HAND NUMBER TWO CYLINDER EXHAUST PUSH ROD SEAL LEAKING. REPLACED PUSH ROD SEALS AND RETAINER ON NUMBER TWO EXHAUST PUSH ROD TUBE,R/H #2 CYL EXH PUSH ROD SEAL LEAKING. REPLACED PUSH ROD SEALS & RETAINER ON #2 EXH PUSH ROD T,R/H #2 CYL EXH PUSH ROD SEAL LEAKING. REPLACED PUSH ROD SEALS & RETAINER ON #2 EXH PUSH ROD T,True,True,none
102453::combined,102453,sensitivity,raw,"OWNER REQUESTS ENGINE COMPRESSIONS DONE. PERFORMED ENGINE COMPRESSIONS: #1-75, #2-70, #3-70, #4-","OWNER REQUESTS ENGINE COMPRESSIONS DONE. PERFORMED ENGINE COMPRESSIONS, NUMBER ONE TESTED AT SEVENTY FIVE, NUMBER TWO TESTED AT SEVENTY, AND NUMBER THREE TESTED AT SEVENTY","OWNER REQUESTS ENGINE COMPRESSIONS DONE. PERFORMED ENGINE COMPRESSIONS: #1-75, #2-70, #3-70, #4-","OWNER REQUESTS ENGINE COMPRESSIONS DONE. PERFORMED ENGINE COMPRESSIONS: #1-75, #2-70, #3-70, #4-",True,True,none
102456::combined,102456,sensitivity,raw,"CYL BAFFLE CHAFING ON OIL RETURN LINE, #3 CYL. REPOSITIONED CYL BAFFLE & APPLIED SPIRAL WRAP TO OIL RE","CYLINDER BAFFLE CHAFING ON OIL RETURN LINE, NUMBER THREE CYLINDER. REPOSITIONED CYLINDER BAFFLE AND APPLIED SPIRAL WRAP TO OIL RETURN LINE","CYL BAFFLE CHAFING ON OIL RETURN LINE, #3 CYL. REPOSITIONED CYL BAFFLE & APPLIED SPIRAL WRAP TO OIL RE","CYL BAFFLE CHAFING ON OIL RETURN LINE, #3 CYL. REPOSITIONED CYL BAFFLE & APPLIED SPIRAL WRAP TO OIL RE",True,True,none
102473::combined,102473,sensitivity,raw,"#3 & 2 INTAKE GASKET LEAKING, R/H ENGINE. REMOVED & REPLACED #2 & 3 INTAKE GASKETS & PRIMER SLEEV","NUMBER THREE AND NUMBER TWO INTAKE GASKET LEAKING, RIGHT-HAND ENGINE. REMOVED AND REPLACED NUMBER TWO AND NUMBER THREE INTAKE GASKETS AND PRIMER SLEEVES","#3 & 2 INTAKE GASKET LEAKING, R/H ENGINE. REMOVED & REPLACED #2 & 3 INTAKE GASKETS & PRIMER SLEEV","#3 & 2 INTAKE GASKET LEAKING, R/H ENGINE. REMOVED & REPLACED #2 & 3 INTAKE GASKETS & PRIMER SLEEV",True,True,none
102475::combined,102475,sensitivity,raw,"BAFFLE TIE ROD CHAFING INTO #3 OIL RETURN LINE, R/H ENGINE. TIE ROD & RETURN LINES OK. ADJUSTED TIE ROD & RETURN LI","BAFFLE TIE ROD CHAFING INTO NUMBER THREE OIL RETURN LINE, RIGHT-HAND ENGINE. TIE ROD AND RETURN LINES OK. ADJUSTED TIE ROD AND RETURN LINE","BAFFLE TIE ROD CHAFING INTO #3 OIL RETURN LINE, R/H ENGINE. TIE ROD & RETURN LINES OK. ADJUSTED TIE ROD & RETURN LI","BAFFLE TIE ROD CHAFING INTO #3 OIL RETURN LINE, R/H ENGINE. TIE ROD & RETURN LINES OK. ADJUSTED TIE ROD & RETURN LI",True,True,none
102476::combined,102476,sensitivity,raw,"BAFFLE TIE ROD CHAFING ON #2 & 4 OIL RETURN LINES, R/H ENGIN REMOVED TIE ROD & FOUND TO BE OK. INSPECTED RETURN LINE","BAFFLE TIE ROD CHAFING ON NUMBER TWO AND NUMBER FOUR OIL RETURN LINES, RIGHT-HAND ENGINE. REMOVED TIE ROD AND FOUND TO BE OK. INSPECTED RETURN LINE","BAFFLE TIE ROD CHAFING ON #2 & 4 OIL RETURN LINES, R/H ENGIN REMOVED TIE ROD & FOUND TO BE OK. INSPECTED RETURN LINE","BAFFLE TIE ROD CHAFING ON #2 & 4 OIL RETURN LINES, R/H ENGIN REMOVED TIE ROD & FOUND TO BE OK. INSPECTED RETURN LINE",True,True,none
102477::combined,102477,sensitivity,raw,"L/H MAG ON L/H ENG PRODUCED CONSIDERABLE VIBRATION. RAN A/C, COULD NOT DUPLICATE DISCREP. A/C OK FOR FURTHE","LEFT-HAND MAGNETO ON LEFT-HAND ENGINE PRODUCED CONSIDERABLE VIBRATION. RAN AIRCRAFT, COULD NOT DUPLICATE DISCREPANCY. AIRCRAFT OK FOR FURTHER USE","L/H MAG ON L/H ENG PRODUCED CONSIDERABLE VIBRATION. RAN A/C, COULD NOT DUPLICATE DISCREP. A/C OK FOR FURTHE","L/H MAG ON L/H ENG PRODUCED CONSIDERABLE VIBRATION. RAN A/C, COULD NOT DUPLICATE DISCREP. A/C OK FOR FURTHE",True,True,none
102478::combined,102478,sensitivity,raw,"#1 CYL SIDE BAFFLE CRACKED. STOP DRILLED CRACK, INSTALLED PATCH SAME MATERIAL IAW A","NUMBER ONE CYLINDER SIDE BAFFLE CRACKED. STOP DRILLED CRACK, INSTALLED PATCH SAME MATERIAL IN ACCORDANCE WITH REFERENCE MANUAL","#1 CYL SIDE BAFFLE CRACKED. STOP DRILLED CRACK, INSTALLED PATCH SAME MATERIAL IAW A","#1 CYL SIDE BAFFLE CRACKED. STOP DRILLED CRACK, INSTALLED PATCH SAME MATERIAL IAW A",True,True,none
102490::combined,102490,sensitivity,raw,"ENGINE REQUIRES DISASSEMBLY & INSPECTION AFTER PROP STRIKE. INSTALLED BAFFLING ON ENGINE, INSTALLED INTAKE TUBES &","ENGINE REQUIRES DISASSEMBLY AND INSPECTION AFTER PROPELLER STRIKE. INSTALLED BAFFLING ON ENGINE, INSTALLED INTAKE TUBES","ENGINE REQUIRES DISASSEMBLY & INSPECTION AFTER PROP STRIKE. INSTALLED BAFFLING ON ENGINE, INSTALLED INTAKE TUBES &","ENGINE REQUIRES DISASSEMBLY & INSPECTION AFTER PROP STRIKE. INSTALLED BAFFLING ON ENGINE, INSTALLED INTAKE TUBES &",True,True,none
102491::combined,102491,sensitivity,raw,ENGINE REQUIRES DISASSEMBLY & INSPECTION AFTER PROP STRIKE. DISASSEMBLED ENGINE. SENT CRANK IN FOR R,ENGINE REQUIRES DISASSEMBLY AND INSPECTION AFTER PROPELLER STRIKE. DISASSEMBLED ENGINE. SENT CRANK IN FOR REPAIR,ENGINE REQUIRES DISASSEMBLY & INSPECTION AFTER PROP STRIKE. DISASSEMBLED ENGINE. SENT CRANK IN FOR R,ENGINE REQUIRES DISASSEMBLY & INSPECTION AFTER PROP STRIKE. DISASSEMBLED ENGINE. SENT CRANK IN FOR R,True,True,none
102492::combined,102492,sensitivity,raw,ENGINE REQUIRES DISASSEMBLY & INSPECTION AFTER PROP STRIKE. INSTALLED CRANKSHAFT & NEW ROLLER TAPPETS. INSTALLED CA,ENGINE REQUIRES DISASSEMBLY AND INSPECTION AFTER PROPELLER STRIKE. INSTALLED CRANKSHAFT AND NEW ROLLER TAPPETS.,ENGINE REQUIRES DISASSEMBLY & INSPECTION AFTER PROP STRIKE. INSTALLED CRANKSHAFT & NEW ROLLER TAPPETS. INSTALLED CA,ENGINE REQUIRES DISASSEMBLY & INSPECTION AFTER PROP STRIKE. INSTALLED CRANKSHAFT & NEW ROLLER TAPPETS. INSTALLED CA,True,True,none
102493::combined,102493,sensitivity,raw,ENGINE REQUIRES DISASSEMBLY & INSPECTION AFTER PROP STRIKE. STARTED ASSEMBLY OF ENGINE IAW DIRECT DRIVE MANUAL. MEA,ENGINE REQUIRES DISASSEMBLY AND INSPECTION AFTER PROPELLER STRIKE. STARTED ASSEMBLY OF ENGINE IN ACCORDANCE WITH DIRECT DRIVE MANUAL.,ENGINE REQUIRES DISASSEMBLY & INSPECTION AFTER PROP STRIKE. STARTED ASSEMBLY OF ENGINE IAW DIRECT DRIVE MANUAL. MEA,ENGINE REQUIRES DISASSEMBLY & INSPECTION AFTER PROP STRIKE. STARTED ASSEMBLY OF ENGINE IAW DIRECT DRIVE MANUAL. MEA,True,True,none
102494::combined,102494,sensitivity,raw,"ENGINE REQUIRES DISASSEMBLY & INSPECTION AFTER PROP STRIKE. HONED, CLEANED & MEASURED CYLINDERS (MEASURE GOOD). CK'","ENGINE REQUIRES DISASSEMBLY AND INSPECTION AFTER PROPELLER STRIKE. HONED, CLEANED AND MEASURED CYLINDERS, MEASURE GOOD.","ENGINE REQUIRES DISASSEMBLY & INSPECTION AFTER PROP STRIKE. HONED, CLEANED & MEASURED CYLINDERS (MEASURE GOOD). CK'","ENGINE REQUIRES DISASSEMBLY & INSPECTION AFTER PROP STRIKE. HONED, CLEANED & MEASURED CYLINDERS (MEASURE GOOD). CK'",True,True,none
102495::combined,102495,sensitivity,raw,ENGINE REQUIRES DISASSEMBLY & INSPECTION AFTER PROP STRIKE. INSTALLED ALL 4 PISTONS ON CONNECTING RODS. INSTALLED P,ENGINE REQUIRES DISASSEMBLY AND INSPECTION AFTER PROPELLER STRIKE. INSTALLED ALL FOUR PISTONS ON CONNECTING RODS. INSTALLED PISTONS,ENGINE REQUIRES DISASSEMBLY & INSPECTION AFTER PROP STRIKE. INSTALLED ALL 4 PISTONS ON CONNECTING RODS. INSTALLED P,ENGINE REQUIRES DISASSEMBLY & INSPECTION AFTER PROP STRIKE. INSTALLED ALL 4 PISTONS ON CONNECTING RODS. INSTALLED P,True,True,none
102497::combined,102497,sensitivity,raw,"ENGINE REQUIRES DISASSEMBLY & INSPECTION AFTER PROP STRIKE. INSTALLED ACCESSORY CASE & OIL SUMP, INSPECTED HYDRAULI",ENGINE REQUIRES DISASSEMBLY AND INSPECTION AFTER PROPELLER STRIKE. INSTALLED ACCESSORY CASE AND OIL SUMP,"ENGINE REQUIRES DISASSEMBLY & INSPECTION AFTER PROP STRIKE. INSTALLED ACCESSORY CASE & OIL SUMP, INSPECTED HYDRAULI","ENGINE REQUIRES DISASSEMBLY & INSPECTION AFTER PROP STRIKE. INSTALLED ACCESSORY CASE & OIL SUMP, INSPECTED HYDRAULI",True,True,none
102503::combined,102503,sensitivity,raw,"TOP OIL COOLER LINE CHAFING ON VACUUM PUMP LINE. INSPECTED BOTH LINES, FOUND TO BE IN AIRWORTHY CONDITIO","TOP OIL COOLER LINE CHAFING ON VACUUM PUMP LINE. INSPECTED BOTH LINES, FOUND TO BE IN AIRWORTHY CONDITION","TOP OIL COOLER LINE CHAFING ON VACUUM PUMP LINE. INSPECTED BOTH LINES, FOUND TO BE IN AIRWORTHY CONDITIO","TOP OIL COOLER LINE CHAFING ON VACUUM PUMP LINE. INSPECTED BOTH LINES, FOUND TO BE IN AIRWORTHY CONDITIO",True,True,none
102527::combined,102527,sensitivity,raw,CYL #2 INTAKE LEAKING IN CONNECTION POINT TO OIL SUMP. SWAGED INTAKE TUBE ATTACHMENT TO OIL SUMP. REPLACED INT,CYLINDER NUMBER TWO INTAKE LEAKING IN CONNECTION POINT TO OIL SUMP. SWAGED INTAKE TUBE ATTACHMENT TO OIL SUMP. REPLACED INTAKE TUBE,CYL #2 INTAKE LEAKING IN CONNECTION POINT TO OIL SUMP. SWAGED INTAKE TUBE ATTACHMENT TO OIL SUMP. REPLACED INT,CYL #2 INTAKE LEAKING IN CONNECTION POINT TO OIL SUMP. SWAGED INTAKE TUBE ATTACHMENT TO OIL SUMP. REPLACED INT,True,True,none
102539::combined,102539,sensitivity,raw,R/H ENG BAFFLE CRACKED ON LEFT SIDE OF OIL COOLER. SEPERATED FROM SIDE BAFFLE & FOUND CRACK TO BE PREVIOUS,RIGHT-HAND ENGINE BAFFLE CRACKED ON LEFT SIDE OF OIL COOLER. SEPARATED FROM SIDE BAFFLE AND FOUND CRACK TO BE PREVIOUSLY CRACKED,R/H ENG BAFFLE CRACKED ON LEFT SIDE OF OIL COOLER. SEPERATED FROM SIDE BAFFLE & FOUND CRACK TO BE PREVIOUS,R/H ENG BAFFLE CRACKED ON LEFT SIDE OF OIL COOLER. SEPERATED FROM SIDE BAFFLE & FOUND CRACK TO BE PREVIOUS,True,True,none
102540::combined,102540,sensitivity,raw,"ENGINE BAFFLE CHAFING ON #3 OIL RETURN LINE, L/H ENG. ADJUSTED OIL RETURN LINE TO PREVENT ENGINE BAFFLE CHAFI","ENGINE BAFFLE CHAFING ON NUMBER THREE OIL RETURN LINE, LEFT-HAND ENGINE. ADJUSTED OIL RETURN LINE TO PREVENT ENGINE BAFFLE CHAFING","ENGINE BAFFLE CHAFING ON #3 OIL RETURN LINE, L/H ENG. ADJUSTED OIL RETURN LINE TO PREVENT ENGINE BAFFLE CHAFI","ENGINE BAFFLE CHAFING ON #3 OIL RETURN LINE, L/H ENG. ADJUSTED OIL RETURN LINE TO PREVENT ENGINE BAFFLE CHAFI",True,True,none
102550::combined,102550,sensitivity,raw,"L/H ENGINE BAFFLE SNAP PLUG HOLE WORN, R/H SIDE ALSO. INSTALLED NEW STRIKER PLATES. RIVETED IAW ,","LEFT-HAND ENGINE BAFFLE SNAP PLUG HOLE WORN, RIGHT-HAND SIDE ALSO. INSTALLED NEW STRIKER PLATES. RIVETED IN ACCORDANCE WITH REFERENCE MANUAL","L/H ENGINE BAFFLE SNAP PLUG HOLE WORN, R/H SIDE ALSO. INSTALLED NEW STRIKER PLATES. RIVETED IAW ,","L/H ENGINE BAFFLE SNAP PLUG HOLE WORN, R/H SIDE ALSO. INSTALLED NEW STRIKER PLATES. RIVETED IAW ,",True,True,none
102559::combined,102559,sensitivity,raw,"#4 CYL, L/H ENG, HAS LOW COMPRESSION. REMOVED #4 CYL, BAFFLES, OIL LINES & OIL COOLER. REMOVE","NUMBER FOUR CYLINDER, LEFT-HAND ENGINE, HAS LOW COMPRESSION. REMOVED NUMBER FOUR CYLINDER, BAFFLES, OIL LINES AND OIL COOLER.","#4 CYL, L/H ENG, HAS LOW COMPRESSION. REMOVED #4 CYL, BAFFLES, OIL LINES & OIL COOLER. REMOVE","#4 CYL, L/H ENG, HAS LOW COMPRESSION. REMOVED #4 CYL, BAFFLES, OIL LINES & OIL COOLER. REMOVE",True,True,none
102582::combined,102582,sensitivity,raw,"INTAKE TUBE LEAKING, CYL #1 ATTACHMENT POINT TO OIL SUMP. SWAGED INTAKE TUBE ATTACHMENT GROOVE. INSTALLED NEW INT","INTAKE TUBE LEAKING, CYLINDER NUMBER ONE ATTACHMENT POINT TO OIL SUMP. SWAGED INTAKE TUBE ATTACHMENT GROOVE. INSTALLED NEW INTAKE TUBE","INTAKE TUBE LEAKING, CYL #1 ATTACHMENT POINT TO OIL SUMP. SWAGED INTAKE TUBE ATTACHMENT GROOVE. INSTALLED NEW INT","INTAKE TUBE LEAKING, CYL #1 ATTACHMENT POINT TO OIL SUMP. SWAGED INTAKE TUBE ATTACHMENT GROOVE. INSTALLED NEW INT",True,True,none
102589::combined,102589,sensitivity,raw,"ENGINE COOLING BAFFLE MISISNG SCREW, R/H SIDE. REPLACED MISSING SCREW ON R/H SIDE OF ENGINE COOLING BA","ENGINE COOLING BAFFLE MISSING SCREW, RIGHT-HAND SIDE. REPLACED MISSING SCREW ON RIGHT-HAND SIDE OF ENGINE COOLING BAFFLE","ENGINE COOLING BAFFLE MISISNG SCREW, R/H SIDE. REPLACED MISSING SCREW ON R/H SIDE OF ENGINE COOLING BA","ENGINE COOLING BAFFLE MISISNG SCREW, R/H SIDE. REPLACED MISSING SCREW ON R/H SIDE OF ENGINE COOLING BA",True,True,none
102595::combined,102595,sensitivity,raw,L/H ENGINE BAFFLE PLUG HOLE WORN. INSTALLED BAFFLE DOUBLER IAW,LEFT-HAND ENGINE BAFFLE PLUG HOLE WORN. INSTALLED BAFFLE DOUBLER IN ACCORDANCE WITH REFERENCE MANUAL,L/H ENGINE BAFFLE PLUG HOLE WORN. INSTALLED BAFFLE DOUBLER IAW,L/H ENGINE BAFFLE PLUG HOLE WORN. INSTALLED BAFFLE DOUBLER IAW,True,True,none
102603::combined,102603,sensitivity,raw,"ENGINE OVERSPEED. DETERMINED TO BE PILOT INDUCED MOMENTARY OVERSPEED, NO","ENGINE OVERSPEED. DETERMINED TO BE PILOT INDUCED MOMENTARY OVERSPEED, NO ACTIONS REQUIRED","ENGINE OVERSPEED. DETERMINED TO BE PILOT INDUCED MOMENTARY OVERSPEED, NO","ENGINE OVERSPEED. DETERMINED TO BE PILOT INDUCED MOMENTARY OVERSPEED, NO",True,True,none
102610::combined,102610,sensitivity,raw,"RIVET MISSING ON R/H BAFFLE HOLD DOWN ANGLE, BEHIND OIL COOL REMOVED BAFFLE, REPLACED MISSING RIVET. INSTALLED BAFFL","RIVET MISSING ON RIGHT-HAND BAFFLE HOLD DOWN ANGLE, BEHIND OIL COOL. REMOVED BAFFLE, REPLACED MISSING RIVET. INSTALLED BAFFLE","RIVET MISSING ON R/H BAFFLE HOLD DOWN ANGLE, BEHIND OIL COOL REMOVED BAFFLE, REPLACED MISSING RIVET. INSTALLED BAFFL","RIVET MISSING ON R/H BAFFLE HOLD DOWN ANGLE, BEHIND OIL COOL REMOVED BAFFLE, REPLACED MISSING RIVET. INSTALLED BAFFL",True,True,none
102619::combined,102619,sensitivity,raw,"DID NORMAL START & WHEN IT FIRED - ENGINE RAN ROUGH FOR SEVE COULD NOT DUPLICATE DISCREP. RAN UP A/C, PERFORMED MAG,","DID NORMAL START AND WHEN IT FIRED, ENGINE RAN ROUGH FOR SEVERAL MINUTES. COULD NOT DUPLICATE DISCREPANCY. RAN UP AIRCRAFT, PERFORMED MAGNETO CHECK","DID NORMAL START & WHEN IT FIRED - ENGINE RAN ROUGH FOR SEVE COULD NOT DUPLICATE DISCREP. RAN UP A/C, PERFORMED MAG,","DID NORMAL START & WHEN IT FIRED - ENGINE RAN ROUGH FOR SEVE COULD NOT DUPLICATE DISCREP. RAN UP A/C, PERFORMED MAG,",True,True,none
102634::combined,102634,sensitivity,raw,#4 CYL TOP SPARK PLUG ACCESS HOLE ON ENGINE BAFFLE REQUIRES INSTALLED SPARK PLUG ACCESS HOLE PATCH TO #4 CYL,NUMBER FOUR CYLINDER TOP SPARK PLUG ACCESS HOLE ON ENGINE BAFFLE REQUIRES REPAIR. INSTALLED SPARK PLUG ACCESS HOLE PATCH TO NUMBER FOUR CYLINDER,#4 CYL TOP SPARK PLUG ACCESS HOLE ON ENGINE BAFFLE REQUIRES INSTALLED SPARK PLUG ACCESS HOLE PATCH TO #4 CYL,#4 CYL TOP SPARK PLUG ACCESS HOLE ON ENGINE BAFFLE REQUIRES INSTALLED SPARK PLUG ACCESS HOLE PATCH TO #4 CYL,True,True,none
102641::combined,102641,sensitivity,raw,#4 ROCKER GASKET LEAKING. REMOVED & REPLACED #4 CYL ROCKER COVER GASKET. LEAK CK,NUMBER FOUR ROCKER GASKET LEAKING. REMOVED AND REPLACED NUMBER FOUR CYLINDER ROCKER COVER GASKET. LEAK CHECK GOOD,#4 ROCKER GASKET LEAKING. REMOVED & REPLACED #4 CYL ROCKER COVER GASKET. LEAK CK,#4 ROCKER GASKET LEAKING. REMOVED & REPLACED #4 CYL ROCKER COVER GASKET. LEAK CK,True,True,none
102653::combined,102653,sensitivity,raw,#2 & 3 ROCKER COVERS INSTALLED W/ BAFFLE TUBE UNDER COVERS. REMOVED ROCKER COVERS. ALIGNED BRACKETS CORRECTLY. REIN,NUMBER TWO AND NUMBER THREE ROCKER COVERS INSTALLED WITH BAFFLE TUBE UNDER COVERS. REMOVED ROCKER COVERS. ALIGNED BRACKETS CORRECTLY. REINSTALLED,#2 & 3 ROCKER COVERS INSTALLED W/ BAFFLE TUBE UNDER COVERS. REMOVED ROCKER COVERS. ALIGNED BRACKETS CORRECTLY. REIN,#2 & 3 ROCKER COVERS INSTALLED W/ BAFFLE TUBE UNDER COVERS. REMOVED ROCKER COVERS. ALIGNED BRACKETS CORRECTLY. REIN,True,True,none
102660::combined,102660,sensitivity,raw,CYL #2 & 3 LEFT ENGINE LEAKING INTAKE GASKETS. REMOVED & REPLACED INTAKE GASKETS ON #2 & 3 CYL OF L/H,CYLINDER NUMBER TWO AND NUMBER THREE LEFT ENGINE LEAKING INTAKE GASKETS. REMOVED AND REPLACED INTAKE GASKETS ON NUMBER TWO AND NUMBER THREE CYLINDER OF LEFT-HAND ENGINE,CYL #2 & 3 LEFT ENGINE LEAKING INTAKE GASKETS. REMOVED & REPLACED INTAKE GASKETS ON #2 & 3 CYL OF L/H,CYL #2 & 3 LEFT ENGINE LEAKING INTAKE GASKETS. REMOVED & REPLACED INTAKE GASKETS ON #2 & 3 CYL OF L/H,True,True,none
102699::combined,102699,sensitivity,raw,R/H SIDE ENG BAFFLING CONECTION WIRE BROKEN. INSTALLED NEW CONNECTION WIRE TO R/H ENG BAFFLING ON BO,RIGHT-HAND SIDE ENGINE BAFFLING CONECTION WIRE BROKEN. INSTALLED NEW CONNECTION WIRE TO RIGHT-HAND ENGINE BAFFLING,R/H SIDE ENG BAFFLING CONECTION WIRE BROKEN. INSTALLED NEW CONNECTION WIRE TO R/H ENG BAFFLING ON BO,R/H SIDE ENG BAFFLING CONECTION WIRE BROKEN. INSTALLED NEW CONNECTION WIRE TO R/H ENG BAFFLING ON BO,True,True,none
102700::combined,102700,sensitivity,raw,"CRACK IN BAFFLING, TOP R/H SIDE OF ENG, NEXT TO ENG MOUNT BO STOP DRILLED CRACK IN R/H SIDE ENGINE BAFFLING, NEXT TO","CRACK IN BAFFLING, TOP RIGHT-HAND SIDE OF ENGINE, NEXT TO ENGINE MOUNT BOLT. STOP DRILLED CRACK IN RIGHT-HAND SIDE ENGINE BAFFLING","CRACK IN BAFFLING, TOP R/H SIDE OF ENG, NEXT TO ENG MOUNT BO STOP DRILLED CRACK IN R/H SIDE ENGINE BAFFLING, NEXT TO","CRACK IN BAFFLING, TOP R/H SIDE OF ENG, NEXT TO ENG MOUNT BO STOP DRILLED CRACK IN R/H SIDE ENGINE BAFFLING, NEXT TO",True,True,none
102701::combined,102701,sensitivity,raw,"CRACK IN FRONT OF L/H SIDE OF ENG BAFFLING, IN FRONT OF #2 C STOP DRILLED CRACK ON L/H SIDE ENG BAFFLING IN FRONT OF","CRACK IN FRONT OF LEFT-HAND SIDE OF ENGINE BAFFLING, IN FRONT OF NUMBER TWO CYLINDER. STOP DRILLED CRACK ON LEFT-HAND SIDE ENGINE BAFFLING","CRACK IN FRONT OF L/H SIDE OF ENG BAFFLING, IN FRONT OF #2 C STOP DRILLED CRACK ON L/H SIDE ENG BAFFLING IN FRONT OF","CRACK IN FRONT OF L/H SIDE OF ENG BAFFLING, IN FRONT OF #2 C STOP DRILLED CRACK ON L/H SIDE ENG BAFFLING IN FRONT OF",True,True,none
102707::combined,102707,sensitivity,raw,"OVERSPEED ENGINE @ 2840 RPM, OVER REVED ENGINE FOR 1 SECOND. DOWNLOADED DATA FROM FDM CARD, HIGHEST RPM FOUND WAS 28","OVERSPEED ENGINE AT TWENTY EIGHT HUNDRED AND FORTY RPM, OVER REVED ENGINE FOR ONE SECOND. DOWNLOADED DATA FROM FDM CARD, HIGHEST RPM FOUND WAS TWENTY EIGHT HUNDRED","OVERSPEED ENGINE @ 2840 RPM, OVER REVED ENGINE FOR 1 SECOND. DOWNLOADED DATA FROM FDM CARD, HIGHEST RPM FOUND WAS 28","OVERSPEED ENGINE @ 2840 RPM, OVER REVED ENGINE FOR 1 SECOND. DOWNLOADED DATA FROM FDM CARD, HIGHEST RPM FOUND WAS 28",True,True,none
102722::combined,102722,sensitivity,raw,"R/H ENG, R/H EXCITER LEAD CHAFED ON OIL PRESSURE TUBE. CLEANED SMALL SCRATCH IN PRESSURE TUBE, REPOSITIONED CL","RIGHT-HAND ENGINE, RIGHT-HAND EXCITER LEAD CHAFED ON OIL PRESSURE TUBE. CLEANED SMALL SCRATCH IN PRESSURE TUBE","R/H ENG, R/H EXCITER LEAD CHAFED ON OIL PRESSURE TUBE. CLEANED SMALL SCRATCH IN PRESSURE TUBE, REPOSITIONED CL","R/H ENG, R/H EXCITER LEAD CHAFED ON OIL PRESSURE TUBE. CLEANED SMALL SCRATCH IN PRESSURE TUBE, REPOSITIONED CL",True,True,none
102731::combined,102731,sensitivity,raw,#4 CYL HAS LOW COMPRESSION. REMOVED ROCKER COVER & TRIED STACKING EXHAUST VALVE. PR,NUMBER FOUR CYLINDER HAS LOW COMPRESSION. REMOVED ROCKER COVER AND TRIED STACKING EXHAUST VALVE.,#4 CYL HAS LOW COMPRESSION. REMOVED ROCKER COVER & TRIED STACKING EXHAUST VALVE. PR,#4 CYL HAS LOW COMPRESSION. REMOVED ROCKER COVER & TRIED STACKING EXHAUST VALVE. PR,True,True,none
102732::combined,102732,sensitivity,raw,#4 CYL HAS LOW COMPRESSION. BEGAN DISASSEMBLY OF #4 CYL. REMOVED INTAKE & EXHAUST T,NUMBER FOUR CYLINDER HAS LOW COMPRESSION. BEGAN DISASSEMBLY OF NUMBER FOUR CYLINDER. REMOVED INTAKE AND EXHAUST TUBES,#4 CYL HAS LOW COMPRESSION. BEGAN DISASSEMBLY OF #4 CYL. REMOVED INTAKE & EXHAUST T,#4 CYL HAS LOW COMPRESSION. BEGAN DISASSEMBLY OF #4 CYL. REMOVED INTAKE & EXHAUST T,True,True,none
102733::combined,102733,sensitivity,raw,#4 CYL HAS LOW COMPRESSION. COMPLETED REMOVAL OF CYL. REMOVED & REPLACED EXHAUST VA,NUMBER FOUR CYLINDER HAS LOW COMPRESSION. COMPLETED REMOVAL OF CYLINDER. REMOVED AND REPLACED EXHAUST VALVE,#4 CYL HAS LOW COMPRESSION. COMPLETED REMOVAL OF CYL. REMOVED & REPLACED EXHAUST VA,#4 CYL HAS LOW COMPRESSION. COMPLETED REMOVAL OF CYL. REMOVED & REPLACED EXHAUST VA,True,True,none
102734::combined,102734,sensitivity,raw,"#4 CYL HAS LOW COMPRESSION. REINSTALLED LIFTERS, ROCKERS, ROCKER SHAFT & PUSH ROD T","NUMBER FOUR CYLINDER HAS LOW COMPRESSION. REINSTALLED LIFTERS, ROCKERS, ROCKER SHAFT AND PUSH ROD TUBE","#4 CYL HAS LOW COMPRESSION. REINSTALLED LIFTERS, ROCKERS, ROCKER SHAFT & PUSH ROD T","#4 CYL HAS LOW COMPRESSION. REINSTALLED LIFTERS, ROCKERS, ROCKER SHAFT & PUSH ROD T",True,True,none
102735::combined,102735,sensitivity,raw,"#4 CYL HAS LOW COMPRESSION. INSTALLED #4 AFT BAFFLE, NEW INTERCONNECTING RODS, INST","NUMBER FOUR CYLINDER HAS LOW COMPRESSION. INSTALLED NUMBER FOUR AFT BAFFLE, NEW INTERCONNECTING RODS, INSTALLED","#4 CYL HAS LOW COMPRESSION. INSTALLED #4 AFT BAFFLE, NEW INTERCONNECTING RODS, INST","#4 CYL HAS LOW COMPRESSION. INSTALLED #4 AFT BAFFLE, NEW INTERCONNECTING RODS, INST",True,True,none
102745::combined,102745,sensitivity,raw,BAFFLE IS CRACKED ABOVE #1 CYL. STOP DRILLED CRACK & INSTALLED PATCH AROUND CRACKED ARE,BAFFLE IS CRACKED ABOVE NUMBER ONE CYLINDER. STOP DRILLED CRACK AND INSTALLED PATCH AROUND CRACKED AREA,BAFFLE IS CRACKED ABOVE #1 CYL. STOP DRILLED CRACK & INSTALLED PATCH AROUND CRACKED ARE,BAFFLE IS CRACKED ABOVE #1 CYL. STOP DRILLED CRACK & INSTALLED PATCH AROUND CRACKED ARE,True,True,none
102767::combined,102767,sensitivity,raw,CYL #1 INTAKE LEAKING. INTAKE TUBE ALSO LEAKING AT ATTACHMEN LEAK CK GOOD.,CYLINDER NUMBER ONE INTAKE LEAKING. INTAKE TUBE ALSO LEAKING AT ATTACHMENT. LEAK CHECK GOOD.,CYL #1 INTAKE LEAKING. INTAKE TUBE ALSO LEAKING AT ATTACHMEN LEAK CK GOOD.,CYL #1 INTAKE LEAKING. INTAKE TUBE ALSO LEAKING AT ATTACHMEN LEAK CK GOOD.,True,True,none
102769::combined,102769,sensitivity,raw,CYL #1 INTAKE LEAKING. INTAKE TUBE ALSO LEAKING AT ATTACHMEN REMOVED & REPLACED CYL #1 INTAKE GASKET. SWEDGED CYL #1,CYLINDER NUMBER ONE INTAKE LEAKING. INTAKE TUBE ALSO LEAKING AT ATTACHMENT. REMOVED AND REPLACED CYLINDER NUMBER ONE INTAKE GASKET. SWEDGED CYLINDER NUMBER ONE,CYL #1 INTAKE LEAKING. INTAKE TUBE ALSO LEAKING AT ATTACHMEN REMOVED & REPLACED CYL #1 INTAKE GASKET. SWEDGED CYL #1,CYL #1 INTAKE LEAKING. INTAKE TUBE ALSO LEAKING AT ATTACHMEN REMOVED & REPLACED CYL #1 INTAKE GASKET. SWEDGED CYL #1,True,True,none
102782::combined,102782,sensitivity,raw,IDLE SPEED & MIXTURE NEED TO BE ADJUSTED. ADJUSTED IDLE SPEED & MIXTURE TO W/IN NORMAL RANGE. OPS,IDLE SPEED AND MIXTURE NEED TO BE ADJUSTED. ADJUSTED IDLE SPEED AND MIXTURE TO WITHIN NORMAL RANGE.,IDLE SPEED & MIXTURE NEED TO BE ADJUSTED. ADJUSTED IDLE SPEED & MIXTURE TO W/IN NORMAL RANGE. OPS,IDLE SPEED & MIXTURE NEED TO BE ADJUSTED. ADJUSTED IDLE SPEED & MIXTURE TO W/IN NORMAL RANGE. OPS,True,True,none
102792::combined,102792,sensitivity,raw,"RIVETS SHEARED ON AFT BAFFLING, BEHIND CYL #3. REMOVED BAFFLE FROM A/C. REMOVED & REPLACED RIVETS W/ S","RIVETS SHEARED ON AFT BAFFLING, BEHIND CYLINDER NUMBER THREE. REMOVED BAFFLE FROM AIRCRAFT. REMOVED AND REPLACED RIVETS","RIVETS SHEARED ON AFT BAFFLING, BEHIND CYL #3. REMOVED BAFFLE FROM A/C. REMOVED & REPLACED RIVETS W/ S","RIVETS SHEARED ON AFT BAFFLING, BEHIND CYL #3. REMOVED BAFFLE FROM A/C. REMOVED & REPLACED RIVETS W/ S",True,True,none
102797::combined,102797,sensitivity,raw,#2 INTAKE BOLT HOLE STRIPPED. REPAIRED BOLT HOLE W/ HELI-COIL KIT. REINSTALLED INTAKE,NUMBER TWO INTAKE BOLT HOLE STRIPPED. REPAIRED BOLT HOLE WITH HELICOIL KIT. REINSTALLED INTAKE BOLT,#2 INTAKE BOLT HOLE STRIPPED. REPAIRED BOLT HOLE W/ HELI-COIL KIT. REINSTALLED INTAKE,#2 INTAKE BOLT HOLE STRIPPED. REPAIRED BOLT HOLE W/ HELI-COIL KIT. REINSTALLED INTAKE,True,True,none
102800::combined,102800,sensitivity,raw,MX FLIGHT REQUIRED TO PERFORM POWER CHECK. PERFORMED GROUND RUN. OPS CK GOOD. REQUEST MX FLIGHT FO,MAINTENANCE FLIGHT REQUIRED TO PERFORM POWER CHECK. PERFORMED GROUND RUN. OPERATIONS CHECK GOOD. REQUEST MAINTENANCE FLIGHT,MX FLIGHT REQUIRED TO PERFORM POWER CHECK. PERFORMED GROUND RUN. OPS CK GOOD. REQUEST MX FLIGHT FO,MX FLIGHT REQUIRED TO PERFORM POWER CHECK. PERFORMED GROUND RUN. OPS CK GOOD. REQUEST MX FLIGHT FO,True,True,none
102814::combined,102814,sensitivity,raw,"ENGINE WILL NOT MAKE ENOUGH POWER TO HOVER HIGHER THAT 2', # INSPECTED #1 INTAKE TUBE, FOUND TO BE LOOSE. REPLACED U","ENGINE WILL NOT MAKE ENOUGH POWER TO HOVER HIGHER THAN TWO FEET. INSPECTED NUMBER ONE INTAKE TUBE, FOUND TO BE LOOSE. REPLACED","ENGINE WILL NOT MAKE ENOUGH POWER TO HOVER HIGHER THAT 2', # INSPECTED #1 INTAKE TUBE, FOUND TO BE LOOSE. REPLACED U","ENGINE WILL NOT MAKE ENOUGH POWER TO HOVER HIGHER THAT 2', # INSPECTED #1 INTAKE TUBE, FOUND TO BE LOOSE. REPLACED U",True,True,none
102827::combined,102827,sensitivity,raw,"NOTICED VIBRATIONS & ENGINE ROUGHNESS, ALSO NOT PRODUCING FU RAN A/C. MAG, IDLE RPM & IDLE MIXTURE CK GOOD. NO VIBRA","NOTICED VIBRATIONS AND ENGINE ROUGHNESS. RAN AIRCRAFT. MAGNETO, IDLE RPM AND IDLE MIXTURE CHECK GOOD. NO VIBRATIONS","NOTICED VIBRATIONS & ENGINE ROUGHNESS, ALSO NOT PRODUCING FU RAN A/C. MAG, IDLE RPM & IDLE MIXTURE CK GOOD. NO VIBRA","NOTICED VIBRATIONS & ENGINE ROUGHNESS, ALSO NOT PRODUCING FU RAN A/C. MAG, IDLE RPM & IDLE MIXTURE CK GOOD. NO VIBRA",True,True,none
102833::combined,102833,sensitivity,raw,"FRONT BAFFLE SEAL ON BOTTOM LEFT & BOTTOM RIGHT SIDES, NEEDS SECURED BOTTOM LEFT & BOTTOM RIGHT SIDES OF FRONT BAFFL","FRONT BAFFLE SEAL ON BOTTOM LEFT AND BOTTOM RIGHT SIDES, NEEDS SECURED BOTTOM LEFT AND BOTTOM RIGHT SIDES OF FRONT BAFFLE","FRONT BAFFLE SEAL ON BOTTOM LEFT & BOTTOM RIGHT SIDES, NEEDS SECURED BOTTOM LEFT & BOTTOM RIGHT SIDES OF FRONT BAFFL","FRONT BAFFLE SEAL ON BOTTOM LEFT & BOTTOM RIGHT SIDES, NEEDS SECURED BOTTOM LEFT & BOTTOM RIGHT SIDES OF FRONT BAFFL",True,True,none
102860::combined,102860,sensitivity,raw,"#3 AFT CYL BAFFLE CRACKED BY OIL COOLER MOUNT. STOP DRILLED CRACK ON AFT CYL #3 BAFFLE, NEAR OIL COOLE","NUMBER THREE AFT CYLINDER BAFFLE CRACKED BY OIL COOLER MOUNT. STOP DRILLED CRACK ON AFT CYLINDER NUMBER THREE BAFFLE, NEAR OIL COOLER","#3 AFT CYL BAFFLE CRACKED BY OIL COOLER MOUNT. STOP DRILLED CRACK ON AFT CYL #3 BAFFLE, NEAR OIL COOLE","#3 AFT CYL BAFFLE CRACKED BY OIL COOLER MOUNT. STOP DRILLED CRACK ON AFT CYL #3 BAFFLE, NEAR OIL COOLE",True,True,none
102866::combined,102866,sensitivity,raw,"ROCKER COVERS 1, 2, 3 & 4 LEAKING ON L/H ENGINE. REMOVED & REPLACED #1, 2, 3 & 4 ROCKER COVER GASKETS ON","ROCKER COVERS ONE, TWO, THREE AND FOUR LEAKING ON LEFT-HAND ENGINE. REMOVED AND REPLACED NUMBERS ONE, TWO, THREE AND FOUR ROCKER COVER GASKETS ON LEFT-HAND ENGINE","ROCKER COVERS 1, 2, 3 & 4 LEAKING ON L/H ENGINE. REMOVED & REPLACED #1, 2, 3 & 4 ROCKER COVER GASKETS ON","ROCKER COVERS 1, 2, 3 & 4 LEAKING ON L/H ENGINE. REMOVED & REPLACED #1, 2, 3 & 4 ROCKER COVER GASKETS ON",True,True,none
102881::combined,102881,sensitivity,raw,FWD R/H SIDE BAFFLE & L/H AFT BAFFLE ARE CRACKED. INSTALLED PATCHES ON R/H BAFFLE & L/H AFT BAFFLE IAW AC,FORWARD RIGHT-HAND SIDE BAFFLE AND LEFT-HAND AFT BAFFLE ARE CRACKED. INSTALLED PATCHES ON RIGHT-HAND BAFFLE AND LEFT-HAND AFT BAFFLE IN ACCORDANCE WITH AIRCRAFT MAINTENANCE MANUAL,FWD R/H SIDE BAFFLE & L/H AFT BAFFLE ARE CRACKED. INSTALLED PATCHES ON R/H BAFFLE & L/H AFT BAFFLE IAW AC,FWD R/H SIDE BAFFLE & L/H AFT BAFFLE ARE CRACKED. INSTALLED PATCHES ON R/H BAFFLE & L/H AFT BAFFLE IAW AC,True,True,none
102895::combined,102895,sensitivity,raw,"ROCKER COVER GASKET LEAKING, #3 R/H ENGINE. REMOVED & REPLACED #3 CYL ROCKER COVER GASKET ON R/H EN","ROCKER COVER GASKET LEAKING, NUMBER THREE RIGHT-HAND ENGINE. REMOVED AND REPLACED NUMBER THREE CYLINDER ROCKER COVER GASKET ON RIGHT-HAND ENGINE","ROCKER COVER GASKET LEAKING, #3 R/H ENGINE. REMOVED & REPLACED #3 CYL ROCKER COVER GASKET ON R/H EN","ROCKER COVER GASKET LEAKING, #3 R/H ENGINE. REMOVED & REPLACED #3 CYL ROCKER COVER GASKET ON R/H EN",True,True,none
102914::combined,102914,sensitivity,raw,"L/H ENG #2 CYL HAS LOW COMPRESSION. RAN A/C, COMPRESSION CK AT 14/80 PSI (CONTINUED ON PD #","LEFT-HAND ENGINE NUMBER TWO CYLINDER HAS LOW COMPRESSION. RAN AIRCRAFT, COMPRESSION CHECK AT FOURTEEN OUT OF EIGHTY PSI","L/H ENG #2 CYL HAS LOW COMPRESSION. RAN A/C, COMPRESSION CK AT 14/80 PSI (CONTINUED ON PD #","L/H ENG #2 CYL HAS LOW COMPRESSION. RAN A/C, COMPRESSION CK AT 14/80 PSI (CONTINUED ON PD #",True,True,none
102918::combined,102918,sensitivity,raw,LH/ ENG #2 CYL HAS LOW COMPRESSION REMOVED #2 CYL ON L/H ENG. REMOVED EXHAUST & INTAKE TUB,LEFT-HAND ENGINE NUMBER TWO CYLINDER HAS LOW COMPRESSION REMOVED NUMBER TWO CYLINDER ON LEFT-HAND ENGINE. REMOVED EXHAUST AND INTAKE TUBE,LH/ ENG #2 CYL HAS LOW COMPRESSION REMOVED #2 CYL ON L/H ENG. REMOVED EXHAUST & INTAKE TUB,LH/ ENG #2 CYL HAS LOW COMPRESSION REMOVED #2 CYL ON L/H ENG. REMOVED EXHAUST & INTAKE TUB,True,True,none
102922::combined,102922,sensitivity,raw,AFT L/H BAFFLE IS CRACKED. FABRICATED PATCH FROM LIKE MATERIAL & RIVETED IAW,AFT LEFT-HAND BAFFLE IS CRACKED. FABRICATED PATCH FROM LIKE MATERIAL AND RIVETED IN ACCORDANCE WITH REFERENCE MANUAL,AFT L/H BAFFLE IS CRACKED. FABRICATED PATCH FROM LIKE MATERIAL & RIVETED IAW,AFT L/H BAFFLE IS CRACKED. FABRICATED PATCH FROM LIKE MATERIAL & RIVETED IAW,True,True,none
102931::combined,102931,sensitivity,raw,#3 CYL ZERO COMPRESSION ON L/H ENG. TRIED STAKING EXHAUST VALVE. TEST STILL FAILED. SEEMS T,NUMBER THREE CYLINDER ZERO COMPRESSION ON LEFT-HAND ENGINE. TRIED STAKING EXHAUST VALVE. TEST STILL FAILED.,#3 CYL ZERO COMPRESSION ON L/H ENG. TRIED STAKING EXHAUST VALVE. TEST STILL FAILED. SEEMS T,#3 CYL ZERO COMPRESSION ON L/H ENG. TRIED STAKING EXHAUST VALVE. TEST STILL FAILED. SEEMS T,True,True,none
102932::combined,102932,sensitivity,raw,#3 CYL ZERO COMPRESSION ON L/H ENG. INSTALLED VALVE TRAIN. DRY TAPPET CLEARANCE CK'ED OK. I,NUMBER THREE CYLINDER ZERO COMPRESSION ON LEFT-HAND ENGINE. INSTALLED VALVE TRAIN. DRY TAPPET CLEARANCE CHECKED OK.,#3 CYL ZERO COMPRESSION ON L/H ENG. INSTALLED VALVE TRAIN. DRY TAPPET CLEARANCE CK'ED OK. I,#3 CYL ZERO COMPRESSION ON L/H ENG. INSTALLED VALVE TRAIN. DRY TAPPET CLEARANCE CK'ED OK. I,True,True,none
102933::combined,102933,sensitivity,raw,#3 CYL ZERO COMPRESSION ON L/H ENG. REMOVED CYL. REPLACED & GROUND EXHAUST VALVE. GROUND IN,NUMBER THREE CYLINDER ZERO COMPRESSION ON LEFT-HAND ENGINE. REMOVED CYLINDER. REPLACED AND GROUND EXHAUST VALVE.,#3 CYL ZERO COMPRESSION ON L/H ENG. REMOVED CYL. REPLACED & GROUND EXHAUST VALVE. GROUND IN,#3 CYL ZERO COMPRESSION ON L/H ENG. REMOVED CYL. REPLACED & GROUND EXHAUST VALVE. GROUND IN,True,True,none
102939::combined,102939,sensitivity,raw,#2 & 3 INTAKE GASKETS LEAKING ON L/H ENGINE. REMOVED & REPLACED #2 & 3 CYL INTAKE GASKETS ON L/H ENG,NUMBER TWO AND NUMBER THREE INTAKE GASKETS LEAKING ON LEFT-HAND ENGINE. REMOVED AND REPLACED NUMBER TWO AND NUMBER THREE CYLINDER INTAKE GASKETS ON LEFT-HAND ENGINE,#2 & 3 INTAKE GASKETS LEAKING ON L/H ENGINE. REMOVED & REPLACED #2 & 3 CYL INTAKE GASKETS ON L/H ENG,#2 & 3 INTAKE GASKETS LEAKING ON L/H ENGINE. REMOVED & REPLACED #2 & 3 CYL INTAKE GASKETS ON L/H ENG,True,True,none
102940::combined,102940,sensitivity,raw,"#4 CYL BAFFLING ON L/H ENGINE, CRACKED ON ANGLE BRACKETS. STOP DRILLED CRACKS & REPLACED ANGLE BRACKETS W/ LIKE M","NUMBER FOUR CYLINDER BAFFLING ON LEFT-HAND ENGINE, CRACKED ON ANGLE BRACKETS. STOP DRILLED CRACKS AND REPLACED ANGLE BRACKETS WITH LIKE MATERIAL","#4 CYL BAFFLING ON L/H ENGINE, CRACKED ON ANGLE BRACKETS. STOP DRILLED CRACKS & REPLACED ANGLE BRACKETS W/ LIKE M","#4 CYL BAFFLING ON L/H ENGINE, CRACKED ON ANGLE BRACKETS. STOP DRILLED CRACKS & REPLACED ANGLE BRACKETS W/ LIKE M",True,True,none
102942::combined,102942,sensitivity,raw,#4 CYL ON L/H ENG HAS LOW COMPRESSION. LEAKING FROM EXHAUST REMOVED #4 CYL. REPLACED EXHAUST VALVE & GROUND SEAT. G,NUMBER FOUR CYLINDER ON LEFT-HAND ENGINE HAS LOW COMPRESSION. LEAKING FROM EXHAUST. REMOVED NUMBER FOUR CYLINDER. REPLACED EXHAUST VALVE AND GROUND SEAT.,#4 CYL ON L/H ENG HAS LOW COMPRESSION. LEAKING FROM EXHAUST REMOVED #4 CYL. REPLACED EXHAUST VALVE & GROUND SEAT. G,#4 CYL ON L/H ENG HAS LOW COMPRESSION. LEAKING FROM EXHAUST REMOVED #4 CYL. REPLACED EXHAUST VALVE & GROUND SEAT. G,True,True,none
102947::combined,102947,sensitivity,raw,"BOTTOM RIVET HEAD SHEARED OFF ON ENGINE BAFFLE, R/H SIDE, I/ REMOVED ENGINE BAFFLE, R/H AFT. REMOVED & REPLACED SHEA","BOTTOM RIVET HEAD SHEARED OFF ON ENGINE BAFFLE, RIGHT-HAND SIDE. REMOVED ENGINE BAFFLE, RIGHT-HAND AFT. REMOVED AND REPLACED SHEARED RIVET","BOTTOM RIVET HEAD SHEARED OFF ON ENGINE BAFFLE, R/H SIDE, I/ REMOVED ENGINE BAFFLE, R/H AFT. REMOVED & REPLACED SHEA","BOTTOM RIVET HEAD SHEARED OFF ON ENGINE BAFFLE, R/H SIDE, I/ REMOVED ENGINE BAFFLE, R/H AFT. REMOVED & REPLACED SHEA",True,True,none
102949::combined,102949,sensitivity,raw,PUSH ROD TUBE BENT. REMOVED PUSH ROD TUBE FROM CORE ENGINE. CLEANED & INSPE,PUSH ROD TUBE BENT. REMOVED PUSH ROD TUBE FROM CORE ENGINE. CLEANED AND INSPECTED,PUSH ROD TUBE BENT. REMOVED PUSH ROD TUBE FROM CORE ENGINE. CLEANED & INSPE,PUSH ROD TUBE BENT. REMOVED PUSH ROD TUBE FROM CORE ENGINE. CLEANED & INSPE,True,True,none
102951::combined,102951,sensitivity,raw,"NOTED EXCESSIVE VIBRATION & ROUGH RUNNING ENGINE, UPON POST REMOVED & REPLACED #2 CYL ASSY. TORQUED CYL TO CASE, IN",NOTED EXCESSIVE VIBRATION AND ROUGH RUNNING ENGINE. REMOVED AND REPLACED NUMBER TWO CYLINDER ASSEMBLY. TORQUED CYLINDER TO CASE,"NOTED EXCESSIVE VIBRATION & ROUGH RUNNING ENGINE, UPON POST REMOVED & REPLACED #2 CYL ASSY. TORQUED CYL TO CASE, IN","NOTED EXCESSIVE VIBRATION & ROUGH RUNNING ENGINE, UPON POST REMOVED & REPLACED #2 CYL ASSY. TORQUED CYL TO CASE, IN",True,True,none
102953::combined,102953,sensitivity,raw,"#2 & 3 INTAKES ARE LEAKING ON L/H ENGINE. REMOVED & REPLACED CYL #2, 3 INTAKE GASKETS ON L/H ENGI",NUMBER TWO AND NUMBER THREE INTAKES ARE LEAKING ON LEFT-HAND ENGINE. REMOVED AND REPLACED CYLINDER NUMBER TWO AND NUMBER THREE INTAKE GASKETS ON LEFT-HAND ENGINE,"#2 & 3 INTAKES ARE LEAKING ON L/H ENGINE. REMOVED & REPLACED CYL #2, 3 INTAKE GASKETS ON L/H ENGI","#2 & 3 INTAKES ARE LEAKING ON L/H ENGINE. REMOVED & REPLACED CYL #2, 3 INTAKE GASKETS ON L/H ENGI",True,True,none
102956::combined,102956,sensitivity,raw,FWD ENGINE BAFFLE WORN THRU. FABRICATED NEW BAFFLE PIECE OF LIKE MATERIAL & INSTALLE,FORWARD ENGINE BAFFLE WORN THROUGH. FABRICATED NEW BAFFLE PIECE OF LIKE MATERIAL AND INSTALLED,FWD ENGINE BAFFLE WORN THRU. FABRICATED NEW BAFFLE PIECE OF LIKE MATERIAL & INSTALLE,FWD ENGINE BAFFLE WORN THRU. FABRICATED NEW BAFFLE PIECE OF LIKE MATERIAL & INSTALLE,True,True,none
102967::combined,102967,sensitivity,raw,#1 CYL HAS LOW COMPRESSION. PERFORMED ENGINE RUN & PERFORMED COMPRESSION CK ON #1 N,NUMBER ONE CYLINDER HAS LOW COMPRESSION. PERFORMED ENGINE RUN AND PERFORMED COMPRESSION CHECK ON NUMBER ONE,#1 CYL HAS LOW COMPRESSION. PERFORMED ENGINE RUN & PERFORMED COMPRESSION CK ON #1 N,#1 CYL HAS LOW COMPRESSION. PERFORMED ENGINE RUN & PERFORMED COMPRESSION CK ON #1 N,True,True,none
102970::combined,102970,sensitivity,raw,"BAFFLE PLUG HOLE REQUIRES PATCH, #3 CYL. FABRICATED & INSTALLED BAFFLE PLUG PATCH. REPLACED BAFF","BAFFLE PLUG HOLE REQUIRES PATCH, NUMBER THREE CYLINDER. FABRICATED AND INSTALLED BAFFLE PLUG PATCH. REPLACED BAFFLE","BAFFLE PLUG HOLE REQUIRES PATCH, #3 CYL. FABRICATED & INSTALLED BAFFLE PLUG PATCH. REPLACED BAFF","BAFFLE PLUG HOLE REQUIRES PATCH, #3 CYL. FABRICATED & INSTALLED BAFFLE PLUG PATCH. REPLACED BAFF",True,True,none
102994::combined,102994,sensitivity,raw,FWD ADEL CLAMP ON #3 CYL LOOSE & RUBBING ON PUSH ROD TUBE. REMOVED & REPLACED FWD ADEL CLAMP ON #3 CYL PUSH ROD TU,FORWARD ADEL CLAMP ON NUMBER THREE CYLINDER LOOSE AND RUBBING ON PUSH ROD TUBE. REMOVED AND REPLACED FORWARD ADEL CLAMP ON NUMBER THREE CYLINDER PUSH ROD TUBE,FWD ADEL CLAMP ON #3 CYL LOOSE & RUBBING ON PUSH ROD TUBE. REMOVED & REPLACED FWD ADEL CLAMP ON #3 CYL PUSH ROD TU,FWD ADEL CLAMP ON #3 CYL LOOSE & RUBBING ON PUSH ROD TUBE. REMOVED & REPLACED FWD ADEL CLAMP ON #3 CYL PUSH ROD TU,True,True,none
103018::combined,103018,sensitivity,raw,ENGINE REQUIRES TIME CHANGE. DISCONNECTED BATTERY GROUND. REMOVED EXHAUST SYSTEM. DI,ENGINE REQUIRES TIME CHANGE. DISCONNECTED BATTERY GROUND. REMOVED EXHAUST SYSTEM.,ENGINE REQUIRES TIME CHANGE. DISCONNECTED BATTERY GROUND. REMOVED EXHAUST SYSTEM. DI,ENGINE REQUIRES TIME CHANGE. DISCONNECTED BATTERY GROUND. REMOVED EXHAUST SYSTEM. DI,True,True,none
103019::combined,103019,sensitivity,raw,"ENGINE REQUIRES TIME CHANGE. INSTALLED BUILT UP ENGINE ON MOUNT, TOR",ENGINE REQUIRES TIME CHANGE. INSTALLED BUILT UP ENGINE ON MOUNT,"ENGINE REQUIRES TIME CHANGE. INSTALLED BUILT UP ENGINE ON MOUNT, TOR","ENGINE REQUIRES TIME CHANGE. INSTALLED BUILT UP ENGINE ON MOUNT, TOR",True,True,none
103020::combined,103020,sensitivity,raw,"ENGINE REQUIRES TIME CHANGE. FINISHED INSTALLING STARTER, VACUUM PUMP, ALTERNATOR, W","ENGINE REQUIRES TIME CHANGE. FINISHED INSTALLING STARTER, VACUUM PUMP, ALTERNATOR","ENGINE REQUIRES TIME CHANGE. FINISHED INSTALLING STARTER, VACUUM PUMP, ALTERNATOR, W","ENGINE REQUIRES TIME CHANGE. FINISHED INSTALLING STARTER, VACUUM PUMP, ALTERNATOR, W",True,True,none
103021::combined,103021,sensitivity,raw,"ENGINE REQUIRES TIME CHANGE. REMOVED BAFFLING, OIL LINE & QUICK DRAIN FROM CORE ENGI","ENGINE REQUIRES TIME CHANGE. REMOVED BAFFLING, OIL LINE AND QUICK DRAIN FROM CORE ENGINE","ENGINE REQUIRES TIME CHANGE. REMOVED BAFFLING, OIL LINE & QUICK DRAIN FROM CORE ENGI","ENGINE REQUIRES TIME CHANGE. REMOVED BAFFLING, OIL LINE & QUICK DRAIN FROM CORE ENGI",True,True,none
103040::combined,103040,sensitivity,raw,CYL #2 COMPRESSION LOW. AIR NOTED & OBSERVED OUT OF EXHAUST. PERFORMED RUN UP AFTER WARMING UP ENGINE & NOTED NO DEF,CYLINDER NUMBER TWO COMPRESSION LOW. AIR NOTED AND OBSERVED OUT OF EXHAUST. PERFORMED RUN UP AFTER WARMING UP ENGINE AND NOTED NO DEFECTS,CYL #2 COMPRESSION LOW. AIR NOTED & OBSERVED OUT OF EXHAUST. PERFORMED RUN UP AFTER WARMING UP ENGINE & NOTED NO DEF,CYL #2 COMPRESSION LOW. AIR NOTED & OBSERVED OUT OF EXHAUST. PERFORMED RUN UP AFTER WARMING UP ENGINE & NOTED NO DEF,True,True,none
103041::combined,103041,sensitivity,raw,CYL #2 COMPRESSION LOW. AIR NOTED & OBSERVED OUT OF EXHAUST. STAKED EXHAUST & INTAKE VALVES NOTING NO IMPROVEMENT IN,CYLINDER NUMBER TWO COMPRESSION LOW. AIR NOTED AND OBSERVED OUT OF EXHAUST. STAKED EXHAUST AND INTAKE VALVES NOTING NO IMPROVEMENT,CYL #2 COMPRESSION LOW. AIR NOTED & OBSERVED OUT OF EXHAUST. STAKED EXHAUST & INTAKE VALVES NOTING NO IMPROVEMENT IN,CYL #2 COMPRESSION LOW. AIR NOTED & OBSERVED OUT OF EXHAUST. STAKED EXHAUST & INTAKE VALVES NOTING NO IMPROVEMENT IN,True,True,none
103044::combined,103044,sensitivity,raw,"ENGINE OVERSPEED, 2750 - 2760 RPM FOR 3-4 SECONDS. RESEARCHED FDM CARD DATA, FOUND MAX RPM OF 2739.8; WHIC","ENGINE OVERSPEED, TWENTY SEVEN HUNDRED AND FIFTY TO TWENTY SEVEN HUNDRED AND SIXTY RPM FOR THREE TO FOUR SECONDS. RESEARCHED FDM CARD DATA, FOUND MAX RPM OF TWENTY SEVEN HUNDRED AND THIRTY NINE POINT EIGHT","ENGINE OVERSPEED, 2750 - 2760 RPM FOR 3-4 SECONDS. RESEARCHED FDM CARD DATA, FOUND MAX RPM OF 2739.8; WHIC","ENGINE OVERSPEED, 2750 - 2760 RPM FOR 3-4 SECONDS. RESEARCHED FDM CARD DATA, FOUND MAX RPM OF 2739.8; WHIC",True,True,none
103052::combined,103052,sensitivity,raw,"#4 INTAKE IS LEAKING, CYL #3 INTAKE LEAKING, CYL #2 INTAKE L REMOVED & REPLACED #2, 3 & 4 INTAKE GASKETS.","NUMBER FOUR INTAKE IS LEAKING, CYLINDER NUMBER THREE INTAKE LEAKING, CYLINDER NUMBER TWO INTAKE LEAKING. REMOVED AND REPLACED NUMBERS TWO, THREE AND FOUR INTAKE GASKETS.","#4 INTAKE IS LEAKING, CYL #3 INTAKE LEAKING, CYL #2 INTAKE L REMOVED & REPLACED #2, 3 & 4 INTAKE GASKETS.","#4 INTAKE IS LEAKING, CYL #3 INTAKE LEAKING, CYL #2 INTAKE L REMOVED & REPLACED #2, 3 & 4 INTAKE GASKETS.",True,True,none
103054::combined,103054,sensitivity,raw,"CRACK NOTED ON INSIDE OF #1 CYL UPPER BAFFLE, NEAR RIVET. STOP DRILLED BOTH ENDS OF CRACK, NO FURTHER DEFECTS NOT","CRACK NOTED ON INSIDE OF NUMBER ONE CYLINDER UPPER BAFFLE, NEAR RIVET. STOP DRILLED BOTH ENDS OF CRACK, NO FURTHER DEFECTS NOTED","CRACK NOTED ON INSIDE OF #1 CYL UPPER BAFFLE, NEAR RIVET. STOP DRILLED BOTH ENDS OF CRACK, NO FURTHER DEFECTS NOT","CRACK NOTED ON INSIDE OF #1 CYL UPPER BAFFLE, NEAR RIVET. STOP DRILLED BOTH ENDS OF CRACK, NO FURTHER DEFECTS NOT",True,True,none
103064::combined,103064,sensitivity,raw,ENGINE R/H REAR BAFFLE SUPPORT BRACKET LOOSE. REMOVED R/H REAR BAFFLE. INSTALLED NEW SCREWS & NUTS. R,ENGINE RIGHT-HAND REAR BAFFLE SUPPORT BRACKET LOOSE. REMOVED RIGHT-HAND REAR BAFFLE. INSTALLED NEW SCREWS AND NUTS.,ENGINE R/H REAR BAFFLE SUPPORT BRACKET LOOSE. REMOVED R/H REAR BAFFLE. INSTALLED NEW SCREWS & NUTS. R,ENGINE R/H REAR BAFFLE SUPPORT BRACKET LOOSE. REMOVED R/H REAR BAFFLE. INSTALLED NEW SCREWS & NUTS. R,True,True,none
103069::combined,103069,sensitivity,raw,#1 CYL BAFFLE CRACK NOTED BY CYL HEAD SCREW PLATE. STOP DRILLED CRACK & INSTALLED DOUBLER PLATE TO #1 CYL,NUMBER ONE CYLINDER BAFFLE CRACK NOTED BY CYLINDER HEAD SCREW PLATE. STOP DRILLED CRACK AND INSTALLED DOUBLER PLATE TO NUMBER ONE CYLINDER,#1 CYL BAFFLE CRACK NOTED BY CYL HEAD SCREW PLATE. STOP DRILLED CRACK & INSTALLED DOUBLER PLATE TO #1 CYL,#1 CYL BAFFLE CRACK NOTED BY CYL HEAD SCREW PLATE. STOP DRILLED CRACK & INSTALLED DOUBLER PLATE TO #1 CYL,True,True,none
103071::combined,103071,sensitivity,raw,LOWER BAFFLING SEAL IS CHAFING AIR FILTER BOX CAM LOCK NUTPL INSTALLED RTV IN AREAS.,LOWER BAFFLING SEAL IS CHAFING AIR FILTER BOX CAM LOCK NUTPLATE. INSTALLED RTV IN AREAS.,LOWER BAFFLING SEAL IS CHAFING AIR FILTER BOX CAM LOCK NUTPL INSTALLED RTV IN AREAS.,LOWER BAFFLING SEAL IS CHAFING AIR FILTER BOX CAM LOCK NUTPL INSTALLED RTV IN AREAS.,True,True,none
103075::combined,103075,sensitivity,raw,L/H REAR ENGINE BAFFLE ACCESS HOLE WORN. INSTALL ACCESS HOLE DOUBLER IAW,LEFT-HAND REAR ENGINE BAFFLE ACCESS HOLE WORN. INSTALL ACCESS HOLE DOUBLER IN ACCORDANCE WITH REFERENCE MANUAL,L/H REAR ENGINE BAFFLE ACCESS HOLE WORN. INSTALL ACCESS HOLE DOUBLER IAW,L/H REAR ENGINE BAFFLE ACCESS HOLE WORN. INSTALL ACCESS HOLE DOUBLER IAW,True,True,none
103078::combined,103078,sensitivity,raw,"OIL PRESENT ON ENGINE, R/H SIDE. OIL SPRAYED BELOW & AFT. FOUND #4 ROCKER COVER GASKET LEAKING. REMOVED & REPLACE","OIL PRESENT ON ENGINE, RIGHT-HAND SIDE. OIL SPRAYED BELOW AND AFT. FOUND NUMBER FOUR ROCKER COVER GASKET LEAKING. REMOVED AND REPLACED","OIL PRESENT ON ENGINE, R/H SIDE. OIL SPRAYED BELOW & AFT. FOUND #4 ROCKER COVER GASKET LEAKING. REMOVED & REPLACE","OIL PRESENT ON ENGINE, R/H SIDE. OIL SPRAYED BELOW & AFT. FOUND #4 ROCKER COVER GASKET LEAKING. REMOVED & REPLACE",True,True,none
103079::combined,103079,sensitivity,raw,"ON TAXI, ENGINE RAN ROUGH FROM 800 TO 1400 RPM. LEANING MIXT RAN UP A/C & LEANED OUT TO CLEAN PLUGS. OPS CK OK.","ON TAXI, ENGINE RAN ROUGH FROM EIGHT HUNDRED TO FOURTEEN HUNDRED RPM. LEANING MIXTURE. RAN UP AIRCRAFT AND LEANED OUT TO CLEAN PLUGS. OPERATIONS CHECK OK.","ON TAXI, ENGINE RAN ROUGH FROM 800 TO 1400 RPM. LEANING MIXT RAN UP A/C & LEANED OUT TO CLEAN PLUGS. OPS CK OK.","ON TAXI, ENGINE RAN ROUGH FROM 800 TO 1400 RPM. LEANING MIXT RAN UP A/C & LEANED OUT TO CLEAN PLUGS. OPS CK OK.",True,True,none
103105::combined,103105,sensitivity,raw,"DURING TAKE OFF ROLL, ADVANCED THROTTLE TO FULL POWER; RPM W RAN UP A/C, UNABLE TO DUPLICATE DISCREPANCY. OPS CK OK.","DURING TAKEOFF ROLL, ADVANCED THROTTLE TO FULL POWER. RAN UP AIRCRAFT, UNABLE TO DUPLICATE DISCREPANCY. OPERATIONS CHECK OK.","DURING TAKE OFF ROLL, ADVANCED THROTTLE TO FULL POWER; RPM W RAN UP A/C, UNABLE TO DUPLICATE DISCREPANCY. OPS CK OK.","DURING TAKE OFF ROLL, ADVANCED THROTTLE TO FULL POWER; RPM W RAN UP A/C, UNABLE TO DUPLICATE DISCREPANCY. OPS CK OK.",True,True,none
103112::combined,103112,sensitivity,raw,"ENGINE RUNNING ROUGH, #2 CYL EGT LOW. RAN A/C, OPS CK GOOD. BORESCOPED CYLINDER, NO DEFECTS F","ENGINE RUNNING ROUGH, NUMBER TWO CYLINDER EGT LOW. RAN AIRCRAFT, OPERATIONS CHECK GOOD. BORESCOPED CYLINDER, NO DEFECTS FOUND","ENGINE RUNNING ROUGH, #2 CYL EGT LOW. RAN A/C, OPS CK GOOD. BORESCOPED CYLINDER, NO DEFECTS F","ENGINE RUNNING ROUGH, #2 CYL EGT LOW. RAN A/C, OPS CK GOOD. BORESCOPED CYLINDER, NO DEFECTS F",True,True,none
103114::combined,103114,sensitivity,raw,ENGINE STARTED RUNNING ROUGH & BACK FIRING. BOTH POWER REDUC BEGAN PERFORMING LYCOMING .,ENGINE STARTED RUNNING ROUGH AND BACKFIRING. BEGAN PERFORMING LYCOMING .,ENGINE STARTED RUNNING ROUGH & BACK FIRING. BOTH POWER REDUC BEGAN PERFORMING LYCOMING .,ENGINE STARTED RUNNING ROUGH & BACK FIRING. BOTH POWER REDUC BEGAN PERFORMING LYCOMING .,True,True,none
103115::combined,103115,sensitivity,raw,"ENGINE STARTED RUNNING ROUGH & BACK FIRING. BOTH POWER REDUC COMPLETED LYCOMING , FOUND #1, 4 EXHAUST GUIDES","ENGINE STARTED RUNNING ROUGH AND BACKFIRING. COMPLETED LYCOMING, FOUND NUMBER ONE AND NUMBER FOUR EXHAUST GUIDES","ENGINE STARTED RUNNING ROUGH & BACK FIRING. BOTH POWER REDUC COMPLETED LYCOMING , FOUND #1, 4 EXHAUST GUIDES","ENGINE STARTED RUNNING ROUGH & BACK FIRING. BOTH POWER REDUC COMPLETED LYCOMING , FOUND #1, 4 EXHAUST GUIDES",True,True,none
103116::combined,103116,sensitivity,raw,"ENGINE STARTED RUNNING ROUGH & BACK FIRING. BOTH POWER REDUC COMPLETED REASSEMBLY. RAN UP A/C, OPS CK GOOD.","ENGINE STARTED RUNNING ROUGH AND BACKFIRING. COMPLETED REASSEMBLY. RAN UP AIRCRAFT, OPERATIONS CHECK GOOD.","ENGINE STARTED RUNNING ROUGH & BACK FIRING. BOTH POWER REDUC COMPLETED REASSEMBLY. RAN UP A/C, OPS CK GOOD.","ENGINE STARTED RUNNING ROUGH & BACK FIRING. BOTH POWER REDUC COMPLETED REASSEMBLY. RAN UP A/C, OPS CK GOOD.",True,True,none
103118::combined,103118,sensitivity,raw,ROUGH ENGINE W/ OIL LEAK INSTALLED O/H'ED OIL COOLER. REINSTALLED EXHAU,ROUGH ENGINE WITH OIL LEAK. INSTALLED OVERHAULED OIL COOLER. REINSTALLED EXHAUST MANIFOLD,ROUGH ENGINE W/ OIL LEAK INSTALLED O/H'ED OIL COOLER. REINSTALLED EXHAU,ROUGH ENGINE W/ OIL LEAK INSTALLED O/H'ED OIL COOLER. REINSTALLED EXHAU,True,True,none
103119::combined,103119,sensitivity,raw,ROUGH ENGINE W/ OIL LEAK PERFORMED OPERATIONAL & LEAK CK. ADJUST IDLE MIXTURE. N,ROUGH ENGINE WITH OIL LEAK PERFORMED OPERATIONAL AND LEAK CHECK. ADJUST IDLE MIXTURE.,ROUGH ENGINE W/ OIL LEAK PERFORMED OPERATIONAL & LEAK CK. ADJUST IDLE MIXTURE. N,ROUGH ENGINE W/ OIL LEAK PERFORMED OPERATIONAL & LEAK CK. ADJUST IDLE MIXTURE. N,True,True,none
103120::combined,103120,sensitivity,raw,ROUGH ENGINE W/ OIL LEAK RECEIVED CUSTOMER SUPPLIED ENG. CLEANED & INSPECTED ENG,ROUGH ENGINE WITH OIL LEAK. RECEIVED CUSTOMER SUPPLIED ENGINE. CLEANED AND INSPECTED ENGINE,ROUGH ENGINE W/ OIL LEAK RECEIVED CUSTOMER SUPPLIED ENG. CLEANED & INSPECTED ENG,ROUGH ENGINE W/ OIL LEAK RECEIVED CUSTOMER SUPPLIED ENG. CLEANED & INSPECTED ENG,True,True,none
103121::combined,103121,sensitivity,raw,ROUGH ENGINE W/ OIL LEAK REMOVED DEFECTIVE ENGINE FROM A/C. INSTALLED FACTORY O/,ROUGH ENGINE WITH OIL LEAK. REMOVED DEFECTIVE ENGINE FROM AIRCRAFT. INSTALLED FACTORY OVERHAULED ENGINE,ROUGH ENGINE W/ OIL LEAK REMOVED DEFECTIVE ENGINE FROM A/C. INSTALLED FACTORY O/,ROUGH ENGINE W/ OIL LEAK REMOVED DEFECTIVE ENGINE FROM A/C. INSTALLED FACTORY O/,True,True,none
103123::combined,103123,sensitivity,raw,"NEAR IDLE, ENGINE WAS A LITTLE ROUGH. AT STOP FOR RUN UP, RP STARTED ENGINE, WARMED TO OPERATING TEMPS. ENGINE IDLE","NEAR IDLE, ENGINE WAS A LITTLE ROUGH. STARTED ENGINE, WARMED TO OPERATING TEMPERATURES.","NEAR IDLE, ENGINE WAS A LITTLE ROUGH. AT STOP FOR RUN UP, RP STARTED ENGINE, WARMED TO OPERATING TEMPS. ENGINE IDLE","NEAR IDLE, ENGINE WAS A LITTLE ROUGH. AT STOP FOR RUN UP, RP STARTED ENGINE, WARMED TO OPERATING TEMPS. ENGINE IDLE",True,True,none
103126::combined,103126,sensitivity,raw,FWD ENG BAFFLE SEAL ABOVE VACUUM PUMP TORN. REMOVED & REPLACED FWD ENG BAFFLE SEAL ABOVE VACUUM PUM,FORWARD ENGINE BAFFLE SEAL ABOVE VACUUM PUMP TORN. REMOVED AND REPLACED FORWARD ENGINE BAFFLE SEAL ABOVE VACUUM PUMP,FWD ENG BAFFLE SEAL ABOVE VACUUM PUMP TORN. REMOVED & REPLACED FWD ENG BAFFLE SEAL ABOVE VACUUM PUM,FWD ENG BAFFLE SEAL ABOVE VACUUM PUMP TORN. REMOVED & REPLACED FWD ENG BAFFLE SEAL ABOVE VACUUM PUM,True,True,none
103139::combined,103139,sensitivity,raw,"ACCIDENTALLY OVERSPED ENGINE BEFORE PULLING THROTTLE BACK, E EVALUATED DATA ON FDM CARD & FOUND ENGINE OVERSPEED TO",ACCIDENTALLY OVERSPED ENGINE BEFORE PULLING THROTTLE BACK. EVALUATED DATA ON FDM CARD AND FOUND ENGINE OVERSPEED,"ACCIDENTALLY OVERSPED ENGINE BEFORE PULLING THROTTLE BACK, E EVALUATED DATA ON FDM CARD & FOUND ENGINE OVERSPEED TO","ACCIDENTALLY OVERSPED ENGINE BEFORE PULLING THROTTLE BACK, E EVALUATED DATA ON FDM CARD & FOUND ENGINE OVERSPEED TO",True,True,none
103144::combined,103144,sensitivity,raw,"LOWER INTERCYLINDER BAFFLE SPRING ON R/H SIDE OF ENGINE, BRO REMOVED & REPLACED BAFFLE SPRING.","LOWER INTERCYLINDER BAFFLE SPRING ON RIGHT-HAND SIDE OF ENGINE, BROKEN. REMOVED AND REPLACED BAFFLE SPRING.","LOWER INTERCYLINDER BAFFLE SPRING ON R/H SIDE OF ENGINE, BRO REMOVED & REPLACED BAFFLE SPRING.","LOWER INTERCYLINDER BAFFLE SPRING ON R/H SIDE OF ENGINE, BRO REMOVED & REPLACED BAFFLE SPRING.",True,True,none
103157::combined,103157,sensitivity,raw,EGT/CHT WIRE BUNDLE MOUNTING SCREW & IGN LEAD/OIL COOLER MOU TIGHTENED HARDWARED ON OIL COOLER.,"EGT, CHT WIRE BUNDLE MOUNTING SCREW AND IGNITION LEAD, OIL COOLER MOUNT. TIGHTENED HARDWARE ON OIL COOLER.",EGT/CHT WIRE BUNDLE MOUNTING SCREW & IGN LEAD/OIL COOLER MOU TIGHTENED HARDWARED ON OIL COOLER.,EGT/CHT WIRE BUNDLE MOUNTING SCREW & IGN LEAD/OIL COOLER MOU TIGHTENED HARDWARED ON OIL COOLER.,True,True,none
103158::combined,103158,sensitivity,raw,"BAFFLE SCREW HAS OVERSIZED WASHER, WHICH IS CHAFING #3 CYL R REMOVED WASHER & INSTALLED CORRECT HARDWARE TO PREVENT","BAFFLE SCREW HAS OVERSIZED WASHER, WHICH IS CHAFING NUMBER THREE CYLINDER. REMOVED WASHER AND INSTALLED CORRECT HARDWARE TO PREVENT CHAFING","BAFFLE SCREW HAS OVERSIZED WASHER, WHICH IS CHAFING #3 CYL R REMOVED WASHER & INSTALLED CORRECT HARDWARE TO PREVENT","BAFFLE SCREW HAS OVERSIZED WASHER, WHICH IS CHAFING #3 CYL R REMOVED WASHER & INSTALLED CORRECT HARDWARE TO PREVENT",True,True,none
103159::combined,103159,sensitivity,raw,"OIL LEAK AT CRANKCASE BOLTS, USED TO MOUNT FUEL FLOW TRANSDU REMOVED BOLTS, CLEANED BOLT HOLES, RESEALED BOLTS & TOR","OIL LEAK AT CRANKCASE BOLTS, USED TO MOUNT FUEL FLOW TRANSDUCER. REMOVED BOLTS, CLEANED BOLT HOLES, RESEALED BOLTS AND TORQUED NUTS","OIL LEAK AT CRANKCASE BOLTS, USED TO MOUNT FUEL FLOW TRANSDU REMOVED BOLTS, CLEANED BOLT HOLES, RESEALED BOLTS & TOR","OIL LEAK AT CRANKCASE BOLTS, USED TO MOUNT FUEL FLOW TRANSDU REMOVED BOLTS, CLEANED BOLT HOLES, RESEALED BOLTS & TOR",True,True,none
103168::combined,103168,sensitivity,raw,"SHEARED OFF RIVETS ON BAFFLE BRACKET, BEHIND #3 CYL. REMOVED BAFFLE, INSTALLED NEW RIVETS & REINSTALLED BAFF","SHEARED OFF RIVETS ON BAFFLE BRACKET, BEHIND NUMBER THREE CYLINDER. REMOVED BAFFLE, INSTALLED NEW RIVETS AND REINSTALLED BAFFLE","SHEARED OFF RIVETS ON BAFFLE BRACKET, BEHIND #3 CYL. REMOVED BAFFLE, INSTALLED NEW RIVETS & REINSTALLED BAFF","SHEARED OFF RIVETS ON BAFFLE BRACKET, BEHIND #3 CYL. REMOVED BAFFLE, INSTALLED NEW RIVETS & REINSTALLED BAFF",True,True,none
103170::combined,103170,sensitivity,raw,"#3 & 4 CYL WERE REMOVED BY OFF SITE MAINTENANCE. #4 PISTON PIN BORE DAMAGED. RECEIVED NEW PISTON, MEASUR",NUMBER THREE AND NUMBER FOUR CYLINDER WERE REMOVED BY OFF-SITE MAINTENANCE. NUMBER FOUR PISTON PIN BORE DAMAGED. RECEIVED NEW PISTON,"#3 & 4 CYL WERE REMOVED BY OFF SITE MAINTENANCE. #4 PISTON PIN BORE DAMAGED. RECEIVED NEW PISTON, MEASUR","#3 & 4 CYL WERE REMOVED BY OFF SITE MAINTENANCE. #4 PISTON PIN BORE DAMAGED. RECEIVED NEW PISTON, MEASUR",True,True,none
103181::combined,103181,sensitivity,raw,"ZERO COMPRESSION ON #1 CYLINDER. LEAKING FROM EXHAUST VALVE, REPLACED CYLINDER ASSY W/ REPAIRED CYL, NEW PISTON, RIN","ZERO COMPRESSION ON NUMBER ONE CYLINDER. LEAKING FROM EXHAUST VALVE. REPLACED CYLINDER ASSEMBLY WITH REPAIRED CYLINDER, NEW PISTON, RINGS","ZERO COMPRESSION ON #1 CYLINDER. LEAKING FROM EXHAUST VALVE, REPLACED CYLINDER ASSY W/ REPAIRED CYL, NEW PISTON, RIN","ZERO COMPRESSION ON #1 CYLINDER. LEAKING FROM EXHAUST VALVE, REPLACED CYLINDER ASSY W/ REPAIRED CYL, NEW PISTON, RIN",True,True,none
103193::combined,103193,sensitivity,raw,"WHILE FOGGING #2 CYL, TIP FROM SPRAYER NOZZLE CAME INTO CONT INSTALLED INTERCYLINDER BAFFLE & HARDWARE.","WHILE FOGGING NUMBER TWO CYLINDER, TIP FROM SPRAYER NOZZLE CAME INTO CONTACT WITH CYLINDER. INSTALLED INTERCYLINDER BAFFLE AND HARDWARE.","WHILE FOGGING #2 CYL, TIP FROM SPRAYER NOZZLE CAME INTO CONT INSTALLED INTERCYLINDER BAFFLE & HARDWARE.","WHILE FOGGING #2 CYL, TIP FROM SPRAYER NOZZLE CAME INTO CONT INSTALLED INTERCYLINDER BAFFLE & HARDWARE.",True,True,none
103194::combined,103194,sensitivity,raw,"WHILE FOGGING #2 CYL, TIP FROM SPRAYER NOZZLE CAME INTO CONT REMOVED NECESSARY BAFFLING, LINES, TUBES, HARDWARE TO F","WHILE FOGGING NUMBER TWO CYLINDER, TIP FROM SPRAYER NOZZLE CAME INTO CONTACT WITH CYLINDER. REMOVED NECESSARY BAFFLING, LINES, TUBES, HARDWARE","WHILE FOGGING #2 CYL, TIP FROM SPRAYER NOZZLE CAME INTO CONT REMOVED NECESSARY BAFFLING, LINES, TUBES, HARDWARE TO F","WHILE FOGGING #2 CYL, TIP FROM SPRAYER NOZZLE CAME INTO CONT REMOVED NECESSARY BAFFLING, LINES, TUBES, HARDWARE TO F",True,True,none
103195::combined,103195,sensitivity,raw,"WHILE FOGGING #2 CYL, TIP FROM SPRAYER NOZZLE CAME INTO CONT REMOVED PISTON FROM ROD. PREPARED NEW PISTION FOR INSTA","WHILE FOGGING NUMBER TWO CYLINDER, TIP FROM SPRAYER NOZZLE CAME INTO CONTACT WITH CYLINDER. REMOVED PISTON FROM ROD. PREPARED NEW PISTON FOR INSTALLATION","WHILE FOGGING #2 CYL, TIP FROM SPRAYER NOZZLE CAME INTO CONT REMOVED PISTON FROM ROD. PREPARED NEW PISTION FOR INSTA","WHILE FOGGING #2 CYL, TIP FROM SPRAYER NOZZLE CAME INTO CONT REMOVED PISTON FROM ROD. PREPARED NEW PISTION FOR INSTA",True,True,none
103196::combined,103196,sensitivity,raw,"WHILE FOGGING #2 CYL, TIP FROM SPRAYER NOZZLE CAME INTO CONT COMPLETED CYL INSTALLATION. INSTALLED ROCKER COVER, INJ","WHILE FOGGING NUMBER TWO CYLINDER, TIP FROM SPRAYER NOZZLE CAME INTO CONTACT WITH CYLINDER. COMPLETED CYLINDER INSTALLATION. INSTALLED ROCKER COVER","WHILE FOGGING #2 CYL, TIP FROM SPRAYER NOZZLE CAME INTO CONT COMPLETED CYL INSTALLATION. INSTALLED ROCKER COVER, INJ","WHILE FOGGING #2 CYL, TIP FROM SPRAYER NOZZLE CAME INTO CONT COMPLETED CYL INSTALLATION. INSTALLED ROCKER COVER, INJ",True,True,none
103197::combined,103197,sensitivity,raw,"WHILE FOGGING #2 CYL, TIP FROM SPRAYER NOZZLE CAME INTO CONT CYL & PISTON REPLACEMENT DONE IAW LYCOMING DIRECT DRIVE","WHILE FOGGING NUMBER TWO CYLINDER, TIP FROM SPRAYER NOZZLE CAME INTO CONTACT WITH CYLINDER. CYLINDER AND PISTON REPLACEMENT DONE IN ACCORDANCE WITH LYCOMING DIRECT DRIVE OVERHAUL MANUAL","WHILE FOGGING #2 CYL, TIP FROM SPRAYER NOZZLE CAME INTO CONT CYL & PISTON REPLACEMENT DONE IAW LYCOMING DIRECT DRIVE","WHILE FOGGING #2 CYL, TIP FROM SPRAYER NOZZLE CAME INTO CONT CYL & PISTON REPLACEMENT DONE IAW LYCOMING DIRECT DRIVE",True,True,none
103213::combined,103213,sensitivity,raw,DING IN COMPRESSOR FIRST STAGE BLADE. DAMAGE TO COMPRESSOR FIRST STAGE BLADE IS ACCEPTABLE. I,DING IN COMPRESSOR FIRST STAGE BLADE. DAMAGE TO COMPRESSOR FIRST STAGE BLADE IS ACCEPTABLE.,DING IN COMPRESSOR FIRST STAGE BLADE. DAMAGE TO COMPRESSOR FIRST STAGE BLADE IS ACCEPTABLE. I,DING IN COMPRESSOR FIRST STAGE BLADE. DAMAGE TO COMPRESSOR FIRST STAGE BLADE IS ACCEPTABLE. I,True,True,none
103237::combined,103237,sensitivity,raw,"BAFFLE BOLT OR SCREW MISSING, FWD L/H SIDE IN FRONT OF #2 CY INSTALLED NEW SCREW.","BAFFLE BOLT OR SCREW MISSING, FORWARD LEFT-HAND SIDE IN FRONT OF NUMBER TWO CYLINDER. INSTALLED NEW SCREW.","BAFFLE BOLT OR SCREW MISSING, FWD L/H SIDE IN FRONT OF #2 CY INSTALLED NEW SCREW.","BAFFLE BOLT OR SCREW MISSING, FWD L/H SIDE IN FRONT OF #2 CY INSTALLED NEW SCREW.",True,True,none
103241::combined,103241,sensitivity,raw,EXTRA SPARK PLUG ON TOP OF #2 CYLINDER REMOVED EXTRA SPARK PLUG FROM #2 CYL,EXTRA SPARK PLUG ON TOP OF NUMBER TWO CYLINDER. REMOVED EXTRA SPARK PLUG FROM NUMBER TWO CYLINDER,EXTRA SPARK PLUG ON TOP OF #2 CYLINDER REMOVED EXTRA SPARK PLUG FROM #2 CYL,EXTRA SPARK PLUG ON TOP OF #2 CYLINDER REMOVED EXTRA SPARK PLUG FROM #2 CYL,True,True,none
103246::combined,103246,sensitivity,raw,PROP/ENGINE OVERSPEED. REVIEWED FDM DATA. FOUND OVERSPEED TO BE W/IN LIMITS PE,"PROPELLER, ENGINE OVERSPEED. REVIEWED FDM DATA. FOUND OVERSPEED TO BE WITHIN LIMITS",PROP/ENGINE OVERSPEED. REVIEWED FDM DATA. FOUND OVERSPEED TO BE W/IN LIMITS PE,PROP/ENGINE OVERSPEED. REVIEWED FDM DATA. FOUND OVERSPEED TO BE W/IN LIMITS PE,True,True,none
103258::combined,103258,sensitivity,raw,#1 CYL BAFFLING CRACK EXTENDING BEYOND STOP DRILL. STOP DRILLED CRACK & INSTALLED DOUBLER PLATE IN REFEREN,NUMBER ONE CYLINDER BAFFLING CRACK EXTENDING BEYOND STOP DRILL. STOP DRILLED CRACK AND INSTALLED DOUBLER PLATE IN REFERENCE,#1 CYL BAFFLING CRACK EXTENDING BEYOND STOP DRILL. STOP DRILLED CRACK & INSTALLED DOUBLER PLATE IN REFEREN,#1 CYL BAFFLING CRACK EXTENDING BEYOND STOP DRILL. STOP DRILLED CRACK & INSTALLED DOUBLER PLATE IN REFEREN,True,True,none
103268::combined,103268,sensitivity,raw,R/H REAR ENGINE BAFFLE ATTACH BRACKET LOOSE. REMOVED R/H REAR BAFFLE. REATTACHED ATTACH BRACKET & RE,RIGHT-HAND REAR ENGINE BAFFLE ATTACH BRACKET LOOSE. REMOVED RIGHT-HAND REAR BAFFLE. REATTACHED ATTACH BRACKET,R/H REAR ENGINE BAFFLE ATTACH BRACKET LOOSE. REMOVED R/H REAR BAFFLE. REATTACHED ATTACH BRACKET & RE,R/H REAR ENGINE BAFFLE ATTACH BRACKET LOOSE. REMOVED R/H REAR BAFFLE. REATTACHED ATTACH BRACKET & RE,True,True,none
103277::combined,103277,sensitivity,raw,MOMENTARY ENGINE ROUGHNESS. PERFORMED ENGINE RUN UP. NO ROUGHNESS NOTED THROUGH ENT,MOMENTARY ENGINE ROUGHNESS. PERFORMED ENGINE RUN UP. NO ROUGHNESS NOTED,MOMENTARY ENGINE ROUGHNESS. PERFORMED ENGINE RUN UP. NO ROUGHNESS NOTED THROUGH ENT,MOMENTARY ENGINE ROUGHNESS. PERFORMED ENGINE RUN UP. NO ROUGHNESS NOTED THROUGH ENT,True,True,none
103285::combined,103285,sensitivity,raw,"R/H ENGINE BACK BONE SEEPING OIL. REMOVED BOLTS (ONE AT A TIME), CLEANED, RESEALED & RETO","RIGHT-HAND ENGINE BACKBONE SEEPING OIL. REMOVED BOLTS, ONE AT A TIME, CLEANED, RESEALED AND RETORQUED","R/H ENGINE BACK BONE SEEPING OIL. REMOVED BOLTS (ONE AT A TIME), CLEANED, RESEALED & RETO","R/H ENGINE BACK BONE SEEPING OIL. REMOVED BOLTS (ONE AT A TIME), CLEANED, RESEALED & RETO",True,True,none
103286::combined,103286,sensitivity,raw,R/H ENG #2 & 4 ROCKER BOX COVERS LEAKING. REMOVED & REPLACED R/H ENG CYL #2 & 4 ROCKER COVER GASK,RIGHT-HAND ENGINE NUMBER TWO AND NUMBER FOUR ROCKER BOX COVERS LEAKING. REMOVED AND REPLACED RIGHT-HAND ENGINE CYLINDER NUMBER TWO AND NUMBER FOUR ROCKER COVER GASKETS,R/H ENG #2 & 4 ROCKER BOX COVERS LEAKING. REMOVED & REPLACED R/H ENG CYL #2 & 4 ROCKER COVER GASK,R/H ENG #2 & 4 ROCKER BOX COVERS LEAKING. REMOVED & REPLACED R/H ENG CYL #2 & 4 ROCKER COVER GASK,True,True,none
103292::combined,103292,sensitivity,raw,"BAFFLE PATCH CRACKED ABOVE #4 CYL. REMOVED CRACKED BAFFLE PATCH, FABRICATED NEW PATCH, INS","BAFFLE PATCH CRACKED ABOVE NUMBER FOUR CYLINDER. REMOVED CRACKED BAFFLE PATCH, FABRICATED NEW PATCH, INSTALLED","BAFFLE PATCH CRACKED ABOVE #4 CYL. REMOVED CRACKED BAFFLE PATCH, FABRICATED NEW PATCH, INS","BAFFLE PATCH CRACKED ABOVE #4 CYL. REMOVED CRACKED BAFFLE PATCH, FABRICATED NEW PATCH, INS",True,True,none
103300::combined,103300,sensitivity,raw,L/H ENG #4 CYL DEAD. REINSTALLED AFT BAFFLE & BOTH SIDE BAFFLES. INSTALLED B,LEFT-HAND ENGINE NUMBER FOUR CYLINDER DEAD. REINSTALLED AFT BAFFLE AND BOTH SIDE BAFFLES.,L/H ENG #4 CYL DEAD. REINSTALLED AFT BAFFLE & BOTH SIDE BAFFLES. INSTALLED B,L/H ENG #4 CYL DEAD. REINSTALLED AFT BAFFLE & BOTH SIDE BAFFLES. INSTALLED B,True,True,none
103313::combined,103313,sensitivity,raw,#2 OIL RETURN LINE CHAFING ON BAFFLING. INSTALLED CHAFE WRAP & APPLIED SILICONE TO AREA. NO DAM,NUMBER TWO OIL RETURN LINE CHAFING ON BAFFLING. INSTALLED CHAFE WRAP AND APPLIED SILICONE TO AREA. NO DAMAGE NOTED,#2 OIL RETURN LINE CHAFING ON BAFFLING. INSTALLED CHAFE WRAP & APPLIED SILICONE TO AREA. NO DAM,#2 OIL RETURN LINE CHAFING ON BAFFLING. INSTALLED CHAFE WRAP & APPLIED SILICONE TO AREA. NO DAM,True,True,none
103318::combined,103318,sensitivity,raw,"ALL 4 ROCKER COVERS LEAKING ON R/H ENGINE. REMOVED ROCKER COVERS, CLEANED COVERS & INSTALLED NEW G","ALL FOUR ROCKER COVERS LEAKING ON RIGHT-HAND ENGINE. REMOVED ROCKER COVERS, CLEANED COVERS AND INSTALLED NEW GASKETS","ALL 4 ROCKER COVERS LEAKING ON R/H ENGINE. REMOVED ROCKER COVERS, CLEANED COVERS & INSTALLED NEW G","ALL 4 ROCKER COVERS LEAKING ON R/H ENGINE. REMOVED ROCKER COVERS, CLEANED COVERS & INSTALLED NEW G",True,True,none
103319::combined,103319,sensitivity,raw,"ROCKER COVERS 1, 2, 3 & 4 LEAKING ON L/H ENGINE. REMOVED ROCKER COVERS & CLEANED OLD GASKET MATERIAL FRO","ROCKER COVERS ONE, TWO, THREE AND FOUR LEAKING ON LEFT-HAND ENGINE. REMOVED ROCKER COVERS AND CLEANED OLD GASKET MATERIAL","ROCKER COVERS 1, 2, 3 & 4 LEAKING ON L/H ENGINE. REMOVED ROCKER COVERS & CLEANED OLD GASKET MATERIAL FRO","ROCKER COVERS 1, 2, 3 & 4 LEAKING ON L/H ENGINE. REMOVED ROCKER COVERS & CLEANED OLD GASKET MATERIAL FRO",True,True,none
103327::combined,103327,sensitivity,raw,ENGINE FAILED ONCE ON RUN UP. ENGINE RAN ROUGH & ALMOST QUIT PLACED HELICOPTER IN HEATER HANGAR. STARTED ENGINE USIN,ENGINE FAILED ONCE ON RUN UP. ENGINE RAN ROUGH AND ALMOST QUIT. PLACED HELICOPTER IN HEATER HANGAR. STARTED ENGINE,ENGINE FAILED ONCE ON RUN UP. ENGINE RAN ROUGH & ALMOST QUIT PLACED HELICOPTER IN HEATER HANGAR. STARTED ENGINE USIN,ENGINE FAILED ONCE ON RUN UP. ENGINE RAN ROUGH & ALMOST QUIT PLACED HELICOPTER IN HEATER HANGAR. STARTED ENGINE USIN,True,True,none
103370::combined,103370,sensitivity,raw,RIGHT BAFFLE TIE ROD IS BROKEN. DRILLED NEW TIE ROD HOLE IN R/H AFT BAFFLE. INSTALLED S,RIGHT BAFFLE TIE ROD IS BROKEN. DRILLED NEW TIE ROD HOLE IN RIGHT-HAND AFT BAFFLE.,RIGHT BAFFLE TIE ROD IS BROKEN. DRILLED NEW TIE ROD HOLE IN R/H AFT BAFFLE. INSTALLED S,RIGHT BAFFLE TIE ROD IS BROKEN. DRILLED NEW TIE ROD HOLE IN R/H AFT BAFFLE. INSTALLED S,True,True,none
103385::combined,103385,sensitivity,raw,ENGINE NEEDS TO BE PRESERVED. PERFORMED CORROSION PREVENTION IN ENGINES INSTALLED IN,ENGINE NEEDS TO BE PRESERVED. PERFORMED CORROSION PREVENTION IN ENGINES,ENGINE NEEDS TO BE PRESERVED. PERFORMED CORROSION PREVENTION IN ENGINES INSTALLED IN,ENGINE NEEDS TO BE PRESERVED. PERFORMED CORROSION PREVENTION IN ENGINES INSTALLED IN,True,True,none
103386::combined,103386,sensitivity,raw,ENGINE NEEDS TO BE PRESERVED. PERFORMED CORROSION PREVENTION IN ENGINE IAW LYCOMING O,ENGINE NEEDS TO BE PRESERVED. PERFORMED CORROSION PREVENTION IN ENGINE IN ACCORDANCE WITH LYCOMING OPERATIONS MANUAL,ENGINE NEEDS TO BE PRESERVED. PERFORMED CORROSION PREVENTION IN ENGINE IAW LYCOMING O,ENGINE NEEDS TO BE PRESERVED. PERFORMED CORROSION PREVENTION IN ENGINE IAW LYCOMING O,True,True,none
103387::combined,103387,sensitivity,raw,ENGINE NEEDS TO BE PRESERVED. PERFORMED CORROSION PREVENTION IN ENGINE IAW LYCOMING O,ENGINE NEEDS TO BE PRESERVED. PERFORMED CORROSION PREVENTION IN ENGINE IN ACCORDANCE WITH LYCOMING OPERATIONS MANUAL,ENGINE NEEDS TO BE PRESERVED. PERFORMED CORROSION PREVENTION IN ENGINE IAW LYCOMING O,ENGINE NEEDS TO BE PRESERVED. PERFORMED CORROSION PREVENTION IN ENGINE IAW LYCOMING O,True,True,none
103391::combined,103391,sensitivity,raw,ENGINE NEEDS TO BE PRESERVED. PERFORMED CORROSION PREVENTION IN ENGINES INSTALLED IN,ENGINE NEEDS TO BE PRESERVED. PERFORMED CORROSION PREVENTION IN ENGINES,ENGINE NEEDS TO BE PRESERVED. PERFORMED CORROSION PREVENTION IN ENGINES INSTALLED IN,ENGINE NEEDS TO BE PRESERVED. PERFORMED CORROSION PREVENTION IN ENGINES INSTALLED IN,True,True,none
103392::combined,103392,sensitivity,raw,ENGINE NEEDS TO BE PRESERVED. PERFORMED CORROSION PREVENTION IN ENGINE IAW LYCOMING O,ENGINE NEEDS TO BE PRESERVED. PERFORMED CORROSION PROTECTION IN ACCORDANCE WITH LYCOMING OPERATIONS MANUAL,ENGINE NEEDS TO BE PRESERVED. PERFORMED CORROSION PREVENTION IN ENGINE IAW LYCOMING O,ENGINE NEEDS TO BE PRESERVED. PERFORMED CORROSION PREVENTION IN ENGINE IAW LYCOMING O,True,True,none
103398::combined,103398,sensitivity,raw,"ENGINE BAFFLE CRACKED, #3 CYL. REMOVED CRACKED BAFFLE, FABRICATED & INSTALLED NEW BAFF","ENGINE BAFFLE CRACKED, NUMBER THREE CYLINDER. REMOVED CRACKED BAFFLE, FABRICATED AND INSTALLED NEW BAFFLE","ENGINE BAFFLE CRACKED, #3 CYL. REMOVED CRACKED BAFFLE, FABRICATED & INSTALLED NEW BAFF","ENGINE BAFFLE CRACKED, #3 CYL. REMOVED CRACKED BAFFLE, FABRICATED & INSTALLED NEW BAFF",True,True,none
103399::combined,103399,sensitivity,raw,#2 CYL BAFFLE CRACKED. STOP DRILLED CRACK & FABRICATED PATCH USING LIKE MATERI,NUMBER TWO CYLINDER BAFFLE CRACKED. STOP DRILLED CRACK AND FABRICATED PATCH USING LIKE MATERIAL,#2 CYL BAFFLE CRACKED. STOP DRILLED CRACK & FABRICATED PATCH USING LIKE MATERI,#2 CYL BAFFLE CRACKED. STOP DRILLED CRACK & FABRICATED PATCH USING LIKE MATERI,True,True,none
103401::combined,103401,sensitivity,raw,CYL #1 FWD BAFFLE IS CRACKED. STOP DRILLED CRACKS & FABRICATED PATCHES OF LIKE MATERI,CYLINDER NUMBER ONE FORWARD BAFFLE IS CRACKED. STOP DRILLED CRACKS AND FABRICATED PATCHES OF LIKE MATERIAL,CYL #1 FWD BAFFLE IS CRACKED. STOP DRILLED CRACKS & FABRICATED PATCHES OF LIKE MATERI,CYL #1 FWD BAFFLE IS CRACKED. STOP DRILLED CRACKS & FABRICATED PATCHES OF LIKE MATERI,True,True,none
103424::combined,103424,sensitivity,raw,MOMENTARY STUCK VALVE W/ SLIGHT DROP IN RPM. IN CRUISE FLIGH REMOVED BAFFLES AS REQUIRED & DISCONNECTED OIL LINES TO,MOMENTARY STUCK VALVE WITH SLIGHT DROP IN RPM. IN CRUISE FLIGHT. REMOVED BAFFLES AS REQUIRED AND DISCONNECTED OIL LINES,MOMENTARY STUCK VALVE W/ SLIGHT DROP IN RPM. IN CRUISE FLIGH REMOVED BAFFLES AS REQUIRED & DISCONNECTED OIL LINES TO,MOMENTARY STUCK VALVE W/ SLIGHT DROP IN RPM. IN CRUISE FLIGH REMOVED BAFFLES AS REQUIRED & DISCONNECTED OIL LINES TO,True,True,none
103425::combined,103425,sensitivity,raw,"MOMENTARY STUCK VALVE W/ SLIGHT DROP IN RPM. IN CRUISE FLIGH PERFORMED LYCOMING ON CYL #2, 4. FOUND #4 CYL T","MOMENTARY STUCK VALVE WITH SLIGHT DROP IN RPM. IN CRUISE FLIGHT. PERFORMED LYCOMING ON CYLINDER NUMBER TWO, AND NUMBER FOUR.","MOMENTARY STUCK VALVE W/ SLIGHT DROP IN RPM. IN CRUISE FLIGH PERFORMED LYCOMING ON CYL #2, 4. FOUND #4 CYL T","MOMENTARY STUCK VALVE W/ SLIGHT DROP IN RPM. IN CRUISE FLIGH PERFORMED LYCOMING ON CYL #2, 4. FOUND #4 CYL T",True,True,none
103426::combined,103426,sensitivity,raw,#3 CYL INTAKE FEELS LOOSE. REMOVED INTAKE TUBE FROM INVENTORY ENGINE. INSTALLED ON,NUMBER THREE CYLINDER INTAKE FEELS LOOSE. REMOVED INTAKE TUBE FROM INVENTORY ENGINE. INSTALLED ON NUMBER THREE CYLINDER,#3 CYL INTAKE FEELS LOOSE. REMOVED INTAKE TUBE FROM INVENTORY ENGINE. INSTALLED ON,#3 CYL INTAKE FEELS LOOSE. REMOVED INTAKE TUBE FROM INVENTORY ENGINE. INSTALLED ON,True,True,none
103438::combined,103438,sensitivity,raw,#3 EXHAUST PUSH ROD SEAL (I/B) LEAKING. REMOVED & REPLACED #3 EXHAUST PUSH ROD SEALS. LEAK CK G,"NUMBER THREE EXHAUST PUSH ROD SEAL, INBOARD, LEAKING. REMOVED AND REPLACED NUMBER THREE EXHAUST PUSH ROD SEALS. LEAK CHECK GOOD",#3 EXHAUST PUSH ROD SEAL (I/B) LEAKING. REMOVED & REPLACED #3 EXHAUST PUSH ROD SEALS. LEAK CK G,#3 EXHAUST PUSH ROD SEAL (I/B) LEAKING. REMOVED & REPLACED #3 EXHAUST PUSH ROD SEALS. LEAK CK G,True,True,none
103445::combined,103445,sensitivity,raw,"CYL #3 AFT BAFFLE IS WORN. REPAIRED BAFFLE, FABRICATED PATCH OF LIKE MATERIAL & RI","CYLINDER NUMBER THREE AFT BAFFLE IS WORN. REPAIRED BAFFLE, FABRICATED PATCH OF LIKE MATERIAL","CYL #3 AFT BAFFLE IS WORN. REPAIRED BAFFLE, FABRICATED PATCH OF LIKE MATERIAL & RI","CYL #3 AFT BAFFLE IS WORN. REPAIRED BAFFLE, FABRICATED PATCH OF LIKE MATERIAL & RI",True,True,none
103452::combined,103452,sensitivity,raw,ENGINE R/H REAR BAFFLE MOUNTING BRACKET LOOSE. REMOVED ENGINE BAFFLE. DRILLED HOLES IN ENGINE BAFFLE &,ENGINE RIGHT-HAND REAR BAFFLE MOUNTING BRACKET LOOSE. REMOVED ENGINE BAFFLE. DRILLED HOLES IN ENGINE BAFFLE,ENGINE R/H REAR BAFFLE MOUNTING BRACKET LOOSE. REMOVED ENGINE BAFFLE. DRILLED HOLES IN ENGINE BAFFLE &,ENGINE R/H REAR BAFFLE MOUNTING BRACKET LOOSE. REMOVED ENGINE BAFFLE. DRILLED HOLES IN ENGINE BAFFLE &,True,True,none
103454::combined,103454,sensitivity,raw,"ENGINE HAD FLUCTUATING OIL PRESSURE READINGS. ENGINE ROUGHNE RAN UP A/C, UNABLE TO DUPLICATE DISCREPANCY. OPS CK OK.","ENGINE HAD FLUCTUATING OIL PRESSURE READINGS. ENGINE ROUGHNESS. RAN UP AIRCRAFT, UNABLE TO DUPLICATE DISCREPANCY. OPERATIONS CHECK OK.","ENGINE HAD FLUCTUATING OIL PRESSURE READINGS. ENGINE ROUGHNE RAN UP A/C, UNABLE TO DUPLICATE DISCREPANCY. OPS CK OK.","ENGINE HAD FLUCTUATING OIL PRESSURE READINGS. ENGINE ROUGHNE RAN UP A/C, UNABLE TO DUPLICATE DISCREPANCY. OPS CK OK.",True,True,none
103455::combined,103455,sensitivity,raw,#3 CYL RUNNING VERY CLEAN. REMOVED #3 INJECTOR & ULTRASONICALLY CLEANED. REINSTALL,NUMBER THREE CYLINDER RUNNING VERY CLEAN. REMOVED NUMBER THREE INJECTOR AND ULTRASONICALLY CLEANED. REINSTALLED,#3 CYL RUNNING VERY CLEAN. REMOVED #3 INJECTOR & ULTRASONICALLY CLEANED. REINSTALL,#3 CYL RUNNING VERY CLEAN. REMOVED #3 INJECTOR & ULTRASONICALLY CLEANED. REINSTALL,True,True,none
103458::combined,103458,sensitivity,raw,"FRONT ENGINE OIL SEAL LEAKING. REMOVED PROP ASSY, LOOSENED ALTERNATOR BELT TENSION & R","FRONT ENGINE OIL SEAL LEAKING. REMOVED PROPELLER ASSEMBLY, LOOSENED ALTERNATOR BELT TENSION","FRONT ENGINE OIL SEAL LEAKING. REMOVED PROP ASSY, LOOSENED ALTERNATOR BELT TENSION & R","FRONT ENGINE OIL SEAL LEAKING. REMOVED PROP ASSY, LOOSENED ALTERNATOR BELT TENSION & R",True,True,none
103461::combined,103461,sensitivity,raw,ENGINE NEEDS TO BE FOGGED. DE-PRESERVED ENGINE. LUBRICATED MAIN & TAIL ROTOR. RAN,ENGINE NEEDS TO BE FOGGED. DE-PRESERVED ENGINE. LUBRICATED MAIN AND TAIL ROTOR.,ENGINE NEEDS TO BE FOGGED. DE-PRESERVED ENGINE. LUBRICATED MAIN & TAIL ROTOR. RAN,ENGINE NEEDS TO BE FOGGED. DE-PRESERVED ENGINE. LUBRICATED MAIN & TAIL ROTOR. RAN,True,True,none
103462::combined,103462,sensitivity,raw,ENGINE NEEDS TO BE FOGGED. PERFORMED CORROSION PREVENTION IN ENGINE IAW LYCOMING O,ENGINE NEEDS TO BE FOGGED. PERFORMED CORROSION PREVENTION IN ENGINE IN ACCORDANCE WITH LYCOMING OPERATIONS MANUAL,ENGINE NEEDS TO BE FOGGED. PERFORMED CORROSION PREVENTION IN ENGINE IAW LYCOMING O,ENGINE NEEDS TO BE FOGGED. PERFORMED CORROSION PREVENTION IN ENGINE IAW LYCOMING O,True,True,none
103463::combined,103463,sensitivity,raw,ENGINE NEEDS TO BE FOGGED. PERFORMED CORROSION PREVENTION IN ENGINE IAW LYCOMING O,ENGINE NEEDS TO BE FOGGED. PERFORMED CORROSION PREVENTION IN ENGINE IN ACCORDANCE WITH LYCOMING OPERATIONS MANUAL,ENGINE NEEDS TO BE FOGGED. PERFORMED CORROSION PREVENTION IN ENGINE IAW LYCOMING O,ENGINE NEEDS TO BE FOGGED. PERFORMED CORROSION PREVENTION IN ENGINE IAW LYCOMING O,True,True,none
103478::combined,103478,sensitivity,raw,LOW COMPRESSION ON #3 CYL. RAN UP A/C & PERFORMED COMPRESSION TEST ON #3 CYL. COMP,LOW COMPRESSION ON NUMBER THREE CYLINDER. RAN UP AIRCRAFT AND PERFORMED COMPRESSION TEST ON NUMBER THREE CYLINDER.,LOW COMPRESSION ON #3 CYL. RAN UP A/C & PERFORMED COMPRESSION TEST ON #3 CYL. COMP,LOW COMPRESSION ON #3 CYL. RAN UP A/C & PERFORMED COMPRESSION TEST ON #3 CYL. COMP,True,True,none
103483::combined,103483,sensitivity,raw,#3 & 4 ROCKER COVERS LEAKING. .S,NUMBER THREE AND NUMBER FOUR ROCKER COVERS LEAKING.,#3 & 4 ROCKER COVERS LEAKING. .S,#3 & 4 ROCKER COVERS LEAKING. .S,True,True,none
103491::combined,103491,sensitivity,raw,"CYL #2, 4 INTAKE TUBES LEAKING AT FLEXIBLE TUBE CONNECTION. DETERIMED LEAKS WERE COMING FROM INTAKE FLANGES. REMOVE","CYLINDER NUMBER TWO, AND NUMBER FOUR INTAKE TUBES LEAKING AT FLEXIBLE TUBE CONNECTION. DETERMINED LEAKS WERE COMING FROM INTAKE FLANGES. REMOVED","CYL #2, 4 INTAKE TUBES LEAKING AT FLEXIBLE TUBE CONNECTION. DETERIMED LEAKS WERE COMING FROM INTAKE FLANGES. REMOVE","CYL #2, 4 INTAKE TUBES LEAKING AT FLEXIBLE TUBE CONNECTION. DETERIMED LEAKS WERE COMING FROM INTAKE FLANGES. REMOVE",True,True,none
103496::combined,103496,sensitivity,raw,"CRACKS IN BAFFLE, FWD R/H SIDE. REMOVED ALTERNATOR, WIRES & BAFFLE SPRING TO REMOVE ASS","CRACKS IN BAFFLE, FORWARD RIGHT-HAND SIDE. REMOVED ALTERNATOR, WIRES AND BAFFLE SPRING TO REMOVE ASSEMBLY","CRACKS IN BAFFLE, FWD R/H SIDE. REMOVED ALTERNATOR, WIRES & BAFFLE SPRING TO REMOVE ASS","CRACKS IN BAFFLE, FWD R/H SIDE. REMOVED ALTERNATOR, WIRES & BAFFLE SPRING TO REMOVE ASS",True,True,none
103497::combined,103497,sensitivity,raw,"CRACKS IN BAFFLE, FWD R/H SIDE. COMPLETED PATCH W/ SAM MATERIAL & PAINTED IAW SR","CRACKS IN BAFFLE, FORWARD RIGHT-HAND SIDE. COMPLETED PATCH WITH SAME MATERIAL AND PAINTED IN ACCORDANCE WITH STANDARD REFERENCE MANUAL","CRACKS IN BAFFLE, FWD R/H SIDE. COMPLETED PATCH W/ SAM MATERIAL & PAINTED IAW SR","CRACKS IN BAFFLE, FWD R/H SIDE. COMPLETED PATCH W/ SAM MATERIAL & PAINTED IAW SR",True,True,none
103509::combined,103509,sensitivity,raw,"UPON RUN UP, HAD MAG DROP OF 300+ RPM W/ AGGRESSIVE SHAKING. PERFORMED RUN UP ON ENGINE & NOTED NORMAL INDICATIONS &","UPON RUN UP, HAD MAGNETO DROP OF THREE HUNDRED PLUS RPM WITH AGGRESSIVE SHAKING. PERFORMED RUN UP ON ENGINE AND NOTED NORMAL INDICATIONS","UPON RUN UP, HAD MAG DROP OF 300+ RPM W/ AGGRESSIVE SHAKING. PERFORMED RUN UP ON ENGINE & NOTED NORMAL INDICATIONS &","UPON RUN UP, HAD MAG DROP OF 300+ RPM W/ AGGRESSIVE SHAKING. PERFORMED RUN UP ON ENGINE & NOTED NORMAL INDICATIONS &",True,True,none
103531::combined,103531,sensitivity,raw,"#1 CYL HAS LOW COMPRESSION (30/80). REINSTALLED EXHAUST, BAFFLING, AIR INTAKE ELBOW, #1 INT","NUMBER ONE CYLINDER HAS LOW COMPRESSION, THIRTY OUT OF EIGHTY. REINSTALLED EXHAUST, BAFFLING, AIR INTAKE ELBOW, NUMBER ONE INTAKE BUFFLING","#1 CYL HAS LOW COMPRESSION (30/80). REINSTALLED EXHAUST, BAFFLING, AIR INTAKE ELBOW, #1 INT","#1 CYL HAS LOW COMPRESSION (30/80). REINSTALLED EXHAUST, BAFFLING, AIR INTAKE ELBOW, #1 INT",True,True,none
103543::combined,103543,sensitivity,raw,"ENGINE QUIT AT IDLE, LOW RPM DURING TAXI, SMALL ADJUSTMENTS ATTEMPTED TO START ENGINE SEVERAL TIMES W/ NO SUCCESS.","ENGINE QUIT AT IDLE, LOW RPM DURING TAXI, SMALL ADJUSTMENTS TO FUEL MIXTURE. ATTEMPTED TO START ENGINE SEVERAL TIMES WITH NO SUCCESS.","ENGINE QUIT AT IDLE, LOW RPM DURING TAXI, SMALL ADJUSTMENTS ATTEMPTED TO START ENGINE SEVERAL TIMES W/ NO SUCCESS.","ENGINE QUIT AT IDLE, LOW RPM DURING TAXI, SMALL ADJUSTMENTS ATTEMPTED TO START ENGINE SEVERAL TIMES W/ NO SUCCESS.",True,True,none
103550::combined,103550,sensitivity,raw,"L/H ENG #4 CYL HAS NO COMPRESSION. REMOVED #4 CYL BAFFLES, OIL LINES & OIL COOLER. REMOVED","LEFT-HAND ENGINE NUMBER FOUR CYLINDER HAS NO COMPRESSION. REMOVED NUMBER FOUR CYLINDER BAFFLES, OIL LINES AND OIL COOLER.","L/H ENG #4 CYL HAS NO COMPRESSION. REMOVED #4 CYL BAFFLES, OIL LINES & OIL COOLER. REMOVED","L/H ENG #4 CYL HAS NO COMPRESSION. REMOVED #4 CYL BAFFLES, OIL LINES & OIL COOLER. REMOVED",True,True,none
103551::combined,103551,sensitivity,raw,L/H ENG #4 CYL HAS NO COMPRESSION. COMPLETED REINSTALLATION OF CYL #4 BAFFLING. REINSTALLE,LEFT-HAND ENGINE NUMBER FOUR CYLINDER HAS NO COMPRESSION. COMPLETED REINSTALLATION OF CYLINDER NUMBER FOUR BAFFLING.,L/H ENG #4 CYL HAS NO COMPRESSION. COMPLETED REINSTALLATION OF CYL #4 BAFFLING. REINSTALLE,L/H ENG #4 CYL HAS NO COMPRESSION. COMPLETED REINSTALLATION OF CYL #4 BAFFLING. REINSTALLE,True,True,none
103566::combined,103566,sensitivity,raw,THROTTLE AT IDLE ENGINE RAN ROUGH. RAN UP ENGINE TO OPERATING TEMPS. ENGINE IDLE SPEED & M,THROTTLE AT IDLE ENGINE RAN ROUGH. RAN UP ENGINE TO OPERATING TEMPERATURES.,THROTTLE AT IDLE ENGINE RAN ROUGH. RAN UP ENGINE TO OPERATING TEMPS. ENGINE IDLE SPEED & M,THROTTLE AT IDLE ENGINE RAN ROUGH. RAN UP ENGINE TO OPERATING TEMPS. ENGINE IDLE SPEED & M,True,True,none
103570::combined,103570,sensitivity,raw,TOP OF ENGINE CRANKCASE IS LEAKING OIL THROUGH 2 MIDDLE THRO REMOVED BOLTS FROM WHERE OIL WAS LEAKING. CLEANED BOLT,TOP OF ENGINE CRANKCASE IS LEAKING OIL THROUGH TWO MIDDLE THROUGH BOLTS. REMOVED BOLTS FROM WHERE OIL WAS LEAKING. CLEANED BOLT,TOP OF ENGINE CRANKCASE IS LEAKING OIL THROUGH 2 MIDDLE THRO REMOVED BOLTS FROM WHERE OIL WAS LEAKING. CLEANED BOLT,TOP OF ENGINE CRANKCASE IS LEAKING OIL THROUGH 2 MIDDLE THRO REMOVED BOLTS FROM WHERE OIL WAS LEAKING. CLEANED BOLT,True,True,none
103587::combined,103587,sensitivity,raw,R/H ENGINE ROUGH DURING TAXI. RAN A/C & CONFIRMED DISCREP. INSPECTED #3 CYL W/ BORESC,RIGHT-HAND ENGINE ROUGH DURING TAXI. RAN AIRCRAFT AND CONFIRMED DISCREPANCY. INSPECTED NUMBER THREE CYLINDER WITH BORESCOPE,R/H ENGINE ROUGH DURING TAXI. RAN A/C & CONFIRMED DISCREP. INSPECTED #3 CYL W/ BORESC,R/H ENGINE ROUGH DURING TAXI. RAN A/C & CONFIRMED DISCREP. INSPECTED #3 CYL W/ BORESC,True,True,none
103598::combined,103598,sensitivity,raw,L/H ENGINE BAFFLE CRACKED. FABRICATED PATCH FOR SIDE BAFFLE. DRILLED & RIVETED PAT,LEFT-HAND ENGINE BAFFLE CRACKED. FABRICATED PATCH FOR SIDE BAFFLE. DRILLED AND RIVETED PATCH,L/H ENGINE BAFFLE CRACKED. FABRICATED PATCH FOR SIDE BAFFLE. DRILLED & RIVETED PAT,L/H ENGINE BAFFLE CRACKED. FABRICATED PATCH FOR SIDE BAFFLE. DRILLED & RIVETED PAT,True,True,none
103613::combined,103613,sensitivity,raw,"R/H ENGINE, R/H FRONT ENGINE BAFFLE SEAL NEEDS TO BE RESECUR RESECURED R/H ENGINE, R/H FRONT ENGINE BAFFLE SEAL.","RIGHT-HAND ENGINE, RIGHT-HAND FRONT ENGINE BAFFLE SEAL NEEDS TO BE RESECURED. RESECURED RIGHT-HAND ENGINE, RIGHT-HAND FRONT ENGINE BAFFLE SEAL.","R/H ENGINE, R/H FRONT ENGINE BAFFLE SEAL NEEDS TO BE RESECUR RESECURED R/H ENGINE, R/H FRONT ENGINE BAFFLE SEAL.","R/H ENGINE, R/H FRONT ENGINE BAFFLE SEAL NEEDS TO BE RESECUR RESECURED R/H ENGINE, R/H FRONT ENGINE BAFFLE SEAL.",True,True,none
103620::combined,103620,sensitivity,raw,"DEPARTING 17L @ 2450 LBS, DURING CLIMB OUT @ 2000' MSL, WERE PERFORMD FULL GROUND RUN, NO DEFECTS NOTED. MX FLIGHT R","DEPARTING SEVENTEEN L AT TWENTY FOUR HUNDRED AND FIFTY POUNDS, DURING CLIMB OUT AT TWO THOUSAND FEET MSL. PERFORMED FULL GROUND RUN, NO DEFECTS NOTED. MAINTENANCE FLIGHT REQUIRED","DEPARTING 17L @ 2450 LBS, DURING CLIMB OUT @ 2000' MSL, WERE PERFORMD FULL GROUND RUN, NO DEFECTS NOTED. MX FLIGHT R","DEPARTING 17L @ 2450 LBS, DURING CLIMB OUT @ 2000' MSL, WERE PERFORMD FULL GROUND RUN, NO DEFECTS NOTED. MX FLIGHT R",True,True,none
103630::combined,103630,sensitivity,raw,"ON POST RUN UP, FOUND ENGINE RUNNING ROUGH AT IDLE. #2 CYL C OPS & LEAK CK'ED GOOD.","ON POST RUN UP, FOUND ENGINE RUNNING ROUGH AT IDLE. NUMBER TWO CYLINDER. OPERATIONS AND LEAK CHECKED GOOD.","ON POST RUN UP, FOUND ENGINE RUNNING ROUGH AT IDLE. #2 CYL C OPS & LEAK CK'ED GOOD.","ON POST RUN UP, FOUND ENGINE RUNNING ROUGH AT IDLE. #2 CYL C OPS & LEAK CK'ED GOOD.",True,True,none
103631::combined,103631,sensitivity,raw,"ON POST RUN UP, FOUND ENGINE RUNNING ROUGH AT IDLE. #2 CYL C REMOVED PUSH RODS & VALVE SPRING. FOUND STEP ON INTAKE","ON POST RUN UP, FOUND ENGINE RUNNING ROUGH AT IDLE.. REMOVED PUSH RODS AND VALVE SPRING. FOUND STEP ON INTAKE VALVE","ON POST RUN UP, FOUND ENGINE RUNNING ROUGH AT IDLE. #2 CYL C REMOVED PUSH RODS & VALVE SPRING. FOUND STEP ON INTAKE","ON POST RUN UP, FOUND ENGINE RUNNING ROUGH AT IDLE. #2 CYL C REMOVED PUSH RODS & VALVE SPRING. FOUND STEP ON INTAKE",True,True,none
103632::combined,103632,sensitivity,raw,"ON POST RUN UP, FOUND ENGINE RUNNING ROUGH AT IDLE. #2 CYL C REPLACED CYLINDER W/ NEW CYL ASSY. TORQUED TO CASE. DRY","ON POST RUN UP, FOUND ENGINE RUNNING ROUGH AT IDLE. REPLACED CYLINDER WITH NEW CYLINDER ASSEMBLY. TORQUED TO CASE.","ON POST RUN UP, FOUND ENGINE RUNNING ROUGH AT IDLE. #2 CYL C REPLACED CYLINDER W/ NEW CYL ASSY. TORQUED TO CASE. DRY","ON POST RUN UP, FOUND ENGINE RUNNING ROUGH AT IDLE. #2 CYL C REPLACED CYLINDER W/ NEW CYL ASSY. TORQUED TO CASE. DRY",True,True,none
103637::combined,103637,sensitivity,raw,"UPON RUN UP, ROUGH MAG & NOT W/IN TOLERANCE. RAN FOULED PROC RAN A/C & FOUND R/H MAG TO HAVE ROUGH MAG DROP. REMOVED","UPON RUN UP, ROUGH MAGNETO AND NOT WITHIN TOLERANCE. RAN FOULED PROCEDURE. RAN AIRCRAFT AND FOUND RIGHT-HAND MAGNETO TO HAVE ROUGH MAGNETO DROP. REMOVED","UPON RUN UP, ROUGH MAG & NOT W/IN TOLERANCE. RAN FOULED PROC RAN A/C & FOUND R/H MAG TO HAVE ROUGH MAG DROP. REMOVED","UPON RUN UP, ROUGH MAG & NOT W/IN TOLERANCE. RAN FOULED PROC RAN A/C & FOUND R/H MAG TO HAVE ROUGH MAG DROP. REMOVED",True,True,none
103683::combined,103683,sensitivity,raw,"#2, 4 CYLINDER INTERCOOLING BAFFLE WIRE NEEDS TO BE REPOSITI REPOSITIONED WIRE IN NEW BAFFLE SLOT & APPLIED SPIRAL W","NUMBER TWO, AND NUMBER FOUR CYLINDER INTERCOOLING BAFFLE WIRE NEEDS TO BE REPOSITIONED. REPOSITIONED WIRE IN NEW BAFFLE SLOT AND APPLIED SPIRAL WRAP","#2, 4 CYLINDER INTERCOOLING BAFFLE WIRE NEEDS TO BE REPOSITI REPOSITIONED WIRE IN NEW BAFFLE SLOT & APPLIED SPIRAL W","#2, 4 CYLINDER INTERCOOLING BAFFLE WIRE NEEDS TO BE REPOSITI REPOSITIONED WIRE IN NEW BAFFLE SLOT & APPLIED SPIRAL W",True,True,none
103695::combined,103695,sensitivity,raw,#2/4 BAFFLE CONNECT WIRE INSTALLED BELOW INTERCYLINDER BAFFL REROUTED BAFFLE CONNECT WIRE.,NUMBER TWO AND NUMBER FOUR BAFFLE CONNECT WIRE INSTALLED BELOW INTERCYLINDER BAFFLE. REROUTED BAFFLE CONNECT WIRE.,#2/4 BAFFLE CONNECT WIRE INSTALLED BELOW INTERCYLINDER BAFFL REROUTED BAFFLE CONNECT WIRE.,#2/4 BAFFLE CONNECT WIRE INSTALLED BELOW INTERCYLINDER BAFFL REROUTED BAFFLE CONNECT WIRE.,True,True,none
103699::combined,103699,sensitivity,raw,"#4 CYLINDER HAS LOW COMPRESSION, LEAKING #4 EXHAUST VALVE. INSTALLED NEW CYL & PISTON KIT IAW LYCOM","NUMBER FOUR CYLINDER HAS LOW COMPRESSION, LEAKING NUMBER FOUR EXHAUST VALVE. INSTALLED NEW CYLINDER AND PISTON KIT IN ACCORDANCE WITH LYCOMING","#4 CYLINDER HAS LOW COMPRESSION, LEAKING #4 EXHAUST VALVE. INSTALLED NEW CYL & PISTON KIT IAW LYCOM","#4 CYLINDER HAS LOW COMPRESSION, LEAKING #4 EXHAUST VALVE. INSTALLED NEW CYL & PISTON KIT IAW LYCOM",True,True,none
103720::combined,103720,sensitivity,raw,L/H ENG BAFFLE TIE ROD IS RUBBING ON #2 OIL RETURN LINE CLAM REPOSITIONED CLAMP.,LEFT-HAND ENGINE BAFFLE TIE ROD IS RUBBING ON NUMBER TWO OIL RETURN LINE CLAMP. REPOSITIONED CLAMP.,L/H ENG BAFFLE TIE ROD IS RUBBING ON #2 OIL RETURN LINE CLAM REPOSITIONED CLAMP.,L/H ENG BAFFLE TIE ROD IS RUBBING ON #2 OIL RETURN LINE CLAM REPOSITIONED CLAMP.,True,True,none
103724::combined,103724,sensitivity,raw,BAFFLE SCREW BEHIND DIPSTICK MISSING. INSTALLED SCREW IN BAFFLE & RESAFETY WIRED DIPSTICK TUB,BAFFLE SCREW BEHIND DIPSTICK MISSING. INSTALLED SCREW IN BAFFLE AND RESAFETY WIRED DIPSTICK TUBE,BAFFLE SCREW BEHIND DIPSTICK MISSING. INSTALLED SCREW IN BAFFLE & RESAFETY WIRED DIPSTICK TUB,BAFFLE SCREW BEHIND DIPSTICK MISSING. INSTALLED SCREW IN BAFFLE & RESAFETY WIRED DIPSTICK TUB,True,True,none
103725::combined,103725,sensitivity,raw,OIL COOLER TIMED OUT. REMOVED & REPLACED OIL COOLER. INSTALLED OI,OIL COOLER TIMED OUT. REMOVED AND REPLACED OIL COOLER. INSTALLED OIL COOLER,OIL COOLER TIMED OUT. REMOVED & REPLACED OIL COOLER. INSTALLED OI,OIL COOLER TIMED OUT. REMOVED & REPLACED OIL COOLER. INSTALLED OI,True,True,none
103736::combined,103736,sensitivity,raw,"1 FIRST STAGE COMPRESSOR BLADE HAS DAMAGE, NEAR TIP. INSPECTED & FOUND NICKED LEADING EDGE FIRST STAGE COMPR","ONE FIRST STAGE COMPRESSOR BLADE HAS DAMAGE, NEAR TIP. INSPECTED AND FOUND NICKED LEADING EDGE FIRST STAGE COMPRESSOR BLADE","1 FIRST STAGE COMPRESSOR BLADE HAS DAMAGE, NEAR TIP. INSPECTED & FOUND NICKED LEADING EDGE FIRST STAGE COMPR","1 FIRST STAGE COMPRESSOR BLADE HAS DAMAGE, NEAR TIP. INSPECTED & FOUND NICKED LEADING EDGE FIRST STAGE COMPR",True,True,none
103737::combined,103737,sensitivity,raw,R/H ENG AFT BAFFLE SUPPORT BRACKET RIVETS ARE SHEARED. REMOVED BAFFLE. INSTALLED NEW RIVETS IAW,RIGHT-HAND ENGINE AFT BAFFLE SUPPORT BRACKET RIVETS ARE SHEARED. REMOVED BAFFLE. INSTALLED NEW RIVETS IN ACCORDANCE WITH REFERENCE MANUAL,R/H ENG AFT BAFFLE SUPPORT BRACKET RIVETS ARE SHEARED. REMOVED BAFFLE. INSTALLED NEW RIVETS IAW,R/H ENG AFT BAFFLE SUPPORT BRACKET RIVETS ARE SHEARED. REMOVED BAFFLE. INSTALLED NEW RIVETS IAW,True,True,none
103750::combined,103750,sensitivity,raw,LEFT O/B BAFFLE TIE WIRE BROKEN. INSTALLED BAFFLE TIE LISTED IN PARTS MANUAL. FOU,LEFT OUTBOARD BAFFLE TIE WIRE BROKEN. INSTALLED BAFFLE TIE LISTED IN PARTS MANUAL.,LEFT O/B BAFFLE TIE WIRE BROKEN. INSTALLED BAFFLE TIE LISTED IN PARTS MANUAL. FOU,LEFT O/B BAFFLE TIE WIRE BROKEN. INSTALLED BAFFLE TIE LISTED IN PARTS MANUAL. FOU,True,True,none
103754::combined,103754,sensitivity,raw,R/H CYL #3 AFT BAFFLE IS CRACKED. FABRICATED PATCH OF LIKE MATERIAL & RIVETED IAW,RIGHT-HAND CYLINDER NUMBER THREE AFT BAFFLE IS CRACKED. FABRICATED PATCH OF LIKE MATERIAL AND RIVETED IN ACCORDANCE WITH REFERENCE MANUAL,R/H CYL #3 AFT BAFFLE IS CRACKED. FABRICATED PATCH OF LIKE MATERIAL & RIVETED IAW,R/H CYL #3 AFT BAFFLE IS CRACKED. FABRICATED PATCH OF LIKE MATERIAL & RIVETED IAW,True,True,none
103756::combined,103756,sensitivity,raw,#3 EXHAUST VALVE LEAKING ON R/H ENGINE. TRIED TO STAKE VALVE W/ NO AFFECT. ROCKER COVER IS REMO,NUMBER THREE EXHAUST VALVE LEAKING ON RIGHT-HAND ENGINE. TRIED TO STAKE VALVE WITH NO EFFECT. ROCKER COVER IS REMOVED,#3 EXHAUST VALVE LEAKING ON R/H ENGINE. TRIED TO STAKE VALVE W/ NO AFFECT. ROCKER COVER IS REMO,#3 EXHAUST VALVE LEAKING ON R/H ENGINE. TRIED TO STAKE VALVE W/ NO AFFECT. ROCKER COVER IS REMO,True,True,none
103761::combined,103761,sensitivity,raw,L/H REAR ENGINE BAFFLE SUPPORT CRACKED. FABRICATED NEW BAFFLE SUPPORT OF LIKE MATERIAL & RIVETE,LEFT-HAND REAR ENGINE BAFFLE SUPPORT CRACKED. FABRICATED NEW BAFFLE SUPPORT OF LIKE MATERIAL AND RIVETED,L/H REAR ENGINE BAFFLE SUPPORT CRACKED. FABRICATED NEW BAFFLE SUPPORT OF LIKE MATERIAL & RIVETE,L/H REAR ENGINE BAFFLE SUPPORT CRACKED. FABRICATED NEW BAFFLE SUPPORT OF LIKE MATERIAL & RIVETE,True,True,none
103763::combined,103763,sensitivity,raw,"R/H ENG #1 CYL HAS LOW COMPRESSIONS (55 PSI). STAKED EXHAUST VALVE, OPS CK GOOD ON COMPRESSIONS. REMO","RIGHT-HAND ENGINE NUMBER ONE CYLINDER HAS LOW COMPRESSIONS, FIFTY FIVE PSI. STAKED EXHAUST VALVE, OPERATIONS CHECK GOOD ON COMPRESSIONS.","R/H ENG #1 CYL HAS LOW COMPRESSIONS (55 PSI). STAKED EXHAUST VALVE, OPS CK GOOD ON COMPRESSIONS. REMO","R/H ENG #1 CYL HAS LOW COMPRESSIONS (55 PSI). STAKED EXHAUST VALVE, OPS CK GOOD ON COMPRESSIONS. REMO",True,True,none
103769::combined,103769,sensitivity,raw,"L/H & R/H ENG FIREWALLS NEED TO BE SEALED, WHERE ENG CONTROL CLEANED FIREWALL ON BOTH ENGINES & APPLIED FIREWALL SEA",LEFT-HAND AND RIGHT-HAND ENGINE FIREWALLS NEED TO BE SEALED. CLEANED FIREWALL ON BOTH ENGINES AND APPLIED FIREWALL SEALANT,"L/H & R/H ENG FIREWALLS NEED TO BE SEALED, WHERE ENG CONTROL CLEANED FIREWALL ON BOTH ENGINES & APPLIED FIREWALL SEA","L/H & R/H ENG FIREWALLS NEED TO BE SEALED, WHERE ENG CONTROL CLEANED FIREWALL ON BOTH ENGINES & APPLIED FIREWALL SEA",True,True,none
103770::combined,103770,sensitivity,raw,"R/H ENG, R/H BAFFLE TIE ROD IS RUBBING ON OIL RETURN LINE HO MOVED R/H ENG BAFFLE TIE ROD OFF OF OIL RETURN LINE HOS","RIGHT-HAND ENGINE, RIGHT-HAND BAFFLE TIE ROD IS RUBBING ON OIL RETURN LINE HOSE. MOVED RIGHT-HAND ENGINE BAFFLE TIE ROD OFF OF OIL RETURN LINE HOSE","R/H ENG, R/H BAFFLE TIE ROD IS RUBBING ON OIL RETURN LINE HO MOVED R/H ENG BAFFLE TIE ROD OFF OF OIL RETURN LINE HOS","R/H ENG, R/H BAFFLE TIE ROD IS RUBBING ON OIL RETURN LINE HO MOVED R/H ENG BAFFLE TIE ROD OFF OF OIL RETURN LINE HOS",True,True,none
103774::combined,103774,sensitivity,raw,"TOP BOLT ON CRANKCASE HAS OIL LEAK. REMOVED BOLT, APPLIED SEALANT TO BOLT & REINSTALLED BOL","TOP BOLT ON CRANKCASE HAS OIL LEAK. REMOVED BOLT, APPLIED SEALANT TO BOLT AND REINSTALLED BOLT","TOP BOLT ON CRANKCASE HAS OIL LEAK. REMOVED BOLT, APPLIED SEALANT TO BOLT & REINSTALLED BOL","TOP BOLT ON CRANKCASE HAS OIL LEAK. REMOVED BOLT, APPLIED SEALANT TO BOLT & REINSTALLED BOL",True,True,none
103780::combined,103780,sensitivity,raw,"ENGINE R/H REAR BAFFLE SUPPORT BRACKET LOOSE. REMOVED REAR BAFFLE, DRILLED OUT RIVETS ON BAFFLE SUPPO","ENGINE RIGHT-HAND REAR BAFFLE SUPPORT BRACKET LOOSE. REMOVED REAR BAFFLE, DRILLED OUT RIVETS ON BAFFLE SUPPORT","ENGINE R/H REAR BAFFLE SUPPORT BRACKET LOOSE. REMOVED REAR BAFFLE, DRILLED OUT RIVETS ON BAFFLE SUPPO","ENGINE R/H REAR BAFFLE SUPPORT BRACKET LOOSE. REMOVED REAR BAFFLE, DRILLED OUT RIVETS ON BAFFLE SUPPO",True,True,none
103782::combined,103782,sensitivity,raw,"DAMAGED GROMMET FOR OIL PRESSURE SWITCH WIRE HARNESS THROUGH REMOVED & REPLACED GROMMET. INSPECTED WIRES FOR DAMAGE,","DAMAGED GROMMET FOR OIL PRESSURE SWITCH WIRE HARNESS. REMOVED AND REPLACED GROMMET. INSPECTED WIRES FOR DAMAGE,","DAMAGED GROMMET FOR OIL PRESSURE SWITCH WIRE HARNESS THROUGH REMOVED & REPLACED GROMMET. INSPECTED WIRES FOR DAMAGE,","DAMAGED GROMMET FOR OIL PRESSURE SWITCH WIRE HARNESS THROUGH REMOVED & REPLACED GROMMET. INSPECTED WIRES FOR DAMAGE,",True,True,none
103785::combined,103785,sensitivity,raw,"OIL COLLECTING ON BOTTOM OF L/H NACELLE. POOLING ON INTERIOR ADDED, RAN, NO LEAKS OR SEEP FOUND. COWLED &","OIL COLLECTING ON BOTTOM OF LEFT-HAND NACELLE. POOLING ON INTERIOR. ADDED, RAN, NO LEAKS OR SEEP FOUND.","OIL COLLECTING ON BOTTOM OF L/H NACELLE. POOLING ON INTERIOR ADDED, RAN, NO LEAKS OR SEEP FOUND. COWLED &","OIL COLLECTING ON BOTTOM OF L/H NACELLE. POOLING ON INTERIOR ADDED, RAN, NO LEAKS OR SEEP FOUND. COWLED &",True,True,none
103786::combined,103786,sensitivity,raw,OIL COLLECTING ON BOTTOM OF L/H NACELLE. POOLING ON INTERIOR REMOVED L/H LOWER NACELLE PANEL. BEGAN VISUAL INSP TO F,OIL COLLECTING ON BOTTOM OF LEFT-HAND NACELLE. POOLING ON INTERIOR. REMOVED LEFT-HAND LOWER NACELLE PANEL. BEGAN VISUAL INSPECTION,OIL COLLECTING ON BOTTOM OF L/H NACELLE. POOLING ON INTERIOR REMOVED L/H LOWER NACELLE PANEL. BEGAN VISUAL INSP TO F,OIL COLLECTING ON BOTTOM OF L/H NACELLE. POOLING ON INTERIOR REMOVED L/H LOWER NACELLE PANEL. BEGAN VISUAL INSP TO F,True,True,none
103788::combined,103788,sensitivity,raw,"DURING CRUISE, RPM OVERSPED, HIGHEST NUMBER SEEN WAS 2740. N ANALYZED FDM CARD DATA. FOUND TO BE MOMENTARY OVERSPEED","DURING CRUISE, RPM OVERSPED, HIGHEST NUMBER SEEN WAS TWENTY SEVEN HUNDRED AND FORTY. ANALYZED FDM CARD DATA. FOUND TO BE MOMENTARY OVERSPEED","DURING CRUISE, RPM OVERSPED, HIGHEST NUMBER SEEN WAS 2740. N ANALYZED FDM CARD DATA. FOUND TO BE MOMENTARY OVERSPEED","DURING CRUISE, RPM OVERSPED, HIGHEST NUMBER SEEN WAS 2740. N ANALYZED FDM CARD DATA. FOUND TO BE MOMENTARY OVERSPEED",True,True,none
103791::combined,103791,sensitivity,raw,"ENGINE IDLE SPEED AT 780 RPM. RAN UP A/C, UNABLE TO DUPLICATE DISCREPANCY. OPS CK GOO","ENGINE IDLE SPEED AT SEVEN HUNDRED AND EIGHTY RPM. RAN UP AIRCRAFT, UNABLE TO DUPLICATE DISCREPANCY. OPERATIONS CHECK GOOD","ENGINE IDLE SPEED AT 780 RPM. RAN UP A/C, UNABLE TO DUPLICATE DISCREPANCY. OPS CK GOO","ENGINE IDLE SPEED AT 780 RPM. RAN UP A/C, UNABLE TO DUPLICATE DISCREPANCY. OPS CK GOO",True,True,none
103806::combined,103806,sensitivity,raw,"OIL LEAK AT FRONT LOWER PORTION OF CRANKCASE, NEAR OIL SEAL. REPLACED CRANKSHAFT OIL SEAL IAW LYCOMING . REI","OIL LEAK AT FRONT LOWER PORTION OF CRANKCASE, NEAR OIL SEAL. REPLACED CRANKSHAFT OIL SEAL IN ACCORDANCE WITH LYCOMING .","OIL LEAK AT FRONT LOWER PORTION OF CRANKCASE, NEAR OIL SEAL. REPLACED CRANKSHAFT OIL SEAL IAW LYCOMING . REI","OIL LEAK AT FRONT LOWER PORTION OF CRANKCASE, NEAR OIL SEAL. REPLACED CRANKSHAFT OIL SEAL IAW LYCOMING . REI",True,True,none
103813::combined,103813,sensitivity,raw,"R/H ENG #2 CYL COMPRESSION 15/80 (EXHAUST LEAK). REINSTALLED CYL, TORQUED TO SPECS. CK DRY VALVE CLEARAN","RIGHT-HAND ENGINE NUMBER TWO CYLINDER COMPRESSION FIFTEEN OUT OF EIGHTY, EXHAUST LEAK. REINSTALLED CYLINDER, TORQUED TO SPECS. CHECK DRY VALVE CLEARANCE","R/H ENG #2 CYL COMPRESSION 15/80 (EXHAUST LEAK). REINSTALLED CYL, TORQUED TO SPECS. CK DRY VALVE CLEARAN","R/H ENG #2 CYL COMPRESSION 15/80 (EXHAUST LEAK). REINSTALLED CYL, TORQUED TO SPECS. CK DRY VALVE CLEARAN",True,True,none
103816::combined,103816,sensitivity,raw,SCREW MISSING ON AFT #4 CYLINDER ENGINE BAFFLE. INSTALLED NEW SCREW & APPLICABLE WASHERS ON #4 CYL ENG,SCREW MISSING ON AFT NUMBER FOUR CYLINDER ENGINE BAFFLE. INSTALLED NEW SCREW AND APPLICABLE WASHERS ON NUMBER FOUR CYLINDER ENGINE,SCREW MISSING ON AFT #4 CYLINDER ENGINE BAFFLE. INSTALLED NEW SCREW & APPLICABLE WASHERS ON #4 CYL ENG,SCREW MISSING ON AFT #4 CYLINDER ENGINE BAFFLE. INSTALLED NEW SCREW & APPLICABLE WASHERS ON #4 CYL ENG,True,True,none
103844::combined,103844,sensitivity,raw,"#3 AFT BAFFLE CRACKED ON R/H ENGINE. REMOVED BAFFLE, STOP DRILLED CRACK, FABRICATED & INSTAL","NUMBER THREE AFT BAFFLE CRACKED ON RIGHT-HAND ENGINE. REMOVED BAFFLE, STOP DRILLED CRACK, FABRICATED AND INSTALLED BAFFLE","#3 AFT BAFFLE CRACKED ON R/H ENGINE. REMOVED BAFFLE, STOP DRILLED CRACK, FABRICATED & INSTAL","#3 AFT BAFFLE CRACKED ON R/H ENGINE. REMOVED BAFFLE, STOP DRILLED CRACK, FABRICATED & INSTAL",True,True,none
103845::combined,103845,sensitivity,raw,"BAFFLE REPAIR PERFORMED ON PD #12 HAS RIVETS THAT ARE RUBBIN REMOVED BAFFLE, REMOVED PREVIOUSLY INSTALLED PATCH. FAB","BAFFLE REPAIR PERFORMED ON PD NUMBER TWELVE HAS RIVETS THAT ARE RUBBING. REMOVED BAFFLE, REMOVED PREVIOUSLY INSTALLED PATCH.","BAFFLE REPAIR PERFORMED ON PD #12 HAS RIVETS THAT ARE RUBBIN REMOVED BAFFLE, REMOVED PREVIOUSLY INSTALLED PATCH. FAB","BAFFLE REPAIR PERFORMED ON PD #12 HAS RIVETS THAT ARE RUBBIN REMOVED BAFFLE, REMOVED PREVIOUSLY INSTALLED PATCH. FAB",True,True,none
103848::combined,103848,sensitivity,raw,#3 REAR BAFFLE SCREW LOOSE. REMOVED OIL FILLER TUBE TO TIGHTEN SCREW. TIGHTENED SCR,NUMBER THREE REAR BAFFLE SCREW LOOSE. REMOVED OIL FILLER TUBE TO TIGHTEN SCREW. TIGHTENED SCREW,#3 REAR BAFFLE SCREW LOOSE. REMOVED OIL FILLER TUBE TO TIGHTEN SCREW. TIGHTENED SCR,#3 REAR BAFFLE SCREW LOOSE. REMOVED OIL FILLER TUBE TO TIGHTEN SCREW. TIGHTENED SCR,True,True,none
103859::combined,103859,sensitivity,raw,"DURING FLARE PHASE OF LANDING, ENGINE QUIT. ATTEMPTED TO RES RETRIEVED A/C FROM RUNWAY.","DURING FLARE PHASE OF LANDING, ENGINE QUIT. ATTEMPTED TO RESTART. RETRIEVED AIRCRAFT FROM RUNWAY.","DURING FLARE PHASE OF LANDING, ENGINE QUIT. ATTEMPTED TO RES RETRIEVED A/C FROM RUNWAY.","DURING FLARE PHASE OF LANDING, ENGINE QUIT. ATTEMPTED TO RES RETRIEVED A/C FROM RUNWAY.",True,True,none
103860::combined,103860,sensitivity,raw,"DURING FLARE PHASE OF LANDING, ENGINE QUIT. ATTEMPTED TO RES PERFORMED GROUND RUN OF ENGINE. TRIED TO PERFORM SEASON","DURING FLARE PHASE OF LANDING, ENGINE QUIT. ATTEMPTED TO RESTART. PERFORMED GROUND RUN OF ENGINE. TRIED TO PERFORM SEASONAL ADJUSTMENT","DURING FLARE PHASE OF LANDING, ENGINE QUIT. ATTEMPTED TO RES PERFORMED GROUND RUN OF ENGINE. TRIED TO PERFORM SEASON","DURING FLARE PHASE OF LANDING, ENGINE QUIT. ATTEMPTED TO RES PERFORMED GROUND RUN OF ENGINE. TRIED TO PERFORM SEASON",True,True,none
103867::combined,103867,sensitivity,raw,"WHILE PERFORMING GO-AROUND @ D37 ON CLIMBOUT, ENGINE SPUTTER RAN A/C & PERFORMED GROUND RUN SEVERAL TIMES. COULD NOT","WHILE PERFORMING GO-AROUND AT D THIRTY SEVEN ON CLIMBOUT, ENGINE SPUTTER. RAN AIRCRAFT AND PERFORMED GROUND RUN SEVERAL TIMES.","WHILE PERFORMING GO-AROUND @ D37 ON CLIMBOUT, ENGINE SPUTTER RAN A/C & PERFORMED GROUND RUN SEVERAL TIMES. COULD NOT","WHILE PERFORMING GO-AROUND @ D37 ON CLIMBOUT, ENGINE SPUTTER RAN A/C & PERFORMED GROUND RUN SEVERAL TIMES. COULD NOT",True,True,none
103871::combined,103871,sensitivity,raw,L/H ENG AFT L/H BAFFLE CRACKED. INSPECTED L/H AFT BAFFLE CRACK PREVIOUSLY C/W.,LEFT-HAND ENGINE AFT LEFT-HAND BAFFLE CRACKED. INSPECTED LEFT-HAND AFT BAFFLE CRACK PREVIOUSLY COMPLIED WITH REFERENCE MANUAL.,L/H ENG AFT L/H BAFFLE CRACKED. INSPECTED L/H AFT BAFFLE CRACK PREVIOUSLY C/W.,L/H ENG AFT L/H BAFFLE CRACKED. INSPECTED L/H AFT BAFFLE CRACK PREVIOUSLY C/W.,True,True,none
103873::combined,103873,sensitivity,raw,R/H ENG #4 BAFFLE CRACKED. REMOVED R/H ENG OIL COOLER FROM #4 CYL BAFFLE. STOP DRI,RIGHT-HAND ENGINE NUMBER FOUR BAFFLE CRACKED. REMOVED RIGHT-HAND ENGINE OIL COOLER FROM NUMBER FOUR CYLINDER BAFFLE. STOP DRILLED CRACK,R/H ENG #4 BAFFLE CRACKED. REMOVED R/H ENG OIL COOLER FROM #4 CYL BAFFLE. STOP DRI,R/H ENG #4 BAFFLE CRACKED. REMOVED R/H ENG OIL COOLER FROM #4 CYL BAFFLE. STOP DRI,True,True,none
103888::combined,103888,sensitivity,raw,"CRACK EXTENDING BEYOND RIVET ON #1 CYL BAFFLE. REMOCED BAFFLE, CLEANED. INSP, FOUND PAINT CRACKED. INS","CRACK EXTENDING BEYOND RIVET ON NUMBER ONE CYLINDER BAFFLE. REMOVED BAFFLE, CLEANED. INSPECTED, FOUND PAINT CRACKED.","CRACK EXTENDING BEYOND RIVET ON #1 CYL BAFFLE. REMOCED BAFFLE, CLEANED. INSP, FOUND PAINT CRACKED. INS","CRACK EXTENDING BEYOND RIVET ON #1 CYL BAFFLE. REMOCED BAFFLE, CLEANED. INSP, FOUND PAINT CRACKED. INS",True,True,none
103895::combined,103895,sensitivity,raw,"R/H ENG CRANKCASE LIFTING EYEBOLT LEAKING OIL. CLEANED AREA, REMOVED BOLT, CLEANED & INSTALLED BOLT &","RIGHT-HAND ENGINE CRANKCASE LIFTING EYEBOLT LEAKING OIL. CLEANED AREA, REMOVED BOLT, CLEANED AND INSTALLED BOLT","R/H ENG CRANKCASE LIFTING EYEBOLT LEAKING OIL. CLEANED AREA, REMOVED BOLT, CLEANED & INSTALLED BOLT &","R/H ENG CRANKCASE LIFTING EYEBOLT LEAKING OIL. CLEANED AREA, REMOVED BOLT, CLEANED & INSTALLED BOLT &",True,True,none
103901::combined,103901,sensitivity,raw,EXCESSIVE FREE PLAY NOTED BETWEEN PILOT & COPILOT YOKES W/ A ADJUSTED CENTER TURNBUCKLE ON CONTROL COLUMN & ADJUSTED,EXCESSIVE FREE PLAY NOTED BETWEEN PILOT AND COPILOT YOKES. ADJUSTED CENTER TURNBUCKLE ON CONTROL COLUMN AND ADJUSTED,EXCESSIVE FREE PLAY NOTED BETWEEN PILOT & COPILOT YOKES W/ A ADJUSTED CENTER TURNBUCKLE ON CONTROL COLUMN & ADJUSTED,EXCESSIVE FREE PLAY NOTED BETWEEN PILOT & COPILOT YOKES W/ A ADJUSTED CENTER TURNBUCKLE ON CONTROL COLUMN & ADJUSTED,True,True,none
103902::combined,103902,sensitivity,raw,BOTTOM OF OIL COOLER NEEDS SEALANT REPLACED BETWEEN COOLER & INSTALLED SEALANT.,BOTTOM OF OIL COOLER NEEDS SEALANT REPLACED. INSTALLED SEALANT.,BOTTOM OF OIL COOLER NEEDS SEALANT REPLACED BETWEEN COOLER & INSTALLED SEALANT.,BOTTOM OF OIL COOLER NEEDS SEALANT REPLACED BETWEEN COOLER & INSTALLED SEALANT.,True,True,none
103903::combined,103903,sensitivity,raw,INTERCYLINDER BAFFLE TENSION WIRE CHAFING ON #1 CYL OIL RETU PUT BEND IN BAFFLE TENSIONER WIRE TO AVOID OIL RETURN L,INTERCYLINDER BAFFLE TENSION WIRE CHAFING ON NUMBER ONE CYLINDER OIL RETURN LINE. PUT BEND IN BAFFLE TENSIONER WIRE TO AVOID OIL RETURN LINE CHAFING,INTERCYLINDER BAFFLE TENSION WIRE CHAFING ON #1 CYL OIL RETU PUT BEND IN BAFFLE TENSIONER WIRE TO AVOID OIL RETURN L,INTERCYLINDER BAFFLE TENSION WIRE CHAFING ON #1 CYL OIL RETU PUT BEND IN BAFFLE TENSIONER WIRE TO AVOID OIL RETURN L,True,True,none
103906::combined,103906,sensitivity,raw,"#1 CYLINDER COMPRESSION LOW, 25LBS. COMING FROM EXHAUST REMOVED CYLINDER, FOUND BENT EXHAUST VALVE. INSTALLED R","NUMBER ONE CYLINDER COMPRESSION LOW, TWENTY FIVE POUNDS. COMING FROM EXHAUST. REMOVED CYLINDER, FOUND BENT EXHAUST VALVE. INSTALLED","#1 CYLINDER COMPRESSION LOW, 25LBS. COMING FROM EXHAUST REMOVED CYLINDER, FOUND BENT EXHAUST VALVE. INSTALLED R","#1 CYLINDER COMPRESSION LOW, 25LBS. COMING FROM EXHAUST REMOVED CYLINDER, FOUND BENT EXHAUST VALVE. INSTALLED R",True,True,none
103911::combined,103911,sensitivity,raw,R/H ENGINE #3 INTAKE GASKET LEAKING REMOVED AND REPLACED #3 INTAKE GASKET ON R/H ENG,RIGHT-HAND ENGINE NUMBER THREE INTAKE GASKET LEAKING. REMOVED AND REPLACED NUMBER THREE INTAKE GASKET ON RIGHT-HAND ENGINE,R/H ENGINE #3 INTAKE GASKET LEAKING REMOVED AND REPLACED #3 INTAKE GASKET ON R/H ENG,R/H ENGINE #3 INTAKE GASKET LEAKING REMOVED AND REPLACED #3 INTAKE GASKET ON R/H ENG,True,True,none
103912::combined,103912,sensitivity,raw,"EXCESSIVE ENGINE VIBRATION ON DEPARTURE CLIMBOUT. VIBRATION RAN ACFT, IDLE RPM AND MIXTURE AND MAG CHECKS GOOD RAN","EXCESSIVE ENGINE VIBRATION ON DEPARTURE CLIMBOUT. VIBRATION RAN AIRCRAFT, IDLE RPM AND MIXTURE AND MAGNETO CHECKS GOOD","EXCESSIVE ENGINE VIBRATION ON DEPARTURE CLIMBOUT. VIBRATION RAN ACFT, IDLE RPM AND MIXTURE AND MAG CHECKS GOOD RAN","EXCESSIVE ENGINE VIBRATION ON DEPARTURE CLIMBOUT. VIBRATION RAN ACFT, IDLE RPM AND MIXTURE AND MAG CHECKS GOOD RAN",True,True,none
103917::combined,103917,sensitivity,raw,"2, 3, 4 ROCKER COVER GASKETS LEAKING. REMOVED OLD GASKETS, CLEANED & INSTALLED NEW SILICONE G","TWO, THREE, AND FOUR ROCKER COVER GASKETS LEAKING. REMOVED OLD GASKETS, CLEANED AND INSTALLED NEW SILICONE GASKETS","2, 3, 4 ROCKER COVER GASKETS LEAKING. REMOVED OLD GASKETS, CLEANED & INSTALLED NEW SILICONE G","2, 3, 4 ROCKER COVER GASKETS LEAKING. REMOVED OLD GASKETS, CLEANED & INSTALLED NEW SILICONE G",True,True,none
103926::combined,103926,sensitivity,raw,"MISSING SCREW ON ENG BAFFLE AFT & NEXT TO CYL #3, SCREW MOUN INSTALLED SCREW.","MISSING SCREW ON ENGINE BAFFLE AFT AND NEXT TO CYLINDER NUMBER THREE, SCREW MOUNT. INSTALLED SCREW.","MISSING SCREW ON ENG BAFFLE AFT & NEXT TO CYL #3, SCREW MOUN INSTALLED SCREW.","MISSING SCREW ON ENG BAFFLE AFT & NEXT TO CYL #3, SCREW MOUN INSTALLED SCREW.",True,True,none
103935::combined,103935,sensitivity,raw,EXPERIENCED ENGINE ROUGHNESS & MOMENTARY POWER HESITATION. A PERFORMED ENG RUN UP & NOTED EXCESSIVE RPM RISE AT IDLE,EXPERIENCED ENGINE ROUGHNESS AND MOMENTARY POWER HESITATION. PERFORMED ENGINE RUN UP AND NOTED EXCESSIVE RPM RISE AT IDLE,EXPERIENCED ENGINE ROUGHNESS & MOMENTARY POWER HESITATION. A PERFORMED ENG RUN UP & NOTED EXCESSIVE RPM RISE AT IDLE,EXPERIENCED ENGINE ROUGHNESS & MOMENTARY POWER HESITATION. A PERFORMED ENG RUN UP & NOTED EXCESSIVE RPM RISE AT IDLE,True,True,none
103936::combined,103936,sensitivity,raw,EXPERIENCED ENGINE ROUGHNESS & MOMENTARY POWER HESITATION. A REINSTALLED COWLING & PERFORMED ENG RUN NOTING IDLE SPE,EXPERIENCED ENGINE ROUGHNESS AND MOMENTARY POWER HESITATION. REINSTALLED COWLING AND PERFORMED ENGINE RUN NOTING IDLE SPEED,EXPERIENCED ENGINE ROUGHNESS & MOMENTARY POWER HESITATION. A REINSTALLED COWLING & PERFORMED ENG RUN NOTING IDLE SPE,EXPERIENCED ENGINE ROUGHNESS & MOMENTARY POWER HESITATION. A REINSTALLED COWLING & PERFORMED ENG RUN NOTING IDLE SPE,True,True,none
103942::combined,103942,sensitivity,raw,"PILOT REPORTED THAT CYL #1 FWD BAFFLE SEAL NEEDED TO BE LOOK LOOKED AT BAFFLE SEAL, REPOSITIONED, CHECKED GOOD","PILOT REPORTED THAT CYLINDER NUMBER ONE FORWARD BAFFLE SEAL NEEDED TO BE LOOKED AT. LOOKED AT BAFFLE SEAL, REPOSITIONED, CHECKED GOOD","PILOT REPORTED THAT CYL #1 FWD BAFFLE SEAL NEEDED TO BE LOOK LOOKED AT BAFFLE SEAL, REPOSITIONED, CHECKED GOOD","PILOT REPORTED THAT CYL #1 FWD BAFFLE SEAL NEEDED TO BE LOOK LOOKED AT BAFFLE SEAL, REPOSITIONED, CHECKED GOOD",True,True,none
103949::combined,103949,sensitivity,raw,R/H ENG #1 CYL HAS LOW COMPRESSION 5/80. REMOVED CYLINDER & PISTON ASSY. STARTED INSTALLATION OF,RIGHT-HAND ENGINE NUMBER ONE CYLINDER HAS LOW COMPRESSION FIVE OUT OF EIGHTY. REMOVED CYLINDER AND PISTON ASSEMBLY.,R/H ENG #1 CYL HAS LOW COMPRESSION 5/80. REMOVED CYLINDER & PISTON ASSY. STARTED INSTALLATION OF,R/H ENG #1 CYL HAS LOW COMPRESSION 5/80. REMOVED CYLINDER & PISTON ASSY. STARTED INSTALLATION OF,True,True,none
103950::combined,103950,sensitivity,raw,R/H ENG #1 CYL HAS LOW COMPRESSION 5/80. FINISHED INSTALLING CYLINDER IAW LYCOMING OVERH,RIGHT-HAND ENGINE NUMBER ONE CYLINDER HAS LOW COMPRESSION FIVE OUT OF EIGHTY. FINISHED INSTALLING CYLINDER IN ACCORDANCE WITH LYCOMING OVERHAUL MANUAL,R/H ENG #1 CYL HAS LOW COMPRESSION 5/80. FINISHED INSTALLING CYLINDER IAW LYCOMING OVERH,R/H ENG #1 CYL HAS LOW COMPRESSION 5/80. FINISHED INSTALLING CYLINDER IAW LYCOMING OVERH,True,True,none
103951::combined,103951,sensitivity,raw,R/H ENG #3 CYL HAS LOW COMPRESSION 20/80. REMOVED CYLINDER & PISTON ASSY. STARTED INSTALLATION OF,RIGHT-HAND ENGINE NUMBER THREE CYLINDER HAS LOW COMPRESSION TWENTY OUT OF EIGHTY. REMOVED CYLINDER AND PISTON ASSEMBLY.,R/H ENG #3 CYL HAS LOW COMPRESSION 20/80. REMOVED CYLINDER & PISTON ASSY. STARTED INSTALLATION OF,R/H ENG #3 CYL HAS LOW COMPRESSION 20/80. REMOVED CYLINDER & PISTON ASSY. STARTED INSTALLATION OF,True,True,none
103952::combined,103952,sensitivity,raw,R/H ENG #3 CYL HAS LOW COMPRESSION 20/80. FINISHED INSTALLING CYLINDER IAW LYCOMING OVERH,RIGHT-HAND ENGINE NUMBER THREE CYLINDER HAS LOW COMPRESSION TWENTY OUT OF EIGHTY. FINISHED INSTALLING CYLINDER IN ACCORDANCE WITH LYCOMING OVERHAUL MANUAL,R/H ENG #3 CYL HAS LOW COMPRESSION 20/80. FINISHED INSTALLING CYLINDER IAW LYCOMING OVERH,R/H ENG #3 CYL HAS LOW COMPRESSION 20/80. FINISHED INSTALLING CYLINDER IAW LYCOMING OVERH,True,True,none
103957::combined,103957,sensitivity,raw,"WHILE TAXIING, ENGINE QUIT & COULD NOT RESTART. STARTED A/C SEVERAL TIMES USING NORMAL PROCEDURES. PERF","WHILE TAXIING, ENGINE QUIT AND COULD NOT RESTART. STARTED AIRCRAFT SEVERAL TIMES USING NORMAL PROCEDURES.","WHILE TAXIING, ENGINE QUIT & COULD NOT RESTART. STARTED A/C SEVERAL TIMES USING NORMAL PROCEDURES. PERF","WHILE TAXIING, ENGINE QUIT & COULD NOT RESTART. STARTED A/C SEVERAL TIMES USING NORMAL PROCEDURES. PERF",True,True,none
103959::combined,103959,sensitivity,raw,"ON RUN UP; R/H ENG, L/H MAG FAILED MAG CK. CYL #1 HAD NO TEM RECOWLED R/H ENGINE.","ON RUN UP; RIGHT-HAND ENGINE, LEFT-HAND MAGNETO FAILED MAGNETO CHECK. CYLINDER NUMBER ONE HAD NO TEMPERATURE. RECOWLED RIGHT-HAND ENGINE.","ON RUN UP; R/H ENG, L/H MAG FAILED MAG CK. CYL #1 HAD NO TEM RECOWLED R/H ENGINE.","ON RUN UP; R/H ENG, L/H MAG FAILED MAG CK. CYL #1 HAD NO TEM RECOWLED R/H ENGINE.",True,True,none
103960::combined,103960,sensitivity,raw,"ON RUN UP; R/H ENG, L/H MAG FAILED MAG CK. CYL #1 HAD NO TEM RAN A/C, OPS & LEAK CK GOOD.","ON RUN UP; RIGHT-HAND ENGINE, LEFT-HAND MAGNETO FAILED MAGNETO CHECK. CYLINDER NUMBER ONE HAD NO TEMPERATURE. RAN AIRCRAFT, OPERATIONS AND LEAK CHECK GOOD.","ON RUN UP; R/H ENG, L/H MAG FAILED MAG CK. CYL #1 HAD NO TEM RAN A/C, OPS & LEAK CK GOOD.","ON RUN UP; R/H ENG, L/H MAG FAILED MAG CK. CYL #1 HAD NO TEM RAN A/C, OPS & LEAK CK GOOD.",True,True,none
103961::combined,103961,sensitivity,raw,"ON RUN UP; R/H ENG, L/H MAG FAILED MAG CK. CYL #1 HAD NO TEM FOUND CYL #1 TOP & BOTTOM PLUGS WET W/ OIL & ELECTRODE","ON RUN UP; RIGHT-HAND ENGINE, LEFT-HAND MAGNETO FAILED MAGNETO CHECK. CYLINDER NUMBER ONE HAD NO TEMPERATURE. FOUND CYLINDER NUMBER ONE TOP AND BOTTOM PLUGS WET WITH OIL AND ELECTRODE","ON RUN UP; R/H ENG, L/H MAG FAILED MAG CK. CYL #1 HAD NO TEM FOUND CYL #1 TOP & BOTTOM PLUGS WET W/ OIL & ELECTRODE","ON RUN UP; R/H ENG, L/H MAG FAILED MAG CK. CYL #1 HAD NO TEM FOUND CYL #1 TOP & BOTTOM PLUGS WET W/ OIL & ELECTRODE",True,True,none
103962::combined,103962,sensitivity,raw,"ON RUN UP; R/H ENG, L/H MAG FAILED MAG CK. CYL #1 HAD NO TEM PERFORMED GROUND RUN, FOUND R/H ENG TO RUN ROUGH ANYTIM","ON RUN UP; RIGHT-HAND ENGINE, LEFT-HAND MAGNETO FAILED MAGNETO CHECK. CYLINDER NUMBER ONE HAD NO TEMPERATURE. PERFORMED GROUND RUN, FOUND RIGHT-HAND ENGINE TO RUN ROUGH","ON RUN UP; R/H ENG, L/H MAG FAILED MAG CK. CYL #1 HAD NO TEM PERFORMED GROUND RUN, FOUND R/H ENG TO RUN ROUGH ANYTIM","ON RUN UP; R/H ENG, L/H MAG FAILED MAG CK. CYL #1 HAD NO TEM PERFORMED GROUND RUN, FOUND R/H ENG TO RUN ROUGH ANYTIM",True,True,none
103963::combined,103963,sensitivity,raw,"ON RUN UP; R/H ENG, L/H MAG FAILED MAG CK. CYL #1 HAD NO TEM REMOVED & REPLACED CYL ASSY, DRY TAPPET CLEARANCE CK'ED","ON RUN UP; RIGHT-HAND ENGINE, LEFT-HAND MAGNETO FAILED MAGNETO CHECK. CYLINDER NUMBER ONE HAD NO TEMPERATURE. REMOVED AND REPLACED CYLINDER ASSEMBLY, DRY TAPPET CLEARANCE CHECKED","ON RUN UP; R/H ENG, L/H MAG FAILED MAG CK. CYL #1 HAD NO TEM REMOVED & REPLACED CYL ASSY, DRY TAPPET CLEARANCE CK'ED","ON RUN UP; R/H ENG, L/H MAG FAILED MAG CK. CYL #1 HAD NO TEM REMOVED & REPLACED CYL ASSY, DRY TAPPET CLEARANCE CK'ED",True,True,none
103977::combined,103977,sensitivity,raw,"L/H ENGINE HAD C CLIP IN OIL SCREEN DISASSEMBLED, INSP'ED, VERIFIED THAT SNAP RING WAS MISS","LEFT-HAND ENGINE HAD C CLIP IN OIL SCREEN. DISASSEMBLED, INSPECTED, VERIFIED THAT SNAP RING WAS MISSING","L/H ENGINE HAD C CLIP IN OIL SCREEN DISASSEMBLED, INSP'ED, VERIFIED THAT SNAP RING WAS MISS","L/H ENGINE HAD C CLIP IN OIL SCREEN DISASSEMBLED, INSP'ED, VERIFIED THAT SNAP RING WAS MISS",True,True,none
103978::combined,103978,sensitivity,raw,"L/H ENGINE HAD C CLIP IN OIL SCREEN INSTALLED PROP, BUT IS NOT TORQUED OR SAFETIED. INSTALL","LEFT-HAND ENGINE HAD C CLIP IN OIL SCREEN. INSTALLED PROPELLER, BUT IS NOT TORQUED OR SAFETIED.","L/H ENGINE HAD C CLIP IN OIL SCREEN INSTALLED PROP, BUT IS NOT TORQUED OR SAFETIED. INSTALL","L/H ENGINE HAD C CLIP IN OIL SCREEN INSTALLED PROP, BUT IS NOT TORQUED OR SAFETIED. INSTALL",True,True,none
103979::combined,103979,sensitivity,raw,L/H ENGINE HAD C CLIP IN OIL SCREEN PREPPED ENGINE FOR INSTALLATION. FIXED L/H AFT LOWER BA,LEFT-HAND ENGINE HAD C CLIP IN OIL SCREEN. PREPPED ENGINE FOR INSTALLATION. FIXED LEFT-HAND AFT LOWER BAFFLE,L/H ENGINE HAD C CLIP IN OIL SCREEN PREPPED ENGINE FOR INSTALLATION. FIXED L/H AFT LOWER BA,L/H ENGINE HAD C CLIP IN OIL SCREEN PREPPED ENGINE FOR INSTALLATION. FIXED L/H AFT LOWER BA,True,True,none
103980::combined,103980,sensitivity,raw,"L/H ENGINE HAD C CLIP IN OIL SCREEN CONTINUED INSTALLATION. SAEFTIED PROP, TIMED MAGNETOS T","LEFT-HAND ENGINE HAD C CLIP IN OIL SCREEN. CONTINUED INSTALLATION. SAFETIED PROPELLER, TIMED MAGNETOS","L/H ENGINE HAD C CLIP IN OIL SCREEN CONTINUED INSTALLATION. SAEFTIED PROP, TIMED MAGNETOS T","L/H ENGINE HAD C CLIP IN OIL SCREEN CONTINUED INSTALLATION. SAEFTIED PROP, TIMED MAGNETOS T",True,True,none
103987::combined,103987,sensitivity,raw,"CHAFING DAMAGE NOTED ON #3 INTAKE TUBE, BY PRIMER LINE. INSPECTED #3 INTAKE TUBE & PRIMER LINE ON R/H ENGINE NO","CHAFING DAMAGE NOTED ON NUMBER THREE INTAKE TUBE, BY PRIMER LINE. INSPECTED NUMBER THREE INTAKE TUBE AND PRIMER LINE ON RIGHT-HAND ENGINE","CHAFING DAMAGE NOTED ON #3 INTAKE TUBE, BY PRIMER LINE. INSPECTED #3 INTAKE TUBE & PRIMER LINE ON R/H ENGINE NO","CHAFING DAMAGE NOTED ON #3 INTAKE TUBE, BY PRIMER LINE. INSPECTED #3 INTAKE TUBE & PRIMER LINE ON R/H ENGINE NO",True,True,none
103994::combined,103994,sensitivity,raw,LEFT ENGINE WILL NOT START HOT. STARTED BOTH ENGINES USING NORMAL PROCEDURES. SHUT DOWN,LEFT ENGINE WILL NOT START HOT. STARTED BOTH ENGINES USING NORMAL PROCEDURES.,LEFT ENGINE WILL NOT START HOT. STARTED BOTH ENGINES USING NORMAL PROCEDURES. SHUT DOWN,LEFT ENGINE WILL NOT START HOT. STARTED BOTH ENGINES USING NORMAL PROCEDURES. SHUT DOWN,True,True,none
104007::combined,104007,sensitivity,raw,SIGNIFICANT AMOUNT OF OIL LEAKING FROM #4 CYLINDER AREA. REMOVED & REPLACED #4 CYL ROCKER COVER GASKET. RAN ENGI,SIGNIFICANT AMOUNT OF OIL LEAKING FROM NUMBER FOUR CYLINDER AREA. REMOVED AND REPLACED NUMBER FOUR CYLINDER ROCKER COVER GASKET. RAN ENGINE,SIGNIFICANT AMOUNT OF OIL LEAKING FROM #4 CYLINDER AREA. REMOVED & REPLACED #4 CYL ROCKER COVER GASKET. RAN ENGI,SIGNIFICANT AMOUNT OF OIL LEAKING FROM #4 CYLINDER AREA. REMOVED & REPLACED #4 CYL ROCKER COVER GASKET. RAN ENGI,True,True,none
104008::combined,104008,sensitivity,raw,SMALL LEAK NOTED ON UPPER ENGINE CRANKCASE BACKBONE. REMOVED BOLT ON UPPER CRANKCASE BACKBONE & APPLIED HIGH,SMALL LEAK NOTED ON UPPER ENGINE CRANKCASE BACKBONE. REMOVED BOLT ON UPPER CRANKCASE BACKBONE AND APPLIED HIGH TEMPERATURE SEALANT,SMALL LEAK NOTED ON UPPER ENGINE CRANKCASE BACKBONE. REMOVED BOLT ON UPPER CRANKCASE BACKBONE & APPLIED HIGH,SMALL LEAK NOTED ON UPPER ENGINE CRANKCASE BACKBONE. REMOVED BOLT ON UPPER CRANKCASE BACKBONE & APPLIED HIGH,True,True,none
104028::combined,104028,sensitivity,raw,"LEAK NOTED BY OIL RETURN LINE, BYT ACCESSORY CASE. REMOVED OIL RETURN LINE AT ACCESSORY CASE FITTING. TIGH","LEAK NOTED BY OIL RETURN LINE, BY ACCESSORY CASE. REMOVED OIL RETURN LINE AT ACCESSORY CASE FITTING.","LEAK NOTED BY OIL RETURN LINE, BYT ACCESSORY CASE. REMOVED OIL RETURN LINE AT ACCESSORY CASE FITTING. TIGH","LEAK NOTED BY OIL RETURN LINE, BYT ACCESSORY CASE. REMOVED OIL RETURN LINE AT ACCESSORY CASE FITTING. TIGH",True,True,none
104038::combined,104038,sensitivity,raw,"R/H ENG I/B AFT BAFFLE @ UPPER I/B OIL COOLER CRACKED. AFTER FURTHER INSP, FOUND PART TO HAVE PREVIOUSLY BEEN","RIGHT-HAND ENGINE INBOARD AFT BAFFLE AT UPPER INBOARD OIL COOLER CRACKED. AFTER FURTHER INSPECTION, FOUND PART TO HAVE PREVIOUSLY BEEN CRACKED","R/H ENG I/B AFT BAFFLE @ UPPER I/B OIL COOLER CRACKED. AFTER FURTHER INSP, FOUND PART TO HAVE PREVIOUSLY BEEN","R/H ENG I/B AFT BAFFLE @ UPPER I/B OIL COOLER CRACKED. AFTER FURTHER INSP, FOUND PART TO HAVE PREVIOUSLY BEEN",True,True,none
104041::combined,104041,sensitivity,raw,"DURING CLIMB OUT, OBSERVED MOMENTARY RPM DROP AROUN RAN UP A/C, COULD NOT DUPLICATE DISCREPANCY. OPS CK GOO","DURING CLIMB OUT, OBSERVED MOMENTARY RPM DROP. RAN UP AIRCRAFT, COULD NOT DUPLICATE DISCREPANCY. OPERATIONS CHECK GOOD","DURING CLIMB OUT, OBSERVED MOMENTARY RPM DROP AROUN RAN UP A/C, COULD NOT DUPLICATE DISCREPANCY. OPS CK GOO","DURING CLIMB OUT, OBSERVED MOMENTARY RPM DROP AROUN RAN UP A/C, COULD NOT DUPLICATE DISCREPANCY. OPS CK GOO",True,True,none
104044::combined,104044,sensitivity,raw,SMALL CRACK NOTED ON R/H AFT BAFFLE OF R/H ENGINE ON I/B SID STOP DRILLED CRACK.,SMALL CRACK NOTED ON RIGHT-HAND AFT BAFFLE OF RIGHT-HAND ENGINE ON INBOARD SIDE. STOP DRILLED CRACK.,SMALL CRACK NOTED ON R/H AFT BAFFLE OF R/H ENGINE ON I/B SID STOP DRILLED CRACK.,SMALL CRACK NOTED ON R/H AFT BAFFLE OF R/H ENGINE ON I/B SID STOP DRILLED CRACK.,True,True,none
104045::combined,104045,sensitivity,raw,CHAFING NOTED ON R/H ENGINE STARTER WIRE BY THROTTLE CABLE O APPLIED HIGH TEMP SILICONE.,CHAFING NOTED ON RIGHT-HAND ENGINE STARTER WIRE BY THROTTLE CABLE. APPLIED HIGH TEMPERATURE SILICONE.,CHAFING NOTED ON R/H ENGINE STARTER WIRE BY THROTTLE CABLE O APPLIED HIGH TEMP SILICONE.,CHAFING NOTED ON R/H ENGINE STARTER WIRE BY THROTTLE CABLE O APPLIED HIGH TEMP SILICONE.,True,True,none
104053::combined,104053,sensitivity,raw,R/H ENGINE OIL PRESSURE SETTING ADJUSTER SAFETY WIRE IS LOOS REMOVED OLD SAFETY WIRE & RESAFETIED.,RIGHT-HAND ENGINE OIL PRESSURE SETTING ADJUSTER SAFETY WIRE IS LOOSE. REMOVED OLD SAFETY WIRE AND RESAFETIED.,R/H ENGINE OIL PRESSURE SETTING ADJUSTER SAFETY WIRE IS LOOS REMOVED OLD SAFETY WIRE & RESAFETIED.,R/H ENGINE OIL PRESSURE SETTING ADJUSTER SAFETY WIRE IS LOOS REMOVED OLD SAFETY WIRE & RESAFETIED.,True,True,none
104056::combined,104056,sensitivity,raw,ADEL CLAMP FOR MIXTURE & THROTTLE CABLES ON R/H SDIE OF UPPE REMOVED & REPLACED ADEL CLAMP.,ADEL CLAMP FOR MIXTURE AND THROTTLE CABLES ON RIGHT-HAND SIDE. REMOVED AND REPLACED ADEL CLAMP.,ADEL CLAMP FOR MIXTURE & THROTTLE CABLES ON R/H SDIE OF UPPE REMOVED & REPLACED ADEL CLAMP.,ADEL CLAMP FOR MIXTURE & THROTTLE CABLES ON R/H SDIE OF UPPE REMOVED & REPLACED ADEL CLAMP.,True,True,none
104057::combined,104057,sensitivity,raw,ZIP TIES USED ON L/H & R/H ENGINE MOUNT IN PLACE OF LACING C REATTACHED CABLE & HOSES W/ LACING CORD.,ZIP TIES USED ON LEFT-HAND AND RIGHT-HAND ENGINE MOUNT IN PLACE OF LACING CORD. REATTACHED CABLE AND HOSES WITH LACING CORD.,ZIP TIES USED ON L/H & R/H ENGINE MOUNT IN PLACE OF LACING C REATTACHED CABLE & HOSES W/ LACING CORD.,ZIP TIES USED ON L/H & R/H ENGINE MOUNT IN PLACE OF LACING C REATTACHED CABLE & HOSES W/ LACING CORD.,True,True,none
104058::combined,104058,sensitivity,raw,"#2 ROCKER BOX COVER GASKET LEAKING. REMOVED ROCKER BOX COVER, CLEANED MATING SURFACES & GAS","NUMBER TWO ROCKER BOX COVER GASKET LEAKING. REMOVED ROCKER BOX COVER, CLEANED MATING SURFACES AND GASKETS","#2 ROCKER BOX COVER GASKET LEAKING. REMOVED ROCKER BOX COVER, CLEANED MATING SURFACES & GAS","#2 ROCKER BOX COVER GASKET LEAKING. REMOVED ROCKER BOX COVER, CLEANED MATING SURFACES & GAS",True,True,none
104071::combined,104071,sensitivity,raw,"R/H ENG, R/H REAR BAFFLE IS CRACKED. INSPECTED & FOUND CRACKS. MADE PATCH OUT OF LIKE MATERI","RIGHT-HAND ENGINE, RIGHT-HAND REAR BAFFLE IS CRACKED. INSPECTED AND FOUND CRACKS. MADE PATCH OUT OF LIKE MATERIAL","R/H ENG, R/H REAR BAFFLE IS CRACKED. INSPECTED & FOUND CRACKS. MADE PATCH OUT OF LIKE MATERI","R/H ENG, R/H REAR BAFFLE IS CRACKED. INSPECTED & FOUND CRACKS. MADE PATCH OUT OF LIKE MATERI",True,True,none
104072::combined,104072,sensitivity,raw,#2 CYL INTAKE GASKET IS LEAKING. REMOVED INTAKE TUBE & GASKET. CLEANED INTAKE TUBE & CYL,NUMBER TWO CYLINDER INTAKE GASKET IS LEAKING. REMOVED INTAKE TUBE AND GASKET. CLEANED INTAKE TUBE AND CYLINDER,#2 CYL INTAKE GASKET IS LEAKING. REMOVED INTAKE TUBE & GASKET. CLEANED INTAKE TUBE & CYL,#2 CYL INTAKE GASKET IS LEAKING. REMOVED INTAKE TUBE & GASKET. CLEANED INTAKE TUBE & CYL,True,True,none
104074::combined,104074,sensitivity,raw,"RPM DROP AT 2000 RPM ON DOWNWIND ACCOMPANIED BY VIBRATION 2 RAN UP ENGINE. MAG DROPS, IDLE SPEED & MIXTURE CK GOOD.","RPM DROP AT TWENTY HUNDRED RPM ON DOWNWIND ACCOMPANIED BY VIBRATION. RAN UP ENGINE. MAGNETO DROPS, IDLE SPEED AND MIXTURE CHECK GOOD.","RPM DROP AT 2000 RPM ON DOWNWIND ACCOMPANIED BY VIBRATION 2 RAN UP ENGINE. MAG DROPS, IDLE SPEED & MIXTURE CK GOOD.","RPM DROP AT 2000 RPM ON DOWNWIND ACCOMPANIED BY VIBRATION 2 RAN UP ENGINE. MAG DROPS, IDLE SPEED & MIXTURE CK GOOD.",True,True,none
104081::combined,104081,sensitivity,raw,"#4 CYLINDER HAS NO COMPRESSION (0/80), AIR COMING OUT EXHAUS CLEARANCE W/IN SPECS.","NUMBER FOUR CYLINDER HAS NO COMPRESSION, ZERO OUT OF EIGHTY, AIR COMING OUT EXHAUST. CLEARANCE WITHIN SPECS.","#4 CYLINDER HAS NO COMPRESSION (0/80), AIR COMING OUT EXHAUS CLEARANCE W/IN SPECS.","#4 CYLINDER HAS NO COMPRESSION (0/80), AIR COMING OUT EXHAUS CLEARANCE W/IN SPECS.",True,True,none
104082::combined,104082,sensitivity,raw,"#4 CYLINDER HAS NO COMPRESSION (0/80), AIR COMING OUT EXHAUS REMOVED #4 CYL (LUECO).","NUMBER FOUR CYLINDER HAS NO COMPRESSION, ZERO OUT OF EIGHTY, AIR COMING OUT EXHAUST VALVE. REMOVED NUMBER FOUR CYLINDER, LUECO.","#4 CYLINDER HAS NO COMPRESSION (0/80), AIR COMING OUT EXHAUS REMOVED #4 CYL (LUECO).","#4 CYLINDER HAS NO COMPRESSION (0/80), AIR COMING OUT EXHAUS REMOVED #4 CYL (LUECO).",True,True,none
104083::combined,104083,sensitivity,raw,"#4 CYLINDER HAS NO COMPRESSION (0/80), AIR COMING OUT EXHAUS RAN A/C, OPS & LEAK CK GOOD.","NUMBER FOUR CYLINDER HAS NO COMPRESSION, ZERO OUT OF EIGHTY, AIR COMING OUT EXHAUST. RAN AIRCRAFT, OPERATIONS AND LEAK CHECK GOOD.","#4 CYLINDER HAS NO COMPRESSION (0/80), AIR COMING OUT EXHAUS RAN A/C, OPS & LEAK CK GOOD.","#4 CYLINDER HAS NO COMPRESSION (0/80), AIR COMING OUT EXHAUS RAN A/C, OPS & LEAK CK GOOD.",True,True,none
104084::combined,104084,sensitivity,raw,"#4 CYLINDER HAS NO COMPRESSION (0/80), AIR COMING OUT EXHAUS INSTALLED & TORQUED CYL BASE NUT. TAPPET CLEARANCE TOO","NUMBER FOUR CYLINDER HAS NO COMPRESSION, ZERO OUT OF EIGHTY, AIR COMING OUT EXHAUST VALVE. INSTALLED AND TORQUED CYLINDER BASE NUT.","#4 CYLINDER HAS NO COMPRESSION (0/80), AIR COMING OUT EXHAUS INSTALLED & TORQUED CYL BASE NUT. TAPPET CLEARANCE TOO","#4 CYLINDER HAS NO COMPRESSION (0/80), AIR COMING OUT EXHAUS INSTALLED & TORQUED CYL BASE NUT. TAPPET CLEARANCE TOO",True,True,none
104085::combined,104085,sensitivity,raw,"#4 CYLINDER HAS NO COMPRESSION (0/80), AIR COMING OUT EXHAUS INSTALLED BAFFLES, EXHAUST, INTAKE, DRAIN TUBE, PLUGS,","NUMBER FOUR CYLINDER HAS NO COMPRESSION, ZERO OUT OF EIGHTY, AIR COMING OUT EXHAUST. INSTALLED BAFFLES, EXHAUST, INTAKE, DRAIN TUBE, PLUGS,","#4 CYLINDER HAS NO COMPRESSION (0/80), AIR COMING OUT EXHAUS INSTALLED BAFFLES, EXHAUST, INTAKE, DRAIN TUBE, PLUGS,","#4 CYLINDER HAS NO COMPRESSION (0/80), AIR COMING OUT EXHAUS INSTALLED BAFFLES, EXHAUST, INTAKE, DRAIN TUBE, PLUGS,",True,True,none
104086::combined,104086,sensitivity,raw,"#4 CYLINDER HAS NO COMPRESSION (0/80), AIR COMING OUT EXHAUS INSTALLED #29 PUSH RODS, FOUND TO BE OUT OF LIMITS. INS","NUMBER FOUR CYLINDER HAS NO COMPRESSION, ZERO OUT OF EIGHTY, AIR COMING OUT EXHAUST VALVE. INSTALLED NUMBER TWENTY NINE PUSH RODS, FOUND TO BE OUT OF LIMITS.","#4 CYLINDER HAS NO COMPRESSION (0/80), AIR COMING OUT EXHAUS INSTALLED #29 PUSH RODS, FOUND TO BE OUT OF LIMITS. INS","#4 CYLINDER HAS NO COMPRESSION (0/80), AIR COMING OUT EXHAUS INSTALLED #29 PUSH RODS, FOUND TO BE OUT OF LIMITS. INS",True,True,none
104087::combined,104087,sensitivity,raw,"#4 CYLINDER HAS NO COMPRESSION (0/80), AIR COMING OUT EXHAUS INSTALLED NEW -29 PUSH ROD, VERIFIED PROPER GAP & BEGAN","NUMBER FOUR CYLINDER HAS NO COMPRESSION, ZERO OUT OF EIGHTY, AIR COMING OUT EXHAUST VALVE. INSTALLED NEW NUMBER TWENTY NINE PUSH ROD, VERIFIED PROPER GAP","#4 CYLINDER HAS NO COMPRESSION (0/80), AIR COMING OUT EXHAUS INSTALLED NEW -29 PUSH ROD, VERIFIED PROPER GAP & BEGAN","#4 CYLINDER HAS NO COMPRESSION (0/80), AIR COMING OUT EXHAUS INSTALLED NEW -29 PUSH ROD, VERIFIED PROPER GAP & BEGAN",True,True,none
104089::combined,104089,sensitivity,raw,CRACK AT FWD BAFFLE BY HEAT INLET. STOP DRILLED CRACK @ FWD BAFFLE BY HEAT INLET ON AFT SI,CRACK AT FORWARD BAFFLE BY HEAT INLET. STOP DRILLED CRACK AT FORWARD BAFFLE BY HEAT INLET ON AFT SIDE,CRACK AT FWD BAFFLE BY HEAT INLET. STOP DRILLED CRACK @ FWD BAFFLE BY HEAT INLET ON AFT SI,CRACK AT FWD BAFFLE BY HEAT INLET. STOP DRILLED CRACK @ FWD BAFFLE BY HEAT INLET ON AFT SI,True,True,none
104090::combined,104090,sensitivity,raw,"DURING TAKEOFF @ CKN, ENG RAN VERY ROUGH FOR 3 SECONDS W/ FU RUN UP (HOT) NO LOSS IN PWR OR ROUGH RUNNING. REMOVED P","DURING TAKEOFF AT CKN, ENGINE RAN VERY ROUGH FOR THREE SECONDS WITH FULL THROTTLE. RUN UP, HOT, NO LOSS IN POWER OR ROUGH RUNNING.","DURING TAKEOFF @ CKN, ENG RAN VERY ROUGH FOR 3 SECONDS W/ FU RUN UP (HOT) NO LOSS IN PWR OR ROUGH RUNNING. REMOVED P","DURING TAKEOFF @ CKN, ENG RAN VERY ROUGH FOR 3 SECONDS W/ FU RUN UP (HOT) NO LOSS IN PWR OR ROUGH RUNNING. REMOVED P",True,True,none
104091::combined,104091,sensitivity,raw,"DURING TAKEOFF @ CKN, ENG RAN VERY ROUGH FOR 3 SECONDS W/ FU RUN UP 2ND TIME (FOR PHASE), NO DEFECTS NOTED & COMPRES","DURING TAKEOFF AT CKN, ENGINE RAN VERY ROUGH FOR THREE SECONDS WITH FULL THROTTLE. RUN UP SECOND TIME, FOR PHASE, NO DEFECTS NOTED","DURING TAKEOFF @ CKN, ENG RAN VERY ROUGH FOR 3 SECONDS W/ FU RUN UP 2ND TIME (FOR PHASE), NO DEFECTS NOTED & COMPRES","DURING TAKEOFF @ CKN, ENG RAN VERY ROUGH FOR 3 SECONDS W/ FU RUN UP 2ND TIME (FOR PHASE), NO DEFECTS NOTED & COMPRES",True,True,none
104096::combined,104096,sensitivity,raw,"WHEN RPM SET IN IDLE RANGE, ENGINE KICKS & SPUTTERS AS IF FU RAN A/C & LEAK CK'ED. INSTALLED CHIN COWL. LEAK CK'ED G","WHEN RPM SET IN IDLE RANGE, ENGINE KICKS AND SPUTTERS AS IF FUEL BLOCKED. RAN AIRCRAFT AND LEAK CHECKED. INSTALLED CHIN COWL. LEAK CHECKED GOOD","WHEN RPM SET IN IDLE RANGE, ENGINE KICKS & SPUTTERS AS IF FU RAN A/C & LEAK CK'ED. INSTALLED CHIN COWL. LEAK CK'ED G","WHEN RPM SET IN IDLE RANGE, ENGINE KICKS & SPUTTERS AS IF FU RAN A/C & LEAK CK'ED. INSTALLED CHIN COWL. LEAK CK'ED G",True,True,none
104103::combined,104103,sensitivity,raw,"SEAL LOOSE ON ENGINE COWL, ABOVE L/H & R/H OIL COOLERS (BLAC RESECURED SEAL ON LOWER ENGINE COWLS, L/H & R/H, ABOVE","SEAL LOOSE ON ENGINE COWL, ABOVE LEFT-HAND AND RIGHT-HAND OIL COOLERS. RESECURED SEAL ON LOWER ENGINE COWLS, LEFT-HAND AND RIGHT-HAND","SEAL LOOSE ON ENGINE COWL, ABOVE L/H & R/H OIL COOLERS (BLAC RESECURED SEAL ON LOWER ENGINE COWLS, L/H & R/H, ABOVE","SEAL LOOSE ON ENGINE COWL, ABOVE L/H & R/H OIL COOLERS (BLAC RESECURED SEAL ON LOWER ENGINE COWLS, L/H & R/H, ABOVE",True,True,none
104107::combined,104107,sensitivity,raw,"UPON GO-AROUND, ENGINE MADE A SPUTTERING NOISE FOR 3 SECS. C RAN A/C, ALL CHECKS GOOD. NO SPUTTERING DURING RUN UP.","UPON GO-AROUND, ENGINE MADE A SPUTTERING NOISE FOR THREE SECONDS. RAN AIRCRAFT, ALL CHECKS GOOD. NO SPUTTERING DURING RUN UP.","UPON GO-AROUND, ENGINE MADE A SPUTTERING NOISE FOR 3 SECS. C RAN A/C, ALL CHECKS GOOD. NO SPUTTERING DURING RUN UP.","UPON GO-AROUND, ENGINE MADE A SPUTTERING NOISE FOR 3 SECS. C RAN A/C, ALL CHECKS GOOD. NO SPUTTERING DURING RUN UP.",True,True,none
104109::combined,104109,sensitivity,raw,"AFTER START, ENGINE RAN CONSISTANTLY ROUGH. RAN A/C & CONFIRMED DISCREP. IDLE WAS @ 800 RPM & NO ID","AFTER START, ENGINE RAN CONSISTENTLY ROUGH. RAN AIRCRAFT AND CONFIRMED DISCREPANCY. IDLE WAS AT EIGHT HUNDRED RPM","AFTER START, ENGINE RAN CONSISTANTLY ROUGH. RAN A/C & CONFIRMED DISCREP. IDLE WAS @ 800 RPM & NO ID","AFTER START, ENGINE RAN CONSISTANTLY ROUGH. RAN A/C & CONFIRMED DISCREP. IDLE WAS @ 800 RPM & NO ID",True,True,none
104116::combined,104116,sensitivity,raw,"COMPRESSION CK REQUIRED. L/H: #1-78, #2-79, #3-79, #4-78; R/H: #1-78, #2-79, #3-","COMPRESSION CHECK REQUIRED. LEFT-HAND: NUMBER ONE TESTED AT SEVENTY EIGHT, NUMBER TWO TESTED AT SEVENTY NINE, NUMBER THREE TESTED AT SEVENTY NINE, AND NUMBER FOUR TESTED AT SEVENTY EIGHT; RIGHT-HAND: NUMBER ONE TESTED AT SEVENTY EIGHT, AND NUMBER TWO TESTED AT SEVENTY NINE","COMPRESSION CK REQUIRED. L/H: #1-78, #2-79, #3-79, #4-78; R/H: #1-78, #2-79, #3-","COMPRESSION CK REQUIRED. L/H: #1-78, #2-79, #3-79, #4-78; R/H: #1-78, #2-79, #3-",True,True,none
104121::combined,104121,sensitivity,raw,"FAILED MAG CK ON RUN UP. TRIED FOULED PLUG PROCEDURE, RPM WA RAN A/C, PERFORMED GROUND RUN. ALL PARAMETERS W/IN CHEC","FAILED MAGNETO CHECK ON RUN UP. TRIED FOULED PLUG PROCEDURE. RAN AIRCRAFT, PERFORMED GROUND RUN. ALL PARAMETERS WITHIN CHECK","FAILED MAG CK ON RUN UP. TRIED FOULED PLUG PROCEDURE, RPM WA RAN A/C, PERFORMED GROUND RUN. ALL PARAMETERS W/IN CHEC","FAILED MAG CK ON RUN UP. TRIED FOULED PLUG PROCEDURE, RPM WA RAN A/C, PERFORMED GROUND RUN. ALL PARAMETERS W/IN CHEC",True,True,none
104139::combined,104139,sensitivity,raw,ENGINE QUIT ON LANDING & DURING ENGINE SHUT DOWN. RAN UP A/C & WAS UNABLE TO DUPLICATE DISCREPANCY. OPS C,ENGINE QUIT ON LANDING AND DURING ENGINE SHUTDOWN. RAN UP AIRCRAFT AND WAS UNABLE TO DUPLICATE DISCREPANCY. OPERATIONS CHECK GOOD,ENGINE QUIT ON LANDING & DURING ENGINE SHUT DOWN. RAN UP A/C & WAS UNABLE TO DUPLICATE DISCREPANCY. OPS C,ENGINE QUIT ON LANDING & DURING ENGINE SHUT DOWN. RAN UP A/C & WAS UNABLE TO DUPLICATE DISCREPANCY. OPS C,True,True,none
104143::combined,104143,sensitivity,raw,"R/H ENG #2 COMPRESSION 55 LBS (RINGS LEAKING). RAN UP 2ND TIME, TEMPS NORMAL & PRESSURES NORMAL. NO CH","RIGHT-HAND ENGINE NUMBER TWO COMPRESSION FIFTY FIVE POUNDS, RINGS LEAKING. RAN UP SECOND TIME, TEMPERATURES NORMAL AND PRESSURES NORMAL.","R/H ENG #2 COMPRESSION 55 LBS (RINGS LEAKING). RAN UP 2ND TIME, TEMPS NORMAL & PRESSURES NORMAL. NO CH","R/H ENG #2 COMPRESSION 55 LBS (RINGS LEAKING). RAN UP 2ND TIME, TEMPS NORMAL & PRESSURES NORMAL. NO CH",True,True,none
104145::combined,104145,sensitivity,raw,"WHEN PULLED BACK THROTTLE HARD IDLE SEVERAL SECONDS, ENGINE RAN A/C, PERFORMED SEASONAL ADJUSTMENT, OPS CK GOOD.","WHEN PULLED BACK THROTTLE HARD IDLE SEVERAL SECONDS. RAN AIRCRAFT, PERFORMED SEASONAL ADJUSTMENT, OPERATIONS CHECK GOOD.","WHEN PULLED BACK THROTTLE HARD IDLE SEVERAL SECONDS, ENGINE RAN A/C, PERFORMED SEASONAL ADJUSTMENT, OPS CK GOOD.","WHEN PULLED BACK THROTTLE HARD IDLE SEVERAL SECONDS, ENGINE RAN A/C, PERFORMED SEASONAL ADJUSTMENT, OPS CK GOOD.",True,True,none
104150::combined,104150,sensitivity,raw,#1 CYL AFT PUSH ROD TUBE STAND OFF RIVET NEEDS TO BE SQUEEZE SQUEEZED RIVET.,NUMBER ONE CYLINDER AFT PUSH ROD TUBE STANDOFF RIVET NEEDS TO BE SQUEEZED. SQUEEZED RIVET.,#1 CYL AFT PUSH ROD TUBE STAND OFF RIVET NEEDS TO BE SQUEEZE SQUEEZED RIVET.,#1 CYL AFT PUSH ROD TUBE STAND OFF RIVET NEEDS TO BE SQUEEZE SQUEEZED RIVET.,True,True,none
104163::combined,104163,sensitivity,raw,"#2 & 4 INTAKE GASKETS LEAKING, L/H ENGINE. REMOVED BOTTOM COWL, REMOVED & REPLACED GASKETS. INSTAL","NUMBER TWO AND NUMBER FOUR INTAKE GASKETS LEAKING, LEFT-HAND ENGINE. REMOVED BOTTOM COWL, REMOVED AND REPLACED GASKETS.","#2 & 4 INTAKE GASKETS LEAKING, L/H ENGINE. REMOVED BOTTOM COWL, REMOVED & REPLACED GASKETS. INSTAL","#2 & 4 INTAKE GASKETS LEAKING, L/H ENGINE. REMOVED BOTTOM COWL, REMOVED & REPLACED GASKETS. INSTAL",True,True,none
104164::combined,104164,sensitivity,raw,"DURING SHUT DOWN, WHEN THROTTLE WAS PULLED TO IDLE, RPM WOUL PERFORMED GROUND RUN UP, PERFORMED SEASONAL ADJUSTMENT.","DURING SHUTDOWN, WHEN THROTTLE WAS PULLED TO IDLE, RPM WOULD FLUCTUATE. PERFORMED GROUND RUN UP, PERFORMED SEASONAL ADJUSTMENT.","DURING SHUT DOWN, WHEN THROTTLE WAS PULLED TO IDLE, RPM WOUL PERFORMED GROUND RUN UP, PERFORMED SEASONAL ADJUSTMENT.","DURING SHUT DOWN, WHEN THROTTLE WAS PULLED TO IDLE, RPM WOUL PERFORMED GROUND RUN UP, PERFORMED SEASONAL ADJUSTMENT.",True,True,none
104167::combined,104167,sensitivity,raw,"#3 & 4 INTAKES LEAKING ON R/H ENGINE. REMOVED INTAKE TUBES, CLEANED TUBES & CYLINDER INTAKE F","NUMBER THREE AND NUMBER FOUR INTAKES LEAKING ON RIGHT-HAND ENGINE. REMOVED INTAKE TUBES, CLEANED TUBES AND CYLINDER INTAKE","#3 & 4 INTAKES LEAKING ON R/H ENGINE. REMOVED INTAKE TUBES, CLEANED TUBES & CYLINDER INTAKE F","#3 & 4 INTAKES LEAKING ON R/H ENGINE. REMOVED INTAKE TUBES, CLEANED TUBES & CYLINDER INTAKE F",True,True,none
104174::combined,104174,sensitivity,raw,"ROUGH ENGINE START UNUSUAL INDICATION CYL #4, LOWER TEMPERAT RAN A/C, LEAK CK'ED. OPS & LEAK CK GOOD.","ROUGH ENGINE START UNUSUAL INDICATION CYLINDER NUMBER FOUR, LOWER TEMPERATURE. RAN AIRCRAFT, LEAK CHECKED. OPERATIONS AND LEAK CHECK GOOD.","ROUGH ENGINE START UNUSUAL INDICATION CYL #4, LOWER TEMPERAT RAN A/C, LEAK CK'ED. OPS & LEAK CK GOOD.","ROUGH ENGINE START UNUSUAL INDICATION CYL #4, LOWER TEMPERAT RAN A/C, LEAK CK'ED. OPS & LEAK CK GOOD.",True,True,none
104175::combined,104175,sensitivity,raw,"ROUGH ENGINE START UNUSUAL INDICATION CYL #4, LOWER TEMPERAT CYL #4 COMPRESSION TEST FAILED, NO CYL COMPRESSION NOTE","ROUGH ENGINE START UNUSUAL INDICATION CYLINDER NUMBER FOUR, LOWER TEMPERATURE. CYLINDER NUMBER FOUR COMPRESSION TEST FAILED, NO CYLINDER COMPRESSION NOTED.","ROUGH ENGINE START UNUSUAL INDICATION CYL #4, LOWER TEMPERAT CYL #4 COMPRESSION TEST FAILED, NO CYL COMPRESSION NOTE","ROUGH ENGINE START UNUSUAL INDICATION CYL #4, LOWER TEMPERAT CYL #4 COMPRESSION TEST FAILED, NO CYL COMPRESSION NOTE",True,True,none
104176::combined,104176,sensitivity,raw,"ROUGH ENGINE START UNUSUAL INDICATION CYL #4, LOWER TEMPERAT CONFIRMED. REMOVED #4 CYL. FOUND EXHAUST VALVE STUCK. R","ROUGH ENGINE START UNUSUAL INDICATION CYLINDER NUMBER FOUR, LOWER TEMPERATURE. CONFIRMED. REMOVED NUMBER FOUR CYLINDER. FOUND EXHAUST VALVE STUCK.","ROUGH ENGINE START UNUSUAL INDICATION CYL #4, LOWER TEMPERAT CONFIRMED. REMOVED #4 CYL. FOUND EXHAUST VALVE STUCK. R","ROUGH ENGINE START UNUSUAL INDICATION CYL #4, LOWER TEMPERAT CONFIRMED. REMOVED #4 CYL. FOUND EXHAUST VALVE STUCK. R",True,True,none
104177::combined,104177,sensitivity,raw,"ROUGH ENGINE START UNUSUAL INDICATION CYL #4, LOWER TEMPERAT PERFORMED GROUND RUN, OPS CK'ED GOOD, BUT FOUND EVIDENC","ROUGH ENGINE START UNUSUAL INDICATION CYLINDER NUMBER FOUR, LOWER TEMPERATURE. PERFORMED GROUND RUN, OPERATIONS CHECKED GOOD, BUT FOUND EVIDENCE","ROUGH ENGINE START UNUSUAL INDICATION CYL #4, LOWER TEMPERAT PERFORMED GROUND RUN, OPS CK'ED GOOD, BUT FOUND EVIDENC","ROUGH ENGINE START UNUSUAL INDICATION CYL #4, LOWER TEMPERAT PERFORMED GROUND RUN, OPS CK'ED GOOD, BUT FOUND EVIDENC",True,True,none
104185::combined,104185,sensitivity,raw,L/H ENG OIL COOLER HOSE IS POSITIONED TOO CLOSE TO OIL FILTE LEAK CK GOOD.,LEFT-HAND ENGINE OIL COOLER HOSE IS POSITIONED TOO CLOSE TO OIL FILTER. LEAK CHECK GOOD.,L/H ENG OIL COOLER HOSE IS POSITIONED TOO CLOSE TO OIL FILTE LEAK CK GOOD.,L/H ENG OIL COOLER HOSE IS POSITIONED TOO CLOSE TO OIL FILTE LEAK CK GOOD.,True,True,none
104186::combined,104186,sensitivity,raw,L/H ENG OIL COOLER HOSE IS POSITIONED TOO CLOSE TO OIL FILTE REPOSITIONED HOSE.,LEFT-HAND ENGINE OIL COOLER HOSE IS POSITIONED TOO CLOSE TO OIL FILTER. REPOSITIONED HOSE.,L/H ENG OIL COOLER HOSE IS POSITIONED TOO CLOSE TO OIL FILTE REPOSITIONED HOSE.,L/H ENG OIL COOLER HOSE IS POSITIONED TOO CLOSE TO OIL FILTE REPOSITIONED HOSE.,True,True,none
104197::combined,104197,sensitivity,raw,"L/H ENG COMPRESSOR HAS 1 BLADE W/ SMALL NICK. DRESSED OUT NICK, WELL UNDER ACCEPTABLE LIMITS IAW MAIN","LEFT-HAND ENGINE COMPRESSOR HAS ONE BLADE WITH SMALL NICK. DRESSED OUT NICK, WELL UNDER ACCEPTABLE LIMITS IN ACCORDANCE WITH MAINTENANCE MANUAL","L/H ENG COMPRESSOR HAS 1 BLADE W/ SMALL NICK. DRESSED OUT NICK, WELL UNDER ACCEPTABLE LIMITS IAW MAIN","L/H ENG COMPRESSOR HAS 1 BLADE W/ SMALL NICK. DRESSED OUT NICK, WELL UNDER ACCEPTABLE LIMITS IAW MAIN",True,True,none
104198::combined,104198,sensitivity,raw,MOUNTS FOR L/H & R/H OIL/TORQUEMETER MOUNTS CRACKED. REPLACED L/H & R/H MOUNTING GROMMETS FOR TOQUEMETER BLO,"MOUNTS FOR LEFT-HAND AND RIGHT-HAND OIL, TORQUEMETER MOUNTS CRACKED. REPLACED LEFT-HAND AND RIGHT-HAND MOUNTING GROMMETS FOR TOQUEMETER",MOUNTS FOR L/H & R/H OIL/TORQUEMETER MOUNTS CRACKED. REPLACED L/H & R/H MOUNTING GROMMETS FOR TOQUEMETER BLO,MOUNTS FOR L/H & R/H OIL/TORQUEMETER MOUNTS CRACKED. REPLACED L/H & R/H MOUNTING GROMMETS FOR TOQUEMETER BLO,True,True,none
104202::combined,104202,sensitivity,raw,SIGNS OF OIL LEAKING FROM FWD ENGINE CASE BOLTS AT MAIN CRAN RETORQUED BOLTS.,SIGNS OF OIL LEAKING FROM FORWARD ENGINE CASE BOLTS AT MAIN CRANKSHAFT. RETORQUED BOLTS.,SIGNS OF OIL LEAKING FROM FWD ENGINE CASE BOLTS AT MAIN CRAN RETORQUED BOLTS.,SIGNS OF OIL LEAKING FROM FWD ENGINE CASE BOLTS AT MAIN CRAN RETORQUED BOLTS.,True,True,none
104220::combined,104220,sensitivity,raw,"#2 CYL BAFFLE BARREL NUT & SCREW MISSING. INSTALLED NEW NUT, PLUG & HARDWARE ON #2 CYL FOR #2 CYL","NUMBER TWO CYLINDER BAFFLE BARREL NUT AND SCREW MISSING. INSTALLED NEW NUT, PLUG AND HARDWARE ON NUMBER TWO CYLINDER FOR NUMBER TWO CYLINDER","#2 CYL BAFFLE BARREL NUT & SCREW MISSING. INSTALLED NEW NUT, PLUG & HARDWARE ON #2 CYL FOR #2 CYL","#2 CYL BAFFLE BARREL NUT & SCREW MISSING. INSTALLED NEW NUT, PLUG & HARDWARE ON #2 CYL FOR #2 CYL",True,True,none
104221::combined,104221,sensitivity,raw,"SMALL FWD SCREEN ON FUEL INJECTOR NEEDS TO BE CLEANED. REMOVED, CLEANED, INSPECTED, REINSTALLED SMALL FWD SCRE","SMALL FORWARD SCREEN ON FUEL INJECTOR NEEDS TO BE CLEANED. REMOVED, CLEANED, INSPECTED, REINSTALLED SMALL FORWARD SCREEN","SMALL FWD SCREEN ON FUEL INJECTOR NEEDS TO BE CLEANED. REMOVED, CLEANED, INSPECTED, REINSTALLED SMALL FWD SCRE","SMALL FWD SCREEN ON FUEL INJECTOR NEEDS TO BE CLEANED. REMOVED, CLEANED, INSPECTED, REINSTALLED SMALL FWD SCRE",True,True,none
104247::combined,104247,sensitivity,raw,"#4 CYL COMPRESSION @ ZERO PSI. COMPLETED INSTALL OF BAFFLES, LINES, PLUG WIRING & INTA","NUMBER FOUR CYLINDER COMPRESSION AT ZERO PSI. COMPLETED INSTALL OF BAFFLES, LINES, PLUG WIRING AND INTAKE MANIFOLD","#4 CYL COMPRESSION @ ZERO PSI. COMPLETED INSTALL OF BAFFLES, LINES, PLUG WIRING & INTA","#4 CYL COMPRESSION @ ZERO PSI. COMPLETED INSTALL OF BAFFLES, LINES, PLUG WIRING & INTA",True,True,none
104253::combined,104253,sensitivity,raw,"TOP ENGINE CASE BOLT IS LEAKING. REMOVED BOLT, INSTALLED HIGH TEMP SILICONE, INSTALLED B","TOP ENGINE CASE BOLT IS LEAKING. REMOVED BOLT, INSTALLED HIGH TEMPERATURE SILICONE, INSTALLED BOLT","TOP ENGINE CASE BOLT IS LEAKING. REMOVED BOLT, INSTALLED HIGH TEMP SILICONE, INSTALLED B","TOP ENGINE CASE BOLT IS LEAKING. REMOVED BOLT, INSTALLED HIGH TEMP SILICONE, INSTALLED B",True,True,none
104258::combined,104258,sensitivity,raw,OVERSPEED PROP FOR APPROX 3 SECONDS. C/W ENGINE INSP AFTER OVERSPEED. COMPRESSIONS:,OVERSPEED PROPELLER FOR APPROXIMATELY THREE SECONDS. COMPLIED WITH REFERENCE MANUAL ENGINE INSPECTED AFTER OVERSPEED.,OVERSPEED PROP FOR APPROX 3 SECONDS. C/W ENGINE INSP AFTER OVERSPEED. COMPRESSIONS:,OVERSPEED PROP FOR APPROX 3 SECONDS. C/W ENGINE INSP AFTER OVERSPEED. COMPRESSIONS:,True,True,none
104259::combined,104259,sensitivity,raw,OVERSPEED PROP FOR APPROX 3 SECONDS. DOWN LOAD DATA & FOUND OVESPEED TO BE BETWEEN 5 & 10% I,OVERSPEED PROPELLER FOR APPROXIMATELY THREE SECONDS. DOWNLOAD DATA AND FOUND OVESPEED TO BE BETWEEN FIVE AND TEN PERCENT,OVERSPEED PROP FOR APPROX 3 SECONDS. DOWN LOAD DATA & FOUND OVESPEED TO BE BETWEEN 5 & 10% I,OVERSPEED PROP FOR APPROX 3 SECONDS. DOWN LOAD DATA & FOUND OVESPEED TO BE BETWEEN 5 & 10% I,True,True,none
104270::combined,104270,sensitivity,raw,"WORN GROMMET ON ENGINE AFT BAFFLE, ON GROMMET HOLE FOR OIL P INSTALLED NEW GROMMET.","WORN GROMMET ON ENGINE AFT BAFFLE, ON GROMMET HOLE FOR OIL PUMP. INSTALLED NEW GROMMET.","WORN GROMMET ON ENGINE AFT BAFFLE, ON GROMMET HOLE FOR OIL P INSTALLED NEW GROMMET.","WORN GROMMET ON ENGINE AFT BAFFLE, ON GROMMET HOLE FOR OIL P INSTALLED NEW GROMMET.",True,True,none
104275::combined,104275,sensitivity,raw,"#4 CYL BAFFLE HOLE WORN. RIVETED PATCH ON BAFFLE. RIVETING DONE IAW ,","NUMBER FOUR CYLINDER BAFFLE HOLE WORN. RIVETED PATCH ON BAFFLE. RIVETING DONE IN ACCORDANCE WITH REFERENCE MANUAL ,","#4 CYL BAFFLE HOLE WORN. RIVETED PATCH ON BAFFLE. RIVETING DONE IAW ,","#4 CYL BAFFLE HOLE WORN. RIVETED PATCH ON BAFFLE. RIVETING DONE IAW ,",True,True,none
104292::combined,104292,sensitivity,raw,R/H AFT BAFFLE BRACKET LOOSE. REMOVED #4 AFT BAFFLE FROM ENGINE. RESECURED BRACKET &,RIGHT-HAND AFT BAFFLE BRACKET LOOSE. REMOVED NUMBER FOUR AFT BAFFLE FROM ENGINE. RESECURED BRACKET,R/H AFT BAFFLE BRACKET LOOSE. REMOVED #4 AFT BAFFLE FROM ENGINE. RESECURED BRACKET &,R/H AFT BAFFLE BRACKET LOOSE. REMOVED #4 AFT BAFFLE FROM ENGINE. RESECURED BRACKET &,True,True,none
104317::combined,104317,sensitivity,raw,"PROP OVERSPEED, 2720 RPM FOR 1 SECOND. RESEARCHED FDM CARD DATA & FOUND RPM TO REACH 2723. LES","PROPELLER OVERSPEED, TWENTY SEVEN HUNDRED AND TWENTY RPM FOR ONE SECOND. RESEARCHED FDM CARD DATA AND FOUND RPM TO REACH TWENTY SEVEN HUNDRED AND TWENTY THREE.","PROP OVERSPEED, 2720 RPM FOR 1 SECOND. RESEARCHED FDM CARD DATA & FOUND RPM TO REACH 2723. LES","PROP OVERSPEED, 2720 RPM FOR 1 SECOND. RESEARCHED FDM CARD DATA & FOUND RPM TO REACH 2723. LES",True,True,none
104329::combined,104329,sensitivity,raw,RPM OVERSPEED. C/W LYCOMING INSP FOR LESS THAN 5% OVERSPEED. V,RPM OVERSPEED. COMPLIED WITH LYCOMING INSPECTION FOR LESS THAN FIVE PERCENT OVERSPEED.,RPM OVERSPEED. C/W LYCOMING INSP FOR LESS THAN 5% OVERSPEED. V,RPM OVERSPEED. C/W LYCOMING INSP FOR LESS THAN 5% OVERSPEED. V,True,True,none
104364::combined,104364,sensitivity,raw,"R/H ENGINE #4 CYL LOW ON COMPRESSION (30 LBS). INSTALLED REPAIRED CYL ASSY, FOUND EXHAUST LIFTER TO BE","RIGHT-HAND ENGINE NUMBER FOUR CYLINDER LOW ON COMPRESSION, THIRTY POUNDS. INSTALLED REPAIRED CYLINDER ASSEMBLY, FOUND EXHAUST LIFTER TO BE DAMAGED","R/H ENGINE #4 CYL LOW ON COMPRESSION (30 LBS). INSTALLED REPAIRED CYL ASSY, FOUND EXHAUST LIFTER TO BE","R/H ENGINE #4 CYL LOW ON COMPRESSION (30 LBS). INSTALLED REPAIRED CYL ASSY, FOUND EXHAUST LIFTER TO BE",True,True,none
104369::combined,104369,sensitivity,raw,"#4 CYL HAS LOW COMPRESSION, LEAKING THROUGH EXHAUST VALVE (2 LEAK CK GOOD.","NUMBER FOUR CYLINDER HAS LOW COMPRESSION, LEAKING THROUGH EXHAUST VALVE. LEAK CHECK GOOD.","#4 CYL HAS LOW COMPRESSION, LEAKING THROUGH EXHAUST VALVE (2 LEAK CK GOOD.","#4 CYL HAS LOW COMPRESSION, LEAKING THROUGH EXHAUST VALVE (2 LEAK CK GOOD.",True,True,none
104370::combined,104370,sensitivity,raw,"#4 CYL HAS LOW COMPRESSION, LEAKING THROUGH EXHAUST VALVE (2 STARTED TO REMOVE #4 BAFFLES.","NUMBER FOUR CYLINDER HAS LOW COMPRESSION, LEAKING THROUGH EXHAUST VALVE. STARTED TO REMOVE NUMBER FOUR BAFFLES.","#4 CYL HAS LOW COMPRESSION, LEAKING THROUGH EXHAUST VALVE (2 STARTED TO REMOVE #4 BAFFLES.","#4 CYL HAS LOW COMPRESSION, LEAKING THROUGH EXHAUST VALVE (2 STARTED TO REMOVE #4 BAFFLES.",True,True,none
104371::combined,104371,sensitivity,raw,"#4 CYL HAS LOW COMPRESSION, LEAKING THROUGH EXHAUST VALVE (2 FINISHED REMOVING CYL ASSY. INSTALLED REPAIRED CYL ASSY","NUMBER FOUR CYLINDER HAS LOW COMPRESSION, LEAKING THROUGH EXHAUST VALVE. FINISHED REMOVING CYLINDER ASSEMBLY. INSTALLED REPAIRED CYLINDER ASSEMBLY","#4 CYL HAS LOW COMPRESSION, LEAKING THROUGH EXHAUST VALVE (2 FINISHED REMOVING CYL ASSY. INSTALLED REPAIRED CYL ASSY","#4 CYL HAS LOW COMPRESSION, LEAKING THROUGH EXHAUST VALVE (2 FINISHED REMOVING CYL ASSY. INSTALLED REPAIRED CYL ASSY",True,True,none
104372::combined,104372,sensitivity,raw,"#4 CYL HAS LOW COMPRESSION, LEAKING THROUGH EXHAUST VALVE (2 RECK'ED CLEARANCE, FOUND W/IN SPECS. STARTED INSTALLING","NUMBER FOUR CYLINDER HAS LOW COMPRESSION, LEAKING THROUGH EXHAUST VALVE. RECHECKED CLEARANCE, FOUND WITHIN SPECS. STARTED INSTALLING","#4 CYL HAS LOW COMPRESSION, LEAKING THROUGH EXHAUST VALVE (2 RECK'ED CLEARANCE, FOUND W/IN SPECS. STARTED INSTALLING","#4 CYL HAS LOW COMPRESSION, LEAKING THROUGH EXHAUST VALVE (2 RECK'ED CLEARANCE, FOUND W/IN SPECS. STARTED INSTALLING",True,True,none
104373::combined,104373,sensitivity,raw,"#4 CYL HAS LOW COMPRESSION, LEAKING THROUGH EXHAUST VALVE (2 REINSTALLED INTAKE, ROCKER COVER, EXHAUST & REROUTED HA","NUMBER FOUR CYLINDER HAS LOW COMPRESSION, LEAKING THROUGH EXHAUST VALVE. REINSTALLED INTAKE, ROCKER COVER, EXHAUST","#4 CYL HAS LOW COMPRESSION, LEAKING THROUGH EXHAUST VALVE (2 REINSTALLED INTAKE, ROCKER COVER, EXHAUST & REROUTED HA","#4 CYL HAS LOW COMPRESSION, LEAKING THROUGH EXHAUST VALVE (2 REINSTALLED INTAKE, ROCKER COVER, EXHAUST & REROUTED HA",True,True,none
104399::combined,104399,sensitivity,raw,"BOLT LEAKING ON TOP OF ENGINE. RESEALED BOLT & APPLIED HIGH TEMP RTB TO TOP OF CASE, A",BOLT LEAKING ON TOP OF ENGINE. RESEALED BOLT AND APPLIED HIGH TEMPERATURE RTV TO TOP OF CASE,"BOLT LEAKING ON TOP OF ENGINE. RESEALED BOLT & APPLIED HIGH TEMP RTB TO TOP OF CASE, A","BOLT LEAKING ON TOP OF ENGINE. RESEALED BOLT & APPLIED HIGH TEMP RTB TO TOP OF CASE, A",True,True,none
104405::combined,104405,sensitivity,raw,"AT FULL THROTTLE; THERE WAS ENGINE ROUGHNESS. RAN UP A/C, CK'ED IDLE, MIXTURE & FULL THROTTLE OPERATI","AT FULL THROTTLE; THERE WAS ENGINE ROUGHNESS. RAN UP AIRCRAFT, CHECKED IDLE, MIXTURE AND FULL THROTTLE OPERATION","AT FULL THROTTLE; THERE WAS ENGINE ROUGHNESS. RAN UP A/C, CK'ED IDLE, MIXTURE & FULL THROTTLE OPERATI","AT FULL THROTTLE; THERE WAS ENGINE ROUGHNESS. RAN UP A/C, CK'ED IDLE, MIXTURE & FULL THROTTLE OPERATI",True,True,none
104416::combined,104416,sensitivity,raw,ENGINE BREAK-IN FLIGHT REQUIRED IAW FOR CYLINDER CH FOR FLIGHT.,ENGINE BREAK-IN FLIGHT REQUIRED IN ACCORDANCE WITH REFERENCE MANUAL FOR CYLINDER CHECK. FOR FLIGHT.,ENGINE BREAK-IN FLIGHT REQUIRED IAW FOR CYLINDER CH FOR FLIGHT.,ENGINE BREAK-IN FLIGHT REQUIRED IAW FOR CYLINDER CH FOR FLIGHT.,True,True,none
104452::combined,104452,sensitivity,raw,"R/H ENG #3 CYL HAS LOW COMPRESSION (58/80). RAN UP A/C, PERFORMED COMPRESSION CK. STAKED EXHAUST VA","RIGHT-HAND ENGINE NUMBER THREE CYLINDER HAS LOW COMPRESSION, FIFTY EIGHT OUT OF EIGHTY. RAN UP AIRCRAFT, PERFORMED COMPRESSION CHECK. STAKED EXHAUST VALVE","R/H ENG #3 CYL HAS LOW COMPRESSION (58/80). RAN UP A/C, PERFORMED COMPRESSION CK. STAKED EXHAUST VA","R/H ENG #3 CYL HAS LOW COMPRESSION (58/80). RAN UP A/C, PERFORMED COMPRESSION CK. STAKED EXHAUST VA",True,True,none
104473::combined,104473,sensitivity,raw,"AFTER START, ENG RAN ROUGH. RPM OVER 1000, ENG WOULD SPUTTER RAN UP TO OPERATING TEMPS, ENGINE RAN SMOOTH THROUGH AL","AFTER START, ENGINE RAN ROUGH. RPM OVER ONE THOUSAND, ENGINE WOULD SPUTTER. RAN UP TO OPERATING TEMPERATURES, ENGINE RAN SMOOTH THROUGH ALL","AFTER START, ENG RAN ROUGH. RPM OVER 1000, ENG WOULD SPUTTER RAN UP TO OPERATING TEMPS, ENGINE RAN SMOOTH THROUGH AL","AFTER START, ENG RAN ROUGH. RPM OVER 1000, ENG WOULD SPUTTER RAN UP TO OPERATING TEMPS, ENGINE RAN SMOOTH THROUGH AL",True,True,none
104474::combined,104474,sensitivity,raw,"IDLE CK RPM DECREASED TO ZERO. RAN UP TO TEMPS, CLEARED PLUGS, OPS CK'ED GOOD W/ GOOD","IDLE CHECK RPM DECREASED TO ZERO. RAN UP TO TEMPERATURES, CLEARED PLUGS, OPERATIONS CHECKED GOOD","IDLE CK RPM DECREASED TO ZERO. RAN UP TO TEMPS, CLEARED PLUGS, OPS CK'ED GOOD W/ GOOD","IDLE CK RPM DECREASED TO ZERO. RAN UP TO TEMPS, CLEARED PLUGS, OPS CK'ED GOOD W/ GOOD",True,True,none
104489::combined,104489,sensitivity,raw,"#2 CYL FAILED @ .031"". DISASSEMBLED ENGINE AS NECESSARY TO REMOVE CYL. INSTALL",NUMBER TWO CYLINDER FAILED AT POINT ZERO THREE ONE INCHES. DISASSEMBLED ENGINE AS NECESSARY TO REMOVE CYLINDER. INSTALLED NEW CYLINDER,"#2 CYL FAILED @ .031"". DISASSEMBLED ENGINE AS NECESSARY TO REMOVE CYL. INSTALL","#2 CYL FAILED @ .031"". DISASSEMBLED ENGINE AS NECESSARY TO REMOVE CYL. INSTALL",True,True,none
104490::combined,104490,sensitivity,raw,"#3 CYL FAILED @ .032"". DISASSEMBLED ENGINE. REMOVED CYLINDER. INSTALLED CYL KI",NUMBER THREE CYLINDER FAILED AT POINT ZERO THREE TWO INCHES. DISASSEMBLED ENGINE. REMOVED CYLINDER. INSTALLED CYLINDER KIT,"#3 CYL FAILED @ .032"". DISASSEMBLED ENGINE. REMOVED CYLINDER. INSTALLED CYL KI","#3 CYL FAILED @ .032"". DISASSEMBLED ENGINE. REMOVED CYLINDER. INSTALLED CYL KI",True,True,none
104491::combined,104491,sensitivity,raw,"#4 CYL FAILED @ .033"". DISASSEMBLED ENGINE. REMOVED CYLINDER. INSTALLED CYL KI",NUMBER FOUR CYLINDER FAILED AT POINT ZERO THREE THREE INCHES. DISASSEMBLED ENGINE. REMOVED CYLINDER. INSTALLED CYLINDER KIT,"#4 CYL FAILED @ .033"". DISASSEMBLED ENGINE. REMOVED CYLINDER. INSTALLED CYL KI","#4 CYL FAILED @ .033"". DISASSEMBLED ENGINE. REMOVED CYLINDER. INSTALLED CYL KI",True,True,none
104492::combined,104492,sensitivity,raw,"#3 CYL FAILED @ .032"". REASSEMBLED CYL. EXHAUST PUSH ROD TOO SHORT. REPLACED P",NUMBER THREE CYLINDER FAILED AT POINT ZERO THREE TWO INCHES. REASSEMBLED CYLINDER. EXHAUST PUSH ROD TOO SHORT. REPLACED PUSH ROD,"#3 CYL FAILED @ .032"". REASSEMBLED CYL. EXHAUST PUSH ROD TOO SHORT. REPLACED P","#3 CYL FAILED @ .032"". REASSEMBLED CYL. EXHAUST PUSH ROD TOO SHORT. REPLACED P",True,True,none
104493::combined,104493,sensitivity,raw,"#1 CYL VALVE GUIDE FAILED @ .035"". DISASSEMBLED ENGINE AS NECESSARY TO REMOVE CYL. INSTALL",NUMBER ONE CYLINDER VALVE GUIDE FAILED AT POINT ZERO THREE FIVE INCHES. DISASSEMBLED ENGINE AS NECESSARY TO REMOVE CYLINDER. INSTALLED NEW VALVE GUIDE,"#1 CYL VALVE GUIDE FAILED @ .035"". DISASSEMBLED ENGINE AS NECESSARY TO REMOVE CYL. INSTALL","#1 CYL VALVE GUIDE FAILED @ .035"". DISASSEMBLED ENGINE AS NECESSARY TO REMOVE CYL. INSTALL",True,True,none
104494::combined,104494,sensitivity,raw,"#1 CYL VALVE GUIDE FAILED @ .035"". COMPLETED REASSEMBLY, EXHAUST PUSH ROD TOO SHORT. REPLA","NUMBER ONE CYLINDER VALVE GUIDE FAILED AT POINT ZERO THREE FIVE INCHES. COMPLETED REASSEMBLY, EXHAUST PUSH ROD TOO SHORT. REPLACED PUSH ROD","#1 CYL VALVE GUIDE FAILED @ .035"". COMPLETED REASSEMBLY, EXHAUST PUSH ROD TOO SHORT. REPLA","#1 CYL VALVE GUIDE FAILED @ .035"". COMPLETED REASSEMBLY, EXHAUST PUSH ROD TOO SHORT. REPLA",True,True,none
104503::combined,104503,sensitivity,raw,"#2, 4 CYL BAFFLING TENSION RODS NOT CONNECTED. FOUND REAR BAFFLE TENSION ROD TO BE BROKEN, REPLACED TE","NUMBER TWO, AND NUMBER FOUR CYLINDER BAFFLING TENSION RODS NOT CONNECTED. FOUND REAR BAFFLE TENSION ROD TO BE BROKEN, REPLACED TENSION ROD","#2, 4 CYL BAFFLING TENSION RODS NOT CONNECTED. FOUND REAR BAFFLE TENSION ROD TO BE BROKEN, REPLACED TE","#2, 4 CYL BAFFLING TENSION RODS NOT CONNECTED. FOUND REAR BAFFLE TENSION ROD TO BE BROKEN, REPLACED TE",True,True,none
104510::combined,104510,sensitivity,raw,"PROP OVERSPEED 2770 FOR 3+ SECONDS. REVIEWED FDM DATA, SHOWED MOMENTARY RPM OF 2772.5, COMP","PROPELLER OVERSPEED TWENTY SEVEN HUNDRED AND SEVENTY FOR THREE PLUS SECONDS. REVIEWED FDM DATA, SHOWED MOMENTARY RPM OF TWENTY SEVEN HUNDRED AND SEVENTY TWO POINT FIVE","PROP OVERSPEED 2770 FOR 3+ SECONDS. REVIEWED FDM DATA, SHOWED MOMENTARY RPM OF 2772.5, COMP","PROP OVERSPEED 2770 FOR 3+ SECONDS. REVIEWED FDM DATA, SHOWED MOMENTARY RPM OF 2772.5, COMP",True,True,none
104517::combined,104517,sensitivity,raw,"ENGINE IDLES AT APPROXIMATELY 1000 RPM ON LAST DAILY SHUT DO ADJUSTED IDLE ""UP"" TO SPECS, OPS CK GOOD.","ENGINE IDLES AT APPROXIMATELY ONE THOUSAND RPM ON LAST DAILY SHUTDOWN. ADJUSTED IDLE ""UP"" TO SPECS, OPERATIONS CHECK GOOD.","ENGINE IDLES AT APPROXIMATELY 1000 RPM ON LAST DAILY SHUT DO ADJUSTED IDLE ""UP"" TO SPECS, OPS CK GOOD.","ENGINE IDLES AT APPROXIMATELY 1000 RPM ON LAST DAILY SHUT DO ADJUSTED IDLE ""UP"" TO SPECS, OPS CK GOOD.",True,True,none
104536::combined,104536,sensitivity,raw,ALL ENGINE BAFFLING FELT SEALS DAMAGED & ABRASION BUFFER PAD CLEANED ALL BAFFLING OF OLD FELT & ADHESIVE. CLEANED AB,ALL ENGINE BAFFLING FELT SEALS DAMAGED AND ABRASION BUFFER PAD. CLEANED ALL BAFFLING OF OLD FELT AND ADHESIVE. CLEANED ABRASION BUFFER PAD,ALL ENGINE BAFFLING FELT SEALS DAMAGED & ABRASION BUFFER PAD CLEANED ALL BAFFLING OF OLD FELT & ADHESIVE. CLEANED AB,ALL ENGINE BAFFLING FELT SEALS DAMAGED & ABRASION BUFFER PAD CLEANED ALL BAFFLING OF OLD FELT & ADHESIVE. CLEANED AB,True,True,none
104542::combined,104542,sensitivity,raw,"L/H ENG 1ST STAGE COMP BLADE IS NICKED. INSPECTED & RESEARCHED MX HISTORY, VERIFIED TO HAVE BEE",LEFT-HAND ENGINE FIRST STAGE COMPRESSOR BLADE IS NICKED. INSPECTED AND RESEARCHED MAINTENANCE HISTORY,"L/H ENG 1ST STAGE COMP BLADE IS NICKED. INSPECTED & RESEARCHED MX HISTORY, VERIFIED TO HAVE BEE","L/H ENG 1ST STAGE COMP BLADE IS NICKED. INSPECTED & RESEARCHED MX HISTORY, VERIFIED TO HAVE BEE",True,True,none
104545::combined,104545,sensitivity,raw,"WHEN LEANING OUT ENGINE, ENGINE WOULD QUIT & DIE RAN A/C & WARMED ENGINE. ALL CHECKS GOOD. NO DEFECTS FO","WHEN LEANING OUT ENGINE, ENGINE WOULD QUIT AND DIE. RAN AIRCRAFT AND WARMED ENGINE. ALL CHECKS GOOD. NO DEFECTS FOUND","WHEN LEANING OUT ENGINE, ENGINE WOULD QUIT & DIE RAN A/C & WARMED ENGINE. ALL CHECKS GOOD. NO DEFECTS FO","WHEN LEANING OUT ENGINE, ENGINE WOULD QUIT & DIE RAN A/C & WARMED ENGINE. ALL CHECKS GOOD. NO DEFECTS FO",True,True,none
104553::combined,104553,sensitivity,raw,RPM REACHED 2770 IN FLIGHT FOR A FEW SECONDS. ENGINE SPEED DID NOT EXCEED 5% OR RATED ENGINE SPEED IA,RPM REACHED TWENTY SEVEN HUNDRED AND SEVENTY IN FLIGHT FOR A FEW SECONDS. ENGINE SPEED DID NOT EXCEED FIVE PERCENT OR RATED ENGINE SPEED IN ACCORDANCE WITH REFERENCE MANUAL,RPM REACHED 2770 IN FLIGHT FOR A FEW SECONDS. ENGINE SPEED DID NOT EXCEED 5% OR RATED ENGINE SPEED IA,RPM REACHED 2770 IN FLIGHT FOR A FEW SECONDS. ENGINE SPEED DID NOT EXCEED 5% OR RATED ENGINE SPEED IA,True,True,none
104554::combined,104554,sensitivity,raw,"INITIALLY AFTER TAKE OFF, ON CLIMBOUT; EXPERIENCED SUDDEN LO RAN UP A/C, PERFORMED MAG, IDLE/MIXTURE CHECKS MULTIPLE","INITIALLY AFTER TAKE OFF, ON CLIMBOUT; EXPERIENCED SUDDEN LOW POWER. RAN UP AIRCRAFT, PERFORMED MAGNETO, IDLE, MIXTURE CHECKS","INITIALLY AFTER TAKE OFF, ON CLIMBOUT; EXPERIENCED SUDDEN LO RAN UP A/C, PERFORMED MAG, IDLE/MIXTURE CHECKS MULTIPLE","INITIALLY AFTER TAKE OFF, ON CLIMBOUT; EXPERIENCED SUDDEN LO RAN UP A/C, PERFORMED MAG, IDLE/MIXTURE CHECKS MULTIPLE",True,True,none
104571::combined,104571,sensitivity,raw,"#1 CYL EXHAUST VALVE FAILED (EX CLEARANCE .033""). REPLACED CYLINDER W/ NEW CYLINDER. TORQUED TO CASE, STA","NUMBER ONE CYLINDER EXHAUST VALVE FAILED, EXHAUST CLEARANCE POINT ZERO THREE THREE INCHES. REPLACED CYLINDER WITH NEW CYLINDER. TORQUED TO CASE","#1 CYL EXHAUST VALVE FAILED (EX CLEARANCE .033""). REPLACED CYLINDER W/ NEW CYLINDER. TORQUED TO CASE, STA","#1 CYL EXHAUST VALVE FAILED (EX CLEARANCE .033""). REPLACED CYLINDER W/ NEW CYLINDER. TORQUED TO CASE, STA",True,True,none
104572::combined,104572,sensitivity,raw,"#1 CYL EXHAUST VALVE FAILED (EX CLEARANCE .033""). COMPLETED REASSEMBLY, DRY TAPPET CLEARANCE CK GOOD. SER","NUMBER ONE CYLINDER EXHAUST VALVE FAILED, EXHAUST CLEARANCE POINT ZERO THREE THREE INCHES. COMPLETED REASSEMBLY, DRY TAPPET CLEARANCE CHECK GOOD.","#1 CYL EXHAUST VALVE FAILED (EX CLEARANCE .033""). COMPLETED REASSEMBLY, DRY TAPPET CLEARANCE CK GOOD. SER","#1 CYL EXHAUST VALVE FAILED (EX CLEARANCE .033""). COMPLETED REASSEMBLY, DRY TAPPET CLEARANCE CK GOOD. SER",True,True,none
104573::combined,104573,sensitivity,raw,"#2 CYL EXHAUST VALVE FAILED (EX CLEARNACE .035""). REPLACED CYLINDER, TORQUED TO CASE, DRY TAPPET CLEARANC","NUMBER TWO CYLINDER EXHAUST VALVE FAILED, EXHAUST CLEARANCE POINT ZERO THREE FIVE INCHES. REPLACED CYLINDER, TORQUED TO CASE, DRY TAPPET CLEARANCE WITHIN SPECS","#2 CYL EXHAUST VALVE FAILED (EX CLEARNACE .035""). REPLACED CYLINDER, TORQUED TO CASE, DRY TAPPET CLEARANC","#2 CYL EXHAUST VALVE FAILED (EX CLEARNACE .035""). REPLACED CYLINDER, TORQUED TO CASE, DRY TAPPET CLEARANC",True,True,none
104574::combined,104574,sensitivity,raw,"#3 CYL EXHAUST VALVE FAILED (EX CLEARNACE .034""). REPLACED CYLINDER, TORQUED TO CASE, DRY TAPPET CLEARANC","NUMBER THREE CYLINDER EXHAUST VALVE FAILED, EXHAUST CLEARANCE POINT ZERO THREE FOUR INCHES. REPLACED CYLINDER, TORQUED TO CASE, DRY TAPPET CLEARANCE CHECK GOOD","#3 CYL EXHAUST VALVE FAILED (EX CLEARNACE .034""). REPLACED CYLINDER, TORQUED TO CASE, DRY TAPPET CLEARANC","#3 CYL EXHAUST VALVE FAILED (EX CLEARNACE .034""). REPLACED CYLINDER, TORQUED TO CASE, DRY TAPPET CLEARANC",True,True,none
104575::combined,104575,sensitivity,raw,"#4 CYL EXHAUST VALVE FAILED (EX CLEARNACE .033""). REPLACED CYLINDER, TORQUED TO CASE, DRY TAPPET CLEARANC","NUMBER FOUR CYLINDER EXHAUST VALVE FAILED, EXHAUST CLEARANCE POINT ZERO THREE THREE INCHES. REPLACED CYLINDER, TORQUED TO CASE, DRY TAPPET CLEARANCE CHECK GOOD","#4 CYL EXHAUST VALVE FAILED (EX CLEARNACE .033""). REPLACED CYLINDER, TORQUED TO CASE, DRY TAPPET CLEARANC","#4 CYL EXHAUST VALVE FAILED (EX CLEARNACE .033""). REPLACED CYLINDER, TORQUED TO CASE, DRY TAPPET CLEARANC",True,True,none
104585::combined,104585,sensitivity,raw,"OIL FOUND NEAR CYL #2 & 4 INTAKE TUBES. WASHED ENGINE, RAN A/C. OPS & LEAK CK GOOD. NO DISCREPA","OIL FOUND NEAR CYLINDER NUMBER TWO AND NUMBER FOUR INTAKE TUBES. WASHED ENGINE, RAN AIRCRAFT. OPERATIONS AND LEAK CHECK GOOD. NO DISCREPANCY","OIL FOUND NEAR CYL #2 & 4 INTAKE TUBES. WASHED ENGINE, RAN A/C. OPS & LEAK CK GOOD. NO DISCREPA","OIL FOUND NEAR CYL #2 & 4 INTAKE TUBES. WASHED ENGINE, RAN A/C. OPS & LEAK CK GOOD. NO DISCREPA",True,True,none
104595::combined,104595,sensitivity,raw,"DURING CRUISE, THERE WAS A LOUD BANG. DURING WHICH ALTIMETER INSPECTED & FOUND CYL #1 INTAKE TUBE TO BE LOOSE. REMOV","DURING CRUISE, THERE WAS A LOUD BANG. INSPECTED AND FOUND CYLINDER NUMBER ONE INTAKE TUBE TO BE LOOSE.","DURING CRUISE, THERE WAS A LOUD BANG. DURING WHICH ALTIMETER INSPECTED & FOUND CYL #1 INTAKE TUBE TO BE LOOSE. REMOV","DURING CRUISE, THERE WAS A LOUD BANG. DURING WHICH ALTIMETER INSPECTED & FOUND CYL #1 INTAKE TUBE TO BE LOOSE. REMOV",True,True,none
104603::combined,104603,sensitivity,raw,HARD LANDING REPORTED BY TOWER. COMPLETED REASSEMBLY; INCLUDING FUEL LINES AT PUMP. RAN,HARD LANDING REPORTED BY TOWER. COMPLETED REASSEMBLY; INCLUDING FUEL LINES AT PUMP.,HARD LANDING REPORTED BY TOWER. COMPLETED REASSEMBLY; INCLUDING FUEL LINES AT PUMP. RAN,HARD LANDING REPORTED BY TOWER. COMPLETED REASSEMBLY; INCLUDING FUEL LINES AT PUMP. RAN,True,True,none
104604::combined,104604,sensitivity,raw,"L/H MAG, LOWER STUD PULLED OUT FROM CASE. DAMAGED AREA NOT REPAIRABLE. INSTALLED & TORQUED ORIGIN","LEFT-HAND MAGNETO, LOWER STUD PULLED OUT FROM CASE. DAMAGED AREA NOT REPAIRABLE. INSTALLED AND TORQUED ORIGINAL LEFT-HAND MAGNETO","L/H MAG, LOWER STUD PULLED OUT FROM CASE. DAMAGED AREA NOT REPAIRABLE. INSTALLED & TORQUED ORIGIN","L/H MAG, LOWER STUD PULLED OUT FROM CASE. DAMAGED AREA NOT REPAIRABLE. INSTALLED & TORQUED ORIGIN",True,True,none
104622::combined,104622,sensitivity,raw,INSPECTED & FOUND CRANKSHAFT TO BE GOUGED BEHIND CRANKSHAFT ENGIEN RUN & LEAK CK GOOD. FOR BREAK-I,INSPECTED AND FOUND CRANKSHAFT TO BE GOUGED BEHIND CRANKSHAFT. ENGINE RUN AND LEAK CHECK GOOD.,INSPECTED & FOUND CRANKSHAFT TO BE GOUGED BEHIND CRANKSHAFT ENGIEN RUN & LEAK CK GOOD. FOR BREAK-I,INSPECTED & FOUND CRANKSHAFT TO BE GOUGED BEHIND CRANKSHAFT ENGIEN RUN & LEAK CK GOOD. FOR BREAK-I,True,True,none
104623::combined,104623,sensitivity,raw,"INSPECTED & FOUND CRANKSHAFT TO BE GOUGED BEHIND CRANKSHAFT INSTALLED BAFFLES, ROUTED & SECURED ALL ENGINE ELECTRIC","INSPECTED AND FOUND CRANKSHAFT TO BE GOUGED BEHIND CRANKSHAFT. INSTALLED BAFFLES, ROUTED AND SECURED ALL ENGINE ELECTRICAL WIRES","INSPECTED & FOUND CRANKSHAFT TO BE GOUGED BEHIND CRANKSHAFT INSTALLED BAFFLES, ROUTED & SECURED ALL ENGINE ELECTRIC","INSPECTED & FOUND CRANKSHAFT TO BE GOUGED BEHIND CRANKSHAFT INSTALLED BAFFLES, ROUTED & SECURED ALL ENGINE ELECTRIC",True,True,none
104624::combined,104624,sensitivity,raw,INSPECTED & FOUND CRANKSHAFT TO BE GOUGED BEHIND CRANKSHAFT SET ALT BELT TENSION. INSTALLED & TIMED BOTH MAGS TO EN,INSPECTED AND FOUND CRANKSHAFT TO BE GOUGED BEHIND CRANKSHAFT. SET ALTERNATOR BELT TENSION. INSTALLED AND TIMED BOTH MAGNETOS TO ENGINE,INSPECTED & FOUND CRANKSHAFT TO BE GOUGED BEHIND CRANKSHAFT SET ALT BELT TENSION. INSTALLED & TIMED BOTH MAGS TO EN,INSPECTED & FOUND CRANKSHAFT TO BE GOUGED BEHIND CRANKSHAFT SET ALT BELT TENSION. INSTALLED & TIMED BOTH MAGS TO EN,True,True,none
104625::combined,104625,sensitivity,raw,"INSPECTED & FOUND CRANKSHAFT TO BE GOUGED BEHIND CRANKSHAFT REMOVED STARTER, ALTERNATOR & OIL COOLER. UNBOLTED FUEL","INSPECTED AND FOUND CRANKSHAFT TO BE GOUGED BEHIND CRANKSHAFT. REMOVED STARTER, ALTERNATOR AND OIL COOLER. UNBOLTED FUEL PUMP","INSPECTED & FOUND CRANKSHAFT TO BE GOUGED BEHIND CRANKSHAFT REMOVED STARTER, ALTERNATOR & OIL COOLER. UNBOLTED FUEL","INSPECTED & FOUND CRANKSHAFT TO BE GOUGED BEHIND CRANKSHAFT REMOVED STARTER, ALTERNATOR & OIL COOLER. UNBOLTED FUEL",True,True,none
104626::combined,104626,sensitivity,raw,"INSPECTED & FOUND CRANKSHAFT TO BE GOUGED BEHIND CRANKSHAFT REMOVED CYLINDERS, PISTONS, CONNECTING ROD ACCESSORY HO","INSPECTED AND FOUND CRANKSHAFT TO BE GOUGED BEHIND CRANKSHAFT. REMOVED CYLINDERS, PISTONS, CONNECTING ROD","INSPECTED & FOUND CRANKSHAFT TO BE GOUGED BEHIND CRANKSHAFT REMOVED CYLINDERS, PISTONS, CONNECTING ROD ACCESSORY HO","INSPECTED & FOUND CRANKSHAFT TO BE GOUGED BEHIND CRANKSHAFT REMOVED CYLINDERS, PISTONS, CONNECTING ROD ACCESSORY HO",True,True,none
104633::combined,104633,sensitivity,raw,R/H ENG #3 CYL HAS NO COMPRESSION. INSPECTED & FOUND EXHAUST VALVE TO BE BURNT. REMOVED #3,RIGHT-HAND ENGINE NUMBER THREE CYLINDER HAS NO COMPRESSION. INSPECTED AND FOUND EXHAUST VALVE TO BE BURNT. REMOVED NUMBER THREE CYLINDER,R/H ENG #3 CYL HAS NO COMPRESSION. INSPECTED & FOUND EXHAUST VALVE TO BE BURNT. REMOVED #3,R/H ENG #3 CYL HAS NO COMPRESSION. INSPECTED & FOUND EXHAUST VALVE TO BE BURNT. REMOVED #3,True,True,none
104634::combined,104634,sensitivity,raw,"R/H ENG #3 CYL HAS NO COMPRESSION. INSTALLED LONGER PUSH ROD, EXHAUST ALVE LEAK CK GOOD. R","RIGHT-HAND ENGINE NUMBER THREE CYLINDER HAS NO COMPRESSION. INSTALLED LONGER PUSH ROD, EXHAUST VALVE LEAK CHECK GOOD.","R/H ENG #3 CYL HAS NO COMPRESSION. INSTALLED LONGER PUSH ROD, EXHAUST ALVE LEAK CK GOOD. R","R/H ENG #3 CYL HAS NO COMPRESSION. INSTALLED LONGER PUSH ROD, EXHAUST ALVE LEAK CK GOOD. R",True,True,none
104637::combined,104637,sensitivity,raw,"R/H ENG FIREWALL HAS SMALL MARKS BEHIND START/GEN COOLING TU CLEANED UP AREA, FOUND MARKS NEGLIGIBLE. ADJUSTED COOLI","RIGHT-HAND ENGINE FIREWALL HAS SMALL MARKS BEHIND STARTER GENERATOR COOLING TUBE. CLEANED UP AREA, FOUND MARKS NEGLIGIBLE. ADJUSTED COOLING TUBE","R/H ENG FIREWALL HAS SMALL MARKS BEHIND START/GEN COOLING TU CLEANED UP AREA, FOUND MARKS NEGLIGIBLE. ADJUSTED COOLI","R/H ENG FIREWALL HAS SMALL MARKS BEHIND START/GEN COOLING TU CLEANED UP AREA, FOUND MARKS NEGLIGIBLE. ADJUSTED COOLI",True,True,none
104647::combined,104647,sensitivity,raw,"WHILE IN LEVEL FLIGHT, AFTER PERFORMING A FEW HIGH POWER MAN COMPLETED , REASSEMBLED ENGINE BAFFLES. CLEANED","WHILE IN LEVEL FLIGHT, AFTER PERFORMING A FEW HIGH POWER MANEUVERS. COMPLETED , REASSEMBLED ENGINE BAFFLES. CLEANED","WHILE IN LEVEL FLIGHT, AFTER PERFORMING A FEW HIGH POWER MAN COMPLETED , REASSEMBLED ENGINE BAFFLES. CLEANED","WHILE IN LEVEL FLIGHT, AFTER PERFORMING A FEW HIGH POWER MAN COMPLETED , REASSEMBLED ENGINE BAFFLES. CLEANED",True,True,none
104648::combined,104648,sensitivity,raw,"WHILE IN LEVEL FLIGHT, AFTER PERFORMING A FEW HIGH POWER MAN DISASSEMBLED ENGINE BAFFLES AS REQUIRED. BEGAN PERFORMI","WHILE IN LEVEL FLIGHT, AFTER PERFORMING A FEW HIGH POWER MANEUVERS. DISASSEMBLED ENGINE BAFFLES AS REQUIRED.","WHILE IN LEVEL FLIGHT, AFTER PERFORMING A FEW HIGH POWER MAN DISASSEMBLED ENGINE BAFFLES AS REQUIRED. BEGAN PERFORMI","WHILE IN LEVEL FLIGHT, AFTER PERFORMING A FEW HIGH POWER MAN DISASSEMBLED ENGINE BAFFLES AS REQUIRED. BEGAN PERFORMI",True,True,none
104649::combined,104649,sensitivity,raw,"WHILE IN LEVEL FLIGHT, AFTER PERFORMING A FEW HIGH POWER MAN RAN UP ENGINE, LEAK CK GOOD. FOR MX FL","WHILE IN LEVEL FLIGHT, AFTER PERFORMING A FEW HIGH POWER MANEUVERS. RAN UP ENGINE, LEAK CHECK GOOD.","WHILE IN LEVEL FLIGHT, AFTER PERFORMING A FEW HIGH POWER MAN RAN UP ENGINE, LEAK CK GOOD. FOR MX FL","WHILE IN LEVEL FLIGHT, AFTER PERFORMING A FEW HIGH POWER MAN RAN UP ENGINE, LEAK CK GOOD. FOR MX FL",True,True,none
104651::combined,104651,sensitivity,raw,"R/H REAR ENGINE BAFFLE MOUNT LOOSE. REMOVED R/H REAR BAFFLE, REATTACHED BAFFLE MOUNT & REIN","RIGHT-HAND REAR ENGINE BAFFLE MOUNT LOOSE. REMOVED RIGHT-HAND REAR BAFFLE, REATTACHED BAFFLE MOUNT AND REINSTALLED BAFFLE","R/H REAR ENGINE BAFFLE MOUNT LOOSE. REMOVED R/H REAR BAFFLE, REATTACHED BAFFLE MOUNT & REIN","R/H REAR ENGINE BAFFLE MOUNT LOOSE. REMOVED R/H REAR BAFFLE, REATTACHED BAFFLE MOUNT & REIN",True,True,none
104661::combined,104661,sensitivity,raw,"ON START; HEARD A CLICK AS MAGS TRIED TO TURN OVER. STARTED A/C 2 DIFFERENT TIMES, COULD NOT DUPLICATE DISC","ON START; HEARD A CLICK AS MAGNETOS TRIED TO TURN OVER. STARTED AIRCRAFT TWO DIFFERENT TIMES, COULD NOT DUPLICATE DISCREPANCY","ON START; HEARD A CLICK AS MAGS TRIED TO TURN OVER. STARTED A/C 2 DIFFERENT TIMES, COULD NOT DUPLICATE DISC","ON START; HEARD A CLICK AS MAGS TRIED TO TURN OVER. STARTED A/C 2 DIFFERENT TIMES, COULD NOT DUPLICATE DISC",True,True,none
104671::combined,104671,sensitivity,raw,"DURING PREFLIGHT, WHEN ENGINE COVER WAS REMOVED, OIL OBSERVE INSPECTED, FOUND EVIDENCE OF ROCKER COVER GASKETS LEAKI","DURING PREFLIGHT, WHEN ENGINE COVER WAS REMOVED, OIL OBSERVED. INSPECTED, FOUND EVIDENCE OF ROCKER COVER GASKETS LEAKING","DURING PREFLIGHT, WHEN ENGINE COVER WAS REMOVED, OIL OBSERVE INSPECTED, FOUND EVIDENCE OF ROCKER COVER GASKETS LEAKI","DURING PREFLIGHT, WHEN ENGINE COVER WAS REMOVED, OIL OBSERVE INSPECTED, FOUND EVIDENCE OF ROCKER COVER GASKETS LEAKI",True,True,none
104673::combined,104673,sensitivity,raw,"L/H ENG FAILED 3 TIMES AFTER COMING TO A STOP AFTER LANDING. INSPECTED L/H ENGINE, NO DEFECTS FOUND. PERFORMED GROUN","LEFT-HAND ENGINE FAILED THREE TIMES AFTER COMING TO A STOP AFTER LANDING. INSPECTED LEFT-HAND ENGINE, NO DEFECTS FOUND. PERFORMED GROUND RUN","L/H ENG FAILED 3 TIMES AFTER COMING TO A STOP AFTER LANDING. INSPECTED L/H ENGINE, NO DEFECTS FOUND. PERFORMED GROUN","L/H ENG FAILED 3 TIMES AFTER COMING TO A STOP AFTER LANDING. INSPECTED L/H ENGINE, NO DEFECTS FOUND. PERFORMED GROUN",True,True,none
104680::combined,104680,sensitivity,raw,RIGHT ENGINE W/ SUSTAINED OVERSPEED GENERALLY AROUND 2720. A RAN A/C; RPM CHECKS GOOD. FOR MX FLIGH,RIGHT ENGINE WITH SUSTAINED OVERSPEED GENERALLY AROUND TWENTY SEVEN HUNDRED AND TWENTY. A RAN AIRCRAFT; RPM CHECKS GOOD.,RIGHT ENGINE W/ SUSTAINED OVERSPEED GENERALLY AROUND 2720. A RAN A/C; RPM CHECKS GOOD. FOR MX FLIGH,RIGHT ENGINE W/ SUSTAINED OVERSPEED GENERALLY AROUND 2720. A RAN A/C; RPM CHECKS GOOD. FOR MX FLIGH,True,True,none
104681::combined,104681,sensitivity,raw,"R/H ENGINE HAS OIL LEAK ON LIFT BOLT. REMOVED BOLT, APPLIED HIGH TEMP SILICONE & RETORQUED BO","RIGHT-HAND ENGINE HAS OIL LEAK ON LIFT BOLT. REMOVED BOLT, APPLIED HIGH TEMPERATURE SILICONE AND RETORQUED BOLT","R/H ENGINE HAS OIL LEAK ON LIFT BOLT. REMOVED BOLT, APPLIED HIGH TEMP SILICONE & RETORQUED BO","R/H ENGINE HAS OIL LEAK ON LIFT BOLT. REMOVED BOLT, APPLIED HIGH TEMP SILICONE & RETORQUED BO",True,True,none
104691::combined,104691,sensitivity,raw,"#1 CYL EXHAUST VALVE FAILED . INSTALLLED FWD BAFFLE, SIDE BAFFLE, ALTERNATOR & ATTACH","NUMBER ONE CYLINDER EXHAUST VALVE FAILED . INSTALLLED FORWARD BAFFLE, SIDE BAFFLE, ALTERNATOR AND ATTACHING","#1 CYL EXHAUST VALVE FAILED . INSTALLLED FWD BAFFLE, SIDE BAFFLE, ALTERNATOR & ATTACH","#1 CYL EXHAUST VALVE FAILED . INSTALLLED FWD BAFFLE, SIDE BAFFLE, ALTERNATOR & ATTACH",True,True,none
104693::combined,104693,sensitivity,raw,#4 CYL EXHAUST VALVE FAILED . INSTALLED & TORQUED INJECTOR LINE. REINSTALLED #4 CYL &,NUMBER FOUR CYLINDER EXHAUST VALVE FAILED . INSTALLED AND TORQUED INJECTOR LINE. REINSTALLED NUMBER FOUR CYLINDER,#4 CYL EXHAUST VALVE FAILED . INSTALLED & TORQUED INJECTOR LINE. REINSTALLED #4 CYL &,#4 CYL EXHAUST VALVE FAILED . INSTALLED & TORQUED INJECTOR LINE. REINSTALLED #4 CYL &,True,True,none
104694::combined,104694,sensitivity,raw,#4 CYL EXHAUST VALVE FAILED . REMOVED #4 CYL SIDE & AFT BAFFLE. REMOVED #4 INJECTOR L,NUMBER FOUR CYLINDER EXHAUST VALVE FAILED . REMOVED NUMBER FOUR CYLINDER SIDE AND AFT BAFFLE. REMOVED NUMBER FOUR INJECTOR LINE,#4 CYL EXHAUST VALVE FAILED . REMOVED #4 CYL SIDE & AFT BAFFLE. REMOVED #4 INJECTOR L,#4 CYL EXHAUST VALVE FAILED . REMOVED #4 CYL SIDE & AFT BAFFLE. REMOVED #4 INJECTOR L,True,True,none
104696::combined,104696,sensitivity,raw,"#4 CYL FAILED . REMOVED BAFFLING, INTAKE, EXHAUST, OIL RETURN & INJ LIN","NUMBER FOUR CYLINDER FAILED . REMOVED BAFFLING, INTAKE, EXHAUST, OIL RETURN AND INJECTOR LINE","#4 CYL FAILED . REMOVED BAFFLING, INTAKE, EXHAUST, OIL RETURN & INJ LIN","#4 CYL FAILED . REMOVED BAFFLING, INTAKE, EXHAUST, OIL RETURN & INJ LIN",True,True,none
104700::combined,104700,sensitivity,raw,"L/H ENG #2 CYL HAS LOW COMPRESSION. REMOVED BAFFLING, #2 INTAKE TUBE, #2 EXHAUST TUBE, #2 &","LEFT-HAND ENGINE NUMBER TWO CYLINDER HAS LOW COMPRESSION. REMOVED BAFFLING, NUMBER TWO INTAKE TUBE, NUMBER TWO EXHAUST TUBE","L/H ENG #2 CYL HAS LOW COMPRESSION. REMOVED BAFFLING, #2 INTAKE TUBE, #2 EXHAUST TUBE, #2 &","L/H ENG #2 CYL HAS LOW COMPRESSION. REMOVED BAFFLING, #2 INTAKE TUBE, #2 EXHAUST TUBE, #2 &",True,True,none
104701::combined,104701,sensitivity,raw,"L/H ENG #2 CYL HAS LOW COMPRESSION. REINSTALLED LIFTERS, PUSH RODS & ROCKERS. INTAKE PASSED","LEFT-HAND ENGINE NUMBER TWO CYLINDER HAS LOW COMPRESSION. REINSTALLED LIFTERS, PUSH RODS AND ROCKERS. INTAKE PASSED COMPRESSION CHECK","L/H ENG #2 CYL HAS LOW COMPRESSION. REINSTALLED LIFTERS, PUSH RODS & ROCKERS. INTAKE PASSED","L/H ENG #2 CYL HAS LOW COMPRESSION. REINSTALLED LIFTERS, PUSH RODS & ROCKERS. INTAKE PASSED",True,True,none
104702::combined,104702,sensitivity,raw,L/H ENG #2 CYL HAS LOW COMPRESSION. REMOVED INTAKE & EXHAUST VALVES. REMOVED & REPLACED EXH,LEFT-HAND ENGINE NUMBER TWO CYLINDER HAS LOW COMPRESSION. REMOVED INTAKE AND EXHAUST VALVES. REMOVED AND REPLACED EXHAUST VALVES,L/H ENG #2 CYL HAS LOW COMPRESSION. REMOVED INTAKE & EXHAUST VALVES. REMOVED & REPLACED EXH,L/H ENG #2 CYL HAS LOW COMPRESSION. REMOVED INTAKE & EXHAUST VALVES. REMOVED & REPLACED EXH,True,True,none
104703::combined,104703,sensitivity,raw,"L/H ENG #2 CYL HAS LOW COMPRESSION. TEMPORARILY REINSTALLED EXHAUST PUSH ROD, ROCKER & ROCK","LEFT-HAND ENGINE NUMBER TWO CYLINDER HAS LOW COMPRESSION. TEMPORARILY REINSTALLED EXHAUST PUSH ROD, ROCKER AND ROCKER COVER","L/H ENG #2 CYL HAS LOW COMPRESSION. TEMPORARILY REINSTALLED EXHAUST PUSH ROD, ROCKER & ROCK","L/H ENG #2 CYL HAS LOW COMPRESSION. TEMPORARILY REINSTALLED EXHAUST PUSH ROD, ROCKER & ROCK",True,True,none
104724::combined,104724,sensitivity,raw,"#1 CYL NEEDS TO BE CHANGED (FAILED ). INSTALLED INTAKE TUBE, CHT PROBE, INTERCYL BAFFLING, BA","NUMBER ONE CYLINDER NEEDS TO BE CHANGED, FAILED. INSTALLED INTAKE TUBE, CHT PROBE, INTERCYLINDER BAFFLING","#1 CYL NEEDS TO BE CHANGED (FAILED ). INSTALLED INTAKE TUBE, CHT PROBE, INTERCYL BAFFLING, BA","#1 CYL NEEDS TO BE CHANGED (FAILED ). INSTALLED INTAKE TUBE, CHT PROBE, INTERCYL BAFFLING, BA",True,True,none
104725::combined,104725,sensitivity,raw,"#2 CYL NEEDS TO BE CHANGED (FAILED ). INSTALLED INTAKE TUBE, CHT PROBE, INTERCYL BAFFLING, BA","NUMBER TWO CYLINDER NEEDS TO BE CHANGED, FAILED. INSTALLED INTAKE TUBE, CHT PROBE, INTERCYLINDER BAFFLING","#2 CYL NEEDS TO BE CHANGED (FAILED ). INSTALLED INTAKE TUBE, CHT PROBE, INTERCYL BAFFLING, BA","#2 CYL NEEDS TO BE CHANGED (FAILED ). INSTALLED INTAKE TUBE, CHT PROBE, INTERCYL BAFFLING, BA",True,True,none
104726::combined,104726,sensitivity,raw,"#3 CYL NEEDS TO BE CHANGED (FAILED ). REMOVED AFT BAFFLE, INTAKE LINES (OIL & FUEL) & OIL COO","NUMBER THREE CYLINDER NEEDS TO BE CHANGED, FAILED. REMOVED AFT BAFFLE, INTAKE LINES, OIL AND FUEL, AND OIL COOLER","#3 CYL NEEDS TO BE CHANGED (FAILED ). REMOVED AFT BAFFLE, INTAKE LINES (OIL & FUEL) & OIL COO","#3 CYL NEEDS TO BE CHANGED (FAILED ). REMOVED AFT BAFFLE, INTAKE LINES (OIL & FUEL) & OIL COO",True,True,none
104727::combined,104727,sensitivity,raw,"#3 CYL NEEDS TO BE CHANGED (FAILED ). INSTALLED INTAKE TUBE, BAFFLES, CHT PROBE, WIRING & INJ","NUMBER THREE CYLINDER NEEDS TO BE CHANGED, FAILED. INSTALLED INTAKE TUBE, BAFFLES, CHT PROBE, WIRING AND INJECTOR LINE","#3 CYL NEEDS TO BE CHANGED (FAILED ). INSTALLED INTAKE TUBE, BAFFLES, CHT PROBE, WIRING & INJ","#3 CYL NEEDS TO BE CHANGED (FAILED ). INSTALLED INTAKE TUBE, BAFFLES, CHT PROBE, WIRING & INJ",True,True,none
104746::combined,104746,sensitivity,raw,"ENGINE NEEDS TO BE REMOVED FOR METAL FOUND IN OIL. INSTALLED OIL COOLERS & LINES ON COOLERS, ADEL CLAMP &","ENGINE NEEDS TO BE REMOVED FOR METAL FOUND IN OIL. INSTALLED OIL COOLERS AND LINES ON COOLERS, ADEL CLAMP","ENGINE NEEDS TO BE REMOVED FOR METAL FOUND IN OIL. INSTALLED OIL COOLERS & LINES ON COOLERS, ADEL CLAMP &","ENGINE NEEDS TO BE REMOVED FOR METAL FOUND IN OIL. INSTALLED OIL COOLERS & LINES ON COOLERS, ADEL CLAMP &",True,True,none
104747::combined,104747,sensitivity,raw,ENGINE NEEDS TO BE REMOVED FOR METAL FOUND IN OIL. REMOVED & CLEANED BAFFLING FROM ENGINE. BEGAN TRANSFERR,ENGINE NEEDS TO BE REMOVED FOR METAL FOUND IN OIL. REMOVED AND CLEANED BAFFLING FROM ENGINE. BEGAN TRANSFERRING OIL,ENGINE NEEDS TO BE REMOVED FOR METAL FOUND IN OIL. REMOVED & CLEANED BAFFLING FROM ENGINE. BEGAN TRANSFERR,ENGINE NEEDS TO BE REMOVED FOR METAL FOUND IN OIL. REMOVED & CLEANED BAFFLING FROM ENGINE. BEGAN TRANSFERR,True,True,none
104748::combined,104748,sensitivity,raw,ENGINE NEEDS TO BE REMOVED FOR METAL FOUND IN OIL. INSTALLED STARTER FROM ORIGINAL ENGINE. REMOVED & CLEAN,ENGINE NEEDS TO BE REMOVED FOR METAL FOUND IN OIL. INSTALLED STARTER FROM ORIGINAL ENGINE. REMOVED AND CLEANED,ENGINE NEEDS TO BE REMOVED FOR METAL FOUND IN OIL. INSTALLED STARTER FROM ORIGINAL ENGINE. REMOVED & CLEAN,ENGINE NEEDS TO BE REMOVED FOR METAL FOUND IN OIL. INSTALLED STARTER FROM ORIGINAL ENGINE. REMOVED & CLEAN,True,True,none
104751::combined,104751,sensitivity,raw,ENGINE NEEDS TO BE REMOVED FOR METAL FOUND IN OIL. INSTALLED TOP BAFFLE & APPLIED SEALANT. INSTALLED & TOR,ENGINE NEEDS TO BE REMOVED FOR METAL FOUND IN OIL. INSTALLED TOP BAFFLE AND APPLIED SEALANT. INSTALLED AND TORQUED NUT,ENGINE NEEDS TO BE REMOVED FOR METAL FOUND IN OIL. INSTALLED TOP BAFFLE & APPLIED SEALANT. INSTALLED & TOR,ENGINE NEEDS TO BE REMOVED FOR METAL FOUND IN OIL. INSTALLED TOP BAFFLE & APPLIED SEALANT. INSTALLED & TOR,True,True,none
104752::combined,104752,sensitivity,raw,ENGINE NEEDS TO BE REMOVED FOR METAL FOUND IN OIL. COMPLETED ENGINE INSTALLATION. TOQRUED HANGER NUTS. CK',ENGINE NEEDS TO BE REMOVED FOR METAL FOUND IN OIL. COMPLETED ENGINE INSTALLATION. TORQUED HANGER NUTS.,ENGINE NEEDS TO BE REMOVED FOR METAL FOUND IN OIL. COMPLETED ENGINE INSTALLATION. TOQRUED HANGER NUTS. CK',ENGINE NEEDS TO BE REMOVED FOR METAL FOUND IN OIL. COMPLETED ENGINE INSTALLATION. TOQRUED HANGER NUTS. CK',True,True,none
104753::combined,104753,sensitivity,raw,"MANIFOLD PSI WAS HIGH IN HOVER, 26 IN. PERFORMED LOW ROTOR R REMOVED & REPLACED ALL INTAKE GASKETS & SEALS.","MANIFOLD PSI WAS HIGH IN HOVER, TWENTY SIX INCHES. PERFORMED LOW ROTOR RUN UP. REMOVED AND REPLACED ALL INTAKE GASKETS AND SEALS.","MANIFOLD PSI WAS HIGH IN HOVER, 26 IN. PERFORMED LOW ROTOR R REMOVED & REPLACED ALL INTAKE GASKETS & SEALS.","MANIFOLD PSI WAS HIGH IN HOVER, 26 IN. PERFORMED LOW ROTOR R REMOVED & REPLACED ALL INTAKE GASKETS & SEALS.",True,True,none
104754::combined,104754,sensitivity,raw,"MANIFOLD PSI WAS HIGH IN HOVER, 26 IN. PERFORMED LOW ROTOR R RAN A/C, CONFIRMED KNOCKING NOISE FROM PASS DOWN. FOUND","MANIFOLD PSI WAS HIGH IN HOVER, TWENTY SIX INCHES. PERFORMED LOW ROTOR RUP. RAN AIRCRAFT, CONFIRMED KNOCKING NOISE FROM PASS DOWN.","MANIFOLD PSI WAS HIGH IN HOVER, 26 IN. PERFORMED LOW ROTOR R RAN A/C, CONFIRMED KNOCKING NOISE FROM PASS DOWN. FOUND","MANIFOLD PSI WAS HIGH IN HOVER, 26 IN. PERFORMED LOW ROTOR R RAN A/C, CONFIRMED KNOCKING NOISE FROM PASS DOWN. FOUND",True,True,none
104760::combined,104760,sensitivity,raw,"UPON LEANING MIXTURE ON GROUND; ENGINE QUIT. RESTARTED, SPUT RAN A/C, WARMED ENGINE FOR 5 MINUTES. ALL CHECKS GOOD.","UPON LEANING MIXTURE ON GROUND; ENGINE QUIT. RESTARTED, SPUTTERED. RAN AIRCRAFT, WARMED ENGINE FOR FIVE MINUTES. ALL CHECKS GOOD.","UPON LEANING MIXTURE ON GROUND; ENGINE QUIT. RESTARTED, SPUT RAN A/C, WARMED ENGINE FOR 5 MINUTES. ALL CHECKS GOOD.","UPON LEANING MIXTURE ON GROUND; ENGINE QUIT. RESTARTED, SPUT RAN A/C, WARMED ENGINE FOR 5 MINUTES. ALL CHECKS GOOD.",True,True,none
104768::combined,104768,sensitivity,raw,"#4 CYLINDER COMPRESSION BELOW 40 PSI. LEAKING PAST EXHAUST. SERVICED ENG W/ 8 QTS MINERAL OIL. RAN A/C, OPS & LEAK","NUMBER FOUR CYLINDER COMPRESSION BELOW FORTY PSI. LEAKING PAST EXHAUST. SERVICED ENGINE WITH EIGHT QUARTS MINERAL OIL. RAN AIRCRAFT, OPERATIONS AND LEAK CHECK GOOD","#4 CYLINDER COMPRESSION BELOW 40 PSI. LEAKING PAST EXHAUST. SERVICED ENG W/ 8 QTS MINERAL OIL. RAN A/C, OPS & LEAK","#4 CYLINDER COMPRESSION BELOW 40 PSI. LEAKING PAST EXHAUST. SERVICED ENG W/ 8 QTS MINERAL OIL. RAN A/C, OPS & LEAK",True,True,none
104769::combined,104769,sensitivity,raw,#4 CYLINDER COMPRESSION BELOW 40 PSI. LEAKING PAST EXHAUST. REMOVED AIR INTAKE BOX. REMOVED MUFFLER & STACKS. REMOV,NUMBER FOUR CYLINDER COMPRESSION BELOW FORTY PSI. LEAKING PAST EXHAUST. REMOVED AIR INTAKE BOX. REMOVED MUFFLER AND STACKS.,#4 CYLINDER COMPRESSION BELOW 40 PSI. LEAKING PAST EXHAUST. REMOVED AIR INTAKE BOX. REMOVED MUFFLER & STACKS. REMOV,#4 CYLINDER COMPRESSION BELOW 40 PSI. LEAKING PAST EXHAUST. REMOVED AIR INTAKE BOX. REMOVED MUFFLER & STACKS. REMOV,True,True,none
104770::combined,104770,sensitivity,raw,#4 CYLINDER COMPRESSION BELOW 40 PSI. LEAKING PAST EXHAUST. INSTALLED REPAIRED CYLINDER ASSY W/ NEW BASE O-RING. TO,NUMBER FOUR CYLINDER COMPRESSION BELOW FORTY PSI. LEAKING PAST EXHAUST. INSTALLED REPAIRED CYLINDER ASSEMBLY WITH NEW BASE O-RING.,#4 CYLINDER COMPRESSION BELOW 40 PSI. LEAKING PAST EXHAUST. INSTALLED REPAIRED CYLINDER ASSY W/ NEW BASE O-RING. TO,#4 CYLINDER COMPRESSION BELOW 40 PSI. LEAKING PAST EXHAUST. INSTALLED REPAIRED CYLINDER ASSY W/ NEW BASE O-RING. TO,True,True,none
104771::combined,104771,sensitivity,raw,#4 CYLINDER COMPRESSION BELOW 40 PSI. LEAKING PAST EXHAUST. REMOVED & REPLACED EXHAUST PUSH ROD W/ -29 PUSH ROD. EX,NUMBER FOUR CYLINDER COMPRESSION BELOW FORTY PSI. LEAKING PAST EXHAUST. REMOVED AND REPLACED EXHAUST PUSH ROD WITH NUMBER TWENTY NINE PUSH ROD.,#4 CYLINDER COMPRESSION BELOW 40 PSI. LEAKING PAST EXHAUST. REMOVED & REPLACED EXHAUST PUSH ROD W/ -29 PUSH ROD. EX,#4 CYLINDER COMPRESSION BELOW 40 PSI. LEAKING PAST EXHAUST. REMOVED & REPLACED EXHAUST PUSH ROD W/ -29 PUSH ROD. EX,True,True,none
104772::combined,104772,sensitivity,raw,"DURING A/C RUN UP, ENGINE FAILED ON RIGHT MAGNETO. ENGINE FA STARTED ENGINE USING NORMAL PROCEDURES. RUN UP ENGINE,","DURING AIRCRAFT RUN UP, ENGINE FAILED ON RIGHT MAGNETO. STARTED ENGINE USING NORMAL PROCEDURES. RUN UP ENGINE,","DURING A/C RUN UP, ENGINE FAILED ON RIGHT MAGNETO. ENGINE FA STARTED ENGINE USING NORMAL PROCEDURES. RUN UP ENGINE,","DURING A/C RUN UP, ENGINE FAILED ON RIGHT MAGNETO. ENGINE FA STARTED ENGINE USING NORMAL PROCEDURES. RUN UP ENGINE,",True,True,none
104778::combined,104778,sensitivity,raw,A/C BEGAN TO LEAK LARGE QUANTITIES OF OIL OUT OF RIGHT COWLI CLEANED A/C & ENGINE COMPARTMENT. FOUND OIL LEAKING FRO,AIRCRAFT BEGAN TO LEAK LARGE QUANTITIES OF OIL OUT OF RIGHT COWLING. CLEANED AIRCRAFT AND ENGINE COMPARTMENT. FOUND OIL LEAKING,A/C BEGAN TO LEAK LARGE QUANTITIES OF OIL OUT OF RIGHT COWLI CLEANED A/C & ENGINE COMPARTMENT. FOUND OIL LEAKING FRO,A/C BEGAN TO LEAK LARGE QUANTITIES OF OIL OUT OF RIGHT COWLI CLEANED A/C & ENGINE COMPARTMENT. FOUND OIL LEAKING FRO,True,True,none
104780::combined,104780,sensitivity,raw,ENGINE BACK FIRED WHILE IN A HOVER. REPLACED CYL #1 INDUCTION TUBE & GASKETS. GROUND RUN RE,ENGINE BACKFIRED WHILE IN A HOVER. REPLACED CYLINDER NUMBER ONE INDUCTION TUBE AND GASKETS.,ENGINE BACK FIRED WHILE IN A HOVER. REPLACED CYL #1 INDUCTION TUBE & GASKETS. GROUND RUN RE,ENGINE BACK FIRED WHILE IN A HOVER. REPLACED CYL #1 INDUCTION TUBE & GASKETS. GROUND RUN RE,True,True,none
104790::combined,104790,sensitivity,raw,"ON CLIMB, NOTICED M VOLTS DROPPED TO 26, RPM WAS CONSTANT. O RAN A/C, COULD NOT DUPLICATE.","ON CLIMB, NOTICED M VOLTS DROPPED TO TWENTY SIX, RPM WAS CONSTANT. RAN AIRCRAFT, COULD NOT DUPLICATE.","ON CLIMB, NOTICED M VOLTS DROPPED TO 26, RPM WAS CONSTANT. O RAN A/C, COULD NOT DUPLICATE.","ON CLIMB, NOTICED M VOLTS DROPPED TO 26, RPM WAS CONSTANT. O RAN A/C, COULD NOT DUPLICATE.",True,True,none
104802::combined,104802,sensitivity,raw,IN TRAFFIC PATTERN HEARD TICKING/CHIRPING NOISE. ONLY OCCURE RAN A/C AT VARIOUS POWER SETTINGS. COULD NOT DUPLICATE,"IN TRAFFIC PATTERN HEARD TICKING, CHIRPING NOISE. RAN AIRCRAFT AT VARIOUS POWER SETTINGS. COULD NOT DUPLICATE",IN TRAFFIC PATTERN HEARD TICKING/CHIRPING NOISE. ONLY OCCURE RAN A/C AT VARIOUS POWER SETTINGS. COULD NOT DUPLICATE,IN TRAFFIC PATTERN HEARD TICKING/CHIRPING NOISE. ONLY OCCURE RAN A/C AT VARIOUS POWER SETTINGS. COULD NOT DUPLICATE,True,True,none
104811::combined,104811,sensitivity,raw,"L/H ENG, CYL #2 COMPRESSION 20/80; LEAKING OUT OF EXHAUST VA LEAK CK GOOD.","LEFT-HAND ENGINE, CYLINDER NUMBER TWO COMPRESSION TWENTY OUT OF EIGHTY; LEAKING OUT OF EXHAUST VALVE. LEAK CHECK GOOD.","L/H ENG, CYL #2 COMPRESSION 20/80; LEAKING OUT OF EXHAUST VA LEAK CK GOOD.","L/H ENG, CYL #2 COMPRESSION 20/80; LEAKING OUT OF EXHAUST VA LEAK CK GOOD.",True,True,none
104812::combined,104812,sensitivity,raw,"L/H ENG, CYL #2 COMPRESSION 20/80; LEAKING OUT OF EXHAUST VA REMOVED CYL ASSY & REPLACED W/ REPAIRED CYL ASSY. INSTA","LEFT-HAND ENGINE, CYLINDER NUMBER TWO COMPRESSION TWENTY OUT OF EIGHTY; LEAKING OUT OF EXHAUST VALVE. REMOVED CYLINDER ASSEMBLY AND REPLACED WITH REPAIRED CYLINDER ASSEMBLY.","L/H ENG, CYL #2 COMPRESSION 20/80; LEAKING OUT OF EXHAUST VA REMOVED CYL ASSY & REPLACED W/ REPAIRED CYL ASSY. INSTA","L/H ENG, CYL #2 COMPRESSION 20/80; LEAKING OUT OF EXHAUST VA REMOVED CYL ASSY & REPLACED W/ REPAIRED CYL ASSY. INSTA",True,True,none
104819::combined,104819,sensitivity,raw,"L/H SIIDE OF ENGINE CASE PLUG LEAKING OIL. REMOVED PLUG, CLEANED THREAD. APPLIED NEW SEALANT & REI","LEFT-HAND SIDE OF ENGINE CASE PLUG LEAKING OIL. REMOVED PLUG, CLEANED THREAD. APPLIED NEW SEALANT AND REINSTALLED PLUG","L/H SIIDE OF ENGINE CASE PLUG LEAKING OIL. REMOVED PLUG, CLEANED THREAD. APPLIED NEW SEALANT & REI","L/H SIIDE OF ENGINE CASE PLUG LEAKING OIL. REMOVED PLUG, CLEANED THREAD. APPLIED NEW SEALANT & REI",True,True,none
104822::combined,104822,sensitivity,raw,"#1-3 BAFFLE TIE WIRE LOOSE, RUBBING #1 DRAIN TUBE. INSTALLED NEW TIE WIRE, INSPECTED OIL DRAIN TUBE - NO D","NUMBER ONE TO THREE BAFFLE TIE WIRE LOOSE, RUBBING NUMBER ONE DRAIN TUBE. INSTALLED NEW TIE WIRE, INSPECTED OIL DRAIN TUBE, NO DEFECTS","#1-3 BAFFLE TIE WIRE LOOSE, RUBBING #1 DRAIN TUBE. INSTALLED NEW TIE WIRE, INSPECTED OIL DRAIN TUBE - NO D","#1-3 BAFFLE TIE WIRE LOOSE, RUBBING #1 DRAIN TUBE. INSTALLED NEW TIE WIRE, INSPECTED OIL DRAIN TUBE - NO D",True,True,none
104825::combined,104825,sensitivity,raw,"ENGINE STARTED & IDLED NORMALLY FOR ABOUT 2 MINUTES, THEN SU PERFORMED GROUND RUN, NO DEFECTS NOTED. OPS GOOD.","ENGINE STARTED AND IDLED NORMALLY FOR ABOUT TWO MINUTES, THEN SUDDENLY STOPPED. PERFORMED GROUND RUN, NO DEFECTS NOTED. OPERATIONS GOOD.","ENGINE STARTED & IDLED NORMALLY FOR ABOUT 2 MINUTES, THEN SU PERFORMED GROUND RUN, NO DEFECTS NOTED. OPS GOOD.","ENGINE STARTED & IDLED NORMALLY FOR ABOUT 2 MINUTES, THEN SU PERFORMED GROUND RUN, NO DEFECTS NOTED. OPS GOOD.",True,True,none
104826::combined,104826,sensitivity,raw,"ENGINE STARTED & IDLED NORMALLY FOR ABOUT 2 MINUTES, THEN SU INSPECTED A/C ENGINE. CLEANED BOTH SNIFFLER VALVES. REM","ENGINE STARTED AND IDLED NORMALLY FOR ABOUT TWO MINUTES, THEN SUDDENLY STOPPED. INSPECTED AIRCRAFT ENGINE. CLEANED BOTH SNIFFLER VALVES.","ENGINE STARTED & IDLED NORMALLY FOR ABOUT 2 MINUTES, THEN SU INSPECTED A/C ENGINE. CLEANED BOTH SNIFFLER VALVES. REM","ENGINE STARTED & IDLED NORMALLY FOR ABOUT 2 MINUTES, THEN SU INSPECTED A/C ENGINE. CLEANED BOTH SNIFFLER VALVES. REM",True,True,none
104831::combined,104831,sensitivity,raw,"DURING RUN UP MAG CK; RPM DROPPED NORMALLY, BUT WOULD RISE & RAN A/C, OPS CK GOOD. COULD NOT DUPLICATE DISPCREPANCY.","DURING RUN UP MAGNETO CHECK; RPM DROPPED NORMALLY, BUT WOULD RISE. RAN AIRCRAFT, OPERATIONS CHECK GOOD. COULD NOT DUPLICATE DISCREPANCY.","DURING RUN UP MAG CK; RPM DROPPED NORMALLY, BUT WOULD RISE & RAN A/C, OPS CK GOOD. COULD NOT DUPLICATE DISPCREPANCY.","DURING RUN UP MAG CK; RPM DROPPED NORMALLY, BUT WOULD RISE & RAN A/C, OPS CK GOOD. COULD NOT DUPLICATE DISPCREPANCY.",True,True,none
104837::combined,104837,sensitivity,raw,"R/H BAFFLE SPRING BROKEN, BAFFLE CHAFING ON #3 OIL RETURN LI INSPECTED & FOUND TO BE OK FOR SERVICE.","RIGHT-HAND BAFFLE SPRING BROKEN, BAFFLE CHAFING ON NUMBER THREE OIL RETURN LINE. INSPECTED AND FOUND TO BE OK FOR SERVICE.","R/H BAFFLE SPRING BROKEN, BAFFLE CHAFING ON #3 OIL RETURN LI INSPECTED & FOUND TO BE OK FOR SERVICE.","R/H BAFFLE SPRING BROKEN, BAFFLE CHAFING ON #3 OIL RETURN LI INSPECTED & FOUND TO BE OK FOR SERVICE.",True,True,none
104856::combined,104856,sensitivity,raw,MX FLIGHT REQUIRED FOR M/R LEAK. COMPLETED REMOVAL OF ENGINE FROM A/C. BEGAN DISCONNECTI,MAINTENANCE FLIGHT REQUIRED FOR M/R LEAK. COMPLETED REMOVAL OF ENGINE FROM AIRCRAFT.,MX FLIGHT REQUIRED FOR M/R LEAK. COMPLETED REMOVAL OF ENGINE FROM A/C. BEGAN DISCONNECTI,MX FLIGHT REQUIRED FOR M/R LEAK. COMPLETED REMOVAL OF ENGINE FROM A/C. BEGAN DISCONNECTI,True,True,none
104857::combined,104857,sensitivity,raw,MX FLIGHT REQUIRED FOR M/R LEAK. INSTALLED & CONNECTED ENGINE IAW,MAINTENANCE FLIGHT REQUIRED FOR M/R LEAK. INSTALLED AND CONNECTED ENGINE IN ACCORDANCE WITH REFERENCE MANUAL,MX FLIGHT REQUIRED FOR M/R LEAK. INSTALLED & CONNECTED ENGINE IAW,MX FLIGHT REQUIRED FOR M/R LEAK. INSTALLED & CONNECTED ENGINE IAW,True,True,none
104860::combined,104860,sensitivity,raw,"CHT GAUGE DROPS TO ZERO, MOVES ERRATICALLY W/IN GREEN BAND & REMOVED & REPLACED CHT PROBE. GROUND RAN A/C, OPS CK GO","CHT GAUGE DROPS TO ZERO, MOVES ERRATICALLY WITHIN GREEN BAND. REMOVED AND REPLACED CHT PROBE. GROUND RAN AIRCRAFT, OPERATIONS CHECK GOOD","CHT GAUGE DROPS TO ZERO, MOVES ERRATICALLY W/IN GREEN BAND & REMOVED & REPLACED CHT PROBE. GROUND RAN A/C, OPS CK GO","CHT GAUGE DROPS TO ZERO, MOVES ERRATICALLY W/IN GREEN BAND & REMOVED & REPLACED CHT PROBE. GROUND RAN A/C, OPS CK GO",True,True,none
104867::combined,104867,sensitivity,raw,BAFFLE BRACKET CRACKED ON #3 CYLINDER. REMOVED BAFFLE SECTION & OIL PRESSURE LINE. REPLACED BR,BAFFLE BRACKET CRACKED ON NUMBER THREE CYLINDER. REMOVED BAFFLE SECTION AND OIL PRESSURE LINE. REPLACED BRACKET,BAFFLE BRACKET CRACKED ON #3 CYLINDER. REMOVED BAFFLE SECTION & OIL PRESSURE LINE. REPLACED BR,BAFFLE BRACKET CRACKED ON #3 CYLINDER. REMOVED BAFFLE SECTION & OIL PRESSURE LINE. REPLACED BR,True,True,none
104868::combined,104868,sensitivity,raw,#2 CYLINDER HAS LOW COMPRESSION (58/80). RAN UP A/C TO OPERATING TEMPERATURE & RECHECKED COMPRES,"NUMBER TWO CYLINDER HAS LOW COMPRESSION, FIFTY EIGHT OUT OF EIGHTY. RAN UP AIRCRAFT TO OPERATING TEMPERATURE AND RECHECKED COMPRESSION",#2 CYLINDER HAS LOW COMPRESSION (58/80). RAN UP A/C TO OPERATING TEMPERATURE & RECHECKED COMPRES,#2 CYLINDER HAS LOW COMPRESSION (58/80). RAN UP A/C TO OPERATING TEMPERATURE & RECHECKED COMPRES,True,True,none
104872::combined,104872,sensitivity,raw,BAFFLE BY STARTER WORN THROUGH & CRACKED. REMOVED L/H FWD BAFFLE & FABRICATED PATCH FROM LIKE MAT,BAFFLE BY STARTER WORN THROUGH AND CRACKED. REMOVED LEFT-HAND FORWARD BAFFLE AND FABRICATED PATCH FROM LIKE MATERIAL,BAFFLE BY STARTER WORN THROUGH & CRACKED. REMOVED L/H FWD BAFFLE & FABRICATED PATCH FROM LIKE MAT,BAFFLE BY STARTER WORN THROUGH & CRACKED. REMOVED L/H FWD BAFFLE & FABRICATED PATCH FROM LIKE MAT,True,True,none
104879::combined,104879,sensitivity,raw,L/H ENG I/B FWD BAFFLE SCREW LOOSE. REMOVED COWLING TO ACCESS SCREW. TIGHTENED SCREW. INSTA,LEFT-HAND ENGINE INBOARD FORWARD BAFFLE SCREW LOOSE. REMOVED COWLING TO ACCESS SCREW. TIGHTENED SCREW.,L/H ENG I/B FWD BAFFLE SCREW LOOSE. REMOVED COWLING TO ACCESS SCREW. TIGHTENED SCREW. INSTA,L/H ENG I/B FWD BAFFLE SCREW LOOSE. REMOVED COWLING TO ACCESS SCREW. TIGHTENED SCREW. INSTA,True,True,none
104880::combined,104880,sensitivity,raw,L/H ENG OIL COOLER BAFFLE CORNER NEEDS TO BE INSP. REMOVE FO COMPLETED INSTALLATION OF BAFFLE.,LEFT-HAND ENGINE OIL COOLER BAFFLE CORNER NEEDS TO BE INSPECTED. COMPLETED INSTALLATION OF BAFFLE.,L/H ENG OIL COOLER BAFFLE CORNER NEEDS TO BE INSP. REMOVE FO COMPLETED INSTALLATION OF BAFFLE.,L/H ENG OIL COOLER BAFFLE CORNER NEEDS TO BE INSP. REMOVE FO COMPLETED INSTALLATION OF BAFFLE.,True,True,none
104886::combined,104886,sensitivity,raw,ENGINE SHAKING & ROUGHNESS ON START UP. COMPLETED REASSEMBLY OF ENGINE. SERVICED ENGINE W/ MINE,ENGINE SHAKING AND ROUGHNESS ON START UP. COMPLETED REASSEMBLY OF ENGINE. SERVICED ENGINE WITH MINERAL OIL,ENGINE SHAKING & ROUGHNESS ON START UP. COMPLETED REASSEMBLY OF ENGINE. SERVICED ENGINE W/ MINE,ENGINE SHAKING & ROUGHNESS ON START UP. COMPLETED REASSEMBLY OF ENGINE. SERVICED ENGINE W/ MINE,True,True,none
104894::combined,104894,sensitivity,raw,CYL #3 COMPRESSION 18/80. INSTALLED & TORQUED NEW CYL ASSY. DRY LASH CK GOOD. INS,CYLINDER NUMBER THREE COMPRESSION EIGHTEEN OUT OF EIGHTY. INSTALLED AND TORQUED NEW CYLINDER ASSEMBLY. DRY LASH CHECK GOOD.,CYL #3 COMPRESSION 18/80. INSTALLED & TORQUED NEW CYL ASSY. DRY LASH CK GOOD. INS,CYL #3 COMPRESSION 18/80. INSTALLED & TORQUED NEW CYL ASSY. DRY LASH CK GOOD. INS,True,True,none
104895::combined,104895,sensitivity,raw,"CYL #3 COMPRESSION 18/80. COMPLETED INSTALLATION OF ACCESSORIES, SERVICED SUMP W/","CYLINDER NUMBER THREE COMPRESSION EIGHTEEN OUT OF EIGHTY. COMPLETED INSTALLATION OF ACCESSORIES, SERVICED SUMP","CYL #3 COMPRESSION 18/80. COMPLETED INSTALLATION OF ACCESSORIES, SERVICED SUMP W/","CYL #3 COMPRESSION 18/80. COMPLETED INSTALLATION OF ACCESSORIES, SERVICED SUMP W/",True,True,none
104907::combined,104907,sensitivity,raw,STARTED ENGINE & IT RAN WELL FOR ABOUT 30 SECONDS BEFORE LOS REMOVED ENGINE BAFFLES TO FACILITATE PERFORMING OF LYCO,STARTED ENGINE AND IT RAN WELL FOR ABOUT THIRTY SECONDS BEFORE LOSS OF POWER. REMOVED ENGINE BAFFLES TO FACILITATE PERFORMING OF LYCOMING INSPECTION,STARTED ENGINE & IT RAN WELL FOR ABOUT 30 SECONDS BEFORE LOS REMOVED ENGINE BAFFLES TO FACILITATE PERFORMING OF LYCO,STARTED ENGINE & IT RAN WELL FOR ABOUT 30 SECONDS BEFORE LOS REMOVED ENGINE BAFFLES TO FACILITATE PERFORMING OF LYCO,True,True,none
104908::combined,104908,sensitivity,raw,"STARTED ENGINE & IT RAN WELL FOR ABOUT 30 SECONDS BEFORE LOS STARTED A/C, ENGINE RAN SMOOTH FOR 20 SECONDS & THEN BE","STARTED ENGINE AND IT RAN WELL FOR ABOUT THIRTY SECONDS BEFORE LOSS OF POWER. STARTED AIRCRAFT, ENGINE RAN SMOOTH FOR TWENTY SECONDS AND THEN BEGAN LOSING POWER","STARTED ENGINE & IT RAN WELL FOR ABOUT 30 SECONDS BEFORE LOS STARTED A/C, ENGINE RAN SMOOTH FOR 20 SECONDS & THEN BE","STARTED ENGINE & IT RAN WELL FOR ABOUT 30 SECONDS BEFORE LOS STARTED A/C, ENGINE RAN SMOOTH FOR 20 SECONDS & THEN BE",True,True,none
104909::combined,104909,sensitivity,raw,STARTED ENGINE & IT RAN WELL FOR ABOUT 30 SECONDS BEFORE LOS COMPLETED INSTALLATION OF BAFFLES. RAN UP A/C. OPS & LE,STARTED ENGINE AND IT RAN WELL FOR ABOUT THIRTY SECONDS BEFORE LOSS OF POWER. COMPLETED INSTALLATION OF BAFFLES. RAN UP AIRCRAFT. OPERATIONS AND LEAK CHECK GOOD,STARTED ENGINE & IT RAN WELL FOR ABOUT 30 SECONDS BEFORE LOS COMPLETED INSTALLATION OF BAFFLES. RAN UP A/C. OPS & LE,STARTED ENGINE & IT RAN WELL FOR ABOUT 30 SECONDS BEFORE LOS COMPLETED INSTALLATION OF BAFFLES. RAN UP A/C. OPS & LE,True,True,none
104910::combined,104910,sensitivity,raw,STARTED ENGINE & IT RAN WELL FOR ABOUT 30 SECONDS BEFORE LOS PERFORMED ON CYL #4. INSTALLED ALL ROCKER COVER,STARTED ENGINE AND IT RAN WELL FOR ABOUT THIRTY SECONDS BEFORE LOSS OF POWER. PERFORMED ON CYLINDER NUMBER FOUR. INSTALLED ALL ROCKER COVERS,STARTED ENGINE & IT RAN WELL FOR ABOUT 30 SECONDS BEFORE LOS PERFORMED ON CYL #4. INSTALLED ALL ROCKER COVER,STARTED ENGINE & IT RAN WELL FOR ABOUT 30 SECONDS BEFORE LOS PERFORMED ON CYL #4. INSTALLED ALL ROCKER COVER,True,True,none
104914::combined,104914,sensitivity,raw,"PROP COULD USE A DRESSING; ROUGH ON EDGES. CHT #4 GREATER T DRESSED PROP. RAN A/C, COULD NOT DUPLICATE CHT DISCREP","PROPELLER COULD USE A DRESSING; ROUGH ON EDGES. CHT NUMBER FOUR GREATER TEMPERATURE. DRESSED PROPELLER. RAN AIRCRAFT, COULD NOT DUPLICATE CHT DISCREPANCY","PROP COULD USE A DRESSING; ROUGH ON EDGES. CHT #4 GREATER T DRESSED PROP. RAN A/C, COULD NOT DUPLICATE CHT DISCREP","PROP COULD USE A DRESSING; ROUGH ON EDGES. CHT #4 GREATER T DRESSED PROP. RAN A/C, COULD NOT DUPLICATE CHT DISCREP",True,True,none
104922::combined,104922,sensitivity,raw,"PROP OVERSPEED 2720 FOR 1 SECOND. REMOVED FDM CARD, RESEARCHED DATA, FOUND OVERSPEED TO B","PROPELLER OVERSPEED TWENTY SEVEN HUNDRED AND TWENTY FOR ONE SECOND. REMOVED FDM CARD, RESEARCHED DATA, FOUND OVERSPEED TO BE FREQUENT","PROP OVERSPEED 2720 FOR 1 SECOND. REMOVED FDM CARD, RESEARCHED DATA, FOUND OVERSPEED TO B","PROP OVERSPEED 2720 FOR 1 SECOND. REMOVED FDM CARD, RESEARCHED DATA, FOUND OVERSPEED TO B",True,True,none
104923::combined,104923,sensitivity,raw,"#3 CYL CHT >200*F WARMER THAN OTHER CYLINDERS. RAN A/C, COULD NOT DUPLICATE DISCREP. ALL CHT TEMPS IN","NUMBER THREE CYLINDER CHT GREATER THAN TWO HUNDRED DEGREES FAHRENHEIT WARMER THAN OTHER CYLINDERS. RAN AIRCRAFT, COULD NOT DUPLICATE DISCREPANCY. ALL CHT TEMPERATURES IN NORMAL RANGE","#3 CYL CHT >200*F WARMER THAN OTHER CYLINDERS. RAN A/C, COULD NOT DUPLICATE DISCREP. ALL CHT TEMPS IN","#3 CYL CHT >200*F WARMER THAN OTHER CYLINDERS. RAN A/C, COULD NOT DUPLICATE DISCREP. ALL CHT TEMPS IN",True,True,none
104935::combined,104935,sensitivity,raw,"AT LEAST 3 INSTANCES THROUGHOUT FLIGHT; THE ENGINE VIBRATED RAN A/C, COULD NOT DUPLICATE. REMVED COWL & CK'ED COMPR","AT LEAST THREE INSTANCES THROUGHOUT FLIGHT; THE ENGINE VIBRATED. RAN AIRCRAFT, COULD NOT DUPLICATE. REMOVED COWL AND CHECKED COMPRESSION","AT LEAST 3 INSTANCES THROUGHOUT FLIGHT; THE ENGINE VIBRATED RAN A/C, COULD NOT DUPLICATE. REMVED COWL & CK'ED COMPR","AT LEAST 3 INSTANCES THROUGHOUT FLIGHT; THE ENGINE VIBRATED RAN A/C, COULD NOT DUPLICATE. REMVED COWL & CK'ED COMPR",True,True,none
104936::combined,104936,sensitivity,raw,"AT LEAST 3 INSTANCES THROUGHOUT FLIGHT; THE ENGINE VIBRATED RAN ENGINE AGAIN, OPS CK GOOD. MX FLIGHT TO BE PERFORME","AT LEAST THREE INSTANCES THROUGHOUT FLIGHT; THE ENGINE VIBRATED. RAN ENGINE AGAIN, OPERATIONS CHECK GOOD. MAINTENANCE FLIGHT TO BE PERFORMED","AT LEAST 3 INSTANCES THROUGHOUT FLIGHT; THE ENGINE VIBRATED RAN ENGINE AGAIN, OPS CK GOOD. MX FLIGHT TO BE PERFORME","AT LEAST 3 INSTANCES THROUGHOUT FLIGHT; THE ENGINE VIBRATED RAN ENGINE AGAIN, OPS CK GOOD. MX FLIGHT TO BE PERFORME",True,True,none
104957::combined,104957,sensitivity,raw,FWD L/H ENG BAFFLE NEEDS SMALL PATCH OVER LARGE CRACK & STOP INSTALLED PATCH OVER AREA - LIKE MATERIAL SRM CH 51-71-,"FORWARD LEFT-HAND ENGINE BAFFLE NEEDS SMALL PATCH OVER LARGE CRACK AND STOP DRILLING. INSTALLED PATCH OVER AREA, LIKE MATERIAL STANDARD REFERENCE MANUAL CHAPTER FIFTY ONE SEVENTY ONE",FWD L/H ENG BAFFLE NEEDS SMALL PATCH OVER LARGE CRACK & STOP INSTALLED PATCH OVER AREA - LIKE MATERIAL SRM CH 51-71-,FWD L/H ENG BAFFLE NEEDS SMALL PATCH OVER LARGE CRACK & STOP INSTALLED PATCH OVER AREA - LIKE MATERIAL SRM CH 51-71-,True,True,none
104961::combined,104961,sensitivity,raw,DURING AUTO RECOVERY ENGINE RPM GOT TO 3500. REVIEWED - DETERMINED TO BE 8% OVERSPEED. BEGAN,"DURING AUTORECOVERY ENGINE RPM GOT TO THIRTY FIVE HUNDRED. REVIEWED , DETERMINED TO BE EIGHT PERCENT OVERSPEED.",DURING AUTO RECOVERY ENGINE RPM GOT TO 3500. REVIEWED - DETERMINED TO BE 8% OVERSPEED. BEGAN,DURING AUTO RECOVERY ENGINE RPM GOT TO 3500. REVIEWED - DETERMINED TO BE 8% OVERSPEED. BEGAN,True,True,none
104962::combined,104962,sensitivity,raw,DURING AUTO RECOVERY ENGINE RPM GOT TO 3500. REMOVED EXHAUST & PERFORMED TO CYL #1 & COMPLET,DURING AUTORECOVERY ENGINE RPM GOT TO THIRTY FIVE HUNDRED. REMOVED EXHAUST AND PERFORMED TO CYLINDER NUMBER ONE AND COMPLETED INSPECTION,DURING AUTO RECOVERY ENGINE RPM GOT TO 3500. REMOVED EXHAUST & PERFORMED TO CYL #1 & COMPLET,DURING AUTO RECOVERY ENGINE RPM GOT TO 3500. REMOVED EXHAUST & PERFORMED TO CYL #1 & COMPLET,True,True,none
104963::combined,104963,sensitivity,raw,"DURING AUTO RECOVERY ENGINE RPM GOT TO 3500. REMOVED ROCKER COVERS, #2 & 4 SIDE BAFFLES. PERFORMED S","DURING AUTORECOVERY ENGINE RPM GOT TO THIRTY FIVE HUNDRED. REMOVED ROCKER COVERS, NUMBER TWO AND NUMBER FOUR SIDE BAFFLES.","DURING AUTO RECOVERY ENGINE RPM GOT TO 3500. REMOVED ROCKER COVERS, #2 & 4 SIDE BAFFLES. PERFORMED S","DURING AUTO RECOVERY ENGINE RPM GOT TO 3500. REMOVED ROCKER COVERS, #2 & 4 SIDE BAFFLES. PERFORMED S",True,True,none
104972::combined,104972,sensitivity,raw,"BAFFLE SCREW BY OIL DIPSTICK MISSING. REMOVED DIPSTICK TUBE, INSTALLED NEW SCREW, INSTALLED T","BAFFLE SCREW BY OIL DIPSTICK MISSING. REMOVED DIPSTICK TUBE, INSTALLED NEW SCREW, INSTALLED TUBE","BAFFLE SCREW BY OIL DIPSTICK MISSING. REMOVED DIPSTICK TUBE, INSTALLED NEW SCREW, INSTALLED T","BAFFLE SCREW BY OIL DIPSTICK MISSING. REMOVED DIPSTICK TUBE, INSTALLED NEW SCREW, INSTALLED T",True,True,none
104979::combined,104979,sensitivity,raw,R/H ENG #3 CYL HAS LOW COMPRESSION (16/80). REMOVED & REPLACED CYL & PISTON W/ NEW IAW LYCOMING DIR,"RIGHT-HAND ENGINE NUMBER THREE CYLINDER HAS LOW COMPRESSION, SIXTEEN OUT OF EIGHTY. REMOVED AND REPLACED CYLINDER AND PISTON WITH NEW IN ACCORDANCE WITH LYCOMING DIRECT DRIVE OVERHAUL MANUAL",R/H ENG #3 CYL HAS LOW COMPRESSION (16/80). REMOVED & REPLACED CYL & PISTON W/ NEW IAW LYCOMING DIR,R/H ENG #3 CYL HAS LOW COMPRESSION (16/80). REMOVED & REPLACED CYL & PISTON W/ NEW IAW LYCOMING DIR,True,True,none
105017::combined,105017,sensitivity,raw,"RPM 2700 FOR 2 SEC. READ FDM CARD DATA, FOUND TO BE LESS THAN 5%. NO DEFECT","RPM TWENTY SEVEN HUNDRED FOR TWO SECONDS. READ FDM CARD DATA, FOUND TO BE LESS THAN FIVE PERCENT. NO DEFECTS NOTED","RPM 2700 FOR 2 SEC. READ FDM CARD DATA, FOUND TO BE LESS THAN 5%. NO DEFECT","RPM 2700 FOR 2 SEC. READ FDM CARD DATA, FOUND TO BE LESS THAN 5%. NO DEFECT",True,True,none
105021::combined,105021,sensitivity,raw,"UNUSUAL ATTITUDE POWER WAS ADDED & ENGINE REACHED APPROX 280 REVIEWED LYCOMING , DETERMINED OVERSPEED TO FALL","UNUSUAL ATTITUDE POWER WAS ADDED AND ENGINE REACHED APPROXIMATELY TWO HUNDRED AND EIGHTY. REVIEWED LYCOMING , DETERMINED OVERSPEED TO FALL WITHIN NORMAL PARAMETERS","UNUSUAL ATTITUDE POWER WAS ADDED & ENGINE REACHED APPROX 280 REVIEWED LYCOMING , DETERMINED OVERSPEED TO FALL","UNUSUAL ATTITUDE POWER WAS ADDED & ENGINE REACHED APPROX 280 REVIEWED LYCOMING , DETERMINED OVERSPEED TO FALL",True,True,none
105023::combined,105023,sensitivity,raw,"RIVET HEAD SHEARED ON ALT AIR DOOR. REMOVED RIVET, INSTALLED NEW RIVET IAW , CH","RIVET HEAD SHEARED ON ALTERNATOR AIR DOOR. REMOVED RIVET, INSTALLED NEW RIVET IN ACCORDANCE WITH REFERENCE MANUAL","RIVET HEAD SHEARED ON ALT AIR DOOR. REMOVED RIVET, INSTALLED NEW RIVET IAW , CH","RIVET HEAD SHEARED ON ALT AIR DOOR. REMOVED RIVET, INSTALLED NEW RIVET IAW , CH",True,True,none
105027::combined,105027,sensitivity,raw,"FWD SNIFFLER VALVE IS LEAKING OIL/FUEL. THERE IS A 6"" PUDDLE INSPECTED SNIFFLER VALVES, NO DEFECTS NOTED. REMOVED SN","FORWARD SNIFFLER VALVE IS LEAKING OIL, FUEL. THERE IS A SIX INCHES PUDDLE. INSPECTED SNIFFLER VALVES, NO DEFECTS NOTED. REMOVED SNIFFLER VALVES","FWD SNIFFLER VALVE IS LEAKING OIL/FUEL. THERE IS A 6"" PUDDLE INSPECTED SNIFFLER VALVES, NO DEFECTS NOTED. REMOVED SN","FWD SNIFFLER VALVE IS LEAKING OIL/FUEL. THERE IS A 6"" PUDDLE INSPECTED SNIFFLER VALVES, NO DEFECTS NOTED. REMOVED SN",True,True,none
105039::combined,105039,sensitivity,raw,BAFFLE SCREWS LOOSE ON #3 CYL BAFFLE. PARTIALLY REMOVED #3 CYL BAFFLING SECURED SCREWS & OIL,BAFFLE SCREWS LOOSE ON NUMBER THREE CYLINDER BAFFLE. PARTIALLY REMOVED NUMBER THREE CYLINDER BAFFLING SECURED SCREWS,BAFFLE SCREWS LOOSE ON #3 CYL BAFFLE. PARTIALLY REMOVED #3 CYL BAFFLING SECURED SCREWS & OIL,BAFFLE SCREWS LOOSE ON #3 CYL BAFFLE. PARTIALLY REMOVED #3 CYL BAFFLING SECURED SCREWS & OIL,True,True,none
105047::combined,105047,sensitivity,raw,OIL LEAK DISCOVERED ON #2 CYL. INSTALLED NEW #2 ROCKER BOX COVER GASKET. RESAFETIED BO,OIL LEAK DISCOVERED ON NUMBER TWO CYLINDER. INSTALLED NEW NUMBER TWO ROCKER BOX COVER GASKET. RESAFETIED BOX COVER,OIL LEAK DISCOVERED ON #2 CYL. INSTALLED NEW #2 ROCKER BOX COVER GASKET. RESAFETIED BO,OIL LEAK DISCOVERED ON #2 CYL. INSTALLED NEW #2 ROCKER BOX COVER GASKET. RESAFETIED BO,True,True,none
105054::combined,105054,sensitivity,raw,"OIL COMING OUT OF TOP L/H COWLING. PERFORMED GROUND RUN, VERIFIED OIL LEAKAGE @ LIFTING EY","OIL COMING OUT OF TOP LEFT-HAND COWLING. PERFORMED GROUND RUN, VERIFIED OIL LEAKAGE AT LIFTING EYE BOLT","OIL COMING OUT OF TOP L/H COWLING. PERFORMED GROUND RUN, VERIFIED OIL LEAKAGE @ LIFTING EY","OIL COMING OUT OF TOP L/H COWLING. PERFORMED GROUND RUN, VERIFIED OIL LEAKAGE @ LIFTING EY",True,True,none
105055::combined,105055,sensitivity,raw,R/H ENGINE OVER TEMP 503*. PERFORMED GROUND RUN; ALL SYSTEMS CK GOOD. CK'ED COMPRE,RIGHT-HAND ENGINE OVER TEMPERATURE FIVE HUNDRED AND THREE DEGREES. PERFORMED GROUND RUN; ALL SYSTEMS CHECK GOOD. CHECKED COMPRESSIONS,R/H ENGINE OVER TEMP 503*. PERFORMED GROUND RUN; ALL SYSTEMS CK GOOD. CK'ED COMPRE,R/H ENGINE OVER TEMP 503*. PERFORMED GROUND RUN; ALL SYSTEMS CK GOOD. CK'ED COMPRE,True,True,none
105060::combined,105060,sensitivity,raw,"L/H ENGINE #2 CYL COMPRESSION LOW. REMOVED FWD EXHAUST ASSY, #2 CYL & BAFFLES, R/H SIDE IN","LEFT-HAND ENGINE NUMBER TWO CYLINDER COMPRESSION LOW. REMOVED FORWARD EXHAUST ASSEMBLY, NUMBER TWO CYLINDER AND BAFFLES, RIGHT-HAND SIDE INTAKE","L/H ENGINE #2 CYL COMPRESSION LOW. REMOVED FWD EXHAUST ASSY, #2 CYL & BAFFLES, R/H SIDE IN","L/H ENGINE #2 CYL COMPRESSION LOW. REMOVED FWD EXHAUST ASSY, #2 CYL & BAFFLES, R/H SIDE IN",True,True,none
105080::combined,105080,sensitivity,raw,"DURING FLIGHT, L/H ENGINE WAS RUNNING ROUGH. COULD NOT GET V MAG TIMING CK'ED GOOD. BORE SCOPED CYL #4; NO DEFECTS N","DURING FLIGHT, LEFT-HAND ENGINE WAS RUNNING ROUGH. MAGNETO TIMING CHECKED GOOD. BORE SCOPED CYLINDER NUMBER FOUR; NO DEFECTS NOTED","DURING FLIGHT, L/H ENGINE WAS RUNNING ROUGH. COULD NOT GET V MAG TIMING CK'ED GOOD. BORE SCOPED CYL #4; NO DEFECTS N","DURING FLIGHT, L/H ENGINE WAS RUNNING ROUGH. COULD NOT GET V MAG TIMING CK'ED GOOD. BORE SCOPED CYL #4; NO DEFECTS N",True,True,none
105081::combined,105081,sensitivity,raw,"DURING FLIGHT, L/H ENGINE WAS RUNNING ROUGH. COULD NOT GET V PERFORMED GROUND RUN, NO DEFECTS NOTED. PULLED ENGINE D","DURING FLIGHT, LEFT-HAND ENGINE WAS RUNNING ROUGH. PERFORMED GROUND RUN, NO DEFECTS NOTED. PULLED ENGINE","DURING FLIGHT, L/H ENGINE WAS RUNNING ROUGH. COULD NOT GET V PERFORMED GROUND RUN, NO DEFECTS NOTED. PULLED ENGINE D","DURING FLIGHT, L/H ENGINE WAS RUNNING ROUGH. COULD NOT GET V PERFORMED GROUND RUN, NO DEFECTS NOTED. PULLED ENGINE D",True,True,none
105082::combined,105082,sensitivity,raw,"DURING RUN UP, BROUGHT THROTTLE TO IDLE; ENGINE SHUT DOWN. RAN A/C & FOUND LOW IDLE SPEED. ADJUSTED IDLE SPEED. OP","DURING RUN UP, BROUGHT THROTTLE TO IDLE; ENGINE SHUT DOWN. RAN AIRCRAFT AND FOUND LOW IDLE SPEED. ADJUSTED IDLE SPEED.","DURING RUN UP, BROUGHT THROTTLE TO IDLE; ENGINE SHUT DOWN. RAN A/C & FOUND LOW IDLE SPEED. ADJUSTED IDLE SPEED. OP","DURING RUN UP, BROUGHT THROTTLE TO IDLE; ENGINE SHUT DOWN. RAN A/C & FOUND LOW IDLE SPEED. ADJUSTED IDLE SPEED. OP",True,True,none
105088::combined,105088,sensitivity,raw,ENGINE WAS SPUTTERING LIKE IT WAS GOING TO CUT OUT AT 1000 R RAN UP ENGINE. COULD NOT DUPLICATE DISCREP. ENGINE RUNS,ENGINE WAS SPUTTERING LIKE IT WAS GOING TO CUT OUT AT ONE THOUSAND RPM. RAN UP ENGINE. COULD NOT DUPLICATE DISCREPANCY. ENGINE RUNS,ENGINE WAS SPUTTERING LIKE IT WAS GOING TO CUT OUT AT 1000 R RAN UP ENGINE. COULD NOT DUPLICATE DISCREP. ENGINE RUNS,ENGINE WAS SPUTTERING LIKE IT WAS GOING TO CUT OUT AT 1000 R RAN UP ENGINE. COULD NOT DUPLICATE DISCREP. ENGINE RUNS,True,True,none
105091::combined,105091,sensitivity,raw,"STUCK VALVE ON #3 CYL. DAMAGE TO PUSH ROD & HOUSING. REMOVED CYL ASSY, INSTALLED NEW CYL ASSY USING SERVICEA","STUCK VALVE ON NUMBER THREE CYLINDER. DAMAGE TO PUSH ROD AND HOUSING. REMOVED CYLINDER ASSEMBLY, INSTALLED NEW CYLINDER ASSEMBLY USING SERVICEANLE HARDWARE","STUCK VALVE ON #3 CYL. DAMAGE TO PUSH ROD & HOUSING. REMOVED CYL ASSY, INSTALLED NEW CYL ASSY USING SERVICEA","STUCK VALVE ON #3 CYL. DAMAGE TO PUSH ROD & HOUSING. REMOVED CYL ASSY, INSTALLED NEW CYL ASSY USING SERVICEA",True,True,none
105102::combined,105102,sensitivity,raw,OVERSPED PROP TO 2720 RPM FOR APPROX 1 SECOND. REMOVED DATA CARD FROM A/C & DOWNLOADED DATA. C/W LYCOM,OVERSPED PROPELLER TO TWENTY SEVEN HUNDRED AND TWENTY RPM FOR APPROXIMATELY ONE SECOND. REMOVED DATA CARD FROM AIRCRAFT AND DOWNLOADED DATA. COMPLIED WITH LYCOMING,OVERSPED PROP TO 2720 RPM FOR APPROX 1 SECOND. REMOVED DATA CARD FROM A/C & DOWNLOADED DATA. C/W LYCOM,OVERSPED PROP TO 2720 RPM FOR APPROX 1 SECOND. REMOVED DATA CARD FROM A/C & DOWNLOADED DATA. C/W LYCOM,True,True,none
105110::combined,105110,sensitivity,raw,"ROUGH RUNNING ENGINE ON START UP. FOUND #2 EXHAUST GUIDE TIGHT, W/ CARBON. REAMED ALL EXH","ROUGH RUNNING ENGINE ON START UP. FOUND NUMBER TWO EXHAUST GUIDE TIGHT, WITH CARBON. REAMED ALL EXHAUST GUIDES","ROUGH RUNNING ENGINE ON START UP. FOUND #2 EXHAUST GUIDE TIGHT, W/ CARBON. REAMED ALL EXH","ROUGH RUNNING ENGINE ON START UP. FOUND #2 EXHAUST GUIDE TIGHT, W/ CARBON. REAMED ALL EXH",True,True,none
105113::combined,105113,sensitivity,raw,"PROP WAS OVERSPED TO 2720 FOR 6 SECONDS. REMOVED DATA CARD & REVIEWED INFORMATION, FOUND OVERSPE","PROPELLER WAS OVERSPED TO TWENTY SEVEN HUNDRED AND TWENTY FOR SIX SECONDS. REMOVED DATA CARD AND REVIEWED INFORMATION, FOUND OVERSPEED","PROP WAS OVERSPED TO 2720 FOR 6 SECONDS. REMOVED DATA CARD & REVIEWED INFORMATION, FOUND OVERSPE","PROP WAS OVERSPED TO 2720 FOR 6 SECONDS. REMOVED DATA CARD & REVIEWED INFORMATION, FOUND OVERSPE",True,True,none
105123::combined,105123,sensitivity,raw,"UPON ENGINE START UP; WHEN INCREASING THROTTLE TO 1200 TO LE RAN A/C, PERFORMED FOULED PLUG PROCEDURE. OPS GOOD. RAN","UPON ENGINE START UP; WHEN INCREASING THROTTLE TO TWELVE HUNDRED TO LEAN. RAN AIRCRAFT, PERFORMED FOULED PLUG PROCEDURE. OPERATIONS GOOD.","UPON ENGINE START UP; WHEN INCREASING THROTTLE TO 1200 TO LE RAN A/C, PERFORMED FOULED PLUG PROCEDURE. OPS GOOD. RAN","UPON ENGINE START UP; WHEN INCREASING THROTTLE TO 1200 TO LE RAN A/C, PERFORMED FOULED PLUG PROCEDURE. OPS GOOD. RAN",True,True,none
105133::combined,105133,sensitivity,raw,"L/H ENGINE RUNS @ 2700, R/H ONLY 2600. ADJUSTED FINE ADJUSTMENT SCREW ON GOVERNOR 4 TURNS COUN","LEFT-HAND ENGINE RUNS AT TWENTY SEVEN HUNDRED, RIGHT-HAND ONLY TWENTY SIX HUNDRED. ADJUSTED FINE ADJUSTMENT SCREW ON GOVERNOR FOUR TURNS COUNTERCLOCKWISE","L/H ENGINE RUNS @ 2700, R/H ONLY 2600. ADJUSTED FINE ADJUSTMENT SCREW ON GOVERNOR 4 TURNS COUN","L/H ENGINE RUNS @ 2700, R/H ONLY 2600. ADJUSTED FINE ADJUSTMENT SCREW ON GOVERNOR 4 TURNS COUN",True,True,none
105137::combined,105137,sensitivity,raw,"ON CLIMB OUT, HAD AN AUDIBLE RPM DROP & LOSS OF 400 RPM. ENG PERFORMED GROUND RUN; UNABLE TO DUPLICATE. PERFORMED CO","ON CLIMB OUT, HAD AN AUDIBLE RPM DROP AND LOSS OF FOUR HUNDRED RPM. ENGINE PERFORMED GROUND RUN; UNABLE TO DUPLICATE.","ON CLIMB OUT, HAD AN AUDIBLE RPM DROP & LOSS OF 400 RPM. ENG PERFORMED GROUND RUN; UNABLE TO DUPLICATE. PERFORMED CO","ON CLIMB OUT, HAD AN AUDIBLE RPM DROP & LOSS OF 400 RPM. ENG PERFORMED GROUND RUN; UNABLE TO DUPLICATE. PERFORMED CO",True,True,none
105138::combined,105138,sensitivity,raw,"ENGINE RAN VERY ROUGH A FEW DIFFERENT TIMES IN PATTERN. RPM RAN A/C, PERFORMED MAG CK SEVERAL TIMES - NO DEFECTS. R","ENGINE RAN VERY ROUGH A FEW DIFFERENT TIMES IN PATTERN. RPM RAN AIRCRAFT, PERFORMED MAGNETO CHECK SEVERAL TIMES, NO DEFECTS.","ENGINE RAN VERY ROUGH A FEW DIFFERENT TIMES IN PATTERN. RPM RAN A/C, PERFORMED MAG CK SEVERAL TIMES - NO DEFECTS. R","ENGINE RAN VERY ROUGH A FEW DIFFERENT TIMES IN PATTERN. RPM RAN A/C, PERFORMED MAG CK SEVERAL TIMES - NO DEFECTS. R",True,True,none
105139::combined,105139,sensitivity,raw,"OIL BREATHER LEAKING. REMOVED COWLING & CLEANED ENGINE. RAN A/C, FOUND ACCESS",OIL BREATHER LEAKING. REMOVED COWLING AND CLEANED ENGINE. RAN AIRCRAFT,"OIL BREATHER LEAKING. REMOVED COWLING & CLEANED ENGINE. RAN A/C, FOUND ACCESS","OIL BREATHER LEAKING. REMOVED COWLING & CLEANED ENGINE. RAN A/C, FOUND ACCESS",True,True,none
105142::combined,105142,sensitivity,raw,PROP OVERSPEED TO 2630. INSPECTED DATA FROM FDM CARD. FOUND TO BE 2667.8; WHICH,PROPELLER OVERSPEED TO TWENTY SIX HUNDRED AND THIRTY. INSPECTED DATA FROM FDM CARD. FOUND TO BE TWENTY SIX HUNDRED AND SIXTY SEVEN POINT EIGHT,PROP OVERSPEED TO 2630. INSPECTED DATA FROM FDM CARD. FOUND TO BE 2667.8; WHICH,PROP OVERSPEED TO 2630. INSPECTED DATA FROM FDM CARD. FOUND TO BE 2667.8; WHICH,True,True,none
105148::combined,105148,sensitivity,raw,L/H ENG #2 CYLINDER COMPRESSION LOW. REMOVED HARDWARE & ATTACHING COMPONENTS TO #2 CYL. REMO,LEFT-HAND ENGINE NUMBER TWO CYLINDER COMPRESSION LOW. REMOVED HARDWARE AND ATTACHING COMPONENTS TO NUMBER TWO CYLINDER.,L/H ENG #2 CYLINDER COMPRESSION LOW. REMOVED HARDWARE & ATTACHING COMPONENTS TO #2 CYL. REMO,L/H ENG #2 CYLINDER COMPRESSION LOW. REMOVED HARDWARE & ATTACHING COMPONENTS TO #2 CYL. REMO,True,True,none
105153::combined,105153,sensitivity,raw,R/H REAR ENGINE BAFFLE MOUNT RIVETS BROKEN. REMOVED CYL #3 AFT BAFFLE. REPLACED DAMAGED FASTENERS &,RIGHT-HAND REAR ENGINE BAFFLE MOUNT RIVETS BROKEN. REMOVED CYLINDER NUMBER THREE AFT BAFFLE. REPLACED DAMAGED FASTENERS,R/H REAR ENGINE BAFFLE MOUNT RIVETS BROKEN. REMOVED CYL #3 AFT BAFFLE. REPLACED DAMAGED FASTENERS &,R/H REAR ENGINE BAFFLE MOUNT RIVETS BROKEN. REMOVED CYL #3 AFT BAFFLE. REPLACED DAMAGED FASTENERS &,True,True,none
105166::combined,105166,sensitivity,raw,"R/H REAR BAFFLE HAS SHEARED RIVET. REMOVED BAFFLE, DRILLED OUT RIVETS & REINSTALLED W/ SCR","RIGHT-HAND REAR BAFFLE HAS SHEARED RIVET. REMOVED BAFFLE, DRILLED OUT RIVETS AND REINSTALLED WITH SCREWS","R/H REAR BAFFLE HAS SHEARED RIVET. REMOVED BAFFLE, DRILLED OUT RIVETS & REINSTALLED W/ SCR","R/H REAR BAFFLE HAS SHEARED RIVET. REMOVED BAFFLE, DRILLED OUT RIVETS & REINSTALLED W/ SCR",True,True,none
105174::combined,105174,sensitivity,raw,ENGINE RPM WOULD NOT STABILIZE. CONSTENTLY VARYING & STUDDER COULD NOT DUPLICATE DISCREP.,ENGINE RPM WOULD NOT STABILIZE. CONSTANTLY VARYING AND STUDDERING. COULD NOT DUPLICATE DISCREPANCY.,ENGINE RPM WOULD NOT STABILIZE. CONSTENTLY VARYING & STUDDER COULD NOT DUPLICATE DISCREP.,ENGINE RPM WOULD NOT STABILIZE. CONSTENTLY VARYING & STUDDER COULD NOT DUPLICATE DISCREP.,True,True,none
105176::combined,105176,sensitivity,raw,"DURING ENTIRE FLIGHT L/H RPM WOULD INCREASE SIGNIFICANTLY, R PERFORMED FULL GROUND RUN, OPS CK'ED GOOD. INSP L/H ENG","DURING ENTIRE FLIGHT LEFT-HAND RPM WOULD INCREASE SIGNIFICANTLY. PERFORMED FULL GROUND RUN, OPERATIONS CHECKED GOOD. INSPECTED LEFT-HAND ENGINE","DURING ENTIRE FLIGHT L/H RPM WOULD INCREASE SIGNIFICANTLY, R PERFORMED FULL GROUND RUN, OPS CK'ED GOOD. INSP L/H ENG","DURING ENTIRE FLIGHT L/H RPM WOULD INCREASE SIGNIFICANTLY, R PERFORMED FULL GROUND RUN, OPS CK'ED GOOD. INSP L/H ENG",True,True,none
105179::combined,105179,sensitivity,raw,"R/H REAR ENGINE BAFFLE MOUNT LOOSE. REMOVED ENGINE BAFFLE, TIGHTENED SCREWS & REINSTALLED E","RIGHT-HAND REAR ENGINE BAFFLE MOUNT LOOSE. REMOVED ENGINE BAFFLE, TIGHTENED SCREWS AND REINSTALLED ENGINE BAFFLE","R/H REAR ENGINE BAFFLE MOUNT LOOSE. REMOVED ENGINE BAFFLE, TIGHTENED SCREWS & REINSTALLED E","R/H REAR ENGINE BAFFLE MOUNT LOOSE. REMOVED ENGINE BAFFLE, TIGHTENED SCREWS & REINSTALLED E",True,True,none
105198::combined,105198,sensitivity,raw,"DURING CLIMB OUT THE ENGINE RAN ROUGH. SPUTTERING WAS ALSO N PERFORMED GROUND RUN OF A/C, NO DEFECTS FOUND. INSPECTE","DURING CLIMB OUT THE ENGINE RAN ROUGH. SPUTTERING WAS ALSO NOTED. PERFORMED GROUND RUN OF AIRCRAFT, NO DEFECTS FOUND.","DURING CLIMB OUT THE ENGINE RAN ROUGH. SPUTTERING WAS ALSO N PERFORMED GROUND RUN OF A/C, NO DEFECTS FOUND. INSPECTE","DURING CLIMB OUT THE ENGINE RAN ROUGH. SPUTTERING WAS ALSO N PERFORMED GROUND RUN OF A/C, NO DEFECTS FOUND. INSPECTE",True,True,none
105202::combined,105202,sensitivity,raw,#4 INTAKE GASKET LEAKING ON L/H ENGINE. REMOVED & REPLACED W/ NEW INTAKE GASKET. FOUND PRIMER L,NUMBER FOUR INTAKE GASKET LEAKING ON LEFT-HAND ENGINE. REMOVED AND REPLACED WITH NEW INTAKE GASKET.,#4 INTAKE GASKET LEAKING ON L/H ENGINE. REMOVED & REPLACED W/ NEW INTAKE GASKET. FOUND PRIMER L,#4 INTAKE GASKET LEAKING ON L/H ENGINE. REMOVED & REPLACED W/ NEW INTAKE GASKET. FOUND PRIMER L,True,True,none
105217::combined,105217,sensitivity,raw,"DURING POST FLIGHT FOUND OIL ON INTAKE PIPES. CLEANED OIL, RAN A/C, NO LEAKS NOTED. FOUND OIL TO BE R","DURING POST FLIGHT FOUND OIL ON INTAKE PIPES. CLEANED OIL, RAN AIRCRAFT, NO LEAKS NOTED.","DURING POST FLIGHT FOUND OIL ON INTAKE PIPES. CLEANED OIL, RAN A/C, NO LEAKS NOTED. FOUND OIL TO BE R","DURING POST FLIGHT FOUND OIL ON INTAKE PIPES. CLEANED OIL, RAN A/C, NO LEAKS NOTED. FOUND OIL TO BE R",True,True,none
105220::combined,105220,sensitivity,raw,"R/H ENG #3 ROCKER COVER GASKET LEAKING. REMOVED COVER, FOUND DEBRIS UNDER SILICONE GASKET. CLEA","RIGHT-HAND ENGINE NUMBER THREE ROCKER COVER GASKET LEAKING. REMOVED COVER, FOUND DEBRIS UNDER SILICONE GASKET. CLEANED","R/H ENG #3 ROCKER COVER GASKET LEAKING. REMOVED COVER, FOUND DEBRIS UNDER SILICONE GASKET. CLEA","R/H ENG #3 ROCKER COVER GASKET LEAKING. REMOVED COVER, FOUND DEBRIS UNDER SILICONE GASKET. CLEA",True,True,none
105241::combined,105241,sensitivity,raw,R/H AFT BAFFLE BRACKET HAS BROKEN RIVETS. REMOVED BAFFLE. REMOVED & REPLACED DAMAGED RIVETS. REIN,RIGHT-HAND AFT BAFFLE BRACKET HAS BROKEN RIVETS. REMOVED BAFFLE. REMOVED AND REPLACED DAMAGED RIVETS. REINSTALLED BAFFLE,R/H AFT BAFFLE BRACKET HAS BROKEN RIVETS. REMOVED BAFFLE. REMOVED & REPLACED DAMAGED RIVETS. REIN,R/H AFT BAFFLE BRACKET HAS BROKEN RIVETS. REMOVED BAFFLE. REMOVED & REPLACED DAMAGED RIVETS. REIN,True,True,none
105244::combined,105244,sensitivity,raw,ROUGH ENGINE REMOVED ENG CYLINDER TOP & BOTTM SPARK PLUGS. CLEANED &,ROUGH ENGINE. REMOVED ENGINE CYLINDER TOP AND BOTTOM SPARK PLUGS. CLEANED,ROUGH ENGINE REMOVED ENG CYLINDER TOP & BOTTM SPARK PLUGS. CLEANED &,ROUGH ENGINE REMOVED ENG CYLINDER TOP & BOTTM SPARK PLUGS. CLEANED &,True,True,none
105253::combined,105253,sensitivity,raw,#3 CYLINDER HAS LOW COMPRESSION. OPS & LEAK CK GOOD. REMOVED & REPLACED PUSH ROD. REMOVE,NUMBER THREE CYLINDER HAS LOW COMPRESSION. OPERATIONS AND LEAK CHECK GOOD. REMOVED AND REPLACED PUSH ROD.,#3 CYLINDER HAS LOW COMPRESSION. OPS & LEAK CK GOOD. REMOVED & REPLACED PUSH ROD. REMOVE,#3 CYLINDER HAS LOW COMPRESSION. OPS & LEAK CK GOOD. REMOVED & REPLACED PUSH ROD. REMOVE,True,True,none
105254::combined,105254,sensitivity,raw,#3 CYLINDER HAS LOW COMPRESSION. REMOVED CYLINDER. TRANSFERRED INJECTOR & CHT PROBE TO O,NUMBER THREE CYLINDER HAS LOW COMPRESSION. REMOVED CYLINDER. TRANSFERRED INJECTOR AND CHT PROBE,#3 CYLINDER HAS LOW COMPRESSION. REMOVED CYLINDER. TRANSFERRED INJECTOR & CHT PROBE TO O,#3 CYLINDER HAS LOW COMPRESSION. REMOVED CYLINDER. TRANSFERRED INJECTOR & CHT PROBE TO O,True,True,none
105255::combined,105255,sensitivity,raw,ANY INCREASE IN THROTTLE WOULD CAUSE SPUTTER & DROP IN RPM. PERFORMED GROUND RUN W/ ENGINE AT OPERATING TEMP. ALL E,ANY INCREASE IN THROTTLE WOULD CAUSE SPUTTER AND DROP IN RPM. PERFORMED GROUND RUN WITH ENGINE AT OPERATING TEMPERATURE.,ANY INCREASE IN THROTTLE WOULD CAUSE SPUTTER & DROP IN RPM. PERFORMED GROUND RUN W/ ENGINE AT OPERATING TEMP. ALL E,ANY INCREASE IN THROTTLE WOULD CAUSE SPUTTER & DROP IN RPM. PERFORMED GROUND RUN W/ ENGINE AT OPERATING TEMP. ALL E,True,True,none
105261::combined,105261,sensitivity,raw,#2 CYL COMPRESSION LOW. REMOVED BAFFLING FOR #2 CYL & ATTACHING PARTS. REMOVED,NUMBER TWO CYLINDER COMPRESSION LOW. REMOVED BAFFLING FOR NUMBER TWO CYLINDER AND ATTACHING PARTS.,#2 CYL COMPRESSION LOW. REMOVED BAFFLING FOR #2 CYL & ATTACHING PARTS. REMOVED,#2 CYL COMPRESSION LOW. REMOVED BAFFLING FOR #2 CYL & ATTACHING PARTS. REMOVED,True,True,none
105270::combined,105270,sensitivity,raw,"#2 CYL VALVE STICKING. REMOVED #2 CYL BAFFLING, INTAKE, EXHAUST & OIL RETURN T","NUMBER TWO CYLINDER VALVE STICKING. REMOVED NUMBER TWO CYLINDER BAFFLING, INTAKE, EXHAUST AND OIL RETURN TUBE","#2 CYL VALVE STICKING. REMOVED #2 CYL BAFFLING, INTAKE, EXHAUST & OIL RETURN T","#2 CYL VALVE STICKING. REMOVED #2 CYL BAFFLING, INTAKE, EXHAUST & OIL RETURN T",True,True,none
105271::combined,105271,sensitivity,raw,"DURING CLIMB OUT, L/H ENGINE SHUTTERED 3 TIMES. EACH TIME RP RAN A/C, COULD NOT DUPLICATE. ALL CHECKS GOOD.","DURING CLIMB OUT, LEFT-HAND ENGINE SHUTTERED THREE TIMES. RAN AIRCRAFT, COULD NOT DUPLICATE. ALL CHECKS GOOD.","DURING CLIMB OUT, L/H ENGINE SHUTTERED 3 TIMES. EACH TIME RP RAN A/C, COULD NOT DUPLICATE. ALL CHECKS GOOD.","DURING CLIMB OUT, L/H ENGINE SHUTTERED 3 TIMES. EACH TIME RP RAN A/C, COULD NOT DUPLICATE. ALL CHECKS GOOD.",True,True,none
105279::combined,105279,sensitivity,raw,"WHEN CLIMBING, HEARD ENGINE W/ SOME NOISE. ENGINE MADE A THU INSPECTED ENGINE, NO DEFECTS. RAN A/C, ALL SYSTEMS W/IN","WHEN CLIMBING, HEARD ENGINE WITH SOME NOISE. INSPECTED ENGINE, NO DEFECTS. RAN AIRCRAFT, ALL SYSTEMS WITHIN NORMAL PARAMETERS","WHEN CLIMBING, HEARD ENGINE W/ SOME NOISE. ENGINE MADE A THU INSPECTED ENGINE, NO DEFECTS. RAN A/C, ALL SYSTEMS W/IN","WHEN CLIMBING, HEARD ENGINE W/ SOME NOISE. ENGINE MADE A THU INSPECTED ENGINE, NO DEFECTS. RAN A/C, ALL SYSTEMS W/IN",True,True,none
105282::combined,105282,sensitivity,raw,"AFTER ENGINE & ROTOR RUN UP, RPM DROPPED 250 & CONTINUED TO COMPLETED ASSY OF ENGINE. RAN UP ENGINE, OPS & LEAK CK","AFTER ENGINE AND ROTOR RUN UP, RPM DROPPED TWO HUNDRED AND FIFTY. COMPLETED ASSEMBLY OF ENGINE. RAN UP ENGINE, OPERATIONS AND LEAK CHECK","AFTER ENGINE & ROTOR RUN UP, RPM DROPPED 250 & CONTINUED TO COMPLETED ASSY OF ENGINE. RAN UP ENGINE, OPS & LEAK CK","AFTER ENGINE & ROTOR RUN UP, RPM DROPPED 250 & CONTINUED TO COMPLETED ASSY OF ENGINE. RAN UP ENGINE, OPS & LEAK CK",True,True,none
105283::combined,105283,sensitivity,raw,"AFTER ENGINE & ROTOR RUN UP, RPM DROPPED 250 & CONTINUED TO PERFORMED LYCOMING , FOUND #2, 4 EXHAUST VALVE G","AFTER ENGINE AND ROTOR RUN UP, RPM DROPPED TWENTY HUNDRED AND FIFTY. PERFORMED LYCOMING , FOUND NUMBER TWO, AND NUMBER FOUR EXHAUST VALVE GUIDES DAMAGED","AFTER ENGINE & ROTOR RUN UP, RPM DROPPED 250 & CONTINUED TO PERFORMED LYCOMING , FOUND #2, 4 EXHAUST VALVE G","AFTER ENGINE & ROTOR RUN UP, RPM DROPPED 250 & CONTINUED TO PERFORMED LYCOMING , FOUND #2, 4 EXHAUST VALVE G",True,True,none
105295::combined,105295,sensitivity,raw,"DURING FLIGHT, HIGH OIL PSI OCCURRED. WHEN EXERCISE PROP, OI RAN A/C, OPS CK GOOD.","DURING FLIGHT, HIGH OIL PSI OCCURRED. RAN AIRCRAFT, OPERATIONS CHECK GOOD.","DURING FLIGHT, HIGH OIL PSI OCCURRED. WHEN EXERCISE PROP, OI RAN A/C, OPS CK GOOD.","DURING FLIGHT, HIGH OIL PSI OCCURRED. WHEN EXERCISE PROP, OI RAN A/C, OPS CK GOOD.",True,True,none
105303::combined,105303,sensitivity,raw,LOW COMPRESSION (40/80) ON #3 CYLINDER. AIR LEAKING FROM EXH BEGAN REPLACEMENT OF CYLINDER. REPLACED OLD CYLINDER W/,"LOW COMPRESSION, FORTY OUT OF EIGHTY, ON NUMBER THREE CYLINDER. AIR LEAKING FROM EXHAUST VALVE. BEGAN REPLACEMENT OF CYLINDER. REPLACED OLD CYLINDER WITH NEW",LOW COMPRESSION (40/80) ON #3 CYLINDER. AIR LEAKING FROM EXH BEGAN REPLACEMENT OF CYLINDER. REPLACED OLD CYLINDER W/,LOW COMPRESSION (40/80) ON #3 CYLINDER. AIR LEAKING FROM EXH BEGAN REPLACEMENT OF CYLINDER. REPLACED OLD CYLINDER W/,True,True,none
105304::combined,105304,sensitivity,raw,LOW COMPRESSION (40/80) ON #3 CYLINDER. AIR LEAKING FROM EXH CHASED THREADS ON INTAKE PORT TO CLEAN THREADS. INSTALL,"LOW COMPRESSION, FORTY OUT OF EIGHTY, ON NUMBER THREE CYLINDER. AIR LEAKING FROM EXHAUST VALVE. CHASED THREADS ON INTAKE PORT TO CLEAN THREADS. INSTALLED NEW CYLINDER",LOW COMPRESSION (40/80) ON #3 CYLINDER. AIR LEAKING FROM EXH CHASED THREADS ON INTAKE PORT TO CLEAN THREADS. INSTALL,LOW COMPRESSION (40/80) ON #3 CYLINDER. AIR LEAKING FROM EXH CHASED THREADS ON INTAKE PORT TO CLEAN THREADS. INSTALL,True,True,none
105308::combined,105308,sensitivity,raw,L/H ENG #3 CYL COMPRESSION LOW. REMOVED #3 CYL BAFFLING & CONNECTING COMPONENTS AND HAR,LEFT-HAND ENGINE NUMBER THREE CYLINDER COMPRESSION LOW. REMOVED NUMBER THREE CYLINDER BAFFLING AND CONNECTING COMPONENTS AND HARDWARE,L/H ENG #3 CYL COMPRESSION LOW. REMOVED #3 CYL BAFFLING & CONNECTING COMPONENTS AND HAR,L/H ENG #3 CYL COMPRESSION LOW. REMOVED #3 CYL BAFFLING & CONNECTING COMPONENTS AND HAR,True,True,none
105311::combined,105311,sensitivity,raw,"DURING FLIGHT, ENGINE RPM WAS 2740 FOR 3 SECONDS. REMOVED SD CARD & C/W LYCOMING , OVERSPEED CONSI","DURING FLIGHT, ENGINE RPM WAS TWENTY SEVEN HUNDRED AND FORTY FOR THREE SECONDS. REMOVED SD CARD AND COMPLIED WITH LYCOMING","DURING FLIGHT, ENGINE RPM WAS 2740 FOR 3 SECONDS. REMOVED SD CARD & C/W LYCOMING , OVERSPEED CONSI","DURING FLIGHT, ENGINE RPM WAS 2740 FOR 3 SECONDS. REMOVED SD CARD & C/W LYCOMING , OVERSPEED CONSI",True,True,none
105314::combined,105314,sensitivity,raw,"LARGE POOL OF OIL UNDER ENGINE. OIL HAS BEEN ADDED LAST 2 DA RAN A/C, NO LEAKS NOTED. OBSERVED A/C FOR SEVERAL HOURS","LARGE POOL OF OIL UNDER ENGINE. OIL HAS BEEN ADDED LAST TWO DAYS. RAN AIRCRAFT, NO LEAKS NOTED. OBSERVED AIRCRAFT FOR SEVERAL HOURS","LARGE POOL OF OIL UNDER ENGINE. OIL HAS BEEN ADDED LAST 2 DA RAN A/C, NO LEAKS NOTED. OBSERVED A/C FOR SEVERAL HOURS","LARGE POOL OF OIL UNDER ENGINE. OIL HAS BEEN ADDED LAST 2 DA RAN A/C, NO LEAKS NOTED. OBSERVED A/C FOR SEVERAL HOURS",True,True,none
105320::combined,105320,sensitivity,raw,"AFTER ENGINE START, THERE WAS ENGINE VIBRATION. SUSPECT CYL INSPECTED & FOUND #4 PISTON SMILED NEAR EXHAUST VALVE.","AFTER ENGINE START, THERE WAS ENGINE VIBRATION. SUSPECT CYLINDER DAMAGE. INSPECTED AND FOUND NUMBER FOUR PISTON SMILED NEAR EXHAUST VALVE.","AFTER ENGINE START, THERE WAS ENGINE VIBRATION. SUSPECT CYL INSPECTED & FOUND #4 PISTON SMILED NEAR EXHAUST VALVE.","AFTER ENGINE START, THERE WAS ENGINE VIBRATION. SUSPECT CYL INSPECTED & FOUND #4 PISTON SMILED NEAR EXHAUST VALVE.",True,True,none
105321::combined,105321,sensitivity,raw,"AFTER ENGINE START, THERE WAS ENGINE VIBRATION. SUSPECT CYL REMOVED #4 CYL ASSY, BEGAN INSTALLATION OF NEW CYL #4.","AFTER ENGINE START, THERE WAS ENGINE VIBRATION. SUSPECT CYLINDER DAMAGE. REMOVED NUMBER FOUR CYLINDER ASSEMBLY, BEGAN INSTALLATION OF NEW CYLINDER NUMBER FOUR.","AFTER ENGINE START, THERE WAS ENGINE VIBRATION. SUSPECT CYL REMOVED #4 CYL ASSY, BEGAN INSTALLATION OF NEW CYL #4.","AFTER ENGINE START, THERE WAS ENGINE VIBRATION. SUSPECT CYL REMOVED #4 CYL ASSY, BEGAN INSTALLATION OF NEW CYL #4.",True,True,none
105322::combined,105322,sensitivity,raw,"AFTER ENGINE START, THERE WAS ENGINE VIBRATION. SUSPECT CYL CYL INSTALLATION DONE IAW LYCOMING OVERHAUL MANUAL. A/C","AFTER ENGINE START, THERE WAS ENGINE VIBRATION. SUSPECT CYLINDER DAMAGE. CYLINDER INSTALLATION DONE IN ACCORDANCE WITH LYCOMING OVERHAUL MANUAL.","AFTER ENGINE START, THERE WAS ENGINE VIBRATION. SUSPECT CYL CYL INSTALLATION DONE IAW LYCOMING OVERHAUL MANUAL. A/C","AFTER ENGINE START, THERE WAS ENGINE VIBRATION. SUSPECT CYL CYL INSTALLATION DONE IAW LYCOMING OVERHAUL MANUAL. A/C",True,True,none
105323::combined,105323,sensitivity,raw,"AFTER ENGINE START, THERE WAS ENGINE VIBRATION. SUSPECT CYL FINISHED INSTALLATION OF CYL. INSTALLED PUSH RODS & ROC","AFTER ENGINE START, THERE WAS ENGINE VIBRATION. SUSPECT CYLINDER DAMAGE. FINISHED INSTALLATION OF CYLINDER. INSTALLED PUSH RODS AND ROCKER COVERS","AFTER ENGINE START, THERE WAS ENGINE VIBRATION. SUSPECT CYL FINISHED INSTALLATION OF CYL. INSTALLED PUSH RODS & ROC","AFTER ENGINE START, THERE WAS ENGINE VIBRATION. SUSPECT CYL FINISHED INSTALLATION OF CYL. INSTALLED PUSH RODS & ROC",True,True,none
105329::combined,105329,sensitivity,raw,"DURING STEEP TURNS, ENGINE BEGAN TO STRUGGLE & COUGHED OFTEN BLED LIFTER, REINSTALLED W/ NEW PUSH ROD SEALS. REINSTA","DURING STEEP TURNS, ENGINE BEGAN TO STRUGGLE AND COUGHED OFTEN. BLED LIFTER, REINSTALLED WITH NEW PUSH ROD SEALS.","DURING STEEP TURNS, ENGINE BEGAN TO STRUGGLE & COUGHED OFTEN BLED LIFTER, REINSTALLED W/ NEW PUSH ROD SEALS. REINSTA","DURING STEEP TURNS, ENGINE BEGAN TO STRUGGLE & COUGHED OFTEN BLED LIFTER, REINSTALLED W/ NEW PUSH ROD SEALS. REINSTA",True,True,none
105330::combined,105330,sensitivity,raw,"DURING STEEP TURNS, ENGINE BEGAN TO STRUGGLE & COUGHED OFTEN PERFORMED GROUND RUN, VERIFIED ENGINE RAN W/ A SLIGHT M","DURING STEEP TURNS, ENGINE BEGAN TO STRUGGLE AND COUGHED OFTEN. PERFORMED GROUND RUN, VERIFIED ENGINE RAN WITH A SLIGHT MISADJUSTED MIXTURE","DURING STEEP TURNS, ENGINE BEGAN TO STRUGGLE & COUGHED OFTEN PERFORMED GROUND RUN, VERIFIED ENGINE RAN W/ A SLIGHT M","DURING STEEP TURNS, ENGINE BEGAN TO STRUGGLE & COUGHED OFTEN PERFORMED GROUND RUN, VERIFIED ENGINE RAN W/ A SLIGHT M",True,True,none
105331::combined,105331,sensitivity,raw,"DURING STEEP TURNS, ENGINE BEGAN TO STRUGGLE & COUGHED OFTEN INSTALLED -28 EXHAUST VALVE PUSH ROD, CLEARANCE CK'ED G","DURING STEEP TURNS, ENGINE BEGAN TO STRUGGLE AND COUGHED OFTEN. INSTALLED DASH TWENTY EIGHT EXHAUST VALVE PUSH ROD, CLEARANCE CHECKED GOOD","DURING STEEP TURNS, ENGINE BEGAN TO STRUGGLE & COUGHED OFTEN INSTALLED -28 EXHAUST VALVE PUSH ROD, CLEARANCE CK'ED G","DURING STEEP TURNS, ENGINE BEGAN TO STRUGGLE & COUGHED OFTEN INSTALLED -28 EXHAUST VALVE PUSH ROD, CLEARANCE CK'ED G",True,True,none
105332::combined,105332,sensitivity,raw,"DURING STEEP TURNS, ENGINE BEGAN TO STRUGGLE & COUGHED OFTEN FINISHED REINSTALLATION OF PLUGS, LEADS & #4 ROCKER COV","DURING STEEP TURNS, ENGINE BEGAN TO STRUGGLE AND COUGHED OFTEN. FINISHED REINSTALLATION OF PLUGS, LEADS AND NUMBER FOUR ROCKER COVER","DURING STEEP TURNS, ENGINE BEGAN TO STRUGGLE & COUGHED OFTEN FINISHED REINSTALLATION OF PLUGS, LEADS & #4 ROCKER COV","DURING STEEP TURNS, ENGINE BEGAN TO STRUGGLE & COUGHED OFTEN FINISHED REINSTALLATION OF PLUGS, LEADS & #4 ROCKER COV",True,True,none
105334::combined,105334,sensitivity,raw,"DURING LATE TAKEOFF ROLL & PATTERN; ENGINE SOUNDED LIKE IT W RAN A/C, CONFIRMED DISCREP. PERFORMED COMPRESSION CK, F","DURING LATE TAKEOFF ROLL AND PATTERN; ENGINE SOUNDED LIKE IT WANTED TO DIE. RAN AIRCRAFT, CONFIRMED DISCREPANCY. PERFORMED COMPRESSION CHECK","DURING LATE TAKEOFF ROLL & PATTERN; ENGINE SOUNDED LIKE IT W RAN A/C, CONFIRMED DISCREP. PERFORMED COMPRESSION CK, F","DURING LATE TAKEOFF ROLL & PATTERN; ENGINE SOUNDED LIKE IT W RAN A/C, CONFIRMED DISCREP. PERFORMED COMPRESSION CK, F",True,True,none
105335::combined,105335,sensitivity,raw,"DURING LATE TAKEOFF ROLL & PATTERN; ENGINE SOUNDED LIKE IT W REMOVED BAFFLING, #2 INTAKE, #2 EXHAUST, #2 INJECTOR LI","DURING LATE TAKEOFF ROLL AND PATTERN; ENGINE SOUNDED LIKE IT WANTED TO DIE. REMOVED BAFFLING, NUMBER TWO INTAKE, NUMBER TWO EXHAUST, NUMBER TWO INJECTOR LIFTER","DURING LATE TAKEOFF ROLL & PATTERN; ENGINE SOUNDED LIKE IT W REMOVED BAFFLING, #2 INTAKE, #2 EXHAUST, #2 INJECTOR LI","DURING LATE TAKEOFF ROLL & PATTERN; ENGINE SOUNDED LIKE IT W REMOVED BAFFLING, #2 INTAKE, #2 EXHAUST, #2 INJECTOR LI",True,True,none
105338::combined,105338,sensitivity,raw,"IN CRUISE, ON WAY TO PRACTICE AREA, ENGINE RPM DROPPED & THE RAN A/C, ALL CHECKS GOOD.","IN CRUISE, ON WAY TO PRACTICE AREA, ENGINE RPM DROPPED. RAN AIRCRAFT, ALL CHECKS GOOD.","IN CRUISE, ON WAY TO PRACTICE AREA, ENGINE RPM DROPPED & THE RAN A/C, ALL CHECKS GOOD.","IN CRUISE, ON WAY TO PRACTICE AREA, ENGINE RPM DROPPED & THE RAN A/C, ALL CHECKS GOOD.",True,True,none
105341::combined,105341,sensitivity,raw,"LARGE PUDDLE OF LIQUID UNDER ENGINE. REMOVED COWLING. WASHED ENGINE & COWLS, RAN A/C FOUND N","LARGE PUDDLE OF LIQUID UNDER ENGINE. REMOVED COWLING. WASHED ENGINE AND COWLS, RAN AIRCRAFT","LARGE PUDDLE OF LIQUID UNDER ENGINE. REMOVED COWLING. WASHED ENGINE & COWLS, RAN A/C FOUND N","LARGE PUDDLE OF LIQUID UNDER ENGINE. REMOVED COWLING. WASHED ENGINE & COWLS, RAN A/C FOUND N",True,True,none
105342::combined,105342,sensitivity,raw,"ON START UP, ENGINE RAN VERY ROUGH. TRIED TO INCREASE POWER PERFORMED GROUND RUN, VERIFIED DISCREP: RAN ROUGH IN AL","ON START UP, ENGINE RAN VERY ROUGH. TRIED TO INCREASE POWER. PERFORMED GROUND RUN, VERIFIED DISCREPANCY: RAN ROUGH IN ALL","ON START UP, ENGINE RAN VERY ROUGH. TRIED TO INCREASE POWER PERFORMED GROUND RUN, VERIFIED DISCREP: RAN ROUGH IN AL","ON START UP, ENGINE RAN VERY ROUGH. TRIED TO INCREASE POWER PERFORMED GROUND RUN, VERIFIED DISCREP: RAN ROUGH IN AL",True,True,none
105343::combined,105343,sensitivity,raw,"ON START UP, ENGINE RAN VERY ROUGH. TRIED TO INCREASE POWER PERFORMED COMPRESSION CK: #3 CYL HAD ZERO PSI. REAMED A","ON START UP, ENGINE RAN VERY ROUGH. TRIED TO INCREASE POWER. PERFORMED COMPRESSION CHECK: NUMBER THREE CYLINDER HAD ZERO PSI.","ON START UP, ENGINE RAN VERY ROUGH. TRIED TO INCREASE POWER PERFORMED COMPRESSION CK: #3 CYL HAD ZERO PSI. REAMED A","ON START UP, ENGINE RAN VERY ROUGH. TRIED TO INCREASE POWER PERFORMED COMPRESSION CK: #3 CYL HAD ZERO PSI. REAMED A",True,True,none
105345::combined,105345,sensitivity,raw,"AFTER ENGINE START UP, NOTICED VIBRATION & ROUGH RUNNING ENG REMOVED & REPLACED CYL #3 W/ NEW IAW LYCOMING OVERHAUL","AFTER ENGINE START UP, NOTICED VIBRATION AND ROUGH RUNNING ENGINE. REMOVED AND REPLACED CYLINDER NUMBER THREE WITH NEW IN ACCORDANCE WITH LYCOMING OVERHAUL MANUAL","AFTER ENGINE START UP, NOTICED VIBRATION & ROUGH RUNNING ENG REMOVED & REPLACED CYL #3 W/ NEW IAW LYCOMING OVERHAUL","AFTER ENGINE START UP, NOTICED VIBRATION & ROUGH RUNNING ENG REMOVED & REPLACED CYL #3 W/ NEW IAW LYCOMING OVERHAUL",True,True,none
105346::combined,105346,sensitivity,raw,"AFTER ENGINE START UP, NOTICED VIBRATION & ROUGH RUNNING ENG PERFORMED GROUND RUN, ENGINE RAN ROUGH. MAG SWITCH SELE","AFTER ENGINE START UP, NOTICED VIBRATION AND ROUGH RUNNING ENGINE. PERFORMED GROUND RUN, ENGINE RAN ROUGH.","AFTER ENGINE START UP, NOTICED VIBRATION & ROUGH RUNNING ENG PERFORMED GROUND RUN, ENGINE RAN ROUGH. MAG SWITCH SELE","AFTER ENGINE START UP, NOTICED VIBRATION & ROUGH RUNNING ENG PERFORMED GROUND RUN, ENGINE RAN ROUGH. MAG SWITCH SELE",True,True,none
105357::combined,105357,sensitivity,raw,#1 CYL BAFFLE IS CRACKED. FABRICATED PATCH W/ LIKE MATERIAL & RIVETED IAW,NUMBER ONE CYLINDER BAFFLE IS CRACKED. FABRICATED PATCH WITH LIKE MATERIAL AND RIVETED IN ACCORDANCE WITH REFERENCE MANUAL,#1 CYL BAFFLE IS CRACKED. FABRICATED PATCH W/ LIKE MATERIAL & RIVETED IAW,#1 CYL BAFFLE IS CRACKED. FABRICATED PATCH W/ LIKE MATERIAL & RIVETED IAW,True,True,none
105364::combined,105364,sensitivity,raw,"GROUND POWER CK NEEDED, L/H & R/H ENGINES. CAPPED BLEED - PERFORMED GROUND POWER PERFORMANCE CK, S","GROUND POWER CHECK NEEDED, LEFT-HAND AND RIGHT-HAND ENGINES. CAPPED BLEED, PERFORMED GROUND POWER PERFORMANCE CHECK","GROUND POWER CK NEEDED, L/H & R/H ENGINES. CAPPED BLEED - PERFORMED GROUND POWER PERFORMANCE CK, S","GROUND POWER CK NEEDED, L/H & R/H ENGINES. CAPPED BLEED - PERFORMED GROUND POWER PERFORMANCE CK, S",True,True,none
105365::combined,105365,sensitivity,raw,LOWER FWD ENGINE COWL NEEDS DOUBLER ON GUIDE HOLE FOR TOP CO INSTALLED DOUBLER ON I/B AFT ALIGNMENT PIN HOLE.,LOWER FORWARD ENGINE COWL NEEDS DOUBLER ON GUIDE HOLE FOR TOP COVER. INSTALLED DOUBLER ON INBOARD AFT ALIGNMENT PIN HOLE.,LOWER FWD ENGINE COWL NEEDS DOUBLER ON GUIDE HOLE FOR TOP CO INSTALLED DOUBLER ON I/B AFT ALIGNMENT PIN HOLE.,LOWER FWD ENGINE COWL NEEDS DOUBLER ON GUIDE HOLE FOR TOP CO INSTALLED DOUBLER ON I/B AFT ALIGNMENT PIN HOLE.,True,True,none
105366::combined,105366,sensitivity,raw,"VERIFY CONDITION OF R/H ENGINE FOR MISMATCH W/ L/H ENGINE. REMOVED POWER SECTION FROM R/H ENGINE, VISUALLY INSPECT","VERIFY CONDITION OF RIGHT-HAND ENGINE FOR MISMATCH WITH LEFT-HAND ENGINE. REMOVED POWER SECTION FROM RIGHT-HAND ENGINE, VISUALLY INSPECTED","VERIFY CONDITION OF R/H ENGINE FOR MISMATCH W/ L/H ENGINE. REMOVED POWER SECTION FROM R/H ENGINE, VISUALLY INSPECT","VERIFY CONDITION OF R/H ENGINE FOR MISMATCH W/ L/H ENGINE. REMOVED POWER SECTION FROM R/H ENGINE, VISUALLY INSPECT",True,True,none
105370::combined,105370,sensitivity,raw,"#2 INTAKE IS MISSING OUTER NUT. REMOVED L/H UPPER BAFFLE, L/H MUFFLER. REPLACED #2 INTA","NUMBER TWO INTAKE IS MISSING OUTER NUT. REMOVED LEFT-HAND UPPER BAFFLE, LEFT-HAND MUFFLER. REPLACED NUMBER TWO INTAKE NUT","#2 INTAKE IS MISSING OUTER NUT. REMOVED L/H UPPER BAFFLE, L/H MUFFLER. REPLACED #2 INTA","#2 INTAKE IS MISSING OUTER NUT. REMOVED L/H UPPER BAFFLE, L/H MUFFLER. REPLACED #2 INTA",True,True,none
105379::combined,105379,sensitivity,raw,MOMENTARILY EXCEEDED 2700 RPM DURING RECOVERY OF SIMULATED E REVIEWED FLIGHT DATA MONITORING CARD. FOUND OVERSPEED T,MOMENTARILY EXCEEDED TWENTY SEVEN HUNDRED RPM DURING RECOVERY OF SIMULATED EVENT. REVIEWED FLIGHT DATA MONITORING CARD.,MOMENTARILY EXCEEDED 2700 RPM DURING RECOVERY OF SIMULATED E REVIEWED FLIGHT DATA MONITORING CARD. FOUND OVERSPEED T,MOMENTARILY EXCEEDED 2700 RPM DURING RECOVERY OF SIMULATED E REVIEWED FLIGHT DATA MONITORING CARD. FOUND OVERSPEED T,True,True,none
105383::combined,105383,sensitivity,raw,"R/H ENG CYL #2 HAS POSSIBLE CRACK BY INTAKE PORT. INSPECTED, PERFORMED DYE PE INSP; VERIFIED TO NOT BE CR","RIGHT-HAND ENGINE CYLINDER NUMBER TWO HAS POSSIBLE CRACK BY INTAKE PORT. INSPECTED, PERFORMED DYE PENETRANT INSPECTION; VERIFIED TO NOT BE CRACKED","R/H ENG CYL #2 HAS POSSIBLE CRACK BY INTAKE PORT. INSPECTED, PERFORMED DYE PE INSP; VERIFIED TO NOT BE CR","R/H ENG CYL #2 HAS POSSIBLE CRACK BY INTAKE PORT. INSPECTED, PERFORMED DYE PE INSP; VERIFIED TO NOT BE CR",True,True,none
105384::combined,105384,sensitivity,raw,DURING FLIGHT A/C WOULD INTERMITTENTLY LOSE POWER ON L/H ENG BORESCOPED #1 CYL FOR VALVE CONTACT W/ PISTON FOR POSSI,DURING FLIGHT AIRCRAFT WOULD INTERMITTENTLY LOSE POWER ON LEFT-HAND ENGINE. BORESCOPED NUMBER ONE CYLINDER FOR VALVE CONTACT WITH PISTON FOR POSSIBLE DAMAGE,DURING FLIGHT A/C WOULD INTERMITTENTLY LOSE POWER ON L/H ENG BORESCOPED #1 CYL FOR VALVE CONTACT W/ PISTON FOR POSSI,DURING FLIGHT A/C WOULD INTERMITTENTLY LOSE POWER ON L/H ENG BORESCOPED #1 CYL FOR VALVE CONTACT W/ PISTON FOR POSSI,True,True,none
105386::combined,105386,sensitivity,raw,"DURING ENGINE START & ENGINE RUNNING, THERE WERE VIBRATION S PERFORMED GROUND, NO DEFECTS NOTED. ALL ENGINE GROUND R","DURING ENGINE START AND ENGINE RUNNING, THERE WERE VIBRATIONS. PERFORMED GROUND, NO DEFECTS NOTED. ALL ENGINE GROUND RUNS OK","DURING ENGINE START & ENGINE RUNNING, THERE WERE VIBRATION S PERFORMED GROUND, NO DEFECTS NOTED. ALL ENGINE GROUND R","DURING ENGINE START & ENGINE RUNNING, THERE WERE VIBRATION S PERFORMED GROUND, NO DEFECTS NOTED. ALL ENGINE GROUND R",True,True,none
105387::combined,105387,sensitivity,raw,"DURING ENGINE START & ENGINE RUNNING, THERE WERE VIBRATION S FOR ENGINE CHANGE. RAN ENGINE, NO DEFE","DURING ENGINE START AND ENGINE RUNNING, THERE WERE VIBRATIONS. FOR ENGINE CHANGE. RAN ENGINE, NO DEFECTS NOTED","DURING ENGINE START & ENGINE RUNNING, THERE WERE VIBRATION S FOR ENGINE CHANGE. RAN ENGINE, NO DEFE","DURING ENGINE START & ENGINE RUNNING, THERE WERE VIBRATION S FOR ENGINE CHANGE. RAN ENGINE, NO DEFE",True,True,none
105416::combined,105416,sensitivity,raw,"CRANKSHAFT SEAL SHOWS SIGNS OF LEAKING. REMOVED PROP, RING GEAR. REMOVED OLD CRANKSHAFT SEAL, C","CRANKSHAFT SEAL SHOWS SIGNS OF LEAKING. REMOVED PROPELLER, RING GEAR. REMOVED OLD CRANKSHAFT SEAL","CRANKSHAFT SEAL SHOWS SIGNS OF LEAKING. REMOVED PROP, RING GEAR. REMOVED OLD CRANKSHAFT SEAL, C","CRANKSHAFT SEAL SHOWS SIGNS OF LEAKING. REMOVED PROP, RING GEAR. REMOVED OLD CRANKSHAFT SEAL, C",True,True,none
105423::combined,105423,sensitivity,raw,"EXPERIENCED SEVERE ENGINE ROUGHNESS WHILE ON LONG FINAL. FOUND STUCK EXHAUST VALVE, #3 CYL & BENT BUSH ROD. REMO","EXPERIENCED SEVERE ENGINE ROUGHNESS WHILE ON LONG FINAL. FOUND STUCK EXHAUST VALVE, NUMBER THREE CYLINDER AND BENT BUSH ROD. REMOVED PUSH ROD","EXPERIENCED SEVERE ENGINE ROUGHNESS WHILE ON LONG FINAL. FOUND STUCK EXHAUST VALVE, #3 CYL & BENT BUSH ROD. REMO","EXPERIENCED SEVERE ENGINE ROUGHNESS WHILE ON LONG FINAL. FOUND STUCK EXHAUST VALVE, #3 CYL & BENT BUSH ROD. REMO",True,True,none
105434::combined,105434,sensitivity,raw,PROP RIVETS LOOSE ON R/H FWD SIDE OF ENGINE BAFFLE. REMOVED & REPLACED LOOSE RIVETS W/ SCREWS ON R/H FWD EN,PROPELLER RIVETS LOOSE ON RIGHT-HAND FORWARD SIDE OF ENGINE BAFFLE. REMOVED AND REPLACED LOOSE RIVETS WITH SCREWS ON RIGHT-HAND FORWARD ENGINE,PROP RIVETS LOOSE ON R/H FWD SIDE OF ENGINE BAFFLE. REMOVED & REPLACED LOOSE RIVETS W/ SCREWS ON R/H FWD EN,PROP RIVETS LOOSE ON R/H FWD SIDE OF ENGINE BAFFLE. REMOVED & REPLACED LOOSE RIVETS W/ SCREWS ON R/H FWD EN,True,True,none
105442::combined,105442,sensitivity,raw,"#1 CYL ON R/H ENGINE SUSPECT CRACKED. INSTALLED NEW CYL ASSY. TORQUED TO CASE, DRY TAPPET CLE","NUMBER ONE CYLINDER ON RIGHT-HAND ENGINE SUSPECT CRACKED. INSTALLED NEW CYLINDER ASSEMBLY. TORQUED TO CASE, DRY TAPPET CLEARANCE CHECK GOOD","#1 CYL ON R/H ENGINE SUSPECT CRACKED. INSTALLED NEW CYL ASSY. TORQUED TO CASE, DRY TAPPET CLE","#1 CYL ON R/H ENGINE SUSPECT CRACKED. INSTALLED NEW CYL ASSY. TORQUED TO CASE, DRY TAPPET CLE",True,True,none
105446::combined,105446,sensitivity,raw,"ENGINE RPM DROPPED 200-300 RPM SUDDENLY, ACCOMPANIED BY STRO FOR MX FLIGHT.","ENGINE RPM DROPPED TWO HUNDRED TO THREE HUNDRED RPM SUDDENLY, ACCOMPANIED BY STRONG VIBRATION. FOR MAINTENANCE FLIGHT.","ENGINE RPM DROPPED 200-300 RPM SUDDENLY, ACCOMPANIED BY STRO FOR MX FLIGHT.","ENGINE RPM DROPPED 200-300 RPM SUDDENLY, ACCOMPANIED BY STRO FOR MX FLIGHT.",True,True,none
105447::combined,105447,sensitivity,raw,"ENGINE RPM DROPPED 200-300 RPM SUDDENLY, ACCOMPANIED BY STRO COMPLETED , OPS & LEAK CK GOOD.","ENGINE RPM DROPPED TWO HUNDRED TO THREE HUNDRED RPM SUDDENLY, ACCOMPANIED BY STRONG VIBRATION. COMPLETED , OPERATIONS AND LEAK CHECK GOOD.","ENGINE RPM DROPPED 200-300 RPM SUDDENLY, ACCOMPANIED BY STRO COMPLETED , OPS & LEAK CK GOOD.","ENGINE RPM DROPPED 200-300 RPM SUDDENLY, ACCOMPANIED BY STRO COMPLETED , OPS & LEAK CK GOOD.",True,True,none
105448::combined,105448,sensitivity,raw,"ENGINE RPM DROPPED 200-300 RPM SUDDENLY, ACCOMPANIED BY STRO REMOVED SIDE BAFFLES, BEGAN PERFORMING LYCOMING","ENGINE RPM DROPPED TWO HUNDRED TO THREE HUNDRED RPM SUDDENLY, ACCOMPANIED BY STRONG VIBRATION. REMOVED SIDE BAFFLES, BEGAN PERFORMING LYCOMING","ENGINE RPM DROPPED 200-300 RPM SUDDENLY, ACCOMPANIED BY STRO REMOVED SIDE BAFFLES, BEGAN PERFORMING LYCOMING","ENGINE RPM DROPPED 200-300 RPM SUDDENLY, ACCOMPANIED BY STRO REMOVED SIDE BAFFLES, BEGAN PERFORMING LYCOMING",True,True,none
105463::combined,105463,sensitivity,raw,"#3 CYL FAILED COMPRESSION. REMOVED BAFFLING, WIRES & EXHAUST FOR ACCESS. REMOVED &","NUMBER THREE CYLINDER FAILED COMPRESSION. REMOVED BAFFLING, WIRES AND EXHAUST FOR ACCESS.","#3 CYL FAILED COMPRESSION. REMOVED BAFFLING, WIRES & EXHAUST FOR ACCESS. REMOVED &","#3 CYL FAILED COMPRESSION. REMOVED BAFFLING, WIRES & EXHAUST FOR ACCESS. REMOVED &",True,True,none
105464::combined,105464,sensitivity,raw,"#3 CYL FAILED COMPRESSION. REINSTALLED BAFFLE, WIRES, MUFFLER & LINES. COMPLETED R","NUMBER THREE CYLINDER FAILED COMPRESSION. REINSTALLED BAFFLE, WIRES, MUFFLER AND LINES. COMPLETED RUN UP","#3 CYL FAILED COMPRESSION. REINSTALLED BAFFLE, WIRES, MUFFLER & LINES. COMPLETED R","#3 CYL FAILED COMPRESSION. REINSTALLED BAFFLE, WIRES, MUFFLER & LINES. COMPLETED R",True,True,none
105468::combined,105468,sensitivity,raw,"CLICKING NOISE NOTICED DURING INITIAL CLIMB & THROUGHOUT RES INSPECTED ENGINE & CABIN AREA, NO DEFECTS NOTED.","CLICKING NOISE NOTICED DURING INITIAL CLIMB AND THROUGHOUT REST OF FLIGHT. INSPECTED ENGINE AND CABIN AREA, NO DEFECTS NOTED.","CLICKING NOISE NOTICED DURING INITIAL CLIMB & THROUGHOUT RES INSPECTED ENGINE & CABIN AREA, NO DEFECTS NOTED.","CLICKING NOISE NOTICED DURING INITIAL CLIMB & THROUGHOUT RES INSPECTED ENGINE & CABIN AREA, NO DEFECTS NOTED.",True,True,none
105469::combined,105469,sensitivity,raw,PROP OVERSPEED; RPM ABOUT 2850 W/ PROP CONT AT HIGH RPM IN L BEGAN INSP IAW LYCOMING ; ALL COMPRESSIONS 74 +,PROPELLER OVERSPEED; RPM ABOUT TWENTY EIGHT HUNDRED AND FIFTY. BEGAN INSPECTION IN ACCORDANCE WITH LYCOMING ; ALL COMPRESSIONS SEVENTY FOUR PLUS,PROP OVERSPEED; RPM ABOUT 2850 W/ PROP CONT AT HIGH RPM IN L BEGAN INSP IAW LYCOMING ; ALL COMPRESSIONS 74 +,PROP OVERSPEED; RPM ABOUT 2850 W/ PROP CONT AT HIGH RPM IN L BEGAN INSP IAW LYCOMING ; ALL COMPRESSIONS 74 +,True,True,none
105470::combined,105470,sensitivity,raw,PROP OVERSPEED; RPM ABOUT 2850 W/ PROP CONT AT HIGH RPM IN L COMPLETED INSP IAW LYCOMING . GOVERNOR WAS FOUND,PROPELLER OVERSPEED; RPM ABOUT TWENTY EIGHT HUNDRED AND FIFTY. COMPLETED INSPECTION IN ACCORDANCE WITH LYCOMING . GOVERNOR WAS FOUND DAMAGED,PROP OVERSPEED; RPM ABOUT 2850 W/ PROP CONT AT HIGH RPM IN L COMPLETED INSP IAW LYCOMING . GOVERNOR WAS FOUND,PROP OVERSPEED; RPM ABOUT 2850 W/ PROP CONT AT HIGH RPM IN L COMPLETED INSP IAW LYCOMING . GOVERNOR WAS FOUND,True,True,none
105471::combined,105471,sensitivity,raw,PROP OVERSPEED; RPM ABOUT 2850 W/ PROP CONT AT HIGH RPM IN L REINSTALLED OVERHAULED PROP GOVERNOR,PROPELLER OVERSPEED; RPM ABOUT TWENTY EIGHT HUNDRED AND FIFTY. REINSTALLED OVERHAULED PROPELLER GOVERNOR,PROP OVERSPEED; RPM ABOUT 2850 W/ PROP CONT AT HIGH RPM IN L REINSTALLED OVERHAULED PROP GOVERNOR,PROP OVERSPEED; RPM ABOUT 2850 W/ PROP CONT AT HIGH RPM IN L REINSTALLED OVERHAULED PROP GOVERNOR,True,True,none
105476::combined,105476,sensitivity,raw,ENGINE QUIT. RAN UP A/C. ENGINE STARTED USING NORMAL PROCEDURES. PER,ENGINE QUIT. RAN UP AIRCRAFT. ENGINE STARTED USING NORMAL PROCEDURES. PER REFERENCE MANUAL,ENGINE QUIT. RAN UP A/C. ENGINE STARTED USING NORMAL PROCEDURES. PER,ENGINE QUIT. RAN UP A/C. ENGINE STARTED USING NORMAL PROCEDURES. PER,True,True,none
105478::combined,105478,sensitivity,raw,"A/C ENGINE WOULD SHUT DOWN WHEN LEANING MIXTURE ON THE GROUN PERFORMED GROUND RUN, VERIFIED W/ ENGINE @ 40*F CHT & O","AIRCRAFT ENGINE WOULD SHUT DOWN WHEN LEANING MIXTURE ON THE GROUND. PERFORMED GROUND RUN, VERIFIED WITH ENGINE AT FORTY DEGREES FAHRENHEIT CHT","A/C ENGINE WOULD SHUT DOWN WHEN LEANING MIXTURE ON THE GROUN PERFORMED GROUND RUN, VERIFIED W/ ENGINE @ 40*F CHT & O","A/C ENGINE WOULD SHUT DOWN WHEN LEANING MIXTURE ON THE GROUN PERFORMED GROUND RUN, VERIFIED W/ ENGINE @ 40*F CHT & O",True,True,none
105483::combined,105483,sensitivity,raw,#2 CYL HAS LOW COMPRESSION. REMOVED BAFFLING & COMPONENTS FROM #2 CYL. REMOVED CYL,NUMBER TWO CYLINDER HAS LOW COMPRESSION. REMOVED BAFFLING AND COMPONENTS FROM NUMBER TWO CYLINDER.,#2 CYL HAS LOW COMPRESSION. REMOVED BAFFLING & COMPONENTS FROM #2 CYL. REMOVED CYL,#2 CYL HAS LOW COMPRESSION. REMOVED BAFFLING & COMPONENTS FROM #2 CYL. REMOVED CYL,True,True,none
105484::combined,105484,sensitivity,raw,"#2 CYL HAS LOW COMPRESSION. INSTALLED INNER COOLING BAFFLE ON CYL #1, 3. INSTALLED","NUMBER TWO CYLINDER HAS LOW COMPRESSION. INSTALLED INNER COOLING BAFFLE ON CYLINDER NUMBER ONE, AND NUMBER THREE.","#2 CYL HAS LOW COMPRESSION. INSTALLED INNER COOLING BAFFLE ON CYL #1, 3. INSTALLED","#2 CYL HAS LOW COMPRESSION. INSTALLED INNER COOLING BAFFLE ON CYL #1, 3. INSTALLED",True,True,none
105485::combined,105485,sensitivity,raw,"#2 CYL HAS LOW COMPRESSION. INSTALLED & TORQUED INJECTOR & LINE, EXHAUST STACK & IN","NUMBER TWO CYLINDER HAS LOW COMPRESSION. INSTALLED AND TORQUED INJECTOR AND LINE, EXHAUST STACK AND INTAKE STACK","#2 CYL HAS LOW COMPRESSION. INSTALLED & TORQUED INJECTOR & LINE, EXHAUST STACK & IN","#2 CYL HAS LOW COMPRESSION. INSTALLED & TORQUED INJECTOR & LINE, EXHAUST STACK & IN",True,True,none
105494::combined,105494,sensitivity,raw,"#3 CYL HAS LOW COMPRESSION (40/80). REMOVED CYL, FITTED NEW INTAKE VALVE, LAPPED BOTH VALVE","NUMBER THREE CYLINDER HAS LOW COMPRESSION, FORTY OUT OF EIGHTY. REMOVED CYLINDER, FITTED NEW INTAKE VALVE, LAPPED BOTH VALVES","#3 CYL HAS LOW COMPRESSION (40/80). REMOVED CYL, FITTED NEW INTAKE VALVE, LAPPED BOTH VALVE","#3 CYL HAS LOW COMPRESSION (40/80). REMOVED CYL, FITTED NEW INTAKE VALVE, LAPPED BOTH VALVE",True,True,none
105503::combined,105503,sensitivity,raw,R/H ENG CYL #3 IS CRACKED. REMOVED & REPLACED CYL W/ REBUILT ASSY. TORQUED ALL BAS,RIGHT-HAND ENGINE CYLINDER NUMBER THREE IS CRACKED. REMOVED AND REPLACED CYLINDER WITH REBUILT ASSEMBLY. TORQUED ALL BASE NUTS,R/H ENG CYL #3 IS CRACKED. REMOVED & REPLACED CYL W/ REBUILT ASSY. TORQUED ALL BAS,R/H ENG CYL #3 IS CRACKED. REMOVED & REPLACED CYL W/ REBUILT ASSY. TORQUED ALL BAS,True,True,none
105506::combined,105506,sensitivity,raw,"WHEN UNDER POWER, DURING CLIMB & WHILE CRUISING, ENGINE WAS RAN A/C, COULD NOT DUPLICATE DISCREP. ALL SYSTEMS W/IN","WHEN UNDER POWER, DURING CLIMB AND WHILE CRUISING, ENGINE WAS RUNNING ROUGH. RAN AIRCRAFT, COULD NOT DUPLICATE DISCREPANCY. ALL SYSTEMS WITHIN NORMAL PARAMETERS","WHEN UNDER POWER, DURING CLIMB & WHILE CRUISING, ENGINE WAS RAN A/C, COULD NOT DUPLICATE DISCREP. ALL SYSTEMS W/IN","WHEN UNDER POWER, DURING CLIMB & WHILE CRUISING, ENGINE WAS RAN A/C, COULD NOT DUPLICATE DISCREP. ALL SYSTEMS W/IN",True,True,none
105528::combined,105528,sensitivity,raw,"1, 2, 4 CYLINDER ROCKER COVERS LEAKING. REMOVED ROCKER COVERS & CLEANED OLD GASKET OFF. REPLACE","ONE, TWO, AND FOUR CYLINDER ROCKER COVERS LEAKING. REMOVED ROCKER COVERS AND CLEANED OLD GASKET OFF. REPLACED ROCKER COVERS","1, 2, 4 CYLINDER ROCKER COVERS LEAKING. REMOVED ROCKER COVERS & CLEANED OLD GASKET OFF. REPLACE","1, 2, 4 CYLINDER ROCKER COVERS LEAKING. REMOVED ROCKER COVERS & CLEANED OLD GASKET OFF. REPLACE",True,True,none
105531::combined,105531,sensitivity,raw,L/H ENG #4 INTAKE LEAKS. PREVIOUSLY C/W ON PD #12.,LEFT-HAND ENGINE NUMBER FOUR INTAKE LEAKS. PREVIOUSLY COMPLIED WITH REFERENCE MANUAL ON PD NUMBER TWELVE.,L/H ENG #4 INTAKE LEAKS. PREVIOUSLY C/W ON PD #12.,L/H ENG #4 INTAKE LEAKS. PREVIOUSLY C/W ON PD #12.,True,True,none
105537::combined,105537,sensitivity,raw,ROUGH CHOPPING NOISE COMING FROM ENGINE ON APPLICATION OF FU RAN A/C & CONFIRMED DISCREP. REMOVED COWLING & INSPECTE,ROUGH CHOPPING NOISE COMING FROM ENGINE ON APPLICATION OF FULL THROTTLE. RAN AIRCRAFT AND CONFIRMED DISCREPANCY. REMOVED COWLING AND INSPECTED,ROUGH CHOPPING NOISE COMING FROM ENGINE ON APPLICATION OF FU RAN A/C & CONFIRMED DISCREP. REMOVED COWLING & INSPECTE,ROUGH CHOPPING NOISE COMING FROM ENGINE ON APPLICATION OF FU RAN A/C & CONFIRMED DISCREP. REMOVED COWLING & INSPECTE,True,True,none
105538::combined,105538,sensitivity,raw,"ROUGH CHOPPING NOISE COMING FROM ENGINE ON APPLICATION OF FU MEASURED RING GAPS & INSTALLED, TORQUED CYL HOLD DOWNS.","ROUGH CHOPPING NOISE COMING FROM ENGINE ON APPLICATION OF FULL THROTTLE. MEASURED RING GAPS AND INSTALLED, TORQUED CYLINDER HOLD DOWNS.","ROUGH CHOPPING NOISE COMING FROM ENGINE ON APPLICATION OF FU MEASURED RING GAPS & INSTALLED, TORQUED CYL HOLD DOWNS.","ROUGH CHOPPING NOISE COMING FROM ENGINE ON APPLICATION OF FU MEASURED RING GAPS & INSTALLED, TORQUED CYL HOLD DOWNS.",True,True,none
105539::combined,105539,sensitivity,raw,ROUGH CHOPPING NOISE COMING FROM ENGINE ON APPLICATION OF FU REASSEMBLED ATTACHING PARTS TO #2 CYL FWD BAFFLING. RAN,ROUGH CHOPPING NOISE COMING FROM ENGINE ON APPLICATION OF FULL THROTTLE. REASSEMBLED ATTACHING PARTS TO NUMBER TWO CYLINDER FORWARD BAFFLING.,ROUGH CHOPPING NOISE COMING FROM ENGINE ON APPLICATION OF FU REASSEMBLED ATTACHING PARTS TO #2 CYL FWD BAFFLING. RAN,ROUGH CHOPPING NOISE COMING FROM ENGINE ON APPLICATION OF FU REASSEMBLED ATTACHING PARTS TO #2 CYL FWD BAFFLING. RAN,True,True,none
105545::combined,105545,sensitivity,raw,ENGINE REQUIRES OVERHAUL. INSTALLED ACCESSORY CASE & OIL SCREEN HOUSING. INSTALLE,ENGINE REQUIRES OVERHAUL. INSTALLED ACCESSORY CASE AND OIL SCREEN HOUSING.,ENGINE REQUIRES OVERHAUL. INSTALLED ACCESSORY CASE & OIL SCREEN HOUSING. INSTALLE,ENGINE REQUIRES OVERHAUL. INSTALLED ACCESSORY CASE & OIL SCREEN HOUSING. INSTALLE,True,True,none
105547::combined,105547,sensitivity,raw,"ENGINE REQUIRES OVERHAUL. RIGGED ENGINE CONTROLS, FINISHED BAFFLING ENGINE, INSTA","ENGINE REQUIRES OVERHAUL. RIGGED ENGINE CONTROLS, FINISHED BAFFLING ENGINE","ENGINE REQUIRES OVERHAUL. RIGGED ENGINE CONTROLS, FINISHED BAFFLING ENGINE, INSTA","ENGINE REQUIRES OVERHAUL. RIGGED ENGINE CONTROLS, FINISHED BAFFLING ENGINE, INSTA",True,True,none
105548::combined,105548,sensitivity,raw,"ENGINE REQUIRES OVERHAUL. INSTALLED CRANKSHAFT SEAL, ROUTED WIRING, INSTALLED SKA","ENGINE REQUIRES OVERHAUL. INSTALLED CRANKSHAFT SEAL, ROUTED WIRING","ENGINE REQUIRES OVERHAUL. INSTALLED CRANKSHAFT SEAL, ROUTED WIRING, INSTALLED SKA","ENGINE REQUIRES OVERHAUL. INSTALLED CRANKSHAFT SEAL, ROUTED WIRING, INSTALLED SKA",True,True,none
105549::combined,105549,sensitivity,raw,"ENGINE REQUIRES OVERHAUL. RAN A/C, OPS & LEAK CK GOOD. FOR BREAK","ENGINE REQUIRES OVERHAUL. RAN AIRCRAFT, OPERATIONS AND LEAK CHECK GOOD.","ENGINE REQUIRES OVERHAUL. RAN A/C, OPS & LEAK CK GOOD. FOR BREAK","ENGINE REQUIRES OVERHAUL. RAN A/C, OPS & LEAK CK GOOD. FOR BREAK",True,True,none
105550::combined,105550,sensitivity,raw,ENGINE REQUIRES OVERHAUL. UNMASKED & CLEANED PARTS. INSTALLED NEW CYLINDERS ON EN,ENGINE REQUIRES OVERHAUL. UNMASKED AND CLEANED PARTS. INSTALLED NEW CYLINDERS ON ENGINE,ENGINE REQUIRES OVERHAUL. UNMASKED & CLEANED PARTS. INSTALLED NEW CYLINDERS ON EN,ENGINE REQUIRES OVERHAUL. UNMASKED & CLEANED PARTS. INSTALLED NEW CYLINDERS ON EN,True,True,none
105554::combined,105554,sensitivity,raw,"R/H ENGINE SPUTTERING @ 1700 RPM, AS INCREASED THROTTLE RPM RAN A/C, CONFIRMED DISCREP. REMOVED COWL, R/H ENGINE IN","RIGHT-HAND ENGINE SPUTTERING AT SEVENTEEN HUNDRED RPM, AS INCREASED THROTTLE RPM. RAN AIRCRAFT, CONFIRMED DISCREPANCY. REMOVED COWL, RIGHT-HAND ENGINE INTAKE","R/H ENGINE SPUTTERING @ 1700 RPM, AS INCREASED THROTTLE RPM RAN A/C, CONFIRMED DISCREP. REMOVED COWL, R/H ENGINE IN","R/H ENGINE SPUTTERING @ 1700 RPM, AS INCREASED THROTTLE RPM RAN A/C, CONFIRMED DISCREP. REMOVED COWL, R/H ENGINE IN",True,True,none
105556::combined,105556,sensitivity,raw,"DURING FLIGHT, EXCEEDED PROP SPEED LIMITATIONS (2720 RPM). INSPECTED IAW LYCOMING , VERIFIED TO BE LESS THA","DURING FLIGHT, EXCEEDED PROPELLER SPEED LIMITATIONS, TWENTY SEVEN HUNDRED AND TWENTY RPM. INSPECTED IN ACCORDANCE WITH LYCOMING , VERIFIED TO BE LESS THAN LIMITS","DURING FLIGHT, EXCEEDED PROP SPEED LIMITATIONS (2720 RPM). INSPECTED IAW LYCOMING , VERIFIED TO BE LESS THA","DURING FLIGHT, EXCEEDED PROP SPEED LIMITATIONS (2720 RPM). INSPECTED IAW LYCOMING , VERIFIED TO BE LESS THA",True,True,none
105562::combined,105562,sensitivity,raw,"ENGINE OVERSPEED, 2740 RPM. INSPECTED AS REQUIRED BY LYCOMING FOR LESS THAN","ENGINE OVERSPEED, TWENTY SEVEN HUNDRED AND FORTY RPM. INSPECTED AS REQUIRED BY LYCOMING FOR LESS THAN LIMITS","ENGINE OVERSPEED, 2740 RPM. INSPECTED AS REQUIRED BY LYCOMING FOR LESS THAN","ENGINE OVERSPEED, 2740 RPM. INSPECTED AS REQUIRED BY LYCOMING FOR LESS THAN",True,True,none
105563::combined,105563,sensitivity,raw,PILOT REPORTED PROP OVERSPEED OF 20 RPM FOR A FEW SECONDS. AS PER ON OVERSPEED CONSIDERED TO BE LESS THAN,PILOT REPORTED PROPELLER OVERSPEED OF TWENTY RPM FOR A FEW SECONDS. AS PER REFERENCE MANUAL ON OVERSPEED CONSIDERED TO BE LESS THAN LIMITS,PILOT REPORTED PROP OVERSPEED OF 20 RPM FOR A FEW SECONDS. AS PER ON OVERSPEED CONSIDERED TO BE LESS THAN,PILOT REPORTED PROP OVERSPEED OF 20 RPM FOR A FEW SECONDS. AS PER ON OVERSPEED CONSIDERED TO BE LESS THAN,True,True,none
105578::combined,105578,sensitivity,raw,"STARTED ENGINE. ON START ENGINE ROUGHNESS, ENGINE CONTINUED PERFORMED GROUND RUN, AFTER ENGINE WARMED TO OR NEAR TO","STARTED ENGINE. ON START ENGINE ROUGHNESS, ENGINE CONTINUED. PERFORMED GROUND RUN","STARTED ENGINE. ON START ENGINE ROUGHNESS, ENGINE CONTINUED PERFORMED GROUND RUN, AFTER ENGINE WARMED TO OR NEAR TO","STARTED ENGINE. ON START ENGINE ROUGHNESS, ENGINE CONTINUED PERFORMED GROUND RUN, AFTER ENGINE WARMED TO OR NEAR TO",True,True,none
105579::combined,105579,sensitivity,raw,"#3 CYL EGT LOW ON RUN UP W/ ROUGH RUNNING ENGINE AFTER START PERFORMED COMPRESSION CK, FOUND #3 CYL LOW. REMOVED CYL","NUMBER THREE CYLINDER EGT LOW ON RUN UP WITH ROUGH RUNNING ENGINE AFTER START. PERFORMED COMPRESSION CHECK, FOUND NUMBER THREE CYLINDER LOW. REMOVED CYLINDER","#3 CYL EGT LOW ON RUN UP W/ ROUGH RUNNING ENGINE AFTER START PERFORMED COMPRESSION CK, FOUND #3 CYL LOW. REMOVED CYL","#3 CYL EGT LOW ON RUN UP W/ ROUGH RUNNING ENGINE AFTER START PERFORMED COMPRESSION CK, FOUND #3 CYL LOW. REMOVED CYL",True,True,none
105582::combined,105582,sensitivity,raw,ALL BOLTS FOR GROUNDING STRAPS FOR ENG & FIREWALL TO FRAME L TIGHTENED ALL BOLTS.,ALL BOLTS FOR GROUNDING STRAPS FOR ENGINE AND FIREWALL TO FRAME LOOSE. TIGHTENED ALL BOLTS.,ALL BOLTS FOR GROUNDING STRAPS FOR ENG & FIREWALL TO FRAME L TIGHTENED ALL BOLTS.,ALL BOLTS FOR GROUNDING STRAPS FOR ENG & FIREWALL TO FRAME L TIGHTENED ALL BOLTS.,True,True,none
105583::combined,105583,sensitivity,raw,#2 CYL FWD BAFFLE HAS HOLE IN IT. FABRICATED PATCH W/ LIKE MATERIAL & RIVETED IAW,NUMBER TWO CYLINDER FORWARD BAFFLE HAS HOLE IN IT. FABRICATED PATCH WITH LIKE MATERIAL AND RIVETED IN ACCORDANCE WITH REFERENCE MANUAL,#2 CYL FWD BAFFLE HAS HOLE IN IT. FABRICATED PATCH W/ LIKE MATERIAL & RIVETED IAW,#2 CYL FWD BAFFLE HAS HOLE IN IT. FABRICATED PATCH W/ LIKE MATERIAL & RIVETED IAW,True,True,none
105588::combined,105588,sensitivity,raw,L/H #4 INTAKE GASKET IS LEAKING. TRIED REMOVING BROKEN BOLT. BOLT WILL NOT LOOSEN. MUST,LEFT-HAND NUMBER FOUR INTAKE GASKET IS LEAKING. TRIED REMOVING BROKEN BOLT. BOLT WILL NOT LOOSEN.,L/H #4 INTAKE GASKET IS LEAKING. TRIED REMOVING BROKEN BOLT. BOLT WILL NOT LOOSEN. MUST,L/H #4 INTAKE GASKET IS LEAKING. TRIED REMOVING BROKEN BOLT. BOLT WILL NOT LOOSEN. MUST,True,True,none
105590::combined,105590,sensitivity,raw,EVIDENCE OF CARB FIRE ON L/H CARB AIRBOX. INSPECTED AREA OF FIRE IN CARB AIRBOX. CLEANED & INSPEC,EVIDENCE OF CARB FIRE ON LEFT-HAND CARB AIRBOX. INSPECTED AREA OF FIRE IN CARB AIRBOX. CLEANED AND INSPECTED,EVIDENCE OF CARB FIRE ON L/H CARB AIRBOX. INSPECTED AREA OF FIRE IN CARB AIRBOX. CLEANED & INSPEC,EVIDENCE OF CARB FIRE ON L/H CARB AIRBOX. INSPECTED AREA OF FIRE IN CARB AIRBOX. CLEANED & INSPEC,True,True,none
105593::combined,105593,sensitivity,raw,RPM 2740 FOR 1-3 SECONDS. REMOVED SD CARD TO REVIEW DATA. INSPECTED DATA & FOUND,RPM TWENTY SEVEN HUNDRED AND FORTY FOR ONE TO THREE SECONDS. REMOVED SD CARD TO REVIEW DATA. INSPECTED DATA,RPM 2740 FOR 1-3 SECONDS. REMOVED SD CARD TO REVIEW DATA. INSPECTED DATA & FOUND,RPM 2740 FOR 1-3 SECONDS. REMOVED SD CARD TO REVIEW DATA. INSPECTED DATA & FOUND,True,True,none
105600::combined,105600,sensitivity,raw,#4 CYLINDER HAS LOW COMPRESSION. FITTED RINGS TO PISTON. INSTALLED PISTON & CYL ASSY TO,NUMBER FOUR CYLINDER HAS LOW COMPRESSION. FITTED RINGS TO PISTON. INSTALLED PISTON AND CYLINDER ASSEMBLY TO ENGINE,#4 CYLINDER HAS LOW COMPRESSION. FITTED RINGS TO PISTON. INSTALLED PISTON & CYL ASSY TO,#4 CYLINDER HAS LOW COMPRESSION. FITTED RINGS TO PISTON. INSTALLED PISTON & CYL ASSY TO,True,True,none
105602::combined,105602,sensitivity,raw,#4 CYLINDER HAS LOW COMPRESSION. COMPELTED INSTALLATION OF BAFFLING & EXHAUST VALVE. LAS,NUMBER FOUR CYLINDER HAS LOW COMPRESSION. COMPLETED INSTALLATION OF BAFFLING AND EXHAUST VALVE.,#4 CYLINDER HAS LOW COMPRESSION. COMPELTED INSTALLATION OF BAFFLING & EXHAUST VALVE. LAS,#4 CYLINDER HAS LOW COMPRESSION. COMPELTED INSTALLATION OF BAFFLING & EXHAUST VALVE. LAS,True,True,none
105608::combined,105608,sensitivity,raw,"BAFFLE SEALS ON #2, 4 CYLINDERS ON L/H ENGINE NEEDS TO BE SE SECURED BAFFLE SEALS.","BAFFLE SEALS ON NUMBER TWO, AND NUMBER FOUR CYLINDERS ON LEFT-HAND ENGINE NEEDS TO BE SECURED. SECURED BAFFLE SEALS.","BAFFLE SEALS ON #2, 4 CYLINDERS ON L/H ENGINE NEEDS TO BE SE SECURED BAFFLE SEALS.","BAFFLE SEALS ON #2, 4 CYLINDERS ON L/H ENGINE NEEDS TO BE SE SECURED BAFFLE SEALS.",True,True,none
105617::combined,105617,sensitivity,raw,"ENGINE STARTED NORMALLY, 60 SECS AFTER START, ENGINE BEGAN T RAN A/C, OPS GOOD.","ENGINE STARTED NORMALLY, SIXTY SECONDS AFTER START, ENGINE BEGAN TO VIBRATE. RAN AIRCRAFT, OPERATIONS GOOD.","ENGINE STARTED NORMALLY, 60 SECS AFTER START, ENGINE BEGAN T RAN A/C, OPS GOOD.","ENGINE STARTED NORMALLY, 60 SECS AFTER START, ENGINE BEGAN T RAN A/C, OPS GOOD.",True,True,none
105618::combined,105618,sensitivity,raw,"ENGINE STARTED NORMALLY, 60 SECS AFTER START, ENGINE BEGAN T REINDEXED MIXTURE LINKAGE.","ENGINE STARTED NORMALLY, SIXTY SECONDS AFTER START, ENGINE BEGAN TO VIBRATE. REINDEXED MIXTURE LINKAGE.","ENGINE STARTED NORMALLY, 60 SECS AFTER START, ENGINE BEGAN T REINDEXED MIXTURE LINKAGE.","ENGINE STARTED NORMALLY, 60 SECS AFTER START, ENGINE BEGAN T REINDEXED MIXTURE LINKAGE.",True,True,none
105619::combined,105619,sensitivity,raw,"ENGINE STARTED NORMALLY, 60 SECS AFTER START, ENGINE BEGAN T RAN UP A/C, IDLE MIXTURE LINKAGE NEEDS TO BE REINDEXED.","ENGINE STARTED NORMALLY, SIXTY SECONDS AFTER START, ENGINE BEGAN TO VIBRATE. RAN UP AIRCRAFT, IDLE MIXTURE LINKAGE NEEDS TO BE REINDEXED.","ENGINE STARTED NORMALLY, 60 SECS AFTER START, ENGINE BEGAN T RAN UP A/C, IDLE MIXTURE LINKAGE NEEDS TO BE REINDEXED.","ENGINE STARTED NORMALLY, 60 SECS AFTER START, ENGINE BEGAN T RAN UP A/C, IDLE MIXTURE LINKAGE NEEDS TO BE REINDEXED.",True,True,none
105620::combined,105620,sensitivity,raw,FUEL LEAK FROM DRAIN. RAN A/C & FOUND NO LEAKS NOTED AFTER A/C SITTING OVERNI,FUEL LEAK FROM DRAIN. RAN AIRCRAFT AND FOUND NO LEAKS NOTED AFTER AIRCRAFT SITTING OVERNIGHT,FUEL LEAK FROM DRAIN. RAN A/C & FOUND NO LEAKS NOTED AFTER A/C SITTING OVERNI,FUEL LEAK FROM DRAIN. RAN A/C & FOUND NO LEAKS NOTED AFTER A/C SITTING OVERNI,True,True,none
105623::combined,105623,sensitivity,raw,ZIP TIES NEED TO BE REMOVED FROM ENGINE MOUNTS. REMOVED ZIP TIES & RESECURED WIRING & CONTROL CABLES W/,ZIP TIES NEED TO BE REMOVED FROM ENGINE MOUNTS. REMOVED ZIP TIES AND RESECURED WIRING AND CONTROL CABLES,ZIP TIES NEED TO BE REMOVED FROM ENGINE MOUNTS. REMOVED ZIP TIES & RESECURED WIRING & CONTROL CABLES W/,ZIP TIES NEED TO BE REMOVED FROM ENGINE MOUNTS. REMOVED ZIP TIES & RESECURED WIRING & CONTROL CABLES W/,True,True,none
105625::combined,105625,sensitivity,raw,"ON RUN UP, ENGINE RUNNING EXTREMELY ROUGH. SEVERAL LOUD SOUN RAN A/C, COULD NOT DUPLICATE PROBLEM. ALL TEMPS & PRESS","ON RUN UP, ENGINE RUNNING EXTREMELY ROUGH. SEVERAL LOUD SOUND. RAN AIRCRAFT, COULD NOT DUPLICATE PROBLEM. ALL TEMPERATURES AND PRESSURES CHECK GOOD","ON RUN UP, ENGINE RUNNING EXTREMELY ROUGH. SEVERAL LOUD SOUN RAN A/C, COULD NOT DUPLICATE PROBLEM. ALL TEMPS & PRESS","ON RUN UP, ENGINE RUNNING EXTREMELY ROUGH. SEVERAL LOUD SOUN RAN A/C, COULD NOT DUPLICATE PROBLEM. ALL TEMPS & PRESS",True,True,none
105634::combined,105634,sensitivity,raw,L/H ENG STARTED RUNNING ROUGH IN FLIGHT. FULL MIXTURE & FULL COULD NOT START L/H ENG. R/H OK.,LEFT-HAND ENGINE STARTED RUNNING ROUGH IN FLIGHT. FULL MIXTURE AND FULL THROTTLE. COULD NOT START LEFT-HAND ENGINE. RIGHT-HAND OK.,L/H ENG STARTED RUNNING ROUGH IN FLIGHT. FULL MIXTURE & FULL COULD NOT START L/H ENG. R/H OK.,L/H ENG STARTED RUNNING ROUGH IN FLIGHT. FULL MIXTURE & FULL COULD NOT START L/H ENG. R/H OK.,True,True,none
105635::combined,105635,sensitivity,raw,L/H ENG STARTED RUNNING ROUGH IN FLIGHT. FULL MIXTURE & FULL STARTED L/H & R/H ENGINES. PERFORMED GROUND RUN. NO DEF,LEFT-HAND ENGINE STARTED RUNNING ROUGH IN FLIGHT. FULL MIXTURE AND FULL THROTTLE. STARTED LEFT-HAND AND RIGHT-HAND ENGINES. PERFORMED GROUND RUN. NO DEFECTS NOTED,L/H ENG STARTED RUNNING ROUGH IN FLIGHT. FULL MIXTURE & FULL STARTED L/H & R/H ENGINES. PERFORMED GROUND RUN. NO DEF,L/H ENG STARTED RUNNING ROUGH IN FLIGHT. FULL MIXTURE & FULL STARTED L/H & R/H ENGINES. PERFORMED GROUND RUN. NO DEF,True,True,none
105638::combined,105638,sensitivity,raw,#3 CYLINDER HAS BAD COMPRESSION. REMOVED #3 CYL. FITTED NEW PISTON & RINGS. FITTED & TOR,NUMBER THREE CYLINDER HAS BAD COMPRESSION. REMOVED NUMBER THREE CYLINDER. FITTED NEW PISTON AND RINGS. FITTED AND TORQUED,#3 CYLINDER HAS BAD COMPRESSION. REMOVED #3 CYL. FITTED NEW PISTON & RINGS. FITTED & TOR,#3 CYLINDER HAS BAD COMPRESSION. REMOVED #3 CYL. FITTED NEW PISTON & RINGS. FITTED & TOR,True,True,none
105639::combined,105639,sensitivity,raw,#3 CYLINDER HAS BAD COMPRESSION. DRY TAPPET CLEARANCE CK GOOD. REASSEMBLED ENGINE. SERVI,NUMBER THREE CYLINDER HAS BAD COMPRESSION. DRY TAPPET CLEARANCE CHECK GOOD. REASSEMBLED ENGINE.,#3 CYLINDER HAS BAD COMPRESSION. DRY TAPPET CLEARANCE CK GOOD. REASSEMBLED ENGINE. SERVI,#3 CYLINDER HAS BAD COMPRESSION. DRY TAPPET CLEARANCE CK GOOD. REASSEMBLED ENGINE. SERVI,True,True,none
105641::combined,105641,sensitivity,raw,"BOTH ENGINES DIED AFTER LANDING GROUND ROLL STOP. RESTARTED, PERFORMED FULL GROUND RUN, OPS CK'ED GOOD. NO DEFECTS N","BOTH ENGINES DIED AFTER LANDING GROUND ROLL STOP. RESTARTED, PERFORMED FULL GROUND RUN, OPERATIONS CHECKED GOOD. NO DEFECTS NOTED","BOTH ENGINES DIED AFTER LANDING GROUND ROLL STOP. RESTARTED, PERFORMED FULL GROUND RUN, OPS CK'ED GOOD. NO DEFECTS N","BOTH ENGINES DIED AFTER LANDING GROUND ROLL STOP. RESTARTED, PERFORMED FULL GROUND RUN, OPS CK'ED GOOD. NO DEFECTS N",True,True,none
105649::combined,105649,sensitivity,raw,#4 CYLINDER HAS LOW COMPRESSION. REMOVED CYL. FOUND BURNT VALVE. LAPPED & FITTED NEW EXH,NUMBER FOUR CYLINDER HAS LOW COMPRESSION. REMOVED CYLINDER. FOUND BURNT VALVE. LAPPED AND FITTED NEW EXHAUST VALVE,#4 CYLINDER HAS LOW COMPRESSION. REMOVED CYL. FOUND BURNT VALVE. LAPPED & FITTED NEW EXH,#4 CYLINDER HAS LOW COMPRESSION. REMOVED CYL. FOUND BURNT VALVE. LAPPED & FITTED NEW EXH,True,True,none
105651::combined,105651,sensitivity,raw,"STRANGE HOWLING NOISE, THAT INCREASES IN VOLUME DURING FLIGH INSPECTED & PERFORMED GROUND RUN. NO DEFECTS NOTED.","STRANGE HOWLING NOISE, THAT INCREASES IN VOLUME DURING FLIGHT. INSPECTED AND PERFORMED GROUND RUN. NO DEFECTS NOTED.","STRANGE HOWLING NOISE, THAT INCREASES IN VOLUME DURING FLIGH INSPECTED & PERFORMED GROUND RUN. NO DEFECTS NOTED.","STRANGE HOWLING NOISE, THAT INCREASES IN VOLUME DURING FLIGH INSPECTED & PERFORMED GROUND RUN. NO DEFECTS NOTED.",True,True,none
105656::combined,105656,sensitivity,raw,"CHAFE TAPE NEEDED ON BULKHEAD BEHIND FUEL NOZZLES, L/H ENG & APPLIED SEALANT FOR CHAFING.","CHAFE TAPE NEEDED ON BULKHEAD BEHIND FUEL NOZZLES, LEFT-HAND ENGINE. APPLIED SEALANT FOR CHAFING.","CHAFE TAPE NEEDED ON BULKHEAD BEHIND FUEL NOZZLES, L/H ENG & APPLIED SEALANT FOR CHAFING.","CHAFE TAPE NEEDED ON BULKHEAD BEHIND FUEL NOZZLES, L/H ENG & APPLIED SEALANT FOR CHAFING.",True,True,none
105667::combined,105667,sensitivity,raw,"ENGINE RUNNING VERY ROUGH & SHAKING AFTER START UP. INSTALLED ROCKER COVERS & CLEANED. RAN A/C, LEAK & OPS","ENGINE RUNNING VERY ROUGH AND SHAKING AFTER START UP. INSTALLED ROCKER COVERS AND CLEANED. RAN AIRCRAFT, LEAK AND OPERATIONS CHECK GOOD","ENGINE RUNNING VERY ROUGH & SHAKING AFTER START UP. INSTALLED ROCKER COVERS & CLEANED. RAN A/C, LEAK & OPS","ENGINE RUNNING VERY ROUGH & SHAKING AFTER START UP. INSTALLED ROCKER COVERS & CLEANED. RAN A/C, LEAK & OPS",True,True,none
105668::combined,105668,sensitivity,raw,ENGINE RUNNING VERY ROUGH & SHAKING AFTER START UP. RAN A/C & ENGINE RAN ROUGH. #2 CYL EGT LOW. DISASSEMBLE,ENGINE RUNNING VERY ROUGH AND SHAKING AFTER START UP. RAN AIRCRAFT AND ENGINE RAN ROUGH. NUMBER TWO CYLINDER EGT LOW. DISASSEMBLED,ENGINE RUNNING VERY ROUGH & SHAKING AFTER START UP. RAN A/C & ENGINE RAN ROUGH. #2 CYL EGT LOW. DISASSEMBLE,ENGINE RUNNING VERY ROUGH & SHAKING AFTER START UP. RAN A/C & ENGINE RAN ROUGH. #2 CYL EGT LOW. DISASSEMBLE,True,True,none
105669::combined,105669,sensitivity,raw,"ENGINE RUNNING VERY ROUGH & SHAKING AFTER START UP. C/W AD E 2015-19-07, FUEL INJ LINE FAILURE INSP (REV DA","ENGINE RUNNING VERY ROUGH AND SHAKING AFTER START UP. COMPLIED WITH AD E NINETEENTH OF JULY TWO THOUSAND AND FIFTEEN, FUEL INJECTOR LINE FAILURE INSPECTED","ENGINE RUNNING VERY ROUGH & SHAKING AFTER START UP. C/W AD E 2015-19-07, FUEL INJ LINE FAILURE INSP (REV DA","ENGINE RUNNING VERY ROUGH & SHAKING AFTER START UP. C/W AD E 2015-19-07, FUEL INJ LINE FAILURE INSP (REV DA",True,True,none
105671::combined,105671,sensitivity,raw,ENGINE RUNNING VERY ROUGH & SHAKING AFTER START UP. RAN ENGINE & VERIFIED DISCREPANCY. THERE IS LIKELY A ST,ENGINE RUNNING VERY ROUGH AND SHAKING AFTER START UP. RAN ENGINE AND VERIFIED DISCREPANCY.,ENGINE RUNNING VERY ROUGH & SHAKING AFTER START UP. RAN ENGINE & VERIFIED DISCREPANCY. THERE IS LIKELY A ST,ENGINE RUNNING VERY ROUGH & SHAKING AFTER START UP. RAN ENGINE & VERIFIED DISCREPANCY. THERE IS LIKELY A ST,True,True,none
105672::combined,105672,sensitivity,raw,MX FLIGHT REQUIRED TO CK FOR ABNORMAL ENGINE ROUGHNESS IN FL COMPLETED CYLINDER #4 & BAFFLE INSTLLATION.,MAINTENANCE FLIGHT REQUIRED TO CHECK FOR ABNORMAL ENGINE ROUGHNESS IN FLIGHT. COMPLETED CYLINDER NUMBER FOUR AND BAFFLE INSTLLATION.,MX FLIGHT REQUIRED TO CK FOR ABNORMAL ENGINE ROUGHNESS IN FL COMPLETED CYLINDER #4 & BAFFLE INSTLLATION.,MX FLIGHT REQUIRED TO CK FOR ABNORMAL ENGINE ROUGHNESS IN FL COMPLETED CYLINDER #4 & BAFFLE INSTLLATION.,True,True,none
105673::combined,105673,sensitivity,raw,"MX FLIGHT REQUIRED TO CK FOR ABNORMAL ENGINE ROUGHNESS IN FL REAMED EXHAUST VALVE GUIDES ON CYLS 1, 2 & 3.","MAINTENANCE FLIGHT REQUIRED TO CHECK FOR ABNORMAL ENGINE ROUGHNESS IN FLIGHT. REAMED EXHAUST VALVE GUIDES ON CYLINDERS ONE, TWO, AND THREE.","MX FLIGHT REQUIRED TO CK FOR ABNORMAL ENGINE ROUGHNESS IN FL REAMED EXHAUST VALVE GUIDES ON CYLS 1, 2 & 3.","MX FLIGHT REQUIRED TO CK FOR ABNORMAL ENGINE ROUGHNESS IN FL REAMED EXHAUST VALVE GUIDES ON CYLS 1, 2 & 3.",True,True,none
105674::combined,105674,sensitivity,raw,MX FLIGHT REQUIRED TO CK FOR ABNORMAL ENGINE ROUGHNESS IN FL ASSEMBLED BAFFLE & ROCKER COVERS ON CYL 1 & 3. REMOVED,MAINTENANCE FLIGHT REQUIRED TO CHECK FOR ABNORMAL ENGINE ROUGHNESS IN FLIGHT. ASSEMBLED BAFFLE AND ROCKER COVERS ON CYLINDER ONE AND THREE.,MX FLIGHT REQUIRED TO CK FOR ABNORMAL ENGINE ROUGHNESS IN FL ASSEMBLED BAFFLE & ROCKER COVERS ON CYL 1 & 3. REMOVED,MX FLIGHT REQUIRED TO CK FOR ABNORMAL ENGINE ROUGHNESS IN FL ASSEMBLED BAFFLE & ROCKER COVERS ON CYL 1 & 3. REMOVED,True,True,none
105675::combined,105675,sensitivity,raw,"MX FLIGHT REQUIRED TO CK FOR ABNORMAL ENGINE ROUGHNESS IN FL STARTED REMOVING SPARK PLUGS, SIDE BAFFLES, ROCKER COVE","MAINTENANCE FLIGHT REQUIRED TO CHECK FOR ABNORMAL ENGINE ROUGHNESS IN FLIGHT. STARTED REMOVING SPARK PLUGS, SIDE BAFFLES, ROCKER COVERS","MX FLIGHT REQUIRED TO CK FOR ABNORMAL ENGINE ROUGHNESS IN FL STARTED REMOVING SPARK PLUGS, SIDE BAFFLES, ROCKER COVE","MX FLIGHT REQUIRED TO CK FOR ABNORMAL ENGINE ROUGHNESS IN FL STARTED REMOVING SPARK PLUGS, SIDE BAFFLES, ROCKER COVE",True,True,none
105676::combined,105676,sensitivity,raw,"MX FLIGHT REQUIRED TO CK FOR ABNORMAL ENGINE ROUGHNESS IN FL LOWERED EXHAUST, REMOVED ATTACHING HARDWARE TO CYL 4. R","MAINTENANCE FLIGHT REQUIRED TO CHECK FOR ABNORMAL ENGINE ROUGHNESS IN FLIGHT. LOWERED EXHAUST, REMOVED ATTACHING HARDWARE TO CYLINDER FOUR.","MX FLIGHT REQUIRED TO CK FOR ABNORMAL ENGINE ROUGHNESS IN FL LOWERED EXHAUST, REMOVED ATTACHING HARDWARE TO CYL 4. R","MX FLIGHT REQUIRED TO CK FOR ABNORMAL ENGINE ROUGHNESS IN FL LOWERED EXHAUST, REMOVED ATTACHING HARDWARE TO CYL 4. R",True,True,none
105677::combined,105677,sensitivity,raw,"MX FLIGHT REQUIRED TO CK FOR ABNORMAL ENGINE ROUGHNESS IN FL PREPPED NEW CYL & PISTON. INSTALLED NEW PISTON, RINGS &","MAINTENANCE FLIGHT REQUIRED TO CHECK FOR ABNORMAL ENGINE ROUGHNESS IN FLIGHT. PREPPED NEW CYLINDER AND PISTON. INSTALLED NEW PISTON, RINGS","MX FLIGHT REQUIRED TO CK FOR ABNORMAL ENGINE ROUGHNESS IN FL PREPPED NEW CYL & PISTON. INSTALLED NEW PISTON, RINGS &","MX FLIGHT REQUIRED TO CK FOR ABNORMAL ENGINE ROUGHNESS IN FL PREPPED NEW CYL & PISTON. INSTALLED NEW PISTON, RINGS &",True,True,none
105683::combined,105683,sensitivity,raw,AFT R/H BAFFLE SCREW IS MISSING. REMOVED OIL COOLER FROM BAFFLE (NO LINES DISTURBED). IN,"AFT RIGHT-HAND BAFFLE SCREW IS MISSING. REMOVED OIL COOLER FROM BAFFLE, NO LINES DISTURBED.",AFT R/H BAFFLE SCREW IS MISSING. REMOVED OIL COOLER FROM BAFFLE (NO LINES DISTURBED). IN,AFT R/H BAFFLE SCREW IS MISSING. REMOVED OIL COOLER FROM BAFFLE (NO LINES DISTURBED). IN,True,True,none
105686::combined,105686,sensitivity,raw,"DURING POWER ON STALL, @ FULL THROTTLE, THERE WAS A LOUD TAP RAN A/C. COULD NOT DUPLICATE TAPPING NOISE OR FUEL SMEL","DURING POWER ON STALL, AT FULL THROTTLE, THERE WAS A LOUD TAP. RAN AIRCRAFT. COULD NOT DUPLICATE TAPPING NOISE OR FUEL SMELL","DURING POWER ON STALL, @ FULL THROTTLE, THERE WAS A LOUD TAP RAN A/C. COULD NOT DUPLICATE TAPPING NOISE OR FUEL SMEL","DURING POWER ON STALL, @ FULL THROTTLE, THERE WAS A LOUD TAP RAN A/C. COULD NOT DUPLICATE TAPPING NOISE OR FUEL SMEL",True,True,none
105689::combined,105689,sensitivity,raw,IN STRAIGHT & LEVEL FLIGHT EXPERIENCED 2 VIBRATIONS W/ A/C Y ROUTED & SECURED OIL LINES.,IN STRAIGHT AND LEVEL FLIGHT EXPERIENCED TWO VIBRATIONS WITH AIRCRAFT. ROUTED AND SECURED OIL LINES.,IN STRAIGHT & LEVEL FLIGHT EXPERIENCED 2 VIBRATIONS W/ A/C Y ROUTED & SECURED OIL LINES.,IN STRAIGHT & LEVEL FLIGHT EXPERIENCED 2 VIBRATIONS W/ A/C Y ROUTED & SECURED OIL LINES.,True,True,none
105690::combined,105690,sensitivity,raw,IN STRAIGHT & LEVEL FLIGHT EXPERIENCED 2 VIBRATIONS W/ A/C Y RUN UP & LEAK CK OK. FOR MX FLIGHT.,IN STRAIGHT AND LEVEL FLIGHT EXPERIENCED TWO VIBRATIONS WITH AIRCRAFT. RUN UP AND LEAK CHECK OK. FOR MAINTENANCE FLIGHT.,IN STRAIGHT & LEVEL FLIGHT EXPERIENCED 2 VIBRATIONS W/ A/C Y RUN UP & LEAK CK OK. FOR MX FLIGHT.,IN STRAIGHT & LEVEL FLIGHT EXPERIENCED 2 VIBRATIONS W/ A/C Y RUN UP & LEAK CK OK. FOR MX FLIGHT.,True,True,none
105691::combined,105691,sensitivity,raw,"IN STRAIGHT & LEVEL FLIGHT EXPERIENCED 2 VIBRATIONS W/ A/C Y BEGAN LYCOMING , FOUND #2 EXHAUST GUIDE TIGHT. R","IN STRAIGHT AND LEVEL FLIGHT EXPERIENCED TWO VIBRATIONS WITH AIRCRAFT. BEGAN LYCOMING , FOUND NUMBER TWO EXHAUST GUIDE TIGHT.","IN STRAIGHT & LEVEL FLIGHT EXPERIENCED 2 VIBRATIONS W/ A/C Y BEGAN LYCOMING , FOUND #2 EXHAUST GUIDE TIGHT. R","IN STRAIGHT & LEVEL FLIGHT EXPERIENCED 2 VIBRATIONS W/ A/C Y BEGAN LYCOMING , FOUND #2 EXHAUST GUIDE TIGHT. R",True,True,none
105692::combined,105692,sensitivity,raw,"IN STRAIGHT & LEVEL FLIGHT EXPERIENCED 2 VIBRATIONS W/ A/C Y PERFORMED ON #4 EXHAUST GUIDE, FOUND TIGHT. REA","IN STRAIGHT AND LEVEL FLIGHT EXPERIENCED TWO VIBRATIONS WITH AIRCRAFT. PERFORMED ON NUMBER FOUR EXHAUST GUIDE, FOUND TIGHT. REAMED EXHAUST VALVE GUIDE","IN STRAIGHT & LEVEL FLIGHT EXPERIENCED 2 VIBRATIONS W/ A/C Y PERFORMED ON #4 EXHAUST GUIDE, FOUND TIGHT. REA","IN STRAIGHT & LEVEL FLIGHT EXPERIENCED 2 VIBRATIONS W/ A/C Y PERFORMED ON #4 EXHAUST GUIDE, FOUND TIGHT. REA",True,True,none
105693::combined,105693,sensitivity,raw,IN STRAIGHT & LEVEL FLIGHT EXPERIENCED 2 VIBRATIONS W/ A/C Y COMPLETED ASSY OF BAFFLES. RAN ENGINE BLADES ENGAGE,IN STRAIGHT AND LEVEL FLIGHT EXPERIENCED TWO VIBRATIONS WITH AIRCRAFT. COMPLETED ASSEMBLY OF BAFFLES. RAN ENGINE,IN STRAIGHT & LEVEL FLIGHT EXPERIENCED 2 VIBRATIONS W/ A/C Y COMPLETED ASSY OF BAFFLES. RAN ENGINE BLADES ENGAGE,IN STRAIGHT & LEVEL FLIGHT EXPERIENCED 2 VIBRATIONS W/ A/C Y COMPLETED ASSY OF BAFFLES. RAN ENGINE BLADES ENGAGE,True,True,none
105700::combined,105700,sensitivity,raw,#1 CYLINDER ON R/H ENGINE IS CRACKED. REMOVED CYLINDER ASSY. REPLACED W/ NEW CYLINDER ASSY IA,NUMBER ONE CYLINDER ON RIGHT-HAND ENGINE IS CRACKED. REMOVED CYLINDER ASSEMBLY. REPLACED WITH NEW CYLINDER ASSEMBLY IN ACCORDANCE WITH REFERENCE MANUAL,#1 CYLINDER ON R/H ENGINE IS CRACKED. REMOVED CYLINDER ASSY. REPLACED W/ NEW CYLINDER ASSY IA,#1 CYLINDER ON R/H ENGINE IS CRACKED. REMOVED CYLINDER ASSY. REPLACED W/ NEW CYLINDER ASSY IA,True,True,none
105707::combined,105707,sensitivity,raw,PILOT REPORTS PARTIAL POWER LOSS & ROUGH RUNNING ENGINE. FOUND #2 CYL CRACKED. REMOVED & REPLACED CYLINDER. C/W,PILOT REPORTS PARTIAL POWER LOSS AND ROUGH RUNNING ENGINE. FOUND NUMBER TWO CYLINDER CRACKED. REMOVED AND REPLACED CYLINDER. COMPLIED WITH REFERENCE MANUAL,PILOT REPORTS PARTIAL POWER LOSS & ROUGH RUNNING ENGINE. FOUND #2 CYL CRACKED. REMOVED & REPLACED CYLINDER. C/W,PILOT REPORTS PARTIAL POWER LOSS & ROUGH RUNNING ENGINE. FOUND #2 CYL CRACKED. REMOVED & REPLACED CYLINDER. C/W,True,True,none
105714::combined,105714,sensitivity,raw,FUEL IS LEAKING OUT OF #4 INTAKE TUBE. REMOVED & REPLACED #4 INTAKE GASKET. RAN UP ENGINE. LEA,FUEL IS LEAKING OUT OF NUMBER FOUR INTAKE TUBE. REMOVED AND REPLACED NUMBER FOUR INTAKE GASKET. RAN UP ENGINE.,FUEL IS LEAKING OUT OF #4 INTAKE TUBE. REMOVED & REPLACED #4 INTAKE GASKET. RAN UP ENGINE. LEA,FUEL IS LEAKING OUT OF #4 INTAKE TUBE. REMOVED & REPLACED #4 INTAKE GASKET. RAN UP ENGINE. LEA,True,True,none
105718::combined,105718,sensitivity,raw,R/H ENGINE RUNNING ROUGH. DURING RUN UP ENGINE WAS VIOLENTLY RAN A/C. OPS & LEAK CK GOOD. REINSTALLED COWLING.,RIGHT-HAND ENGINE RUNNING ROUGH. DURING RUN UP ENGINE WAS VIOLENTLY SHAKING. RAN AIRCRAFT. OPERATIONS AND LEAK CHECK GOOD. REINSTALLED COWLING.,R/H ENGINE RUNNING ROUGH. DURING RUN UP ENGINE WAS VIOLENTLY RAN A/C. OPS & LEAK CK GOOD. REINSTALLED COWLING.,R/H ENGINE RUNNING ROUGH. DURING RUN UP ENGINE WAS VIOLENTLY RAN A/C. OPS & LEAK CK GOOD. REINSTALLED COWLING.,True,True,none
105719::combined,105719,sensitivity,raw,R/H ENGINE RUNNING ROUGH. DURING RUN UP ENGINE WAS VIOLENTLY CONFIRMED DISCREPANCY. INSPECTED R/H ENGINE & FOUND,RIGHT-HAND ENGINE RUNNING ROUGH. DURING RUN UP ENGINE WAS VIOLENTLY SHAKING. CONFIRMED DISCREPANCY. INSPECTED RIGHT-HAND ENGINE,R/H ENGINE RUNNING ROUGH. DURING RUN UP ENGINE WAS VIOLENTLY CONFIRMED DISCREPANCY. INSPECTED R/H ENGINE & FOUND,R/H ENGINE RUNNING ROUGH. DURING RUN UP ENGINE WAS VIOLENTLY CONFIRMED DISCREPANCY. INSPECTED R/H ENGINE & FOUND,True,True,none
105720::combined,105720,sensitivity,raw,"R/H ENGINE RUNNING ROUGH. DURING RUN UP ENGINE WAS VIOLENTLY INSTALLED #2 & 4 INTERCYLINDER BAFFLE, TIE ROD & DRAIN","RIGHT-HAND ENGINE RUNNING ROUGH. DURING RUN UP ENGINE WAS VIOLENTLY SHAKING. INSTALLED NUMBER TWO AND NUMBER FOUR INTERCYLINDER BAFFLE, TIE ROD AND DRAIN","R/H ENGINE RUNNING ROUGH. DURING RUN UP ENGINE WAS VIOLENTLY INSTALLED #2 & 4 INTERCYLINDER BAFFLE, TIE ROD & DRAIN","R/H ENGINE RUNNING ROUGH. DURING RUN UP ENGINE WAS VIOLENTLY INSTALLED #2 & 4 INTERCYLINDER BAFFLE, TIE ROD & DRAIN",True,True,none
105721::combined,105721,sensitivity,raw,"R/H ENGINE RUNNING ROUGH. DURING RUN UP ENGINE WAS VIOLENTLY REMOVED BAFFLING, INTAKE PIPE, EXHAUST STACK & AFT MUFF","RIGHT-HAND ENGINE RUNNING ROUGH. DURING RUN UP ENGINE WAS VIOLENTLY SHAKING. REMOVED BAFFLING, INTAKE PIPE, EXHAUST STACK AND AFT MUFFLER","R/H ENGINE RUNNING ROUGH. DURING RUN UP ENGINE WAS VIOLENTLY REMOVED BAFFLING, INTAKE PIPE, EXHAUST STACK & AFT MUFF","R/H ENGINE RUNNING ROUGH. DURING RUN UP ENGINE WAS VIOLENTLY REMOVED BAFFLING, INTAKE PIPE, EXHAUST STACK & AFT MUFF",True,True,none
105722::combined,105722,sensitivity,raw,"R/H ENGINE RUNNING ROUGH. DURING RUN UP ENGINE WAS VIOLENTLY TORQUED HOLD DOWN NUTS TO SPECS. REINSTALLED INTAKE, EX","RIGHT-HAND ENGINE RUNNING ROUGH. DURING RUN UP ENGINE WAS VIOLENTLY SHAKING. TORQUED HOLD DOWN NUTS TO SPECS. REINSTALLED INTAKE, EXHAUST","R/H ENGINE RUNNING ROUGH. DURING RUN UP ENGINE WAS VIOLENTLY TORQUED HOLD DOWN NUTS TO SPECS. REINSTALLED INTAKE, EX","R/H ENGINE RUNNING ROUGH. DURING RUN UP ENGINE WAS VIOLENTLY TORQUED HOLD DOWN NUTS TO SPECS. REINSTALLED INTAKE, EX",True,True,none
105723::combined,105723,sensitivity,raw,R/H ENGINE RUNNING ROUGH. DURING RUN UP ENGINE WAS VIOLENTLY INSTALLED & TORQUED SPARK PLUGS. CONNECTED SPARK PLUG L,RIGHT-HAND ENGINE RUNNING ROUGH. DURING RUN UP ENGINE WAS VIOLENTLY SHAKING. INSTALLED AND TORQUED SPARK PLUGS. CONNECTED SPARK PLUG LEAD,R/H ENGINE RUNNING ROUGH. DURING RUN UP ENGINE WAS VIOLENTLY INSTALLED & TORQUED SPARK PLUGS. CONNECTED SPARK PLUG L,R/H ENGINE RUNNING ROUGH. DURING RUN UP ENGINE WAS VIOLENTLY INSTALLED & TORQUED SPARK PLUGS. CONNECTED SPARK PLUG L,True,True,none
105726::combined,105726,sensitivity,raw,"MAG DROP OUT OF STANDARDS. RAN A/C UP TO OPERATING PARAMETERS. PERFORMED MAG CK, O",MAGNETO DROP OUT OF STANDARDS. RAN AIRCRAFT UP TO OPERATING PARAMETERS. PERFORMED MAGNETO CHECK,"MAG DROP OUT OF STANDARDS. RAN A/C UP TO OPERATING PARAMETERS. PERFORMED MAG CK, O","MAG DROP OUT OF STANDARDS. RAN A/C UP TO OPERATING PARAMETERS. PERFORMED MAG CK, O",True,True,none
105729::combined,105729,sensitivity,raw,"PROP OVERSPEED, HIGH RPM & ANYTHING ABOVE 22 INCHES WOULD RE C/W LYCOMING 369M; OVERSPEED FOUND TO BE BETWEEN 5 & 10","PROPELLER OVERSPEED, HIGH RPM AND ANYTHING ABOVE TWENTY TWO INCHES WOULD REQUIRE INSPECTION. COMPLIED WITH LYCOMING THREE HUNDRED AND SIXTY NINE M; OVERSPEED FOUND TO BE BETWEEN FIVE AND TEN","PROP OVERSPEED, HIGH RPM & ANYTHING ABOVE 22 INCHES WOULD RE C/W LYCOMING 369M; OVERSPEED FOUND TO BE BETWEEN 5 & 10","PROP OVERSPEED, HIGH RPM & ANYTHING ABOVE 22 INCHES WOULD RE C/W LYCOMING 369M; OVERSPEED FOUND TO BE BETWEEN 5 & 10",True,True,none
105730::combined,105730,sensitivity,raw,L/H ENGINE #2 CYL LOST CHT & EGT DURING LANDING. ALSO STARTE REMOVED & REPLACED #2 CYL ASSY ON LEFT ENGINE. CHANGED,LEFT-HAND ENGINE NUMBER TWO CYLINDER LOST CHT AND EGT DURING LANDING. REMOVED AND REPLACED NUMBER TWO CYLINDER ASSEMBLY ON LEFT ENGINE.,L/H ENGINE #2 CYL LOST CHT & EGT DURING LANDING. ALSO STARTE REMOVED & REPLACED #2 CYL ASSY ON LEFT ENGINE. CHANGED,L/H ENGINE #2 CYL LOST CHT & EGT DURING LANDING. ALSO STARTE REMOVED & REPLACED #2 CYL ASSY ON LEFT ENGINE. CHANGED,True,True,none
105731::combined,105731,sensitivity,raw,L/H ENGINE #2 CYL LOST CHT & EGT DURING LANDING. ALSO STARTE FOR BILLIN PURPOSES ONLY,LEFT-HAND ENGINE NUMBER TWO CYLINDER LOST CHT AND EGT DURING LANDING. FOR BILLING PURPOSES ONLY,L/H ENGINE #2 CYL LOST CHT & EGT DURING LANDING. ALSO STARTE FOR BILLIN PURPOSES ONLY,L/H ENGINE #2 CYL LOST CHT & EGT DURING LANDING. ALSO STARTE FOR BILLIN PURPOSES ONLY,True,True,none
105732::combined,105732,sensitivity,raw,#3 LWR INTAKE TUBE LEAKS. SWEDGED INTAKE TUBE & INSTALLED INTAKE TUBE W/ NEW GASK,NUMBER THREE LOWER INTAKE TUBE LEAKS. SWEDGED INTAKE TUBE AND INSTALLED INTAKE TUBE WITH NEW GASKET,#3 LWR INTAKE TUBE LEAKS. SWEDGED INTAKE TUBE & INSTALLED INTAKE TUBE W/ NEW GASK,#3 LWR INTAKE TUBE LEAKS. SWEDGED INTAKE TUBE & INSTALLED INTAKE TUBE W/ NEW GASK,True,True,none
105734::combined,105734,sensitivity,raw,"#3 CYL AFT BAFFLE ATTACH SCREW HAS COME OUT. REMOVED DIPSTICK TUBE, REINSTALLED SCREW, REINSTALLED D","NUMBER THREE CYLINDER AFT BAFFLE ATTACH SCREW HAS COME OUT. REMOVED DIPSTICK TUBE, REINSTALLED SCREW, REINSTALLED D","#3 CYL AFT BAFFLE ATTACH SCREW HAS COME OUT. REMOVED DIPSTICK TUBE, REINSTALLED SCREW, REINSTALLED D","#3 CYL AFT BAFFLE ATTACH SCREW HAS COME OUT. REMOVED DIPSTICK TUBE, REINSTALLED SCREW, REINSTALLED D",True,True,none
105735::combined,105735,sensitivity,raw,"#3 EXHAUST PUSH ROD SEAL IS LEAKING. REMOVED & REPLACED PUSH ROD SEAL, O-RING RETAINER & 2 R","NUMBER THREE EXHAUST PUSH ROD SEAL IS LEAKING. REMOVED AND REPLACED PUSH ROD SEAL, O-RING RETAINER AND TWO RODS","#3 EXHAUST PUSH ROD SEAL IS LEAKING. REMOVED & REPLACED PUSH ROD SEAL, O-RING RETAINER & 2 R","#3 EXHAUST PUSH ROD SEAL IS LEAKING. REMOVED & REPLACED PUSH ROD SEAL, O-RING RETAINER & 2 R",True,True,none
105742::combined,105742,sensitivity,raw,#4 CYL HAS LOW COMPRESSION. FOUND DRY TAPPET CLEARANCE W/IN SPECS & ALL FLUID LINES,NUMBER FOUR CYLINDER HAS LOW COMPRESSION. FOUND DRY TAPPET CLEARANCE WITHIN SPECS,#4 CYL HAS LOW COMPRESSION. FOUND DRY TAPPET CLEARANCE W/IN SPECS & ALL FLUID LINES,#4 CYL HAS LOW COMPRESSION. FOUND DRY TAPPET CLEARANCE W/IN SPECS & ALL FLUID LINES,True,True,none
105743::combined,105743,sensitivity,raw,"#4 CYL HAS LOW COMPRESSION. REMOVED CYLINDER FROM ENGINE, INSPECTED & FOUND BURNT E","NUMBER FOUR CYLINDER HAS LOW COMPRESSION. REMOVED CYLINDER FROM ENGINE, INSPECTED AND FOUND BURNT EXHAUST VALVE","#4 CYL HAS LOW COMPRESSION. REMOVED CYLINDER FROM ENGINE, INSPECTED & FOUND BURNT E","#4 CYL HAS LOW COMPRESSION. REMOVED CYLINDER FROM ENGINE, INSPECTED & FOUND BURNT E",True,True,none
105744::combined,105744,sensitivity,raw,"CYL #1 & 3 TIE ROD IS LOOSE AND AFT BAFFLE IS CONTACTING OIL ADJUSTED INTERCYLINDER BAFFLE TIE ROD, INSPECTED RETURN","CYLINDER NUMBER ONE AND NUMBER THREE TIE ROD IS LOOSE AND AFT BAFFLE IS CONTACTING OIL. ADJUSTED INTERCYLINDER BAFFLE TIE ROD, INSPECTED RETURN TO SERVICE","CYL #1 & 3 TIE ROD IS LOOSE AND AFT BAFFLE IS CONTACTING OIL ADJUSTED INTERCYLINDER BAFFLE TIE ROD, INSPECTED RETURN","CYL #1 & 3 TIE ROD IS LOOSE AND AFT BAFFLE IS CONTACTING OIL ADJUSTED INTERCYLINDER BAFFLE TIE ROD, INSPECTED RETURN",True,True,none
105749::combined,105749,sensitivity,raw,"#3 CYLINDER HAS LOW COMPRESSION. REMOVED #3 CYL, GROUND INTAKE VALVE & SEAT, LAPPED EXHA","NUMBER THREE CYLINDER HAS LOW COMPRESSION. REMOVED NUMBER THREE CYLINDER, GROUND INTAKE VALVE AND SEAT, LAPPED EXHAUST VALVE","#3 CYLINDER HAS LOW COMPRESSION. REMOVED #3 CYL, GROUND INTAKE VALVE & SEAT, LAPPED EXHA","#3 CYLINDER HAS LOW COMPRESSION. REMOVED #3 CYL, GROUND INTAKE VALVE & SEAT, LAPPED EXHA",True,True,none
105755::combined,105755,sensitivity,raw,#1 CYLINDER INTAKE GASKET BROKEN & LEAKING. REMOVED R/H EXHAUST-INTAKE TUBE ASSY. INTAKE ELBOW GASK,"NUMBER ONE CYLINDER INTAKE GASKET BROKEN AND LEAKING. REMOVED RIGHT-HAND EXHAUST, INTAKE TUBE ASSEMBLY. INTAKE ELBOW GASKET",#1 CYLINDER INTAKE GASKET BROKEN & LEAKING. REMOVED R/H EXHAUST-INTAKE TUBE ASSY. INTAKE ELBOW GASK,#1 CYLINDER INTAKE GASKET BROKEN & LEAKING. REMOVED R/H EXHAUST-INTAKE TUBE ASSY. INTAKE ELBOW GASK,True,True,none
105757::combined,105757,sensitivity,raw,"DURING RUN UP, WHEN CHECKING LEFT MAG, THERE WAS A 250 RPM D RAN A/C, DETERMINED TO BE #4 LOWER PLUG. REMOVED, CLEAN","DURING RUN UP, WHEN CHECKING LEFT MAGNETO, THERE WAS A TWO HUNDRED AND FIFTY RPM DROP. RAN AIRCRAFT, DETERMINED TO BE NUMBER FOUR LOWER PLUG. REMOVED, CLEANED AND REINSTALLED PLUG","DURING RUN UP, WHEN CHECKING LEFT MAG, THERE WAS A 250 RPM D RAN A/C, DETERMINED TO BE #4 LOWER PLUG. REMOVED, CLEAN","DURING RUN UP, WHEN CHECKING LEFT MAG, THERE WAS A 250 RPM D RAN A/C, DETERMINED TO BE #4 LOWER PLUG. REMOVED, CLEAN",True,True,none
105758::combined,105758,sensitivity,raw,"LAST LANDING, COMING OFF RUNWAY, ENGINE SHUT DOWN RAN A/C, IDLE RPM & MIXTURE CK GOOD. MAG CHECKS GOOD. S","LAST LANDING, COMING OFF RUNWAY, ENGINE SHUT DOWN. RAN AIRCRAFT, IDLE RPM AND MIXTURE CHECK GOOD. MAGNETO CHECKS GOOD.","LAST LANDING, COMING OFF RUNWAY, ENGINE SHUT DOWN RAN A/C, IDLE RPM & MIXTURE CK GOOD. MAG CHECKS GOOD. S","LAST LANDING, COMING OFF RUNWAY, ENGINE SHUT DOWN RAN A/C, IDLE RPM & MIXTURE CK GOOD. MAG CHECKS GOOD. S",True,True,none
105762::combined,105762,sensitivity,raw,"ENGINE STARTED MAKING ABNORMAL SOUND IN FLIGHT. ABNORMAL VIB RAN UP A/C, COULD NOT DUPLICATE IRREGULOR SOUNDS OR VIB","ENGINE STARTED MAKING ABNORMAL SOUND IN FLIGHT. ABNORMAL VIBRATION. RAN UP AIRCRAFT, COULD NOT DUPLICATE IRREGULAR SOUNDS OR VIBRATIONS","ENGINE STARTED MAKING ABNORMAL SOUND IN FLIGHT. ABNORMAL VIB RAN UP A/C, COULD NOT DUPLICATE IRREGULOR SOUNDS OR VIB","ENGINE STARTED MAKING ABNORMAL SOUND IN FLIGHT. ABNORMAL VIB RAN UP A/C, COULD NOT DUPLICATE IRREGULOR SOUNDS OR VIB",True,True,none
105767::combined,105767,sensitivity,raw,"ENGINE DIED AT IDLE DURING TAXI 3 TIMES. COULD NOT START AFT PERFORMED GROUND RUN, FOUND ENGINE IDLING TOO LOW. ADJU","ENGINE DIED AT IDLE DURING TAXI THREE TIMES. COULD NOT START AFTER. PERFORMED GROUND RUN, FOUND ENGINE IDLING TOO LOW. ADJUSTED","ENGINE DIED AT IDLE DURING TAXI 3 TIMES. COULD NOT START AFT PERFORMED GROUND RUN, FOUND ENGINE IDLING TOO LOW. ADJU","ENGINE DIED AT IDLE DURING TAXI 3 TIMES. COULD NOT START AFT PERFORMED GROUND RUN, FOUND ENGINE IDLING TOO LOW. ADJU",True,True,none
105773::combined,105773,sensitivity,raw,BOTH BAFFLE SPARK PLUG ACCESS HOLES DAMAGED. INSTALLED DOUBLER PLATES. REMOVED & REPLACED BAFFLE PLU,BOTH BAFFLE SPARK PLUG ACCESS HOLES DAMAGED. INSTALLED DOUBLER PLATES. REMOVED AND REPLACED BAFFLE PLUG ACCESS HOLES,BOTH BAFFLE SPARK PLUG ACCESS HOLES DAMAGED. INSTALLED DOUBLER PLATES. REMOVED & REPLACED BAFFLE PLU,BOTH BAFFLE SPARK PLUG ACCESS HOLES DAMAGED. INSTALLED DOUBLER PLATES. REMOVED & REPLACED BAFFLE PLU,True,True,none
105777::combined,105777,sensitivity,raw,"DURING RUN UP, ENGINE SHUT DOWN. RESTARTED & HAD FLAMES COMI NSPECTED ENGINE, PERFORMED GROUND RUN. OPS CK'ED GOOD.","DURING RUN UP, ENGINE SHUT DOWN. RESTARTED AND HAD FLAMES COMING. INSPECTED ENGINE, PERFORMED GROUND RUN. OPERATIONS CHECKED GOOD.","DURING RUN UP, ENGINE SHUT DOWN. RESTARTED & HAD FLAMES COMI NSPECTED ENGINE, PERFORMED GROUND RUN. OPS CK'ED GOOD.","DURING RUN UP, ENGINE SHUT DOWN. RESTARTED & HAD FLAMES COMI NSPECTED ENGINE, PERFORMED GROUND RUN. OPS CK'ED GOOD.",True,True,none
105789::combined,105789,sensitivity,raw,"R/H ENG HAS CRACKED 90* BRACKET FWD OIL COOLER, NEEDS STOP D STOP DRILLED CRACK END.","RIGHT-HAND ENGINE HAS CRACKED NINETY DEGREES BRACKET FORWARD OIL COOLER, NEEDS STOP DRILLED. STOP DRILLED CRACK END.","R/H ENG HAS CRACKED 90* BRACKET FWD OIL COOLER, NEEDS STOP D STOP DRILLED CRACK END.","R/H ENG HAS CRACKED 90* BRACKET FWD OIL COOLER, NEEDS STOP D STOP DRILLED CRACK END.",True,True,none
105791::combined,105791,sensitivity,raw,L/H ENG BAFFLE TIE ROD WIRE HITTING BOTH O/B CLAMPS. DAMAGE NEG. ADJUSTED TOWARD I/B & ADJ CLAMPS OUT OF THE,LEFT-HAND ENGINE BAFFLE TIE ROD WIRE HITTING BOTH OUTBOARD CLAMPS. DAMAGE NEGLIGIBLE. ADJUSTED TOWARD INBOARD AND ADJUSTED CLAMPS OUT OF THE WAY,L/H ENG BAFFLE TIE ROD WIRE HITTING BOTH O/B CLAMPS. DAMAGE NEG. ADJUSTED TOWARD I/B & ADJ CLAMPS OUT OF THE,L/H ENG BAFFLE TIE ROD WIRE HITTING BOTH O/B CLAMPS. DAMAGE NEG. ADJUSTED TOWARD I/B & ADJ CLAMPS OUT OF THE,True,True,none
105796::combined,105796,sensitivity,raw,L/H ENGINE OVERSPEED ON TAKE OFF & CLIMB; 2720-2730. COULD H REMOVED SD CARD & READ. 2733.2 RPM HIGHEST RECORDING. L,LEFT-HAND ENGINE OVERSPEED ON TAKEOFF AND CLIMB; TWENTY SEVEN HUNDRED AND TWENTY TO TWENTY SEVEN HUNDRED AND THIRTY. REMOVED SD CARD AND READ. TWENTY SEVEN HUNDRED AND THIRTY THREE POINT TWO RPM HIGHEST RECORDING.,L/H ENGINE OVERSPEED ON TAKE OFF & CLIMB; 2720-2730. COULD H REMOVED SD CARD & READ. 2733.2 RPM HIGHEST RECORDING. L,L/H ENGINE OVERSPEED ON TAKE OFF & CLIMB; 2720-2730. COULD H REMOVED SD CARD & READ. 2733.2 RPM HIGHEST RECORDING. L,True,True,none
105799::combined,105799,sensitivity,raw,"LEFT ENGINE WOULD NOT START. LEFT ENGIEN COVER WAS NOT PUT O STARTED & RAN ENGINE L/H, ALL SYSTEMS W/IN PARAMETERS.","LEFT ENGINE WOULD NOT START. LEFT ENGINE COVER WAS NOT PUT ON. STARTED AND RAN ENGINE LEFT-HAND, ALL SYSTEMS WITHIN PARAMETERS.","LEFT ENGINE WOULD NOT START. LEFT ENGIEN COVER WAS NOT PUT O STARTED & RAN ENGINE L/H, ALL SYSTEMS W/IN PARAMETERS.","LEFT ENGINE WOULD NOT START. LEFT ENGIEN COVER WAS NOT PUT O STARTED & RAN ENGINE L/H, ALL SYSTEMS W/IN PARAMETERS.",True,True,none
105802::combined,105802,sensitivity,raw,"ON DOWN WIND, HAD REDUCTION IN POWER FOLLOWED BY ROUGH VIBRA RAN A/C, ALL CHECKS GOOD. DOWN LOADED CARD DATA & FOUND","ON DOWNWIND, HAD REDUCTION IN POWER FOLLOWED BY ROUGH VIBRATION. RAN AIRCRAFT, ALL CHECKS GOOD. DOWNLOADED CARD DATA","ON DOWN WIND, HAD REDUCTION IN POWER FOLLOWED BY ROUGH VIBRA RAN A/C, ALL CHECKS GOOD. DOWN LOADED CARD DATA & FOUND","ON DOWN WIND, HAD REDUCTION IN POWER FOLLOWED BY ROUGH VIBRA RAN A/C, ALL CHECKS GOOD. DOWN LOADED CARD DATA & FOUND",True,True,none
105803::combined,105803,sensitivity,raw,"DURING TAXI, STARTED TO SMELL HEAVY FUMES, CO WARNING CAME O RAN UP A/C, UNABLE TO DUPLICATE DISCREPANCY.","DURING TAXI, STARTED TO SMELL HEAVY FUMES, CO WARNING CAME ON. RAN UP AIRCRAFT, UNABLE TO DUPLICATE DISCREPANCY.","DURING TAXI, STARTED TO SMELL HEAVY FUMES, CO WARNING CAME O RAN UP A/C, UNABLE TO DUPLICATE DISCREPANCY.","DURING TAXI, STARTED TO SMELL HEAVY FUMES, CO WARNING CAME O RAN UP A/C, UNABLE TO DUPLICATE DISCREPANCY.",True,True,none
105805::combined,105805,sensitivity,raw,"OVERSPED PROP DURING MANUEVERS, 30 RPM. DOWNLOADED CARD DATA & FOUND 2740 PEAK RPM. NO FURTHER","OVERSPED PROPELLER DURING MANUEVERS, THIRTY RPM. DOWNLOADED CARD DATA AND FOUND TWENTY SEVEN HUNDRED AND FORTY PEAK RPM. NO FURTHER ACTION REQUIRED","OVERSPED PROP DURING MANUEVERS, 30 RPM. DOWNLOADED CARD DATA & FOUND 2740 PEAK RPM. NO FURTHER","OVERSPED PROP DURING MANUEVERS, 30 RPM. DOWNLOADED CARD DATA & FOUND 2740 PEAK RPM. NO FURTHER",True,True,none
105810::combined,105810,sensitivity,raw,"#3 CYL LOW COMPRESSION (48/80). PERFORMED COMPRESSION TEST, FOUND #3 CYL @ 48 PSI. STAK","NUMBER THREE CYLINDER LOW COMPRESSION, FORTY EIGHT OUT OF EIGHTY. PERFORMED COMPRESSION TEST, FOUND NUMBER THREE CYLINDER AT FORTY EIGHT PSI.","#3 CYL LOW COMPRESSION (48/80). PERFORMED COMPRESSION TEST, FOUND #3 CYL @ 48 PSI. STAK","#3 CYL LOW COMPRESSION (48/80). PERFORMED COMPRESSION TEST, FOUND #3 CYL @ 48 PSI. STAK",True,True,none
105811::combined,105811,sensitivity,raw,#3 CYL LOW COMPRESSION (48/80). FINISHED GROUNDING VALVE SEATS & FITTING VALVES INTO SE,"NUMBER THREE CYLINDER LOW COMPRESSION, FORTY EIGHT OUT OF EIGHTY. FINISHED GROUNDING VALVE SEATS AND FITTING VALVES INTO SEATS",#3 CYL LOW COMPRESSION (48/80). FINISHED GROUNDING VALVE SEATS & FITTING VALVES INTO SE,#3 CYL LOW COMPRESSION (48/80). FINISHED GROUNDING VALVE SEATS & FITTING VALVES INTO SE,True,True,none
105821::combined,105821,sensitivity,raw,#4 CYLINDER COMPRESSION @ 45/80. INSTALLED NEW CYL ASSY & TORQUED TO CASE. DRY TAPPET CL,NUMBER FOUR CYLINDER COMPRESSION AT FORTY FIVE OUT OF EIGHTY. INSTALLED NEW CYLINDER ASSEMBLY AND TORQUED TO CASE. DRY TAPPET CLEARANCE CHECK GOOD,#4 CYLINDER COMPRESSION @ 45/80. INSTALLED NEW CYL ASSY & TORQUED TO CASE. DRY TAPPET CL,#4 CYLINDER COMPRESSION @ 45/80. INSTALLED NEW CYL ASSY & TORQUED TO CASE. DRY TAPPET CL,True,True,none
105834::combined,105834,sensitivity,raw,"ROUGH ENGINE. RAN A/C, WARMED TO OPERATING TEMPERATURE, NO DEFECTS NO","ROUGH ENGINE. RAN AIRCRAFT, WARMED TO OPERATING TEMPERATURE, NO DEFECTS NOTED","ROUGH ENGINE. RAN A/C, WARMED TO OPERATING TEMPERATURE, NO DEFECTS NO","ROUGH ENGINE. RAN A/C, WARMED TO OPERATING TEMPERATURE, NO DEFECTS NO",True,True,none
105835::combined,105835,sensitivity,raw,"DURING RUN UP, L/H MAG DROP OUTSIDE OF STANDARDS. WAS ABLE T RAN UP A/C, AT MULTIPLE POWER SETTINGS, NO DEFECTS NOTE","DURING RUN UP, LEFT-HAND MAGNETO DROP OUTSIDE OF STANDARDS. RAN UP AIRCRAFT, AT MULTIPLE POWER SETTINGS, NO DEFECTS NOTED","DURING RUN UP, L/H MAG DROP OUTSIDE OF STANDARDS. WAS ABLE T RAN UP A/C, AT MULTIPLE POWER SETTINGS, NO DEFECTS NOTE","DURING RUN UP, L/H MAG DROP OUTSIDE OF STANDARDS. WAS ABLE T RAN UP A/C, AT MULTIPLE POWER SETTINGS, NO DEFECTS NOTE",True,True,none
105836::combined,105836,sensitivity,raw,"DURING START UP, ENGINE STARTED BUT RAN VERY ROUGH & WOULD N RAN A/C, CONFIRMED DISCREP. PERFORMED COMPRESSION CK","DURING START UP, ENGINE STARTED BUT RAN VERY ROUGH AND WOULD NOT START. RAN AIRCRAFT, CONFIRMED DISCREPANCY. PERFORMED COMPRESSION CHECK","DURING START UP, ENGINE STARTED BUT RAN VERY ROUGH & WOULD N RAN A/C, CONFIRMED DISCREP. PERFORMED COMPRESSION CK","DURING START UP, ENGINE STARTED BUT RAN VERY ROUGH & WOULD N RAN A/C, CONFIRMED DISCREP. PERFORMED COMPRESSION CK",True,True,none
105837::combined,105837,sensitivity,raw,"DURING START UP, ENGINE STARTED BUT RAN VERY ROUGH & WOULD N DISASSEMBLED EXHAUST VALVES & SPRINGS. REAMED EXHAUST G","DURING START UP, ENGINE STARTED BUT RAN VERY ROUGH. DISASSEMBLED EXHAUST VALVES AND SPRINGS. REAMED EXHAUST GUIDE","DURING START UP, ENGINE STARTED BUT RAN VERY ROUGH & WOULD N DISASSEMBLED EXHAUST VALVES & SPRINGS. REAMED EXHAUST G","DURING START UP, ENGINE STARTED BUT RAN VERY ROUGH & WOULD N DISASSEMBLED EXHAUST VALVES & SPRINGS. REAMED EXHAUST G",True,True,none
105842::combined,105842,sensitivity,raw,"OIL PRESSURE READ 100-105 PSI IN TRAFFIC PATTERN. RAN A/C, OPS & LEAK CK GOOD. OIL PRESSURE 89 PSI @ FULL","OIL PRESSURE READ ONE HUNDRED TO ONE HUNDRED AND FIVE PSI IN TRAFFIC PATTERN. RAN AIRCRAFT, OPERATIONS AND LEAK CHECK GOOD. OIL PRESSURE EIGHTY NINE PSI AT FULL THROTTLE","OIL PRESSURE READ 100-105 PSI IN TRAFFIC PATTERN. RAN A/C, OPS & LEAK CK GOOD. OIL PRESSURE 89 PSI @ FULL","OIL PRESSURE READ 100-105 PSI IN TRAFFIC PATTERN. RAN A/C, OPS & LEAK CK GOOD. OIL PRESSURE 89 PSI @ FULL",True,True,none
105848::combined,105848,sensitivity,raw,"ENGINE RAN ROUDH, IDLE LOW, WOULDN'T GO TO FULL POWER. PERFORMED COMPRESSION TEST, FOUND #3 CYL TO HAVE LOW CO","ENGINE RAN ROUGH, IDLE LOW, WOULDN'T GO TO FULL POWER. PERFORMED COMPRESSION TEST, FOUND NUMBER THREE CYLINDER TO HAVE LOW COMPRESSION","ENGINE RAN ROUDH, IDLE LOW, WOULDN'T GO TO FULL POWER. PERFORMED COMPRESSION TEST, FOUND #3 CYL TO HAVE LOW CO","ENGINE RAN ROUDH, IDLE LOW, WOULDN'T GO TO FULL POWER. PERFORMED COMPRESSION TEST, FOUND #3 CYL TO HAVE LOW CO",True,True,none
105849::combined,105849,sensitivity,raw,"ENGINE RAN ROUDH, IDLE LOW, WOULDN'T GO TO FULL POWER. FINISHED CYLINDER INSTALLATION. PERFORMED DRY TAPPET CL","ENGINE RAN ROUGH, IDLE LOW, WOULDN'T GO TO FULL POWER. FINISHED CYLINDER INSTALLATION. PERFORMED DRY TAPPET CLEARANCE INSPECTION","ENGINE RAN ROUDH, IDLE LOW, WOULDN'T GO TO FULL POWER. FINISHED CYLINDER INSTALLATION. PERFORMED DRY TAPPET CL","ENGINE RAN ROUDH, IDLE LOW, WOULDN'T GO TO FULL POWER. FINISHED CYLINDER INSTALLATION. PERFORMED DRY TAPPET CL",True,True,none
105856::combined,105856,sensitivity,raw,R/H ENG #3 CYL COMPRESSION 59/80. COMPLETED INSTALLATION OF BAFFLES & EXHAUST SYSTEM. RAN,RIGHT-HAND ENGINE NUMBER THREE CYLINDER COMPRESSION FIFTY NINE OUT OF EIGHTY. COMPLETED INSTALLATION OF BAFFLES AND EXHAUST SYSTEM.,R/H ENG #3 CYL COMPRESSION 59/80. COMPLETED INSTALLATION OF BAFFLES & EXHAUST SYSTEM. RAN,R/H ENG #3 CYL COMPRESSION 59/80. COMPLETED INSTALLATION OF BAFFLES & EXHAUST SYSTEM. RAN,True,True,none
105857::combined,105857,sensitivity,raw,"R/H ENG #4 CYL COMPRESSION 40/80. COMPLETED INSTALLATION OF BAFFLES & EXHAUST. RAN ENG, O",RIGHT-HAND ENGINE NUMBER FOUR CYLINDER COMPRESSION FORTY OUT OF EIGHTY. COMPLETED INSTALLATION OF BAFFLES AND EXHAUST. RAN ENGINE,"R/H ENG #4 CYL COMPRESSION 40/80. COMPLETED INSTALLATION OF BAFFLES & EXHAUST. RAN ENG, O","R/H ENG #4 CYL COMPRESSION 40/80. COMPLETED INSTALLATION OF BAFFLES & EXHAUST. RAN ENG, O",True,True,none
105859::combined,105859,sensitivity,raw,"DURING ENGINE START, ENGINE WAS RUNNING VERY ROUGH. WENT THR LEAK & OPS CK GOOD.","DURING ENGINE START, ENGINE WAS RUNNING VERY ROUGH. LEAK AND OPERATIONS CHECK GOOD.","DURING ENGINE START, ENGINE WAS RUNNING VERY ROUGH. WENT THR LEAK & OPS CK GOOD.","DURING ENGINE START, ENGINE WAS RUNNING VERY ROUGH. WENT THR LEAK & OPS CK GOOD.",True,True,none
105860::combined,105860,sensitivity,raw,"DURING ENGINE START, ENGINE WAS RUNNING VERY ROUGH. WENT THR RAN UP A/C, CONFIRMED DISCREP. REVIEWED FDM DATA, FOUND","DURING ENGINE START, ENGINE WAS RUNNING VERY ROUGH. RAN UP AIRCRAFT, CONFIRMED DISCREPANCY. REVIEWED FDM DATA","DURING ENGINE START, ENGINE WAS RUNNING VERY ROUGH. WENT THR RAN UP A/C, CONFIRMED DISCREP. REVIEWED FDM DATA, FOUND","DURING ENGINE START, ENGINE WAS RUNNING VERY ROUGH. WENT THR RAN UP A/C, CONFIRMED DISCREP. REVIEWED FDM DATA, FOUND",True,True,none
105861::combined,105861,sensitivity,raw,"DURING ENGINE START, ENGINE WAS RUNNING VERY ROUGH. WENT THR REAMED REMAINING CYL EXHAUST GUIDES & REASSEMBLED, INST","DURING ENGINE START, ENGINE WAS RUNNING VERY ROUGH. REAMED REMAINING CYLINDER EXHAUST GUIDES AND REASSEMBLED","DURING ENGINE START, ENGINE WAS RUNNING VERY ROUGH. WENT THR REAMED REMAINING CYL EXHAUST GUIDES & REASSEMBLED, INST","DURING ENGINE START, ENGINE WAS RUNNING VERY ROUGH. WENT THR REAMED REMAINING CYL EXHAUST GUIDES & REASSEMBLED, INST",True,True,none
105866::combined,105866,sensitivity,raw,"FRONT CRANKSHAFT OIL PLUG LEAKING. REMOVED PROP, REMOVED & REPLACED FWD CRANKSHAFT SEAL. R","FRONT CRANKSHAFT OIL PLUG LEAKING. REMOVED PROPELLER, REMOVED AND REPLACED FORWARD CRANKSHAFT SEAL.","FRONT CRANKSHAFT OIL PLUG LEAKING. REMOVED PROP, REMOVED & REPLACED FWD CRANKSHAFT SEAL. R","FRONT CRANKSHAFT OIL PLUG LEAKING. REMOVED PROP, REMOVED & REPLACED FWD CRANKSHAFT SEAL. R",True,True,none
105874::combined,105874,sensitivity,raw,"ENGINE RUNNING ROUGH ON TAKEOFF, CRUISE, CLIMB. WENT THROUGH GROUND RAN A/C, COULD NOT DUPLICATE DISCREP. MAINTENANC","ENGINE RUNNING ROUGH ON TAKEOFF, CRUISE, CLIMB. GROUND RAN AIRCRAFT, COULD NOT DUPLICATE DISCREPANCY.","ENGINE RUNNING ROUGH ON TAKEOFF, CRUISE, CLIMB. WENT THROUGH GROUND RAN A/C, COULD NOT DUPLICATE DISCREP. MAINTENANC","ENGINE RUNNING ROUGH ON TAKEOFF, CRUISE, CLIMB. WENT THROUGH GROUND RAN A/C, COULD NOT DUPLICATE DISCREP. MAINTENANC",True,True,none
105877::combined,105877,sensitivity,raw,"ENGINE STARTED NORMAL & IDLED NORMAL, BUT WHEN BROUGHT UP TO DISASSEMBLED BAFFLES, INSPECTED & FOUND #1, 3 EXHAUST V","ENGINE STARTED NORMAL AND IDLED NORMAL, BUT WHEN BROUGHT UP TO FULL THROTTLE ENGINE RAN ROUGH. DISASSEMBLED BAFFLES, INSPECTED AND FOUND NUMBER ONE, AND NUMBER THREE EXHAUST VALVE GUIDES DAMAGED","ENGINE STARTED NORMAL & IDLED NORMAL, BUT WHEN BROUGHT UP TO DISASSEMBLED BAFFLES, INSPECTED & FOUND #1, 3 EXHAUST V","ENGINE STARTED NORMAL & IDLED NORMAL, BUT WHEN BROUGHT UP TO DISASSEMBLED BAFFLES, INSPECTED & FOUND #1, 3 EXHAUST V",True,True,none
105880::combined,105880,sensitivity,raw,#4 INTAKE TUBE LEAKING @ SUMP. SWEDGED INTAKE IAW LYCOMING DIRECT DRIVE MANUAL. INSTAL,NUMBER FOUR INTAKE TUBE LEAKING AT SUMP. SWEDGED INTAKE IN ACCORDANCE WITH LYCOMING DIRECT DRIVE MANUAL.,#4 INTAKE TUBE LEAKING @ SUMP. SWEDGED INTAKE IAW LYCOMING DIRECT DRIVE MANUAL. INSTAL,#4 INTAKE TUBE LEAKING @ SUMP. SWEDGED INTAKE IAW LYCOMING DIRECT DRIVE MANUAL. INSTAL,True,True,none
105886::combined,105886,sensitivity,raw,"DURING PREFLIGHT, FOUND OIL LEAKING OUT FROM L/H SIDE OF ENG FOUND OIL LEAKING FROM #2 & 4 ROCKER COVERS. REPLACED R","DURING PREFLIGHT, FOUND OIL LEAKING OUT FROM LEFT-HAND SIDE OF ENGINE. FOUND OIL LEAKING FROM NUMBER TWO AND NUMBER FOUR ROCKER COVERS. REPLACED ROCKER COVERS","DURING PREFLIGHT, FOUND OIL LEAKING OUT FROM L/H SIDE OF ENG FOUND OIL LEAKING FROM #2 & 4 ROCKER COVERS. REPLACED R","DURING PREFLIGHT, FOUND OIL LEAKING OUT FROM L/H SIDE OF ENG FOUND OIL LEAKING FROM #2 & 4 ROCKER COVERS. REPLACED R",True,True,none
105895::combined,105895,sensitivity,raw,"CYL 3 OR 4 HAS A STUCK EXHAUST VALVE. PERFORMED COMPRESSION TEST, VERIFIED #4 CYL HAS ZERO CO","CYLINDER THREE OR FOUR HAS A STUCK EXHAUST VALVE. PERFORMED COMPRESSION TEST, VERIFIED NUMBER FOUR CYLINDER HAS ZERO COMPRESSION","CYL 3 OR 4 HAS A STUCK EXHAUST VALVE. PERFORMED COMPRESSION TEST, VERIFIED #4 CYL HAS ZERO CO","CYL 3 OR 4 HAS A STUCK EXHAUST VALVE. PERFORMED COMPRESSION TEST, VERIFIED #4 CYL HAS ZERO CO",True,True,none
105896::combined,105896,sensitivity,raw,CYL 3 OR 4 HAS A STUCK EXHAUST VALVE. REAMED #4 CYL EXHAUST GUIDE. DRY TAPPET CLEARANCE CK GO,CYLINDER THREE OR FOUR HAS A STUCK EXHAUST VALVE. REAMED NUMBER FOUR CYLINDER EXHAUST GUIDE. DRY TAPPET CLEARANCE CHECK GOOD,CYL 3 OR 4 HAS A STUCK EXHAUST VALVE. REAMED #4 CYL EXHAUST GUIDE. DRY TAPPET CLEARANCE CK GO,CYL 3 OR 4 HAS A STUCK EXHAUST VALVE. REAMED #4 CYL EXHAUST GUIDE. DRY TAPPET CLEARANCE CK GO,True,True,none
105905::combined,105905,sensitivity,raw,"BAFFLE BY CASE SPLIT, CRACKED. FABRICATED BAFFLE CONNECTOR PLATE FROM LIKE MATERIAL &","BAFFLE BY CASE SPLIT, CRACKED. FABRICATED BAFFLE CONNECTOR PLATE FROM LIKE MATERIAL","BAFFLE BY CASE SPLIT, CRACKED. FABRICATED BAFFLE CONNECTOR PLATE FROM LIKE MATERIAL &","BAFFLE BY CASE SPLIT, CRACKED. FABRICATED BAFFLE CONNECTOR PLATE FROM LIKE MATERIAL &",True,True,none
105913::combined,105913,sensitivity,raw,"ENGINE VERY ROUGH AFTER START - DOES NOT RUN AT IDLE. PERFORMED COMPRESSION TEST, FOUND #4 CYL 0/80. BORESCOP","ENGINE VERY ROUGH AFTER START, DOES NOT RUN AT IDLE. PERFORMED COMPRESSION TEST, FOUND NUMBER FOUR CYLINDER ZERO OUT OF EIGHTY. BORESCOPED CYLINDER","ENGINE VERY ROUGH AFTER START - DOES NOT RUN AT IDLE. PERFORMED COMPRESSION TEST, FOUND #4 CYL 0/80. BORESCOP","ENGINE VERY ROUGH AFTER START - DOES NOT RUN AT IDLE. PERFORMED COMPRESSION TEST, FOUND #4 CYL 0/80. BORESCOP",True,True,none
105914::combined,105914,sensitivity,raw,"ENGINE VERY ROUGH AFTER START - DOES NOT RUN AT IDLE. REPLACED #4 CYL W/ NEW ASSY, TORQUED TO CASE. DRY TAPPE","ENGINE VERY ROUGH AFTER START, DOES NOT RUN AT IDLE. REPLACED NUMBER FOUR CYLINDER WITH NEW ASSEMBLY, TORQUED TO CASE. DRY TAPPET CLEARANCE CHECK GOOD","ENGINE VERY ROUGH AFTER START - DOES NOT RUN AT IDLE. REPLACED #4 CYL W/ NEW ASSY, TORQUED TO CASE. DRY TAPPE","ENGINE VERY ROUGH AFTER START - DOES NOT RUN AT IDLE. REPLACED #4 CYL W/ NEW ASSY, TORQUED TO CASE. DRY TAPPE",True,True,none
105918::combined,105918,sensitivity,raw,MANUFACTURER REQUESTED CONNECTING ROD EXCHANGE. REMOVED REMAINING BAFFLES. REMOVED CYLINDERS & CONNECTI,MANUFACTURER REQUESTED CONNECTING ROD EXCHANGE. REMOVED REMAINING BAFFLES. REMOVED CYLINDERS AND CONNECTING RODS,MANUFACTURER REQUESTED CONNECTING ROD EXCHANGE. REMOVED REMAINING BAFFLES. REMOVED CYLINDERS & CONNECTI,MANUFACTURER REQUESTED CONNECTING ROD EXCHANGE. REMOVED REMAINING BAFFLES. REMOVED CYLINDERS & CONNECTI,True,True,none
105919::combined,105919,sensitivity,raw,MANUFACTURER REQUESTED CONNECTING ROD EXCHANGE. BEGAN ASSY OF ENGINE BY INSTALLED NEW CONNECTING RODS &,MANUFACTURER REQUESTED CONNECTING ROD EXCHANGE. BEGAN ASSEMBLY OF ENGINE BY INSTALLED NEW CONNECTING RODS,MANUFACTURER REQUESTED CONNECTING ROD EXCHANGE. BEGAN ASSY OF ENGINE BY INSTALLED NEW CONNECTING RODS &,MANUFACTURER REQUESTED CONNECTING ROD EXCHANGE. BEGAN ASSY OF ENGINE BY INSTALLED NEW CONNECTING RODS &,True,True,none
105920::combined,105920,sensitivity,raw,MANUFACTURER REQUESTED CONNECTING ROD EXCHANGE. FOR COMPLETION OF ROCKER INSTALLATION. ASSY C,MANUFACTURER REQUESTED CONNECTING ROD EXCHANGE. FOR COMPLETION OF ROCKER INSTALLATION.,MANUFACTURER REQUESTED CONNECTING ROD EXCHANGE. FOR COMPLETION OF ROCKER INSTALLATION. ASSY C,MANUFACTURER REQUESTED CONNECTING ROD EXCHANGE. FOR COMPLETION OF ROCKER INSTALLATION. ASSY C,True,True,none
105924::combined,105924,sensitivity,raw,"ENGINE RUNS ROUGH ON RUN UP. REAMED ALL 4 EXHAUST VALVES, CLEARANCES CK'ED GOOD; CYL","ENGINE RUNS ROUGH ON RUN UP. REAMED ALL FOUR EXHAUST VALVES, CLEARANCES CHECKED GOOD","ENGINE RUNS ROUGH ON RUN UP. REAMED ALL 4 EXHAUST VALVES, CLEARANCES CK'ED GOOD; CYL","ENGINE RUNS ROUGH ON RUN UP. REAMED ALL 4 EXHAUST VALVES, CLEARANCES CK'ED GOOD; CYL",True,True,none
105927::combined,105927,sensitivity,raw,"ROUGH RUNNING ENGINE IN FLIGHT. PARTIAL POWER LOSS, LITTLE T REMOVED COWL & SPARK PLUG LEADS. OBSERVED CRACK ACROSS","ROUGH RUNNING ENGINE IN FLIGHT. PARTIAL POWER LOSS, LITTLE TEMPERATURE. REMOVED COWL AND SPARK PLUG LEADS. OBSERVED CRACK ACROSS PLUG","ROUGH RUNNING ENGINE IN FLIGHT. PARTIAL POWER LOSS, LITTLE T REMOVED COWL & SPARK PLUG LEADS. OBSERVED CRACK ACROSS","ROUGH RUNNING ENGINE IN FLIGHT. PARTIAL POWER LOSS, LITTLE T REMOVED COWL & SPARK PLUG LEADS. OBSERVED CRACK ACROSS",True,True,none
105928::combined,105928,sensitivity,raw,"ROUGH RUNNING ENGINE IN FLIGHT. PARTIAL POWER LOSS, LITTLE T COMPLETED TRANSFERRING SERVICEABLE COMPONENTS. INSTALLE","ROUGH RUNNING ENGINE IN FLIGHT. PARTIAL POWER LOSS, LITTLE TEMPERATURE. COMPLETED TRANSFERRING SERVICEABLE COMPONENTS.","ROUGH RUNNING ENGINE IN FLIGHT. PARTIAL POWER LOSS, LITTLE T COMPLETED TRANSFERRING SERVICEABLE COMPONENTS. INSTALLE","ROUGH RUNNING ENGINE IN FLIGHT. PARTIAL POWER LOSS, LITTLE T COMPLETED TRANSFERRING SERVICEABLE COMPONENTS. INSTALLE",True,True,none
105929::combined,105929,sensitivity,raw,"ROUGH RUNNING ENGINE IN FLIGHT. PARTIAL POWER LOSS, LITTLE T REMOVED ENGINE IAW MM. STARTED TRANSFERRING COMP","ROUGH RUNNING ENGINE IN FLIGHT. PARTIAL POWER LOSS, LITTLE TEMPERATURE. REMOVED ENGINE IN ACCORDANCE WITH MAINTENANCE MANUAL.","ROUGH RUNNING ENGINE IN FLIGHT. PARTIAL POWER LOSS, LITTLE T REMOVED ENGINE IAW MM. STARTED TRANSFERRING COMP","ROUGH RUNNING ENGINE IN FLIGHT. PARTIAL POWER LOSS, LITTLE T REMOVED ENGINE IAW MM. STARTED TRANSFERRING COMP",True,True,none
105930::combined,105930,sensitivity,raw,"ROUGH RUNNING ENGINE IN FLIGHT. PARTIAL POWER LOSS, LITTLE T REMOVED SPARK PLUGS. SERVICED W/ 8 QTS MINERAL OIL. PRE","ROUGH RUNNING ENGINE IN FLIGHT. PARTIAL POWER LOSS, LITTLE TEMPERATURE. REMOVED SPARK PLUGS. SERVICED WITH EIGHT QUARTS MINERAL OIL.","ROUGH RUNNING ENGINE IN FLIGHT. PARTIAL POWER LOSS, LITTLE T REMOVED SPARK PLUGS. SERVICED W/ 8 QTS MINERAL OIL. PRE","ROUGH RUNNING ENGINE IN FLIGHT. PARTIAL POWER LOSS, LITTLE T REMOVED SPARK PLUGS. SERVICED W/ 8 QTS MINERAL OIL. PRE",True,True,none
105931::combined,105931,sensitivity,raw,"ROUGH RUNNING ENGINE IN FLIGHT. PARTIAL POWER LOSS, LITTLE T COMPLETED ROUTING & SECURING LINES, WIRES, CABLES & HOS","ROUGH RUNNING ENGINE IN FLIGHT. PARTIAL POWER LOSS, LITTLE TEMPERATURE. COMPLETED ROUTING AND SECURING LINES, WIRES, CABLES AND HOSES","ROUGH RUNNING ENGINE IN FLIGHT. PARTIAL POWER LOSS, LITTLE T COMPLETED ROUTING & SECURING LINES, WIRES, CABLES & HOS","ROUGH RUNNING ENGINE IN FLIGHT. PARTIAL POWER LOSS, LITTLE T COMPLETED ROUTING & SECURING LINES, WIRES, CABLES & HOS",True,True,none
105932::combined,105932,sensitivity,raw,#4 CYL RUNS COLD & ENGINE SHAKES VIOLENTLY. STARTED INSTALLATION OF NEW #4 CYLINDER. TORQUED BASE N,NUMBER FOUR CYLINDER RUNS COLD AND ENGINE SHAKES VIOLENTLY. STARTED INSTALLATION OF NEW NUMBER FOUR CYLINDER. TORQUED BASE NUTS,#4 CYL RUNS COLD & ENGINE SHAKES VIOLENTLY. STARTED INSTALLATION OF NEW #4 CYLINDER. TORQUED BASE N,#4 CYL RUNS COLD & ENGINE SHAKES VIOLENTLY. STARTED INSTALLATION OF NEW #4 CYLINDER. TORQUED BASE N,True,True,none
105934::combined,105934,sensitivity,raw,R/H GOVERNOR IS STILL LEAKING ALSO FOUND LIFT RING BOLT LEAKING OIL ON ENGINE CASE. R,RIGHT-HAND GOVERNOR IS STILL LEAKING. ALSO FOUND LIFT RING BOLT LEAKING OIL ON ENGINE CASE.,R/H GOVERNOR IS STILL LEAKING ALSO FOUND LIFT RING BOLT LEAKING OIL ON ENGINE CASE. R,R/H GOVERNOR IS STILL LEAKING ALSO FOUND LIFT RING BOLT LEAKING OIL ON ENGINE CASE. R,True,True,none
105935::combined,105935,sensitivity,raw,"NUT IS MISSING ON CYL #3 AFT BAFFLE MOUNT. REMOVED AFT CYL #3 BAFFLE, PATCHED BAFFLE IAW SR","NUT IS MISSING ON CYLINDER NUMBER THREE AFT BAFFLE MOUNT. REMOVED AFT CYLINDER NUMBER THREE BAFFLE, PATCHED BAFFLE IN ACCORDANCE WITH STANDARD REFERENCE MANUAL","NUT IS MISSING ON CYL #3 AFT BAFFLE MOUNT. REMOVED AFT CYL #3 BAFFLE, PATCHED BAFFLE IAW SR","NUT IS MISSING ON CYL #3 AFT BAFFLE MOUNT. REMOVED AFT CYL #3 BAFFLE, PATCHED BAFFLE IAW SR",True,True,none
105939::combined,105939,sensitivity,raw,"ROUGHNESS ON R/H ENGINE. SUSPECT CARB ICE, BUT CARB HEAT DID PERFORMED COMPRESSION CK - ALL CYLINDERS WERE W/IN LIMI","ROUGHNESS ON RIGHT-HAND ENGINE. SUSPECT CARB ICE, BUT CARB HEAT ON. PERFORMED COMPRESSION CHECK, ALL CYLINDERS WERE WITHIN LIMITS","ROUGHNESS ON R/H ENGINE. SUSPECT CARB ICE, BUT CARB HEAT DID PERFORMED COMPRESSION CK - ALL CYLINDERS WERE W/IN LIMI","ROUGHNESS ON R/H ENGINE. SUSPECT CARB ICE, BUT CARB HEAT DID PERFORMED COMPRESSION CK - ALL CYLINDERS WERE W/IN LIMI",True,True,none
105945::combined,105945,sensitivity,raw,HIGH FREQUENCY VIBRATION FELT WHILE RUNNING UP AT 2000 RPM. FOUND NUMEROUS SPECKS OF NON-FERROUS METAL IN OIL. BEGA,HIGH FREQUENCY VIBRATION FELT WHILE RUNNING UP AT TWO THOUSAND RPM. FOUND NUMEROUS SPECKS OF NON-FERROUS METAL IN OIL.,HIGH FREQUENCY VIBRATION FELT WHILE RUNNING UP AT 2000 RPM. FOUND NUMEROUS SPECKS OF NON-FERROUS METAL IN OIL. BEGA,HIGH FREQUENCY VIBRATION FELT WHILE RUNNING UP AT 2000 RPM. FOUND NUMEROUS SPECKS OF NON-FERROUS METAL IN OIL. BEGA,True,True,none
105946::combined,105946,sensitivity,raw,HIGH FREQUENCY VIBRATION FELT WHILE RUNNING UP AT 2000 RPM. COMPLETED REMOVAL OF ENGINE. STARTED REMOVING BAFFLES &,HIGH FREQUENCY VIBRATION FELT WHILE RUNNING UP AT TWO THOUSAND RPM. COMPLETED REMOVAL OF ENGINE. STARTED REMOVING BAFFLES,HIGH FREQUENCY VIBRATION FELT WHILE RUNNING UP AT 2000 RPM. COMPLETED REMOVAL OF ENGINE. STARTED REMOVING BAFFLES &,HIGH FREQUENCY VIBRATION FELT WHILE RUNNING UP AT 2000 RPM. COMPLETED REMOVAL OF ENGINE. STARTED REMOVING BAFFLES &,True,True,none
105948::combined,105948,sensitivity,raw,HIGH FREQUENCY VIBRATION FELT WHILE RUNNING UP AT 2000 RPM. COMPLETED BUILD UP OF O/H ENGINE. INSTALLED ENGNIE TO A,HIGH FREQUENCY VIBRATION FELT WHILE RUNNING UP AT TWO THOUSAND RPM. COMPLETED BUILD UP OF OVERHAUL ENGINE. INSTALLED ENGNIE,HIGH FREQUENCY VIBRATION FELT WHILE RUNNING UP AT 2000 RPM. COMPLETED BUILD UP OF O/H ENGINE. INSTALLED ENGNIE TO A,HIGH FREQUENCY VIBRATION FELT WHILE RUNNING UP AT 2000 RPM. COMPLETED BUILD UP OF O/H ENGINE. INSTALLED ENGNIE TO A,True,True,none
105950::combined,105950,sensitivity,raw,"HIGH FREQUENCY VIBRATION FELT WHILE RUNNING UP AT 2000 RPM. PRE-OILED OVERHAULED ENGINE. INSTALED SPARK PLUGS, LEAD",HIGH FREQUENCY VIBRATION FELT WHILE RUNNING UP AT TWO THOUSAND RPM. PRE-OILED OVERHAULED ENGINE. INSTALED SPARK PLUGS,"HIGH FREQUENCY VIBRATION FELT WHILE RUNNING UP AT 2000 RPM. PRE-OILED OVERHAULED ENGINE. INSTALED SPARK PLUGS, LEAD","HIGH FREQUENCY VIBRATION FELT WHILE RUNNING UP AT 2000 RPM. PRE-OILED OVERHAULED ENGINE. INSTALED SPARK PLUGS, LEAD",True,True,none
105958::combined,105958,sensitivity,raw,"SMALL AMOUNT OF METAL FOUND IN R/H ENGINE OIL FILTER. IAW LYCOMING SI 1492D, OIL CHANGE & FILTER INSP REQUIRE","SMALL AMOUNT OF METAL FOUND IN RIGHT-HAND ENGINE OIL FILTER. IN ACCORDANCE WITH LYCOMING SERVICE INSTRUCTION FOURTEEN HUNDRED AND NINETY TWO D, OIL CHANGE AND FILTER INSPECTION REQUIRED","SMALL AMOUNT OF METAL FOUND IN R/H ENGINE OIL FILTER. IAW LYCOMING SI 1492D, OIL CHANGE & FILTER INSP REQUIRE","SMALL AMOUNT OF METAL FOUND IN R/H ENGINE OIL FILTER. IAW LYCOMING SI 1492D, OIL CHANGE & FILTER INSP REQUIRE",True,True,none
105971::combined,105971,sensitivity,raw,"L/H ENG #4 CYL IS CRACKED, FOUND ON COMPRESSION TEST. REMOVED ALL CYLINDERS, REINSTALLED 4 NEW CYLINDERS. TOR","LEFT-HAND ENGINE NUMBER FOUR CYLINDER IS CRACKED, FOUND ON COMPRESSION TEST. REMOVED ALL CYLINDERS, REINSTALLED FOUR NEW CYLINDERS.","L/H ENG #4 CYL IS CRACKED, FOUND ON COMPRESSION TEST. REMOVED ALL CYLINDERS, REINSTALLED 4 NEW CYLINDERS. TOR","L/H ENG #4 CYL IS CRACKED, FOUND ON COMPRESSION TEST. REMOVED ALL CYLINDERS, REINSTALLED 4 NEW CYLINDERS. TOR",True,True,none
105973::combined,105973,sensitivity,raw,"L/H ENG #4 CYL IS CRACKED, FOUND ON COMPRESSION TEST. RAN A/C, OPS & LEAK CK GOOD. FOR BREAK","LEFT-HAND ENGINE NUMBER FOUR CYLINDER IS CRACKED, FOUND ON COMPRESSION TEST. RAN AIRCRAFT, OPERATIONS AND LEAK CHECK GOOD.","L/H ENG #4 CYL IS CRACKED, FOUND ON COMPRESSION TEST. RAN A/C, OPS & LEAK CK GOOD. FOR BREAK","L/H ENG #4 CYL IS CRACKED, FOUND ON COMPRESSION TEST. RAN A/C, OPS & LEAK CK GOOD. FOR BREAK",True,True,none
105977::combined,105977,sensitivity,raw,ENGINE CHANGE REQUIRED. COMPLETED INSTALLATION OF ENGINE & COMPONENTS. ROUTING,ENGINE CHANGE REQUIRED. COMPLETED INSTALLATION OF ENGINE AND COMPONENTS.,ENGINE CHANGE REQUIRED. COMPLETED INSTALLATION OF ENGINE & COMPONENTS. ROUTING,ENGINE CHANGE REQUIRED. COMPLETED INSTALLATION OF ENGINE & COMPONENTS. ROUTING,True,True,none
105980::combined,105980,sensitivity,raw,ENGINE CHANGE REQUIRED. SET ALTERNATOR BELT TENSION & SAFETIED. PRE-OILED ENGIN,ENGINE CHANGE REQUIRED. SET ALTERNATOR BELT TENSION AND SAFETIED. PRE-OILED ENGINE,ENGINE CHANGE REQUIRED. SET ALTERNATOR BELT TENSION & SAFETIED. PRE-OILED ENGIN,ENGINE CHANGE REQUIRED. SET ALTERNATOR BELT TENSION & SAFETIED. PRE-OILED ENGIN,True,True,none
105981::combined,105981,sensitivity,raw,BAFFLE TIE ROD IS CHAFING ON #4 OIL RETURN LINE. REMOVED & REPLACED LINE. REPOSITIONED TIE ROD TO CREATE,BAFFLE TIE ROD IS CHAFING ON NUMBER FOUR OIL RETURN LINE. REMOVED AND REPLACED LINE. REPOSITIONED TIE ROD TO CREATE SPACE,BAFFLE TIE ROD IS CHAFING ON #4 OIL RETURN LINE. REMOVED & REPLACED LINE. REPOSITIONED TIE ROD TO CREATE,BAFFLE TIE ROD IS CHAFING ON #4 OIL RETURN LINE. REMOVED & REPLACED LINE. REPOSITIONED TIE ROD TO CREATE,True,True,none
105986::combined,105986,sensitivity,raw,"UPON ENGINE START, NOTICED ENGINE WAS RUNNING EXTREMELY ROUG RAN UP A/C, CLEARED SPARK PLUGS. COULD NOT DUPLICATE DI","UPON ENGINE START, NOTICED ENGINE WAS RUNNING EXTREMELY ROUGH. RAN UP AIRCRAFT, CLEARED SPARK PLUGS. COULD NOT DUPLICATE DISCREPANCY","UPON ENGINE START, NOTICED ENGINE WAS RUNNING EXTREMELY ROUG RAN UP A/C, CLEARED SPARK PLUGS. COULD NOT DUPLICATE DI","UPON ENGINE START, NOTICED ENGINE WAS RUNNING EXTREMELY ROUG RAN UP A/C, CLEARED SPARK PLUGS. COULD NOT DUPLICATE DI",True,True,none
105988::combined,105988,sensitivity,raw,"#1 CYL COMPRESSION LOW. REMOVED & REPLACED #1 CYLINDER, DUE TO BURNT EXHAUST VA","NUMBER ONE CYLINDER COMPRESSION LOW. REMOVED AND REPLACED NUMBER ONE CYLINDER, DUE TO BURNT EXHAUST VALVE","#1 CYL COMPRESSION LOW. REMOVED & REPLACED #1 CYLINDER, DUE TO BURNT EXHAUST VA","#1 CYL COMPRESSION LOW. REMOVED & REPLACED #1 CYLINDER, DUE TO BURNT EXHAUST VA",True,True,none
105989::combined,105989,sensitivity,raw,#3 AFT BAFFLE TAB IS LOOSE. REMOVED BAFFLE. INSTALLED & TIGHTENED NEW HARDWARE. REI,NUMBER THREE AFT BAFFLE TAB IS LOOSE. REMOVED BAFFLE. INSTALLED AND TIGHTENED NEW HARDWARE. REINSTALLED BAFFLE,#3 AFT BAFFLE TAB IS LOOSE. REMOVED BAFFLE. INSTALLED & TIGHTENED NEW HARDWARE. REI,#3 AFT BAFFLE TAB IS LOOSE. REMOVED BAFFLE. INSTALLED & TIGHTENED NEW HARDWARE. REI,True,True,none
105993::combined,105993,sensitivity,raw,L/H ENGNIE O/B BULKHEAD HAS CRACK BY ATTACH HOLES FOR LOWER FABRICATED DOUBLER OUT OF 2024 T3 .040 ALUMINUM & RIVET,LEFT-HAND ENGINE OUTBOARD BULKHEAD HAS CRACK BY ATTACH HOLES FOR LOWER ENGINE MOUNT. FABRICATED DOUBLER OUT OF TWENTY TWENTY FOUR T THREE POINT ZERO FOUR ZERO ALUMINUM AND RIVET,L/H ENGNIE O/B BULKHEAD HAS CRACK BY ATTACH HOLES FOR LOWER FABRICATED DOUBLER OUT OF 2024 T3 .040 ALUMINUM & RIVET,L/H ENGNIE O/B BULKHEAD HAS CRACK BY ATTACH HOLES FOR LOWER FABRICATED DOUBLER OUT OF 2024 T3 .040 ALUMINUM & RIVET,True,True,none
106000::combined,106000,sensitivity,raw,"ON ENGINE START UP, ENGINE MADE LOUD GRINDING NOISE, THAT DI REMOVED ACCESSORY CASE & OIL SUMP. CLEANED OUT FOD, INS","ON ENGINE START UP, ENGINE MADE LOUD GRINDING NOISE. REMOVED ACCESSORY CASE AND OIL SUMP. CLEANED OUT FOD","ON ENGINE START UP, ENGINE MADE LOUD GRINDING NOISE, THAT DI REMOVED ACCESSORY CASE & OIL SUMP. CLEANED OUT FOD, INS","ON ENGINE START UP, ENGINE MADE LOUD GRINDING NOISE, THAT DI REMOVED ACCESSORY CASE & OIL SUMP. CLEANED OUT FOD, INS",True,True,none
106004::combined,106004,sensitivity,raw,"SCREW FOUND ON GROUND DURING PAD CK, THAT WAS NOT THERE DURI REINSTALLED SCREW IN #4 ROCKER COVER.","SCREW FOUND ON GROUND DURING PAD CHECK, THAT WAS NOT THERE DURING OPERATIONS. REINSTALLED SCREW IN NUMBER FOUR ROCKER COVER.","SCREW FOUND ON GROUND DURING PAD CK, THAT WAS NOT THERE DURI REINSTALLED SCREW IN #4 ROCKER COVER.","SCREW FOUND ON GROUND DURING PAD CK, THAT WAS NOT THERE DURI REINSTALLED SCREW IN #4 ROCKER COVER.",True,True,none
106005::combined,106005,sensitivity,raw,"AUDIBLE RPM LOSS & ENGINE ROUGHNESS WHILE LEVELING IN DOWN W PERFORMED COMPRESSION CK: CYL #1-78, #2-75, #3-78, #4-7","AUDIBLE RPM LOSS AND ENGINE ROUGHNESS WHILE LEVELING IN DOWNWIND. PERFORMED COMPRESSION CHECK: CYLINDER NUMBER ONE TESTED AT SEVENTY EIGHT, NUMBER TWO TESTED AT SEVENTY FIVE, AND NUMBER THREE TESTED AT SEVENTY EIGHT","AUDIBLE RPM LOSS & ENGINE ROUGHNESS WHILE LEVELING IN DOWN W PERFORMED COMPRESSION CK: CYL #1-78, #2-75, #3-78, #4-7","AUDIBLE RPM LOSS & ENGINE ROUGHNESS WHILE LEVELING IN DOWN W PERFORMED COMPRESSION CK: CYL #1-78, #2-75, #3-78, #4-7",True,True,none
106015::combined,106015,sensitivity,raw,"FAULTY MAG ON RUN UP, RAN FAULTY MAG CK LIST 2 TIMES W/ SOME PERFORMED GROUND RUN, NO DEFECTS NOTED. OPS CK'ED GOOD.","FAULTY MAGNETO ON RUN UP, RAN FAULTY MAGNETO CHECKLIST TWO TIMES. PERFORMED GROUND RUN, NO DEFECTS NOTED. OPERATIONS CHECKED GOOD.","FAULTY MAG ON RUN UP, RAN FAULTY MAG CK LIST 2 TIMES W/ SOME PERFORMED GROUND RUN, NO DEFECTS NOTED. OPS CK'ED GOOD.","FAULTY MAG ON RUN UP, RAN FAULTY MAG CK LIST 2 TIMES W/ SOME PERFORMED GROUND RUN, NO DEFECTS NOTED. OPS CK'ED GOOD.",True,True,none
106031::combined,106031,sensitivity,raw,"HARDWARE MISSING FROM AFT R/H BAFFLE. RETRIEVED MISSING HARDWARE, REINSTALLED BAFFLE SCREW. R","HARDWARE MISSING FROM AFT RIGHT-HAND BAFFLE. RETRIEVED MISSING HARDWARE, REINSTALLED BAFFLE SCREW.","HARDWARE MISSING FROM AFT R/H BAFFLE. RETRIEVED MISSING HARDWARE, REINSTALLED BAFFLE SCREW. R","HARDWARE MISSING FROM AFT R/H BAFFLE. RETRIEVED MISSING HARDWARE, REINSTALLED BAFFLE SCREW. R",True,True,none
106032::combined,106032,sensitivity,raw,"NEED TO ADJUST MIXTURE, 150 RISE @ SHUT DOWN. ADJUSTED AS NEEDED. OPS CK GOOD. SEASONAL ADJUSTMENT MA","NEED TO ADJUST MIXTURE, ONE HUNDRED AND FIFTY RISE AT SHUTDOWN. ADJUSTED AS NEEDED. OPERATIONS CHECK GOOD. SEASONAL ADJUSTMENT MADE","NEED TO ADJUST MIXTURE, 150 RISE @ SHUT DOWN. ADJUSTED AS NEEDED. OPS CK GOOD. SEASONAL ADJUSTMENT MA","NEED TO ADJUST MIXTURE, 150 RISE @ SHUT DOWN. ADJUSTED AS NEEDED. OPS CK GOOD. SEASONAL ADJUSTMENT MA",True,True,none
106041::combined,106041,sensitivity,raw,REMOVE SERVICEABLE ENGINE ASSY TO PREPARE FOR TRANSPORT FOR REMOVED SERVICEABLE ENGINE ASSY; INCLUDING ENGINE MOUNT,REMOVE SERVICEABLE ENGINE ASSEMBLY TO PREPARE FOR TRANSPORT. REMOVED SERVICEABLE ENGINE ASSEMBLY; INCLUDING ENGINE MOUNT,REMOVE SERVICEABLE ENGINE ASSY TO PREPARE FOR TRANSPORT FOR REMOVED SERVICEABLE ENGINE ASSY; INCLUDING ENGINE MOUNT,REMOVE SERVICEABLE ENGINE ASSY TO PREPARE FOR TRANSPORT FOR REMOVED SERVICEABLE ENGINE ASSY; INCLUDING ENGINE MOUNT,True,True,none
106043::combined,106043,sensitivity,raw,"PROP STRIKE/SUDDEN STOPPAGE. REMOVED ENGINE ASSY, INCLUDING MOUNT, HOSES, WIRING, AC","PROPELLER STRIKE, SUDDEN STOPPAGE. REMOVED ENGINE ASSEMBLY, INCLUDING MOUNT, HOSES, WIRING","PROP STRIKE/SUDDEN STOPPAGE. REMOVED ENGINE ASSY, INCLUDING MOUNT, HOSES, WIRING, AC","PROP STRIKE/SUDDEN STOPPAGE. REMOVED ENGINE ASSY, INCLUDING MOUNT, HOSES, WIRING, AC",True,True,none
106048::combined,106048,sensitivity,raw,NOTICED AN ABNORMAL TICKING OR VIBRATION NOISE FROM ENGINE B PERFORMED VISUAL INSP OF ENGINE & COMPRESSION,NOTICED AN ABNORMAL TICKING OR VIBRATION NOISE FROM ENGINE. PERFORMED VISUAL INSPECTION OF ENGINE AND COMPRESSION,NOTICED AN ABNORMAL TICKING OR VIBRATION NOISE FROM ENGINE B PERFORMED VISUAL INSP OF ENGINE & COMPRESSION,NOTICED AN ABNORMAL TICKING OR VIBRATION NOISE FROM ENGINE B PERFORMED VISUAL INSP OF ENGINE & COMPRESSION,True,True,none
106049::combined,106049,sensitivity,raw,"OVERSPEED ENGINE BY 20 RPM FOR NO MORE THAN 10 SECONDS. REVIEWED FDM DATA & FOUND MAX OVERSPEED WAS 2617 RPM, W",OVERSPEED ENGINE BY TWENTY RPM FOR NO MORE THAN TEN SECONDS. REVIEWED FDM DATA AND FOUND MAX OVERSPEED WAS TWENTY SIX HUNDRED AND SEVENTEEN RPM,"OVERSPEED ENGINE BY 20 RPM FOR NO MORE THAN 10 SECONDS. REVIEWED FDM DATA & FOUND MAX OVERSPEED WAS 2617 RPM, W","OVERSPEED ENGINE BY 20 RPM FOR NO MORE THAN 10 SECONDS. REVIEWED FDM DATA & FOUND MAX OVERSPEED WAS 2617 RPM, W",True,True,none
106055::combined,106055,sensitivity,raw,"ENGINE BACK FIRED DURING START, FLAME CAME OUT ENGINE. PERFORMED GROUND RUN, OPS CK'ED GOOD. INSPECTED INLET F","ENGINE BACKFIRED DURING START, FLAME CAME OUT ENGINE. PERFORMED GROUND RUN, OPERATIONS CHECKED GOOD. INSPECTED INLET","ENGINE BACK FIRED DURING START, FLAME CAME OUT ENGINE. PERFORMED GROUND RUN, OPS CK'ED GOOD. INSPECTED INLET F","ENGINE BACK FIRED DURING START, FLAME CAME OUT ENGINE. PERFORMED GROUND RUN, OPS CK'ED GOOD. INSPECTED INLET F",True,True,none
106058::combined,106058,sensitivity,raw,LOW COMPRESSION ON CYL #1. FOUND TO HAVE 57/80 PSI COMP & BURNT EXHAUST VALVE. REM,LOW COMPRESSION ON CYLINDER NUMBER ONE. FOUND TO HAVE FIFTY SEVEN OUT OF EIGHTY PSI COMPRESSION AND BURNT EXHAUST VALVE.,LOW COMPRESSION ON CYL #1. FOUND TO HAVE 57/80 PSI COMP & BURNT EXHAUST VALVE. REM,LOW COMPRESSION ON CYL #1. FOUND TO HAVE 57/80 PSI COMP & BURNT EXHAUST VALVE. REM,True,True,none
106067::combined,106067,sensitivity,raw,R/H ENGINE RAN ROUGH IN CLIMB & CRUISE. SHUT OFF L/H MAG ON RAN A/C. L/H & R/H ENIGNE MAGS CK GOOD. NO ROUGHNESS NO,RIGHT-HAND ENGINE RAN ROUGH IN CLIMB AND CRUISE. SHUT OFF LEFT-HAND MAGNETO. RAN AIRCRAFT. LEFT-HAND AND RIGHT-HAND ENIGNE MAGNETOS CHECK GOOD. NO ROUGHNESS NOTED,R/H ENGINE RAN ROUGH IN CLIMB & CRUISE. SHUT OFF L/H MAG ON RAN A/C. L/H & R/H ENIGNE MAGS CK GOOD. NO ROUGHNESS NO,R/H ENGINE RAN ROUGH IN CLIMB & CRUISE. SHUT OFF L/H MAG ON RAN A/C. L/H & R/H ENIGNE MAGS CK GOOD. NO ROUGHNESS NO,True,True,none
106073::combined,106073,sensitivity,raw,"#3, 4 CYL ROCKER COVER GASKETS LEAK. REMOVED #3 & 4 ROCKER COVERS. REMOVED OLD GASKETS & CLE","NUMBER THREE, AND NUMBER FOUR CYLINDER ROCKER COVER GASKETS LEAK. REMOVED NUMBER THREE AND NUMBER FOUR ROCKER COVERS. REMOVED OLD GASKETS AND CLEANED","#3, 4 CYL ROCKER COVER GASKETS LEAK. REMOVED #3 & 4 ROCKER COVERS. REMOVED OLD GASKETS & CLE","#3, 4 CYL ROCKER COVER GASKETS LEAK. REMOVED #3 & 4 ROCKER COVERS. REMOVED OLD GASKETS & CLE",True,True,none
106075::combined,106075,sensitivity,raw,COMPRESSION IS LOW #2 CYLINDER. REINSTALLED CYLINDER TO ENGINE & TORQUE BASE NUTS TO SP,COMPRESSION IS LOW NUMBER TWO CYLINDER. REINSTALLED CYLINDER TO ENGINE AND TORQUE BASE NUTS TO SPECIFICATIONS,COMPRESSION IS LOW #2 CYLINDER. REINSTALLED CYLINDER TO ENGINE & TORQUE BASE NUTS TO SP,COMPRESSION IS LOW #2 CYLINDER. REINSTALLED CYLINDER TO ENGINE & TORQUE BASE NUTS TO SP,True,True,none
106077::combined,106077,sensitivity,raw,COMPRESSION IS LOW #2 CYLINDER. RECONECTED OIL RETURN LINES. REINSTALLED BAFFLES. PERFO,COMPRESSION IS LOW NUMBER TWO CYLINDER. RECONNECTED OIL RETURN LINES. REINSTALLED BAFFLES.,COMPRESSION IS LOW #2 CYLINDER. RECONECTED OIL RETURN LINES. REINSTALLED BAFFLES. PERFO,COMPRESSION IS LOW #2 CYLINDER. RECONECTED OIL RETURN LINES. REINSTALLED BAFFLES. PERFO,True,True,none
106082::combined,106082,sensitivity,raw,ROD CHANGE PER LYCOMING. CONTINUED ENGINE REASSEMBLY & BAFFLING. DRY TAPPET CLEA,ROD CHANGE PER LYCOMING. CONTINUED ENGINE REASSEMBLY AND BAFFLING.,ROD CHANGE PER LYCOMING. CONTINUED ENGINE REASSEMBLY & BAFFLING. DRY TAPPET CLEA,ROD CHANGE PER LYCOMING. CONTINUED ENGINE REASSEMBLY & BAFFLING. DRY TAPPET CLEA,True,True,none
106083::combined,106083,sensitivity,raw,"ROD CHANGE PER LYCOMING. COMPLETED ENGINE REASSEMBLY. RAN A/C, OPS & LEAK CK GOO","ROD CHANGE PER LYCOMING. COMPLETED ENGINE REASSEMBLY. RAN AIRCRAFT, OPERATIONS AND LEAK CHECK GOOD","ROD CHANGE PER LYCOMING. COMPLETED ENGINE REASSEMBLY. RAN A/C, OPS & LEAK CK GOO","ROD CHANGE PER LYCOMING. COMPLETED ENGINE REASSEMBLY. RAN A/C, OPS & LEAK CK GOO",True,True,none
106095::combined,106095,sensitivity,raw,"CRACKED FIN ON #4 CYLINDER, BETWEEN TOP SPARK PLUG HOLE & IN DETERMINED CRACK TO BE REPAIRABLE BY INSTALLING FIN STA","CRACKED FIN ON NUMBER FOUR CYLINDER, BETWEEN TOP SPARK PLUG HOLE AND INTAKE. DETERMINED CRACK TO BE REPAIRABLE","CRACKED FIN ON #4 CYLINDER, BETWEEN TOP SPARK PLUG HOLE & IN DETERMINED CRACK TO BE REPAIRABLE BY INSTALLING FIN STA","CRACKED FIN ON #4 CYLINDER, BETWEEN TOP SPARK PLUG HOLE & IN DETERMINED CRACK TO BE REPAIRABLE BY INSTALLING FIN STA",True,True,none
106096::combined,106096,sensitivity,raw,"CRACKED FIN ON #4 CYLINDER, BETWEEN TOP SPARK PLUG HOLE & IN INSTALLED FIN STABILIZER IAW LYCOMING DIRECT DRIVE OVER","CRACKED FIN ON NUMBER FOUR CYLINDER, BETWEEN TOP SPARK PLUG HOLE AND INTAKE. INSTALLED FIN STABILIZER IN ACCORDANCE WITH LYCOMING DIRECT DRIVE OVERHAUL MANUAL","CRACKED FIN ON #4 CYLINDER, BETWEEN TOP SPARK PLUG HOLE & IN INSTALLED FIN STABILIZER IAW LYCOMING DIRECT DRIVE OVER","CRACKED FIN ON #4 CYLINDER, BETWEEN TOP SPARK PLUG HOLE & IN INSTALLED FIN STABILIZER IAW LYCOMING DIRECT DRIVE OVER",True,True,none
106102::combined,106102,sensitivity,raw,"#2 CYLINDER CRACKED. REMOVED #2, 3, 4 CYLINDERS & BEGAN REPLACING W/ NEW CYL","NUMBER TWO CYLINDER CRACKED. REMOVED NUMBERS TWO, THREE, AND FOUR CYLINDERS AND BEGAN REPLACING WITH NEW CYLINDERS","#2 CYLINDER CRACKED. REMOVED #2, 3, 4 CYLINDERS & BEGAN REPLACING W/ NEW CYL","#2 CYLINDER CRACKED. REMOVED #2, 3, 4 CYLINDERS & BEGAN REPLACING W/ NEW CYL",True,True,none
106103::combined,106103,sensitivity,raw,"#2 CYLINDER CRACKED. FINISHED REASSEMBLY OF CYLINDERS 2, 3, 4. DRY TAPPET CL","NUMBER TWO CYLINDER CRACKED. FINISHED REASSEMBLY OF CYLINDERS TWO, THREE, AND FOUR. DRY TAPPET CLEARANCE CHECK GOOD","#2 CYLINDER CRACKED. FINISHED REASSEMBLY OF CYLINDERS 2, 3, 4. DRY TAPPET CL","#2 CYLINDER CRACKED. FINISHED REASSEMBLY OF CYLINDERS 2, 3, 4. DRY TAPPET CL",True,True,none
106111::combined,106111,sensitivity,raw,"R/H ENG #3 CYL CRACKED BY LWR SPARK PLUG. REMOVED CYL #2, 3, 4; REPLACED W/ NEW CYLINDERS. BEGAN","RIGHT-HAND ENGINE NUMBER THREE CYLINDER CRACKED BY LOWER SPARK PLUG. REMOVED CYLINDER NUMBERS TWO, THREE, AND FOUR; REPLACED WITH NEW CYLINDERS.","R/H ENG #3 CYL CRACKED BY LWR SPARK PLUG. REMOVED CYL #2, 3, 4; REPLACED W/ NEW CYLINDERS. BEGAN","R/H ENG #3 CYL CRACKED BY LWR SPARK PLUG. REMOVED CYL #2, 3, 4; REPLACED W/ NEW CYLINDERS. BEGAN",True,True,none
106113::combined,106113,sensitivity,raw,"R/H ENG #3 CYL CRACKED BY LWR SPARK PLUG. REMOVED EXHAUST & STARTED REMOVAL OF BAFFLES, O/B BAFFL","RIGHT-HAND ENGINE NUMBER THREE CYLINDER CRACKED BY LOWER SPARK PLUG. REMOVED EXHAUST AND STARTED REMOVAL OF BAFFLES, OUTBOARD BAFFLE","R/H ENG #3 CYL CRACKED BY LWR SPARK PLUG. REMOVED EXHAUST & STARTED REMOVAL OF BAFFLES, O/B BAFFL","R/H ENG #3 CYL CRACKED BY LWR SPARK PLUG. REMOVED EXHAUST & STARTED REMOVAL OF BAFFLES, O/B BAFFL",True,True,none
106114::combined,106114,sensitivity,raw,R/H ENG #3 CYL CRACKED BY LWR SPARK PLUG. CYLINDER CHANGE DONE IAW LYCOMING OVERHAUL MANUAL. MAIN,RIGHT-HAND ENGINE NUMBER THREE CYLINDER CRACKED BY LOWER SPARK PLUG. CYLINDER CHANGE DONE IN ACCORDANCE WITH LYCOMING OVERHAUL MANUAL.,R/H ENG #3 CYL CRACKED BY LWR SPARK PLUG. CYLINDER CHANGE DONE IAW LYCOMING OVERHAUL MANUAL. MAIN,R/H ENG #3 CYL CRACKED BY LWR SPARK PLUG. CYLINDER CHANGE DONE IAW LYCOMING OVERHAUL MANUAL. MAIN,True,True,none
106116::combined,106116,sensitivity,raw,"DURING SHUT DOWN CHECKLIST, WHEN PUT THROTTLE IDLE, ENGINE S TORQUED ENGINE MOUNTS. RAN UP ENGINE. OPS CK GOOD.","DURING SHUTDOWN CHECKLIST, WHEN PUT THROTTLE IDLE, ENGINE STOPPED. TORQUED ENGINE MOUNTS. RAN UP ENGINE. OPERATIONS CHECK GOOD.","DURING SHUT DOWN CHECKLIST, WHEN PUT THROTTLE IDLE, ENGINE S TORQUED ENGINE MOUNTS. RAN UP ENGINE. OPS CK GOOD.","DURING SHUT DOWN CHECKLIST, WHEN PUT THROTTLE IDLE, ENGINE S TORQUED ENGINE MOUNTS. RAN UP ENGINE. OPS CK GOOD.",True,True,none
106117::combined,106117,sensitivity,raw,"DURING SHUT DOWN CHECKLIST, WHEN PUT THROTTLE IDLE, ENGINE S PERFORMED RUN UP W/ COWL OFF, CAN STILL HEAR TAPPING &","DURING SHUTDOWN CHECKLIST, WHEN PUT THROTTLE IDLE, ENGINE STOPPED. PERFORMED RUN UP WITH COWL OFF, CAN STILL HEAR TAPPING","DURING SHUT DOWN CHECKLIST, WHEN PUT THROTTLE IDLE, ENGINE S PERFORMED RUN UP W/ COWL OFF, CAN STILL HEAR TAPPING &","DURING SHUT DOWN CHECKLIST, WHEN PUT THROTTLE IDLE, ENGINE S PERFORMED RUN UP W/ COWL OFF, CAN STILL HEAR TAPPING &",True,True,none
106118::combined,106118,sensitivity,raw,"DURING SHUT DOWN CHECKLIST, WHEN PUT THROTTLE IDLE, ENGINE S RAN UP ENGINE, ENGINE RUNS SMOOTH, MAG DROPS, EGT'S, CH","DURING SHUTDOWN CHECKLIST, WHEN PUT THROTTLE IDLE, ENGINE STOPPED. RAN UP ENGINE, ENGINE RUNS SMOOTH, MAGNETO DROPS, EGT'S, CHT'S WITHIN LIMITS","DURING SHUT DOWN CHECKLIST, WHEN PUT THROTTLE IDLE, ENGINE S RAN UP ENGINE, ENGINE RUNS SMOOTH, MAG DROPS, EGT'S, CH","DURING SHUT DOWN CHECKLIST, WHEN PUT THROTTLE IDLE, ENGINE S RAN UP ENGINE, ENGINE RUNS SMOOTH, MAG DROPS, EGT'S, CH",True,True,none
106120::combined,106120,sensitivity,raw,"ENGINE OVERSPEED 2750 AT PEAK. REVIEWED FLIGHT DATA, VERIFIED 2740.3 PEAK OVERSPEED. C","ENGINE OVERSPEED TWENTY SEVEN HUNDRED AND FIFTY AT PEAK. REVIEWED FLIGHT DATA, VERIFIED TWENTY SEVEN HUNDRED AND FORTY POINT THREE PEAK OVERSPEED.","ENGINE OVERSPEED 2750 AT PEAK. REVIEWED FLIGHT DATA, VERIFIED 2740.3 PEAK OVERSPEED. C","ENGINE OVERSPEED 2750 AT PEAK. REVIEWED FLIGHT DATA, VERIFIED 2740.3 PEAK OVERSPEED. C",True,True,none
106121::combined,106121,sensitivity,raw,"R/H ENG #3 CYL INTAKE GASKET LEAKING. REMOVED COWL, REMOVED & REPLACED GASKET. REINSTALLED CO","RIGHT-HAND ENGINE NUMBER THREE CYLINDER INTAKE GASKET LEAKING. REMOVED COWL, REMOVED AND REPLACED GASKET. REINSTALLED COWL","R/H ENG #3 CYL INTAKE GASKET LEAKING. REMOVED COWL, REMOVED & REPLACED GASKET. REINSTALLED CO","R/H ENG #3 CYL INTAKE GASKET LEAKING. REMOVED COWL, REMOVED & REPLACED GASKET. REINSTALLED CO",True,True,none
106122::combined,106122,sensitivity,raw,"L/H ENG #3 & 4 CYL INTAKE GASKETS LEAKING. REMOVED COWL, REMOVED & REPLACED GASKETS. REINSTALLED C","LEFT-HAND ENGINE NUMBER THREE AND NUMBER FOUR CYLINDER INTAKE GASKETS LEAKING. REMOVED COWL, REMOVED AND REPLACED GASKETS. REINSTALLED COWL","L/H ENG #3 & 4 CYL INTAKE GASKETS LEAKING. REMOVED COWL, REMOVED & REPLACED GASKETS. REINSTALLED C","L/H ENG #3 & 4 CYL INTAKE GASKETS LEAKING. REMOVED COWL, REMOVED & REPLACED GASKETS. REINSTALLED C",True,True,none
106130::combined,106130,sensitivity,raw,"L/H ENG #1 CYLINDER CRACKED. REMOVED #1, 2, 3, 4 CYLINDERS. REPLACED W/ NEW CYLINDER","LEFT-HAND ENGINE NUMBER ONE CYLINDER CRACKED. REMOVED NUMBERS ONE, TWO, THREE, AND FOUR CYLINDERS. REPLACED WITH NEW CYLINDERS","L/H ENG #1 CYLINDER CRACKED. REMOVED #1, 2, 3, 4 CYLINDERS. REPLACED W/ NEW CYLINDER","L/H ENG #1 CYLINDER CRACKED. REMOVED #1, 2, 3, 4 CYLINDERS. REPLACED W/ NEW CYLINDER",True,True,none
106131::combined,106131,sensitivity,raw,"L/H ENG #1 CYLINDER CRACKED. RAN UP A/C, OPS & LEAK CK GOOD. MAINTENANCE FLIGHT REQU","LEFT-HAND ENGINE NUMBER ONE CYLINDER CRACKED. RAN UP AIRCRAFT, OPERATIONS AND LEAK CHECK GOOD. MAINTENANCE FLIGHT REQUIRED","L/H ENG #1 CYLINDER CRACKED. RAN UP A/C, OPS & LEAK CK GOOD. MAINTENANCE FLIGHT REQU","L/H ENG #1 CYLINDER CRACKED. RAN UP A/C, OPS & LEAK CK GOOD. MAINTENANCE FLIGHT REQU",True,True,none
106133::combined,106133,sensitivity,raw,R/H ENGINE #1 CYL EXHAUST ROCKER WORN ON SHAFT. REPLACED W/ NEW ROCKER & ROCKER SHAFT. TAPPET CLEARANCE,RIGHT-HAND ENGINE NUMBER ONE CYLINDER EXHAUST ROCKER WORN ON SHAFT. REPLACED WITH NEW ROCKER AND ROCKER SHAFT.,R/H ENGINE #1 CYL EXHAUST ROCKER WORN ON SHAFT. REPLACED W/ NEW ROCKER & ROCKER SHAFT. TAPPET CLEARANCE,R/H ENGINE #1 CYL EXHAUST ROCKER WORN ON SHAFT. REPLACED W/ NEW ROCKER & ROCKER SHAFT. TAPPET CLEARANCE,True,True,none
106134::combined,106134,sensitivity,raw,R/H ENGINE #3 CYL EXHAUST ROCKER WORN ON SHAFT. REPLACED W/ NEW ROCKER & ROCKER SHAFT. TAPPET CLEARANCE,RIGHT-HAND ENGINE NUMBER THREE CYLINDER EXHAUST ROCKER WORN ON SHAFT. REPLACED WITH NEW ROCKER AND ROCKER SHAFT.,R/H ENGINE #3 CYL EXHAUST ROCKER WORN ON SHAFT. REPLACED W/ NEW ROCKER & ROCKER SHAFT. TAPPET CLEARANCE,R/H ENGINE #3 CYL EXHAUST ROCKER WORN ON SHAFT. REPLACED W/ NEW ROCKER & ROCKER SHAFT. TAPPET CLEARANCE,True,True,none
106135::combined,106135,sensitivity,raw,"RIGHT ENGINE, LEFT MAG DROPPED 200+. RAN A/C & CONFIRMED PROBLEM. R/H ENG, R/H MAG TIMING IS","RIGHT ENGINE, LEFT MAGNETO DROPPED TWO HUNDRED PLUS. RAN AIRCRAFT AND CONFIRMED PROBLEM. RIGHT-HAND ENGINE, RIGHT-HAND MAGNETO TIMING IS OFF","RIGHT ENGINE, LEFT MAG DROPPED 200+. RAN A/C & CONFIRMED PROBLEM. R/H ENG, R/H MAG TIMING IS","RIGHT ENGINE, LEFT MAG DROPPED 200+. RAN A/C & CONFIRMED PROBLEM. R/H ENG, R/H MAG TIMING IS",True,True,none
106145::combined,106145,sensitivity,raw,"#4 COMPRESSION IS 20/80. REMOVED CYLINDER, FOUND EXHAUST VALVE TO BE BURNT. STAR","NUMBER FOUR COMPRESSION IS TWENTY OUT OF EIGHTY. REMOVED CYLINDER, FOUND EXHAUST VALVE TO BE BURNT.","#4 COMPRESSION IS 20/80. REMOVED CYLINDER, FOUND EXHAUST VALVE TO BE BURNT. STAR","#4 COMPRESSION IS 20/80. REMOVED CYLINDER, FOUND EXHAUST VALVE TO BE BURNT. STAR",True,True,none
106146::combined,106146,sensitivity,raw,"#4 COMPRESSION IS 20/80. PERFORMED LIFTER INSP & TEST, NO DEFECTS. PERFORMED DRY","NUMBER FOUR COMPRESSION IS TWENTY OUT OF EIGHTY. PERFORMED LIFTER INSPECTION AND TEST, NO DEFECTS. PERFORMED DRY TAPPET CLEARANCE INSPECTION","#4 COMPRESSION IS 20/80. PERFORMED LIFTER INSP & TEST, NO DEFECTS. PERFORMED DRY","#4 COMPRESSION IS 20/80. PERFORMED LIFTER INSP & TEST, NO DEFECTS. PERFORMED DRY",True,True,none
106147::combined,106147,sensitivity,raw,#4 COMPRESSION IS 20/80. REMOVED PISTON FROM CONNECTING ROD. INSPECTED PISTON PI,NUMBER FOUR COMPRESSION IS TWENTY OUT OF EIGHTY. REMOVED PISTON FROM CONNECTING ROD. INSPECTED PISTON,#4 COMPRESSION IS 20/80. REMOVED PISTON FROM CONNECTING ROD. INSPECTED PISTON PI,#4 COMPRESSION IS 20/80. REMOVED PISTON FROM CONNECTING ROD. INSPECTED PISTON PI,True,True,none
106148::combined,106148,sensitivity,raw,#3 INTAKE GASKET LEAKING. REMOVED BOTTOM COWLING. REMOVED & REPLACED GASKET W/ NE,NUMBER THREE INTAKE GASKET LEAKING. REMOVED BOTTOM COWLING. REMOVED AND REPLACED GASKET WITH NEW,#3 INTAKE GASKET LEAKING. REMOVED BOTTOM COWLING. REMOVED & REPLACED GASKET W/ NE,#3 INTAKE GASKET LEAKING. REMOVED BOTTOM COWLING. REMOVED & REPLACED GASKET W/ NE,True,True,none
106167::combined,106167,sensitivity,raw,"DURING RUN UP, #2 CYL WAS COLD & ENGINE SHOCK VIOLENTLY (ENG OPS & LEAK CK GOOD.","DURING RUN UP, NUMBER TWO CYLINDER WAS COLD AND ENGINE SHOCK VIOLENTLY. OPERATIONS AND LEAK CHECK GOOD.","DURING RUN UP, #2 CYL WAS COLD & ENGINE SHOCK VIOLENTLY (ENG OPS & LEAK CK GOOD.","DURING RUN UP, #2 CYL WAS COLD & ENGINE SHOCK VIOLENTLY (ENG OPS & LEAK CK GOOD.",True,True,none
106168::combined,106168,sensitivity,raw,"DURING RUN UP, #2 CYL WAS COLD & ENGINE SHOCK VIOLENTLY (ENG FOUND #2 CYL EXHAUST VALVE TO BE STUCK. REAMED CYL #1,","DURING RUN UP, NUMBER TWO CYLINDER WAS COLD AND ENGINE SHOCK VIOLENTLY. FOUND NUMBER TWO CYLINDER EXHAUST VALVE TO BE STUCK. REAMED CYLINDER NUMBER ONE,","DURING RUN UP, #2 CYL WAS COLD & ENGINE SHOCK VIOLENTLY (ENG FOUND #2 CYL EXHAUST VALVE TO BE STUCK. REAMED CYL #1,","DURING RUN UP, #2 CYL WAS COLD & ENGINE SHOCK VIOLENTLY (ENG FOUND #2 CYL EXHAUST VALVE TO BE STUCK. REAMED CYL #1,",True,True,none
106169::combined,106169,sensitivity,raw,"SAFETY DEPARTMENT WAS NOTIFIED OF POSSIBLE ENGINE OVERSPEED. REVIEWED FLIGHT DATA, VERIFIED MAX RPM INSP","SAFETY DEPARTMENT WAS NOTIFIED OF POSSIBLE ENGINE OVERSPEED. REVIEWED FLIGHT DATA, VERIFIED MAX RPM INSPECTION","SAFETY DEPARTMENT WAS NOTIFIED OF POSSIBLE ENGINE OVERSPEED. REVIEWED FLIGHT DATA, VERIFIED MAX RPM INSP","SAFETY DEPARTMENT WAS NOTIFIED OF POSSIBLE ENGINE OVERSPEED. REVIEWED FLIGHT DATA, VERIFIED MAX RPM INSP",True,True,none
