ident,problem,action,evidence_cluster_id,leakage_group_id,split
100001,ENGINE IDLE OVERRIDE KILLED ENGINE.,"TRIED TO ADJUST IDLE SEVERAL TIMES, WOULDN'T ADJUST.",EC-bd5a7e05f8b81c3d,LG-bd5a7e05f8b81c3d,train
100002,ENGINE IDLE OVERRIDE KILLED ENGINE.,REMOVED & REPLACED FUEL SERVO,EC-bd5a7e05f8b81c3d,LG-bd5a7e05f8b81c3d,train
100003,ENGINE IDLE OVERRIDE KILLED ENGINE.,"A/C WAS RUN UP, SET IDLE SPEED, MIXTURE OK, NO LEAKS NO",EC-bd5a7e05f8b81c3d,LG-bd5a7e05f8b81c3d,train
100004,HAD ENGINE CHOKE & BRIEFLY LOSE POWER ON DEPARTURE. FULL THR,"PERFORMED ENGINE RUN UP, FOUND CYL 2 LOWER PLUG FOULED.",EC-0a1ae8d098fcf044,LG-0a1ae8d098fcf044,train
100005,#2 & 4 CYL ROCKER COVER GASKETS ARE LEAKING.,REMOVED & REPLACED GASKETS.,EC-85e911d03b18c2b6,LG-608d782c2258dd59,train
100006,ROCKER BOX COVER SCREWS LOOSE (ALL CYL).,TIGHTENED SCREWS.,EC-9911c897fa79d522,LG-9911c897fa79d522,test
100007,INDUCTION TUBE HOSE CLAMPS LOOSE (ALL CYL).,TIGHTENED HOSE CLAMPS.,EC-4d3f1a1149d21098,LG-4d3f1a1149d21098,train
100008,#3 INTAKE IS LEAKING.,REMOVED & REPLACED GASKET.,EC-bc65a72634be2ce3,LG-10956cdabbd1e3ce,dev
100009,#2 INTAKE IS LEAKING.,REMOVED & REPLACED #2 INTAKE GASKET.,EC-8ec828272e86c6c2,LG-10956cdabbd1e3ce,dev
100010,#4 ROCKER COVER IS LEAKING.,REMOVED & REPLACED #4 ROCKER COVER GASKET.,EC-59c5dc8b564981cd,LG-608d782c2258dd59,train
100011,"HOLDING SHORT OF RUNWAY, AFTER COMPLETION OF RUN UP, ENGINE","PERFORMED ENGINE RUN UP, ADJUSTED IDLE & CLEANED SPARK",EC-bb4cf3a23f1d1e68,LG-bb4cf3a23f1d1e68,train
100012,L/H REAR ENGINE BAFFLE CRACKED.,STOP DRILLED CRACK.,EC-96080b309852c2bc,LG-ba980fdf0c11c4fb,test
100013,INDUCTION TUBE HOSE CLAMPS LOOSE (ALL CYLS).,TIGHTENED HOSE CLAMPS.,EC-134da831ec3f7c78,LG-4d3f1a1149d21098,train
100014,"#1, 2 & 3 ROCKER BOX COVER GASKETS LEAKING.",INSTALLED NEW ROCKER BOX COVER GASKETS.,EC-9ef3b526b3c35cc7,LG-608d782c2258dd59,train
100015,#2 ROCKER COVER GASKET LEAKING.,REMOVED & REPLACED #2 ROCKER COVER GASKET.,EC-8828e17d0b33db57,LG-608d782c2258dd59,train
100016,#1 & 3 ROCKER COVER GASKET LEAKING.,REMOVED & REPLACED #1 & 3 ROCKER COVER GASKET.,EC-50c4890525ec3a2b,LG-608d782c2258dd59,train
100017,ROCKER BOX COVER SCREWS LOOSE.,TIGHTENED SCREWS.,EC-672c4039227aa006,LG-f40ff9615f91de7f,test
100018,#1 ENGINE BAFFLE CRACKED.,FABRICATED PATCH OF LIKE MATERIAL & RIVETED IAW ,EC-53de3ec68caebb50,LG-e3b964f842fc4352,test
100019,#1 INTAKE GASKET LEAKING.,REPLACED W/ NEW GASKET.,EC-66c69e07864cfa3c,LG-4285908bb8f7434c,train
100020,ROCKER COVER FOR CYL #1 IS LEAKING.,REPLACED ROCKER COVER.,EC-18259eaf02f7962e,LG-608d782c2258dd59,train
100021,CYL #4 INTAKE LEAKING.,REPLACED GASKET. LEAK CHECK GOOD.,EC-c4ec7a6934fbe90c,LG-4285908bb8f7434c,train
100022,#2 & 4 CYLINDER ROCKER COVER GASKETS LEAKING.,REMOVED & REPLACED ROCKER COVER GASKETS. CLEANED LEAKS,EC-b9b0eb2f06c6bc2f,LG-608d782c2258dd59,train
100023,ROCKER BOX COVER SCREWS ARE LOOSE.,TIGHTENED SCREWS.,EC-a7018facec42d909,LG-f40ff9615f91de7f,test
100024,INDUCTION TUBE HOSE CLAMPS LOOSE (ALL CYL).,TIGHTENED HOSE CLAMPS.,EC-4d3f1a1149d21098,LG-4d3f1a1149d21098,train
100025,#1 INTAKE GASKET LEAKING.,"REMOVED INTAKE TUBE, FOUND TUBE TO BE CRACKED. REMOVED",EC-66c69e07864cfa3c,LG-4285908bb8f7434c,train
100026,INDUCTION TUBE HOSE CLAMPS LOOSE (ALL CYLS).,TIGHTENED HOSE CLAMPS.,EC-134da831ec3f7c78,LG-4d3f1a1149d21098,train
100027,R/H MAG BLAST TUBE FELL OFF.,REMOVED R/H AFT BAFFLE TO FACILITATE REPAIR. FABRICATED,EC-b2927faee2837746,LG-b2927faee2837746,train
100028,"ON START UP, ENGINE BEGAN TO RUN ROUGH. RAN ENGINE @ 1200 RP","INSPECTED CYL 1, 2 & 4 IAW  - CK'ED OK. REMOVED",EC-12a261bf5b914533,LG-12a261bf5b914533,train
100029,"ON START UP, ENGINE BEGAN TO RUN ROUGH. RAN ENGINE @ 1200 RP","PERFORMED COMPRESSION CHECK, CYL #3 INDICATED ZERO PSI.",EC-12a261bf5b914533,LG-12a261bf5b914533,train
100030,"ON START UP, ENGINE BEGAN TO RUN ROUGH. RAN ENGINE @ 1200 RP","COMPLETED BAFFLE INSTALL, OIL FILLER TUBE, SPARK PLUGS.",EC-12a261bf5b914533,LG-12a261bf5b914533,train
100031,#4 ROCKER COVER GASKET LEAKING.,REPLACED GASKET.,EC-da6ceccf140509ee,LG-608d782c2258dd59,train
100032,RIGHT ENG #4 AIR BAFFLE IS CRACKED,REMOVED & REPLACED #4 AIR BAFFLE.,EC-1712344be9f1db73,LG-1712344be9f1db73,test
100033,R/H ENG FWD ALT ATTACH BOLT LOOSE.,SECURED ALT ATTACH BOLT & RESAFETIED.,EC-49669f692f729813,LG-49669f692f729813,dev
100034,L/H ENGINE #4 AFT BAFFLE CRACKED IN MULTIPLE PLACES.,REPLACED BAFFLE ASSY.,EC-c65909a036192717,LG-c65909a036192717,test
100035,"RIGHT ENG, ALL VALVE COVERS ARE LEAKING.",REMOVED & REPLACED ALL ROCKER GASKETS.,EC-4fde0323a34355e2,LG-4fde0323a34355e2,train
100036,L/H ENGINE ALL 4 ROCKER COVER GASKETS LEAKING.,REPLACED ALL ROCKER COVER GASKETS.,EC-2f0f93db843fce03,LG-608d782c2258dd59,train
100037,L/H ENG #2 INTAKE LEAKING.,"REMOVED TUBE, FOUND TO BE CRACKED. REMOVED TUBE FROM CO",EC-136e59649c81ab85,LG-4285908bb8f7434c,train
100038,"IN FLIGHT, ENGINE BECAME ROUGH. DISCOVERED RIGHT MAG INOP. E","RAN A/C, MAGS CHECK GOOD. POWER & LEAK CHECK GOOD.",EC-da398f3a25a70a6f,LG-da398f3a25a70a6f,train
100039,"IN FLIGHT, ENGINE BECAME ROUGH. DISCOVERED RIGHT MAG INOP. E","REMOVED #3 CYL, DISCONNECTED FUEL DISTRIBUTOR LINE TO G",EC-da398f3a25a70a6f,LG-da398f3a25a70a6f,train
100040,"IN FLIGHT, ENGINE BECAME ROUGH. DISCOVERED RIGHT MAG INOP. E","REASSEMBLED ENGINE, #3 CYL DRY TAPPET CLEARANCE CHECK G",EC-da398f3a25a70a6f,LG-da398f3a25a70a6f,train
100041,#4 INTAKE LEAKING.,REMOVED & REPLACED #4 INTAKE GASKET.,EC-66d79f80174da74e,LG-10956cdabbd1e3ce,dev
100042,#3 ROCKER COVER GASKET LEAKING.,REMOVED & REPLACED #3 ROCKER COVER GASKET.,EC-cd33c56b9090b89a,LG-608d782c2258dd59,train
100043,TOP L/H BAFFLE HAS A CRACK.,STOP DRILLED CRACK.,EC-5813a4ef5cd3fe63,LG-5813a4ef5cd3fe63,train
100044,OIL DIPSTICK OIL STICK IS LOOSE.,REMOVED & REPLACED DIPSTICK.,EC-34afff95a8b7cc1a,LG-34afff95a8b7cc1a,train
100045,#3 BRAKE MISSING SCREW.,REPLACED SCREW.,EC-2e06ff461f2c3856,LG-2e06ff461f2c3856,dev
100046,BAFFLE SEALS ON R/H SIDE ARE TORN.,APPLIED SILICONE TO TORN AREAS.,EC-d25a7491aa46d50c,LG-d25a7491aa46d50c,dev
100047,#2 & 4 ROCKER COVERS ARE LEAKING.,REMOVED & REPLACED #2 & 4 ROCKER COVER GASKETS.,EC-e2fcde699ff41262,LG-608d782c2258dd59,train
100048,#3 AFT BAFFLE BRACKET LOOSE.,REMOVED & REPLACED MISSING RIVETS W/ SCREWS & NUTS.,EC-33e5c8633ca132d0,LG-33e5c8633ca132d0,test
100049,#4 CYL ROCKER COVER IS LEAKING.,REMOVED & REPLACED GASKET.,EC-ab1d24febee092e3,LG-608d782c2258dd59,train
100050,"#1, 2, & 6 COWL MOUNTS ARE TORN.",REMOVED & REPLACED MOUNTS.,EC-1ea65f28aa4470e4,LG-1ea65f28aa4470e4,train
100051,#4 INTAKE LEAKING.,REMOVED & REPLACED GASKET.,EC-66d79f80174da74e,LG-10956cdabbd1e3ce,dev
100052,#2 & 4 ROCKER COVERS LEAKING.,REMOVED & REPLACED GASKETS.,EC-faa911573d289bce,LG-608d782c2258dd59,train
100053,#4 INTAKE IS LEAKING.,REPLACED GASKET & INSPECTED INTAKE TUBE.,EC-03758ee4b47de086,LG-10956cdabbd1e3ce,dev
100054,"DURING IDLE CHECK ON RUN UP, ENGINE QUIT. RESTART ENGINE","ADJUSTED IDLE SETTING, IDLE INDICATING 650 RPM DURING R",EC-5263412225364099,LG-5263412225364099,test
100055,L/H BAFFLE PLUG WORN.,REMOVED & REPLACED PLUG.,EC-724c9a4174167cf3,LG-724c9a4174167cf3,train
100056,#1 ROCKER COVER LEAKING.,REMOVED & REPLACED GASKET.,EC-d7f19738c9144c80,LG-608d782c2258dd59,train
100057,L/H ENGINE #2 & 4 SIDE BAFFLE SEALS LOOSE.,SECURED SEALS.,EC-33b2df8efc45a02f,LG-33b2df8efc45a02f,dev
100058,R/H ENGINE #3 AFT BAFFLE SEAL IS LOOSE.,SECURED BAFFLE SEAL.,EC-3c8664cb6096a485,LG-37ac3da11bdb9f3b,train
100059,#3 ROCKER COVER GASKET TORN.,REMOVED & REPLACED #3 ROCKER COVER GASKET.,EC-d4f07a3229c920c8,LG-d4f07a3229c920c8,test
100060,#4 ROCKER COVER GASKET TORN.,REMOVED & REPLACED #4 ROCKER COVER GASKET.,EC-23f16b59b7c9788c,LG-d4f07a3229c920c8,test
100061,#1 ROCKER COVER GASKET LEAKING.,REMOVED & REPLACED ROCKER COVER W/ NEW.,EC-3466c922bf8446a2,LG-608d782c2258dd59,train
100062,DURING GROUND RUN PILOT NOTICED HIGH OIL PRESS (ENGINE).,ADJUSTED ENGINE OIL PRESS RELIEF VALVE.,EC-ea0637b1a462dec4,LG-ea0637b1a462dec4,train
100063,DURING GROUND RUN PILOT NOTICED HIGH OIL PRESS (ENGINE).,"A/C WAS GROUND RAN TO FULL PWR, OIL PRESS CHECKED OK.",EC-ea0637b1a462dec4,LG-ea0637b1a462dec4,train
100064,STUDENT COULDN'T START A/C.,STARTED A/C FOR STUDENT.,EC-d35c2898486b6514,LG-d35c2898486b6514,train
100065,VACUUM TUBE & OIL COOLER LINE ARE RUBBING TOGETHER.,"MOVED ADEL CLAMP & APPLIED 2 ZIP TIES, NO DEFECTS NOTED",EC-4ef7986e92b70609,LG-4ef7986e92b70609,train
100066,"AFTER LANDING, A/C IDLE @ 970 RPM.",ADJUSTED IDLE SETTING BY LOWERING. IDLE SETTING W/IN MA,EC-aa19a130d79e5249,LG-aa19a130d79e5249,train
100067,FUEL PRESS 32 - 33 W/ JUMPS INTO RED.,CLEANED TRANSDUCER GROUND PATH. FUEL PRESS CHECKED GOOD,EC-101d36cb67cf078f,LG-101d36cb67cf078f,train
100068,R/H ENG #2 INTAKE LEAKS.,REPLACED GASKET.,EC-0e48eb423d7a05e3,LG-0e48eb423d7a05e3,test
100069,L/H ENG #4 CYL BAFFLE CRACKED.,STOP DRILLED CRACK.,EC-72a9022fa6c8efec,LG-e3b964f842fc4352,test
100070,R/H ENG #4 CYL BAFFLE CRACKED.,STOP DRILLED CRACK.,EC-8cd6886a1a37487a,LG-e3b964f842fc4352,test
100071,LAST DAILY SHUT DOWN IDLE OVER RIDE SPEED CHECK - ENGINE RPM,"RAN A/C, ADJUSTED IDLE SPEED. CHECKS GOOD.",EC-09f5d7c20d479e29,LG-09f5d7c20d479e29,train
100072,#2 & 4 SIDE BAFFLE BRACE BROKEN.,FABRICATED BRACE FROM LIKE MATERIAL & INSTALLED.,EC-b7eb591ba10a66fb,LG-b7eb591ba10a66fb,train
100073,#4 CYL INTAKE GASKET IS LEAKING.,REMOVED & REPLACED GASKET.,EC-8edc952c184ae07f,LG-4285908bb8f7434c,train
100074,#4 ROCKER BOX COVER GASKET LEAKING.,REMOVED & REPLACED ROCKER COVER GASKET.,EC-0b59496ca80fb4ee,LG-608d782c2258dd59,train
100075,BAFFLE PLUG HOLE WORN.,INSTALLED PATCH & NEW PLUG.,EC-004ef35b179081f3,LG-004ef35b179081f3,dev
100076,ENGINE STARTED RUNNING ROUGH & VIBRATING A LOT.,"RAN A/C, OPS & LEAK CHECK GOOD.",EC-6d2347c35a711ac3,LG-6d2347c35a711ac3,train
100077,ENGINE STARTED RUNNING ROUGH & VIBRATING A LOT.,RAN A/C. CONFIRMED DISCREPANCY. FOUND #3 CYL HAD VERY L,EC-6d2347c35a711ac3,LG-6d2347c35a711ac3,train
100078,ENGINE STARTED RUNNING ROUGH & VIBRATING A LOT.,COMPLETED REASSEMBLY OF #3 CYL ASSY. INSTALLED NEW INTA,EC-6d2347c35a711ac3,LG-6d2347c35a711ac3,train
100079,ENGINE STARTED RUNNING ROUGH & VIBRATING A LOT.,REMOVED #3 CYL. INSTALLED SERVICEABLE CYL ASSY. TORQUED,EC-6d2347c35a711ac3,LG-6d2347c35a711ac3,train
100080,ENGINE STARTED RUNNING ROUGH & VIBRATING A LOT.,"DISASSEMBLED #1, 2, 4 EXHAUST VALVES, REAMED GUIDES IAW",EC-6d2347c35a711ac3,LG-6d2347c35a711ac3,train
100081,#2 INTAKE LEAKS.,REPLACED GASKET.,EC-5b40d8a9a1eed201,LG-0e48eb423d7a05e3,test
100082,#4 INTAKE LEAKS.,REPLACED GASKET.,EC-3fb03b30627f5eca,LG-0e48eb423d7a05e3,test
100083,#3 INTAKE TUBE GASKET IS LEAKING.,REPLACED GASKET.,EC-3786055825620e07,LG-4dcd0e6b51932d0b,dev
100084,#3 & 4 ROCKER COVER GASKETS ARE LEAKING.,REPLACED GASKETS.,EC-c49d49dd39b2d6cc,LG-608d782c2258dd59,train
100085,ENGINE WOULD NOT START.,"STARTED ENGINE, LEANED MIXTURE TO CLEAN SPARK PLUGS. MA",EC-356f7073285e0631,LG-356f7073285e0631,test
100086,#2 INTAKE IS LEAKING.,REMOVED & REPLACED #2 INTAKE GASKET.,EC-8ec828272e86c6c2,LG-10956cdabbd1e3ce,dev
100087,"TOP FRONT R/H BAFFLE, BAFFLE SEAL RIVET PULLED THROUGH.",DRILLED OUT RIVET & INSTALLED SCREW & NUT TO ATTACH R/H,EC-c8fadef8fcc0d81e,LG-c8fadef8fcc0d81e,train
100088,ROCKER BOX COVER SCREWS LOOSE.,TIGHTENED SCREWS.,EC-672c4039227aa006,LG-f40ff9615f91de7f,test
100089,#2 INDUCTION TUBE GASKET LEAKING.,REMOVED & REPLACED #2 INDUCTION TUBE GASKET.,EC-abec8430bec9f461,LG-abec8430bec9f461,test
100090,#2 & 4 ROCKER COVERS ARE LEAKING.,REMOVED & REPLACED GASKETS.,EC-e2fcde699ff41262,LG-608d782c2258dd59,train
100091,#1 INTAKE LEAKING.,REMOVED & REPLACED #1 INTAKE GASKET W/ NEW.,EC-3bfb71c5d2c84d08,LG-10956cdabbd1e3ce,dev
100092,#3 & 4 ROCKER COVERS LEAKING.,REMOVED & REPLACED #3 & 4 ROCKER COVER GASKETS W/ NEW.,EC-b083ca05c337f8b7,LG-608d782c2258dd59,train
100093,#1 ROCKER COVER IS LEAKING.,REMOVED & REPLACED ROCKER COVER GASKET.,EC-979a2371e346f510,LG-608d782c2258dd59,train
100094,L/H ENG #4 CYL INTAKE GASKET IS LEAKING.,REMOVED & REPLACED #4 INTAKE GASKET W/ NEW.,EC-9187c760c59569da,LG-4285908bb8f7434c,train
100095,ROCKER BOX COVER SCREWS LOOSE.,TIGHTENED SCREWS.,EC-672c4039227aa006,LG-f40ff9615f91de7f,test
100096,#4 ROCKER COVER LEAKING.,REMOVED & REPLACED #4 ROCKER COVER GASKET.,EC-fbe922c5be2d1674,LG-608d782c2258dd59,train
100097,#2 OIL RETURN LINE HOSE CLAMP IS LOOSE.,TIGHTENED HOSE CLAMP.,EC-2875750fca9da4aa,LG-2875750fca9da4aa,test
100098,ROUGH RUNNING ENGINE ON START. ENGINE RAN SMOOTHER AS IT WAR,FINISHED REAMING ALL 4 EXHAUST VALVE GUIDES. INSTALLED,EC-3dc3a3e8e96419a1,LG-3dc3a3e8e96419a1,train
100099,ROUGH RUNNING ENGINE ON START. ENGINE RAN SMOOTHER AS IT WAR,"REMOVED COWLING, REMOVED ALL SPARK PLUGS. REAMED #3 EXH",EC-3dc3a3e8e96419a1,LG-3dc3a3e8e96419a1,train
100100,#3 ROCKER COVER IS LEAKING.,REMOVED & REPLACED GASKET.,EC-a0b3e63ece653165,LG-608d782c2258dd59,train
100101,OIL FOUND ON ENTIRE RIGHT SIDE OF FUSELAGE.,"REMOVED COWLING, CLEANED ENGINE, PERFORMED ENGINE RUN U",EC-ab28794e80aaabb8,LG-ab28794e80aaabb8,train
100102,R/H ENGINE #4 CYL BAFFLE BOLT MISSING.,INSTALLED NEW BOLT.,EC-5c8d7464f5cb582b,LG-5c8d7464f5cb582b,train
100103,R/H ENGINE #1 & 4 ROCKER COVERS LEAKING.,"REMOVED & REPLACED R/H ROCKER COVER GASKETS, 1 & 4.",EC-fd1031f4b4d5ec0b,LG-608d782c2258dd59,train
100104,L/H ENGINE #1 & 3 ROCKER COVERS LEAKING.,"REMOVED & REPLACED L/H ENGINE ROCKER COVER GASKETS, 1 &",EC-f31ef7af0c649c8f,LG-608d782c2258dd59,train
100105,ENGINE DIED DURING MAG CK.,STARTED A/C USING FLOODED START PROCEDURE & RAN A/C TO,EC-5703fa984dc89db3,LG-5703fa984dc89db3,train
100106,#3 ROCKER COVER GASKET LEAKING.,REMOVED & REPLACED #3 ROCKER COVER GASKET.,EC-cd33c56b9090b89a,LG-608d782c2258dd59,train
100107,"#2, 4 ROCKER COVER GASKET LEAKING.",REMOVED & REPLACED #2 & 4 ROCKER COVER GASKETS.,EC-e3bf5faf39b086e5,LG-608d782c2258dd59,train
100108,#2 & 4 CYL OIL RETURN LINE CLAMPS LOOSE.,TIGHTENED CLAMPS.,EC-79cfb25cb0ed6ab7,LG-79cfb25cb0ed6ab7,train
100109,R/H ENGINE #2 INTAKE GASKET LEAKING.,REMOVED & REPLACED GASKET.,EC-f5a525d5c45760f0,LG-4285908bb8f7434c,train
100110,BAFFLE SEALS UNDER BOTH PROP GOVERNORS ARE LOOSE.,RESECURED BAFFLE SEALS.,EC-c83e0f82ea544841,LG-c83e0f82ea544841,train
100111,L/H ENGINE #4 AFT BAFFLE CRACKED IN MULTIPLE PLACES.,INSTALLED REPAIRED BAFFLING.,EC-c65909a036192717,LG-c65909a036192717,test
100112,L/H ENGINE #4 AFT BAFFLE CRACKED IN MULTIPLE PLACES.,REMOVED BAFFLE & SWAPPED ACCESSORIES.,EC-c65909a036192717,LG-c65909a036192717,test
100113,#2 INTAKE IS LEAKING.,REMOVED & REPLACED INTAKE GASKET.,EC-8ec828272e86c6c2,LG-10956cdabbd1e3ce,dev
100114,#1 L/H INTAKE HAS LARGE GOUGE.,REMOVED & REPLACED #1 L/H INTAKE PIPE W/ SERVICEABLE PI,EC-946f5b2f2e831420,LG-946f5b2f2e831420,dev
100115,L/H ENGINE #3 ROCKER COVER LEAKING.,REMOVED & REPLACED L/H ENGINE #3 ROCKER COVER GASKET.,EC-21d328803a9ed857,LG-608d782c2258dd59,train
100116,#2 CYLINDER HAS LOW COMPRESSION.,REMOVED ROCKER COVER & STAKED INTAKE VALVE. PASSED COMP,EC-c3aa26ca83c3ba37,LG-c3aa26ca83c3ba37,test
100117,#4 ROCKER COVER IS LEAKING.,REPLACED GASKET.,EC-59c5dc8b564981cd,LG-608d782c2258dd59,train
100118,L/H SIDE OF ENG FWD RUBBER SEAL LOOSE.,SECURED BAFFLE SEAL.,EC-f377d5949da4c8fa,LG-f377d5949da4c8fa,train
100119,#1 & 3 ROCKER COVER GASKETS ARE LEAKING.,REMOVED & REPLACED GASKETS.,EC-93c2954bb4e7ee93,LG-608d782c2258dd59,train
100120,R/H BAFFLE FRONT SIDE HAS A CRACK.,STOP DRILLED CRACK & FABRICATED PATCH W/ LIKE MATERIAL.,EC-16c8b7273dd75e3d,LG-16c8b7273dd75e3d,train
100121,CYL #4 INTAKE IS LEAKING.,REPLACED INTAKE GASKET.,EC-907095f0489f2214,LG-4285908bb8f7434c,train
100122,#2 INTAKE IS LEAKING.,REMOVED & REPLACED #2 INTAKE GASKET.,EC-8ec828272e86c6c2,LG-10956cdabbd1e3ce,dev
100123,#4 ROCKER COVER IS LEAKING.,REMOVED & REPLACED #4 ROCKER GASKET.,EC-59c5dc8b564981cd,LG-608d782c2258dd59,train
100124,R/H ENG #4 CYL INTAKE GASKET IS LEAKING.,INSTALLED NEW #4 INTAKE GASKET.,EC-10eb59357b7ac068,LG-4285908bb8f7434c,train
100125,SCREW IS MISSING ON #3 CYL BAFFLE.,INSTALLED NEW SCREW.,EC-0f3a82555030fc61,LG-ac09d330d3a5d8db,dev
100126,R/H FRONT BAFFLE SEAL LOOSE.,RESECURED R/H FRONT BAFFLE SEAL.,EC-d6ef4f51c04ca088,LG-d6ef4f51c04ca088,train
100127,TOP BACK L/H CORNER BAFFLE IS CRACKED.,"STOP DRILLED CRACK, FABRICATED PATCH W/ LIKE MATERIAL.",EC-142f9cbe911939d5,LG-142f9cbe911939d5,train
100128,#2 CYL INTAKE GASKET IS LEAKING.,REMOVED & REPLACED GASKET.,EC-c00d4539aee11f01,LG-4285908bb8f7434c,train
100129,#2 & 3 ROCKER COVER GASKETS ARE LEAKING.,REMOVED & REPLACED GASKETS.,EC-4c20978574541c42,LG-608d782c2258dd59,train
100130,ENGINE STARTED RUNNING ROUGH SHORTLY AFTER TAKEOFF & LANDED,RAN ENGINE BRIEFLY & NOTED THAT ENGINE WAS NOT RUNNING,EC-d8e2c86bb2b85bb7,LG-d8e2c86bb2b85bb7,test
100131,ENGINE STARTED RUNNING ROUGH SHORTLY AFTER TAKEOFF & LANDED,"FREED EXHAUST VALVE, INSPECTED & FOUND TO BE SERVICEABL",EC-d8e2c86bb2b85bb7,LG-d8e2c86bb2b85bb7,test
100132,#1 & 3 INTAKES LEAKING.,REMOVED & REPLACED #1 & 3 ROCKER COVER GASKETS.,EC-6e5f6efdfa8729e3,LG-26ffbcbee302311b,test
100133,#2 & 4 ROCKER COVER LEAKING.,REMOVED & REPLACED ROCKER COVER GASKETS.,EC-2f30d516ab5a6e5e,LG-608d782c2258dd59,train
100134,R/H AFT BAFFLE MOUNT RIVETS ARE SHEARED.,DISCONNECTED LINES & WIRES TO REMOVE BAFFLE. REMOVED BA,EC-62e873c5130f18c5,LG-62e873c5130f18c5,dev
100135,CHT NEEDLE BOUNCES & HAD ENGINE RUN ROUGH MOMENTARILY.,"REMOVED & REPLACED CHT PROBE. INSP ENGINE, NO DEFECTS N",EC-6926b8c2ed7d4622,LG-6926b8c2ed7d4622,train
100136,NOTED WEAR ON ENGINE MOUNT CAUSED BY ENGINE BREATHER SUPPORT,OPS & LEAK CHECK GOOD.,EC-7fe5feb6517e93bd,LG-7fe5feb6517e93bd,train
100137,NOTED WEAR ON ENGINE MOUNT CAUSED BY ENGINE BREATHER SUPPORT,FINISHED INSTALLATION OF ENGINE.,EC-7fe5feb6517e93bd,LG-7fe5feb6517e93bd,train
100138,NOTED WEAR ON ENGINE MOUNT CAUSED BY ENGINE BREATHER SUPPORT,"REMOVED ENGINE. REPLACED ENGINE MOUNT, TORQUED ENGINE M",EC-7fe5feb6517e93bd,LG-7fe5feb6517e93bd,train
100139,"L/H ENGINE #2, 3 & 4 INTAKES ARE LEAKING.",REPLACED ALL 3 GASKETS.,EC-defd1f989fb2b90e,LG-4285908bb8f7434c,train
100140,L/H ENGINE #3 ROCKER COVER IS LEAKING.,REMOVED & REPLACED GASKET.,EC-d18d5f5546cb39f7,LG-608d782c2258dd59,train
100141,R/H ENGINE #2 & 4 ROCKER COVERS ARE LEAKING.,REPLACED #2 & 4 ROCKER COVERS.,EC-ee2feb9d6fe7f55c,LG-608d782c2258dd59,train
100142,R/H ENGINE #3 & 4 INTAKE TUBES ARE LEAKING.,REPLACED #3 & 4 INTAKE GASKETS.,EC-e740162ab1298a91,LG-e740162ab1298a91,train
100143,"L/H ENGINE, LEFT AFT BAFFLE ANGLE BRACKET IS CRACKED.","REMOVED BRACE, STOP DRILLED CRACK. INSTALLED W/ LARGE A",EC-e82eea9a96c3cbb9,LG-e82eea9a96c3cbb9,train
100144,ROCKER BOX COVER SCREWS LOOSE.,RETORQUED SCREWS.,EC-672c4039227aa006,LG-f40ff9615f91de7f,test
100145,#2 ROCKER BOX COVER GASKET LEAKING.,INSTALLED NEW #2 ROCKER BOX COVER GASKET.,EC-685f78d908b88069,LG-608d782c2258dd59,train
100146,#4 ROCKER COVER GASKET LEAKING.,INSTALLED NEW #4 ROCKER BOX COVER GASKET.,EC-da6ceccf140509ee,LG-608d782c2258dd59,train
100147,LEFT BRAKE LININGS ARE WORN OUT.,REPLACED BRAKE LININGS.,EC-f28942c0503ea67b,LG-f28942c0503ea67b,train
100148,RIGHT ENG #3 ROCKER COVER IS LEAKING.,REMOVED & REPLACED #3 ROCKER COVER.,EC-6eab2c197e781dbf,LG-608d782c2258dd59,train
100149,ENGINE OVERSPEED UP TO 3400 RPM @ TERMINATION OF AN AUTO.,LEAK CHECK GOOD.,EC-06dca66fdcbfae54,LG-06dca66fdcbfae54,test
100150,ENGINE OVERSPEED UP TO 3400 RPM @ TERMINATION OF AN AUTO.,BEGAN VALVE TRAIN OVERSPEED INSP.,EC-06dca66fdcbfae54,LG-06dca66fdcbfae54,test
100151,ENGINE OVERSPEED UP TO 3400 RPM @ TERMINATION OF AN AUTO.,BEGAN ENG OVERSPEED INSP IAW . IDENTIFIED & CORR,EC-06dca66fdcbfae54,LG-06dca66fdcbfae54,test
100152,ENGINE OVERSPEED UP TO 3400 RPM @ TERMINATION OF AN AUTO.,FINISHED VALVE TRAIN OVERSPEED INSP.  WAS COMPLET,EC-06dca66fdcbfae54,LG-06dca66fdcbfae54,test
100153,#2 ROCKER COVER GASKET LEAKING.,REPLACED GASKET.,EC-8828e17d0b33db57,LG-608d782c2258dd59,train
100154,#2 CYLINDER HAS LOW COMPRESSION.,"PERFORMED ENGINE RUN UP TO OPERATING TEMPERATURES, PERF",EC-c3aa26ca83c3ba37,LG-c3aa26ca83c3ba37,test
100155,#2 ROCKER BOX COVER SCREWS LOOSE.,RETORQUED SCREWS.,EC-aff31a2efedf27dc,LG-f40ff9615f91de7f,test
100156,#3 BAFFLE BUTTON PLUG BAD.,INSTALLED NEW BUTTON PLUG.,EC-eff30ff0f02187f3,LG-eff30ff0f02187f3,dev
100157,R/H ENG ROUGH IN FLIGHT.,"RAN A/C, COULDN'T DUPLICATE DISCREP. NO DEFECTS NOTED D",EC-725a534206abf392,LG-725a534206abf392,train
100158,#1 & 3 ROCKER COVERS ARE LEAKING.,REMOVED & REPLACED 1 & 3 ROCKER COVERS.,EC-50cb8bbe484efbad,LG-608d782c2258dd59,train
100159,R/H FWD BAFFLE SEAL LOOSE.,RESECURED BAFFLE SEAL.,EC-e1edc567da15df26,LG-550468c14295fbc3,test
100160,"WHILE TAXIING, ENGINE QUIT.",FOUND #4 INTAKE WAS LEAKING. REMOVED & REPLACED INTAKE,EC-c3c054da4150446c,LG-c3c054da4150446c,train
100161,"R/H ENG, FWD I/B BAFFLE HAS SMALL CRACK.",STOP DRILLED CRACK.,EC-78d989bf1cf651d7,LG-78d989bf1cf651d7,train
100162,"BOTH ENGS, ALL ROCKER COVERS LOOSE.",TIGHTENED ALL SCREWS FOR ROCKER COVERS.,EC-1e95796f3ab8f638,LG-1e95796f3ab8f638,train
100163,L/H ENGINE NEEDS TO BE REMOVED TO FACILITATE REPAIR.,OPS & LEAK CHECKED GOOD.,EC-d4b77c346d93b787,LG-d4b77c346d93b787,train
100164,R/H ENGINE NEEDS TO BE REMOVED TO FACILITATE REPAIR.,OPS & LEAK CHECKED GOOD.,EC-22fa5e9243b455b8,LG-d4b77c346d93b787,train
100165,R/H ENGINE NEEDS TO BE REMOVED TO FACILITATE REPAIR.,INSTALLED R/H ENGINE TO AIRFRAME.,EC-22fa5e9243b455b8,LG-d4b77c346d93b787,train
100166,R/H ENGINE NEEDS TO BE REMOVED TO FACILITATE REPAIR.,FINISHED INSTALLING NACELLE WIRING.,EC-22fa5e9243b455b8,LG-d4b77c346d93b787,train
100167,L/H ENGINE NEEDS TO BE REMOVED TO FACILITATE REPAIR.,FINISHED REINSTALL OF NACELLE WIRING.,EC-d4b77c346d93b787,LG-d4b77c346d93b787,train
100168,R/H ENGINE NEEDS TO BE REMOVED TO FACILITATE REPAIR.,CONTINUED WIRING & ENGINE CONTROL INSTALLATION.,EC-22fa5e9243b455b8,LG-d4b77c346d93b787,train
100169,L/H ENGINE NEEDS TO BE REMOVED TO FACILITATE REPAIR.,PRESERVED CYLINDERS. PREPARED ENGINE FOR STORAGE.,EC-d4b77c346d93b787,LG-d4b77c346d93b787,train
100170,R/H ENGINE NEEDS TO BE REMOVED TO FACILITATE REPAIR.,SEALED CONTROL CABLE & ELECTRICAL HARNESS @ FIREWALL.,EC-22fa5e9243b455b8,LG-d4b77c346d93b787,train
100171,L/H ENGINE NEEDS TO BE REMOVED TO FACILITATE REPAIR.,"INSTALLED & TIMED MAGNETOS. ROUTED, CONNECTED WIRING &",EC-d4b77c346d93b787,LG-d4b77c346d93b787,train
100172,L/H ENGINE NEEDS TO BE REMOVED TO FACILITATE REPAIR.,UNPACKED ENGINE FROM PALLET. INSTALLED ENGINE ASSY TO A,EC-d4b77c346d93b787,LG-d4b77c346d93b787,train
100173,L/H ENGINE NEEDS TO BE REMOVED TO FACILITATE REPAIR.,"RAN WIRING THROUGH FIREWALL, RAN CABLES THROUGH FIREWAL",EC-d4b77c346d93b787,LG-d4b77c346d93b787,train
100174,L/H ENGINE NEEDS TO BE REMOVED TO FACILITATE REPAIR.,"ROUTED & SECURED WIRING, FUEL & OIL LINES, CONTROL CABL",EC-d4b77c346d93b787,LG-d4b77c346d93b787,train
100175,L/H ENGINE NEEDS TO BE REMOVED TO FACILITATE REPAIR.,SEALED CONTROL CABLE & ELECTRICAL HARNESS @ FIREWALL. R,EC-d4b77c346d93b787,LG-d4b77c346d93b787,train
100176,L/H ENGINE NEEDS TO BE REMOVED TO FACILITATE REPAIR.,"CLEANED PLUGS, SERVICED OIL. RAN L/H ENGINE, ALL INDICA",EC-d4b77c346d93b787,LG-d4b77c346d93b787,train
100177,L/H ENGINE NEEDS TO BE REMOVED TO FACILITATE REPAIR.,"REMOVED LEFT ENGINE, PROP/MOUNT ASSY.",EC-d4b77c346d93b787,LG-d4b77c346d93b787,train
100178,L/H ENGINE NEEDS TO BE REMOVED TO FACILITATE REPAIR.,REMOVED OIL SUMP & ACCESSORY CASE. INSPECTED IAW,EC-d4b77c346d93b787,LG-d4b77c346d93b787,train
100179,R/H ENGINE NEEDS TO BE REMOVED TO FACILITATE REPAIR.,STARTED WIRING INSTALLATION & CONTROL CABLE INSTALLATIO,EC-22fa5e9243b455b8,LG-d4b77c346d93b787,train
100180,R/H ENGINE NEEDS TO BE REMOVED TO FACILITATE REPAIR.,CONTINUED WIRING & CONTROL CABLE ROUTING. CONNECTED COW,EC-22fa5e9243b455b8,LG-d4b77c346d93b787,train
100181,R/H ENGINE NEEDS TO BE REMOVED TO FACILITATE REPAIR.,CONNECTED WIRING & SECURED. ATTACHED & RIGGED ENGINE CO,EC-22fa5e9243b455b8,LG-d4b77c346d93b787,train
100182,R/H ENGINE NEEDS TO BE REMOVED TO FACILITATE REPAIR.,"CLEANED PLUGS, SERVICED OIL. RAN ENGINE, ALL INDICATION",EC-22fa5e9243b455b8,LG-d4b77c346d93b787,train
100183,R/H ENGINE NEEDS TO BE REMOVED TO FACILITATE REPAIR.,REMOVED R/H ENGINE/PROP/MOUNT ASSY. PRESERVED CYLS. PAL,EC-22fa5e9243b455b8,LG-d4b77c346d93b787,train
100184,REMOVE ENGINE TO FACILITATE FIREWALL REPAIR.,REMOVED ENGINE.,EC-9654bdf1e620d1b9,LG-9654bdf1e620d1b9,test
100185,REINSTALL ENGINE AFTER REPAIR TO FIREWALL.,INSTALLED ENGINE AFTER REPAIR TO FIREWALL WAS COMPLETED,EC-50ff2d843703fb10,LG-50ff2d843703fb10,train
100186,REINSTALL ENGINE AFTER REPAIR TO FIREWALL.,FIREWALL REPAIRED BY ODEGAARD WINGS. ,EC-50ff2d843703fb10,LG-50ff2d843703fb10,train
100187,#2 & 4 INTAKE GASKET LEAKING.,REMOVED & REPLACED #2 & 4 INTAKE GASKETS.,EC-57ce898af0dc256e,LG-4285908bb8f7434c,train
100188,#2 INTAKE LEAKING.,REMOVED & REPLACED INTAKE GASKET.,EC-9e293c9950113443,LG-10956cdabbd1e3ce,dev
100189,#3 ROCKER COVER LEAKING.,REMOVED & REPLACED #3 ROCKER COVER GASKET.,EC-4774d48aa3f463c3,LG-608d782c2258dd59,train
100190,AFT BAFFLE SCREW LOOSE.,TIGHTENED BAFFLE SCREW.,EC-6bb5b0d3262bc63e,LG-6bb5b0d3262bc63e,dev
100191,#4 REAR ENGINE BAFFLE CRACKED.,STOP DRILLED CRACK.,EC-387a2beadebc6c15,LG-ba980fdf0c11c4fb,test
100192,INDUCTION TUBE HOSE CLAMPS LOOSE (ALL CYLS).,TIGHTENED HOSE CLAMPS.,EC-134da831ec3f7c78,LG-4d3f1a1149d21098,train
100193,#3 CYL EXHAUST SEAL LEAKING.,REMOVED & REPLACED SEAL.,EC-5c3ff270fb262677,LG-5c3ff270fb262677,train
100194,FELT ON #1 & 3 BAFFLE COMING LOOSE.,PREPPED AREA & APPLIED SEALANT.,EC-35a276772072160e,LG-35a276772072160e,test
100195,ENGINE BAFFLE BUTTONS WORN.,REMOVED & REPLACED ENGINE BAFFLE BUTTONS ON L/H & R/H.,EC-646dee5f7c2e3098,LG-646dee5f7c2e3098,train
100196,MISSING SCREW ON #3 ROCKER COVER.,INSTALLED NEW SCREW.,EC-ee48bcbd70b76233,LG-ee48bcbd70b76233,dev
100197,#2 & 4 INTAKES ARE LEAKING.,REMOVED & REPLACED INTAKE GASKETS.,EC-a8a32c50c5fc85ea,LG-26ffbcbee302311b,test
100198,#2 ROCKER COVER GASKET LEAKING.,REMOVED & REPLACED ROCKER COVER GASKET.,EC-8828e17d0b33db57,LG-608d782c2258dd59,train
100199,ENGINE RUNS ROUGH AFTER START. ENGINE SHUT DOWN WHEN POWER T,"STARTED A/C, VERIFIED ENGINE RUNS VERY ROUGH. #3 EGT WA",EC-686ae9f01276bb0f,LG-686ae9f01276bb0f,test
100200,ENGINE RUNS ROUGH AFTER START. ENGINE SHUT DOWN WHEN POWER T,PERFORMED SI 388C ON ALL 4 CYLINDERS. REAMED EXHAUST VA,EC-686ae9f01276bb0f,LG-686ae9f01276bb0f,test
100201,"LACING CORD LOOSE ON SCAT TUBING + IGN LEAD TO FRAME, R/H SI",REPLACED BOTH LACINGS.,EC-6492abd879651fee,LG-6492abd879651fee,train
100202,ALL ROCKER COVER SCREWS ARE LOOSE ON L/H ENGINE.,TIGHTENED ALL SCREWS.,EC-a441330875585b5d,LG-a441330875585b5d,train
100203,#2 INTAKE LEAKING ON R/H ENGINE.,REMOVED & REPLACED #2 INTAKE GASKET ON R/H ENGINE.,EC-992083f8822d9bd9,LG-4285908bb8f7434c,train
100204,"INTAKES 2, # & 4 LEAKING ON L/H ENGINE.","REMOVED & REPLACED INTAKE GASKET 2, 3 & 4 ON L/H ENGINE",EC-b2aa1a1dc3fa32c3,LG-4285908bb8f7434c,train
100205,ROCKER COVERS 2 & 4 LEAKING ON R/H ENGINE.,REMOVED & REPLACED #2 & 4 ROCKER COVER GASKETS ON R/H E,EC-9f316c4190b2efed,LG-608d782c2258dd59,train
100206,"ON RIGHT ENG START, ENGINE RAN VERY ROUGH.","REMOVED & REPLACED #3 CYL ASSY. REEMED 1, 2, 4 EXHAUST",EC-ad4cd4ab07035025,LG-ad4cd4ab07035025,train
100207,"ON RIGHT ENG START, ENGINE RAN VERY ROUGH.","RAN ENGINE, #3 CYL NO EGT. PULLED PROP THROUGH 4 COMPRE",EC-ad4cd4ab07035025,LG-ad4cd4ab07035025,train
100208,#2 INTAKE IS LEAKING.,REMOVED & REPLACED INTAKE GASKETS.,EC-8ec828272e86c6c2,LG-10956cdabbd1e3ce,dev
100209,CYL #2 INTAKE GASKET IS LEAKING.,REMOVED & REPLACED CYL #2 INTAKE GASKET.,EC-ae287164a190fda3,LG-4285908bb8f7434c,train
100210,CYL #2 & 3 ROCKER COVERS LEAKING.,REMOVED & REPLACED CYL #2 & 3 ROCKER COVER GASKETS.,EC-92cbb89143b287a6,LG-608d782c2258dd59,train
100211,CYL #3 AFT BAFFLE I/B SCREW BRACKET RIVETS ARE SHEARED OFF.,"REMOVED CYL #3 AFT BAFFLE, REPLACED BROKEN FASTENERS &",EC-0ed8564874aa50f1,LG-0ed8564874aa50f1,train
100212,#3 ROCKER COVER LEAKING.,REMOVED & REPLACED ROCKER COVER W/ NEW.,EC-4774d48aa3f463c3,LG-608d782c2258dd59,train
100213,#2 & 4 ROCKER COVER GASKETS LEAKING.,REMOVED & REPLACED GASKETS.,EC-0d6ec8eb547d2ef3,LG-608d782c2258dd59,train
100214,R/H ENGINE #2 INTAKE IS LEAKING.,REMOVED & REPLACED GASKET.,EC-46b590e39d661fd5,LG-4285908bb8f7434c,train
100215,L/H ENGINE #4 ROCKER COVER GASKET LEAKING.,REMOVED & REPLACED GASKET.,EC-3673559e83b98b7a,LG-608d782c2258dd59,train
100216,"R/H ENGINE, ALL 4 ROCKER COVER GASKETS SEEPING.",REMOVED & REPLACED ALL GASKETS.,EC-c4d47f7b8075659c,LG-c4d47f7b8075659c,train
100217,R/H REAR ENGINE BAFFLE SCREW MISSING.,INSTALLED NEW SCREW.,EC-00c3779a82bb5065,LG-ac09d330d3a5d8db,dev
100218,ROCKER BOX COVER SCREWS LOOSE (ALL CYLS).,RETORQUED SCREWS.,EC-eca369d61b0365b4,LG-9911c897fa79d522,test
100219,INDUCTION TUBE HOSE CLAMPS LOOSE (ALL CYLS).,TIGHTENED HOSE CLAMPS.,EC-134da831ec3f7c78,LG-4d3f1a1149d21098,train
100220,#2 INTAKE LEAKING.,REMOVED & REPLACED #2 INTAKE GASKET.,EC-9e293c9950113443,LG-10956cdabbd1e3ce,dev
100221,#4 ROCKER COVER IS LEAKING.,REMOVED & REPLACED ROCKER COVER GASKET.,EC-59c5dc8b564981cd,LG-608d782c2258dd59,train
100222,INDUCTION TUBE HOSE CLAMPS LOOSE (ALL CYL).,TIGHTENED HOSE CLAMPS.,EC-4d3f1a1149d21098,LG-4d3f1a1149d21098,train
100223,#2 & 4 ROCKER BOX COVER SCREWS LOOSE.,RETORQUED #2 & 4 ROCKER BOX COVER SCREWS.,EC-980979c4942a8951,LG-f40ff9615f91de7f,test
100224,L/H ENGINE #1 INTAKE LEAKING.,REMOVED & REPLACED L/H #1 INTAKE GASKET.,EC-c07d68b9a6e2148a,LG-4285908bb8f7434c,train
100225,R/H ENGINE #2 & 1 INTAKE LEAKING.,REMOVED & REPLACED R/H ENGINE INTAKE GASKETS 1 & 2.,EC-63c06d7bf22047dd,LG-4285908bb8f7434c,train
100226,R/H FWD UPPER BAFFLE SEAL IS LOOSE.,REPLACED BAFFLE SEAL.,EC-58499e993aebfdf1,LG-58499e993aebfdf1,train
100227,#4 ROCKER COVER IS LEAKING.,REMOVED & REPLACED GASKET.,EC-59c5dc8b564981cd,LG-608d782c2258dd59,train
100228,ROCKER BOX COVER SCREWS LOOSE.,RETORQUE ROCKER BOX COVER SCREWS.,EC-672c4039227aa006,LG-f40ff9615f91de7f,test
100229,#4 ROCKER GASKET LEAKING.,REPLACED ROCKER GASKET.,EC-995d291f7da262fb,LG-608d782c2258dd59,train
100230,#2 ROCKER COVER IS LEAKING.,REMOVED & REPLACED ROCKER COVER GASKET.,EC-9f1eed7e562e8bbc,LG-608d782c2258dd59,train
100231,#4 CYL HAS NO COMPRESSION.,"INSTALLED NEW GASKET, LEAK CK GOOD.",EC-63129778628d15a6,LG-63129778628d15a6,train
100232,#4 CYL HAS NO COMPRESSION.,"INSPECTED VALVES, FOUND NO DEFECTS. RAN A/C & RECHECKED",EC-63129778628d15a6,LG-63129778628d15a6,train
100233,SCREW MISSING ON #3 BAFFLE.,REPLACED SCREW.,EC-361eebaf96dcd70d,LG-ac09d330d3a5d8db,dev
100234,#2 ROCKER COVER IS LEAKING.,REPLACED GASKET.,EC-9f1eed7e562e8bbc,LG-608d782c2258dd59,train
100235,INDUCTION TUBE HOSE CLAMPS LOOSE.,TIGHTENED HOSE CLAMPS.,EC-c9dbfc2be3afc901,LG-4d3f1a1149d21098,train
100236,R/H ENG CYL #3 INTAKE IS LEAKING.,REPLACED INTAKE GASKET.,EC-9b50eff2842daf19,LG-4285908bb8f7434c,train
100237,L/H ENG #4 INDUCTION TUBE GASKET LEAKING.,REPLACED INTAKE GASKET.,EC-321ab726e8c2aced,LG-abec8430bec9f461,test
100238,L/H ENG CYL #1 FWD BAFFLE SEAL IS LOOSE.,RESECURED #1 FWD BAFFLE SEAL.,EC-54361287278951d9,LG-550468c14295fbc3,test
100239,"L/H ENG #1, 2 & 3 ROCKER BOX COVERS LEAKING.",REPLACED ROCKER COVER GASKETS.,EC-9510fca4d1deffdb,LG-9510fca4d1deffdb,test
100240,R/H ENG #2 INTAKE TUBE GASKET IS LEAKING.,INSTALLED NEW #2 INTAKE TUBE GASKET.,EC-8f08743c4fd530a1,LG-ae9ab1f2ace76196,train
100241,R/H ENG ALL ROCKER COVER GASKETS LEAKING.,INSTALLED NEW R/H ENG ROCKER BOX COVER GASKETS.,EC-11e3e1ee95a2f94f,LG-608d782c2258dd59,train
100242,AFT BAFFLE BRACKET RIVETS SHEARED.,RESECURED BAFFLE BRACKET.,EC-129791cf3720b6d6,LG-129791cf3720b6d6,train
100243,#3 AFT BAFFLE IS WORN THROUGH AT I/B CYLINDER WRAP.,REMOVED WORN PIECE. FABRICATED REPLACEMENT FROM LIKE MA,EC-757fbf9770320c38,LG-757fbf9770320c38,train
100244,FRONT R/H BAFFLE SIDE HAS A CRACK BY SCREW.,STOP DRILLED CRACK.,EC-78cbcf5a467575e0,LG-78cbcf5a467575e0,train
100245,FRONT R/H BAFFLE WORN THROUGH FROM MUFFLER SHROUD.,REMOVED BAFFLE.,EC-65e476c51b687c5e,LG-65e476c51b687c5e,train
100246,FRONT R/H BAFFLE WORN THROUGH FROM MUFFLER SHROUD.,FABRICATED PATCH W/ LIKE MATERIALS. RIVETED IAW ,EC-65e476c51b687c5e,LG-65e476c51b687c5e,train
100247,"#2, 3 & 4 ROCKER GASKETS LEAKING.","REPLACED #2, 3 & 4 ROCKER GASKETS. LEAK CHECK GOOD.",EC-6944e76a83ec9939,LG-608d782c2258dd59,train
100248,#3 AFT BAFFLE CRACKED IN SEVERAL PLACES.,INSTALLED NEW BAFFLE.,EC-61c01e333856145d,LG-61c01e333856145d,train
100249,#3 AFT BAFFLE CRACKED IN SEVERAL PLACES.,REMOVED R/H REAR BAFFLE.,EC-61c01e333856145d,LG-61c01e333856145d,train
100250,SCREW MISSING IN #4 ROCKER COVER.,INSTALLED & TORQUED NEW SCREW IN #4 ROCKER BOX COVER. R,EC-2b6322ed39d84a07,LG-ee48bcbd70b76233,dev
100251,#2 INTAKE IS LEAKING.,REPLACED GASKET.,EC-8ec828272e86c6c2,LG-10956cdabbd1e3ce,dev
100252,BRACKET SECURING OIL LINE TO #2 CYLINDER BROKEN.,REMOVED & REPLACED BRACKET.,EC-830da89d0907bbe7,LG-830da89d0907bbe7,train
100253,REMOVE ENGINE TO FACILITATE FIREWALL REPAIR.,REMOVED ENGINE TO FACILITATE REPAIR BY ODEGAARD WINGS.,EC-9654bdf1e620d1b9,LG-9654bdf1e620d1b9,test
100254,REMOVE ENGINE TO FACILITATE FIREWALL REPAIR.,REINSTALLED ENGINE IAW MAINTENANCE MAN,EC-9654bdf1e620d1b9,LG-9654bdf1e620d1b9,test
100255,#2 ROCKER COVER GASKET LEAKING.,REMOVED & REPLACED #2 ROCKER COVER GASKET.,EC-8828e17d0b33db57,LG-608d782c2258dd59,train
100256,#2 & 4 ROCKER COVERS ARE LEAKING.,REMOVED & REPLACED GASKETS.,EC-e2fcde699ff41262,LG-608d782c2258dd59,train
100257,"DOING MAX PERFORM T/O @ 3200, MP WON'T GO ANY HIGHER THAN 24",REQUIRES MX FLIGHT TO VERIFY DISCREPANCY,EC-41c45e2eda9ccedf,LG-41c45e2eda9ccedf,train
100258,"ROCKER COVER GASKETS 1, 3 & 4 LEAKING.","REMOVED & REPLACED ROCKER COVER GASKETS 1, 3 & 4.",EC-fda06b79570d26f6,LG-608d782c2258dd59,train
100259,#2 & 4 CYLINDER ROCKER COVER GASKETS LEAKING.,REMOVED & REPLACED #2 & 4 GASKETS.,EC-b9b0eb2f06c6bc2f,LG-608d782c2258dd59,train
100260,"#1, 2 & 3 ROCKER BOX COVER SCREWS LOOSE.",TIGHTENED SCREWS.,EC-661ba5d2e27fcc21,LG-f40ff9615f91de7f,test
100261,#1 & 3 ROCKER COVERS LEAKING.,REMOVED & REPLACED #1 & 3 ROCKER COVER GASKETS.,EC-67b8282817b33e38,LG-608d782c2258dd59,train
100262,ROCKER BOX COVER SCREWS LOOSE (ALL CYL).,TIGHTENED SCREWS.,EC-9911c897fa79d522,LG-9911c897fa79d522,test
100263,INDUCTION TUBE HOSE CLAMPS LOOSE (ALL CYL).,TIGHTENED HOSE CLAMPS.,EC-4d3f1a1149d21098,LG-4d3f1a1149d21098,train
100264,#3 INTAKE LEAKING AT CLAMP.,READJUSTED & TIGHTENED CLAMP.,EC-3f053046e75050f6,LG-3f053046e75050f6,test
100265,#2 INTAKE GASKET LEAKING.,REMOVED & REPLACED INTAKE GASKET W/ NEW.,EC-1fec9b07493816ca,LG-4285908bb8f7434c,train
100266,"RIVET PULLED THROUGH BAFFLE SEAL, #1 CYL.",REMOVED OLD RIVET & INSTALLED NEW RIVET.,EC-a2caf61ac3c20c83,LG-d97756432395263d,dev
100267,#3 ROCKER COVER LEAKING.,REMOVED & REPLACED GASKET.,EC-4774d48aa3f463c3,LG-608d782c2258dd59,train
100268,L/H ENGINE I/B BAFFLE INTERCONNECT ROD BROKEN.,REMOVED & REPLACED BAFFLE INTERCONNECT ROD.,EC-30e0f6b889cfa0f4,LG-30e0f6b889cfa0f4,dev
100269,#2 INDUCTION TUBE HOSE CLAMP BROKEN.,INSTALLED NEW HOSE CLAMP.,EC-1e248fd031358927,LG-1e248fd031358927,train
100270,"#1, 2, 3 CYLINDER INTAKE GASKETS LEAKING.",INSTALLED NEW INTAKE GASKETS.,EC-f88a448f838877b4,LG-4285908bb8f7434c,train
100271,#4 ROCKER COVER IS LEAKING.,REMOVED & REPLACED #4 ROCKER COVER GASKET.,EC-59c5dc8b564981cd,LG-608d782c2258dd59,train
100272,AFT R/H BAFFLE HAS MISSING RIVET.,REMOVED & REPLACED RIVET.,EC-44687a47481f14b4,LG-44687a47481f14b4,train
100273,#2 & 4 ROCKER COVERS LEAKING.,REMOVED & REPLACED #2 & 4 ROCKER COVER GASKETS.,EC-faa911573d289bce,LG-608d782c2258dd59,train
100274,RING GEAR HAS TOO MANY DAMAGED TEETH.,REMOVED PROP & INSTALLED SERVICEABLE RING GEAR ASSY. IN,EC-1cc01dbb8715ca66,LG-1cc01dbb8715ca66,test
100275,#3 CYLINDER OIL RETURN LINE BEEN CHAFING ON WIRE BUNDLE.,LEAK CHECK GOOD.,EC-00b3f77e883a2dbe,LG-00b3f77e883a2dbe,dev
100276,#3 CYLINDER OIL RETURN LINE BEEN CHAFING ON WIRE BUNDLE.,REMOVED & REPLACED OIL RETURN LINE.,EC-00b3f77e883a2dbe,LG-00b3f77e883a2dbe,dev
100277,R/H SIDE BACK BAFFLE IS CRACKED & BRACKET RIVETS BROKEN.,REMOVED R/H SIDE BAFFLE OFF ENGINE.,EC-914ff7a6d1f74fe5,LG-914ff7a6d1f74fe5,train
100278,R/H SIDE BACK BAFFLE IS CRACKED & BRACKET RIVETS BROKEN.,REPLACED BAFFLE W/ SERVICEABLE BAFFLE.,EC-914ff7a6d1f74fe5,LG-914ff7a6d1f74fe5,train
100279,#1 ROCKER COVER LEAKING.,REMOVED & REPLACED ROCKER COVER GASKET.,EC-d7f19738c9144c80,LG-608d782c2258dd59,train
100280,R/H ENGINE CYL #3 AFT BAFFLE IS CRACKED.,STOP DRILLED CRACK IN R/H ENG #3 AFT BAFFLE.,EC-767933242635773b,LG-e3b964f842fc4352,test
100281,L/H ENGINE CYL #4 AFT BAFFLE STIFFENER IS CRACKED.,REMOVED & REPLACED CRACKED STIFFENER.,EC-8b068244a95c46cb,LG-8b068244a95c46cb,dev
100282,CYL #2 & 3 INTAKES ARE LEAKING.,REMOVED & REPLACED CYL #2 & 3 INTAKE GASKETS.,EC-7c7fe62579e1969f,LG-26ffbcbee302311b,test
100283,R/H FWD UPPER BAFFLE SEAL NEEDS TO BE RESECURED.,INSTALLED POP RIVET TO RESECURE R/H FWD BAFFLE SEAL.,EC-7f2bc0b62c756875,LG-7f2bc0b62c756875,train
100284,#1 INTAKE IS LEAKING.,REMOVED & REPLACED #1 INTAKE GASKET.,EC-15bf6e31a0b605cd,LG-10956cdabbd1e3ce,dev
100285,ROCKER COVERS 2 & 3 LEAKING.,REMOVED & REPLACED ROCKER COVER GASKETS 2 & 3.,EC-74bec29ff5af296f,LG-608d782c2258dd59,train
100286,#2 INDUCTION TUBE GASKET LEAKING.,INSTALLED NEW #2 INDUCTION TUBE GASKET.,EC-abec8430bec9f461,LG-abec8430bec9f461,test
100287,#2 & 3 ROCKER BOX COVER GASKETS LEAKING.,INSTALLED NEW ROCKER BOX COVER GASKETS.,EC-79626840036d8658,LG-608d782c2258dd59,train
100288,"DURING ENTRY TO 180 DEGREE AUTO, WHEN COLLECTIVE LOWERED TO","INSPECTED THROTTLE LINKAGE, COLLECTIVE LINKAGE, NO DISC",EC-216200c86b99f26f,LG-216200c86b99f26f,train
100289,"CAP SCREW MISSING, L/H ENG #4 BAFFLE.",INSTALLED NEW SCREW.,EC-7200bc33ba2318b0,LG-7200bc33ba2318b0,dev
100290,#4 ROCKER COVER LEAKING.,REMOVED & REPLACED #4 ROCKER COVER GASKET.,EC-fbe922c5be2d1674,LG-608d782c2258dd59,train
100291,ALL ROCKER COVERS HAVE LOOSE SCREWS.,TIGHTENED ALL COVERS.,EC-dd43a397ed774b5b,LG-dd43a397ed774b5b,dev
100292,R/H ENG #3 INTAKE LEAKING.,REMOVED & REPLACED #3 INTAKE GASKET W/ NEW.,EC-bf90f47baf1aeb81,LG-4285908bb8f7434c,train
100293,HARDWARE MISSING ON R/H ENGINE #4 ROCKER COVER.,INSTALLED NEW SCREW INTO #4 ROCKER COVER.,EC-a867548fb28d8a3c,LG-a867548fb28d8a3c,dev
100294,#4 INTAKE GASKET LEAKING.,REPLACED GASKET.,EC-57acd94dcdde4ef3,LG-4285908bb8f7434c,train
100295,RIGHT ENG #2 ROCKER COVER LEAKING.,REMOVED & REPLACED #2 ROCKER COVER.,EC-a0dc272d89c3b77b,LG-608d782c2258dd59,train
100296,#1 & 3 ROCKER BOX COVER SCREWS LOOSE.,TIGHTENED SCREWS.,EC-052117ffdbd20454,LG-f40ff9615f91de7f,test
100297,#2 & 4 INDUCTION TUBE GASKETS LEAKING.,INSTALLED NEW #2 & 4 INDUCTION TUBE GASKETS.,EC-bf6c1b762f860293,LG-abec8430bec9f461,test
100298,ALL SCREWS FOR ROCKER COVERS ARE LOOSE.,TIGHTENED ALL SCREWS.,EC-f40ff9615f91de7f,LG-f40ff9615f91de7f,test
100299,#1 & 4 INTAKES LEAKING.,REMOVED & REPLACED INTAKE GASKETS 1 & 4.,EC-bec29ba56bf692b8,LG-26ffbcbee302311b,test
100300,INDUCTION TUBE HOSE CLAMPS LOOSE (ALL CYLS).,TIGHTENED HOSE CLAMPS.,EC-134da831ec3f7c78,LG-4d3f1a1149d21098,train
100301,R/H REAR BAFFLE MOUNTING SCREW LOOSE.,TIGHTENED R/H REAR BAFFLE MOUNTING SCREW.,EC-b1f33e2c59b03e11,LG-b1f33e2c59b03e11,train
100302,L/H BAFFLE PLUG MISSING.,INSTALLED PATCH FABRICATED OUT OF LIKE MATERIAL. INSTAL,EC-9410f0626a11b72a,LG-9410f0626a11b72a,train
100303,#3 INTAKE LEAKING.,REMOVED & REPLACED #3 INTAKE GASKET.,EC-6f9c95f514a1077a,LG-10956cdabbd1e3ce,dev
100304,ENGINE INSPECTION PANEL MISSING SCREW,REINSTALLED SCREW,EC-5726c3a2d9160625,LG-5726c3a2d9160625,dev
100305,#1 ROCKER COVER IS LEAKING.,REMOVED & REPLACED ROCKER COVER GASKET.,EC-979a2371e346f510,LG-608d782c2258dd59,train
100306,CYL #2 & 3 INTAKES ARE LEAKING.,REPLACED CYL #2 & 3 INTAKE GASKETS.,EC-7c7fe62579e1969f,LG-26ffbcbee302311b,test
100307,#2 INTAKE GASKET LEAKING.,REMOVED & REPLACED INTAKE GASKET W/ NEW.,EC-1fec9b07493816ca,LG-4285908bb8f7434c,train
100308,"#2, 3 & 4 ROCKER BOX COVER SCREWS LOOSE.",TIGHTENED SCREWS.,EC-c70d4b2a85a7c07c,LG-f40ff9615f91de7f,test
100309,STARTER RING GEAR MISSING TEETH.,REMOVED & REPLACED STARTER RING GEAR. RESAFETY WIRED PR,EC-ff5488e7157e3516,LG-ff5488e7157e3516,test
100310,#2 & 4 INTAKE GASKETS LEAKING.,REMOVED & REPLACED #2 & 4 INTAKE GASKETS W/ NEW.,EC-f4c90d93e910c1fa,LG-4285908bb8f7434c,train
100311,BOTH BAFFLE PLUGS WORN.,REPLACED BOTH BAFFLE PLUGS.,EC-8c42875f4907c236,LG-d1ae1963cf7de664,dev
100312,#1 ROCKER LEAKING.,REMOVED & REPLACED #1 ROCKER COVER GASKET.,EC-75e357f4a79e8d6e,LG-75e357f4a79e8d6e,train
100313,R/H FWD BAFFLE MISSING SCREW.,INSTALLED NEW SCREW.,EC-8407cead18b14600,LG-8407cead18b14600,train
100314,OIL PSI SWITCH WIRING GROMMET IS MISSING.,INSTALLED NEW GROMMET.,EC-77f5d19481712c8f,LG-77f5d19481712c8f,train
100315,#4 INTAKE LEAKING.,REPLACED GASKET.,EC-66d79f80174da74e,LG-10956cdabbd1e3ce,dev
100316,#2 ROCKER COVER LEAKING.,REMOVED & REPLACED #2 ROCKER COVER GASKET.,EC-c85bc86f75e7cd5b,LG-608d782c2258dd59,train
100317,ROCKER COVERS 2 & 3 LEAKING.,REMOVED & REPLACED #2 & 3 ROCKER COVER GASKETS.,EC-74bec29ff5af296f,LG-608d782c2258dd59,train
100318,BACK L/H TOP BAFFLE IS CRACKED.,"FABRICATED PATCH, INSTALLED PATCH. RIVET IAW  SRM",EC-739098b461f5e8fa,LG-739098b461f5e8fa,dev
100319,L/H FWD ENGINE BAFFLE CRACKED.,"STOP DRILLED CRACK, FABRICATED PATCH. RIVETED IAW",EC-a1409826b25ba72d,LG-15f761dc9e6351d8,dev
100320,L/H & R/H SPARK PLUG THROUGH HOLE PLUGS NEED TO BE REPLACED.,INSTALLED NEW ENGINE BAFFLE BUTTON PLUGS.,EC-97ab0356b7ca2f98,LG-97ab0356b7ca2f98,dev
100321,#2 ROCKER COVER LEAKING.,REMOVED & REPLACED #2 ROCKER COVER GASKET.,EC-c85bc86f75e7cd5b,LG-608d782c2258dd59,train
100322,L/H FWD ENGINE BAFFLE BLAST TUBE BLOCKED,REMOVED BLOCKAGE,EC-cab9c474d976c38d,LG-cab9c474d976c38d,train
100323,R/H ENGINE 2 & 3 INTAKES LEAKING.,REPLACED #2 & 3 INTAKE GASKETS.,EC-afe03500f4b96b4b,LG-4285908bb8f7434c,train
100324,#3 ROCKER COVER LEAKING ON R/H ENGINE.,REPLACED #3 ROCKER COVER GASKET.,EC-8966393e5fc21277,LG-608d782c2258dd59,train
100325,"L/H ENGINE INTAKES 1, 2 & 4 LEAKING.","REMOVED & REPLACED 1, 2 & 4 INTAKE GASKETS W/ NEW.",EC-6285e855fba3f8e0,LG-4285908bb8f7434c,train
100326,#2 INTAKE IS LEAKING.,REMOVED & REPLACED INTAKE GASKET.,EC-8ec828272e86c6c2,LG-10956cdabbd1e3ce,dev
100327,R/H BAFFLE PLUG NEEDS TO BE CHANGED.,REMOVED & REPLACED BAFFLE PLUG.,EC-754ebef40b244e63,LG-754ebef40b244e63,train
100328,#3 INTAKE IS LEAKING.,REMOVED & REPLACED #3 INTAKE GASKET.,EC-bc65a72634be2ce3,LG-10956cdabbd1e3ce,dev
100329,L/H BOTTOM BAFFLE WIRE HOLDER IS BROKEN.,REMOVED & REPLACED LOWER L/H BAFFLE TIE ROD.,EC-e271172bbe999835,LG-e271172bbe999835,train
100330,#4 CYL INTAKE GASKET LEAKING.,REMOVED & REPLACED INTAKE GASKET.,EC-ea3b3d6613e6a454,LG-4285908bb8f7434c,train
100331,SPARK PLUG BAFFLE PLUG IS WORN.,INSTALLED NEW BAFFLE PLUG.,EC-ddca366bb8ec24c6,LG-ddca366bb8ec24c6,train
100332,#2 INTAKE IS LEAKING.,REMOVED & REPLACED INTAKE GASKET. CLEANED FUEL STAINS I,EC-8ec828272e86c6c2,LG-10956cdabbd1e3ce,dev
100333,#3 ROCKER COVER GASKET LEAKING.,REMOVED & REPLACED GASKET.,EC-cd33c56b9090b89a,LG-608d782c2258dd59,train
100334,#2 ROCKER COVER GASKET LEAKING.,REMOVED & REPLACED #2 ROCKER COVER GASKET.,EC-8828e17d0b33db57,LG-608d782c2258dd59,train
100335,"#2 CYL, LEFT ENG INTAKE IS LEAKING.",REMOVED & REPLACED #2 INTAKE GASKET.,EC-6f65240df268de57,LG-6f65240df268de57,train
100336,R/H ENGINE #4 CYL INTAKE GASKET IS LEAKING.,REPLACED GASKET.,EC-d5c60764cc6fd455,LG-4285908bb8f7434c,train
100337,R/H ENGINE #1 CYL SIDE BAFFLE SEAL IS TORN.,REMOVED & REPLACED SEAL.,EC-f9c8b52d86053197,LG-f9c8b52d86053197,train
100338,R/H ENGINE #3 CYL AFT BAFFLE SEAL IS OUT OF PLACE.,RESECURED BAFFLE SEAL.,EC-c872cc23099478ec,LG-c872cc23099478ec,train
100339,L/H SIDE BAFFLE CRACKED.,"PATCHED W/ LIKE MATERIAL. RIVETING IAW , CH",EC-13dec33e5f80d531,LG-13dec33e5f80d531,dev
100340,L/H DEFLECTOR BAFFLE IS CRACKED.,"PATCHED W/ LIKE MATERIAL. RIVETING IAW , CH",EC-a34f485ad710077a,LG-a34f485ad710077a,train
100341,#2 & 4 ROCKER COVERS ARE LEAKING.,REPLACED ROCKER COVER GASKETS.,EC-e2fcde699ff41262,LG-608d782c2258dd59,train
100342,ENGINE BAFFLE BUTTONS WORN.,REMOVED OLD BAFFLE BUTTONS & INSTALLED NEW ONES ON L/H,EC-646dee5f7c2e3098,LG-646dee5f7c2e3098,train
100343,#4 INTAKE GASKET IS LEAKING.,REPLACED GASKET.,EC-0489f0dc14177ee4,LG-4285908bb8f7434c,train
100344,LOWER RIGHT BAFFLE SPRING IS BROKEN.,REPLACED W/ NEW BAFFLE SPRING.,EC-f714f46f4da8f6fa,LG-f714f46f4da8f6fa,train
100345,R/H BACK BAFFLE BRACKET SCREWS ARE LOOSE.,"REMOVED BAFFLE, INSTALLED NEW BRACKET SCREWS & REINSTAL",EC-95f8d1fe0c0e8260,LG-95f8d1fe0c0e8260,train
100346,BOTH BAFFLE PLUGS BAD.,REMOVED & REPLACED BOTH BAFFLE PLUGS.,EC-2c1b711fcf200c80,LG-2c1b711fcf200c80,train
100347,#2 ROCKER COVER LEAKING.,REMOVED & REPLACED #2 ROCKER COVER GASKET.,EC-c85bc86f75e7cd5b,LG-608d782c2258dd59,train
100348,#3 ROCKER COVER LEAKING.,REMOVED & REPLACED #3 ROCKER COVER GASKET.,EC-4774d48aa3f463c3,LG-608d782c2258dd59,train
100349,CYL #3 BACK BAFFLE SCREW MISSING.,INSTALLED CYL #3 BACK BAFFLE SCREW.,EC-05f1a8d2a41b1388,LG-05f1a8d2a41b1388,dev
100350,SPIRAL WRAP ON ROCKER OIL RETURN LINES #1 & 3 REQUIRES REPLA,REMOVED & REPLACED SPIRAL WRAP ON ROCKER RETURN LINES #,EC-c910086f47286bdb,LG-c910086f47286bdb,test
100351,L/H ENGINE ROCKER BOX COVER SCREWS LOOSE.,TIGHTENED DOWN SCREWS.,EC-156d876df23ef1cf,LG-f40ff9615f91de7f,test
100352,R/H ENGINE ROCKER BOX COVER SCREWS LOOSE.,TIGHTENED DOWN SCREWS.,EC-dc563aa05533b7f2,LG-f40ff9615f91de7f,test
100353,R/H ENG #2 INTAKE GASKET LEAKS.,REMOVED & REPLACED INTAKE GASKET.,EC-c61beb64577f9101,LG-0e48eb423d7a05e3,test
100354,#4 INDUCTION TUBE GASKET LEAKING.,REPLACED #4 INDUCTION TUBE GASKET.,EC-412b35d40e0953c0,LG-abec8430bec9f461,test
100355,#2 & 4 ROCKER BOX COVER GASKETS LEAKING.,REPLACED #2 & 4 ROCKER COVER GASKETS,EC-d21022309ee8bd59,LG-608d782c2258dd59,train
100356,#1 INTAKE GASKET LEAKING.,REMOVED & REPLACED #1 INTAKE GASKET W/ NEW.,EC-66c69e07864cfa3c,LG-4285908bb8f7434c,train
100357,#4 ROCKER COVER LEAKING.,REMOVED & REPLACED #4 ROCKER COVER GASKET W/ NEW.,EC-fbe922c5be2d1674,LG-608d782c2258dd59,train
100358,#1 INTAKE IS LEAKING.,REMOVED & REPLACED INTAKE TUBE.,EC-15bf6e31a0b605cd,LG-10956cdabbd1e3ce,dev
100359,ENGINE BAFFLE PLUG MISSING.,INSTALLED NEW BAFFLE PLUG ON L/H SIDE OF ENGINE.,EC-0563227ac6cc8936,LG-9410f0626a11b72a,train
100360,CYL #1 ROCKER COVER GASKET LEAKING.,REMOVED & REPLACED ROCKER COVER GASKET.,EC-bf1f39d7a4256a12,LG-608d782c2258dd59,train
100361,#2 INTAKE IS LEAKING.,REMOVED & REPLACED INTAKE GASKET.,EC-8ec828272e86c6c2,LG-10956cdabbd1e3ce,dev
100362,CYL #2 ROCKER COVER LEAKING.,REMOVED & REPLACED ROCKER COVER GASKET.,EC-14d306bc9b3b1c97,LG-608d782c2258dd59,train
100363,R/H ENGINE #3 & 2 INTAKES LEAKING.,REMOVED & REPLACED GASKET.,EC-2d36c8e7353fb6db,LG-4285908bb8f7434c,train
100364,R/H ENGINE #3 ROCKER COVER IS LEAKING.,REMOVED & REPLACED GASKET.,EC-fa4fba426b6f33c9,LG-608d782c2258dd59,train
100365,#2 & 3 INTAKES ON L/H ENGINE ARE LEAKING.,REPLACED #2 & 3 INTAKE GASKETS ON L/H ENGINE.,EC-d98218b67b8569de,LG-4285908bb8f7434c,train
100366,#2 CYL INTAKE GASKET LEAKING.,REMOVED & REPLACED GASKET.,EC-cc41856dc2df8c7c,LG-4285908bb8f7434c,train
100367,#2 CYLINDER INNER INTAKE PUSH ROD SEAL LEAKING.,REPLACED INNER & OUTER PUSH ROD TUBE SEALS & ROCKER COV,EC-66f878e515872534,LG-66f878e515872534,dev
100368,#2 ROCKER COVER GASKET LEAKING.,REMOVED & REPLACED #2 ROCKER COVER GASKET.,EC-8828e17d0b33db57,LG-608d782c2258dd59,train
100369,#3 ROCKER COVER GASKET LEAKING.,REMOVED & REPLACED #3 ROCKER COVER GASKET.,EC-cd33c56b9090b89a,LG-608d782c2258dd59,train
100370,FWD PUSH ROD SEAL LEAKING @ ENGINE ON #3 CYLINDER.,REMOVED & REPLACED #3 CYLINDER FWD PUSH ROD TUBE SEALS.,EC-71345fd4a10cacd2,LG-71345fd4a10cacd2,train
100371,CYL #1 BAFFLE CRACKED AT SCREW SUPPORT & FWD BAFFLE BELOW #1,FABRICATED PATCHES OF LIKE MATERIAL & RIVETED IAW ,EC-42c4e00bd8e03668,LG-42c4e00bd8e03668,test
100372,R/H BAFFLE SEAL LOOSE (FWD UPPER).,RESECURED BAFFLE SEAL.,EC-120af8456ca29110,LG-58499e993aebfdf1,train
100373,BAFFLE SEAL HAS HOLE IN IT.,REPAIRED HOLE IN SEAL.,EC-d288b72e7e37cc80,LG-d288b72e7e37cc80,train
100374,FRONT BAFFLE RUBBING ON MUFFLER.,APPLIED HIGH TEMP SEALANT TO SEPERATE & SECURE BAFFLE.,EC-a5b6a2b4946f7397,LG-a5b6a2b4946f7397,train
100375,#2 INTAKE LEAKING.,REPLACED GASKET.,EC-9e293c9950113443,LG-10956cdabbd1e3ce,dev
100376,#3 CYLINDER HAS VALVE STICKING.,INSTALLED REMAINING ITEMS.,EC-e76560a5cc90b0ff,LG-e76560a5cc90b0ff,train
100377,#3 CYLINDER HAS VALVE STICKING.,"REMOVED CYL, INSTALLED REPAIRED CYL, TWO -28 PUSH RODS",EC-e76560a5cc90b0ff,LG-e76560a5cc90b0ff,train
100378,#4 CYL INTAKE GASKET IS LEAKING.,REMOVED & REPLACED GASKET.,EC-8edc952c184ae07f,LG-4285908bb8f7434c,train
100379,#2 INTAKE IS LEAKING.,REMOVED & REPLACED INTAKE GASKET.,EC-8ec828272e86c6c2,LG-10956cdabbd1e3ce,dev
100380,"#2, 4 ROCKER COVER IS LEAKING.",REMOVED & REPLACED ROCKER COVER GASKETS.,EC-3059f8bec93cc4e9,LG-608d782c2258dd59,train
100381,#2 & 3 INTAKES ARE LEAKING.,REMOVED & REPLACED GASKETS.,EC-c55f2f2cea7bd2e2,LG-26ffbcbee302311b,test
100382,#3 CYL AFT BAFFLE MISSING SCREW.,INSTALLED NEW SCREW.,EC-2712ed94e860906e,LG-2712ed94e860906e,train
100383,#4 ROCKER COVER IS LEAKING.,REPLACED GASKET.,EC-59c5dc8b564981cd,LG-608d782c2258dd59,train
100384,"ENGINE ROUGH ON START, SUSPECT STUCK VALVE.","INSP'D, FOUND #3 CYL EXHAUST VALVE STUCK OPEN, CONTACTE",EC-fb89c744e6ac54a5,LG-fb89c744e6ac54a5,train
100385,"ENGINE ROUGH ON START, SUSPECT STUCK VALVE.","TORQUED CYL BASE, INSTALLED REMAINING LINES, TUBES, BAF",EC-fb89c744e6ac54a5,LG-fb89c744e6ac54a5,train
100386,#3 FWD PUSH ROD TUBE LEAKING @ ENGINE.,REMOVED & REPLACED #3 FWD PUSH ROD TUBE SEALS. LEAK CHE,EC-f6789a85bbcd1fa6,LG-f6789a85bbcd1fa6,train
100387,CYL #3 INTAKE TUBE LEAKING AT SUMP CONNECTOR HOSE.,TIGHTENED CLAMPS.,EC-7a998c644e2e78c2,LG-7a998c644e2e78c2,dev
100388,CYL #3 AFT BAFFLE MOUNT RIVETS ARE SHEARED.,"REMOVED BAFFLE, REPAIRED MOUNT & REINSTALLED.",EC-53078647ee77a708,LG-62e873c5130f18c5,dev
100389,#2 CYL BAFFLE SEAL NEEDS TO BE RESECURED.,RESECURED #2 BAFFLE SEAL.,EC-609c6c3ef1def264,LG-7f2bc0b62c756875,train
100390,#3 INTAKE GASKET LEAKS.,REPLACED GASKET.,EC-55e6cb16389ae130,LG-0e48eb423d7a05e3,test
100391,"SCREW MISSING FOR R/H SIDE OF BAFFLING, BEHIND DIPSTICK.","REMOVED DIPSTICK, INSTALLED SCREW, INSTALLED & SAFETIED",EC-6478e084440902cc,LG-6478e084440902cc,dev
100392,R/H #4 SIDE BAFFLE MISSING BOLTS.,INSTALLED NEW BOLTS.,EC-d969b2dff9aacc3c,LG-d969b2dff9aacc3c,test
100393,LEFT ENGINE #3 DRAIN HOSE CLAMP AGAINST BAFFLE.,REPOSITIONED DRAIN TUBE CLAMPS TO CLEAR BAFFLE.,EC-354063b0788f08c4,LG-354063b0788f08c4,test
100394,#4 INTAKE LEAKING.,REMOVED & REPLACED #4 INTAKE GASKET.,EC-66d79f80174da74e,LG-10956cdabbd1e3ce,dev
100395,#2 ROCKER COVER LEAKING.,REMOVED & REPLACED #2 ROCKER COVER GASKET.,EC-c85bc86f75e7cd5b,LG-608d782c2258dd59,train
100396,CYL #2 & 4 INTAKES ARE LEAKING.,REPLACED INTAKE GASKETS.,EC-5721f1286ba88881,LG-26ffbcbee302311b,test
100397,CYL #3 AFT BAFFLE MOUNT LOOSE.,REMOVED BAFFLE & FOUND BAFFLE ALMOST WORN THROUGH AT AF,EC-3b4263cff2cab2e8,LG-3b4263cff2cab2e8,train
100398,#3 ROCKER COVER REQUIRES NEW GASKET.,INSTALLED NEW GASKET.,EC-de79c17dc8af3ac6,LG-de79c17dc8af3ac6,train
100399,#4 INTAKE LEAKING.,REMOVED & REPLACED GASKET.,EC-66d79f80174da74e,LG-10956cdabbd1e3ce,dev
100400,"SEVERE KNOCKING, VIBRATIONS ON START UP.","INSPECTED, COMPRESSIONS INDICATED NORMAL. REMOVED COWL,",EC-a1ce2e48f586e6e8,LG-a1ce2e48f586e6e8,train
100401,#2 INTAKE LEAKING.,REMOVED & REPLACED #2 INTAKE GASKET.,EC-9e293c9950113443,LG-10956cdabbd1e3ce,dev
100402,CYL #2 & 4 INTAKES ARE LEAKING.,REPLACED INTAKE GASKETS.,EC-5721f1286ba88881,LG-26ffbcbee302311b,test
100403,OIL RETURN LINE CLAMPS LOOSE.,TIGHTENED OIL RETURN LINE CLAMPS.,EC-3af69edfaf630714,LG-79cfb25cb0ed6ab7,train
100404,"LOOSE CABLE SAFETY BAFFLE BOLTS, CYL #2.",TIGHTENED & RESECURED.,EC-b9df6aabf33d41ed,LG-b9df6aabf33d41ed,train
100405,#1 & 3 CYL FUEL INJ LINES STANDOFF LOOSE BY OIL FILLER TUBE.,TIGHTENED SCREW.,EC-91aeffddea64f613,LG-91aeffddea64f613,train
100406,R/H ENGINE #4 INTAKE IS LEAKING.,REPLACED GASKET.,EC-92fb19a5b4ac4c58,LG-4285908bb8f7434c,train
100407,L/H ENGINE #3 INTAKE IS LEAKING.,REMOVED & REPLACED GASKET.,EC-16e2350113c84822,LG-4285908bb8f7434c,train
100408,L/H ENGINE ALL 4 ROCKER COVERS ARE LEAKING.,REMOVED & REPLACED GASKETS.,EC-e424bbcf6cf85404,LG-e424bbcf6cf85404,train
100409,R/H ENGINE ALL 4 ROCKER COVERS ARE LEAKING.,REMOVED & REPLACED GASKETS.,EC-494e9ff1f78de615,LG-e424bbcf6cf85404,train
100410,R/H ENGINE #2 & 4 ROCKER OIL RETURN LINES ARE LEAKING.,TIGHTENED CLAMPS.,EC-a85c6c620d47d8d5,LG-a85c6c620d47d8d5,train
100411,REPLACE L/H ENGINE TORQUEMETER HOSES.,LEAK CHECKED GOOD.,EC-b8eb6450bb07907f,LG-b8eb6450bb07907f,train
100412,REPLACE R/H ENGINE TORQUEMETER HOSES.,LEAK CHECKED GOOD.,EC-a1b46dda5dc86340,LG-b8eb6450bb07907f,train
100413,REPLACE L/H ENGINE TORQUEMETER HOSES.,REPLACED PRESSURE HOSE.,EC-b8eb6450bb07907f,LG-b8eb6450bb07907f,train
100414,REPLACE R/H ENGINE TORQUEMETER HOSES.,INSTALLED PRESSURE HOSE.,EC-a1b46dda5dc86340,LG-b8eb6450bb07907f,train
100415,REPLACE L/H ENGINE TORQUEMETER HOSES.,REPLACED VENT HOSE FOR TORQUEMETER.,EC-b8eb6450bb07907f,LG-b8eb6450bb07907f,train
100416,REPLACE R/H ENGINE TORQUEMETER HOSES.,REPLACED VENT HOSES FOR TORQUEMETER.,EC-a1b46dda5dc86340,LG-b8eb6450bb07907f,train
100417,R/H REAR ENGINE BAFFLE SUPPORT BROKEN.,INSTALED NEW BAFFLE SUPPORT.,EC-0e452f5fd1d32040,LG-0e452f5fd1d32040,train
100418,L/H FWD ENGINE BAFFLE CRACKED.,INSTALLED PATCH OF LIKE MATERAL & RIVETED IAW,EC-a1409826b25ba72d,LG-15f761dc9e6351d8,dev
100419,#3 ROCKER COVER GASKET LEAKING.,REMOVED & REPLACED #3 ROCKER COVER GASKET.,EC-cd33c56b9090b89a,LG-608d782c2258dd59,train
100420,#3 ROCKER COVER GASKET LEAKING.,REMOVED & REPLACED #3 ROCKER COVER GASKET.,EC-cd33c56b9090b89a,LG-608d782c2258dd59,train
100421,#3 INTAKE LEAKING.,REPLACED GASKET.,EC-6f9c95f514a1077a,LG-10956cdabbd1e3ce,dev
100422,#2 ROCKER COVER LEAKING.,REPLACED GASKET.,EC-c85bc86f75e7cd5b,LG-608d782c2258dd59,train
100423,ENGINE IS TIMED OUT.,REMOVED ENGINE IAW  MAINT MANUAL.,EC-dd42fd97ba96c6de,LG-dd42fd97ba96c6de,train
100424,ENGINE IS TIMED OUT.,REMOVED BAFFLING & COMPONENTS FROM OLD ENGINE & STARTED,EC-dd42fd97ba96c6de,LG-dd42fd97ba96c6de,train
100425,ENGINE IS TIMED OUT.,INSTALLED ENGINE. PERFORMED PRE-OIL & INSTALLED SPARK P,EC-dd42fd97ba96c6de,LG-dd42fd97ba96c6de,train
100426,ENGINE IS TIMED OUT.,"ENGINE RUN UP, LEAK CHECK GOOD.",EC-dd42fd97ba96c6de,LG-dd42fd97ba96c6de,train
100427,CYL #3 ROCKER COVER IS LEAKING.,REMOVED & REPLACED ROCKER COVER GASKET.,EC-3f801b1b8ae48dd4,LG-608d782c2258dd59,train
100428,L/H UPPER BAFFLE FOR CYL #4 PLUG HOLE IS ENLARGED.,INSTALLED PATCH MADE OF LIKE MATERIAL & RIVETED IAW CES,EC-21e48ecd08217d35,LG-21e48ecd08217d35,train
100429,R/H INNER CYL BAFFLE TIE ROD IS INSTALLED INCORRECTLY.,TIE ROD BROKE WHILE REPOSITIONING. REMOVED & REPLACED R,EC-0fc106365fbc7200,LG-0fc106365fbc7200,train
100430,#2 & 4 ROCKER COVERS ARE LEAKING.,REMOVED & REPLACED GASKETS.,EC-e2fcde699ff41262,LG-608d782c2258dd59,train
100431,"FWD LOWER BAFFLE, R/H SIDE, IS CRACKED.",STOP DRILLED CRACK & INSTALLED WIDE AREA WASHER TO DIST,EC-a04ffdb1d621da4e,LG-a04ffdb1d621da4e,dev
100432,#2 & 3 ROCKER COVERS LEAKING.,REMOVED & REPLACED #2 & 3 ROCKER COVER GASKETS.,EC-0d8c3206b2edd8c0,LG-608d782c2258dd59,train
100433,L/H AFT UPPER BAFFLE CRACKED.,"STOP DRILLED CRACK, FABRICATED PATCH & INSTALLED PATCH.",EC-ce17f7fb702ccae7,LG-ce17f7fb702ccae7,train
100434,#3 INTAKE GASKET LEAKING.,REMOVED & REPLACED #3 INTAKE GASKET.,EC-12a267bf8b1d91a6,LG-4285908bb8f7434c,train
100435,#2 ROCKER COVER LEAKING.,REMOVED & REPLACED #2 ROCKER COVER GASKET.,EC-c85bc86f75e7cd5b,LG-608d782c2258dd59,train
100436,#1 & 3 ROCKER COVER GASKETS LEAKING.,REMOVED & REPLACED #1 & 3 ROCKER COVER GASKETS.,EC-dd23761ff6b2026b,LG-608d782c2258dd59,train
100437,R/H FWD BAFFLE SEAL TORN.,REPAIRED HOLE IN BAFFLE SEAL.,EC-bcabf44b6b518f81,LG-3ba1e9db59e83dce,train
100438,CYL #2 & 4 INTAKES ARE LEAKING.,REPLACED CYL #2 & 4 INTAKE PIPE GASKETS.,EC-5721f1286ba88881,LG-26ffbcbee302311b,test
100439,#2 CYL ROCKER COVER GASKET IS LEAKING.,REMOVED & REPLACED #2 ROCKER COVER GASKET W/ NEW.,EC-b71301b7d7724098,LG-608d782c2258dd59,train
100440,#2 & 4 INTAKE GASKETS LEAKING.,REPLACED GASKETS.,EC-f4c90d93e910c1fa,LG-4285908bb8f7434c,train
100441,INTAKES 2 & 4 LEAKING ON L/H ENGINE.,REMOVED & REPLACED INTAKE GASKETS 2 & 4 ON L/H ENGINE.,EC-b5d087cd44a0b2a1,LG-4285908bb8f7434c,train
100442,"INTAKES 2, 3 & 4 LEAKING ON R/H ENGINE.","REMOVED & REPLACED INTAKE GASKETS #2, 3 & 4 ON R/H ENGI",EC-acfd9a8357993041,LG-4285908bb8f7434c,train
100443,#2 INDUCTION TUBE GASKET LEAKING.,INSTALLED NEW #2 INDUCTION TUBE GASKET.,EC-abec8430bec9f461,LG-abec8430bec9f461,test
100444,L/H ENGINE MISSING SCREW & NUT ON BAFFLE BY OIL FILL TUBE.,"REPLACED SCREW, WASHERS & NUT.",EC-8918caaf4aeb5234,LG-8918caaf4aeb5234,test
100445,R/H ENGINE #3 BAFFLE CRACKED BY UPPER #1 BAFFLE ATTACHMENT.,REPAIRED BAFFLING BY FABRICATING ATTACHMENT OF LIKE MAT,EC-da5937a01a480b1d,LG-da5937a01a480b1d,test
100446,#2 CYLINDER INTAKE GASKET LEAKING.,REPLACED INTAKE GASKET.,EC-cc41856dc2df8c7c,LG-4285908bb8f7434c,train
100447,#1 ROCKER COVER GASKET IS LEAKING.,REMOVED & REPLACED GASKET.,EC-f3218e222926d0a2,LG-608d782c2258dd59,train
100448,#3 INTAKE IS LEAKING.,REMOVED & REPLACED GASKET.,EC-bc65a72634be2ce3,LG-10956cdabbd1e3ce,dev
100449,L/H BACK TOP BAFFLE IS CRACKED.,FABRICATED PATCH & INSTALLED.,EC-afa7aadc3adfa0fb,LG-739098b461f5e8fa,dev
100450,ENGINE IDLE @ 1700 RPM DURING SHUT DOWN. NO RISE IN RPM ON M,"ADJUSTED IDLE SPEEDS & MIXTURE RISE, OPS CHECK GOOD.",EC-e7611fb2f3c12505,LG-e7611fb2f3c12505,train
100451,#4 ROCKER COVER IS LEAKING.,REMOVED & REPLACED ROCKER COVER GASKET.,EC-59c5dc8b564981cd,LG-608d782c2258dd59,train
100452,CYL #3 EXT PUSH ROD TUBE SEAL LEAKING AT CASE.,"REPOSITIONED SEAL, LEAK PERSISTS. DISASSEMBLED & REPLAC",EC-5a62844e6120ead1,LG-5a62844e6120ead1,dev
100453,A/C NEEDS TO BE RUN UP & CHECKED FOR FERRY FLIGHT,"PERFORMED ENGINE RUN UP, SERVICED TIRE PRESSURES. REVIE",EC-813c7464635f0d6e,LG-813c7464635f0d6e,train
100454,#2 ROCKER BOX COVER GASKET LEAKING.,INSTALLED NEW ROCKER BOX COVER GASKET.,EC-685f78d908b88069,LG-608d782c2258dd59,train
100455,#4 INTAKE LEAKING.,REMOVED & REPLACED #4 INTAKE GASKET.,EC-66d79f80174da74e,LG-10956cdabbd1e3ce,dev
100456,#4 CYLINDER INTAKE GASKET LEAKING.,REMOVED & REPLACED INTAKE GASKET.,EC-ea3b3d6613e6a454,LG-4285908bb8f7434c,train
100457,PILOT REPORTED STRONG ENGINE VIBRATION DURING STOP & GO WHIL,"RAN ENGINE, COULD NOT DUPLICATE DISCREPANCY. ENGINE OPE",EC-071aad07791b4576,LG-071aad07791b4576,train
100458,NO RISE DURING MIXTURE CHECK.,"ADJUSTED IDLE MIXTURE, CHECKS GOOD.",EC-21a43239115f3d9f,LG-21a43239115f3d9f,train
100459,#2 INDUCTION TUBE GASKET IS LEAKING.,REMOVED & REPLACED #2 INTAKE GASKET.,EC-87502edb435de744,LG-abec8430bec9f461,test
100460,#2 ROCKER BOX COVER GASKET IS LEAKING.,REMOVED & REPLACED #2 ROCKER COVER GASKET.,EC-1606a56f2bfcc3ff,LG-608d782c2258dd59,train
100461,#4 INTAKE IS LEAKING.,REMOVED & REPLACED INTAKE GASKET.,EC-03758ee4b47de086,LG-10956cdabbd1e3ce,dev
100462,L/H BAFFLE PLUG NEEDS TO BE REPLACED.,REMOVED & REPLACED BAFFLE PLUG.,EC-d671d8fdeb671d58,LG-d671d8fdeb671d58,train
100463,#2 INTAKE GASKET LEAKING.,REMOVED & REPLACED INTAKE GASKET W/ NEW.,EC-1fec9b07493816ca,LG-4285908bb8f7434c,train
100464,R/H BOTTOM BAFFLE WIRE SPRING IS BROKEN.,REMOVED & REPLACED BAFFLE & WIRE SPRING W/ NEW.,EC-3e7ba751cbde4e7e,LG-3e7ba751cbde4e7e,train
100465,AFT BAFFLE BRACKET RIVETS SHEARED.,REPLACED RIVETS ON BAFFLE BRACKET & REINSTALLED BAFFLIN,EC-129791cf3720b6d6,LG-129791cf3720b6d6,train
100466,R/H ENGINE #3 INTAKE GASKET LEAKING.,REPLACED GASKET.,EC-a8b80bf440483e7d,LG-4285908bb8f7434c,train
100467,L/H ENGINE #2 INTAKE GASKET LEAKING.,REMOVED & REPLACED #2 INTAKE GASKET.,EC-4c1d032619d72b44,LG-4285908bb8f7434c,train
100468,#3 BAFFLE PLUG IS WORN.,REMOVED & REPLACED PLUG.,EC-2daa69b02ce10524,LG-724c9a4174167cf3,train
100469,#1 & 4 ROCKER COVERS LEAKING.,REMOVED & REPLACED #1 & 4 ROCKER GASKETS.,EC-a1e521c564ed4fd2,LG-608d782c2258dd59,train
100470,#4 INTAKE IS LEAKING.,REMOVED & REPLACED #4 INTAKE GASKET.,EC-03758ee4b47de086,LG-10956cdabbd1e3ce,dev
100471,#4 CYL BAFFLE IS CRACKED.,STOP DRILLED CRACK.,EC-aa9587ef7947daba,LG-e3b964f842fc4352,test
100472,#2 CYL EXHAUST PUSH ROD TUBE HAS SMALL DENT.,INSTALLED PUSH ROD SHROUD USING NEW SEALS.,EC-d6459277b2eab73e,LG-d6459277b2eab73e,train
100473,"#4 CYL HAS LOW COMPRESSION, AROUND 34 PSI.","TRIED STAKING VALVES, STILL NO COMPRESION. INSPECTED CY",EC-f0012fdc2e211f45,LG-f0012fdc2e211f45,train
100474,#2 CYL EXHAUST PUSH ROD TUBE HAS SMALL DENT.,CANNED & INSPECTED SERVICEABLE PUSH RODD SHROUD TUBE FR,EC-d6459277b2eab73e,LG-d6459277b2eab73e,train
100475,#1 INTAKE LEAKING.,REMOVED & REPLACED #1 INTAKE GASKET.,EC-3bfb71c5d2c84d08,LG-10956cdabbd1e3ce,dev
100476,INDUCTION TUBE HOSE CLAMPS LOOSE (ALL CYL).,TIGHTENED HOSE CLAMPS.,EC-4d3f1a1149d21098,LG-4d3f1a1149d21098,train
100477,#1 & 3 ROCKER COVER GASKETS ARE BROKEN.,REMOVED & REPLACED ROCKER COVER GASKETS.,EC-077c2249cbac9ba5,LG-077c2249cbac9ba5,train
100478,#2 INTAKE GASKET LEAKING.,"REMOVED & REPLACED INTAKE GASKET, CLEANED LEAKS AROUND",EC-1fec9b07493816ca,LG-4285908bb8f7434c,train
100479,#2 & 3 CYLINDER ROCKER CVOER GASKET LEAKING.,REMOVED & REPLACED ROCKER COVER GASKET. CLEANED LEAKS A,EC-cd3fe2c6d5601532,LG-cd3fe2c6d5601532,train
100480,#4 INTAKE IS LEAKING.,REMOVED & REPLACED GASKET.,EC-03758ee4b47de086,LG-10956cdabbd1e3ce,dev
100481,ALL 4 ROCKER COVERS ARE LEAKING.,REMOVED & REPLACED GASKETS.,EC-4960b7ba1ae244f0,LG-e424bbcf6cf85404,train
100482,#3 INTAKE LEAKING.,INSTALLED NEW INTAKE GASKET.,EC-6f9c95f514a1077a,LG-10956cdabbd1e3ce,dev
100483,INDUCTION TUBE HOSE CLAMPS LOOSE (ALL CYLS).,TIGHTENED HOSE CLAMPS.,EC-134da831ec3f7c78,LG-4d3f1a1149d21098,train
100484,#2 ROCKER COVER LEAKING.,REMOVED & REPLACED #2 ROCKER COVER GASKET.,EC-c85bc86f75e7cd5b,LG-608d782c2258dd59,train
100485,L/H ENGINE ALL INTAKES ARE LEAKING.,REMOVED & REPLACED GASKETS.,EC-67e66d3c76b33a15,LG-67e66d3c76b33a15,train
100486,"#3 AFT BAFFLE TAB HAS BROKEN RIVETS, NEAR OIL FILLER TUBE.",LEAK CHECK GOOD.,EC-81a9cee230a4c7bf,LG-81a9cee230a4c7bf,dev
100487,#4 AFT BAFFLE ATTACH PLATE BROKEN.,"FABRICATED, PAINTED & INSTALLED FROM LIKE MATERIAL & TH",EC-2b35f967a003aa55,LG-2b35f967a003aa55,train
100488,"#3 AFT BAFFLE TAB HAS BROKEN RIVETS, NEAR OIL FILLER TUBE.","REMOVED BAFFLE, REPLACED RIVETS & REINSTALLED BAFFLE. L",EC-81a9cee230a4c7bf,LG-81a9cee230a4c7bf,dev
100489,#2 ROCKER COVER LEAKING.,REPLACED ROCKER COVER GASKET.,EC-c85bc86f75e7cd5b,LG-608d782c2258dd59,train
100490,#3 ROCKER COVER LEAKING.,REPLACED ROCKER COVER GASKET.,EC-4774d48aa3f463c3,LG-608d782c2258dd59,train
100491,#2 INTAKE LEAKING.,REMOVED & REPLACED #2 INTAKE GASKET.,EC-9e293c9950113443,LG-10956cdabbd1e3ce,dev
100492,R/H AFT COWL BRACKET RIVET MISSING.,INSTALLED NEW RIVET.,EC-1bdb9265ceaae8b5,LG-1bdb9265ceaae8b5,train
100493,#3 & 4 ROCKER COVERS LEAKING.,REMOVED & REPLACED ROCKER COVER GASKETS.,EC-b083ca05c337f8b7,LG-608d782c2258dd59,train
100494,"#1, 3 & 4 INTAKE GASKETS ARE LEAKING.",REPLACED INTAKE GASKETS.,EC-d2799b11f218985b,LG-4285908bb8f7434c,train
100495,"INTAKES 1, 2, 3 & 4 LEAKING.",REMOVED & REPLACED 1 - 4 INTAKE GASKETS.,EC-22aa2c28e30bcb5d,LG-26ffbcbee302311b,test
100496,L/H FWD ENGINE BAFFLE CRACKED.,STOP DRILLED CRACK.,EC-a1409826b25ba72d,LG-15f761dc9e6351d8,dev
100497,#3 CYLINDER ROCKER COVER GASKET LEAKING.,REMOVED & REPLACED ROCKER COVER GASKET.,EC-747d58a3057d4281,LG-608d782c2258dd59,train
100498,#3 INTAKE LEAKING.,REPLACED GASKET.,EC-6f9c95f514a1077a,LG-10956cdabbd1e3ce,dev
100499,INDUCTION TUBE HOSE CLAMPS LOOSE.,TIGHTENED HOSE CLAMPS.,EC-c9dbfc2be3afc901,LG-4d3f1a1149d21098,train
100500,AFT L/H ENGINE BAFFLE CRACKED.,STOP DRILLED CRACK.,EC-e3b964f842fc4352,LG-e3b964f842fc4352,test
100501,FWD L/H ENGINE BAFFLE CRACKED.,STOP DRILLED CRACK.,EC-14be734a42185ffa,LG-15f761dc9e6351d8,dev
100502,ALL 4 ROCKER COVER GASKETS LEAKING.,REPLACED ALL 4 ROCKER COVER GASKETS.,EC-5d26e43dc5abb634,LG-608d782c2258dd59,train
100503,#2 CYL INTAKE GASKET IS LEAKING.,REMOVED & REPLACED GASKET.,EC-c00d4539aee11f01,LG-4285908bb8f7434c,train
100504,CYL #4 INTAKE GASKET IS LEAKING.,REMOVED & REPLACED CYL #4 INTAKE GASKET.,EC-92a0dbb804603f0d,LG-4285908bb8f7434c,train
100505,#3 INTAKE LEAKING.,REMOVED & REPLACED #3 INTAKE GASKET.,EC-6f9c95f514a1077a,LG-10956cdabbd1e3ce,dev
100506,#4 ROCKER COVER GASKET IS LEAKING.,REMOVED & REPLACED ROCKER COVER GASKET.,EC-9d103de4f299d59b,LG-608d782c2258dd59,train
100507,#3 ROCKER COVER GASKET LEAKING.,REMOVED & REPLACED #3 ROCKER COVER GASKET.,EC-cd33c56b9090b89a,LG-608d782c2258dd59,train
100508,LEFT ENG #2 INTAKE GASKET LEAKS.,REMOVED & REPLACED #2 INTAKE GASKET.,EC-295da0417865331d,LG-0e48eb423d7a05e3,test
100509,#2 & 3 ROCKER GASKETS LEAKING.,REPLACED GASKETS.,EC-fb7aa421d73d096a,LG-608d782c2258dd59,train
100510,#3 & 4 SIDE BAFFLE PLUGS HAVE BROKEN PRONGS.,REPLACED PLUGS.,EC-55d52c3db6b3712f,LG-55d52c3db6b3712f,train
100511,"#1, 2, 4 ROCKER COVER GASKETS LEAKING.","REMOVED & REPLACED #1, 2, 4 ROCKER COVER GASKETS.",EC-8e8513645c0be7f8,LG-608d782c2258dd59,train
100512,"R/H ENG, 1, 2, 4 INTAKE GASKETS ARE LEAKING.",REPLACED ALL 3 GASKETS.,EC-4b2b8b88909def26,LG-4b2b8b88909def26,train
100513,BAFFLE SPARK PLUG CAPS ARE WORN OUT.,INSTALLED NEW BAFFLE CAPS.,EC-619b3bd2f012fac0,LG-619b3bd2f012fac0,train
100514,"#2 & 4 INTAKE GASKETS ARE LEAKING, CAUSING CHT & EGT VARIATI","REPLACED #2 & 4 INTAKE TUBES, FLANGES & GASKETS.",EC-073eb84aff70ff57,LG-073eb84aff70ff57,test
100515,#3 ROCKER COVER GASKET IS TORN.,REMOVED & REPLACED ROCKER COVER GASKET.,EC-ad96769c4f0e1d52,LG-d4f07a3229c920c8,test
100516,INTAKES 2 & 4 LEAKING.,REMOVED & REPLACED INTAKE GASKETS.,EC-b01ae2cf593b712b,LG-26ffbcbee302311b,test
100517,#1 ROCKER COVER LEAKING.,REMOVED & REPLACED #1 ROCKER COVER GASKET.,EC-d7f19738c9144c80,LG-608d782c2258dd59,train
100518,#4 CYL INTAKE GASKET LEAKING.,REMOVED & REPLACED GASKET.,EC-ea3b3d6613e6a454,LG-4285908bb8f7434c,train
100519,CYL #4 ROCKER COVER GASKET LEAKING.,REMOVED & REPLACED ROCKER COVER GASKET.,EC-f020a54e126a5ae6,LG-608d782c2258dd59,train
100520,"INTAKE PIPE GASKET LEAKING, CYL #2, 3 & 4.",REMOVED & REPLACED INTAKE GASKETS.,EC-008969346e1493e6,LG-008969346e1493e6,test
100521,OIL COOLER BAFFLING CRACKED IN LWR I/B CORNER.,FABRICATED PATCH FROM LIKE MATERIAL. ,EC-5d12d0f047534eac,LG-5d12d0f047534eac,dev
100522,"R/H SIDE OF ENG, AFT BAFFLE CRACKED PAST STOP DRILLED HOLES.",FABRICATED PATCH FROM LIKE MATERIAL. ,EC-f3a9b25879a7ff4d,LG-f3a9b25879a7ff4d,dev
100523,"STARTED A/C NORMALLY, BATTERY STILL SHOWING DISCHARGE. INCRE","STARTED ENGINE & PERFORMED RUN UP, ALL INDICATIONS NORM",EC-e949ced34c68b11d,LG-e949ced34c68b11d,train
100524,#3 CYLINDER OIL RETURN LINE LEAKING ON RUBBER HOSE SECTION.,TIGHTENED CLAMPS ON RUBBER HOSE SECTION.,EC-235c8e166fb44c95,LG-235c8e166fb44c95,train
100525,#2 & 4 INTAKE GASKET LEAKING.,REMOVED & REPLACED INTAKE GASKETS.,EC-57ce898af0dc256e,LG-4285908bb8f7434c,train
100526,"#1, 2, 3 COWL SHOCK MOUNTS TORN.",REMOVED & REPLACED COWL SHOCK MOUNTS.,EC-4e4406e64a91257d,LG-4e4406e64a91257d,dev
100527,#1 & 3 ROCKER COVER GASKETS LEAKING.,REMOVED & REPLACED ROCKER COVER GASKETS.,EC-dd23761ff6b2026b,LG-608d782c2258dd59,train
100528,ROCKER BOX COVER SCREWS LOOSE.,RETORQUED SCREWS.,EC-672c4039227aa006,LG-f40ff9615f91de7f,test
100529,ROCKER BOX COVER SCREWS LOOSE.,RETORQUED SCREWS.,EC-672c4039227aa006,LG-f40ff9615f91de7f,test
100530,INDUCTION TUBE HOSE CLAMPS LOOSE (ALL CYL).,TIGHTENED HOSE CLAMPS.,EC-4d3f1a1149d21098,LG-4d3f1a1149d21098,train
100531,#1 CYL BAFFLE CRACKED.,FABRICATED PATCH FROM .032 OF LIKE MATERIAL AS BAFFLE.,EC-59df9a12877037d5,LG-e3b964f842fc4352,test
100532,SCROLL TO PC FLITTER TUBE HAS EXCESSIVE FRETTING UNDER FLOAT,ORDERED LINE.,EC-672ae330570beb00,LG-672ae330570beb00,train
100533,SCROLL TO PC FLITTER TUBE HAS EXCESSIVE FRETTING UNDER FLOAT,REMOVED & REPLACED LINE.,EC-672ae330570beb00,LG-672ae330570beb00,train
100534,4TH STAGE NOZZLE HAS SEVERAL CRACKS IN IT.,PREPPED ENGINE FOR INSTALLATION & REINSTALLED IN A/C.,EC-4ebfdadcef5c2e87,LG-4ebfdadcef5c2e87,train
100535,4TH STAGE NOZZLE HAS SEVERAL CRACKS IN IT.,REMOVED ENGINE FROM AIRFRAME. DISASSEMBLED ENGINE IAW R,EC-4ebfdadcef5c2e87,LG-4ebfdadcef5c2e87,train
100536,4TH STAGE NOZZLE HAS SEVERAL CRACKS IN IT.,REMOVED TURBINE ASSY. PREPPED LOANER TURB,EC-4ebfdadcef5c2e87,LG-4ebfdadcef5c2e87,train
100537,4TH STAGE NOZZLE HAS SEVERAL CRACKS IN IT.,CONNECTED ENGINE IAW ROLLS ROYCE MAINT MANUAL. PERFORME,EC-4ebfdadcef5c2e87,LG-4ebfdadcef5c2e87,train
100538,#3 INTAKE IS LEAKING.,REMOVED & REPLACED INTAKE GASKET.,EC-bc65a72634be2ce3,LG-10956cdabbd1e3ce,dev
100539,CYL #4 ROCKER COVER GASKET LEAKING.,REMOVED & REPLACED ROCKER COVER GASKET.,EC-f020a54e126a5ae6,LG-608d782c2258dd59,train
100540,#1 INTAKE GASKET LEAKS.,"VERY DIFFICULT TO REMOVE GASKET, INSTALLED NEW GASKET.",EC-cf639969e641a52b,LG-0e48eb423d7a05e3,test
100541,ALL ROCKER COVER SCREWS ARE LOOSE.,TIGHTENED SCREWS.,EC-ee9498004e9421fc,LG-f40ff9615f91de7f,test
100542,#2 INTAKE GASKET LEAKING.,REMOVED & REPLACED INTAKE GASKET.,EC-1fec9b07493816ca,LG-4285908bb8f7434c,train
100543,"#2 CYL ""MISSING"" ON RUN UP (RUNS ROUGH).","CLEANED, GAPPED & TESTED #2 CYL SPARK PLUGS - OPS CK GO",EC-4e38f0321f04ee70,LG-4e38f0321f04ee70,train
100544,"#2 CYL ""MISSING"" ON RUN UP (RUNS ROUGH).",PERFORMED COMPRESSION CK ON #2 CYL - 78/80 & REMOVED RO,EC-4e38f0321f04ee70,LG-4e38f0321f04ee70,train
100545,"#2 CYL ""MISSING"" ON RUN UP (RUNS ROUGH).",INSPECTED & FOUND #2 EXHAUST VALVE TIGHT. PERFORMED CLE,EC-4e38f0321f04ee70,LG-4e38f0321f04ee70,train
100546,"#2 CYL ""MISSING"" ON RUN UP (RUNS ROUGH).","RAN, OPS OK. NO ROUGHNESS. EGT - CHT - STATIC RPM - IDL",EC-4e38f0321f04ee70,LG-4e38f0321f04ee70,train
100547,#2 INTAKE GASKET LEAKS.,REPLACED GASKET.,EC-373685885e8d1b9f,LG-0e48eb423d7a05e3,test
100548,BAFFLE PLUG MISSING ON ENGINE.,REPLACED PLUG.,EC-8a1d3d9f18ce0b61,LG-8a1d3d9f18ce0b61,dev
100549,#3 INTAKE LEAKING ON R/H ENGINE.,REMOVED & REPLACED INTAKE GASKET W/ NEW.,EC-e8bee9035a1deeb3,LG-4285908bb8f7434c,train
100550,#1 & 2 INTAKES LEAKING ON L/H ENGINE.,REMOVED & REPLACED #1 & 2 GASKETS W/ NEW.,EC-77d3639afeb2dab2,LG-4285908bb8f7434c,train
100551,#1 & 3 ROCKER COVERS LEAKING ON R/H ENGINE.,REMOVED & REPLACED #1 & 3 GASKETS W/ NEW.,EC-06ea6cb39d4c533b,LG-608d782c2258dd59,train
100552,#2 INDUCTION TUBE GASKET LEAKING.,REMOVED & REPLACED INTAKE GASKET.,EC-abec8430bec9f461,LG-abec8430bec9f461,test
100553,ROCKER BOX COVER SCREWS LOOSE (ALL CYLS).,RETORQUED ROCKER BOX COVER SCREWS.,EC-eca369d61b0365b4,LG-9911c897fa79d522,test
100554,#3 CYLINDER HAS NO COMPRESSION.,RUN UP & LEAK CK GOOD.,EC-415de88f490081ae,LG-63129778628d15a6,train
100555,#3 CYLINDER HAS NO COMPRESSION.,FOUND LEAK FROM EX VALVE & EX VALVE CONTACT ON PISTON.,EC-415de88f490081ae,LG-63129778628d15a6,train
100556,#3 CYLINDER HAS NO COMPRESSION.,COMPLETED INSTALL OF CYLINDER. DRY TAPPET CLEARANCE CK',EC-415de88f490081ae,LG-63129778628d15a6,train
100557,L/H ENGINE O/B BAFFLE ROD BROKEN.,REMOVED & REPLACED BAFFLE SUPPORT ROD.,EC-fd0aefcb606d5f59,LG-fd0aefcb606d5f59,train
100558,INTAKES #3 & 4 LEAKING ON R/H ENGINE.,REMOVED & REPLACED INTAKE GASKETS W/ NEW.,EC-a0e224c59197e5c7,LG-4285908bb8f7434c,train
100559,"INTAKES #1, 2, 3 & 4 LEAKING ON L/H ENGINE.",REMOVED & REPLACED INTAKE TUBE GASKETS.,EC-d8d0c167285c1baa,LG-4285908bb8f7434c,train
100560,ROCKER COVERS 3 & 4 LEAKING ON L/H ENGINE.,REMOVED & REPLACED ROCKER COVER GASKETS.,EC-0caae82241e5a64d,LG-608d782c2258dd59,train
100561,ROCKER COVERS #2 & 4 LEAKING ON R/H ENGINE.,REMOVED & REPLACED #2 & 4 ROCKER COVER GASKETS.,EC-589cbc7a3f8ae3be,LG-608d782c2258dd59,train
100562,#4 INTAKE LEAKING.,REMOVED & REPLACED INTAKE GASKET. CLEANED LEAKS AROUND,EC-66d79f80174da74e,LG-10956cdabbd1e3ce,dev
100563,#2 ROCKER COVER LEAKING.,REMOVED & REPLACED ROCKER COVER GASKET. CLEANED LEAKS A,EC-c85bc86f75e7cd5b,LG-608d782c2258dd59,train
100564,#3 INTAKE LEAKING.,REMOVED & REPLACED #3 INTAKE GASKET.,EC-6f9c95f514a1077a,LG-10956cdabbd1e3ce,dev
100565,CYL #3 INTAKE TUBE GASKET LEAKING.,REMOVED & REPLACED INTAKE GASKET.,EC-f7a855622dac7c9e,LG-4dcd0e6b51932d0b,dev
100566,CYL #1 OIL RETURN LINE CHAFING.,REMOVED & REPLACED OIL DRAIN LINE.,EC-593caf35cb62e812,LG-593caf35cb62e812,train
100567,R/H ENGINE OIL FILL TUBE LOOSE.,TIGHTENED & RESAFETIED FILLER TUBE.,EC-f67d023a187c68c3,LG-f67d023a187c68c3,dev
100568,ENGINE BAFFLE PLUG TABS BROKEN.,INSTALLED NEW ENGINE BAFFLE PLUGS.,EC-046b4833dae03ba2,LG-046b4833dae03ba2,test
100569,#4 INTAKE GASKET LEAKING.,REMOVED & REPLACED #4 INTAKE GASKET.,EC-57acd94dcdde4ef3,LG-4285908bb8f7434c,train
100570,#2 & 4 ROCKER COVER GASKETS LEAKING.,REMOVED & REPLACED #2 & 4 GASKETS.,EC-0d6ec8eb547d2ef3,LG-608d782c2258dd59,train
100571,R/H ENG #2 INTAKE LEAKS.,REPLACED GASKET.,EC-0e48eb423d7a05e3,LG-0e48eb423d7a05e3,test
100572,L/H ENG #2 INTAKE LEAKS.,REMOVED & REPLACED GASKET.,EC-8304767157655f10,LG-0e48eb423d7a05e3,test
100573,"ALL ROCKER COVERS, BOTH ENG, SCREWS ARE LOOSE.",TIGHTENED ALL COVER SCREWS.,EC-2765750ce6ee849f,LG-2765750ce6ee849f,train
100574,"#1, 2 & 4 INTAKES LEAKING.",REMOVED & REPLACED INTAKE GASKETS.,EC-4ebbbc48f96e5161,LG-26ffbcbee302311b,test
100575,#2 & 4 ROCKER COVERS LEAKING.,REMOVED & REPLACED ROCKER COVER GASKETS.,EC-faa911573d289bce,LG-608d782c2258dd59,train
100576,L/H REAR ENGINE BAFFLE CRACKED.,STOP DRILLED CRACK.,EC-96080b309852c2bc,LG-ba980fdf0c11c4fb,test
100577,"#2, 3, 4 CYLINDER ROCKER COVER GASKETS LEAKING.",REMOVED & REPLACED ROCKER COVER GASKETS. CLEANED LEAKS.,EC-b1d7c47cd6aae35c,LG-608d782c2258dd59,train
100578,#4 CYL ROCKER DRAIN LINE CLAMP LOOSE & LEAKS NOTED.,SECURED DRAIN CLAMP & TIGHTENING. CLEANED LEAKS IN AREA,EC-cf7d9bd27271bc3d,LG-cf7d9bd27271bc3d,train
100579,BAFFLE BOLT SAFETIES ARE LOOSE ON #1 & 3 CYL.,TIGHTENED SCREWS & RESAFETIED.,EC-58e777841bd59faa,LG-58e777841bd59faa,dev
100580,#1 & 3 INTAKE GASKETS LEAKING.,REMOVED & REPLACED INTAKE GASKETS.,EC-97fdb6629d76028c,LG-4285908bb8f7434c,train
100581,#3 INTAKE GASKET LEAKING.,REMOVED & REPLACED #3 INTAKE GASKET.,EC-12a267bf8b1d91a6,LG-4285908bb8f7434c,train
100582,#4 ROCKER COVER GASKET LEAKING.,REMOVED & REPLACED #4 ROCKER COVER GASKET.,EC-da6ceccf140509ee,LG-608d782c2258dd59,train
100583,#4 INTAKE GASKET LEAKING.,REMOVED & REPLACED INTAKE GASKET W/ NEW.,EC-57acd94dcdde4ef3,LG-4285908bb8f7434c,train
100584,#2 ROCKER COVER GASKET LEAKING.,REMOVED & REPLACED ROCKER COVER W/ NEW.,EC-8828e17d0b33db57,LG-608d782c2258dd59,train
100585,#1 FRONT BAFFLE CRACKED.,STOP DRILLED CRACK.,EC-f8e3931135eed2d1,LG-f8e3931135eed2d1,train
100586,ALL ROCKER COVERS HAVE LOOSE SCREWS.,TIGHTENED ALL SCREWS.,EC-dd43a397ed774b5b,LG-dd43a397ed774b5b,dev
100587,#4 CYLINDER INTAKE TUBE GASKET LEAKING.,REMOVED & REPLACED INTAKE GASKET.,EC-60dfb1df6a6ec68a,LG-4dcd0e6b51932d0b,dev
100588,R/H ENGINE #1 INTAKE IS LEAKING.,REMOVED & REPLACED GASKETS.,EC-f628aa47285b8045,LG-4285908bb8f7434c,train
100589,"ON L/H ENGINE #2, 3 & 4 INTAKES ARE LEAKING.",REMOVED & REPLACED GASKETS.,EC-7720a132d718d947,LG-4285908bb8f7434c,train
100590,#2 INTAKE LEAKING.,REMOVED & REPLACED #2 INTAKE GASKET.,EC-9e293c9950113443,LG-10956cdabbd1e3ce,dev
100591,#4 INDUCTION TUBE GASKET LEAKING.,REMOVED & REPLACED #4 INDUCTION TUBE GASKET.,EC-412b35d40e0953c0,LG-abec8430bec9f461,test
100592,ALL ROCKER COVER SCREWS LOOSE.,TIGHTENED ALL SCREWS.,EC-8e932e00e3e651d7,LG-f40ff9615f91de7f,test
100593,"AT 5500 FT, OAT +7, EXECUTED ENG FAILURE IN FLIGHT & ENGINE","REMOVED & REPLACED #2 INTAKE GASKET, CK'ED PROP ACCUMUL",EC-4a2098d4f7f9b01a,LG-4a2098d4f7f9b01a,dev
100594,"AT 5500 FT, OAT +7, EXECUTED ENG FAILURE IN FLIGHT & ENGINE","STARTED & WARMED R/H ENGINE, OPS CK'ED IDLE RPM, MAG CK",EC-4a2098d4f7f9b01a,LG-4a2098d4f7f9b01a,dev
100595,INDUCTION TUBE HOSE CLAMPS LOOSE (ALL CYLS).,TIGHTENED HOSE CLAMPS.,EC-134da831ec3f7c78,LG-4d3f1a1149d21098,train
100596,#2 INTAKE GASKET LEAKING.,REMOVED & REPLACED #2 INTAKE GASKET.,EC-1fec9b07493816ca,LG-4285908bb8f7434c,train
100597,"MX FLIGHT REQUIRED FOR ENGINE BREAK-IN, PROP RPM & TO CHECK","RAN A/C, DETERMINED TO BE CAUSED BY COLD OIL. C/W LYCOM",EC-a35454e1ceefc484,LG-a35454e1ceefc484,dev
100598,#2 INTAKE LUBE GASKET LEAKING.,"REMOVED & REPLACED INTAKE GASKET, CLEANED AREA OF LEAKS",EC-3a15b7f9faed8933,LG-3a15b7f9faed8933,train
100599,#3 ROCKER COVER GASKET LEAKING.,REMOVED & REPLACED #3 ROCKER COVER GASKET.,EC-cd33c56b9090b89a,LG-608d782c2258dd59,train
100600,#4 INTAKE GASKET LEAKING.,REPLACED GASKET.,EC-57acd94dcdde4ef3,LG-4285908bb8f7434c,train
100601,#3 ROCKER COVER GASKET LEAKING.,REPLACED GASKET.,EC-cd33c56b9090b89a,LG-608d782c2258dd59,train
100602,#4 ROCKER COVER GASKET LEAKING.,REPLACED GASKET.,EC-da6ceccf140509ee,LG-608d782c2258dd59,train
100603,THROTTLE LINKAGE DOG BONE HAS LOOSE BEARING.,REMOVED & REPLACED LINKAGE.,EC-c703856ca9025b9f,LG-c703856ca9025b9f,dev
100604,#1 INTAKE LEAKING.,REMOVED & REPLACED #1 INTAKE GASKET.,EC-3bfb71c5d2c84d08,LG-10956cdabbd1e3ce,dev
100605,L/H #3 INTAKE GASKET LEAKING.,REMOVED & REPLACED GASKET. LEAK CHECK GOOD.,EC-766ac5a58723f13e,LG-4285908bb8f7434c,train
100606,L/H ENG HAS ALL 4 ROCKER GASKETS LEAKING.,"REPLACED GASKETS, LEAK CHECK GOOD.",EC-aba9431a698e3682,LG-aba9431a698e3682,test
100607,"R/H #1, 3 & 4 INTAKE GASKETS ARE LEAKING.","REMOVED & REPLACED GASKETS, LEAK CHECK GOOD.",EC-2646dd40999f376e,LG-4285908bb8f7434c,train
100608,TOP L/H BAFFLE CORNER HAS A CRACK.,STOP DRILLED CRACK.,EC-bfc378d178049cc3,LG-bfc378d178049cc3,dev
100609,CYL #2 ROCKER COVER IS LEAKING.,REPLACED GASKET.,EC-02365a38a391e2ac,LG-608d782c2258dd59,train
100610,#2 & 3 INTAKES LEAKING.,REMOVED & REPLACED #2 & 3 INTAKE GASKETS.,EC-3f86aa9287c92a61,LG-26ffbcbee302311b,test
100611,#4 & 1 ROCKER COVERS LEAKING.,REMOVED & REPLACED ROCKER COVER GASKETS.,EC-46f751a98cd712a9,LG-608d782c2258dd59,train
100612,ROCKER BOX COVER SCREWS LOOSE.,TIGHTENED SCREWS.,EC-672c4039227aa006,LG-f40ff9615f91de7f,test
100613,#2 INDUCTION TUBE GASKET LEAKING.,REPLACED #2 INTAKE GASKET.,EC-abec8430bec9f461,LG-abec8430bec9f461,test
100614,CRACK IN RIGHT FRONT BAFFLE.,STOP DRILLED CRACK.,EC-ce79f60a2ff691d3,LG-ce79f60a2ff691d3,train
100615,ROCKER COVER #2 & 3 LEAKING.,REMOVED & REPLACED #2 & 3 ROCKER COVER GASKETS.,EC-d452e9e04330fde9,LG-608d782c2258dd59,train
100616,#1 & 3 ROCKER COVERS LEAKING.,REMOVED & REPLACED GASKETS.,EC-67b8282817b33e38,LG-608d782c2258dd59,train
100617,#2 CYLINDER HAS A STUCK VALVE.,"CHECKED VALVE GUIDE CLEARANCE, CHECK OK. CLEANED SPARK",EC-c57df4d86ce5e377,LG-c57df4d86ce5e377,train
100618,IDLE RPM IS LOW.,"ADJUSTED IDLE RPM PER  SPECS, OPS CHECK GOOD.",EC-19eafcd31c3ed84a,LG-19eafcd31c3ed84a,train
100619,"ROCKER COVERS #1, 2 & 3 LEAKING.",REMOVED & REPLACED ROCKER COVER GASKETS.,EC-9162a2cde8efb5d8,LG-608d782c2258dd59,train
100620,INDUCTION TUBE HOSE CLAMPS LOOSE (ALL CYLS).,TIGHTENED HOSE CLAMPS.,EC-134da831ec3f7c78,LG-4d3f1a1149d21098,train
100621,R/H REAR ENGINE BAFFLE MOUNTING BRACKET RIVETS BROKEN.,REMOVED & REPLACED BROKEN BAFFLE MOUNTING BRACKET RIVET,EC-ff2b62dd72bf174f,LG-ff2b62dd72bf174f,train
100622,#3 INTAKE LEAKING.,REMOVED & REPLACED #3 INTAKE GASKET.,EC-6f9c95f514a1077a,LG-10956cdabbd1e3ce,dev
100623,ROCKER BOX COVER SCREWS LOOSE.,TIGHTENED SCREWS.,EC-672c4039227aa006,LG-f40ff9615f91de7f,test
100624,#4 INDUCTION TUBE GASKET LEAKING.,REMOVED & REPLACED GASKET.,EC-412b35d40e0953c0,LG-abec8430bec9f461,test
100625,#2 INTAKE GASKET LEAKING.,REMOVED & REPLACED GASKET W/ NEW.,EC-1fec9b07493816ca,LG-4285908bb8f7434c,train
100626,#1 INTAKE IS LEAKING.,REMOVED & REPLACED GASKET.,EC-15bf6e31a0b605cd,LG-10956cdabbd1e3ce,dev
100627,#1 ROCKER GASKET LEAKING.,REPLACED GASKET.,EC-389c6e6cb4f46fe6,LG-608d782c2258dd59,train
100628,#2 & 4 BAFFLE PLUGS HAVE SEVERAL BROKEN PRONGS.,REPLACED BUTTON PLUGS.,EC-fb5e46ae89122653,LG-fb5e46ae89122653,test
100629,#2 INTAKE GASKET LEAKS.,REMOVED & REPLACED GASKET.,EC-373685885e8d1b9f,LG-0e48eb423d7a05e3,test
100630,"ROCKER COVER GASKET, CYL #2, LEAKING.",REMOVED & REPLACED GASKET. CLEANED LEAKS IN AREA.,EC-3dffec8b9cf87084,LG-752f86b56038668f,train
100631,#2 INTAKE LEAKING ON LEFT ENGINE.,REMOVED & REPLACED #2 INTAKE GASKET ON L/H ENGINE.,EC-5e8bc2db267702c7,LG-4285908bb8f7434c,train
100632,"ENGINE BAFFLE CRACKED AT TOP REAR CENTER BRACKET, AT ENGINE",FABRICATED PATCH FROM LIKE MATERIAL & RIVETED IAW ,EC-6fb481d04c027df1,LG-6fb481d04c027df1,dev
100633,#4 INTAKE GASKET IS LEAKING.,REPLACED GASKET.,EC-0489f0dc14177ee4,LG-4285908bb8f7434c,train
100634,#3 & 4 ROCKER GASKETS ARE LEAKING.,REMOVED & REPLACED #3 & 4 ROCKER COVER GASKETS.,EC-9baf1b59c5fdf36d,LG-608d782c2258dd59,train
100635,"R/H ENGINE, L/H FWD BAFFLE SCREW MISSING.",INSTALLED NEW SCREW.,EC-0aa6b5b18411bb38,LG-0aa6b5b18411bb38,train
100636,R/H ENGINE #3 INDUCTION TUBE GASKET LEAKING.,REMOVED & REPLACED INTAKE GASKET W/ NEW.,EC-008d0f280e94735d,LG-abec8430bec9f461,test
100637,"L/H ENG, ALT COOLING HOSE CHAFING AGAINST ALT ""BAT"" CABLE.",REPOSITIONED ALTERNATOR COOLING HOSE.,EC-54c1cfee31cd1a92,LG-54c1cfee31cd1a92,dev
100638,FWD L/H BAFFLE IS CRACKED BELOW SHROUD AIR INTAKE.,FABRICATED PATCH OUT OF LIKE MATERIAL & INSTALLED. RIVE,EC-8a6b82427d77500a,LG-8a6b82427d77500a,train
100639,REAR R/H BAFFLE RIVETS MISSING.,"REMOVED BAFFLE, REPLACED RIVETS, REINSTALLED BAFFLE.",EC-60b828b81015912c,LG-60b828b81015912c,train
100640,"R/H ENG, L/H REAR BAFFLE CRACKED.",PREVIOUSLY REPAIRED BY STOP DRILLING CRACK.,EC-ba980fdf0c11c4fb,LG-ba980fdf0c11c4fb,test
100641,R/H ENG #2 & 4 INDUCTION TUBE GASKETS LEAKING.,REMOVED & REPLACED #2 & 4 INTAKE GASKETS.,EC-8a36381c6b18677e,LG-abec8430bec9f461,test
100642,"L/H ENG #2, 3 & 4 INDUCTION TUBE GASKETS LEAKING.","REMOVED & REPLACED INTAKE GASKETS #2, 3 & 4.",EC-2c237780bf27cdaf,LG-abec8430bec9f461,test
100643,"L/H ENG, ALL ROCKER BOX COVER GASKETS LEAKING.","REMOVED & REPLACED #1, 2, 3 & 4 ROCKER COVER GASKETS.",EC-649185299ab54ce1,LG-649185299ab54ce1,train
100644,"ENG BAFFLING CRACKED, R/H SIDE, ABOVE #1 CYLINDER.",CLEANED UP EDGES & INSTALLED.,EC-d192a3fe3670dee5,LG-d192a3fe3670dee5,train
100645,FIREWALL CRACKED BY BATTERY BOX.,"ASSEMBLED, FITTED, PRIMED & PAINTED BRACKET & INSTALLED",EC-8592df151a5d3ac6,LG-8592df151a5d3ac6,train
100646,"ENG BAFFLING CRACKED, R/H SIDE, ABOVE #1 CYLINDER.",FABRICATED NEW R/H BAFFLE W/ LIKE MATERIAL.,EC-d192a3fe3670dee5,LG-d192a3fe3670dee5,train
100647,#2 INTAKE LEAKING.,REMOVED & REPLACED #2 INTAKE GASKET.,EC-9e293c9950113443,LG-10956cdabbd1e3ce,dev
100648,#2 & 4 INTAKE GASKETS LEAKING.,REMOVED & REPLACED GASKETS.,EC-f4c90d93e910c1fa,LG-4285908bb8f7434c,train
100649,#2 & 4 ROCKER GASKETS ARE LEAKING.,REMOVED & REPLACED #2 & 4 GASKETS.,EC-c0b03588cb909a7f,LG-608d782c2258dd59,train
100650,#3 EXHAUST I/B PUSH ROD SEAL IS LEAKING.,REPLACED INNER & OUTER PUSH ROD SEALS ON #3 CYL AS WELL,EC-352053e7147904e0,LG-b60b3becc3dc04e9,train
100651,"INTAKES 2, 3 & 4 LEAKING ON R/H ENGINE.",REMOVED & REPLACED GASKETS.,EC-acfd9a8357993041,LG-4285908bb8f7434c,train
100652,"INTAKES 2, 3 & 4 LEAKING ON L/H ENGINE.",REMOVED & REPLACED INTAKE GASKETS.,EC-f4c4e83928513c1e,LG-4285908bb8f7434c,train
100653,ROCKER COVER 1 & 4 LEAKING ON L/H ENGINE.,REMOVED & REPLACED ROCKER COVER GASKETS.,EC-6a75f725ea6b9a67,LG-608d782c2258dd59,train
100654,#3 ROCKER COVER LEAKING.,REMOVED & REPLACED ROCKER COVER GASKET W/ NEW.,EC-4774d48aa3f463c3,LG-608d782c2258dd59,train
100655,#2 INTAKE LEAKING.,REMOVED & REPLACED #2 INTAKE GASKET.,EC-9e293c9950113443,LG-10956cdabbd1e3ce,dev
100656,#2 & 4 ROCKER COVERS ARE LEAKING.,REMOVED & REPLACED ROCKER COVER GASKETS.,EC-e2fcde699ff41262,LG-608d782c2258dd59,train
100657,#3 CYL AFT BAFFLE IS CRACKED.,STOP DRILLED CRACK.,EC-b032ac499e0f61fe,LG-e3b964f842fc4352,test
100658,#2 & 4 CYL OIL RETURN LINE HOSE CLAMPS LOOSE.,TIGHTENED CLAMPS.,EC-7ec05cf9b7286e7a,LG-79cfb25cb0ed6ab7,train
100659,"MIXTURE LINKAGE LOOSE, MISSING SPRING WASHER.",REPLACED SPRING WASHERS & SAFETIED.,EC-927032f7a2cdc93f,LG-927032f7a2cdc93f,train
100660,#3 ROCKER COVER LEAKING.,REMOVED & REPLACED ROCKER COVER.,EC-4774d48aa3f463c3,LG-608d782c2258dd59,train
100661,#1 FWD BAFFLE IS WORN THROUGH.,FABRICATED NEW SECTION FROM LIKE MATERIAL AS ORIGINAL &,EC-73c02799a841cbf7,LG-73c02799a841cbf7,train
100662,#2 INTAKE GASKET LEAKING.,REMOVED & REPLACED #2 INTAKE GASKET.,EC-1fec9b07493816ca,LG-4285908bb8f7434c,train
100663,R/H BACK BAFFLE SCREW IS MISSING.,INSTALLED NEW SCREW.,EC-e20939c9e35d2c73,LG-05f1a8d2a41b1388,dev
100664,#2 INTAKE GASKET LEAKING.,REMOVED & REPLACED #2 INTAKE GASKET.,EC-1fec9b07493816ca,LG-4285908bb8f7434c,train
100665,#1 & 3 ROCKER COVER GASKETS LEAKING.,REMOVED & REPLACED #1 & 3 ROCKER COVER GASKETS.,EC-dd23761ff6b2026b,LG-608d782c2258dd59,train
100666,"R/H ENGINE #2, 3 INDUCTION IS LEAKING.","REMOVED & REPLACED #2, 3 INDUCTION TUBE GASKET ON R/H E",EC-167ec9d3674a9548,LG-167ec9d3674a9548,train
100667,#3 & 4 ROCKER COVER GASKETS ARE BROKEN.,REMOVED & REPLACED #3 & 4 ROCKER COVER GASKETS.,EC-63ef705f61127b15,LG-077c2249cbac9ba5,train
100668,#3 ROCKER COVER GASKET IS TORN.,REMOVED & REPLACED ROCKER COVER GASKET.,EC-ad96769c4f0e1d52,LG-d4f07a3229c920c8,test
100669,"#1, 3 & 4 ROCKER COVER GASKETS ARE TORN.",REMOVED & REPLACED ROCKER COVER GASKETS.,EC-1b0b6f1b9231cfdd,LG-1b0b6f1b9231cfdd,train
100670,PILOT COULDN'T REMOVE DIPSTICK.,REMOVED DIPSTICK FOR PILOT.,EC-8a4df4b5847bc9bf,LG-8a4df4b5847bc9bf,train
100671,#3 AFT BAFFLE GROMMET TORN.,INSTALLED NEW GROMMET.,EC-e383b9df7bf939c7,LG-e383b9df7bf939c7,train
100672,#3 & 4 ROCKER BOX COVER GASKETS LEAKING.,REMOVED & REPLACED #3 & 4 ROCKER COVER GASKETS.,EC-b7e691dc9ad097ed,LG-608d782c2258dd59,train
100673,#2 & 4 INTAKE GASKETS LEAKING.,REMOVED & REPLACED GASKETS.,EC-f4c90d93e910c1fa,LG-4285908bb8f7434c,train
100674,#1 & 3 INTAKE GASKETS LEAKING.,REMOVED & REPLACED #1 & 3 INTAKE GASKETS W/ NEW.,EC-97fdb6629d76028c,LG-4285908bb8f7434c,train
100675,INTAKES 2 & 4 LEAKING ON R/H ENGINE.,REMOVED & REPLACED INTAKE GASKETS.,EC-97caa6160c52c03f,LG-4285908bb8f7434c,train
100676,"INTAKES 2, 3 & 4 LEAKING ON L/H ENGINE.",REMOVED & REPLACED INTAKE GASKETS.,EC-f4c4e83928513c1e,LG-4285908bb8f7434c,train
100677,ROCKER COVERS 3 & 4 LEAKING ON L/H ENGINE.,REMOVED & REPLACED ROCKER COVER GASKETS.,EC-0caae82241e5a64d,LG-608d782c2258dd59,train
100678,"ROCKER COVERS 1, 2 & 3 LEAKING ON R/H ENGINE.",REMOVED & REPLACED ROCKER COVER GASKETS.,EC-1a83c3e570248e58,LG-608d782c2258dd59,train
100679,R/H ENG #3 & 2 INTAKES LEAK.,REMOVED & REPLACED GASKETS.,EC-8513a116faf21ced,LG-8513a116faf21ced,train
100680,#3 INTAKE IS LEAKING ON L/H ENGINE.,REMOVED & REPLACED GASKET.,EC-219c8ee79f6d7fd6,LG-4285908bb8f7434c,train
100681,#4 ROCKER COVER GASKET LEAKING.,REMOVED & REPLACED ROCKER COVER GASKET.,EC-da6ceccf140509ee,LG-608d782c2258dd59,train
100682,ROCKER BOX COVER SCREWS LOOSE.,TIGHTENED SCREWS.,EC-672c4039227aa006,LG-f40ff9615f91de7f,test
100683,#2 ROCKER BOX COVER GASKET LEAKS.,REMOVED & REPLACED #2 COVER GASKET.,EC-5766693b132f3a1e,LG-a95a51a28f245627,test
100684,#1 & 3 CYLINDER LOWER BAFFLE IS CRACKED.,"REMOVED #1 CYL INTAKE TUBE, REMOVED & REPLACED BAFFLE.",EC-9dfd1210a6946fea,LG-9dfd1210a6946fea,dev
100685,#1 INTAKE TUBE WAS CANNED,"INSTALLED NEW INTAKE TUBE, O-RING & GASKET.",EC-05c8d9d278a080f2,LG-05c8d9d278a080f2,test
100686,L/H #2 INTAKE GASKET LEAKING.,REMOVED & REPLACED #2 INTAKE GASKET W/ NEW.,EC-5d8481ddadcb4d01,LG-4285908bb8f7434c,train
100687,R/H ENG #2 & 3 INTAKES LEAKING.,REMOVED & REPLACED INTAKE GASKETS W/ NEW.,EC-f54c0ea5a6c18d3a,LG-4285908bb8f7434c,train
100688,R/H ENG #3 ROCKER COVER GASKET LEAKING.,REMOVED & REPLACED ROCKER COVER GASKET.,EC-cfb4b96b7abfab1b,LG-608d782c2258dd59,train
100689,R/H ENG #2 CYL ROCKER COVER GASKET IS SPLIT.,REPLACED GASKET.,EC-51ddb9e9c78095f6,LG-51ddb9e9c78095f6,train
100690,R/H ENG #4 INDUCATION TUBE GASKET LEAKING.,REPLACED #4 R/H INTAKE TUBE GASKET.,EC-b99687e56d8b96a4,LG-b99687e56d8b96a4,train
100691,#4 CYLINDER INTAKE TUBE LEAKING.,REMOVED & REPLACED INTAKE GASKET.,EC-3a23187f7df915f5,LG-4dcd0e6b51932d0b,dev
100692,#2 INTAKE IS LEAKING.,REMOVED & REPLACED INTAKE GASKET.,EC-8ec828272e86c6c2,LG-10956cdabbd1e3ce,dev
100693,#1 INTAKE LEAKING.,REPLACED GASKET.,EC-3bfb71c5d2c84d08,LG-10956cdabbd1e3ce,dev
100694,#2 EXHAUST DRY LIFTER CLEARANCE IS TOO TIGHT.,"REMOVED, INSPECTED & DETERMINED TO BE SERVICEABLE PUSH",EC-031812c171a92b5e,LG-031812c171a92b5e,train
100695,#2 EXHAUST LIFTER PLUNGER ASSY CAME APART WHEN CLEANED.,REMOVED PLUNGER ASSY FROM CORE ENGINE,EC-db4d8a514466d631,LG-db4d8a514466d631,dev
100696,ENG RUNS ROUGH ON START. MX HAND SPUN PROP & REPORTED 1 CYL,PERFORMED COMPRESSION CHECK & FOUND #3 EXHAUST VALVE ST,EC-b9bb5e393f9d0920,LG-b9bb5e393f9d0920,train
100697,ENG RUNS ROUGH ON START. MX HAND SPUN PROP & REPORTED 1 CYL,REMOVED & REPLACED #3 CYLINDER IAW LYCOMING O/H MANUAL.,EC-b9bb5e393f9d0920,LG-b9bb5e393f9d0920,train
100698,R/H ENG #3 INDUCTION TUBE GASKET LEAKING.,INSTALLED NEW #3 INDUCTION TUBE GASKET.,EC-a2bb518a59cbbc46,LG-abec8430bec9f461,test
100699,BAFFLE SEAL LOOSE ON LEFT SIDE OF ENGINE.,SECURED BAFFLE SEAL.,EC-c5a3170f4cf0842a,LG-c5a3170f4cf0842a,dev
100700,LEFT DOOR WOULD NOT LATCH.,"ADJUSTED STRIKER PLATE, DOOR. OPS CHECK GOOD.",EC-d01991ba6b57d3fa,LG-d01991ba6b57d3fa,test
100701,CYL #2 INTAKE GASKET LEAKING.,REMOVED & REPLACED INTAKE GASKET.,EC-804e232273da2515,LG-4285908bb8f7434c,train
100702,"INTAKES 2, 3 & 4 LEAKING ON L/H ENGINE.",REPLACED INTAKE GASKETS.,EC-f4c4e83928513c1e,LG-4285908bb8f7434c,train
100703,BAFFLE SEALS NEED TO BE RESECURED ON BOTH ENGINES.,RESECURED BAFFLE SEALS.,EC-63b85bdfab9abb35,LG-63b85bdfab9abb35,train
100704,"INTAKES 2, 3 & 4 LEAKING ON R/H ENGINE.",REMOVED & REPLACED INTAKE GASKETS. CLEANED AREA OF LEAK,EC-acfd9a8357993041,LG-4285908bb8f7434c,train
100705,#2 INTAKE IS LEAKING.,REMOVED & REPLACED GASKET.,EC-8ec828272e86c6c2,LG-10956cdabbd1e3ce,dev
100706,#2 ROCKER COVER IS LEAKING.,REMOVED & REPLACED GASKET.,EC-9f1eed7e562e8bbc,LG-608d782c2258dd59,train
100707,#2 INTAKE LEAKING.,REMOVED & REPLACED #2 INTAKE GASKET.,EC-9e293c9950113443,LG-10956cdabbd1e3ce,dev
100708,R/H SIDE COWL SEAL IS LOOSE.,SECURED SEAL.,EC-079682668a3b9432,LG-079682668a3b9432,train
100709,HARDWARE MISSING ON R/H AFT BAFFLE.,INSTALLED NEW HARDWARE IN AFT R/H BAFFLE.,EC-d1cfe2f1b6df3b27,LG-c4711c42c3146697,train
100710,HARDWARE MISSING ON R/H AFT BAFFLE.,INSTALLED NEW HARDWARE ON BAFFLE.,EC-d1cfe2f1b6df3b27,LG-c4711c42c3146697,train
100711,ENGINE BAFFLE PLUGS BAD.,INSTALLED NEW BAFFLE PLUGS.,EC-9fb4611c60842fea,LG-9fb4611c60842fea,test
100712,#2 ROCKER BOX COVER GASKET LEAKING.,INSTALLED NEW #2 ROCKER BOX COVER GASKET.,EC-685f78d908b88069,LG-608d782c2258dd59,train
100713,"CYL #1 & 3 INTAKES ARE LEAKING, L/H ENG.",REPLACED INTAKE GASKETS.,EC-e49175a006efcae1,LG-e49175a006efcae1,train
100714,R/H ENG CYL #2 INTAKE IS LEAKING.,REPLACED R/H CYL #2 INTAKE GASKET.,EC-0b997a94197c09b3,LG-4285908bb8f7434c,train
100715,"CYL #2 INTAKE IS LEAKING, L/H ENG.",REPLACED CYL #2 L/H INTAKE TUBE GASKET.,EC-f5cabb0b9a0d018b,LG-0222eb60e96e9748,dev
100716,R/H ENG CORNER BRACKET BY PROP CABLE IS CRACKED.,REMOVED & REPLACED BRACKET.,EC-fea5f4a81240f732,LG-fea5f4a81240f732,test
100717,"R/H ENG CYL #2, 3 ROCKER COVERS ARE LEAKING.",REMOVED & REPLACED ROCKER COVER GASKETS.,EC-398f606d7bdd3197,LG-398f606d7bdd3197,train
100718,"RAN ENGINE START CKLIST 3 TIMES, TRIED COLD START CKLIST 2 T","STARTED ENGINE USING NORMAL PROCEDURES, OPS CHECK GOOD.",EC-2c6170135caad57c,LG-2c6170135caad57c,train
100719,CYL #4 INTAKE IS LEAKING.,REMOVED & REPLACED INTAKE GASKET.,EC-907095f0489f2214,LG-4285908bb8f7434c,train
100720,CYL #1/3 BAFFLE SPRING BROKEN.,REPLACED #1/3 BAFFLE SPRING.,EC-c18e4ed084884aea,LG-c18e4ed084884aea,train
100721,REAR R/H BAFFLE BRACKET RIVETS SHEARED.,"REMOVED BAFFLE, REPLACED RIVETS, REINSTALLED BAFFLE.",EC-660e362b55ab0bd8,LG-129791cf3720b6d6,train
100722,#2 INTAKE IS LEAKING.,REMOVED & REPLACED #2 INTAKE GASKET.,EC-8ec828272e86c6c2,LG-10956cdabbd1e3ce,dev
100723,BACK R/H BAFFLE BACK BRACKET RIVET HEAD IS SHEARED OFF.,"REMOVED R/H BACK BAFFLE, INSTALLED BRACKET W/ SCREWS. I",EC-09f2cabb6192fe3a,LG-09f2cabb6192fe3a,test
100724,"SCREW MISSING, AFT BAFFLE BRACKET.",INSTALLED SCREW.,EC-69dbe7d1978df527,LG-69dbe7d1978df527,train
100725,SCREW MISSING ON BAFFLE ABOVE #3 CYL.,INSTALLED SCREW.,EC-68c82ebed6a4824e,LG-68c82ebed6a4824e,test
100726,BAFFLE CRACKED ABOVE #1 CYL.,"REMOVED BAFFLE, STOP DRILLED CRACK. FABRICATED PATCH, P",EC-ab88affdca25a745,LG-ab88affdca25a745,train
100727,REAR BAFFLE PLUGS WORN OUT.,REPLACED BOTH PLUGS W/ NEW.,EC-37e4b0c041f84b98,LG-37e4b0c041f84b98,test
100728,STAND OFF NEEDED FOR FUEL LINE ON TOP OF ENG.,CLAMPED STAND OFF @ PUSH ROD TUBE.,EC-299755ba19ddb437,LG-299755ba19ddb437,dev
100729,R/H BAFFLE MISSING RIVET ON AFT SUPPORT BRACKET.,"REMOVED BAFFLE, REPAIRED BRACKET & STRIPPED OIL COOLER",EC-e32b96b084ab8f82,LG-e32b96b084ab8f82,train
100730,R/H ENG #4 INTAKE GASKET LEAKING.,REPLACED R/H #4 INTAKE GASKET.,EC-ac4b8f77dfdaf87b,LG-4285908bb8f7434c,train
100731,R/H ENG #3 INDUCTION TUBE GASKET LEAKING.,REPLACED R/H #3 INTAKE GASKET.,EC-a2bb518a59cbbc46,LG-abec8430bec9f461,test
100732,L/H ENG #3 INDUCTION TUBE GASKET LEAKING.,"REPLACED INTAKE TUBE GASKET, L/H #3.",EC-ee09750fa6487353,LG-abec8430bec9f461,test
100733,"R/H ENG, L/H FWD BAFFLE & L/H AFT BAFFLE MISSING SCREWS.","REPLACED R/H ENG, L/H FWD & L/H AFT BAFFLE SCREWS.",EC-9776006841d99bcd,LG-9776006841d99bcd,train
100734,CYL #1 INTAKE LEAKS.,REMOVED & REPLACED CYL #1 INTAKE GASKET.,EC-14539522c144183b,LG-0e48eb423d7a05e3,test
100735,"L/H BAFFLE, SPARK PLUG ACCESS PLUG WORN TABS.",REMOVED & REPLACED BROKEN BAFFLE PLUG.,EC-dbe5862163e196a5,LG-dbe5862163e196a5,train
100736,CYL #2 INTAKE IS LEAKING.,REPLACED INTAKE GASKET.,EC-43ae0969db11ee02,LG-4285908bb8f7434c,train
100737,#3 & 4 ROCKER GASKETS ARE LEAKING.,REPLACED GASKETS.,EC-9baf1b59c5fdf36d,LG-608d782c2258dd59,train
100738,A/C WON'T START.,"ATTEMPTED TO START A/C FOR PILOT. BATTERY WAS DEAD, ",EC-a39b9d82638596ed,LG-a39b9d82638596ed,test
100739,A/C WON'T START.,"ATTEMPTED TO START A/C FOR PILOT, BATTERY WAS DEAD. ",EC-a39b9d82638596ed,LG-a39b9d82638596ed,test
100740,A/C WON'T START.,"ATTEMPTED TO START A/C FOR PILOT, BATTERY WAS DEAD. ",EC-a39b9d82638596ed,LG-a39b9d82638596ed,test
100741,A/C WON'T START.,"ATTEMPT TO START A/C FOR PILOT, BATTERY WAS DEAD. LINE",EC-a39b9d82638596ed,LG-a39b9d82638596ed,test
100742,INTAKE 3 & 4 LEAKING ON R/H ENGINE.,REPLACED #3 & 4 R/H INTAKE GASKETS.,EC-9afc360d112c943d,LG-4285908bb8f7434c,train
100743,INTAKES 3 & 4 LEAKING ON L/H ENGINE.,REPLACED L/H ENGINE #3 & 4 INTAKE GASKETS.,EC-fd6a3c499af5e03a,LG-4285908bb8f7434c,train
100744,R/H SIDE ENGINE BAFFLE HARDWARE MISSING.,INSTALLED NEW HARDWARE ON R/H BAFFLE.,EC-e3bc0d71b60ab241,LG-e3bc0d71b60ab241,train
100745,FRONT BAFFLE ON L/H SIDE HAS A CRACK.,STOP DRILLED CRACK.,EC-4fd25c1bd0cf01f7,LG-16c8b7273dd75e3d,train
100746,R/H BACK BAFFLE BRACKET IS MISSING A RIVET & BAFFLE IS CRACK,"FABRICATED PATCH, INSTALLED & RIVETED IAW  SRM 51",EC-6e1353c33b80826e,LG-6e1353c33b80826e,train
100747,#4 CYLINDER INTAKE GASKET LEAKING.,REPLACED CYL #4 INTAKE GASKET.,EC-ea3b3d6613e6a454,LG-4285908bb8f7434c,train
100748,#2 INTAKE GASKET LEAKING.,REMOVED & REPLACED INTAKE GASKET W/ NEW.,EC-1fec9b07493816ca,LG-4285908bb8f7434c,train
100749,L/H #4 AFT BAFFLE CRACKED.,STOP DRILLED CRACK.,EC-43959fa5ed4f1593,LG-e3b964f842fc4352,test
100750,L/H #2 SIDE BAFFLE SEAL TORN.,REMOVED & REPLACED SEAL.,EC-fa441439499731ad,LG-fa441439499731ad,test
100751,L/H #1 SIDE BAFFLE SEAL LOOSE.,REMOVED & REPLACED SEAL.,EC-f1e4c8f4cce524c1,LG-7ef13215ee0e92fd,train
100752,L/H #3 INTAKE GASKET IS LEAKING.,REPLACED INTAKE GASKET.,EC-ddcf060d04884bd6,LG-4285908bb8f7434c,train
100753,L/H ROCKER GASKETS ARE LEAKING.,REPLACED ALL ROCKER GASKETS ON L/H ENGINE.,EC-08e93be74f72b398,LG-608d782c2258dd59,train
100754,L/H #1 INTAKE I/B PUSH ROD TUBE SEAL IS LEAKING.,REPLACED PUSH ROD SEALS ON #1 INTAKE TUBE.,EC-f27df0dce97796c7,LG-f27df0dce97796c7,train
100755,ROCKER BOX COVER SCREW LOOSE ON ALL CYLS.,TIGHTENED ROCKER BOX COVER SCREWS.,EC-d084b3cd8a286086,LG-d084b3cd8a286086,test
100756,"#2, 3 & 4 INDUCTION TUBE GASKETS LEAKING.",INSTALLED NEW INDUCTION TUBE GASKETS.,EC-b321c5c3d90b799d,LG-abec8430bec9f461,test
100757,INTAKE GASKET CYL #3 & 4 LEAKING.,REMOVED & REPLACED INTAKE GASKETS.,EC-d8237d913c816e14,LG-4285908bb8f7434c,train
100758,#4 INDUCTION TUBE GASKET LEAKING.,REPLACED GASKET.,EC-412b35d40e0953c0,LG-abec8430bec9f461,test
100759,ENGINE BAFFLES NEED NEW BUTTON PLUGS.,REPLACED BUTTON PLUGS.,EC-19d706c8e802bcac,LG-19d706c8e802bcac,train
100760,R/H ENG CYL #1 INTAKE LEAKING.,REMOVED & REPLACED INTAKE GASKET W/ NEW.,EC-366f321edce7ff2c,LG-4285908bb8f7434c,train
100761,CYL #3 INTAKE IS LEAKING ON L/H ENG.,REMOVED & REPLACED INTAKE GASKET W/ NEW.,EC-1c332b66fffed7af,LG-4285908bb8f7434c,train
100762,"CLIMB OUT 1 OR BOTH ENGINES RAN VERY ROUGH, TRIED LEANING &","INSPECTED L/H & R/H ENGINES, NO DEFECTS NOTED. RAN ENGI",EC-4bf3d85046ed8c75,LG-4bf3d85046ed8c75,train
100763,INTAKES 2 & 4 LEAKING.,REMOVED & REPLACED INTAKE GASKETS.,EC-b01ae2cf593b712b,LG-26ffbcbee302311b,test
100764,FWD ENGINE HOIST LOOP BOLT IS LOOSE.,"REMOVED, CLEANED, SEALED, INSTALLED & TORQUED BOLT W/ N",EC-d96d82f4b3338ee0,LG-d96d82f4b3338ee0,train
100765,CYL #2 INTAKE GASKET LEAKING.,REPLACED CYL #2 INTAKE GASKET.,EC-804e232273da2515,LG-4285908bb8f7434c,train
100766,"CYL #1, 2, 3 & 4 ROCKER COVER GASKETS LEAKING.",REPLACED ROCKER COVER GASKETS.,EC-39882b7c741fb50e,LG-608d782c2258dd59,train
100767,OIL COOLER NEEDS TO BE REPLACED.,REMOVED & REPLACED OIL COOLER,EC-67c39c9e96008565,LG-67c39c9e96008565,train
100768,#2 INDUCTION TUBE HOSE CLAMP BROKEN.,REMOVED & REPLACED CLAMP.,EC-1e248fd031358927,LG-1e248fd031358927,train
100769,CYL #2 & 4 ROCKER COVER GASKETS LEAKING.,TIGHTENED ROCKER COVER SCREWS.,EC-addeeace840e72b1,LG-608d782c2258dd59,train
100770,R/H ENG #3 INDUCTION TUBE GASKET LEAKING.,REMOVED & REPLACED INTAKE GASKET.,EC-a2bb518a59cbbc46,LG-abec8430bec9f461,test
100771,#3 INTAKE I/B TO ENGINE THREAD STRIPPED.,"DRILLED STRIPPED HOLE, TAPPED & INSERTED HELICOIL.",EC-ef46121945f1b2dd,LG-ef46121945f1b2dd,test
100772,L/H ENG #3 INDUCTION TUBE GASKET LEAKING.,"REMOVED & REPLACED GASKET. RAN A/C, LEAK CHECK GOOD.",EC-ee09750fa6487353,LG-abec8430bec9f461,test
100773,#2 INTAKE IS LEAKING.,REMOVED & REPLACED #2 INTAKE GASKET.,EC-8ec828272e86c6c2,LG-10956cdabbd1e3ce,dev
100774,#1 CYL INTAKE GASKET IS LEAKING.,REPLACED GASKET.,EC-5ebfe41f0dfa2132,LG-4285908bb8f7434c,train
100775,#3 CYL ROCKER GASKET IS LEAKING.,REPLACED GASKET.,EC-ef74bda7fed4b5c0,LG-608d782c2258dd59,train
100776,R/H BAFFLE SPRING BROKEN.,REMOVED & REPLACED BAFFLE SPRING W/ NEW.,EC-97227a4b0fdb2f5e,LG-f714f46f4da8f6fa,train
100777,AFT BAFFLE BRACKET RIVETS PULLING THROUGH.,"REMOVED BAFFLE FROM A/C, REMOVED & REPLACED LOOSE RIVET",EC-d984a8060bf48df1,LG-d984a8060bf48df1,train
100778,ENGINE TOP SPINE IS LEAKING.,LEAK CHECK GOOD.,EC-acdf1da828791092,LG-acdf1da828791092,train
100779,ENGINE TOP SPINE IS LEAKING.,"REMOVED BOLT, CLEANED, REINSTALLED BOLT & TORQUED TO SP",EC-acdf1da828791092,LG-acdf1da828791092,train
100780,ALL ROCKER COVERS NEED TIGHTENING.,TIGHTENED ALL COVERS.,EC-edb64c89efcbd7bc,LG-edb64c89efcbd7bc,train
100781,#3 ROCKER COVER GASKET LEAKING.,REMOVED & REPLACED GASKET.,EC-cd33c56b9090b89a,LG-608d782c2258dd59,train
100782,L/H ENGINE #2 INTAKE LEAKING.,REMOVED & REPLACED INTAKE GASKET.,EC-1082d2177c428e9b,LG-4285908bb8f7434c,train
100783,R/H ENGINE #2 INTAKE LEAKING.,REMOVED & REPLACED INTAKE GASKET.,EC-4077c6dcabaec98a,LG-4285908bb8f7434c,train
100784,CYL #1 BAFFLE IS CRACKED.,STOP DRILLED CRACK.,EC-eb0018eed9c8ceb0,LG-e3b964f842fc4352,test
100785,R/H AFT ENGINE BAFFLE CRACKED.,"REMOVED R/H AFT ENG BAFFLE, STOP DRILLED CRACK, FABRICA",EC-64a4cee8ce50303f,LG-e3b964f842fc4352,test
100786,OVERBOARD BATTERY & ENGINE OVERBOARD VENT TUBES CHAFED.,REMOVED DAMAGED PORTION OF TUBES.,EC-04f4c2a1226862ad,LG-04f4c2a1226862ad,dev
100787,ALL ROCKER COVER SCREWS LOOSE.,TIGHTENED SCREWS.,EC-8e932e00e3e651d7,LG-f40ff9615f91de7f,test
100788,L/H ENGINE #3 ROCKER SHAFT PLUG WORN.,REPLACED PLUGS.,EC-92a9169b87feb87d,LG-92a9169b87feb87d,dev
100789,R/H ENG #3 INTAKE IS LEAKING.,REMOVED & REPLACED INTAKE GASKET.,EC-2c45d54fef43ee4a,LG-4285908bb8f7434c,train
100790,L/H ENG #3 ROCKER COVER GASKET LEAKING.,REMOVED & REPLACED GASKET.,EC-bcf4d59f99a75702,LG-608d782c2258dd59,train
100791,CYL #2 INTAKE IS LEAKING.,REMOVED & REPLACED INTAKE GASKET W/ NEW.,EC-43ae0969db11ee02,LG-4285908bb8f7434c,train
100792,CYL #2 INTAKE VALVE PUSH ROD I/B SEAL IS LEAKING.,LEAK CHECK GOOD.,EC-175128d7c5841d72,LG-175128d7c5841d72,train
100793,L/H AFT BAFFLE CRACKED PAST STOP DRILL.,"REMOVED OLD PATCH, STOP DRILLED CRACK. FABRICATED PATCH",EC-f2178928e3251def,LG-f2178928e3251def,train
100794,CYL #2 INTAKE VALVE PUSH ROD I/B SEAL IS LEAKING.,"ROTATED PUSH ROD TUBE TO RESEAT SEAL, TORQUED STUD NUT.",EC-175128d7c5841d72,LG-175128d7c5841d72,train
100795,#2 INTAKE GASKET LEAKING.,REMOVED & REPLACED GASKET.,EC-1fec9b07493816ca,LG-4285908bb8f7434c,train
100796,#4 VALVE COVER GASKET LEAKING.,REMOVED & REPLACED GASKET W/ NEW.,EC-5bb9b5cfdf58df0a,LG-5bb9b5cfdf58df0a,dev
100797,ALL ROCKER COVERS ON BOTH ENG SCREWS LOOSE.,TIGHTENED ALL SCREWS.,EC-4728a1699988483a,LG-4728a1699988483a,train
100798,#2 ROCKER COVER LEAKING.,REMOVED & REPLACED GASKET W/ NEW.,EC-c85bc86f75e7cd5b,LG-608d782c2258dd59,train
100799,#2 INTAKE GASKET LEAKING.,REMOVED & REPLACED GASKET W/ NEW.,EC-1fec9b07493816ca,LG-4285908bb8f7434c,train
100800,"#2, 3 & 4 INDUCTION TUBE GASKETS LEAKING.",INSTALLED NEW INDICATION TUBE GASKETS.,EC-b321c5c3d90b799d,LG-abec8430bec9f461,test
100801,CYL #2 & 3 ROCKER COVER GASKETS LEAKING.,REPLACED CYL #2 & 3 ROCKER COVER GASKETS.,EC-4b07888e785acd85,LG-608d782c2258dd59,train
100802,L/H REAR ENGINE BAFFLE CRACKED.,FABRICATED PATCH OF LIKE MATERIAL & RIVETED IAW ,EC-96080b309852c2bc,LG-ba980fdf0c11c4fb,test
100803,ALL EGT WIRE PROBE STANDOFFS ARE BROKEN.,REMOVED & REPLACED STANDOFFS.,EC-dd09e595a80cf41a,LG-dd09e595a80cf41a,train
100804,CYL #4 INTAKE IS LEAKING.,REMOVED & REPLACED GASKET.,EC-907095f0489f2214,LG-4285908bb8f7434c,train
100805,CYL #3 INTAKE GASKET LEAKING.,REPLACED CYL #3 INTAKE GASKET.,EC-90da9829b3de9305,LG-4285908bb8f7434c,train
100806,FRONT ENGINE BAFFLE SCREWS CHAFING MUFFLER SHROUD.,INSTALLED PROPER LENGTH SCREWS.,EC-b2af566747f5d596,LG-b2af566747f5d596,train
100807,LOWER OIL COOLER LINE NEEDS TO BE REPOSITIONED.,"LOOSENED LINE, REPOSITIONED LINE & RETIGHTENED. LEAK CH",EC-5756cc3c08e7f7f9,LG-5756cc3c08e7f7f9,train
100808,CYL #2 INTAKE GASKET LEAKING.,REPLACED CYL #2 INTAKE GASKET.,EC-804e232273da2515,LG-4285908bb8f7434c,train
100809,#3 ROCKER COVER IS LEAKING.,REMOVED & REPLACED #3 ROCKER GASKET.,EC-a0b3e63ece653165,LG-608d782c2258dd59,train
100810,CYL #4 ROCKER COVER GASKET LEAKING.,REMOVED & REPLACED COVER GASKET.,EC-f020a54e126a5ae6,LG-608d782c2258dd59,train
100811,REAR R/H ENGINE BAFFLE MOUNT BRACKET RIVETS SHEARED.,"DRILLED OUT SHEARED RIVET, INSTALLED NEW, REPAIR DONE I",EC-f59ed5dd150f31b4,LG-129791cf3720b6d6,train
100812,SLIGHT POWER LOSS ON TAKE OFF,"COMPLETED DIFFERENTIAL COMPRESSION TEST (#1-76, #2-75,",EC-28a4c7d1d035f5e7,LG-28a4c7d1d035f5e7,train
100813,SLIGHT POWER LOSS ON TAKE OFF,FOR BILLING PURPOSES ONLY,EC-28a4c7d1d035f5e7,LG-28a4c7d1d035f5e7,train
100814,#2 INTAKE LEAKING.,REMOVED & REPLACED #2 INTAKE GASKET.,EC-9e293c9950113443,LG-10956cdabbd1e3ce,dev
100815,R/H BAFFLE #3 CYLINDER NEEDS BAFFLE SCREW.,INSTALLED NEW FASTENER ON BAFFLE.,EC-0021788e3ef4b91c,LG-0021788e3ef4b91c,train
100816,#2 CYLINDER INTAKE GASKET LEAKING.,REMOVED & REPLACED INTAKE GASKET. CLEANED EXISTING LEAK,EC-cc41856dc2df8c7c,LG-4285908bb8f7434c,train
100817,#3 & 4 CYLINDER ROCKER COVER GASKETS LEAKING.,"REMOVED & REPLACED ROCKER COVER GASKETS, CLEANED AREA O",EC-e001b9f61f8a4c91,LG-608d782c2258dd59,train
100818,L/H REAR ENGINE BAFFLE CRACKED.,STOP DRILLED CRACK.,EC-96080b309852c2bc,LG-ba980fdf0c11c4fb,test
100819,#2 INDUCTION TUBE GASKET LEAKING.,INSTALLED NEW #2 INDUCTION TUBE GASKET.,EC-abec8430bec9f461,LG-abec8430bec9f461,test
100820,#2 CYLINDER ROCKER COVER GASKET LEAKING.,REMOVED & REPLACED ROCKER COVER GASKET. CLEARED INITIAL,EC-a8ddc92dbdb74855,LG-608d782c2258dd59,train
100821,#2 INTAKE IS LEAKING.,REMOVED & REPLACED INTAKE GASKET.,EC-8ec828272e86c6c2,LG-10956cdabbd1e3ce,dev
100822,#1 ROCKER COVER IS LEAKING.,REMOVED & REPLACED ROCKER COVER GASKETS.,EC-979a2371e346f510,LG-608d782c2258dd59,train
100823,TOP & BOTTOM RUDDER COVERS ARE CRACKED.,STOP DRILLED CRACKS & FILLED W/ 2 PART EPOXY.,EC-eb8be85cdfc2e1bc,LG-eb8be85cdfc2e1bc,train
100824,#4 INDUCTION TUBE GASKET LEAKING.,REMOVED & REPLACED CYL #4 INTAKE TUBE GASKET.,EC-412b35d40e0953c0,LG-abec8430bec9f461,test
100825,"FRONT BAFFLE BY INTAKE HEAT, AROUND MUFFLER SHROUD, IS CRACK",REMOVED MUFFLER TO GAIN ACCESS. BEGAN FABRICATING PATCH,EC-7b8d5d153e23c4e8,LG-7b8d5d153e23c4e8,train
100826,CYL #2 ROCKER COVER IS LEAKING.,REPLACED ROCKER COVER GASKET.,EC-02365a38a391e2ac,LG-608d782c2258dd59,train
100827,FWD BAFFLE CENTER SECTION IS WORN THROUGH.,REMOVED WORN SECTION OF BAFFLE. FABRICATED NEW SECTION,EC-494b873af6916be9,LG-494b873af6916be9,train
100828,L/H ENGINE #2 INTAKE IS LEAKING.,REMOVED & REPLACED INTAKE GASKET.,EC-b6cb5a158bc86aa4,LG-4285908bb8f7434c,train
100829,L/H ENGINE #3 INTAKE GASKET LEAKING.,REMOVED & REPLACED L/H ENG #3 INTAKE GASKET.,EC-4a213823dfb59c5b,LG-4285908bb8f7434c,train
100830,"L/H ENGINE #2, 3 ROCKER COVERS ARE LEAKING.",REMOVED & REPLACED ROCKER COVER GASKETS.,EC-549c0a9191a9cfe7,LG-608d782c2258dd59,train
100831,"#3 ROCKER COVER, ROCKER SHAFT PLUGS ARE BROKEN.",REMOVED & REPLACED ROCKER SHAFT PLUGS.,EC-d5b21813471c1cfb,LG-d5b21813471c1cfb,train
100832,CYL #2 INTAKE IS LEAKING.,REPLACED INTAKE GASKET.,EC-43ae0969db11ee02,LG-4285908bb8f7434c,train
100833,CYL #2 & 4 ROCKER COVERS ARE LEAKING.,REPLACED ROCKER COVER GASKET.,EC-e3b2573de78c4683,LG-608d782c2258dd59,train
100834,#2 INTAKE IS LEAKING.,REMOVED & REPLACED GASKET.,EC-8ec828272e86c6c2,LG-10956cdabbd1e3ce,dev
100835,ENGINE IS DIRTY.,WASHED ENGINE.,EC-15dccda7847407ab,LG-15dccda7847407ab,train
100836,#1 & 3 INTAKES ARE LEAKING.,REMOVED & REPLACED INTAKE GASKET.,EC-4dfb7b3a629282b6,LG-26ffbcbee302311b,test
100837,R/H BACK BAFFLE IS MISSING A SCREW.,INSTALLED NEW BAFFLE SCREW.,EC-0c3ce9c92f52dd0b,LG-0c3ce9c92f52dd0b,train
100838,R/H FRONT BAFFLE SEAL RIVET IS BROKEN.,REMOVED RIVET & REPLACED W/ A SCREW.,EC-8d3ee000f0f84668,LG-8d3ee000f0f84668,train
100839,CYL #2 INTAKE PUSH ROD TUBE INNER SEAL IS WEEPING.,LEAK CK GOOD.,EC-d801f3bbd2fd3965,LG-d801f3bbd2fd3965,train
100840,CYL #2 INTAKE PUSH ROD TUBE INNER SEAL IS WEEPING.,ROTATED PUSH ROD TUBE TO RESEAT SEAL.,EC-d801f3bbd2fd3965,LG-d801f3bbd2fd3965,train
100841,FWD BAFFLE IS CRACKED UNDER HEAT SHROUD AIR INTAKE.,"STOP DRILLED CRACKS, FABRICATED PATCH OUT OF LIKE MATER",EC-1256d8184f4c4070,LG-1256d8184f4c4070,train
100842,R/H SIDE OF BAFFLE IS CRACKED.,STOP DRILLED CRACK.,EC-1872826da469170a,LG-13dec33e5f80d531,dev
100843,#4 ROCKER COVER IS LEAKING.,REMOVED & REPLACED ROCKER COVER.,EC-59c5dc8b564981cd,LG-608d782c2258dd59,train
100844,R/H ENGINE ROCKER COVER SCREWS LOOSE.,TIGHTENED SCREWS.,EC-49ec314b7bd8c370,LG-f40ff9615f91de7f,test
100845,R/H ENG CYL #3 INTAKE IS LEAKING.,REMOVED & REPLACED R/H #3 INTAKE GASKET.,EC-9b50eff2842daf19,LG-4285908bb8f7434c,train
100846,"#2, 3 ROCKER COVER GASKETS LEAKING.","REMOVED & REPLACED #2, 3 ROCKER COVER GASKETS. REPLACED",EC-96c73d0cc3c2f995,LG-608d782c2258dd59,train
100847,#2 INTAKE GASKET LEAKING.,REMOVED & REPLACED INTAKE GASKET W/ NEW.,EC-1fec9b07493816ca,LG-4285908bb8f7434c,train
100848,OIL COOLER HOSE REQUIRES REPOSITIONING.,REPOSITIONED & TIGHTENED OIL HOSE.,EC-2caf0f846d766da7,LG-2caf0f846d766da7,test
100849,#1 & 2 ROCKER COVERS MISSING 2 SCREWS.,REPLACED SCREWS.,EC-8ccf00f3d7a9b997,LG-8ccf00f3d7a9b997,train
100850,"#2, 3 & 4 ROCKER COVERS LEAK.",REMOVED & REPLACED ROCKER COVER GASKETS.,EC-4042baf56ac58f84,LG-4042baf56ac58f84,test
100851,L/H BAFFLE O/B TIE ROD IS BROKEN.,REMOVED & REPLACED L/H BAFFLE TIE ROD.,EC-429c5097217a86ee,LG-fd0aefcb606d5f59,train
100852,L/H REAR BAFFLE MOUNT IS LOOSE.,"SECURED HARDWARE, BAFFLE CHECKS GOOD FOR SECURITY.",EC-ab23d330cf7b3f50,LG-fb9e5102af11d7a0,train
100853,ENGINE IDLES VERY IRRATICALLY BELOW 1150 RPM.,TRIED MAKING SEVERAL IDLE MIXTURE ADJUSTMENTS. REPLACED,EC-4ba21e70532cd977,LG-4ba21e70532cd977,train
100854,ENGINE IDLES VERY IRRATICALLY BELOW 1150 RPM.,REPLACED FUEL PUMP. PROBLEM PERSISTED,EC-4ba21e70532cd977,LG-4ba21e70532cd977,train
100855,ENGINE IDLES VERY IRRATICALLY BELOW 1150 RPM.,RETIMED BOTH MAGS. BEGAN REPLACEMENT OF FUEL INJECTOR S,EC-4ba21e70532cd977,LG-4ba21e70532cd977,train
100856,ENGINE IDLES VERY IRRATICALLY BELOW 1150 RPM.,"STARTED ENGINE IN HANGAR, OPS CHECK GOOD AT & BELOW 100",EC-4ba21e70532cd977,LG-4ba21e70532cd977,train
100857,TOP CENTER BAFFEL SCREW IS HITTING MOUNT,INSPECTED & DETERMINED SCRATCH WAS NEGLIGIBLE. BLENDED,EC-637bf4ec51b66630,LG-637bf4ec51b66630,train
100858,R/H ENG #2 & 3 INTAKE GASKETS ARE LEAKING.,INSTALLED NEW GASKETS.,EC-e6e9699950403a0d,LG-4285908bb8f7434c,train
100859,#2 & 3 ROCKER COVER GASKETS LEAKING.,REMOVED & REPLACED #2 & 3 ROCKER COVER GASKETS.,EC-2f07e0763eee3746,LG-608d782c2258dd59,train
100860,#3 BAFFLE IS MISSING SCREW ON BRACKET.,INSTALLED NEW SCREW.,EC-1b9f539921ee9421,LG-1b9f539921ee9421,train
100861,"#2, 3 & 4 ROCKER COVERS ARE LEAKING.",REMOVED & REPLACED ROCKER COVER GASKETS.,EC-af65183e198010f3,LG-608d782c2258dd59,train
100862,#2 INTAKE GASKET LEAKS.,REMOVED & REPLACED INTAKE GASKET.,EC-373685885e8d1b9f,LG-0e48eb423d7a05e3,test
100863,"#1, 3, 4 ROCKER COVER GASKETS LEAKING.",REMOVED & REPLACED ROCKER COVER GASKETS.,EC-c4b3d4783a0dae3a,LG-608d782c2258dd59,train
100864,INTAKE TUBE #2 LEAKING.,REMOVED & REPLACED INTAKE GASKET #2.,EC-4dcd0e6b51932d0b,LG-4dcd0e6b51932d0b,dev
100865,REAR R/H ENGINE BAFFLE BRACKET RIVETS LOOSE.,"REMOVED BAFFLE, INSTALLED NEW BRACKET HARDWARE. REINSTA",EC-d68eda25d76c7294,LG-d68eda25d76c7294,train
100866,#1 INTAKE HAS EVIDENCE OF LEAKING.,REPLACED GASKET.,EC-3e3eb1453f5945e0,LG-3e3eb1453f5945e0,train
100867,#4 INTAKE GASKET IS LEAKING.,REPLACED GASKET.,EC-0489f0dc14177ee4,LG-4285908bb8f7434c,train
100868,CYL #2 & 4 INTAKES ARE LEAKING.,REMOVED & REPLACED INTAKE GASKETS.,EC-5721f1286ba88881,LG-26ffbcbee302311b,test
100869,#2 INDUCTION TUBE GASKET LEAKING.,INSTALLED NEW INDUCTION TUBE GASKET.,EC-abec8430bec9f461,LG-abec8430bec9f461,test
100870,#2 & 1 ROCKER COVERS LEAKING.,REMOVED & REPLACED ROCKER COVER GASKETS W/ NEW.,EC-8c276f5457233fc2,LG-608d782c2258dd59,train
100871,R/H BAFFLE SPRING BROKEN.,REMOVED & REPLACED BAFFLE SPRING W/ NEW.,EC-97227a4b0fdb2f5e,LG-f714f46f4da8f6fa,train
100872,R/H AFT BAFFLE CRACKED.,INSPECTED & FOUND CRACK TO HAVE BEEN PREVIOUSLY REPAIRE,EC-763235792d2900cf,LG-e3b964f842fc4352,test
100873,FELT VIBRATION LIKE STUCK VALVE IN FLIGHT.,STARTED DISASSEMBLY FOR VALVE REAMING.,EC-9cb4166e0d27b4a1,LG-9cb4166e0d27b4a1,test
100874,FELT VIBRATION LIKE STUCK VALVE IN FLIGHT.,FINISHED DISASSEMBLY & BEGAN REAMING EXHAUST VALVES.,EC-9cb4166e0d27b4a1,LG-9cb4166e0d27b4a1,test
100875,FELT VIBRATION LIKE STUCK VALVE IN FLIGHT.,FINISHED REAMING ALL 4 EXHAUST VALVE GUIDES. BEGAN REAS,EC-9cb4166e0d27b4a1,LG-9cb4166e0d27b4a1,test
100876,FELT VIBRATION LIKE STUCK VALVE IN FLIGHT.,"COMPLETED ASSY OF BAFFLES, CLAMPS, FUEL SUPPLY HOSE, OI",EC-9cb4166e0d27b4a1,LG-9cb4166e0d27b4a1,test
100877,#2 INTAKE ON R/H ENGINE LEAKING.,REPLACED GASKET.,EC-8813328f6e57a62d,LG-4285908bb8f7434c,train
100878,#2 & 4 INTAKES LEAKING ON L/H ENGINE.,REMOVED & REPLACED GASKETS.,EC-f6ea10c44311f457,LG-4285908bb8f7434c,train
100879,#2 ROCKER COVER LEAKING ON R/H ENGINE.,REMOVED & REPLACED GASKET.,EC-24ebe98149e40304,LG-608d782c2258dd59,train
100880,R/H BAFFLE SPRING BROKEN.,REMOVED & REPLACED BAFFLE SPRING W/ NEW.,EC-97227a4b0fdb2f5e,LG-f714f46f4da8f6fa,train
100881,AFT BAFFLE BRACKET MISSING RIVETS.,INSTALLED NEW RIVETS IN BRACKET IAW  STRUCTURAL R,EC-3a81f6c077c99dad,LG-3a81f6c077c99dad,train
100882,L/H ENG CYL #2 INTAKE IS LEAKING.,REPLACED INTAKE GASKET.,EC-059012fd036a4d1b,LG-4285908bb8f7434c,train
100883,R/H ENG #3 CYL INTAKE IS LEAKING.,REPLACED INTAKE GASKET.,EC-0e6ba6a480c0c87a,LG-4285908bb8f7434c,train
100884,L/H ENG #4 INTAKE TUBE GASKET LEAKING.,REPLACED INTAKE GASKET.,EC-074028fd820f81b8,LG-ae9ab1f2ace76196,train
100885,R/H ENG CYL #1 PRIMER LINE SLEEVE IS TORN.,REPLACED TORN PRIMER LINE SLEEVE.,EC-89ae40f66a0a7cfc,LG-89ae40f66a0a7cfc,test
100886,R/H ENGINE #2 INTAKE IS LEAKING.,REMOVED & REPLACED GASKET.,EC-46b590e39d661fd5,LG-4285908bb8f7434c,train
100887,L/H ENGINE #2 INTAKE IS LEAKING.,REMOVED & REPLACED #2 INTAKE GASKET.,EC-b6cb5a158bc86aa4,LG-4285908bb8f7434c,train
100888,R/H ENGINE BAFFLE SEAL UNDER PROP GOVERNOR IS LOOSE.,RESECURED BAFFLE SEAL.,EC-36f60c9c6ebb5842,LG-36f60c9c6ebb5842,train
100889,L/H ENGINE #2 ROCKER COVER IS LEAKING.,REMOVED & REPLACED L/H ENGINE #2 ROCKER COVER GASKET.,EC-0e58d663f5b56e32,LG-608d782c2258dd59,train
100890,"SCREW MISSING, L/H AFT BAFFLING, ON ENG (BEHIND DIPSTICK TUB",INSTALLED SCREW.,EC-dab04a68463f0eed,LG-dab04a68463f0eed,train
100891,#2 EGT READ HIGH 100 - 150 DEGREES ABOVE OTHER CYLS.,REMOVED OBSTRUCTION FROM #2 CYL INJECTOR NOZZLE. REINST,EC-707c2127f18447fc,LG-707c2127f18447fc,test
100892,"L/H ENGINE, L/H MAGNETO HAD DROP OF 300 RPM ON RUN UP. LEANE","RAN UP A/C, LEANED MIXTURE TO CLEAR FOULED PLUG. MAG DR",EC-a8d7c58acea073ff,LG-a8d7c58acea073ff,train
100893,"LEAKING INTAKE GASKETS, CYL #2 & 3.",REMOVED & REPLACED INTAKE GASKETS.,EC-68179bb9dd72f59e,LG-68179bb9dd72f59e,train
100894,#2 & 1 ROCKER COVERS ARE LEAKING.,REOMVED & REPLACED ROCKER GASKETS.,EC-7c04793a3576ff4d,LG-608d782c2258dd59,train
100895,"R/H ENGINE, L/H SIDE FWD COWL SEAL IS LOOSE.",SECURED SEAL.,EC-d1edca0eb2bc1036,LG-d1edca0eb2bc1036,train
100896,L/H ENGINE #3 & 4 ROCKER COVERS ARE LEAKING.,REMOVED & REPLACED L/H ENGINE #3 & 4 ROCKER COVER GASKE,EC-30e5b671692dc48f,LG-608d782c2258dd59,train
100897,R/H ENGINE #3 & 4 ROCKER COVERS ARE LEAKING.,REMOVED & REPLACED R/H ENGINE #3 & 4 ROCKER COVER GASKE,EC-53e0edf02d77ee3c,LG-608d782c2258dd59,train
100898,CYL #2 & 4 INTAKE GASKETS LEAKING.,REMOVED & REPLACED GASKETS.,EC-bd8cabd4b1787e44,LG-4285908bb8f7434c,train
100899,CYL #3 ROCKER COVER GASKET LEAKING.,REMOVED & REPLACED GASKET.,EC-9a32386e03c73ec9,LG-608d782c2258dd59,train
100900,#1 & 2 ROCKER COVERS LEAKING.,REMOVED & REPLACED 1 & 2 ROCKER COVER GASKETS.,EC-219cf808c14f3f36,LG-608d782c2258dd59,train
100901,CYL #1 INTAKE IS LEAKING.,REPLACED GASKET.,EC-0d581926b8ed52fa,LG-4285908bb8f7434c,train
100902,R/H FWD BAFFLE SEAL NEEDS TO BE SECURED.,"REPLACED BAFFLE SEAL, FOUND UNSERVICEABLE.",EC-926809e77f78497c,LG-7f2bc0b62c756875,train
100903,BACK L/H BAFFLE HAS A CRACK.,STOP DRILLED CRACK.,EC-312ba7d5efecd756,LG-312ba7d5efecd756,train
100904,#2 INTAKE IS LEAKING.,REMOVED & REPLACED INTAKE GASKET.,EC-8ec828272e86c6c2,LG-10956cdabbd1e3ce,dev
100905,#2 ROCKER COVER LEAKING.,REMOVED & REPLACED #2 ROCKER COVER GASKET.,EC-c85bc86f75e7cd5b,LG-608d782c2258dd59,train
100906,#4 INTAKE LEAKING.,REMOVED & REPLACED #4 INTAKE GASKET.,EC-66d79f80174da74e,LG-10956cdabbd1e3ce,dev
100907,#4 ROCKER COVER LEAKING.,REMOVED & REPLACED #4 ROCKER COVER GASKET.,EC-fbe922c5be2d1674,LG-608d782c2258dd59,train
100908,TEST FLIGHT NEEDED FOR UNUSUAL VIBRATION.,FOR TEST FLIGHT.,EC-70c290fe67e0698b,LG-70c290fe67e0698b,dev
100909,TEST FLIGHT NEEDED FOR UNUSUAL VIBRATION.,"REMOVED, CLEANED & INSTALLED #1 & 3 FUEL INJ NOZZLES.",EC-70c290fe67e0698b,LG-70c290fe67e0698b,dev
100910,TEST FLIGHT NEEDED FOR UNUSUAL VIBRATION.,"REMOVED SPARK PLUGS, LEADS, SIDE BAFFLES, LOWER COUPLIN",EC-70c290fe67e0698b,LG-70c290fe67e0698b,dev
100911,TEST FLIGHT NEEDED FOR UNUSUAL VIBRATION.,"REMOVED, CLEANED, REINSTALLED #2, 4 FUEL INJ NOZZLES. O",EC-70c290fe67e0698b,LG-70c290fe67e0698b,dev
100912,CYL #2 INTAKE IS LEAKING.,REMOVED & REPLACED GASKET W/ NEW.,EC-43ae0969db11ee02,LG-4285908bb8f7434c,train
100913,NO COMPRESSION ON #4 CYLINDER.,"RAN UP A/C 2ND TIME, COMPRESSIONS ABOUT 20 PSI.",EC-73ab4c2cfa7802c7,LG-73ab4c2cfa7802c7,train
100914,NO COMPRESSION ON #4 CYLINDER.,STAKED VALVES. COMPRESSION ROSE TO 76/80 AFTER STAKING,EC-73ab4c2cfa7802c7,LG-73ab4c2cfa7802c7,train
100915,CYL #1 EXT VALVE IS STICKING (40/80).,ATTEMPTED TO STAKE VALVE BUT COMPRESSION REMAINS AT 40/,EC-109a3f1076561fe2,LG-109a3f1076561fe2,train
100916,CYL #1 EXT VALVE IS STICKING (40/80).,"RAN A/C, COMPRESSIONS REMAINS LOW. DISASSEMBLED AS REQU",EC-109a3f1076561fe2,LG-109a3f1076561fe2,train
100917,CYL #1 EXT VALVE IS STICKING (40/80).,COMPLETED CYLINDER INSTALLATION IAW LYCOMING OVERHAUL M,EC-109a3f1076561fe2,LG-109a3f1076561fe2,train
100918,#3 CYL BAFFLE BRACKET RIVETS ARE LOOSE ON BACK SIDE OF BAFFL,"REMOVED BAFFLE, REINSTALLED BRACKET. REINSTALLED BAFFLE",EC-65f8eb4619a1c2b2,LG-65f8eb4619a1c2b2,train
100919,CYL #3 ROCKER COVER GASKET LEAKING.,REMOVED & REPLACED ROCKER COVER GASKET. CLEANED LEAKS.,EC-9a32386e03c73ec9,LG-608d782c2258dd59,train
100920,FRONT RUBBER BAFFLE CHAFING ON STARTER GROUND WIRE.,"REMOVED RUBBER BAFFLE, TRIMMED AS NECESSARY & REINSTALL",EC-1d078281fffb401e,LG-1d078281fffb401e,train
100921,OVERSPEED OF 3300 IN FLT.,"COMPRESSIONS: #1-79, #2-74, #3-77, #4-73. C/W REQUIREME",EC-cd4c201c787152b7,LG-cd4c201c787152b7,dev
100922,"#2, 4 ROCKER COVER GASKETS LEAKING.","REMOVED & REPLACED #2, 4 ROCKER COVER GASKETS.",EC-a375a9522e708189,LG-608d782c2258dd59,train
100923,L/H ENGINE #4 INTAKE LEAKING.,REPLACED GASKET.,EC-521eaa9c30bc1196,LG-4285908bb8f7434c,train
100924,L/H ENGINE #4 ROCKER COVER LEAKING.,REPLACED GASKET.,EC-d5ec827a21e072f7,LG-608d782c2258dd59,train
100925,R/H ENGINE #4 INTAKE LEAKING.,REMOVED & REPLACED #4 INTAKE GASKET ON R/H ENGINE.,EC-798449f30c7ba5f0,LG-4285908bb8f7434c,train
100926,R/H ENGINE IGNITION LEAD LACING CORE BROKEN TO OIL RIGGED LI,REMOVED DAMAGED LACING CORD.,EC-79c5d9e9d5d1c5ce,LG-79c5d9e9d5d1c5ce,train
100927,CYL #2 INTAKE IS LEAKING.,REPLACED INTAKE GASKET.,EC-43ae0969db11ee02,LG-4285908bb8f7434c,train
100928,CYL #2 INTAKE GASKET LEAKING.,REMOVED & REPLACED GASKET W/ NEW.,EC-804e232273da2515,LG-4285908bb8f7434c,train
100929,RING GEAR TEETH APPEAR TO BE DAMAGED.,DRESSED RING GEAR TEETH.,EC-4d75965fcccdd4e3,LG-4d75965fcccdd4e3,dev
100930,"CYL #4, 1 ROCKER COVER GASKET LEAKING.","REMOVED & REPLACED CYL #1, 4 ROCKER COVER GASKETS.",EC-14f12b0e42697a3f,LG-608d782c2258dd59,train
100931,#2 CYL INTAKE GASKET LEAKING.,REMOVED & REPLACED GASKET.,EC-cc41856dc2df8c7c,LG-4285908bb8f7434c,train
100932,ROCKER COVER FOR CYL #2 IS LEAKING.,REMOVED & REPLACED ROCKER COVER GASKET.,EC-3c1ea36993b60aec,LG-608d782c2258dd59,train
100933,#3 INTAKE GASKET LEAKING.,REMOVED & REPLACED #3 INTAKE GASKET.,EC-12a267bf8b1d91a6,LG-4285908bb8f7434c,train
100934,#4 ROCKER COVER GASKET LEAKING.,REMOVED & REPLACED #4 ROCKER COVER GASKET.,EC-da6ceccf140509ee,LG-608d782c2258dd59,train
100935,"REAR BAFFLE MOUNT SCREW IS LOOSE, BEHIND DIPSTICK TUBE.","REMOVED DIPSTICK TUBE TO GAIN ACCESS. REMOVED SCREW, IN",EC-721be56dcef2b618,LG-721be56dcef2b618,train
100936,#2 CYLILNDER ROCKER COVER LEAKING.,REMOVED & REPLACED GASKET.,EC-0e25e578cf5346c0,LG-0e25e578cf5346c0,train
100937,#2 CYLINDER INTAKE GASKET LEAKING.,REMOVED & REPLACED GASKET.,EC-cc41856dc2df8c7c,LG-4285908bb8f7434c,train
100938,#3 ROCKER COVER LEAKING.,REMOVED & REPLACED #3 ROCKER COVER GASKET.,EC-4774d48aa3f463c3,LG-608d782c2258dd59,train
100939,FRONT R/H BAFFLE SEAL IS NOT ATTACHED.,FOUND SEAL TORN. REMOVED & REPLACED BAFFLE SEAL.,EC-6bda5b9193060b57,LG-6bda5b9193060b57,train
100940,ENGINE RAN ROUGH. AFTER RPM'S WERE STAB,"PERFORMED GROUND RUN, OPS CHECKED GOOD. DECOWLED, REMOV",EC-3d747e3ea118858f,LG-3d747e3ea118858f,dev
100941,ENGINE RAN ROUGH. AFTER RPM'S WERE STAB,REMOVED & REPLACED #4 PISTON & CYL ASSY IAW LYCOMING DI,EC-3d747e3ea118858f,LG-3d747e3ea118858f,dev
100942,ENGINE RAN ROUGH. AFTER RPM'S WERE STAB,"RAN UP A/C, OPS & LEAK CHECK GOOD. ",EC-3d747e3ea118858f,LG-3d747e3ea118858f,dev
100943,SCREW MISSING BEHIND #3 BAFFLE.,REPLACED SCREW.,EC-52d47b2a65c3b31c,LG-52d47b2a65c3b31c,train
100944,"#2, 4 INTAKES LEAKING.",REMOVED & REPLACED INTAKE GASKETS.,EC-26ffbcbee302311b,LG-26ffbcbee302311b,test
100945,FWD R/H BAFFLE SEAL IS TORN.,REMOVED & REPLACED BAFFLE SEAL.,EC-5cb6c0f3691cc79b,LG-3ba1e9db59e83dce,train
100946,#3 CYL INTAKE GASKET IS LEAKING.,REMOVED & REPLACED GASKET.,EC-9beff8ab3ed3e52d,LG-4285908bb8f7434c,train
100947,OIL COOLER STAND OFFS NEED ADJUSTMENT.,ADJUSTED OIL COOLER STAND OFFS.,EC-469046353cdfda4b,LG-469046353cdfda4b,train
100948,"ENG L/H SIDE BAFFLE, MIDDLE MOUNT RIVETS ARE LOOSE.",REPLACED LOOSE RIVETS.,EC-5571865acbb64e29,LG-5571865acbb64e29,train
100949,L/H AFT BAFFLE CRACKED PAST STOP DRILL.,"STOP DRILLED CRACK, CRACK WAS PREVIOUSLY PATCHED.",EC-f2178928e3251def,LG-f2178928e3251def,train
100950,"ROCKER COVER GASKETS #2, 3 LEAKING.",REMOVED & REPLACED ROCKER COVER GASKETS.,EC-6061403dbdfe1244,LG-608d782c2258dd59,train
100951,#2 CYL ROCKER COVER GASKET LEAKING.,REMOVED & REPLACED ROCKER COVER GASKET.,EC-a8ddc92dbdb74855,LG-608d782c2258dd59,train
100952,FULL POWER ONLY RESULTS IN 2640 RPM ON L/H ENGINE & 2600 RPM,"RAN UP A/C, COULD NOT DUPLICATE DISCREPANCY. NO DEFECTS",EC-028e6dc5eb54a28d,LG-028e6dc5eb54a28d,train
100953,L/H ENG CYL #4 INTAKE IS LEAKING.,REMOVED & REPLACED GASKET.,EC-8ed4f34ca5e5e27c,LG-4285908bb8f7434c,train
100954,R/H ENG CYL #3 & 4 BAFFLE SEALS NEED TO BE INSTALLED CORRECT,REINSTALLED R/H ENG CYL #3 & 4 BAFFLE SEALS PROPERLY.,EC-3a7202aa959be572,LG-3a7202aa959be572,dev
100955,L/H ENG CYL #4 AFT & #2 SIDE BAFFLE SEAL NEEDS TO BE REATTAC,REINSTALLED L/H ENGINE CYL #4 AFT & 2 SIDE BAFFLE SEALS,EC-1471afd82563c6e6,LG-1471afd82563c6e6,train
100956,#2 ROCKER COVER LEAKING.,REMOVED & REPLACED #2 ROCKER COVER GASKET.,EC-c85bc86f75e7cd5b,LG-608d782c2258dd59,train
100957,AFT R/H BAFFLE SCREW LOOSE.,RESECURED LOOSE BAFFLE SCREW. REMOVED & REPLACED SCREW.,EC-bcebd4348f81f58a,LG-6bb5b0d3262bc63e,dev
100958,#4 ROCKER COVER SCREWS LOOSE.,TIGHTENED ALL ROCKER COVER SCREWS.,EC-07751998f1a50b65,LG-f40ff9615f91de7f,test
100959,#2 INTAKE GASKET IS LEAKING.,REMOVED & REPLACED GASKET.,EC-53f353a420cf4fcc,LG-4285908bb8f7434c,train
100960,#2 CYL ROCKER COVER IS MISSING A SCREW.,INSTALLED NEW SCREW.,EC-5ee79aeba0a4b297,LG-5ee79aeba0a4b297,test
100961,R/H ENGINE #2 ROCKER COVER LEAKING.,REPLACED GASKET.,EC-fc3dcf299781a6c2,LG-608d782c2258dd59,train
100962,L/H ENGINE #4 ROCKER COVER IS LEAKING.,REPLACED GASKET.,EC-c9e494ef95158818,LG-608d782c2258dd59,train
100963,"R/H ENGINE, #2 & 3 INTAKES ARE LEAKING.",REPLACED #2 & 3 GASKETS.,EC-c3a42c221611a67f,LG-4285908bb8f7434c,train
100964,L/H ENGINE #3 & 4 INTAKES ARE LEAKING.,REPLACED GASKETS ON #3 & 4 INTAKES.,EC-84d7736239084216,LG-4285908bb8f7434c,train
100965,R/H ENGINE O/B TOP CENTER BAFFLE SEAL IS LOOSE.,TIGHTENED BAFFLE SEAL W/ POP RIVETS.,EC-54a65d2706a43340,LG-54a65d2706a43340,dev
100966,"L/H ENG, #4 CYL SIDE BAFFLE SEAL IS COMING LOOSE.",RESECURED BAFFLE SEAL.,EC-0f9381ed42065e80,LG-0f9381ed42065e80,train
100967,"R/H ENG, #3 CYL ROCKER COVER GASKET IS LEAKING.",REMOVED & REPLACED GASKET.,EC-5643b7e9a9610fc8,LG-608d782c2258dd59,train
100968,"R/H ENG, #3 CYL INTAKE GASKET IS LEAKING.",REMOVED & REPLACED INTAKE GASKET.,EC-2fa1e708d9dfb7f1,LG-4285908bb8f7434c,train
100969,"R/H ENG #3 CYL SIDE BAFFLE, BOTH BOLTS MISSING.",INSTALLED NEW BOLTS & WASHERS.,EC-469b51ace54e7da7,LG-469b51ace54e7da7,train
100970,R/H REAR BAFFLE MOUNTING SCREW LOOSE.,REMOVED & REPLACED SCREW.,EC-b1f33e2c59b03e11,LG-b1f33e2c59b03e11,train
100971,#1 ROCKER COVER LEAKING.,REMOVED & REPLACED #1 ROCKER COVER GASKET.,EC-d7f19738c9144c80,LG-608d782c2258dd59,train
100972,#4 INTAKE IS LEAKING.,REMOVED & REPLACED GASKET.,EC-03758ee4b47de086,LG-10956cdabbd1e3ce,dev
100973,#2 ROCKER COVER LEAKING.,REMOVED & REPLACED GASKET.,EC-c85bc86f75e7cd5b,LG-608d782c2258dd59,train
100974,L/H O/B LOWER BAFFLE TIE ROD BROKEN.,REMOVED & REPLACED TIE ROD.,EC-6f6aaf94efaec474,LG-fd0aefcb606d5f59,train
100975,L/H FWD FRONT BAFFLE MISSING RUBBER PLUG.,REPLACED MISSING PLUG.,EC-5d200e8a1de9ebdb,LG-5d200e8a1de9ebdb,train
100976,MIXTURE CONTROL NOT HITTING FULL RICH.,"ADJUSTED MIXTURE, OPS CHECK GOOD.",EC-883b0f7924435004,LG-883b0f7924435004,dev
100977,#1 INTAKE TUBE GASKET LEAKING.,REPLACED #1 INTAKE GASKET.,EC-a78e41df9cf72eb1,LG-4dcd0e6b51932d0b,dev
100978,"1, 2 & 3 INTAKES LEAKING ON L/H ENG.",REMOVED & REPLACED INTAKE GASKETS.,EC-595ad9349f069167,LG-4285908bb8f7434c,train
100979,"R/H ENG BAFFLE TIE ROD IS LOOSE, L/H SIDE.",TIGHTENED BAFFLE SUPPORT ROD.,EC-79626166326b116d,LG-79626166326b116d,train
100980,"R/H ENG, CYL #2, 3, 4 INTAKES ARE LEAKING.",REMOVED & REPLACED INTAKE GASKETS.,EC-8b8a06a3df51dc58,LG-8b8a06a3df51dc58,train
100981,"R/H ENG CYL #2, 3, 4 ROCKER COVERS ARE LEAKING.",REPLACED ROCKER COVER GASKETS.,EC-4c8b489559e47b46,LG-398f606d7bdd3197,train
100982,L/H ENG CYL #3 ROCKER COVER IS LEAKING.,REMOVED & REPLACED ROCKER COVER GASKET.,EC-0301ab8add76a259,LG-608d782c2258dd59,train
100983,"R/H ENGINE, CYL #3 INTAKE GASKET IS LEAKING.",REMOVED & REPLACED INTAKE GASKET W/ NEW.,EC-210c1450cc1c0575,LG-4285908bb8f7434c,train
100984,"L/H ENGINE, CYL #2, 3 & 4 INTAKE GASKETS ARE LEAKING.",REMOVED & REPLACED INTAKE GASKETS.,EC-fefc8c2bbdf2bc09,LG-4285908bb8f7434c,train
100985,"L/H ENGINE, CYL #2 & 3 ROCKER COVER GASKETS ARE LEAKING.",REMOVED & REPLACED GASKETS W/ NEW.,EC-c4580529206a932e,LG-608d782c2258dd59,train
100986,R/H ENGINE CYL #2 & 3 ROCKER COVER GASKETS ARE LEAKING.,REMOVED & REPLACED ROCKER COVER GASKETS W/ NEW.,EC-6d6b4fe6490c1121,LG-608d782c2258dd59,train
100987,CYL #4 ROCKER COVER GASKET LEAKING.,REMOVED & REPLACED CYL #4 ROCKER COVER GASKET.,EC-f020a54e126a5ae6,LG-608d782c2258dd59,train
100988,ROCKER COVER GASKET CYL #3 LEAKING.,REMOVED & REPLACED ROCKER COVER GASKET.,EC-4e86867bc1f70ddd,LG-608d782c2258dd59,train
100989,STARTER INOP.,REMOVED & REPLACED STARTER,EC-6740ff6801525bff,LG-6740ff6801525bff,test
100990,#2 & 4 ROCKER COVER GASKETS LEAKING.,REMOVED & REPLACED GASKETS W/ NEW.,EC-0d6ec8eb547d2ef3,LG-608d782c2258dd59,train
100991,#2 INDUCTION TUBE GASKET LEAKING.,INSTALLED NEW #2 INDUCTION TUBE GASKET.,EC-abec8430bec9f461,LG-abec8430bec9f461,test
100992,"LOWEST PART OF ENGINE, RUBBING DIAGONAL.","INSP, NO DEFECTS FOUND. ENGINE IS NOT RUBBING ON DIAGON",EC-ace67241e11f9f92,LG-ace67241e11f9f92,train
100993,#4 ROCKER GASKET IS LEAKING.,REPLACED GASKET.,EC-df073dd601baafbb,LG-608d782c2258dd59,train
100994,#3 INNER EXHAUST PUSH ROD SEAL IS LEAKING.,REPLACED SEALS & LOCK WASHER.,EC-4b90b713e164e92d,LG-4b90b713e164e92d,dev
100995,A/C WILL NOT MAKE POWER.,"RAN A/C, FOUND A/C RAN NORMALLY. STATIC 2340 AT 12.1 GP",EC-ba83dd680f856dc3,LG-ba83dd680f856dc3,test
100996,#1 INTAKE IS LEAKING.,REMOVED & REPLACED GASKET.,EC-15bf6e31a0b605cd,LG-10956cdabbd1e3ce,dev
100997,#4 INTAKE GASKET LEAKING.,REPLACED GASKET.,EC-57acd94dcdde4ef3,LG-4285908bb8f7434c,train
100998,A/C DIED DURING IDLE CK.,"RAN A/C, ATTEMPTED TO ADJUST IDLE MIXTURE TO CORRECT 30",EC-b2622361e3aed511,LG-b2622361e3aed511,test
100999,#3 INTAKE LEAKING.,REMOVED & REPLACED #3 INTAKE GASKET.,EC-6f9c95f514a1077a,LG-10956cdabbd1e3ce,dev
101000,"L/H ENGINE, #2 INTAKE IS LEAKING.",REMOVED & REPLACED INTAKE GASKETS.,EC-2f8a1d96d6caec83,LG-4285908bb8f7434c,train
101001,#2 & 3 ROCKER COVERS ON L/H ENGINE ARE LEAKING.,REMOVED & REPLACED GASKETS.,EC-873b297ddbb78092,LG-608d782c2258dd59,train
101002,"L/H ENGINE, LEFT AFT BAFFLE BRACKET IS CRACKED.",REMOVED & REPLACED BRACKET.,EC-c57d1577cc241200,LG-c57d1577cc241200,train
101003,"R/H ENGINE, #2 & 4 ROCKER COVERS ARE LEAKING.",INSTALLED NEW ROCKER BOX COVER GASKETS.,EC-b9c7829167c5bd17,LG-608d782c2258dd59,train
101004,ROCKER GASKETS ARE LEAKING (ALL 4).,REMOVED & REPLACED ALL 4 ROCKER COVER GASKETS.,EC-f9bb3dd763e6fa14,LG-f0f174a9dcdc1ded,dev
101005,"L/H ENGINE, CYL #3 INTAKE GASKET LEAKING.",REMOVED & REPLACED L/H ENGINE #3 INTAKE GASKET.,EC-30572dddc46f2dcd,LG-4285908bb8f7434c,train
101006,#3 INTAKE GASKET ON R/H ENGINE LEAKING.,REMOVED & REPLACED #3 INTAKE GASKET ON R/H ENGINE.,EC-47a83749d47b13c6,LG-4285908bb8f7434c,train
101007,ENGINE SHUTDOWN WHEN THROTTLE WAS PULLED TO IDLE,"ADJUSTED IDLE SETTING TO 690 RPM, MIXTURE IDLE CHECK GO",EC-3d83566fa1d95efa,LG-3d83566fa1d95efa,dev
101008,#2 INTAKE IS LEAKING.,REMOVED & REPLACED GASKET.,EC-8ec828272e86c6c2,LG-10956cdabbd1e3ce,dev
101009,R/H ENGINE BAFFLE PLUG BROKEN.,INSTALLED NEW BAFFLE PLUG.,EC-4f4b2505bd6b2b3d,LG-4f4b2505bd6b2b3d,train
101010,CYL #2 INTAKE IS LEAKING.,REPALCED INTAKE GASKET.,EC-43ae0969db11ee02,LG-4285908bb8f7434c,train
101011,R/H REAR BAFFLE MOUNT SCREW IS MISSING.,INSTALLED NEW SCREW.,EC-20f4eb9fa058dcb2,LG-20f4eb9fa058dcb2,test
101012,FWD BAFFLE IS CRACKED UNDER HEAT SHROUD AIR INTAKE.,STOP DRILLED CRACK.,EC-1256d8184f4c4070,LG-1256d8184f4c4070,train
101013,#4 ROCKER COVER IS LEAKING.,REMOVED & REPLACED ROCKER GASKET.,EC-59c5dc8b564981cd,LG-608d782c2258dd59,train
101014,CYL #4 ROCKER COVER GASKET LEAKING.,REMOVED & REPLACED ROCKER COVER GASKET.,EC-f020a54e126a5ae6,LG-608d782c2258dd59,train
101015,BAFFLE PLUG IS MISSING.,INSTALLED NEW PLUG.,EC-60a1c28056e9b412,LG-9410f0626a11b72a,train
101016,"WHILE ADJUSTING MIXTURE, A/C WOULD START TO QUIT @ 1450.",PERFORMED ENGINE RUN. COULD NOT DUPLICATE. NO DEFECTS N,EC-ec0562d1024fa461,LG-ec0562d1024fa461,train
101017,#1 & 3 SIDE BAFFLE CRACKED.,REPLACED BAFFLE.,EC-e95ab3903e624860,LG-13dec33e5f80d531,dev
101018,BAFFLE SCREW MISSING AT FRONT OF #2 CYL.,REPLACED SCREW & BARREL NUT.,EC-5e9712c90e5467c2,LG-5e9712c90e5467c2,train
101019,#2 INTAKE GASKET LEAKS.,REPLACED GASKET.,EC-373685885e8d1b9f,LG-0e48eb423d7a05e3,test
101020,CYL #2 INTAKE IS LEAKING.,REMOVED & REPLACED GASKET.,EC-43ae0969db11ee02,LG-4285908bb8f7434c,train
101021,#2 & 4 INTAKE GASKETS ARE LEAKING.,REMOVED & REPLACED INTAKE GASKETS W/ NEW.,EC-38ad91ee1b47eadf,LG-4285908bb8f7434c,train
101022,#4 INTAKE IS LEAKING.,REMOVED & REPLACED GASKET.,EC-03758ee4b47de086,LG-10956cdabbd1e3ce,dev
101023,L/H ENG #1 ROCKER COVER HAS DAMAGE.,REMOVED COVER,EC-da0dd91745c9482d,LG-da0dd91745c9482d,train
101024,"#1 L/H ENG, ROCKER COVER HAS DAMAGE.",OPS & LEAK CK GOOD.,EC-ac8ac4d74baf7522,LG-da0dd91745c9482d,train
101025,L/H ENG #1 ROCKER COVER HAS DAMAGE.,"REMOVED COVER FROM CORE ENGINE, INSP & FOUND TO BE SERV",EC-da0dd91745c9482d,LG-da0dd91745c9482d,train
101026,"#1 L/H ENG, ROCKER COVER HAS DAMAGE.",FOUND PART OF VALVE TUBE KEEPER BROKEN OFF & PART MISSI,EC-ac8ac4d74baf7522,LG-da0dd91745c9482d,train
101027,"#1 L/H ENG, ROCKER COVER HAS DAMAGE.","RETRIEVED MISSING PIECE OF TUBE KEEPER, INSPECTED ROCKE",EC-ac8ac4d74baf7522,LG-da0dd91745c9482d,train
101028,ENGINE BAFFLE PLUGS WORN.,REMOVED & REPLACED BAFFLE PLUGS.,EC-d1ae1963cf7de664,LG-d1ae1963cf7de664,dev
101029,#4 INTAKE GASKET IS LEAKING.,REMOVED & REPLACED #4 INTAKE GASKET.,EC-0489f0dc14177ee4,LG-4285908bb8f7434c,train
101030,L/H BAFFLE SPRING IS BROKEN.,REMOVED & REPLACED BAFFLE SPRING W/ NEW.,EC-e66fd671496fbe8b,LG-f714f46f4da8f6fa,train
101031,A/C REQUIRES RUN UP.,"RAN UP A/C, SET MIXTURE, OPS CHECK GOOD ON MAG DROP.",EC-3182fcef4adcc219,LG-3182fcef4adcc219,dev
101032,R/H ENG #3 INTAKE TUBE GASKET LEAKING.,INSTALLED NEW INTAKE TUBE GASKET.,EC-24276a558b2ea59d,LG-ae9ab1f2ace76196,train
101033,"ROCKER COVER 2, 3 & 4 LEAKING ON L/H ENGINE.","REMOVED & REPLACED ROCKER COVER GASKETS 2, 3 & 4 ON L/H",EC-8b96fdcf1e79189e,LG-608d782c2258dd59,train
101034,CYL #1 BAFFLE IS CRACKED.,STOP DRILLED CRACK.,EC-eb0018eed9c8ceb0,LG-e3b964f842fc4352,test
101035,BAFFLE SEAL LOOSE OVER CYL #3.,RESECURED BAFFLE SEAL.,EC-1afa55b909485d0e,LG-1afa55b909485d0e,train
101036,FWD BAFFLE IS CRACKED BY MUFFLER SHROUD OPENING.,FABRICATED PATCH OUT OF LIKE MATERIAL & INSTALLED. RIVE,EC-ef04f08d9f68b6a4,LG-ef04f08d9f68b6a4,train
101037,LEFT ENG BACK FIRED WHEN BROUGHT TO 1800 RPM. RIGHT MAG DROP,PULLED TOP & BOTTOM PLUGS NOTING NO SIGNIFICANT OIL OR,EC-77488782afeb100c,LG-77488782afeb100c,train
101038,LEFT ENG BACK FIRED WHEN BROUGHT TO 1800 RPM. RIGHT MAG DROP,SERVICED LEFT ENG W/ 8 QTS MINERAL OIL. PERFORMED GROUN,EC-77488782afeb100c,LG-77488782afeb100c,train
101039,LEFT ENG BACK FIRED WHEN BROUGHT TO 1800 RPM. RIGHT MAG DROP,INSPECTED ROCKER BOX NOTING NO DISCREPANCIES. CLEANED &,EC-77488782afeb100c,LG-77488782afeb100c,train
101040,LEFT ENG BACK FIRED WHEN BROUGHT TO 1800 RPM. RIGHT MAG DROP,RAN LEFT ENGINE NOTING NO #4 EGT & SIGNIFICANT VIBRATIO,EC-77488782afeb100c,LG-77488782afeb100c,train
101041,LEFT ENG BACK FIRED WHEN BROUGHT TO 1800 RPM. RIGHT MAG DROP,"REMOVED #4 CYL ASSY, INSTALLED SERVICEABLE CYL ASSY. DR",EC-77488782afeb100c,LG-77488782afeb100c,train
101042,MIXTURE CONTROL NOT HITTING FULL RICH.,ADJUSTED MIXTURE CABLE RIGGING. CHECKS GOOD.,EC-883b0f7924435004,LG-883b0f7924435004,dev
101043,#2 INTAKE IS LEAKING.,REMOVED & REPLACED INTAKE GASKET.,EC-8ec828272e86c6c2,LG-10956cdabbd1e3ce,dev
101044,CYL #2 ROCKER COVER GASKET LEAKING.,REMOVED & REPLACED ROCKER COVER GASKET.,EC-dd75f7cbb6fe4441,LG-608d782c2258dd59,train
101045,#2 ROCKER COVER GASKET LEAKING.,REPLACED #2 ROCKER COVER GASKET.,EC-8828e17d0b33db57,LG-608d782c2258dd59,train
101046,"R/H ENGINE VIBRATION W/ INCREASING POWER, NO EGT IND ON #3 C","REMOVED R/H #3 CYL, INSTALLED REPAIRED CYL ASSY. DRY TA",EC-5a3a603b5f008cf2,LG-5a3a603b5f008cf2,train
101047,#2 INTAKE LEAKING.,REMOVED & REPLACED #2 INTAKE GASKET.,EC-9e293c9950113443,LG-10956cdabbd1e3ce,dev
101048,R/H REAR ENGINE BAFFLE SCREW MISSING.,INSTALLED NEW BAFFLE SCREW.,EC-00c3779a82bb5065,LG-ac09d330d3a5d8db,dev
101049,#2 INTAKE IS LEAKING.,REMOVED & REPLACED GASKET.,EC-8ec828272e86c6c2,LG-10956cdabbd1e3ce,dev
101050,#2 INTAKE I/B BOLT HOLE HAS DAMAGED THREADS.,REPAIRED THREADS W/ TAP.,EC-dfce499d00ca4d8f,LG-dfce499d00ca4d8f,train
101051,#2 & 4 ROCKER GASKETS ARE LEAKING.,INSTALLED NEW ROCKER BOX COVER GASKETS.,EC-c0b03588cb909a7f,LG-608d782c2258dd59,train
101052,#4 ROCKER COVER GASKET LEAKING.,REMOVED & REPLACED GASKET.,EC-da6ceccf140509ee,LG-608d782c2258dd59,train
101053,R/H ENG OIL COOLER BAFFLE CRACKED.,LEAK CK GOOD.,EC-bb9b155b7b6de5fd,LG-bb9b155b7b6de5fd,train
101054,L/H ENG #2 ROCKER COVER IS LEAKING.,REMOVED & REPLACED ROCKER GASKET.,EC-12eb32b201c2c89e,LG-608d782c2258dd59,train
101055,L/H & R/H OIL DIPSTICK TUBES ARE LOOSE.,SECURED & SAFETIED DIPSTICK TUBES.,EC-ca012007fa8a18de,LG-ca012007fa8a18de,test
101056,L/H ENG #4 BAFFLE HAS A CRACKED REINFORCING BRACE.,REMOVED & REPLACED BRACE.,EC-91634116f9d3648d,LG-91634116f9d3648d,test
101057,R/H ENG #1 FWD BAFFLE IS MISSING A BOLT.,INSTALLED BOLT & SELF LOCKING STAR WASHER.,EC-319c605fd8429250,LG-319c605fd8429250,dev
101058,R/H ENG OIL COOLER BAFFLE CRACKED.,REMOVED CABLES & LINES TO REMOVE BAFFLE ASSY. INSTALLED,EC-bb9b155b7b6de5fd,LG-bb9b155b7b6de5fd,train
101059,FWD BAFFLE UNDER HEAT SHROUD INTAKE IS CRACKED.,"STOP DRILLED CRACK, FABRICATED PATCH OUT OF LIKE MATERI",EC-8828536e86dcb7ea,LG-1256d8184f4c4070,train
101060,ENGINE BAFFLE PLUGS TANGS BROKEN.,INSTALLED NEW ENGINE BAFFLE PLUGS.,EC-f2dc3aca82f35297,LG-f2dc3aca82f35297,train
101061,#4 CYL INTAKE GASKET IS LEAKING.,REMOVED & REPLACED GASKET.,EC-8edc952c184ae07f,LG-4285908bb8f7434c,train
101062,OIL SUMP SCREEN DAMAGED.,REMOVED & REPLACED OIL SUMP SCREEN.,EC-faa08460b2f83c74,LG-faa08460b2f83c74,train
101063,"FWD BAFFLE, DIRECTLY BELOW ALTERNATOR MOUNT IS CRACKED.",STOP DRILLED CRACK.,EC-1a0639bd7364112f,LG-1a0639bd7364112f,train
101064,R/H BAFFLE IS CRACKED.,"STOP DRILLED CRACK, FABRICATED PATCH & INSTALLED.",EC-65c6a443fd5e869b,LG-e3b964f842fc4352,test
101065,R/H ENG #2 CYL ROCKER COVER GASKET IS LEAKING.,REPLACED GASKET.,EC-f77ffae8e6f96d42,LG-608d782c2258dd59,train
101066,#3 INTAKE LEAKING ON R/H ENGINE.,REMOVED & REPLACED #3 INTAKE GASKET ON R/H ENGINE.,EC-e8bee9035a1deeb3,LG-4285908bb8f7434c,train
101067,R/H REAR ENGINE BAFFLE RIVET BROKEN.,INSTALLED NEW RIVETS IAW,EC-e803aec11c7fdaf8,LG-e803aec11c7fdaf8,train
101068,#4 CYL AFT BAFFLE HAS 2 RIVETS SHEARED.,REMOVED RIVETS & INSTALLED SCREWS & NUTS. TIGHTENED.,EC-bf5d22219b7f7916,LG-bf5d22219b7f7916,train
101069,OIL FILLER TUBE LOOSE.,TIGHTENED OIL FILLER TUBE & RESAFETIED.,EC-516838c9b9e7b9e0,LG-516838c9b9e7b9e0,train
101070,CORNER PATCH ON L/H REAR ENGINE BAFFLE CRACKED.,FABRICATED & INSTALLED NEW PATCH.,EC-461f4ee54c9052c0,LG-461f4ee54c9052c0,dev
101071,ALT BELT LOOSE.,TIGHTENED & SAFETIED ALTERNATOR BRACKET BOLTS. TENSION,EC-6033aaeb5a3e6530,LG-6033aaeb5a3e6530,dev
101072,#4 INTAKE IS LEAKING.,REMOVED & REPLACED GASKETS.,EC-03758ee4b47de086,LG-10956cdabbd1e3ce,dev
101073,SPARK PLUG BAFFLE HOLE PLUGS ARE WORN.,REMOVED & REPLACED PLUGS.,EC-4484b6d1050dc92d,LG-4484b6d1050dc92d,test
101074,BAFFLE SPARK PLUG HOLE COVERS ARE WORN.,REMOVED & REPLACED COVERS.,EC-5aa1547522acca83,LG-4484b6d1050dc92d,test
101075,CYL #1 & 3 INTAKES ARE LEAKING.,REMOVED & REPLACED CYL #1 & 3 INTAKE GASKETS.,EC-9e691176ee0490c2,LG-26ffbcbee302311b,test
101076,CYL #2 ROCKER COVER GASKET IS LEAKING.,REMOVED & REPLACED CYL #2 ROCKER COVER GASKET.,EC-11e80a174fe34a4d,LG-608d782c2258dd59,train
101077,RIGHT ENG #4 INTAKE IS LEAKING.,REMOVED & REPLACED INTAKE GASKET.,EC-fbaa2a8052fe2de5,LG-4285908bb8f7434c,train
101078,"PROP RPM REACHED 2720, NOTICED & REDUCED IT.","C/W , NO DEFECTS NOTED. NO FURTHER ACTION REQUIR",EC-4c499c3b477e67ee,LG-4c499c3b477e67ee,train
101079,"ON DESCENT, EXCEEDED MAX RPM, WENT UP TO 2800.","C/W , NO DEFECTS NOTED. NO FURTHER ACTION REQUIR",EC-52728ec905c60bbc,LG-52728ec905c60bbc,train
101080,L/H SIDE BAFFLE CRACKED IN 2 PLACES.,REMOVED & REPLACED BAFFLE.,EC-fa991fce545adaa0,LG-fa991fce545adaa0,train
101081,IDLE OVERRIDE SPEED WAS 1300.,"RAN A/C, ADJUSTED IDLE SPEED. CHECKS GOOD.",EC-dacf66adf0b39243,LG-dacf66adf0b39243,train
101082,"L/H ENGINE, #4 INTAKE LEAKING.",REMOVED & REPLACED GASKET.,EC-13b3c59f5baafdc1,LG-4285908bb8f7434c,train
101083,R/H ENGINE #4 CYL COMPRESSION CK LOW.,"STAKED #4 EX VALVE, COMPRESSION",EC-eb1dcd2fe82600cd,LG-eb1dcd2fe82600cd,dev
101084,R/H ALL ROCKER COVERS LEAKING.,REMOVED & REPLACED ALL ROCKER COVER GASKETS.,EC-5a730e392876e0d3,LG-e424bbcf6cf85404,train
101085,"L/H ENG, CYL 1 & 3 ROCKER COVERS ARE LEAKING.",REPLACED ROCKER COVER GASKETS.,EC-0ea26753379bf969,LG-0ea26753379bf969,train
101086,R/H ENG CYL #3 INTAKE IS LEAKING.,REMOVED & REPLACED GASKET. SECURED PRIMER LINE.,EC-9b50eff2842daf19,LG-4285908bb8f7434c,train
101087,SNIFFLER VALVES ARE DIRTY.,CLEANED SNIFFLER VALVES.,EC-5027701bd7fa9f57,LG-5027701bd7fa9f57,train
101088,#3 CYL AFT BAFFLE INNER MOST BAFFLE SEAL RIVET IS PULLED THR,REFASTENED BAFFLE.,EC-0a99da6d6bf5b16c,LG-0a99da6d6bf5b16c,train
101089,#4 INTAKE IS LEAKING.,REMOVED & REPLACED INTAKE GASKET W/ NEW.,EC-03758ee4b47de086,LG-10956cdabbd1e3ce,dev
101090,"AFTER PERFORMING SIMULATED ENGINE FAILURE, SMOOTHLY APPLIED","RAN UP A/C ENGINE. ENGINE RUNS SMOOTH. MAG DROPS, IDLE",EC-35b2ee440b163f2a,LG-35b2ee440b163f2a,train
101091,CYL #4 ROCKER COVER GASKET IS LEAKING.,REPLACED GASKET.,EC-873f09da28499cc7,LG-608d782c2258dd59,train
101092,CYL #2 INTAKE GASKET IS LEAKING.,REMOVED & REPLACED CYL #2 INTAKE GASKET.,EC-ae287164a190fda3,LG-4285908bb8f7434c,train
101093,CYL #4 COMPRESSION IS 30/80.,"STAKED EXHAUST VALVE, COMP CHECK. CHECKED GOOD.",EC-c77c23d391523391,LG-c77c23d391523391,dev
101094,EXPERIENCED PARTIAL POWER LOSS DURING CLIMB.,FOR BILLING PURPOSES ONLY,EC-6539b840ac625ead,LG-6539b840ac625ead,dev
101095,EXPERIENCED PARTIAL POWER LOSS DURING CLIMB.,GROUND RUN & STATIC FULL RPM CHECKED 2300 - 2330 RPM. F,EC-6539b840ac625ead,LG-6539b840ac625ead,dev
101096,CYL #1 ROCKER COVER GASKET LEAKING.,REMOVED & REPLACED ROCKER COVER GASKET.,EC-bf1f39d7a4256a12,LG-608d782c2258dd59,train
101097,#2 INTAKE IS LEAKING.,REMOVED & REPLACED GASKET.,EC-8ec828272e86c6c2,LG-10956cdabbd1e3ce,dev
101098,BAFFLE PLUGS ARE WORN.,REMOVED & REPLACED PLUGS.,EC-906407443716073f,LG-d1ae1963cf7de664,dev
101099,#4 ROCKER COVER IS LEAKING.,REMOVED & REPLACED ROCKER COVER GASKET.,EC-59c5dc8b564981cd,LG-608d782c2258dd59,train
101100,OIL LEAK EVIDENCE ON R/H SIDE OF ENGINE.,"RAN A/C, FOUND #3 CYLINDER EXHAUST VALVE PUSH ROD TUBE",EC-30acef2436b7defa,LG-30acef2436b7defa,test
101101,OIL LEAK EVIDENCE ON R/H SIDE OF ENGINE.,"WASHED ENGINE, FOUND CYLINDER OIL RETURN LINE CLAMPS LO",EC-30acef2436b7defa,LG-30acef2436b7defa,test
101102,FWD R/H BAFFLE SEAL NEEDS TO BE REATTACHED.,REMOVED & REPLACED BAFFLE SEAL.,EC-5f3236d169b7d229,LG-5f3236d169b7d229,train
101103,R/H REAR BAFFLE BRACKET RIVETS SHEARED.,"REMOVED BAFFLE, REATTACHED AFT BRACKET. REINSTALLED BAF",EC-507a8d6b03e9f2be,LG-129791cf3720b6d6,train
101104,"INTAKE GASKET, CYL #4, LEAKING.",REMOVED & REPLACED GASKET.,EC-d10547163b504192,LG-962a2251cf078b67,train
101105,"L/H ENGINE, L/H AFT ENGINE BAFFLE CHAFED ON CYLINDER.",REMOVED & REPLACED L/H ENG CYL #4 AFT BAFFLE.,EC-309b079863d76953,LG-309b079863d76953,train
101106,ENGINE BAFFLE SNAP PLUG TAB BROKEN OFF.,INSTALLED NEW ENGINE BAFFLE PLUGS.,EC-fe20409dc065c067,LG-fe20409dc065c067,train
101107,#1 ROCKER COVER LEAKING.,REMOVED & REPLACED #1 ROCKER COVER GASKET.,EC-d7f19738c9144c80,LG-608d782c2258dd59,train
101108,L/H ENGINE #3 & 4 ROCKER COVER GASKETS LEAKING.,REMOVED & REPLACED ROCKER GASKETS W/ NEW.,EC-092c39e535e7af57,LG-608d782c2258dd59,train
101109,R/H ENGNIE CYL #3 INTAKE GASKET LEAKING.,"REMOVED & REPLACED CYL #3 INTAKE GASKET, R/H ENGINE.",EC-ffeb8ec9d3233ff5,LG-ffeb8ec9d3233ff5,train
101110,"ROCKER COVER GASKETS #1, 2, 4 ON R/H ENGINE LEAKING.",REMOVED & REPLACED R/H ENGINE ROCKER COVER GASKETS.,EC-53f45ca3831cd08e,LG-608d782c2258dd59,train
101111,#3 INTAKE LEAKING ON L/H ENGINE.,REMOVED & REPLACED INTAKE GASKET.,EC-d5214a798d419c0a,LG-4285908bb8f7434c,train
101112,L/H ENG #2 INTAKE LEAKS.,REPLACED GASKET.,EC-8304767157655f10,LG-0e48eb423d7a05e3,test
101113,R/H ENGINE CYL #4 ROCKER COVER GASKET LEAKING.,REMOVED & REPLACED GASKET.,EC-1d489f05547b9652,LG-608d782c2258dd59,train
101114,ENGINE RPM REACHED 2760 FOR APPROX 2 SECONDS.,C/W LYCOMING NO DEFECTS NOTED. NO FURTHER ACTI,EC-58d113a5ebae0d24,LG-58d113a5ebae0d24,train
101115,CYL #2 INTAKE IS LEAKING.,REPLACED INTAKE GASKETS.,EC-43ae0969db11ee02,LG-4285908bb8f7434c,train
101116,"L/H ENG, #4 INDUCTION TUBE GASKET LEAKING.",REMOVED & REPLACED INTAKE GASKET.,EC-45d83d18a7dfd10c,LG-abec8430bec9f461,test
101117,R/H ENG #3 CYL INTAKE GASKET LEAKS.,REMOVED & REPLACED #3 CYL INTAKE GASKET.,EC-442fa832a675657d,LG-0e48eb423d7a05e3,test
101118,L/H ENGINE #2 INTAKE GASKET LEAKING.,REMOVED & REPLACED INTAKE GASKET W/ NEW.,EC-4c1d032619d72b44,LG-4285908bb8f7434c,train
101119,IDLE MIXTURE NEEDS ADJUSTMENT.,RERIGGED MIXTURE ARM IAW HMI.,EC-e3256a331035aef6,LG-e3256a331035aef6,train
101120,IDLE MIXTURE NEEDS ADJUSTMENT.,REMOVED MIXTURE ARM & REINDEXED AGAIN. A/C WAS STARTED,EC-e3256a331035aef6,LG-e3256a331035aef6,train
101121,IDLE MIXTURE NEEDS ADJUSTMENT.,"REINDEXED MIXTURE CONTROL. RAN UP A/C, MIXTURE RISE STI",EC-e3256a331035aef6,LG-e3256a331035aef6,train
101122,IDLE MIXTURE NEEDS ADJUSTMENT.,"A/C WAS GROUND RAN BY PILOT, IDLE MIXTURE & SPEED NOW C",EC-e3256a331035aef6,LG-e3256a331035aef6,train
101123,IDLE MIXTURE NEEDS ADJUSTMENT.,"A/C/ WAS STARTED, BUT WOULD ONLY RUN A FEW SECONDS. ALL",EC-e3256a331035aef6,LG-e3256a331035aef6,train
101124,CYL #2 INTAKE PIPE GASKET LEAKING.,REMOVED & REPLACED INTAKE GASKET.,EC-c8ff21bca89816db,LG-c8ff21bca89816db,train
101125,#2 ROCKER COVER LEAKING.,REMOVED & REPLACED #2 ROCKER COVER GASKET.,EC-c85bc86f75e7cd5b,LG-608d782c2258dd59,train
101126,#2 INTAKE LEAKING.,REPLACED GASKET.,EC-9e293c9950113443,LG-10956cdabbd1e3ce,dev
101127,#4 INTAKE LEAKING.,REPLACED GASKET.,EC-66d79f80174da74e,LG-10956cdabbd1e3ce,dev
101128,#3 INTAKE LEAKING ON R/H ENGINE.,REPLACED GASKET.,EC-e8bee9035a1deeb3,LG-4285908bb8f7434c,train
101129,#3 INTAKE LEAKING ON L/H ENGINE.,"REMOVED & REPLACED INTAKE GASKET, CYL #3.",EC-d5214a798d419c0a,LG-4285908bb8f7434c,train
101130,#2 & 3 ROCKER COVER LEAKING ON L/H ENGINE.,REMOVED & REPLACED ROCKER COVER GASKETS.,EC-75f760d0e5de5d68,LG-608d782c2258dd59,train
101131,#2 & 3 ROCKER COVER GASKETS LEAKING ON R/H ENGINE.,"REPLACED #2 & 3 ROCKER COVER GASKETS, R/H.",EC-d972ce95f295e54c,LG-608d782c2258dd59,train
101132,"WORN OUT THRUST BUTTON, ROCKER SHAFT CYL #3, L/H ENGINE.",REMOVED & REPLACED THRUST BUTTONS ON CYL #3.,EC-e5cfe443c0dc1643,LG-e5cfe443c0dc1643,train
101133,CYL #1 ROCKER COVER GASKET IS LEAKING.,REMOVED & REPLACED ROCKER COVER GASKET.,EC-dbcbdb31f23f7817,LG-608d782c2258dd59,train
101134,CYL #2 INTAKE GASKET IS LEAKING.,REMOVED & REPLACED GASKET.,EC-ae287164a190fda3,LG-4285908bb8f7434c,train
101135,"L/H ENGINE #1, 2 & 4 INTAKES LEAKING.",REMOVED & REPLACED #1 & 2 GASKETS.,EC-d54c2bdad4dd0a23,LG-4285908bb8f7434c,train
101136,R/H ENGINE #2 CYLINDER COMPRESSION IS LOW.,INSTALLED ROCKER COVER & GASKET.,EC-773f22d292484073,LG-773f22d292484073,test
101137,"L/H ENGINE #1, 2 & 4 INTAKES LEAKING.",REMOVED & REPLACED CYL #4 INTAKE GASKET.,EC-d54c2bdad4dd0a23,LG-4285908bb8f7434c,train
101138,R/H ENGINE #2 CYLINDER COMPRESSION IS LOW.,STAKED EXHAUST VALVE. PRESSURE CAME UP TO 65/80 PSI.,EC-773f22d292484073,LG-773f22d292484073,test
101139,#2 FWD BAFFLE CRACKED.,STOP DRILLED CRACK.,EC-13217e66b774de86,LG-15f761dc9e6351d8,dev
101140,#4 ROCKER BOX COVER GASKET LEAKING.,INSTALLED #4 ROCKER BOX COVER GASKET.,EC-0b59496ca80fb4ee,LG-608d782c2258dd59,train
101141,BAFFLE CRACKED AFT OF #4 CYL.,FABRICATED PATCH & DOUBLER OF LIKE MATERIAL.,EC-879e4cf83a1c2a00,LG-879e4cf83a1c2a00,train
101142,BAFFLE CRACKED AFT OF #4 CYL.,INSTALLED PATCH & DOUBLER IAW,EC-879e4cf83a1c2a00,LG-879e4cf83a1c2a00,train
101143,BACK L/H BAFFLE IS CRACKED.,STOP DRILLED CRACK.,EC-36f1c1fb26045b6b,LG-739098b461f5e8fa,dev
101144,#4 INTAKE IS LEAKING.,REMOVED & REPLACED CYL #4 INTAKE GASKET.,EC-03758ee4b47de086,LG-10956cdabbd1e3ce,dev
101145,L/H BAFFLE PLUG NEEDS TO BE REPLACED.,REMOVED & REPLACED BAFFLE PLUG.,EC-d671d8fdeb671d58,LG-d671d8fdeb671d58,train
101146,R/H BAFFLE SPARK PLUG ACCESS BUTTON WORN.,REMOVED & REPLACED BAFFLE BUTTON.,EC-de8cb113b5421a36,LG-de8cb113b5421a36,test
101147,ROCKER COVER GASKET CYL #2 & 3 LEAKING.,REPLACED BOTH ROCKER COVER GASKETS.,EC-00aceaa4107d64a5,LG-608d782c2258dd59,train
101148,CYL #3 AFT BAFFLE SCREW LOOSE.,"REMOVED DIPSTICK HOUSING, REMOVED OIL COOLER FROM BAFFL",EC-f8de2acb2f547a72,LG-6bb5b0d3262bc63e,dev
101149,CYL #4 ROCKER COVER IS LEAKING.,REPLACED ROCKER COVER GASKET.,EC-0ad265aef699497b,LG-608d782c2258dd59,train
101150,DIPSTICK TUBE LOOSE.,"TIGHTENED DIPSTICK TUBE, RESAFETIED.",EC-9b6c2d8e9f581c59,LG-9b6c2d8e9f581c59,train
101151,R/H SIDE BAFFLE IS MISSING A SCREW.,INSTALLED NEW SCREW ON BAFFLE.,EC-e320eb0dd72ecc8a,LG-e320eb0dd72ecc8a,train
101152,#2 ROCKER COVER IS LEAKING.,REMOVED & REPLACED ROCKER COVER GASKET.,EC-9f1eed7e562e8bbc,LG-608d782c2258dd59,train
101153,R/H BACK BAFFLE BRACKET RIVET HEAD IS MISSING.,REMOVED BACK BAFFLE TO GAIN ACCESS. REMVOED RIVETS & RE,EC-cf8dabe5afd8e3ab,LG-cf8dabe5afd8e3ab,train
101154,#3 CYL ROCKER COVER GASKET IS LEAKING.,REMOVED GASKET. DURING INSTALLATION TORE NEW GASKET. RE,EC-61964c49332b0932,LG-608d782c2258dd59,train
101155,"1, 2, & 4 ROCKER COVERS ARE LEAKING.",REMOVED & REPLACED ROCKER GASKETS.,EC-423fcb9ac528f633,LG-608d782c2258dd59,train
101156,BOTH SPARK PLUG BAFFLE PLUGS ARE WORN.,REMOVED & REPLACED SPARK PLUG BAFFLE PLUGS.,EC-b2b4e696a0553f8e,LG-b2b4e696a0553f8e,train
101157,#3 INTAKE LEAKING ON R/H ENGINE.,REMOVED & REPLACED #3 INTAKE GASKET ON R/H ENGINE.,EC-e8bee9035a1deeb3,LG-4285908bb8f7434c,train
101158,#4 INTAKE LEAKING ON L/H ENIGNE.,REMOVED & REPLACED #4 INTAKE GASKET ON L/H ENGINE.,EC-f4b1dcb33634ed0e,LG-f4b1dcb33634ed0e,test
101159,L/H INNER BAFFLE SPRING IS BROKEN.,REMOVED & REPLACED BAFFLE SPRING W/ NEW.,EC-848f9973b8318bb7,LG-848f9973b8318bb7,train
101160,L/H BAFFLE REQUIRES PATCH.,"FABRICATED PATCH OF LIKE MATERIAL, RIVETED & INSTALLED",EC-f4eab3409648b541,LG-f4eab3409648b541,train
101161,AFT ALT MOUNTING BOLT EATING INTO SCROLL MOUNT.,"INSPECTED MOUNT, NO DEFECTS NOTED.",EC-66e200f3c22da1e3,LG-66e200f3c22da1e3,dev
101162,EXCESSIVE END PLAY AT THROTTLE CABLE ATTACHMENT.,INSPECTED THROTTLE CABLE ATTACHMENT. NO DEFECTS NOTED.,EC-9d263a86deb75930,LG-9d263a86deb75930,train
101163,#1 INTAKE IS LEAKING.,REMOVED & REPLACED GASKET.,EC-15bf6e31a0b605cd,LG-10956cdabbd1e3ce,dev
101164,#2 & 4 ROCKER COVERS ARE LEAKING.,REMOVED & REPLACED GASKETS.,EC-e2fcde699ff41262,LG-608d782c2258dd59,train
101165,CYL #2 ROCKER COVER LEAKING.,REMOVED & REPLACED CYL #2 ROCKER COVER GASKET.,EC-14d306bc9b3b1c97,LG-608d782c2258dd59,train
101166,#3 INDUCTION TUBE GASKET LEAKING.,INSTALLED NEW INDUCTION TUBE GASKET.,EC-cd3eb18391b38e2d,LG-abec8430bec9f461,test
101167,#2 INDUCTION TUBE GASKET LEAKING.,INSTALLED NEW INDUCTION TUBE GASKET,EC-abec8430bec9f461,LG-abec8430bec9f461,test
101168,#1 INTAKE LEAKING ON L/H ENGINE.,REMOVED & REPLACED INTAKE GASKET.,EC-3513e5ea9021802c,LG-4285908bb8f7434c,train
101169,#1 & 2 INTAKES LEAKING ON R/H ENGINE.,REMOVED & REPLACED INTAKE GASKETS.,EC-9dfac5952565469a,LG-4285908bb8f7434c,train
101170,#2 INDUCTION TUBE GASKET LEAKING.,INSTALLED NEW INDUCTION TUBE GASKET.,EC-abec8430bec9f461,LG-abec8430bec9f461,test
101171,#2 & 4 BAFFLE OUTER TIE & SPRING BROKEN.,INSTALLED NEW OUTER BAFFLE TIE.,EC-fbf647b673db3fd4,LG-fbf647b673db3fd4,train
101172,#2 & 4 BAFFLE INNER TIE & SPRING OUT OF PLACE.,REINSTALLED BAFFLE TIE IN CORRECT POSITION.,EC-586a547cc3424f44,LG-586a547cc3424f44,test
101173,#2 ROCKER COVER LEAKING.,REMOVED & REPLACED #2 ROCKER COVER GASKET.,EC-c85bc86f75e7cd5b,LG-608d782c2258dd59,train
101174,OIL LEAK FROM L/H ENGINE.,"RAN A/C, LEAK CK GOOD.",EC-43b6d057ab5d1234,LG-43b6d057ab5d1234,train
101175,OIL LEAK FROM L/H ENGINE.,TIGHTENED TOP BOLTS ON TOP OF CASE. WASHED ENGINE.,EC-43b6d057ab5d1234,LG-43b6d057ab5d1234,train
101176,#2 ROCKER COVER IS LEAKING ON L/H ENGINE.,REMOVED & REPLACED ROCKER COVER GASKET.,EC-fe7f799a42a53493,LG-608d782c2258dd59,train
101177,#2 ROCKER COVER IS LEAKING ON R/H ENGINE.,REMOVED & REPLACED ROCKER COVER GASKET.,EC-21a77ae885eb0fda,LG-608d782c2258dd59,train
101178,#2 ROCKER COVER THRUST BUTTON ON R/H ENGINE IS BROKEN.,REMOVED & REPLACED THRUST BUTTON.,EC-243837b20a19d87b,LG-243837b20a19d87b,train
101179,#2 ROCKER COVER THRUST BUTTONS ON L/H ENGINE ARE BROKEN.,REMOVED & REPLACED THRUST BUTTONS.,EC-c029612d8d46afdb,LG-c029612d8d46afdb,train
101180,CYL #3 BAFFLE SCREW SECURED TO CRANKCASE MISSING.,INSTALLED NEW SCREW.,EC-515340cbc3fde13b,LG-515340cbc3fde13b,test
101181,ROCKER COVER GASKET CYL #3 LEAKING.,REMOVED & REPLACED #2 ROCKER COVER GASKET.,EC-4e86867bc1f70ddd,LG-608d782c2258dd59,train
101182,BAFFLE SUPPORT ON AFT COPILOT SIDE ENGINE BAFFLE LOOSE.,REMOVED COPILOT SIDE AFT ENGINE BAFFLE. RESECURED BAFFL,EC-dadf6eabf515ede7,LG-dadf6eabf515ede7,train
101183,"AFTER COMPLETING STEEP SPIRALS AT POWER IDLE, SMOOTHLY APPLI",MX FLIGHT IS REQUIRED,EC-de6078ba8c924a08,LG-de6078ba8c924a08,test
101184,"AFTER COMPLETING STEEP SPIRALS AT POWER IDLE, SMOOTHLY APPLI","PERFORMED GROUND RUN OF A/C, UNABLE TO DUPLICATE DISCRE",EC-de6078ba8c924a08,LG-de6078ba8c924a08,test
101185,R/H ENGINE #3 CYL LOOSE BAFFLE RUBBING ON OIL RETURN LINE CY,ADJUSTED BAFFLE SUPPORT ROD. TIGHTENED LOCK NUTS AFTER,EC-5ff50f0f5ef1cf23,LG-5ff50f0f5ef1cf23,train
101186,CYL #2 INTAKE IS LEAKING.,REPLACED INTAKE GASKET.,EC-43ae0969db11ee02,LG-4285908bb8f7434c,train
101187,R/H ENGINE #3 INTAKE IS LEAKING.,REPLACED W/ NEW GASKET.,EC-d232b913fbf175f4,LG-4285908bb8f7434c,train
101188,"R/H ENGINE, L/H FWD BAFFLE SEAL IS GONE.",INSTALLED NEW BAFFLE SEAL.,EC-d2aaefca15101e67,LG-d2aaefca15101e67,train
101189,L/H SIDE BAFFLE IS CRACKED.,REPLACED L/H SIDE BAFFLE W/ SERVICEABLE PART.,EC-5d082a80d9ef7536,LG-13dec33e5f80d531,dev
101190,PLUGS FOR ENG BAFFLING WORN.,REPLACED BOTH PLUGS.,EC-8ff79de1629b83d9,LG-8ff79de1629b83d9,train
101191,#3 & 4 ROCKER COVERS LEAKING.,"REMOVED & REPLACED #3 ROCKER COVER GASKET, TIGHTENED SC",EC-b083ca05c337f8b7,LG-608d782c2258dd59,train
101192,R/H ENG #2 BAFFLE IS MISSING A BOLT.,INSTALLED NEW SCREW.,EC-dc820a1ffe221d56,LG-351880cf4c4c55c5,dev
101193,R/H #4 AFT BAFFLE CRACKED.,STOP DRILLED CRACK.,EC-a32b4be2a7582e37,LG-e3b964f842fc4352,test
101194,ROCKER BOX COVER SCREWS LOOSE.,RETORQUED SCREWS.,EC-672c4039227aa006,LG-f40ff9615f91de7f,test
101195,SIDE BAFFLE PLUGS HAVE MANY MISSING FINGERS.,REMOVED & REPLACED PLUGS.,EC-9e4a680d30e91f51,LG-9e4a680d30e91f51,test
101196,#2 ROCKER COVER IS LEAKING.,REMOVED & REPLACED GASKET.,EC-9f1eed7e562e8bbc,LG-608d782c2258dd59,train
101197,"BAFFLE SCREW, BEHIND DIPSTICK, IS LOOSE.","REMOVED DIPSTICK, INSTALLED NEW SCREW. REINSTALLED DIPS",EC-8bcd8bd145496e74,LG-8bcd8bd145496e74,dev
101198,#2 & 4 CYL ROCKER COVER GASKETS ARE LEAKING ON R/H ENGINE.,REMOVED & REPLACED #2 & 4 CYL ROCKER COVER GASKETS ON R,EC-3c3b21eee59855aa,LG-608d782c2258dd59,train
101199,#2 ROCKER COVER LEAKING.,REMOVED & REPLACED ROCKER COVER GASKET.,EC-c85bc86f75e7cd5b,LG-608d782c2258dd59,train
101200,L/H ENGINE BAFFLE SEAL ABOVE #4 CYLINDER IS TORN.,INSTALLED NEW SEAL.,EC-9f975bb141e22bc9,LG-9f975bb141e22bc9,train
101201,"ROCKER COVER GASKET CYL #2, R/H ENGINE, LEAKING.",REMOVED & REPLACED GASKET.,EC-e978e5fe22d278f9,LG-608d782c2258dd59,train
101202,"INTAKE GASKET CYL #3, R/H ENGINE, LEAKING.",REMOVED & REPLACED INTAKE GASKET.,EC-ba2aa06689b2dd48,LG-4285908bb8f7434c,train
101203,"CYL #3, 4 ROCKER COVER GASKETS LEAKING ON L/H ENG.",REMOVED & REPLACED ROCKER COVER GASKETS.,EC-35c09cfe07974a81,LG-608d782c2258dd59,train
101204,CYL #3 AFT UPPER BAFFLE SEAL IS LOOSE.,RESECURED BAFFLE SEAL.,EC-2bb5e351d7a799d0,LG-0b3eca1fdc4edfdc,test
101205,BOTH BAFFLE PLUGS ARE MISSING TOO MANY TABS.,INSTALLED BAFFLE PLUGS.,EC-206c640d49ffdb96,LG-206c640d49ffdb96,dev
101206,#4 INTAKE GASKET LEAKING.,REPLACED W/ NEW GASKET.,EC-57acd94dcdde4ef3,LG-4285908bb8f7434c,train
101207,#4 ROCKER COVER GASKET LEAKING.,REPLACED W/ NEW GASKET.,EC-da6ceccf140509ee,LG-608d782c2258dd59,train
101208,SIDE BAFFLE PLUGS ARE MISSING FINGERS.,REPLACED W/ NEW PLUGS.,EC-4b47e541eda06f3d,LG-4b47e541eda06f3d,train
101209,#2 & 4 ROCKER COVER GASKETS ARE LEAKING.,REMOVED & REPLACED ROCKER COVER GASKETS.,EC-a7850f7a16b726bb,LG-608d782c2258dd59,train
101210,"L/H #1, 2 & 3 ROCKER GASKETS ARE LEAKING.",REPLACED ROCKER GASKETS.,EC-c403733e66d47506,LG-608d782c2258dd59,train
101211,L/H #4 INTAKE GASKET LEAKING.,REMOVED & REPLACED #4 INTAKE GASKET.,EC-d05df45419bf6024,LG-4285908bb8f7434c,train
101212,L/H #3 CYL ROCKER SHAFT THRUST BUTTONS DETERIORATED.,REPLACED BUTTONS.,EC-9e2463aceefc11de,LG-9e2463aceefc11de,train
101213,"R/H ENG, R/H REAR ENGINE BAFFLE SEAL LOOSE.",REATTACHED R/H REAR BAFFLE.,EC-3048a5800e364637,LG-3048a5800e364637,train
101214,#4 INTAKE IS LEAKING.,REMOVED & REPLACED GASKET.,EC-03758ee4b47de086,LG-10956cdabbd1e3ce,dev
101215,#3 ROCKER COVER LEAKING.,REMOVED & REPLACED #3 ROCKER GASKET.,EC-4774d48aa3f463c3,LG-608d782c2258dd59,train
101216,#2 & 4 ROCKER COVER LEAKING.,REMOVED & REPLACED #2 & 4 ROCKER COVER GASKETS.,EC-2f30d516ab5a6e5e,LG-608d782c2258dd59,train
101217,RIVETS MISSING ON ENGINE DATA PLATE.,INSTALLED RIVETS.,EC-9374d5c353103d72,LG-9374d5c353103d72,test
101218,#3 & 4 INTAKES LEAKING ON L/H ENGINE.,REPLACED GASKETS.,EC-6e886594be0e252e,LG-4285908bb8f7434c,train
101219,#2 & 3 INTAKES LEAKING ON R/H ENGINE.,REPLACED GASKETS ON 2 & 3.,EC-b96df8ea2e0a0c8a,LG-4285908bb8f7434c,train
101220,#2 ROCKER COVER LEAKING ON R/H ENGINE.,REMOVED & REPLACED ROCKER COVER GASKET.,EC-24ebe98149e40304,LG-608d782c2258dd59,train
101221,"#2, 3 & 4 ROCKER COVERS LEAKING ON L/H ENGINE.",REMOVED & REPLACED ROCKER COVER GASKETS.,EC-78cf8173b210ec09,LG-608d782c2258dd59,train
101222,ROCKER COVER GASKET CYL #2 LEAKING.,REMOVED & REPLACED ROCKER COVER GASKET.,EC-e88efc07588299e6,LG-608d782c2258dd59,train
101223,#2 & 4 ROCKER COVERS LEAKING ON R/H ENGINE.,TIGHTENED ALL ROCKER COVERS.,EC-b8f86397b911d877,LG-608d782c2258dd59,train
101224,"CRACK ON ENGINE BAFFLE, LEFT SIDE, BY #3 CYLINDER.",INSTALLED BAFFLE.,EC-e943db9ed3316ef9,LG-e943db9ed3316ef9,test
101225,"CRACK ON ENGINE BAFFLE, LEFT SIDE, BY #3 CYLINDER.","REMOVED BAFFLE, FABRICATED PATCH OF LIKE MATERIAL, RIVE",EC-e943db9ed3316ef9,LG-e943db9ed3316ef9,test
101226,L/H BAFFLE SEAL REQUIRES REPLACEMENT.,REMOVED & REPLACED BAFFLE SEAL W/ NEW.,EC-a6447c2d5e2edaf9,LG-a6447c2d5e2edaf9,train
101227,R/H ENGINE #4 ROCKER COVER LEAKS.,REMOVED & REPLACED R/H ENGINE #4 ROCKER COVER GASKET.,EC-514072b558390357,LG-514072b558390357,train
101228,R/H ENGINE #1 & 4 INTAKES ARE LEAKING.,REMOVED & REPLACED R/H ENGINE #1 & 4 INTAKE GASKETS.,EC-8eb6cb89600a7595,LG-4285908bb8f7434c,train
101229,L/H ENGINE CYL #3 ROCKER GASKET IS LEAKING.,REMOVED & REPLACED L/H ENGINE #3 ROCKER COVER GASKET.,EC-0b97df14b9c8ddd0,LG-608d782c2258dd59,train
101230,R/H ENGINE #2 & 3 ROCKER COVERS ARE LEAKING.,REMOVED & REPLACED R/H ENGINE #2 & 3 ROCKER COVER GASKE,EC-808aa8806dba6079,LG-608d782c2258dd59,train
101231,R/H ENG #4 CYL HAS LOW COMPRESSION (20/80 PSI).,COMPRESSION 20/80. STAKED EXHAUST VALVE W/ NO AFFECT. C,EC-2317a87a175cc056,LG-2317a87a175cc056,train
101232,R/H ENG #4 CYL HAS LOW COMPRESSION (20/80 PSI).,REMOVED & REPLACED #4 CYLINDER IAW DIRECT DRIVE OVERHAU,EC-2317a87a175cc056,LG-2317a87a175cc056,train
101233,R/H #3 AFT BAFFLE SEAL IS LOOSE.,RESECURED BAFFLE SEAL.,EC-ee58e6bcc2f36f3a,LG-37ac3da11bdb9f3b,train
101234,L/H #2 INTAKE GASKET IS LEAKING.,REMOVED & REPLACED GASKET.,EC-b55db125d4c91fb4,LG-4285908bb8f7434c,train
101235,L/H ENGINE O/B BAFFLE TIE ROD BROKEN.,REPLACED BAFFLE TIE ROD.,EC-98436537cb144fe5,LG-fd0aefcb606d5f59,train
101236,"#4 INTAKE GASKET LEAKING, R/H ENGINE.",REMOVED & REPLACED GASKET.,EC-13d1f4acc5eb2da8,LG-0222eb60e96e9748,dev
101237,R/H #2 SIDE BAFFLE SEAL IS LOOSE.,REMOVED & REPLACED BAFFLE SEAL.,EC-7ef13215ee0e92fd,LG-7ef13215ee0e92fd,train
101238,#2 & 4 INTAKES ARE LEAKING.,REMOVED & REPLACED INTAKE GASKETS.,EC-a8a32c50c5fc85ea,LG-26ffbcbee302311b,test
101239,ENGINE BAFFLE CYL #3 MOUNT BRACKET SHEARED RIVET.,REMOVED & REPLACED RIVETS BY REMOVING BAFFLE & REINSTAL,EC-f573e619744bb9ae,LG-f573e619744bb9ae,train
101240,L/H BAFFLE PLUG HOLE IS TOO LARGE.,INSTALLED BAFFLE PATCH MADE OUT OF LIKE MATERIAL.,EC-abdab86d1ec8e8f5,LG-abdab86d1ec8e8f5,train
101241,#3 & 4 INTAKE LEAKING.,REMOVED & REPLACED GASKETS.,EC-10956cdabbd1e3ce,LG-10956cdabbd1e3ce,dev
101242,"#2, 3 & 4 ROCKER COVERS LEAKING.",REMOVED & REPLACED GASKETS.,EC-33b7fd66e1bc9d80,LG-608d782c2258dd59,train
101243,RIVET SHEARED @ R/H AFT BAFFLE.,REMOVED BAFFLE FROM A/C. REMOVED & REPLACED DAMAGED RIV,EC-5a0070aeeec94817,LG-5a0070aeeec94817,test
101244,R/H ENGINE OIL RETURN LINES ARE LEAKING.,LEAK CHECK GOOD.,EC-aca7e88d36b83a66,LG-a85c6c620d47d8d5,train
101245,R/H ENGINE OIL RETURN LINES ARE LEAKING.,TIGHTENED CLAMPS.,EC-aca7e88d36b83a66,LG-a85c6c620d47d8d5,train
101246,R/H ENGINE #3 INTAKE IS LEAKING.,REMOVED & REPLACED GASKET.,EC-d232b913fbf175f4,LG-4285908bb8f7434c,train
101247,L/H ENGINE #4 INTAKE IS LEAKING.,REMOVED & REPLACED GASKET W/ NEW.,EC-36c8899c6d840941,LG-4285908bb8f7434c,train
101248,L/H ENGINE #3 ROCKER COVER IS LEAKING.,REMOVED & REPLACED GASKET W/ NEW.,EC-d18d5f5546cb39f7,LG-608d782c2258dd59,train
101249,R/H ENGINE #2 & 3 ROCKER COVERS ARE LEAKING.,REMOVED & REPLACED GASKETS.,EC-808aa8806dba6079,LG-608d782c2258dd59,train
101250,#3 ROCKER COVER IS LEAKING.,REMOVED & REPLACED GASKET.,EC-a0b3e63ece653165,LG-608d782c2258dd59,train
101251,#3 INTAKE IS LEAKING.,REMOVED & REPLACED INTAKE GASKET W/ NEW.,EC-bc65a72634be2ce3,LG-10956cdabbd1e3ce,dev
101252,CYL #1 ROCKER COVER GASKET LEAKING.,REMOVED & REPLACED ROCKER COVER GASKET.,EC-bf1f39d7a4256a12,LG-608d782c2258dd59,train
101253,L/H BUTTON PLUG IS WORN.,REMOVED & REPLACED BUTTON PLUG W/ NEW.,EC-931829d74fc2a898,LG-931829d74fc2a898,test
101254,"WHILE TAXING, ENGINE COUGHED & SPUTTERED ANYTIME RPMS WERE B",ENGINE RAN SMOOTH AT DIFFERENT SETTINGS.,EC-7a38fdc8b3bd2142,LG-7a38fdc8b3bd2142,test
101255,"WHILE TAXING, ENGINE COUGHED & SPUTTERED ANYTIME RPMS WERE B","RAN ENGINE. NOTED DISCREPANCY, ROUGH ENGINE BELOW 1000",EC-7a38fdc8b3bd2142,LG-7a38fdc8b3bd2142,test
101256,CYL #2 INTAKE PIPE GASKET LEAKING.,REMOVED & REPLACED INTAKE GASKET.,EC-c8ff21bca89816db,LG-c8ff21bca89816db,train
101257,#2 CYL ROCKER COVER GASKET LEAKING.,REMOVED & REPLACED ROCKER GASKET W/ NEW.,EC-a8ddc92dbdb74855,LG-608d782c2258dd59,train
101258,R/H ENG OIL COOLER BAFFLE CRACKED.,REPLACED CRACKED BAFFLE W/ SERVICEABLE BAFFLE.,EC-bb9b155b7b6de5fd,LG-bb9b155b7b6de5fd,train
101259,ROCKER COVER GASKET CYL #2 & 3 LEAKING.,REMOVED & REPLACED ROCKER COVER GASKETS.,EC-00aceaa4107d64a5,LG-608d782c2258dd59,train
101260,INTERCYLINDER BAFFLE SUPPORT ROD BROKEN.,REMOVED & REPLACED INTERCYLINDER BAFFLE ROD.,EC-409675ee2d11a974,LG-409675ee2d11a974,train
101261,R/H ENG OIL RETURN LIKE CLAMPS ARE LOOSE.,TIGHTENED CLAMPS.,EC-43e59c8ce2d53eba,LG-43e59c8ce2d53eba,dev
101262,R/H ENG BAFFLE CRACKED BY OIL COOLER.,"REMOVED OIL COOLER, CLEANED AREA - NO CRACKING NOTED. R",EC-486dfcf538c059ba,LG-486dfcf538c059ba,train
101263,"L/H ENG, CYL #3 ROCKER COVER GASKET IS LEAKING.",REMOVED & REPLACED L/H ENG CYL #3 ROCKER COVER GASKET.,EC-e26974019c1cf174,LG-608d782c2258dd59,train
101264,CYL #3 ROCKER COVER IS MISSING A SCREW.,INSTALLED NEW SCREW.,EC-80ff727524deac8a,LG-5ee79aeba0a4b297,test
101265,#2 ROCKER COVER IS LEAKING.,REMOVED & REPLACED GASKET.,EC-9f1eed7e562e8bbc,LG-608d782c2258dd59,train
101266,CYL #2 INTAKE IS LEAKING.,REMOVED & REPLACED #2 INTAKE GASKET.,EC-43ae0969db11ee02,LG-4285908bb8f7434c,train
101267,WIRING HOLDER BROKEN ON CYL #1.,REMOVED & REPLACED ANCHOR STAND ASSY.,EC-d52fe595f1a236d4,LG-d52fe595f1a236d4,test
101268,#3 ROCKER COVER GASKET LEAKING.,REMOVED & REPLACED GASKET.,EC-cd33c56b9090b89a,LG-608d782c2258dd59,train
101269,#4 INTAKE GASKET LEAKING.,REPLACED W/ NEW GASKET.,EC-57acd94dcdde4ef3,LG-4285908bb8f7434c,train
101270,#2 INDUCTION TUBE GASKET LEAKING.,REPLACED GASKET.,EC-abec8430bec9f461,LG-abec8430bec9f461,test
101271,HIDDEN DAMAGE INSP REQUIRED FOR ENG FIRE.,"PERFORMED HIDDEN DAMAGE ON AFFECTED AREA, NO DAMAGE NOT",EC-cc14b774278ea50b,LG-cc14b774278ea50b,train
101272,#2 INTAKE IS LEAKING.,REMOVED & REPLACED GASKET W/ NEW.,EC-8ec828272e86c6c2,LG-10956cdabbd1e3ce,dev
101273,CYLINDER #3 ROCKER COVER IS LEAKING.,REPLACED ROCKER COVER GASKET.,EC-3f801b1b8ae48dd4,LG-608d782c2258dd59,train
101274,"#2 & 1 INTAKE, R/H ENGINE, LEAKING.",REMOVED & REPLACED GASKETS.,EC-f61794beedb2a155,LG-f61794beedb2a155,train
101275,#2 ROCKER COVER IS LEAKING.,REMOVED & REPLACED ROCKER COVER GASKET.,EC-9f1eed7e562e8bbc,LG-608d782c2258dd59,train
101276,"L/H ENG INTAKE GASKET, CYL #2, LEAKING.",REMOVED & REPLACED GASKET FOR L/H ENG CYL #2 INTAKE.,EC-962a2251cf078b67,LG-962a2251cf078b67,train
101277,"L/H ENG CYL #1, 2 & 3 ROCKER COVER GASKETS LEAKING.","REMOVED & REPLACED L/H ENG CYL #1, 2, 3 ROCKER COVER GA",EC-df16cbd12aeb6874,LG-608d782c2258dd59,train
101278,#2 ROCKER COVER IS LEAKING.,REMOVED & REPLACED ROCKER COVER GASKETS ON CYL #1 & 2.,EC-9f1eed7e562e8bbc,LG-608d782c2258dd59,train
101279,#2 ROCKER COVER IS LEAKING.,REMOVED & REPLACED GASKET.,EC-9f1eed7e562e8bbc,LG-608d782c2258dd59,train
101280,#4 ROCKER COVER IS LEAKING.,REMOVED & REPLACED GASKET.,EC-59c5dc8b564981cd,LG-608d782c2258dd59,train
101281,#6 COWL SHOCK MOUNT TORN.,REMOVED & REPLACED COWL SHOCK MOUNT.,EC-6a2c5d47fc049481,LG-6a2c5d47fc049481,train
101282,#2 INTAKE LEAKING ON L/H ENGINE.,REMOVED & REPLACED #2 INTAKE GASKET.,EC-36d820a8dd9d2bae,LG-4285908bb8f7434c,train
101283,#3 ROCKER COVER LEAKING ON L/H ENGINE.,REMOVED & REPLACED #3 ROCKER GASKET.,EC-6ed23840414e91b3,LG-608d782c2258dd59,train
101284,ROCKER COVERS 1 & 3 LEAKING ON R/H ENGINE.,REMOVED & REPLACED ROCKER GASKETS.,EC-c0be2fe48430b615,LG-608d782c2258dd59,train
101285,ROCKER COVER GASKET #3 TORN.,REMOVED & REPLACED ROCKER COVER GASKET.,EC-3e78def69dd02bd0,LG-d4f07a3229c920c8,test
101286,L/H & R/H ENGINE BAFFLE PLUGS DAMAGED.,REMOVED & REPLACED L/H & R/H ENGINE BAFFLE PLUGS.,EC-a35b550497c9ab15,LG-a35b550497c9ab15,test
101287,L/H ENG #4 CYL INTAKE GASKET IS LEAKING.,REMOVED & REPLACED GASKET.,EC-9187c760c59569da,LG-4285908bb8f7434c,train
101288,L/H ENG #3 CYL ROCKER COVER GASKET IS LEAKING.,REMOVED & REPLACED GASKET.,EC-1bdc9b2af19e0fc2,LG-608d782c2258dd59,train
101289,#3 INTAKE TUBE RUBBING ON BAFFLE.,ADJUSTED BAFFLE.,EC-8898b8488343f3b0,LG-8898b8488343f3b0,train
101290,#2 INTAKE TUBE LEAKS AT CYLINDER.,REMOVED & REPLACED INTAKE TUBE GASKET & SEAL.,EC-4a8860d049a34f17,LG-4a8860d049a34f17,test
101291,LOOSE ENGINE GROUND.,TIGHTENED ENGINE GROUND CABLE.,EC-fb41c811773d7f42,LG-fb41c811773d7f42,train
101292,INTAKE GASKET CYL #4 LEAKING.,REMOVED & REPLACED INTAKE GASKET.,EC-13eb31fa1710e12a,LG-4285908bb8f7434c,train
101293,ROCKER COVER GASKET CYL #4 LEAKING.,REMOVED & REPLACED ROCKER COVER GASKET.,EC-e079c434489f92f7,LG-608d782c2258dd59,train
101294,BAFFLE SUPPORT STEEL ROD CYL #2 & 4 MISSING.,INSTALLED NEW BAFFLE FASTENER FOR CYL #2 & 4.,EC-3672a5a4a8fc10b2,LG-3672a5a4a8fc10b2,train
101295,INTAKE GASKETS CYL #2 & #4 LEAKING.,REMOVED & REPLACED INTAKE GASKETS.,EC-d4fb98aa2257bc98,LG-4285908bb8f7434c,train
101296,"ROCKER COVER GASKETS, CYL #2 & 4 LEAKING.",REMOVED & REPLACED ROCKER COVER GASKETS.,EC-1bc2287d4bc80c08,LG-f33e2e875bf4b51a,train
101297,#3 CYL AFT BAFFLE BRACKET LOOSE. BRACKET SECURED TO ENGINE C,"REMOVED #3 AFT BAFFLE, REPLACED SCREWS IN BRACKET. REIN",EC-22055def81bd1a0d,LG-22055def81bd1a0d,train
101298,R/H BAFFLE PLUG NEEDS TO BE REPLACED.,INSTALLED NEW BAFFLE PLUG.,EC-e42824d9ad370610,LG-d671d8fdeb671d58,train
101299,#3 ROCKER COVER GASKET IS TORN.,INSTALLED NEW #3 ROCKER BOX COVER GASKET.,EC-ad96769c4f0e1d52,LG-d4f07a3229c920c8,test
101300,#2 ROCKER COVER LEAKING.,REMOVED & REPLACED #2 ROCKER COVER GASKET.,EC-c85bc86f75e7cd5b,LG-608d782c2258dd59,train
101301,#3 INTAKE IS LEAKING.,REMOVED & REPLACED GASKET.,EC-bc65a72634be2ce3,LG-10956cdabbd1e3ce,dev
101302,#3 ROCKER COVER IS LEAKING.,REMOVED & REPLACED GASKET.,EC-a0b3e63ece653165,LG-608d782c2258dd59,train
101303,ROCKER COVER GASKET #3 TORN.,REMOVED & REPLACED ROCKER COVER GASKET.,EC-3e78def69dd02bd0,LG-d4f07a3229c920c8,test
101304,SIDE BAFFLE PLUGS ARE MISSING FINGERS.,REPLACED W/ NEW PLUGS.,EC-4b47e541eda06f3d,LG-4b47e541eda06f3d,train
101305,L/H ENGINE #2 & 4 ROCKER COVERS ARE LEAKING.,REMOVED & REPLACED ROCKER COVER GASKETS.,EC-d228fcec8a1b2957,LG-608d782c2258dd59,train
101306,ROCKER COVER GASKETS CYL #2 & 3 LEAKING.,REMOVED & REPLACED ROCKER COVER GASKET.,EC-785e85732e983b13,LG-608d782c2258dd59,train
101307,INTAKE TUBE LEAKING AT CONNECTION POINT W/ OIL SUMP CYL #4.,"CLEANED & PERFORMED ENGINE RUN UP, CONFIRMED DISCREPANC",EC-9705c06182e91191,LG-9705c06182e91191,test
101308,INTAKE TUBE LEAKING AT CONNECTION POINT W/ OIL SUMP CYL #4.,RESWAGED INTAKE PIPE IAW LYCOMING OVERHAUL MANUAL & INS,EC-9705c06182e91191,LG-9705c06182e91191,test
101309,UPPER R/H BAFFLE SEAL LOOSE.,RESECURED BAFFLE SEAL.,EC-0b3eca1fdc4edfdc,LG-0b3eca1fdc4edfdc,test
101310,"R/H ENGINE RUNNING ROUGH. ENGINE WAS FINE @ LOW ALTITUDES, O","RAN UP A/C, NO ENGINE ROUGHNESS NOTED. CHECKED GOOD AT",EC-586b6e3addaa7240,LG-586b6e3addaa7240,train
101311,CYL #4 AFT BAFFLE CRACKED.,STOP DRILLED CRACK ON BAFFLE.,EC-d4ab15ad3e2de65b,LG-e3b964f842fc4352,test
101312,CYL #4 & 2 ROCKER COVER GASKETS LEAKING.,REMOVED & REPLACED ROCKER COVER GASKETS.,EC-e4112970f83e7d8b,LG-608d782c2258dd59,train
101313,INTAKE #2 LEAKING ON L/H ENGINE.,INSTALLED NEW INTAKE GASKET.,EC-d1375d8022cd1121,LG-4285908bb8f7434c,train
101314,#2 ROCKER SHAFT THRUST PLUG BROKEN.,INSTALLED NEW ROCKER SHAFT THRUST BUTTON.,EC-f77ae0d81ff3effe,LG-f77ae0d81ff3effe,train
101315,"ROCKER COVERS 2, 3 & 4 LEAKING ON L/H ENGINE.",INSTALLED NEW ROCKER BOX COVER GASKETS.,EC-65776225a9e1ee4c,LG-608d782c2258dd59,train
101316,LEFT REAR BAFFLE CRACKED ON R/H ENGINE.,REMOVED & REPLACED LEFT REAR BAFFLE ON R/H ENGINE.,EC-5992688b929068f2,LG-5992688b929068f2,train
101317,#2 INTAKE GASKET LEAKING.,REPLACED GASKET.,EC-1fec9b07493816ca,LG-4285908bb8f7434c,train
101318,#3 ROCKER GASKET IS LEAKING.,REPLACED ROCKER GASKET.,EC-cbe25f87b331073d,LG-608d782c2258dd59,train
101319,L/H ENGINE CYL #2 & 3 INTAKE GASKETS LEAKING.,REMOVED & REPLACED INTAKE GASKETS.,EC-3c740f4aba2cde3d,LG-4285908bb8f7434c,train
101320,L/H ENGINE CYL #3 ROCKER COVER GASKET LEAKING.,REMOVED & REPLACED #3 ROCKER COVER GASKET.,EC-6105136f8782cbb6,LG-608d782c2258dd59,train
101321,"R/H ENGINE, CYL #3 ROCKER COVER GASKET LEAKING.",REMOVED & REPLACED #3 ROCKER COVER GASKET.,EC-bfd610074b616d7e,LG-608d782c2258dd59,train
101322,#1 INTAKE GASKET LEAKING.,REPLACED GASKET.,EC-66c69e07864cfa3c,LG-4285908bb8f7434c,train
101323,#3 ROCKER COVER GASKET IS LEAKING.,REMOVED & REPLACED GASKET.,EC-668b0cc7cc9d412d,LG-608d782c2258dd59,train
101324,ROCKER COVER GASKET ON CYL #2 LEAKING.,REMOVED & REPLACED ROCKER COVER GASKET.,EC-d322e01d75b1b07b,LG-608d782c2258dd59,train
101325,"SHEARED RIVET ON CYL #3 BAFFLE, AFT.",REPLACED RIVETS W/ SCREWS/WASHERS/NUTS.,EC-f4cebd8c33d12f82,LG-f4cebd8c33d12f82,test
101326,#2 & 4 CYL ROCKER COVER GASKETS LEAKING.,REMOVED & REPLACED ROCKER COVER GASKETS.,EC-b9b0eb2f06c6bc2f,LG-608d782c2258dd59,train
101327,"CYL #3 INTAKE TUBE FLANGE LEAKING FUEL, CONNECTION BETWEEN T",RESWAGED INTAKE TUBE IAW LYCOMING OVERHAUL,EC-6b49fed3a389c24a,LG-6b49fed3a389c24a,train
101328,#1 ROCKER COVER IS LEAKING.,REMOVED & REPLACED ROCKER COVER BRACKET.,EC-979a2371e346f510,LG-608d782c2258dd59,train
101329,TOP BAFFLE BACK SIDE RIVETS MISSING.,INSTALLED SCREWS WHERE RIVETS MISSING.,EC-5bb0a310fb41c216,LG-5bb0a310fb41c216,dev
101330,#1 CYLINDER STAND OFF IS BROKEN.,REMOVED & REPLACED PLASTIC HOLDER ON STAND OFF & RESECU,EC-2526470a13bfc772,LG-2526470a13bfc772,train
101331,#2 & 3 ROCKER COVERS ARE LEAKING.,REMOVED & REPLACED ROCKER COVER GASKETS.,EC-c4aca519294e0ea6,LG-608d782c2258dd59,train
101332,FWD R/H SIDE ENGINE BAFFLE CRACKED.,STOP DRILLED CRACK IN FWD R/H ENGINE BAFFLE.,EC-15f761dc9e6351d8,LG-15f761dc9e6351d8,dev
101333,"CYL #1, 2 INTAKE GASKETS ARE LEAKING.","REMOVED & REPLACED CYL #1, 2 INTAKE GASKETS.",EC-44d3969a1e4ed7ab,LG-4285908bb8f7434c,train
101334,INTAKE GASKET CYL #4 LEAKING.,REMOVED & REPLACED INTAKE GASKET.,EC-13eb31fa1710e12a,LG-4285908bb8f7434c,train
101335,ROCKER COVER GASKET CYL #2 LEAKING.,REMOVED & REPLACED ROCKER COVER GASKET.,EC-e88efc07588299e6,LG-608d782c2258dd59,train
101336,#3 INTAKE LEAKING ON L/H ENGINE.,REPLACED GASKET.,EC-d5214a798d419c0a,LG-4285908bb8f7434c,train
101337,BAFFLE CORNER BY CYL #4 CRACKED.,STOP DRILLED CRACK.,EC-12da1e63c38901f6,LG-12da1e63c38901f6,train
101338,"CYL #1, 3, 2 ROCKER COVER GASKETS LEAKING.",REMOVED & REPLACED ROCKER COVER GASKETS.,EC-6c30b32d6b1b2050,LG-608d782c2258dd59,train
101339,REAR ENGINE BAFFLE BRACKET LOOSE.,"REMOVED BAFFLE, INSTALLED NEW RIVETS TO HOLD BRACKET. R",EC-df210ebf21cac390,LG-df210ebf21cac390,test
101340,ENGINE OVERSPEED TO 3300 RPM.,"CHANGED OIL FILTER, CHECKED SUMP SCREEN, CHANGED OIL &",EC-520981b327c6a763,LG-520981b327c6a763,train
101341,R/H ENG BAFFLE SCREW MISSING.,REPLACED SCREW.,EC-6d665da4e1fc04e4,LG-ac09d330d3a5d8db,dev
101342,A/C WOULDN'T START.,"STARTED A/C, CHECKED OK.",EC-7ed0f24844d6fe74,LG-7ed0f24844d6fe74,train
101343,#3 INTAKE LEAKING ON R/H ENGINE.,REMOVED & REPLACED #3 INTAKE GASKET ON R/H ENGINE.,EC-e8bee9035a1deeb3,LG-4285908bb8f7434c,train
101344,#2 INTAKE IS LEAKING.,REPLACED GASKET.,EC-8ec828272e86c6c2,LG-10956cdabbd1e3ce,dev
101345,#2 ROCKER COVER IS LEAKING.,REMOVED & REPLACED GASKET.,EC-9f1eed7e562e8bbc,LG-608d782c2258dd59,train
101346,R/H BACK BAFFLE RIVET HEAD IS SHEARED.,COMPLETED REASSEMBLY.,EC-c3049e63ed2066da,LG-c3049e63ed2066da,train
101347,R/H BACK BAFFLE RIVET HEAD IS SHEARED.,"REMOVED BACK BAFFLE, INSTALLED SCREWS WHERE RIVETS WHER",EC-c3049e63ed2066da,LG-c3049e63ed2066da,train
101348,"R/H, L/H ENGINE BAFFLE SEAL LOOSE.",RESECURED R/H & L/H BAFFLE SEAL.,EC-85e14ea935ac404c,LG-85e14ea935ac404c,train
101349,"#2, 3 & 4 CYLINDER ROCKER COVER GASKETS LEAKING.",REMOVED & REPLACED ROCKER COVER GASKETS.,EC-a5d5e813009351b3,LG-608d782c2258dd59,train
101350,L/H #2 & 3 ROCKER GASKETS LEAKING.,REMOVED & REPLACED ROCKER COVER GASKETS.,EC-43eaefda840dbdba,LG-608d782c2258dd59,train
101351,R/H #2 & 4 ROCKER GASKETS LEAKING.,REMOVED & REPLACED ROCKER COVER GASKETS.,EC-efed90808c98698b,LG-608d782c2258dd59,train
101352,#2 ROCKER COVER GASKET LEAKING.,REMOVED & REPLACED ROCKER COVER GASKET.,EC-8828e17d0b33db57,LG-608d782c2258dd59,train
101353,#3 ROCKER COVER GASKET LEAKING.,REMOVED & REPLACED ROCKER COVER GASKET.,EC-cd33c56b9090b89a,LG-608d782c2258dd59,train
101354,#3 ROCKER COVER LEAKING ON L/H ENGINE.,REMOVED & REPLACED GASKET.,EC-6ed23840414e91b3,LG-608d782c2258dd59,train
101355,#2 INTAKE LEAKING ON L/H ENGINE.,REMOVED & REPLACED INTAKE GASKET.,EC-36d820a8dd9d2bae,LG-4285908bb8f7434c,train
101356,R/H ENG #2 & 4 CYL ROCKER COVER GASKETS ARE LEAKING.,REMOVED & REPLACED GASKETS.,EC-934b7604a8411773,LG-608d782c2258dd59,train
101357,R/H ENG #1 & 3 INTAKE GASKETS ARE LEAKING.,REMOVED & REPLACED INTAKE GASKETS ON R/H ENGINE.,EC-16654f95f4404fbe,LG-4285908bb8f7434c,train
101358,ALL 4 ROCKER GASKETS ARE LEAKING.,REPLACED W/ NEW ROCKER GASKETS. LEAK CHECK GOOD.,EC-a502f91c87904154,LG-f0f174a9dcdc1ded,dev
101359,#2 & 3 INTAKE GASKETS ARE LEAKING.,REPLACED W/ NEW INTAKE GASKETS. LEAK CHECK GOOD.,EC-353debee5e76a443,LG-4285908bb8f7434c,train
101360,"#1, 2, 3 & 4 ROCKER COVER GASKETS LEAKING.",REMOVED & REPLACED ROCKER COVER GASKETS.,EC-033de80eb998c4f7,LG-608d782c2258dd59,train
101361,#3 ROCKER COVER IS LEAKING.,REMOVED & REPLACED #3 ROCKER COVER GASKET.,EC-a0b3e63ece653165,LG-608d782c2258dd59,train
101362,#2 & 3 INTAKES LEAKING ON L/H ENGINE.,REMOVED & REPLACED GASKETS.,EC-8e21f9fd40603ed5,LG-4285908bb8f7434c,train
101363,R/H ENGINE #2 ROCKER COVER GASKET LEAKING.,REMOVED & REPLACED GASKET.,EC-0fda28bf8c34be41,LG-608d782c2258dd59,train
101364,#2 & 3 ROCKER COVERS LEAKING ON L/H ENGINE.,REMOVED & REPLACED GASKETS.,EC-97313ccfaefbd63c,LG-608d782c2258dd59,train
101365,L/H CARB HEAT BRACKET LOOSE.,REMOVED & REPLACED LOOSE RIVETS.,EC-69b4db4e952fe076,LG-69b4db4e952fe076,train
101366,R/H #4 INTAKE GASKET IS LEAKING.,REMOVED & REPLACED INTAKE GASKET.,EC-a86c0dd40a393f66,LG-4285908bb8f7434c,train
101367,#3 ROCKER COVER LEAKING.,REOVED & REPLACED #3 ROCKER COVER GASKET.,EC-4774d48aa3f463c3,LG-608d782c2258dd59,train
101368,#1 ROCKER COVER GASKET LEAKING.,REMOVED & REPLACED ROCKER COVER GASKET.,EC-3466c922bf8446a2,LG-608d782c2258dd59,train
101369,MIXTURE CHECK FAILS - RPM 200 RISE.,"RAN A/C, ADJUSTED IDLE MIXTURE IAW HMI, CHECKS GOOD.",EC-d949c2ef19e6ac70,LG-d949c2ef19e6ac70,train
101370,#4 INTAKE GASKET IS LEAKING.,REMOVED & REPLACED INTAKE GASKET.,EC-0489f0dc14177ee4,LG-4285908bb8f7434c,train
101371,AFT BAFFLE BRACKET MISSING SCREW.,INSTALLED NEW SCREW ON BAFFLE.,EC-85278a2dacd40b73,LG-85278a2dacd40b73,test
101372,#3 & 4 INTAKE GASKETS ARE LEAKING.,REPLACED GASKETS.,EC-472b5996c0c6ce72,LG-4285908bb8f7434c,train
101373,#2 INTAKE GASKET IS LEAKING.,REMOVED & REPLACED GASKET W/ NEW.,EC-53f353a420cf4fcc,LG-4285908bb8f7434c,train
101374,L/H AFT BAFFLE CRACKED.,STOP DRILLED CRACK ON AFT BAFFLE.,EC-5fc63dcee278cda6,LG-e3b964f842fc4352,test
101375,"ROCKER COVER GASKETS CYL #2, 3 & 4 LEAKING.",REMOVED & REPLACED ROCKER COVER GASKETS.,EC-764fd146e0f57557,LG-608d782c2258dd59,train
101376,R/H AFT BAFFLE SUPPORT RIVETS SHEARED.,REMOVED BAFFLE. DRILLED OUT SHEARED RIVETS. INSTALLED S,EC-322035e3d27066cf,LG-322035e3d27066cf,train
101377,TOP BAFFLE IS CRACKED.,FABRICATED PATCHES OUT OF LIKE MATERIAL & INSTALLED. RI,EC-33bea9d24b13dd29,LG-33bea9d24b13dd29,train
101378,L/H AFT BAFFLE IS CRACKED.,FABRICATED PATCH OUT OF LIKE MATERIAL & INSTALLED. RIVE,EC-6dfaaa9db3407e39,LG-e3b964f842fc4352,test
101379,L/H SIDE BAFFLE IS CRACKED.,PROCURED SERVICEABLE SIDE BAFFLE - INSTALLED ON PD #2.,EC-5d082a80d9ef7536,LG-13dec33e5f80d531,dev
101380,R/H SIDE BAFFLE IS CRACKED.,PATCHED R/H SIDE BAFFLE W/ LIKE MATERIAL. RIVETING IAW,EC-52d11ae877fa329d,LG-13dec33e5f80d531,dev
101381,INDUCTION AIR FILTER CAN BE REPLACED.,INSTALLED NEW FILTER. NEXT DUE @ 3961.3 TACH.,EC-a645b679de16089b,LG-a645b679de16089b,test
101382,BOTH LOWER DEFLECTORS CRACKED.,PATCHED DEFLECTORS W/ LIKE MATERIAL.,EC-2629f5f49f069e89,LG-2629f5f49f069e89,train
101383,FWD L/H BAFFLE ANTI-CHAFE STRIP FELL OFF.,CLEANED BAFFLE & REINSTALLED ANTI-CHAFE STRIP.,EC-98eb2f79c280acd6,LG-98eb2f79c280acd6,train
101384,#3 INTAKE LEAKING.,REMOVED & REPLACED INTAKE GASKET.,EC-6f9c95f514a1077a,LG-10956cdabbd1e3ce,dev
101385,R/H #3 AFT BAFFLE CRACKED.,STOP DRILLED CRACK.,EC-de7165a99b648b3b,LG-e3b964f842fc4352,test
101386,L/H #3 INTAKE GASKET LEAKING.,REMOVED & REPLACED INTAKE GASKET.,EC-766ac5a58723f13e,LG-4285908bb8f7434c,train
101387,R/H #2 & 4 INTAKE GASKETS LEAKING.,REMOVED & REPLACED INTAKE GASKETS.,EC-765777450833118a,LG-4285908bb8f7434c,train
101388,L/H ALL 4 ROCKER GASKETS ARE LEAKING.,REMOVED & REPLACED ALL ROCKER COVER GASKETS.,EC-3cc094070cdd7bcb,LG-f0f174a9dcdc1ded,dev
101389,R/H ENG ALL 4 ROCKER GASKETS ARE LEAKING.,REMOVED & REPLACED ALL ROCKER COVER GASKETS.,EC-4c232f5c46e77c80,LG-f0f174a9dcdc1ded,dev
101390,ENGINE IS DIRTY.,WASHED ENGINE.,EC-15dccda7847407ab,LG-15dccda7847407ab,train
101391,#2 ROCKER COVER IS LEAKING.,REMOVED & REPLACED ROCKER COVER GASKET.,EC-9f1eed7e562e8bbc,LG-608d782c2258dd59,train
101392,"#1, 3, 4 ROCKER COVERS ARE LEAKING.",REMOVED & REPLACED GASKETS.,EC-7b7e12776e8e23a1,LG-608d782c2258dd59,train
101393,"CYL #2, 1 ROCKER COVER GASKETS LEAKING.",REPLACED ROCKER COVER GASKETS.,EC-8329921f7236c253,LG-608d782c2258dd59,train
101394,ROCKER COVER GASKET FROM #3 CYLINDER TORN.,REMOVED & REPLACED W/ NEW GASKET.,EC-bad14c20a04ea31b,LG-bad14c20a04ea31b,train
101395,REAR R/H ENGINE BAFFLE BRACKET RIVETS SHEARED.,"REMOVED REAR R/H ENGINE BAFFLE, INSTALLED NEW RIVETS TO",EC-d09f6cebb7a30d16,LG-129791cf3720b6d6,train
101396,#3 INTAKE LEAKING.,REMOVED & REPLACED #3 INTAKE GASKET.,EC-6f9c95f514a1077a,LG-10956cdabbd1e3ce,dev
101397,R/H REAR ENGINE BAFFLE SCREW LOOSE.,TIGHTENED SCREW.,EC-898b9dc5dfa45f87,LG-898b9dc5dfa45f87,dev
101398,ENGINE IS DIRTY.,CLEANED ENGINE.,EC-15dccda7847407ab,LG-15dccda7847407ab,train
101399,#2 INTAKE IS LEAKING.,REMOVED & REPLACED GASKET.,EC-8ec828272e86c6c2,LG-10956cdabbd1e3ce,dev
101400,MISSING SCREW FRONT BAFFLE ON R/H SIDE.,INSTALLED NEW SCREW.,EC-84e8c1082d2f1dc2,LG-84e8c1082d2f1dc2,train
101401,"#1, 2 & 4 ROCKER COVERS ARE LEAKING.",REMOVED & REPLACED GASKETS.,EC-afed9e3889fdf253,LG-608d782c2258dd59,train
101402,#3 INTAKE GASKET IS LEAKING.,REPLACED GASKET.,EC-17660b2a9cc00433,LG-4285908bb8f7434c,train
101403,#2 & 3 ROCKER GASKET LEAKING.,REMOVED & REPLACED GASKET.,EC-ce48754b324718cb,LG-608d782c2258dd59,train
101404,ROCKER COVER GASKET #3 CYL LEAKING.,REMOVED & REPLACED ROCKER COVER GASKET.,EC-439a14d1531ecccb,LG-608d782c2258dd59,train
101405,"AFT ENGINE BAFFLE BY CYL #3, SUPPORT SECURED TO ENGINE CASE",REMOVED & REPLACED RIVETS FOR ENGINE BAFFLE BRACKET BY,EC-7a08d8e8c75b0cef,LG-7a08d8e8c75b0cef,train
101406,#3 ROCKER COVER LEAKING ON L/H ENGINE.,REPLACED GASKET.,EC-6ed23840414e91b3,LG-608d782c2258dd59,train
101407,#2 ROCKER COVER LEAKING ON R/H ENGINE.,REMOVED & REPLACED ROCKER COVER GASKET.,EC-24ebe98149e40304,LG-608d782c2258dd59,train
101408,CYL #2 INTAKE GASKET LEAKING.,REMOVED & REPLACED GASKET.,EC-804e232273da2515,LG-4285908bb8f7434c,train
101409,CYL #1 ROCKER COVER GASKET LEAKING.,REMOVED & REPLACED ROCKER COVER GASKET.,EC-bf1f39d7a4256a12,LG-608d782c2258dd59,train
101410,REAR R/H ENGINE BAFFLE BRACKET CRACKED.,REMOVED REAR R/H ENGINE BAFFLE. FABRICATED NEW BRACKET,EC-5cbd122cc9bf30af,LG-5cbd122cc9bf30af,test
101411,R/H REAR ENGINE BAFFLE MOUNTING SCREW MISSING.,INSTALLED NEW SCREW.,EC-f1e73774ba72fb3a,LG-f1e73774ba72fb3a,train
101412,#2 & 4 ROCKER COVER IS LEAKING.,REMOVED & REPLACED ROCKER COVER GASKETS.,EC-1d0c91c87bb1bb6b,LG-608d782c2258dd59,train
101413,ENGINE IS DIRTY.,WASHED ENGINE.,EC-15dccda7847407ab,LG-15dccda7847407ab,train
101414,CYL #1 FWD BAFFLE IS CRACKED.,STOP DRILLED CYL #1 FWD BAFFLE.,EC-c02e401d27e7432e,LG-15f761dc9e6351d8,dev
101415,#3 ROCKER COVER IS LEAKING.,REMOVED & REPLACED #3 ROCKER COVER GASKET.,EC-a0b3e63ece653165,LG-608d782c2258dd59,train
101416,STUDENT COULDN'T START A/C.,STARTED A/C.,EC-d35c2898486b6514,LG-d35c2898486b6514,train
101417,ENGINE RUNNING ROUGH AT IDLE.,RAN A/C & CONFIRMED DISCREPANCY.,EC-ae135077aa668c18,LG-ae135077aa668c18,train
101418,L/H ENGINE CYL #3 AFT BAFFLE CRACKED.,STOP DRILLED CRACK.,EC-c98651ba71341b49,LG-e3b964f842fc4352,test
101419,R/H ENG #3 INTAKE TUBE LEAKING.,REPLACED GASKET.,EC-c05304deaa046044,LG-ae9ab1f2ace76196,train
101420,"L/H ENG #2, 3 & 4 ROCKER BOX COVERS LEAKING.",REMOVED & REPLACED GASKETS.,EC-05d4a9d7e7cbca26,LG-9510fca4d1deffdb,test
101421,IMPELLER MAKING CONTACT W/ SCROLL.,CLEARANCED IMPELLER TO SCROLL BY REMOVING SHIM IN LOWER,EC-783b42fe1cd78366,LG-783b42fe1cd78366,train
101422,R/H ENG #2 CYL INTAKE GASKET IS LEAKING.,REMOVED & REPLACED GASKET.,EC-2693dc6ca5f0758d,LG-4285908bb8f7434c,train
101423,L/H ENG CYL # ROCKER COVER GASKET LEAKING.,REMOVED & REPLACED GASKET.,EC-5f7a7a19462557f9,LG-608d782c2258dd59,train
101424,"L/H ENG #4 CYL, AFT UPPER SUPPORT BRACKET CRACKED ON BAFFLE.",REMOVED & REPLACED BRACKET.,EC-8829444118716ea0,LG-8829444118716ea0,dev
101425,"R/H ENG CYL #3, 1 ROCKER COVER GASKETS LEAKING.","REMOVED & REPLACED R/H ENG CYL #1, 3 ROCKER COVER GASKE",EC-fd91a9ffafe52f44,LG-608d782c2258dd59,train
101426,#2 & 4 ROCKER COVERS ARE LEAKING.,REMOVED & REPLACED GASKET.,EC-e2fcde699ff41262,LG-608d782c2258dd59,train
101427,#3 ROCKER COVER GASKET LEAKING.,REMOVED & REPLACED GASKET W/ NEW.,EC-cd33c56b9090b89a,LG-608d782c2258dd59,train
101428,"ON CLIMB OUT, ENGINE LOST ABOUT 250 RPM ","RAN A/C, COULD NOT DUPLICATE PROBLEM.",EC-58d7f43e314b04df,LG-58d7f43e314b04df,test
101429,ROCKER COVER GASKETS CYL #2 & 4 LEAKING.,REMOVED & REPLACED ROCKER COVER GASKETS.,EC-a779f4a2a39498de,LG-608d782c2258dd59,train
101430,ENGINE OVER RIDE SPEED WAS 1225 RPM.,"RAN A/C, ADJUSTED IDLE SPEED, CHECKS GOOD.",EC-1719de848775943c,LG-1719de848775943c,test
101431,#1 ROCKER COVER IS LEAKING.,REMOVED & REPLACED GASKET.,EC-979a2371e346f510,LG-608d782c2258dd59,train
101432,CYL #3 EXT GASKET IS 1/2 GONE.,REPLACED EXT GASKET.,EC-0d4f05955a47c61d,LG-0d4f05955a47c61d,dev
101433,OIL COOLER LINES LACING CORD IS FALLLING APART.,REPLACED LANCING CORD.,EC-642b667a3d2045ea,LG-642b667a3d2045ea,train
101434,"R/H ENG CYL #4, 3 INTAKE GASKETS LEAKING.",REMOVED & REPLACED GASKETS.,EC-c814c37343979e9a,LG-c814c37343979e9a,test
101435,"L/H ENG CYL #1, 3 INTAKE GASKETS LEAKING.","REMOVED & REPLACED L/H ENG CYL #1, 3 INTAKE GASKETS.",EC-cac3f36969e89693,LG-4285908bb8f7434c,train
101436,"L/H ENG CYL #2, 3, 4 ROCKER COVER GASKETS LEAKING.",REMOVED & REPLACED LH/ ENG ROCKER COVER GASKETS.,EC-275cf52094e3963b,LG-608d782c2258dd59,train
101437,R/H ENG ALL CYL ROCKER COVER GASKETS LEAKING.,REMOVED & REPLACED ALL CYL ROCKER COVER GASKETS ON R/H,EC-eb995642a42c3af0,LG-608d782c2258dd59,train
101438,CYL #4 INTAKE GASKET LEAKING.,REMOVED & REPLACED INTAKE GASKET W/ NEW.,EC-e5b89fc5cfd3901f,LG-4285908bb8f7434c,train
101439,R/H ENG #3 CYL HAS LOW COMPRESSION (54/80).,"RAN A/C, RECHECKED COMPRESSION - NOW 65/80.",EC-f895c83919b1aa42,LG-f895c83919b1aa42,train
101440,R/H ENG #2 & 3 ROCKER COVERS ARE LEAKING.,REMOVED & REPLACED #2 & 3 ROCKER COVER GASKETS ON R/H E,EC-216925ac9fe46e6a,LG-608d782c2258dd59,train
101441,L/H ENGINE #1 & 3 ROCKER COVERS ARE LEAKING.,REMOVED & REPLACED L/H ENG #1 & 3 ROCKER COVER GASKETS.,EC-2d14fd8cb1b232d7,LG-608d782c2258dd59,train
101442,R/H ENGINE #4 CYLINDER AFT BAFFLE WIRE HARNESS TAB IS CRACKE,"REMOVED CRACKED PART, FABRICATED PART W/ SIMILAR MATERI",EC-2b646ef02fb24907,LG-2b646ef02fb24907,train
101443,#2 ROCKER COVER IS LEAKING.,REMOVED & REPLACED ROCKER COVER W/ NEW.,EC-9f1eed7e562e8bbc,LG-608d782c2258dd59,train
101444,#4 ROCKER COVER LEAKING.,REMOVED & REPLACED ROCKER COVER GASKET.,EC-fbe922c5be2d1674,LG-608d782c2258dd59,train
101445,#2 INTAKE GASKET IS LEAKING.,"REPLACED W/ NEW GASKET, LEAK CHECK GOOD.",EC-53f353a420cf4fcc,LG-4285908bb8f7434c,train
101446,#1 CYLINDER IS MISSING A ROCKER COVER SCREW.,INSTALLED SCREW & CHECKED ALL OTHER SCREWS - OK.,EC-44314ee4b83bbbc8,LG-5ee79aeba0a4b297,test
101447,INTAKE GASKET CYL #2 LEAKING.,REMOVED & REPLACED INTAKE GASKET.,EC-482382c0fffa0e7f,LG-4285908bb8f7434c,train
101448,ROCKER COVER GASKET CYL #4 LEAKING.,REMOVED & REPLACED ROCKER COVER GASKET.,EC-e079c434489f92f7,LG-608d782c2258dd59,train
101449,CYL #2 & 3 ROCKER COVERS ARE LEAKING.,REMOVED & REPLACED ROCKER COVER GASKETS.,EC-7a640008c00bc0c2,LG-608d782c2258dd59,train
101450,#3 CYLINDER EXHAUST VALVE PUSH ROD TUBE APPEARS TO BE LEAKIN,CLEANED AREA.,EC-1ffdc1b15ad9714f,LG-1ffdc1b15ad9714f,dev
101451,#3 CYLINDER EXHAUST VALVE PUSH ROD TUBE APPEARS TO BE LEAKIN,LEAK CHECK GOOD.,EC-1ffdc1b15ad9714f,LG-1ffdc1b15ad9714f,dev
101452,"INTAKES 2, 3 & 4 LEAKING ON R/H ENGINE.",REMOVED & REPLACED GASKETS.,EC-acfd9a8357993041,LG-4285908bb8f7434c,train
101453,INTAKES 2 & 4 LEAKING ON L/H ENGINE.,REMOVED & REPLACED INTAKE GASKETS.,EC-b5d087cd44a0b2a1,LG-4285908bb8f7434c,train
101454,"ROCKER COVERS 1, 2 & 4 LEAKING ON L/H ENGINE.",REMOVED & REPLACED ROCKER COVER GASKETS.,EC-83fa75b54254e056,LG-608d782c2258dd59,train
101455,#3 CYLINDER ON R/H ENGINE HAS LOW COMPRESSION.,RUN UP & LEAK CK GOOD (COMPRESSION 75/80).,EC-9af270b10708d8d8,LG-c3aa26ca83c3ba37,test
101456,#3 CYLINDER ON R/H ENGINE HAS LOW COMPRESSION.,"STAKED VALVES, REINSTALL COVER W/ NEW GASKET.",EC-9af270b10708d8d8,LG-c3aa26ca83c3ba37,test
101457,#3 CYLINDER ON R/H ENGINE HAS LOW COMPRESSION.,#3 CYL PRESS LOW EVEN AFTER ENGINE RUN UP. REMOVED R/H,EC-9af270b10708d8d8,LG-c3aa26ca83c3ba37,test
101458,#3 CYLINDER ON R/H ENGINE HAS LOW COMPRESSION.,"FOUND LEAKY INTAKE VALVE. DISASSEMBLED CYLINDER, DRESSE",EC-9af270b10708d8d8,LG-c3aa26ca83c3ba37,test
101459,#3 CYLINDER ON R/H ENGINE HAS LOW COMPRESSION.,DRY TAPPET CLEARANCE CK GOOD W/ SHORTER PUSH ROD ON INT,EC-9af270b10708d8d8,LG-c3aa26ca83c3ba37,test
101460,#3 CYLINDER ON R/H ENGINE HAS LOW COMPRESSION.,"HONED CYL, MEASURED BORE - CHECK OK. CLEANED PISTON, FI",EC-9af270b10708d8d8,LG-c3aa26ca83c3ba37,test
101461,"R/H ENG, #1 INTAKE IS LEAKING.",REMOVED & REPLACED INTAKE GASKET.,EC-984685a80da76454,LG-984685a80da76454,train
101462,"L/H ENG, #2 INTAKE TUBE GASKET LEAKING.",INSTALLED NEW INTAKE TUBE GASKET.,EC-b37478d084ed003a,LG-ae9ab1f2ace76196,train
101463,A/C WOULD NOT START.,STARTED A/C.,EC-9391d109a330dda0,LG-9391d109a330dda0,train
101464,"CYL #2, L/H ENG, INTAKE GASKET LEAKING.",REMOVED & REPLACED L/H ENG CYL #2 INTAKE GASKET.,EC-3f59571dd464d600,LG-4285908bb8f7434c,train
101465,"R/H ENG CYL #1, 2, 3 & 4 ROCKER COVERS LEAKING.",REMOVED & REPLACED R/H ENG ROCKER COVER GASKETS.,EC-710d04afb4d5304d,LG-710d04afb4d5304d,train
101466,"L/H ENG, CYL #1, 3, 4 ROCKER COVER GASKETS LEAKING.","REMOVED & REPLACED L/H ENG CYL #1, 3 & 4 ROCKER COVER G",EC-28d9769dd1ad0795,LG-608d782c2258dd59,train
101467,#1 CYL LWR INTAKE CLAMPS ARE LOOSE.,ADJUSTED BOTH CLAMPS TO ACCESS BETTER & TIGHTENED.,EC-3143012ab99ddd82,LG-3143012ab99ddd82,test
101468,#2 & 3 ROCKER COVERS LEAKING.,REMOVED & REPLACED GASKETS.,EC-0d8c3206b2edd8c0,LG-608d782c2258dd59,train
101469,CRACK IN AFT ENGINE BAFFLE @ OIL COOLER ON R/H ENGINE.,STOP DRILLED CRACK.,EC-988acf6f40f36218,LG-988acf6f40f36218,train
101470,#3 INTAKE LEAKING ON R/H ENGINE.,REMOVED & REPLACED #3 INTAKE GASKET ON R/H ENGINE.,EC-e8bee9035a1deeb3,LG-4285908bb8f7434c,train
101471,IDLE OVERRIDE LOW.,"PILOT RAN A/C, ADJUSTED IDLE SPEED. CHECKS GOOD.",EC-2c632ae9ec19fc66,LG-2c632ae9ec19fc66,test
101472,"#1, 3 & 4 CYLINDER ROCKER COVERS ARE LEAKING.","REPLACED ROCKER COVER GASKETS, CYL #3 HOLES HAD TO BE T",EC-0e70dd6b5ba5609b,LG-608d782c2258dd59,train
101473,CYL #2 ROCKER COVER GASKET LEAKING.,REMOVED & REPLACED ROCKER COVER GASKET.,EC-dd75f7cbb6fe4441,LG-608d782c2258dd59,train
101474,CYL #2 ROCKER COVER GASKET LEAKING.,REMOVED & REPLACED CYL #2 ROCKER COVER GASKET.,EC-dd75f7cbb6fe4441,LG-608d782c2258dd59,train
101475,SPARK PLUG ACCESS HOLE ON BAFFLE CYL #4 ELONGATED.,FABRICATED PATCH AROUND ACCESS HOLE & RIVETED,EC-f9f024fc89ff2b3a,LG-f9f024fc89ff2b3a,train
101476,#2 ROCKER COVER IS LEAKING.,REMOVED & REPLACED ROCKER COVER GASKET.,EC-9f1eed7e562e8bbc,LG-608d782c2258dd59,train
101477,CYL #2 INTAKE GASKET LEAKING.,REMOVED & REPLACED INTAKE GASKET.,EC-804e232273da2515,LG-4285908bb8f7434c,train
101478,"#2, 4 ROCKER COVER GASKETS LEAKING.","REMOVED & REPLACED #2, 4 ROCKER COVER GASKETS.",EC-a375a9522e708189,LG-608d782c2258dd59,train
101479,INTAKE GASKET CYL #2 LEAKING.,REMOVED & REPLACED INTAKE GASKET.,EC-482382c0fffa0e7f,LG-4285908bb8f7434c,train
101480,"ROCKER COVER GASKETS CYL #1, 2 & 3 LEAKING.",REMOVED & REPLACED ROCKER COVER GASKETS.,EC-df65fdfdf4abea53,LG-608d782c2258dd59,train
101481,"FRONT RUBBER BAFFLE ON ENGINE, R/H SIDE, RIPPED FROM MOUNTIN",INSTALLED NEW RIVET ON BAFFLE.,EC-95562157212d845d,LG-95562157212d845d,dev
101482,R/H BAFFLE HAS A CRACK.,STOP DRILLED CRACK.,EC-67f347997e387064,LG-67f347997e387064,train
101483,CYL #4 INTAKE IS LEAKING.,REMOVED & REPLACED CYL #4 INTAKE.,EC-907095f0489f2214,LG-4285908bb8f7434c,train
101484,CYL #3 ROCKER COVER IS LEAKING.,REMOVED & REPLACED CYL #3 ROCKER COVER GASKET.,EC-3f801b1b8ae48dd4,LG-608d782c2258dd59,train
101485,CYL #1 ROCKER COVER GASKET TORN.,REMOVED & REPLACED ROCKER COVER GASKET.,EC-0925d453fb6ff46d,LG-d4f07a3229c920c8,test
101486,CYL #4 INTAKE GASKET LEAKING.,REMOVED & REPLACED INTAKE GASKET.,EC-e5b89fc5cfd3901f,LG-4285908bb8f7434c,train
101487,CYL #1 & 3 ROCKER COVER GASKETS LEAKING.,REMOVED & REPLACED ROCKER COVER GASKETS.,EC-2ec1d66e965d8c25,LG-608d782c2258dd59,train
101488,#4 INTAKE LEAKING ON L/H ENGINE.,REPLACED GASKET.,EC-3fd1e88fe4572cdd,LG-4285908bb8f7434c,train
101489,#1 & 4 INTAKES LEAKING ON R/H ENGINE.,REMOVED & REPLACED GASKETS.,EC-37a64c9f79195efd,LG-4285908bb8f7434c,train
101490,ALL ROCKER COVER SCREWS LOOSE.,TIGHTENED ALL SCREWS.,EC-8e932e00e3e651d7,LG-f40ff9615f91de7f,test
101491,L/H ENGINE CYL #3 AFT BAFFLE IS CRACKED.,STOP DRILLED CRACK.,EC-63e11d43ab6247e6,LG-e3b964f842fc4352,test
101492,L/H ENGINE CYL #1 & 3 INNER CYL BAFFLE TIE ROD AFT NUT IS MI,INSTALLED NEW NUT.,EC-0de9732151ae5032,LG-0de9732151ae5032,train
101493,"CYL #2, 3 & 4 INTAKE GASKETS ARE LEAKING ON L/H ENG.",REMOVED & REPLACED GASKETS.,EC-55fc6967855845d9,LG-4285908bb8f7434c,train
101494,CYL #1 & 3 ROCKER COVER GASKETS ARE LEAKING ON L/H ENG.,REMOVED & REPLACED CYL #3 ROCKER COVER GASKETS.,EC-9ec83bf30613181e,LG-608d782c2258dd59,train
101495,R/H ENG CYL 1 & 3 ROCKER COVER GASKETS ARE LEAKING.,REMOVED & REPLACED R/H ENG CYL #1 & 3 ROCKER COVER GASK,EC-c32575ee6948b176,LG-608d782c2258dd59,train
101496,CYL #3 INTAKE PIPE NEEDS TO BE RESWEDGED INTO SUMP.,RESWEDGED INTAKE TUBE IAW LYCOMING OVERHAUL,EC-672d1893d14ac941,LG-672d1893d14ac941,train
101497,R/H REAR BAFFLE MOUNTING SCREW LOOSE.,TIGHTENED SCREW.,EC-b1f33e2c59b03e11,LG-b1f33e2c59b03e11,train
101498,#2 INTAKE TUBE GASKET LEAKING.,INSTALLED NEW #2 INTAKE TUBE GASKET.,EC-babcfce517a6bf32,LG-4dcd0e6b51932d0b,dev
101499,#1 INTAKE LEAKING.,REPLACED GASKET.,EC-3bfb71c5d2c84d08,LG-10956cdabbd1e3ce,dev
101500,#2 INTAKE GASKET IS LEAKING.,REPLACED GASKET.,EC-53f353a420cf4fcc,LG-4285908bb8f7434c,train
101501,"#2, 3, 4 ROCKER GASKETS ARE LEAKING.",REPLACED GASKETS.,EC-1d22652733cab2f9,LG-608d782c2258dd59,train
101502,R/H SIDE BAFFLE IS CRACKED.,FABRICATED PATCH W/ LIKE MATERIALS. RIVETED IAW ,EC-52d11ae877fa329d,LG-13dec33e5f80d531,dev
101503,#1 ROCKER COVER IS LEAKING.,REMOVED & REPLACED ROCKER COVER GASKET.,EC-979a2371e346f510,LG-608d782c2258dd59,train
101504,#2 FWD LOWER BAFFLE HAS CRACK.,STOP DRILLED CRACK.,EC-a619115981124f3a,LG-a619115981124f3a,dev
101505,#4 INTAKE LEAKING.,REMOVED & REPLACED GASKETS.,EC-66d79f80174da74e,LG-10956cdabbd1e3ce,dev
101506,#2 INTAKE LEAKING.,REMOVED & REPLACED #2 INTAKE GASKET.,EC-9e293c9950113443,LG-10956cdabbd1e3ce,dev
101507,#2 ROCKER COVER LEAKING.,REMOVED & REPLACED #2 ROCKER COVER GASKET.,EC-c85bc86f75e7cd5b,LG-608d782c2258dd59,train
101508,#3 ROCKER COVER LEAKING.,REMOVED & REPLACED #3 ROCKER COVER GASKET.,EC-4774d48aa3f463c3,LG-608d782c2258dd59,train
101509,CYL #4 ROCKER COVER GASKET IS LEAKING.,REMOVED & REPLACED ROCKER COVER GASKET.,EC-873f09da28499cc7,LG-608d782c2258dd59,train
101510,#2 & 4 INTAKE GASKETS LEAKING.,REMOVED & REPLACED GASKETS W/ NEW.,EC-f4c90d93e910c1fa,LG-4285908bb8f7434c,train
101511,L/H INTER-CYLINDER BAFFLE IS LOOSE.,TIGHTENED TIE ROD.,EC-3cb35579cb369573,LG-3cb35579cb369573,train
101512,L/H SIDE OF ENG BAFFLE WIRE LOOSE.,INSTALLED NEW TIE WIRE.,EC-549bc18d40bb91ad,LG-549bc18d40bb91ad,dev
101513,L/H ENG CYL #2 INTAKE GASKET LEAKING.,REMOVED & REPLACED INTAKE GASKET.,EC-ff9f69648b66e778,LG-4285908bb8f7434c,train
101514,R/H ENG CYL #3 INTAKE GASKET LEAKING.,REMOVED & REPLACED INTAKE GASKET.,EC-fcbedea9c24284b0,LG-4285908bb8f7434c,train
101515,"L/H ENGINE, R/H BACK BAFFLE IS CRACKED.",STOP DRILLED CRACK.,EC-e8dc45c2be9799ed,LG-e8dc45c2be9799ed,dev
101516,L/H ENG #2 INTAKE LEAKING.,REMOVED & REPLACED #2 INTAKE GASKET.,EC-136e59649c81ab85,LG-4285908bb8f7434c,train
101517,L/H ENG #3 ROCKER COVER LEAKING.,REMOVED & REPLACED ROCKER COVER GASKET.,EC-4f0954a090e03227,LG-608d782c2258dd59,train
101518,ENGINE BAFFLE BEHIND ALTERNATOR CRACKED.,STOP DRILLED CRACK.,EC-44c336aeeb733e3b,LG-44c336aeeb733e3b,train
101519,ROCKER COVER GASKETS #2 & 4 LEAKING.,REMOVED & REPLACED ROCKER COVER GASKETS.,EC-248837fec6e1f446,LG-608d782c2258dd59,train
101520,R/H FWD BAFFLE IS CRACKED.,STOP DRILLED CRACK.,EC-4611b5aff792cebf,LG-15f761dc9e6351d8,dev
101521,#3 ROCKER COVER IS LEAKING.,REMOVED & REPLACED GASKET W/ NEW.,EC-a0b3e63ece653165,LG-608d782c2258dd59,train
101522,R/H ENGINE BAFFLE SCREW MISSING.,INSTALLED NEW SCREW.,EC-5cb1c5f6614b098c,LG-ac09d330d3a5d8db,dev
101523,#4 INTAKE LEAKING ON R/H ENGINE.,REMOVED & REPLACED #4 INTAKE GASKET ON R/H ENGINE.,EC-194a299c3a02bcab,LG-4285908bb8f7434c,train
101524,FWD BAFFLE CHAFING ON MUFFLER SHROUD.,REPOSITIONED BAFFLE.,EC-98136475a2a4f730,LG-98136475a2a4f730,train
101525,CYL #4 INTAKE IS LEAKING.,REMOVED & REPLACED INTAKE GASKET.,EC-907095f0489f2214,LG-4285908bb8f7434c,train
101526,#1 ROCKER COVER LEAKING.,REMOVED & REPLACED #1 ROCKER COVER GASKET.,EC-d7f19738c9144c80,LG-608d782c2258dd59,train
101527,#3 ROCKER COVER LEAKING.,REMOVED & REPLACED #3 ROCKER COVER GASKET.,EC-4774d48aa3f463c3,LG-608d782c2258dd59,train
101528,#3 INTAKE GASKET LEAKING.,REMOVED & REPLACED #3 INTAKE GASKET.,EC-12a267bf8b1d91a6,LG-4285908bb8f7434c,train
101529,CYL #4 ROCKER COVER GASKET LEAKING.,REMOVED & REPLACED CYL #4 ROCKER COVER GASKET.,EC-f020a54e126a5ae6,LG-608d782c2258dd59,train
101530,R/H ENG #4 BAFFLE SEAL TORN.,REMOVED & REPLACED BAFFLE SEAL.,EC-e5bf077cd3e0a4b2,LG-e5bf077cd3e0a4b2,train
101531,R/H ENG #3 INTAKE TUBE GASKET LEAKING.,REMOVED & REPLACED GASKET.,EC-24276a558b2ea59d,LG-ae9ab1f2ace76196,train
101532,R/H ENG #1 & 3 BAFFLE TIE ROD SPACER LOOSE.,RESECURED BAFFLE TIE ROD.,EC-b333f8003906da66,LG-b333f8003906da66,train
101533,CYL #3 L/H ENG INTAKE GASKET LEAKING.,REMOVED & REPLACED CYL #3 L/H ENG INTAKE GASKET.,EC-3387cb70b94334df,LG-4285908bb8f7434c,train
101534,R/H ENG CYL #2 INTAKE GASKET LEAKING.,REMOVED & REPLACED R/H ENG CYL #2 INTAKE GASKET.,EC-725c8436481e44e7,LG-4285908bb8f7434c,train
101535,CYL #3 AFT BAFFLE I/B MOUNT RIVETS ARE SHEARED.,"REMOVED BAFFLE, REPLACED 2 MOUNT RIVETS. REINSTALLED BA",EC-877ba38082c5f6a7,LG-62e873c5130f18c5,dev
101536,L/H ENG CYL #4 INTAKE IS LEAKING.,REMOVED & REPLACED INTAKE GASKET.,EC-8ed4f34ca5e5e27c,LG-4285908bb8f7434c,train
101537,L/H ENG CYL #2 FWD BAFFLE SEAL IS TORN.,REMOVED & REPLACED BAFFLE SEAL W/ NEW.,EC-3ba1e9db59e83dce,LG-3ba1e9db59e83dce,train
101538,R/H ENG FWD CYL #2 BAFFLE SEAL IS TORN.,REMOVED & REPLACED BAFFLE SEAL W/ NEW.,EC-ffd17431349bb99e,LG-3ba1e9db59e83dce,train
101539,L/H ENG SNIFFLER VALVE HOSE ADEL CLAMP RUBBER IS WORN OUT.,REMOVED & REPLACED ADEL CLAMP.,EC-4cf5469589665b0e,LG-4cf5469589665b0e,train
101540,"L/H ENG CYL #1, 2 & 3 ROCKER COVERS ARE LEAKING.",REMOVED & REPLACED ROCKER COVER GASKETS.,EC-32edb390ee8ec22f,LG-608d782c2258dd59,train
101541,"IMMEDIATELY AFTER ENGINE START, HIGH PITCHED WHINE/SQUEAL/WH","RAN A/C, ENGINE FUNCTION NORMAL. NO UNUSUAL NOISE NOTED",EC-3ab9700e07076cde,LG-3ab9700e07076cde,dev
101542,"CYL #4, 3 ROCKER COVER GASKETS LEAKING.",REMOVED & REPLACED ROCKER COVER GASKETS.,EC-eba1278745f902ca,LG-608d782c2258dd59,train
101543,R/H BACK BAFFLE BRACKET RIVET SHEARED OFF.,INSTALLED NEW RIVETS.,EC-c69219197c70dcf6,LG-09f2cabb6192fe3a,test
101544,L/H BACK BAFFLE HAS A CRACK.,STOP DRILLED CRACK.,EC-c9e2b3179d0593cc,LG-312ba7d5efecd756,train
101545,#1 INTAKE IS LEAKING.,REMOVED & REPLACED INTAKE GASKET.,EC-15bf6e31a0b605cd,LG-10956cdabbd1e3ce,dev
101546,ALL ROCKER COVER SCREWS LOOSE.,TIGHTENED SCREWS.,EC-8e932e00e3e651d7,LG-f40ff9615f91de7f,test
101547,ADEL CLAMP TORN BY R/H ENGINE MOUNT.,REMOVED & REPLACED CLAMP.,EC-1a6bd113dca0ef16,LG-1a6bd113dca0ef16,train
101548,RIVNUT STRIPPED OUT ON FIREWALL FOR A/F FUEL FILTER.,REMOVED & REPLACED RIVNUT.,EC-c11f50996c5a3cd6,LG-c11f50996c5a3cd6,test
101549,LEFT ENGINE N1 RPM HAS 3 TO 4% UNCOMMANDED INCREASE WHEN ENG,"INSPECTED EXTERNAL LINKAGE, NO PROBLEMS NOTED.",EC-5d39b3868d703402,LG-5d39b3868d703402,train
101550,"TABS ARE BROKEN OFF BAFFLE PLUGS, L/H & R/H SIDES.",REPLACED L/H & R/H BAFFLE PLUGS.,EC-eafddab2c0c86978,LG-eafddab2c0c86978,train
101551,ENGINE QUIT WHEN THROTTLE WAS CLOSED DURING SHUT DOWN PRIOR,"RAN UP A/C, NO DEFECTS NOTED.",EC-dc87b439e2a36dfd,LG-dc87b439e2a36dfd,train
101552,"L/H ENG, L/H BAFFLE TIE ROD PULLED THROUGH BAFFLE.",REMOVED & REPLACED BAFFLE.,EC-bdc8036f60c06b78,LG-bdc8036f60c06b78,test
101553,L/H ENG #2 INTAKE GASKET LEAKING.,REMOVED & REPLACED L/H ENG #2 INTAKE GASKET.,EC-98cc5c2786fcbf98,LG-4285908bb8f7434c,train
101554,"BAFFLE SEAL LOOSE ON LH/ ENG, #4 AFT BAFFLE.",SECURED BAFFLE SEAL BACK ON ENGINE BAFFLE.,EC-58191b4392158710,LG-58191b4392158710,train
101555,BAFFLE SEAL LOOSE ON R/H ENG #1 SIDE BAFFLE.,SECURED BAFFLE SEAL BACK ON ENGINE BAFFLE.,EC-f43c0610e02a2101,LG-f43c0610e02a2101,train
101556,#2 & 4 CYL ROCKER COVER GASKETS ARE LEAKING.,REMOVED & REPLACED GASKETS.,EC-85e911d03b18c2b6,LG-608d782c2258dd59,train
101557,"R/H ENG BURNER CAN DRAIN, RIGID LINE IS CONTACTING BOTTOM CO",LEAK CK GOOD.,EC-68aefcb11e6532c6,LG-68aefcb11e6532c6,train
101558,"R/H ENG BURNER CAN DRAIN, RIGID LINE IS CONTACTING BOTTOM CO",LOOSEN & ADJ LINES; PNEUMATIC & DRAIN LINES. REMOVED CA,EC-68aefcb11e6532c6,LG-68aefcb11e6532c6,train
101559,R/H ENG FWD BAFFLE SEAL LOOSE.,RESCURED BAFFLE SEAL.,EC-44759e3a0eaca0d7,LG-550468c14295fbc3,test
101560,RIVETS MISSING ON ENGINE DATA PLATE.,REPLACED RIVETS.,EC-9374d5c353103d72,LG-9374d5c353103d72,test
101561,"AFTER TAKEOFF, RPM'S WERE FLUCTUATING & ENGINE STARTED TO RU","RAN A/C, COULD NOT DUPLICATE. REMOVED COWLING & INSPECT",EC-a8ccd92b4d157701,LG-a8ccd92b4d157701,train
101562,OIL LEAK NOTED ON FRONT ENGINE SECTION.,NO LEAK NOTED ON RUN UP.,EC-f4f7b79f944cd8fc,LG-f4f7b79f944cd8fc,dev
101563,OIL LEAK NOTED ON FRONT ENGINE SECTION.,CHECKED TORQUE ON FRONT MAIN BEARING NUTS & CRANKCASE B,EC-f4f7b79f944cd8fc,LG-f4f7b79f944cd8fc,dev
101564,CYL #1 INTAKE GASKET LEAKING.,REMOVED & REPLACED INTAKE GASKET.,EC-5c11cf15c25be7e3,LG-4285908bb8f7434c,train
101565,"CYL #2, 3 & 4 ROCKER COVERS ARE LEAKING.",REMOVED & REPLACED GASKETS.,EC-92ac930e6ad94d14,LG-608d782c2258dd59,train
101566,FWD BAFFLE IS CHAFING ON EXT SHROUD.,REPOSITIONED BAFFLE TO CLEAR MUFFLER SHROUD.,EC-3490944369db6a25,LG-3490944369db6a25,test
101567,CYL #4 INTAKE GASKET LEAKING.,REMOVED & REPLACED CYL #4 INTAKE GASKET.,EC-e5b89fc5cfd3901f,LG-4285908bb8f7434c,train
101568,FWD ENGINE BAFFLE CRACKED BEHIND ALTERNATOR.,STOP DRILLED CRACK.,EC-294d6bad61185d49,LG-294d6bad61185d49,train
101569,"CYL #1, 2 ROCKER COVER GASKETS LEAKING.",REMOVED & REPLACED GASKETS.,EC-6db55f50fbf1a43c,LG-608d782c2258dd59,train
101570,R/H REAR ENGINE BAFFLE SCREW LOOSE.,TIGHTENED SCREW.,EC-898b9dc5dfa45f87,LG-898b9dc5dfa45f87,dev
101571,INTAKES #2 & 4 LEAKING ON L/H ENGINE.,REMOVED & REPLACED INTAKE GASKETS.,EC-d2f94222d794d3e1,LG-4285908bb8f7434c,train
101572,INTAKE GASKET CYL #2 LEAKING.,REMOVED & REPLACED INTAKE GASKET. TORQUED BOLTS TO SPEC,EC-482382c0fffa0e7f,LG-4285908bb8f7434c,train
101573,ROCKER COVER GASKET CYL #2 LEAKING.,REMOVED & REPLACED ROCKER COVER GASKET. TIGHTENED SCREW,EC-e88efc07588299e6,LG-608d782c2258dd59,train
101574,CYL #4 INTAKE IS LEAKING.,REPLACED INTAKE GASKET.,EC-907095f0489f2214,LG-4285908bb8f7434c,train
101575,FWD BAFFLE IS CHAFING ON MUFFLER HEAT SHROUD.,REPOSITIONED BAFFLE.,EC-39eb62a0d05ce7c2,LG-98136475a2a4f730,train
101576,#2 ROCKER COVER GASKET LEAKING.,REMOVED & REPLACED #2 ROCKER COVER GASKET.,EC-8828e17d0b33db57,LG-608d782c2258dd59,train
101577,CYL #1 GOV BAFFLE SEAL IS COMING OFF.,REFASTENED BAFFLE SEAL.,EC-88915be2a3fc867b,LG-88915be2a3fc867b,dev
101578,#1 INTAKE LEAKING.,REPLACED INTAKE GASKET.,EC-3bfb71c5d2c84d08,LG-10956cdabbd1e3ce,dev
101579,"ON RUN UP, L/H MAG DROPPED 350 RPM.","REMOVED PISTON, CLEANED & PRESERVED #2 CYL. ROCKER OIL",EC-8d9ab7e486a889ea,LG-8d9ab7e486a889ea,train
101580,"ON RUN UP, L/H MAG DROPPED 350 RPM.","REMOVED #4 CYL, FOUND OIL CONTROL RING GAP FACING DOWN.",EC-8d9ab7e486a889ea,LG-8d9ab7e486a889ea,train
101581,"ON RUN UP, L/H MAG DROPPED 350 RPM.",COMPLETED REASSY OF ENGINE. ADDED 8 QTS OF MINERAL OIL.,EC-8d9ab7e486a889ea,LG-8d9ab7e486a889ea,train
101582,"ON RUN UP, L/H MAG DROPPED 350 RPM.","LEAK CK'ED VALVES, HONED CYLINDER, BORE MEASURE GOOD. F",EC-8d9ab7e486a889ea,LG-8d9ab7e486a889ea,train
101583,CYL #1 INTAKE TUBE IS LOOSE.,"REPLACED INTAKE GASKETS FOR CYL #1, INTAKE IS SECURE.",EC-ef6c0578e53f224f,LG-ef6c0578e53f224f,train
101584,ALL 4 ROCKER COVERS HAVE LOOSE SCREWS.,TIGHTENED SCREWS.,EC-a98f34e402d752cb,LG-dd43a397ed774b5b,dev
101585,CYL #4 BAFFLE PLUG HOLE IS ENLARGED.,INSTALLED PATCH FABRICATED OUT OF LIKE MATERIAL.,EC-c363323842f47c98,LG-21e48ecd08217d35,train
101586,CYL #2 ROCKER COVER GASKET LEAKING.,REMOVED & REPLACED CYL #2 ROCKER COVER GASKET.,EC-dd75f7cbb6fe4441,LG-608d782c2258dd59,train
101587,CYL #4 INTAKE IS LEAKING.,REPLACED INTAKE GASKET.,EC-907095f0489f2214,LG-4285908bb8f7434c,train
101588,CYL 32 INTAKE GASKET IS LEAKING.,REMOVED & REPLACED GASKET W/ NEW.,EC-3e0ddf2cb13f2f4f,LG-3e0ddf2cb13f2f4f,train
101589,#3 CYL ROCKER COVER GASKET IS LEAKING.,REMOVED & REPLACED GASKET.,EC-61964c49332b0932,LG-608d782c2258dd59,train
101590,FWD BAFFLE IS CRACKED @ HEAT SHROUD AIR INTAKE.,"STOP DRILLED CRACKS, FABRICATED PATCH OUT OF LIKE MATER",EC-30371b957504b145,LG-1256d8184f4c4070,train
101591,CYL #2 INTAKE GASKET IS LEAKING.,REMOVED & REPLACED INTAKE GASKET.,EC-ae287164a190fda3,LG-4285908bb8f7434c,train
101592,ROCKER COVER GASKET #3 LEAKING.,REMOVED & REPLACED ROCKER COVER GASKET.,EC-5d02560b50ca451f,LG-608d782c2258dd59,train
101593,#3 CYL AFT BAFFLE SCREW IS LOOSE.,TIGHTENED SCREW.,EC-b4f254edd81fc350,LG-6bb5b0d3262bc63e,dev
101594,FWD R/H ENGINE BAFFLE SEAL LOOSE.,RESECURED BAFFLE SEAL.,EC-155c052d12cda1dc,LG-550468c14295fbc3,test
101595,#4 ROCKER COVER GASKET IS LEAKING.,REMOVED & REPLACED ROCKER COVER GASKET W/ NEW.,EC-9d103de4f299d59b,LG-608d782c2258dd59,train
101596,OIL LINE 90 DEGREE ADEL CLAMP BRACKET IS BROKEN.,REMOVED & REPLACED BROKEN BRACKET.,EC-e44cbfc251cda35d,LG-e44cbfc251cda35d,dev
101597,CYL #4 ROCKER COVER GASKET NEEDS TO BE REPLACED.,REMOVED & REPLACED CYL #4 ROCKER COVER GASKET & RETAPPE,EC-e22dafc7382bf9e7,LG-e22dafc7382bf9e7,test
101598,CYL #2 & 3 INTAKES ARE LEAKING.,REMOVED & REPLACED INTAKE GASKETS.,EC-7c7fe62579e1969f,LG-26ffbcbee302311b,test
101599,BOTH BAFFLE PLUGS HAVE TOO MANY TABS MISSING.,REMOVED & REPLACED BAFFLE PLUGS.,EC-f62c3d2baa05727b,LG-f62c3d2baa05727b,train
101600,CYL #2 & 4 ROCKER COVERS ARE LEAKING.,REMOVED & REPLACED ROCKER COVER GASKETS.,EC-e3b2573de78c4683,LG-608d782c2258dd59,train
101601,CYL #3 AFT BAFFLE I/B MOUNT RIVETS SHEARED.,"REMOVED BAFFLE, REPLACED RIVETS & REINSTALLED BAFFLE.",EC-d39627a55ca68faf,LG-62e873c5130f18c5,dev
101602,#3 & 4 INTAKES LEAKING.,REMOVED & REPLACED INTAKE GASKETS.,EC-2daf2ac0cbc5b82a,LG-26ffbcbee302311b,test
101603,CYL #2 INTAKE TUBE AT SUMP HAS POSSIBLE FUEL LEAK.,"CLEANED TUBE, GROUND RUN LEAK CK GOOD.",EC-d5783e61e8dd239b,LG-d5783e61e8dd239b,dev
101604,#4 INTAKE LEAKING.,REMOVED & REPLACED #4 INTAKE GASKET.,EC-66d79f80174da74e,LG-10956cdabbd1e3ce,dev
101605,#1 ROCKER COVER LEAKING.,REMOVED & REPLACED #1 ROCKER COVER GASKET.,EC-d7f19738c9144c80,LG-608d782c2258dd59,train
101606,"ROCKER COVERS 1, 2 & 4 LEAKING.",REMOVED & REPLACED ROCKER COVER GASKETS.,EC-c9f7f65a4ec56927,LG-608d782c2258dd59,train
101607,R/H FWD BAFFLE SEAL LOOSE.,RESECURED BAFFLE SEAL.,EC-e1edc567da15df26,LG-550468c14295fbc3,test
101608,#4 INTAKE LEAKING.,REPLACED GASKET.,EC-66d79f80174da74e,LG-10956cdabbd1e3ce,dev
101609,#4 INTAKE GASKET LEAKING.,REMOVED & REPLACED GASKET.,EC-57acd94dcdde4ef3,LG-4285908bb8f7434c,train
101610,CYL #2 ROCKER COVER LEAKING.,REMOVED & REPLACED ROCKER COVER GASKET.,EC-14d306bc9b3b1c97,LG-608d782c2258dd59,train
101611,"CYL #1, 3 ROCKER COVER GASKETS LEAKING.",REMOVED & REPLACED ROCKER COVER GASKETS.,EC-147785a5fa0de27e,LG-608d782c2258dd59,train
101612,"POWER AT IDLE, ENGINE QUIT. RESTARTED & TESTED IDLE W/ FULL",RAN UP A/C ENGINE. ADJUSTED IDLE SPEED. IDLE MIXTURE CH,EC-fa6c9eefa217a9e8,LG-fa6c9eefa217a9e8,train
101613,"DURING FLIGHT, R/H COWL FLAP WOULD NOT STAY OPEN.",TIGHTENED BOLT THAT ATTACHES COWL FLAP LEVERS & ADJUSTE,EC-4ec81f99dd81eb25,LG-4ec81f99dd81eb25,test
101614,R/H BAFFLE TIE ROD BROKEN.,REMOVED & REPLACED BAFFLE TIE ROD.,EC-78a390df329d8c41,LG-a456c10593172117,dev
101615,#2 INTAKE LEAKING.,REPLACED GASKET.,EC-9e293c9950113443,LG-10956cdabbd1e3ce,dev
101616,L/H ENG #2 INTAKE GASKET LEAKING.,REMOVED & REPLACED GASKET.,EC-98cc5c2786fcbf98,LG-4285908bb8f7434c,train
101617,"#1 CYL EXHAUST STACK IS MISSING NUT, R/H.",INSTALLED NUT & WASHERS.,EC-279e4148acbab329,LG-279e4148acbab329,train
101618,R/H ENG #4 CYL BAFFLE SEAL IS TEARING OFF.,INSTALLED NEW BAFFLE SEAL.,EC-79811c268f375d03,LG-79811c268f375d03,train
101619,R/H ENG TOP CRANKCASE HALF BOLT W/ ENG HOIST LOOP IS LEAKING,"REMOVED BOLT, CLEANED, RESEALED W/ HI-TEMP SILICONE & T",EC-a07881b1f566ee81,LG-a07881b1f566ee81,train
101620,SUPPORT FROM #4 CYL AFT BAFFLE TO CRANKCASE HALF IS BROKEN O,"REMOVED ROD, REPAIRED IAW , CH 4, SEC 5. REI",EC-46c85af50d5a594f,LG-46c85af50d5a594f,train
101621,BAFFLE PLUG TANGS BROKEN OFF.,INSTALLED NEW BAFFLE PLUG.,EC-1d2061bd2d69f107,LG-1d2061bd2d69f107,dev
101622,#2 INTAKE CYL GASKET LEAKING.,REMOVED & REPLACED INTAKE GASKET.,EC-08d8c3db6d14c628,LG-4285908bb8f7434c,train
101623,FWD R/H BAFFLE SEAL LOOSE.,RESECURED BAFFLE SEAL.,EC-2442d90868e9030a,LG-550468c14295fbc3,test
101624,CYL #3 INTAKE GASKET LEAKING.,REMOVED & REPLACED INTAKE GASKET.,EC-90da9829b3de9305,LG-4285908bb8f7434c,train
101625,R/H BAFFLE PLUG NEEDS TO BE REPLACED.,REMOVED & REPLACED BAFFLE PLUG.,EC-e42824d9ad370610,LG-d671d8fdeb671d58,train
101626,CYL #4 & 2 INTAKE GASKETS LEAKING.,REMOVED & REPLACED CYL #2 & 4 INTAKE GASKETS.,EC-3268c215b58e5ff8,LG-4285908bb8f7434c,train
101627,#2 INDUCTION TUBE GASKET LEAKING.,INSTALLED NEW INDUCTION TUBE GASKET.,EC-abec8430bec9f461,LG-abec8430bec9f461,test
101628,R/H FORWARD BAFFLE SEAL IS LOOSE.,RESECURED R/H BAFFLE SEAL.,EC-a45de6f1c0470908,LG-550468c14295fbc3,test
101629,"ON ENGINE START, ENGINE WAS UNUSUALLY ROUGH. ATTEMPTED TO LE",MAINTENANCE FLIGHT REQUIRED,EC-9b02bd6272154a71,LG-9b02bd6272154a71,train
101630,"ON ENGINE START, ENGINE WAS UNUSUALLY ROUGH. ATTEMPTED TO LE",MAG DROPS CK GOOD. COMPRESSIONS CK'ED GOOD.,EC-9b02bd6272154a71,LG-9b02bd6272154a71,train
101631,"ON ENGINE START, ENGINE WAS UNUSUALLY ROUGH. ATTEMPTED TO LE","STARTED A/C, ENGINE RAN VERY ROUGH, THEN SMOOTHED OUT.",EC-9b02bd6272154a71,LG-9b02bd6272154a71,train
101632,"ON ENGINE START, ENGINE WAS UNUSUALLY ROUGH. ATTEMPTED TO LE","INSTALLED OIL & FUEL LINES, INSTALLED INDUCTION ELBOW.",EC-9b02bd6272154a71,LG-9b02bd6272154a71,train
101633,"ON ENGINE START, ENGINE WAS UNUSUALLY ROUGH. ATTEMPTED TO LE",INSTALLED FUEL FLOW TRANSDUCER & BEGAN TO ROUTE FUEL LI,EC-9b02bd6272154a71,LG-9b02bd6272154a71,train
101634,"ON ENGINE START, ENGINE WAS UNUSUALLY ROUGH. ATTEMPTED TO LE",REMOVED ENGINE. BEGAN INSTALL OF ENGINE,EC-9b02bd6272154a71,LG-9b02bd6272154a71,train
101635,"ON ENGINE START, ENGINE WAS UNUSUALLY ROUGH. ATTEMPTED TO LE",ROUTED IGNITION LEADS. ADJUSTED THROTTLE & MIXTURE CABL,EC-9b02bd6272154a71,LG-9b02bd6272154a71,train
101636,R/H FWD BAFFLE SEAL IS LOOSE.,RESECURED BAFFLE SEAL.,EC-06389f9b26f76909,LG-550468c14295fbc3,test
101637,"AFT BAFFLE SEAL LOOSE, R/H SIDE.",RESECURED BAFFLE SEAL.,EC-c641c866210f3175,LG-c641c866210f3175,train
101638,CYL #2 & 4 ROCKER COVERS ARE LEAKING.,REMOVED & REPLACED ROCKER COVER GASKETS.,EC-e3b2573de78c4683,LG-608d782c2258dd59,train
101639,"#1, 2, 3 & 4 ROCKER COVER GASKETS LEAKING.",REMOVED & REPLACED ROCKER COVER GASKETS.,EC-033de80eb998c4f7,LG-608d782c2258dd59,train
101640,CYL #3 INTAKE GASKET LEAKING.,REMOVED & REPLACED INTAKE GASKET.,EC-90da9829b3de9305,LG-4285908bb8f7434c,train
101641,#4 INTAKE LEAKING.,INSTALLED NEW #4 INDUCTION TUBE GASKET.,EC-66d79f80174da74e,LG-10956cdabbd1e3ce,dev
101642,#1 ROCKER COVER IS LEAKING.,REMOVED & REPLACED GASKET.,EC-979a2371e346f510,LG-608d782c2258dd59,train
101643,#2 INDUCTION TUBE GASKET LEAKING.,INSTALLED NEW #2 INDUCTION TUBE GASKET.,EC-abec8430bec9f461,LG-abec8430bec9f461,test
101644,#4 CYL COMPRESSION TEST WAS 35/80.,STAKED VALVES - NO CHANGE IN COMPRESSION.,EC-3883bc666a2a2c69,LG-3883bc666a2a2c69,train
101645,#4 CYL COMPRESSION TEST WAS 35/80.,RAN UP & LEAK CK'ED - CK GOOD. COMPRESSION CK 79/80.,EC-3883bc666a2a2c69,LG-3883bc666a2a2c69,train
101646,#4 CYL COMPRESSION TEST WAS 35/80.,#2 & 4 OIL DRAINS CONNECTED. #4 FUEL INJECTOR LINE INST,EC-3883bc666a2a2c69,LG-3883bc666a2a2c69,train
101647,#4 CYL COMPRESSION TEST WAS 35/80.,"REMOVED #4 CYL, INCLUDED #4 FUEL INJ LINE AND #2 & 4 OI",EC-3883bc666a2a2c69,LG-3883bc666a2a2c69,train
101648,R/H FWD BAFFLE SEAL IS LOOSE.,RESECURED.,EC-06389f9b26f76909,LG-550468c14295fbc3,test
101649,"LEAKING INTAKE TUBE CYL #4, LEAK AT ATTACH POINT TO OIL SUMP",REMOVED ENGINE COWLING.,EC-b1678d42349337b5,LG-b1678d42349337b5,train
101650,"LEAKING INTAKE TUBE CYL #4, LEAK AT ATTACH POINT TO OIL SUMP",RESWEDGED INTAKE CONNECTOR INTO SUMP. REINSTALLED COWLI,EC-b1678d42349337b5,LG-b1678d42349337b5,train
101651,#4 INTAKE LEAKING.,REPLACED INTAKE GASKET.,EC-66d79f80174da74e,LG-10956cdabbd1e3ce,dev
101652,"R/H ENGINE WIRING CLAMP, FWD I/B, NOT ATTACHED.",REMOVED UNUSED CLAMP FROM WIRE BUNDLE.,EC-f6d60fb6012ebcd9,LG-f6d60fb6012ebcd9,test
101653,"OIL SEEP, R/H ENGINE TACH GEN",REMOVED TACH GENERATOR. FABRICATED EXTRACTION TOOL. REM,EC-2defc57a793b9b02,LG-2defc57a793b9b02,test
101654,CYL #2 OIL RETURN LINE WAS DISCONNECTED & FITTING REMOVED.,LEAK CK GOOD.,EC-758540c7345c6ccd,LG-758540c7345c6ccd,train
101655,#1 - 3 O/B BAFFLE TIE WORN THRU AFT BAFFLE.,REPOSITIONED #1 & 3 O/B BAFFLE TIE.,EC-2f9fcc0a5f0457e6,LG-2f9fcc0a5f0457e6,dev
101656,#2 OIL DRAIN TUBE CHAFING ON BAFFLE.,"REMOVED #2 OIL RETURN LINE FROM CYL HEAD, REMOVED ROCKE",EC-a1506db15b530839,LG-a1506db15b530839,test
101657,#2 FWD BAFFLE CRACKED BEYOND STOP DRILL.,"STOP DRILLED CRACK, FABRICATED PATCH OF LIKE MATERIAL &",EC-1ec9daff36264cd8,LG-1ec9daff36264cd8,train
101658,REAR BAFFLE BRACKET AT ENGINE CENTER BROKEN AT BOLT.,"REMOVED CRACKED BRACKET, FABRICATED NEW BRACKET FROM LI",EC-b4966cdf41b85cb8,LG-b4966cdf41b85cb8,train
101659,CYL #2 OIL RETURN LINE WAS DISCONNECTED & FITTING REMOVED.,REINSTALLED 45 DEGREE FITTING & REATTACHED CYL HEAD END,EC-758540c7345c6ccd,LG-758540c7345c6ccd,train
101660,#2 ROCKER COVER LEAKING.,REMOVED & REPLACED ROCKER COVER GASKET.,EC-c85bc86f75e7cd5b,LG-608d782c2258dd59,train
101661,R/H REAR ENGINE BAFFLE SCREW LOOSE.,TIGHTENED SCREW.,EC-898b9dc5dfa45f87,LG-898b9dc5dfa45f87,dev
101662,#3 INTAKE LEAKING.,REPLACED GASKET.,EC-6f9c95f514a1077a,LG-10956cdabbd1e3ce,dev
101663,R/H FWD ENGINE BAFFLE MISSING PLUG.,REPLACED PLUG.,EC-0223d4aae1380748,LG-0223d4aae1380748,test
101664,#4 INTAKE LEAKING.,REMOVED & REPLACED INTAKE GASKET.,EC-66d79f80174da74e,LG-10956cdabbd1e3ce,dev
101665,#1 ROCKER COVER LEAKING.,REMOVED & REPLACED ROCKER COVER GASKET.,EC-d7f19738c9144c80,LG-608d782c2258dd59,train
101666,"CYL #2, 3 & 4 ROCKER COVER GASKETS LEAKING.",REMOVED & REPLACED ROCKER COVER GASKETS.,EC-2fc906600a0ffbfa,LG-608d782c2258dd59,train
101667,"FAILED OVERRIDE SPEED CHECK, RPM DROPPED TO 800 RPM & STABIL","ADJUSTED IDLE SPEED, RAN UP A/C, OPS CK GOOD.",EC-29560093c21a4bab,LG-29560093c21a4bab,train
101668,"ROCKER COVER GASKETS #2, 3 TORN.",REMOVED & REPLACED ROCKER COVER GASKETS.,EC-309f55b56062b89c,LG-d4f07a3229c920c8,test
101669,CYL #2 INTAKE GASKET LEAKING.,REMOVED & REPLACED INTAKE GASKET.,EC-804e232273da2515,LG-4285908bb8f7434c,train
101670,ENGINE RPM WAS 1700.,"RAN UP A/C, ADJUSTED IDLE SPEED. OPS CK GOOD.",EC-e18ae1979324d0f2,LG-e18ae1979324d0f2,train
101671,R/H BAFFLE SUPPORT ROD FOR CYL 1 & 3 BROKEN.,REMOVED & REPLACED ROD.,EC-e48dd6a0d366dd9a,LG-e48dd6a0d366dd9a,train
101672,CYL #3 AFT BAFFLE HAS SHEARED RIVET.,REMOVED AFT BAFFLE & OIL PSI LINE. REPLACED RIVET. INST,EC-de840fdbb1f9f687,LG-de840fdbb1f9f687,train
101673,#2 & 4 ROCKER COVER GASKETS LEAKING.,REMOVED & REPLACED ROCKER COVER GASKETS & SAFETIED BOLT,EC-0d6ec8eb547d2ef3,LG-608d782c2258dd59,train
101674,"BAFFLE SEAL IS TORN, FWD OF #2 CYL ON L/H & R/H ENGINES.",REMOVED & REPLACED #2 BAFFLES SEALS ON BOTH ENGINES.,EC-52a2e99875a4d0cb,LG-52a2e99875a4d0cb,test
101675,#3 CYL RIGHT ENGINE SHOWS NO EGT.,"CLEANED PLUGS #3 CYL, RAN, CK'ED OK.",EC-56f49922cfd2cf87,LG-56f49922cfd2cf87,dev
101676,#3 CYL AFT BAFFLE ON L/H ENG IS CRACKED.,"FABRICATED & INSTALLED PATCH IAW , PAR 4-53",EC-226bb2e2103b82e2,LG-e3b964f842fc4352,test
101677,#4 INTAKE GASKET LEAKING.,REMOVED & REPLACED #4 INTAKE GASKET.,EC-57acd94dcdde4ef3,LG-4285908bb8f7434c,train
101678,#2 ROCKER COVER LEAKING.,REMOVED & REPLACED #2 ROCKER COVER GASKET.,EC-c85bc86f75e7cd5b,LG-608d782c2258dd59,train
101679,CYL #2 INTAKE GASKET LEAKING.,REMOVED & REPLACED INTAKE GASKET.,EC-804e232273da2515,LG-4285908bb8f7434c,train
101680,R/H ENG #2 INDUCTION TUBE GASKET LEAKING.,INSTALLED NEW #2 INDUCTION TUBE GASKET.,EC-e4bf16f88141dfad,LG-abec8430bec9f461,test
101681,"ROCKER COVERS #2, 3 & 4 LEAKING ON R/H ENGINE.",INSTALLED NEW ROCKER BOX COVER GASKETS.,EC-53dce929ad120b1f,LG-608d782c2258dd59,train
101682,#1 & 4 ROCKER COVERS LEAKING ON L/H ENGINE.,INSTALLED NEW #1 & 4 ROCKER BOX COVER GASKETS.,EC-12fb9f7652ba750b,LG-608d782c2258dd59,train
101683,#2 INTAKE LEAKING ON L/H ENGINE.,INSTALLED NEW #2 INTAKE GASKET.,EC-36d820a8dd9d2bae,LG-4285908bb8f7434c,train
101684,#2 & 4 ROCKER COVERS LEAKING ON L/H ENGINE.,INSTALLED NEW ROCKER BOX COVER GASKETS.,EC-a027ca9036b54157,LG-608d782c2258dd59,train
101685,ROCKER COVERS #2 & 4 LEAKING ON R/H ENGINE.,INSTALLED NEW ROCKER BOX COVER GASKETS.,EC-589cbc7a3f8ae3be,LG-608d782c2258dd59,train
101686,#3 CYL ON R/H ENG HAS LOW COMPRESSION.,"BORESCOPED CYLINDER, FOUND EXHAUST VALVE TO APPEAR BURN",EC-bca5d3c0b9751ad3,LG-c3aa26ca83c3ba37,test
101687,#3 CYL ON R/H ENG HAS LOW COMPRESSION.,REMOVED CYLINDER ASSY. INSTALLED REPAIRED CYL ASSY & PE,EC-bca5d3c0b9751ad3,LG-c3aa26ca83c3ba37,test
101688,#3 CYL ON R/H ENG HAS LOW COMPRESSION.,"TORQUED BASE NUTS TO SPECS. REINSTALLED EXHAUST, INTAKE",EC-bca5d3c0b9751ad3,LG-c3aa26ca83c3ba37,test
101689,CYL #3 LEAKING INTAKE TUBE AT OIL SUMP.,REMOVED ENGINE COWLING.,EC-2eec6d66b249acf9,LG-2eec6d66b249acf9,train
101690,CYL #3 LEAKING INTAKE TUBE AT OIL SUMP.,RESWEDGED #3 INTAKE TUBE IAW LYCOMING OVERHAUL MANUAL.,EC-2eec6d66b249acf9,LG-2eec6d66b249acf9,train
101691,"ROCKER COVER GASKETS CYL #2, 3 & 4 LEAKING.","REMOVED & REPLACED ROCKER COVER GASKETS, CLEANED LEAKS.",EC-764fd146e0f57557,LG-608d782c2258dd59,train
101692,#2 INTAKE LEAKING.,REMOVED & REPLACED #2 INTAKE GASKET.,EC-9e293c9950113443,LG-10956cdabbd1e3ce,dev
101693,#4 INTAKE LEAKING.,REMOVED & REPLACED INTAKE GASKET.,EC-66d79f80174da74e,LG-10956cdabbd1e3ce,dev
101694,INTAKE GASKET #4 LEAKING.,REMOVED & REPLACED INTAKE GASKET #4.,EC-6a7116c53b5d8e94,LG-4285908bb8f7434c,train
101695,FOD ON TOP OF ENGINE,REMOVED FOD,EC-6f6ce10ee8d4cc99,LG-6f6ce10ee8d4cc99,train
101696,#1 INTAKE IS LEAKING.,REMOVED & REPLACED GASKET.,EC-15bf6e31a0b605cd,LG-10956cdabbd1e3ce,dev
101697,BAFFLE SPARK PLUG ACCESS PLUG WORN.,REPLACED PLUGS.,EC-7926a2b51785f368,LG-7926a2b51785f368,test
101698,#4 INTAKE TUBE LOOSE.,REMOVED & REPLACED #4 INTAKE GASKET.,EC-53d6dcfc4497a6c3,LG-53d6dcfc4497a6c3,test
101699,CYL #2 INTAKE GASKET LEAKING.,REMOVED & REPLACED GASKET.,EC-804e232273da2515,LG-4285908bb8f7434c,train
101700,CYL #2 & 4 ROCKER COVER GASKETS LEAKING.,REMOVED & REPLACED GASKETS.,EC-addeeace840e72b1,LG-608d782c2258dd59,train
101701,ALTERANATE AIR DOOR IS WORN.,REMOVED & REPLACED AIR FILTER BOX W/ SERVICEABLE ONE.,EC-55d2bee611006a86,LG-55d2bee611006a86,train
101702,CYL #1 BAFFLE IS CRACKED.,"STOP DRILLED CRACK, FABRICATED PATCH OUT OF LIKE MATERI",EC-eb0018eed9c8ceb0,LG-e3b964f842fc4352,test
101703,#4 INTAKE IS LEAKING.,REMOVED & REPLACED GASKET.,EC-03758ee4b47de086,LG-10956cdabbd1e3ce,dev
101704,CYL #2 & 3 ROCKER COVER GASKETS LEAKING.,REMOVED & REPLACED ROCKER COVER GASKETS.,EC-4b07888e785acd85,LG-608d782c2258dd59,train
101705,ROCKER COVER GASKET CYL #2 LEAKING.,REMOVED & REPLACED ROCKER COVER GASKET.,EC-e88efc07588299e6,LG-608d782c2258dd59,train
101706,R/H AFT BAFFLE IS CRACKED BY ENGINE MOUNT BOLT HOLE.,STOP DRILLED CRACK.,EC-dfab894869f5d388,LG-dfab894869f5d388,dev
101707,CENTER TOP BAFFLE BRACKET IS CRACKED.,FABRICATED BAFFLE BRACKET OUT OF LIKE MATERIAL & INSTAL,EC-087137fd467142d4,LG-087137fd467142d4,train
101708,#2 INTAKE LEAKING.,REMOVED & REPLACED GASKET.,EC-9e293c9950113443,LG-10956cdabbd1e3ce,dev
101709,ALL ENG ROCKER COVER SCREWS LOOSE.,TIGHTENED ALL SCREWS.,EC-bd730d5f058c1101,LG-f40ff9615f91de7f,test
101710,"STARTER WOULD TURN TWICE, THEN CUT OFF DURING START UP.","STARTED A/C, STARTER FUNCTION NORMAL.",EC-819262d2381abe06,LG-819262d2381abe06,train
101711,#4 INTAKE GASKET IS LEAKING.,REPLACED GASKET.,EC-0489f0dc14177ee4,LG-4285908bb8f7434c,train
101712,#4 ROCKER GASKET IS LEAKING.,REPLACED GASKET.,EC-df073dd601baafbb,LG-608d782c2258dd59,train
101713,WORN BAFFLE PLUGS.,REMOVED & REPLACED BAFFLE PLUGS.,EC-91be8df44bfb7301,LG-91be8df44bfb7301,train
101714,ROCKER COVER GASKETS CYL #2 & 4 LEAKING.,REMOVED & REPLACED ROCKER COVER GASKETS.,EC-a779f4a2a39498de,LG-608d782c2258dd59,train
101715,#2 ROCKER COVER GASKET LEAKING.,REMOVED & REPLACED #2 ROCKER COVER GASKET.,EC-8828e17d0b33db57,LG-608d782c2258dd59,train
101716,"DURING GO AROUND FROM A SIMULATED ENG FAILURE, ENG RAN ROUGH","RAN A/C, MAG DROP, IDLE & IDLE MIXTURE RISE CK GOOD. A/",EC-a7f59d233a671400,LG-a7f59d233a671400,train
101717,L/H ENGINE #4 CYLINDER HAS BAD EXHAUST VALVE.,OPS CK GOOD ON PROP GOV.,EC-f9400654260377cf,LG-f9400654260377cf,train
101718,#3 INTAKE LEAKING ON R/H ENGINE.,REMOVED & REPLACED #3 INTAKE GASKET ON R/H ENGINE.,EC-e8bee9035a1deeb3,LG-4285908bb8f7434c,train
101719,#1 & 3 ROCKER COVERS LEAKING ON L/H ENGINE.,REMOVED & REPLACED ROCKER COVER GASKETS ON L/H ENGINE.,EC-c67aededcdf0e10f,LG-608d782c2258dd59,train
101720,L/H ENGINE #4 CYLINDER HAS BAD EXHAUST VALVE.,"RECONNECTED ALL CONNECTIONS, ATTACHED PROP GOV CABLE (1",EC-f9400654260377cf,LG-f9400654260377cf,train
101721,L/H ENGINE #4 CYLINDER HAS BAD EXHAUST VALVE.,"REMOVED #4 CYLINDER, INSTALLLED SERVICEABLE CYL ASSY. T",EC-f9400654260377cf,LG-f9400654260377cf,train
101722,"L/H ENG, FIRST STAGE COMPRESSOR ROTOR HAS 1","INSPECTED, FOUND TO REQUIRE REPAIR. PERFORMED REPAIR IA",EC-3becdeffd71d5957,LG-3becdeffd71d5957,dev
101723,CYL #2 TOP BAFFLE SEAL IS  LOOSE.,RESECURED BAFFLE SEAL.,EC-6ebfeea675db1e74,LG-37ac3da11bdb9f3b,train
101724,INTAKE GASKET CYL #3 LEAKING.,REMOVED & REPLACED INTAKE GASKET.,EC-6850402f22bf834b,LG-4285908bb8f7434c,train
101725,ROCKER COVER GASKET CYL #3 LEAKING.,REMOVED & REPLACED ROCKER COVER GASKET.,EC-4e86867bc1f70ddd,LG-608d782c2258dd59,train
101726,INTAKE TUBE CYL #1 LEAKING AROUND OIL SUMP CONNECTION AREA.,REMOVED ENGINE COWLING.,EC-aeef0edc255676b2,LG-aeef0edc255676b2,train
101727,INTAKE TUBE CYL #1 LEAKING AROUND OIL SUMP CONNECTION AREA.,SWEDGED INTAKE TUBE IAW LYCOMING OVERHAUL,EC-aeef0edc255676b2,LG-aeef0edc255676b2,train
101728,#4 INTAKE GASKET LEAKING.,REPLACED GASKET.,EC-57acd94dcdde4ef3,LG-4285908bb8f7434c,train
101729,#3 & 4 ROCKER GASKETS LEAKING.,REMOVED & REPLACED GASKETS.,EC-49ba81b090ff598a,LG-608d782c2258dd59,train
101730,ENGINE OVERSPEED TO 2730 RPM FOR 1 SECOND.,"REMOVED SD CARD, DOWNLOADED DATA WHICH INDICATED MAX RP",EC-03f4054ad0948ebf,LG-03f4054ad0948ebf,train
101731,#2 ROCKER COVER GASKET IS LEAKING.,REPLACED GASKET W/ NEW.,EC-b515029866e4d566,LG-608d782c2258dd59,train
101732,#2 INTAKE TUBE LEAKING AT SUMP & CYLINDER.,REMOVED & REPLACED INTAKE GASKET W/ NEW. TIGHTENED SUMP,EC-1bfd2ef18a5748bd,LG-1bfd2ef18a5748bd,train
101733,CYL #4 ROCKER COVER GASKET LEAKING.,REMOVED & REPLACED CYL #4 ROCKER COVER GASKET.,EC-f020a54e126a5ae6,LG-608d782c2258dd59,train
101734,CYL #4 ROCKER COVER GASKET LEAKING.,REMOVED & REPLACED CYL #4 ROCKER COVER GASKET.,EC-f020a54e126a5ae6,LG-608d782c2258dd59,train
101735,"CYL #2, 4 INTAKE GASKETS APPEAR TO BE LEAKING.","REMOVED & REPLACED CYL #2, 4 INTAKE GASKETS.",EC-610e5bbac84fc245,LG-610e5bbac84fc245,train
101736,#4 INTAKE IS LEAKING.,REMOVED & REPLACED GASKET.,EC-03758ee4b47de086,LG-10956cdabbd1e3ce,dev
101737,#3 & 2 ROCKER COVERS ARE LEAKING.,REMOVED & REPLACED #2 & 3 ROCKER COVER GASKETS.,EC-09825ddb72b7339f,LG-608d782c2258dd59,train
101738,HIGH PITCHED SQUEALING NOISE HEARD DURING FLIGHT. ,"RAN UP A/C, NO SQUEALING NOISE NOTED. OPS CK GOOD.",EC-0e039635ff7a4618,LG-0e039635ff7a4618,test
101739,LOW POWER AVAILABLE. HELO REQUIRED LMP TO HOVER,INSPECTED & FOUND NO DEFECTS. MX FLIGHT REQUIRED,EC-b3b99795b84dc22f,LG-b3b99795b84dc22f,train
101740,CYL #4 & 2 ROCKER COVER GASKETS LEAKING.,REMOVED & REPLACED ROCKER COVER GASKETS.,EC-e4112970f83e7d8b,LG-608d782c2258dd59,train
101741,#1 CYL ROCKER OIL RETURN LINE IS CHAFING.,LEAK CK GOOD.,EC-d03bbf986fac492b,LG-593caf35cb62e812,train
101742,#1 CYL ROCKER OIL RETURN LINE IS CHAFING.,REMOVED & REPLACED OIL LINE W/ NEW.,EC-d03bbf986fac492b,LG-593caf35cb62e812,train
101743,#2 & 4 ROCKER COVER GASKETS LEAKING.,REMOVED & REPLACED GASKETS W/ NEW.,EC-0d6ec8eb547d2ef3,LG-608d782c2258dd59,train
101744,BAFFLE BUTTON PLUG IS WORN.,REMOVED & REPLACED PLUG W/ NEW.,EC-d6594f362a5ef0a5,LG-931829d74fc2a898,test
101745,#3 ROCKER COVER GASKET IS TORN.,REMOVED & REPLACED GASKET W/ NEW.,EC-ad96769c4f0e1d52,LG-d4f07a3229c920c8,test
101746,CYL #2 INTAKE GASKET LEAKING.,REMOVED & REPLACED INTAKE GASKET.,EC-804e232273da2515,LG-4285908bb8f7434c,train
101747,FWD BOTTOM ENGINE BAFFLE SEAL HAS HOLES IN IT.,REMOVED & REPLACED BAFFLE.,EC-38782beaa49fa9e8,LG-38782beaa49fa9e8,train
101748,CYL #3 ROCKER COVER GASKET LEAKING.,REMOVED & REPLACED ROCKER COVER GASKET.,EC-9a32386e03c73ec9,LG-608d782c2258dd59,train
101749,#4 ROCKER COVER GASKET LEAKING.,REMOVED & REPLACED #4 ROCKER COVER GASKET.,EC-da6ceccf140509ee,LG-608d782c2258dd59,train
101750,OIL COOLER LOWER BAFFLE SEAL IS MISSING.,APPLIED HIGH TEMP SILICONE.,EC-045572c9d7dfc728,LG-045572c9d7dfc728,dev
101751,#2 ROCKER COVER IS LEAKING.,REMOVED & REPLACED CYL #2 ROCKER COVER GASKET.,EC-9f1eed7e562e8bbc,LG-608d782c2258dd59,train
101752,L/H ENGINE WILL NOT START.,STARTED L/H ENGINE & PERFORMED MAG DROP & RUN UP PROCED,EC-2bcef5c82649e5d2,LG-2bcef5c82649e5d2,dev
101753,CYL #1 ROCKER COVER GASKET LEAKING.,REMOVED & REPLACED ROCKER COVER GASKET.,EC-bf1f39d7a4256a12,LG-608d782c2258dd59,train
101754,#2 INTAKE LEAKING.,REPLACED GASKET.,EC-9e293c9950113443,LG-10956cdabbd1e3ce,dev
101755,#1 & 2 ROCKER COVERS LEAKING.,REMOVED & REPLACED ROCKER COVER GASKETS.,EC-219cf808c14f3f36,LG-608d782c2258dd59,train
101756,ENG DIED AFTER LANDING.,STARTED A/C USING FLOODED START PROCEDURE. A/C RAN NORM,EC-e209e336c489f9b5,LG-e209e336c489f9b5,dev
101757,ENG HAD MOMENTARY OVERSPEED TO 2770 RPM.,"PER LYCOMING , NO FURTHER ACTION REQUIRED AS OVE",EC-c10352b7480e686f,LG-c10352b7480e686f,test
101758,#2 CYL ROCKER COVER SCREW IS MISSING.,INSTALLED NEW SCREW.,EC-ea79c13832bc7f5d,LG-ea79c13832bc7f5d,train
101759,#1 ROCKER COVER GASKET LEAKING.,INSTALLED NEW #1 ROCKER BOX COVER GASKET.,EC-3466c922bf8446a2,LG-608d782c2258dd59,train
101760,INTAKE GASKET CYL #2 LEAKING.,REMOVED & REPLACED INTAKE GASKET.,EC-482382c0fffa0e7f,LG-4285908bb8f7434c,train
101761,ROCKER COVER GASKET CYL #2 LEAKING.,REMOVED & REPLACED ROCKER COVER GASKET.,EC-e88efc07588299e6,LG-608d782c2258dd59,train
101762,#3 INTAKE GASKET LEAKING.,REMOVED & REPLACED GASKET.,EC-12a267bf8b1d91a6,LG-4285908bb8f7434c,train
101763,#3 INTAKE LEAKING.,REMOVED & REPLACED #3 INTAKE GASKET.,EC-6f9c95f514a1077a,LG-10956cdabbd1e3ce,dev
101764,R/H BAFFLE SAFETY WIRE BROKEN.,SECURED W/ NEW SAFETY WIRE & SPIRAL WRAP.,EC-9d645b64018b0aef,LG-9d645b64018b0aef,dev
101765,L/H BAFFLE BUTTON PLUG IS BROKEN.,INSTALLED NEW PLUG.,EC-af769821c80031f3,LG-af769821c80031f3,train
101766,#2 INTAKE LEAKING.,REMOVED & REPLACED INTAKE GASKET.,EC-9e293c9950113443,LG-10956cdabbd1e3ce,dev
101767,"CYL #1, 3, 4 ROCKER COVERS ARE LEAKING.",REMOVED & REPLACED ROCKER COVER GASKETS.,EC-29b62007c831c4ad,LG-608d782c2258dd59,train
101768,CASE HALVES LEAKING ON BOTTOM FWD PORTION.,"CLEANED ENGINE, RAN A/C, INSPECTED & DETECTED NO LEAKS.",EC-0f9e095dc7487596,LG-0f9e095dc7487596,train
101769,#1 INTAKE IS LEAKING.,REMOVED & REPLACED GASKET.,EC-15bf6e31a0b605cd,LG-10956cdabbd1e3ce,dev
101770,L/H I/B BAFFLE SPRING IS BRKOEN.,INSTALLED NEW SPRING.,EC-282552b0b82e2a12,LG-282552b0b82e2a12,train
101771,ROCKER COVER GASKET CYL #2 LEAKING.,DRESSED PROP.,EC-e88efc07588299e6,LG-608d782c2258dd59,train
101772,"INTAKE GASKET, CYLINDER #2, LEAKING.",REMOVED & REPLACED INTAKE GASKET.,EC-54b9438c8d61e4ba,LG-962a2251cf078b67,train
101773,CYL #4 INTAKE GASKET IS LEAKING.,REMOVED & REPLACED GASKET W/ NEW.,EC-92a0dbb804603f0d,LG-4285908bb8f7434c,train
101774,#2 & 4 INTAKES ARE LEAKING ON L/H ENGINE.,REPLACED GASKETS ON 2 & 4 INTAKES.,EC-07454548c59db3c9,LG-4285908bb8f7434c,train
101775,R/H ENG CYL #4 AFT BAFFLE BRACKET CRACKED.,STOP DRILLED CRACK.,EC-a319cf86fe3e2b45,LG-a319cf86fe3e2b45,train
101776,R/H ENG CYL #3 INTAKE GASKET LEAKING.,REMOVED & REPLACED CYL #3 INTAKE GASKET.,EC-fcbedea9c24284b0,LG-4285908bb8f7434c,train
101777,"L/H ENG, CYL #2 ROCKER COVER LEAKING.",REMOVED & REPLACED L/H ENG CYL #2 ROCKER COVER GASKET.,EC-b88ad93866fb087b,LG-608d782c2258dd59,train
101778,"L/H ENGINE ROCKER COVER GASKETS, CYL 3, LEAKING.",REMOVED & REPLACED L/H ENG ROCKER COVER GASKET.,EC-f33e2e875bf4b51a,LG-f33e2e875bf4b51a,train
101779,R/H ENG CYL #3 ROCKER COVER GASKET LEAKING.,REMOVED & REPLACED R/H ENG CYL #3 ROCKER COVER GASKET.,EC-0789ac5e5ea92c3e,LG-608d782c2258dd59,train
101780,#2 INDUCTION TUBE GASKET LEAKING.,INSTALLED NEW INDUCTION TUBE GASKET.,EC-abec8430bec9f461,LG-abec8430bec9f461,test
101781,PARTICLE SEPERATOR HAS GRASS IN IT.,CLEANED GRASS OUT OF PARTICLE SEPERATOR.,EC-5d5869156f260f58,LG-5d5869156f260f58,train
101782,CYL #4 INTAKE IS LEAKING.,INSTALLED NEW INDUCTION TUBE GASKET.,EC-907095f0489f2214,LG-4285908bb8f7434c,train
101783,FWD LOWER ENGINE BAFFLE CRACKED.,"REMOVED ENGINE BAFFLE, STOP DRILLED CRACK, FABRICATED P",EC-15c8d43ecbc55249,LG-15c8d43ecbc55249,train
101784,R/H ENGINE SIDE BAFFLE CRACKED.,STOP DRILLED CRACK.,EC-62f657a30f399052,LG-13dec33e5f80d531,dev
101785,CYL #2 ROCKER COVER GASKET LEAKING.,REMOVED & REPLACED CYL #2 ROCKER COVER GASKET.,EC-dd75f7cbb6fe4441,LG-608d782c2258dd59,train
101786,FORWARD BAFFLE NEAR ALTERNATOR IS CRACKED.,STOP DRILLED CRACK.,EC-e283c6e6a1d1c2d8,LG-e283c6e6a1d1c2d8,test
101787,BOTH ENG BAFFLE BUTTONS WORN.,REPLACED & INSTALLED 2 BUTTONS.,EC-1c018b52438cc92f,LG-646dee5f7c2e3098,train
101788,ALL ROCKER COVER SCREWS LOOSE & 1 MISSING.,REPLACED MISSING SCREW & TIGHTENED ALL SCREWS.,EC-98d653f24f28595a,LG-98d653f24f28595a,train
101789,CYL #4 INTAKE IS LEAKING.,INSTALLED NEW INDUCTION TUBE GASKET.,EC-907095f0489f2214,LG-4285908bb8f7434c,train
101790,"DURING CRUISE, ENGINE BECAME INCREDIBLY ROUGH. ENGINE CONTIN",RAN A/C & CYLINDER LEAK & OPS CK'ED GOOD.,EC-195d961def66f569,LG-195d961def66f569,train
101791,"DURING CRUISE, ENGINE BECAME INCREDIBLY ROUGH. ENGINE CONTIN",REMOVED #2 CYL. FOUND #2 EXHAUST VALVE & GUIDE GALLED.,EC-195d961def66f569,LG-195d961def66f569,train
101792,"DURING CRUISE, ENGINE BECAME INCREDIBLY ROUGH. ENGINE CONTIN",COMPLETED INSTALLATION OF #2 CYL. SERVICED ENGINE W/ 8,EC-195d961def66f569,LG-195d961def66f569,train
101793,#3 INTAKE LEAKING.,REPLACED INTAKE GASKET.,EC-6f9c95f514a1077a,LG-10956cdabbd1e3ce,dev
101794,BOTH BAFFLE PLUGS WORN.,REMOVED & REPLACED PLUGS.,EC-8c42875f4907c236,LG-d1ae1963cf7de664,dev
101795,R/H AFT BAFFLE CRACKED.,"DISCONNECTED OIL PRESSURE LINE, DISPLACED OIL COOLER. F",EC-763235792d2900cf,LG-e3b964f842fc4352,test
101796,ROCKER COVER GASKET CYL #1 LEAKING.,REMOVED & REPLACED ROCKER COVER GASKET.,EC-20ab008b0a35d888,LG-608d782c2258dd59,train
101797,#4 ROCKER COVER GASKET LEAKING.,REMOVED & REPLACED #4 ROCKER COVER GASKET.,EC-da6ceccf140509ee,LG-608d782c2258dd59,train
101798,#4 ROCKER COVER GASKET LEAKING.,REPLACED GASKET.,EC-da6ceccf140509ee,LG-608d782c2258dd59,train
101799,SCREW MISSING ON #4 ROCKER COVER.,INSTALLED NEW SCREW.,EC-b49bebe236529276,LG-ee48bcbd70b76233,dev
101800,#4 INTAKE LEAKING.,REMOVED & REPLACED #4 INTAKE GASKET.,EC-66d79f80174da74e,LG-10956cdabbd1e3ce,dev
101801,L/H BAFFLE PLUG LOCK TABS MISSING.,INSTALLED NEW BAFFLE PLUG.,EC-2fdaa17724979cf1,LG-2fdaa17724979cf1,test
101802,#3 ROCKER COVER IS LEAKING.,REMOVED & REPLACED GASKET.,EC-a0b3e63ece653165,LG-608d782c2258dd59,train
101803,#2 INTAKE LEAKING.,REPLACED CYL #2 INTAKE GASKET.,EC-9e293c9950113443,LG-10956cdabbd1e3ce,dev
101804,R/H FWD ENGINE BAFFLE SEAL LOOSE.,REATTACHED BAFFLE SEAL.,EC-42ae006cf246ad76,LG-550468c14295fbc3,test
101805,#2 INDUCTION TUBE GASKET LEAKING.,INSTALLED NEW #2 INDUCTION TUBE GASKET.,EC-abec8430bec9f461,LG-abec8430bec9f461,test
101806,R/H REAR ENGINE BAFFLE SUPPORT BRACKET RIVETS BROKEN.,"LOOSENED OIL COOLER, OIL PRESSURE LINE. RE-RIVETED BAFF",EC-6886c3943f33233e,LG-6886c3943f33233e,train
101807,#2 & 4 INTAKES LEAKING.,REPLACED GASKETS ON #2 & 4 INTAKES.,EC-4b6fcdaabbc0244e,LG-26ffbcbee302311b,test
101808,#3 INTAKE LEAKING ON R/H ENGINE.,REMOVED & REPLACED INTAKE GASKET.,EC-e8bee9035a1deeb3,LG-4285908bb8f7434c,train
101809,"INTAKES 2, 3 & 4 LEAKING ON L/H ENGINE.",REMOVED & REPLACED INTAKE GASKETS.,EC-f4c4e83928513c1e,LG-4285908bb8f7434c,train
101810,LOWER L/H FWD BAFFLE SEAL IS LOOSE.,REPAIRED BAFFLE SEAL & SECURED.,EC-a3686534aeca5d63,LG-a3686534aeca5d63,train
101811,"CLIMBING AFTER TAKEOFF, ENGINE CHOKED & BACK FIRED.","PERFORMED ENGINE RUN UP, CK'ED FOR NORMAL OPERATION AT",EC-6ca87ce16d407554,LG-6ca87ce16d407554,train
101812,LOWER FRONT ENGINE CASE HALF SEAM IS LEAKING.,"REINSTALLED FLYWHEEL. REINSTALLED, TORQUED & SAFETIED P",EC-72cbe98d5cf68fc1,LG-72cbe98d5cf68fc1,test
101813,LOWER FRONT ENGINE CASE HALF SEAM IS LEAKING.,REMOVED PROP & FLYWHEEL TO GAIN ACCESS. CLEANED FWD CAS,EC-72cbe98d5cf68fc1,LG-72cbe98d5cf68fc1,test
101814,#4 INTAKE TUBE LEAKING.,REMOVED & REPLACED INTAKE GASKET.,EC-b7268131e2cb33c9,LG-4dcd0e6b51932d0b,dev
101815,#1 ROCKER COVER LEAKING.,REMOVED & REPLACED #4 ROCKER COVER GASKET.,EC-d7f19738c9144c80,LG-608d782c2258dd59,train
101816,LEFT IDLER GEAR HAS SPALLING ON FUEL PUMP CAM.,INSTALLED SERVICEABLE GEAR.,EC-5009f1d7e1d09d67,LG-5009f1d7e1d09d67,test
101817,LEFT IDLER GEAR HAS SPALLING ON FUEL PUMP CAM.,"INSPECTED, FOUND TO BE SERVICEABLE.",EC-5009f1d7e1d09d67,LG-5009f1d7e1d09d67,test
101818,CYL #2 ROCKER COVER GASKET LEAKING.,REMOVED & REPLACED ROCKER COVER GASKET.,EC-dd75f7cbb6fe4441,LG-608d782c2258dd59,train
101819,#4 INTAKE LEAKING.,REMOVED & REPLACED GASKET.,EC-66d79f80174da74e,LG-10956cdabbd1e3ce,dev
101820,#2 ROCKER COVER LEAKING.,REMOVED & REPLACED ROCKER COVER GASKET.,EC-c85bc86f75e7cd5b,LG-608d782c2258dd59,train
101821,#2 INTAKE LEAKING.,LEAK CK GOOD.,EC-9e293c9950113443,LG-10956cdabbd1e3ce,dev
101822,#2 INTAKE LEAKING.,REMOVED & REPLACED INTAKE GASKET.,EC-9e293c9950113443,LG-10956cdabbd1e3ce,dev
101823,#1 ROCKER COVER LEAKING.,REMOVED & REPLACED #1 ROCKER COVER GASKET.,EC-d7f19738c9144c80,LG-608d782c2258dd59,train
101824,ROCKER COVER GASKETS #3 & 2 ARE LEAKING.,REMOVED & REPLACED ROCKER COVER GASKETS.,EC-015c1295ffbb4beb,LG-608d782c2258dd59,train
101825,CYL #4 AFT BAFFLE CRACKED.,"REMOVED & REPLACED AFT BAFFLE, INSTALLED NEW BAFFLE SPR",EC-d4ab15ad3e2de65b,LG-e3b964f842fc4352,test
101826,L/H ENGINE BAFFLE PLUG DAMAGED.,"REMOVED & REPLACED L/H BAFFLE PLUG, NEW CYL #4 AFT BAFF",EC-c1fb9546137a66f7,LG-a35b550497c9ab15,test
101827,R/H #4 INTAKE GASKET IS LEAKING.,REMOVED & REPLACED GASKET.,EC-a86c0dd40a393f66,LG-4285908bb8f7434c,train
101828,"CYL #2, 3, & 4 ROCKER COVER GASKETS LEAKING.",REMOVED & REPLACED ROCKER COVER GASKETS.,EC-9a283e80ccb3b08f,LG-608d782c2258dd59,train
101829,CYL #2 INTAKE GASKET LEAKING.,REMOVED & REPLACED CYL #2 INTAKE GASKET.,EC-804e232273da2515,LG-4285908bb8f7434c,train
101830,ROCKER COVER GASKET CYL #4 LEAKING.,REMOVED & REPLACED ROCKER COVER GASKET.,EC-e079c434489f92f7,LG-608d782c2258dd59,train
101831,#1 & 3 ROCKER COVERS LEAKING.,REMOVED & REPLACED ROCKER COVER GASKETS.,EC-67b8282817b33e38,LG-608d782c2258dd59,train
101832,#2 & 4 ROCKER COVERS LEAKING.,REMOVED & REPLACED ROCKER COVER GASKETS.,EC-faa911573d289bce,LG-608d782c2258dd59,train
101833,BOLT MISSING FROM #4 CYL HEAD.,INSTALLED NEW SCREW.,EC-6b7dd4b0c1c9d4ea,LG-6b7dd4b0c1c9d4ea,train
101834,BOLT MISSING FROM #4 CYL HEAD.,"INSPECTED, FOUND NO BOLTS MISSING FROM CYL #4 HEAD. FOU",EC-6b7dd4b0c1c9d4ea,LG-6b7dd4b0c1c9d4ea,train
101835,#2 & 3 INTAKE LEAKING.,REMOVED & REPLACED #2 & 3 INTAKE GASKETS.,EC-ec00173b0c65b696,LG-10956cdabbd1e3ce,dev
101836,#2 ROCKER COVER LEAKING.,REMOVED & REPLACED #2 ROCKER COVER GASKET.,EC-c85bc86f75e7cd5b,LG-608d782c2258dd59,train
101837,#2 INDUCTION TUBE GASKET LEAKING.,INSTALLED NEW INDUCTION TUBE GASKET.,EC-abec8430bec9f461,LG-abec8430bec9f461,test
101838,#4 INDUCTION TUBE GASKET LEAKING.,INSTALLED NEW INDUCTION TUBE GASKET.,EC-412b35d40e0953c0,LG-abec8430bec9f461,test
101839,R/H ENG REACHED 2770 RPM ON TAKE OFF.,2770 RPM IS BELOW LYCOMING  OVERSPEED THRESHOLD.,EC-736fec8b065360c8,LG-736fec8b065360c8,train
101840,#4 INTAKE GASKET LEAKING.,REPLACED GASKET.,EC-57acd94dcdde4ef3,LG-4285908bb8f7434c,train
101841,SCREW MISSING ON #2 ROCKER COVER.,REPLACED SCREW.,EC-b5c0154a2b3249f9,LG-ee48bcbd70b76233,dev
101842,#3 & 4 ROCKER COVER LEAKING.,REMOVED & REPLACED ROCKER COVER GASKETS.,EC-1eaff405fa6c1575,LG-608d782c2258dd59,train
101843,#3 & 1 CYL INTAKE GASKETS LEAKING.,REPLACED INTAKE GASKETS.,EC-70d5f738b20873e5,LG-4285908bb8f7434c,train
101844,CRACK IN FWD BAFFLE CENTER.,STOP DRILLED CRACK.,EC-e86033a26fa4e71f,LG-e86033a26fa4e71f,train
101845,FWD LOWER BAFFLE SEAL LOOSE.,RESECURED BAFFLE SEAL.,EC-a4c8a16e92b9dd33,LG-a3686534aeca5d63,train
101846,CYL #2 INTAKE GASKET LEAKING.,REMOVED & REPLACED INTAKE GASKET.,EC-804e232273da2515,LG-4285908bb8f7434c,train
101847,ROCKER COVER GASKETS CYL #1 & 2 LEAKING.,REMOVED & REPLACED ROCKER COVER GASKETS.,EC-ccec921e09cd4012,LG-608d782c2258dd59,train
101848,FWD L/H ENGINE BAFFLE CRACKED FROM HEAT AIR INTAKE DOWN.,"REMOVED BAFFLE, FABRICATED PATCH OF LIKE MATERIAL. RIVE",EC-0aea7f2cc80d7443,LG-0aea7f2cc80d7443,train
101849,#2 ROCKER COVER GASKET LEAKING.,TIGHTENED ROCKER SCREWS.,EC-8828e17d0b33db57,LG-608d782c2258dd59,train
101850,ROCKER COVER GASKET FROM CYL #2 LEAKING.,REMOVED & REPLACED GASKET.,EC-140e2b6fbb6d1bbb,LG-140e2b6fbb6d1bbb,train
101851,OIL COOLER HAS A GAP FROM COWLING & BOX ON BOTTOM.,APPLIED HIGH TEMP SILICONE SEALANT.,EC-534c5c883988e695,LG-534c5c883988e695,train
101852,EGT CYL #1 CLAMP LOOSE.,TIGHTENED CLAMP & SECURED W/ SAFETY WIRE.,EC-2ec8dd06e24f33ae,LG-2ec8dd06e24f33ae,test
101853,#3 ROCKER COVER LEAKING.,REMOVED & REPLACED #3 ROCKER COVER GASKET.,EC-4774d48aa3f463c3,LG-608d782c2258dd59,train
101854,#2 & 4 ROCKER COVER LEAKING.,REMOVED & REPLACED ROCKER COVER GASKETS.,EC-2f30d516ab5a6e5e,LG-608d782c2258dd59,train
101855,#4 ROCKER COVER GASKET TORN.,REMOVED & REPLACED ROCKER COVER GASKET.,EC-23f16b59b7c9788c,LG-d4f07a3229c920c8,test
101856,#4 INTAKE LEAKING.,REMOVED & REPLACED #4 INTAKE GASKET.,EC-66d79f80174da74e,LG-10956cdabbd1e3ce,dev
101857,L/H ENGINE BAFFLE SEAL RIVETS LOOSE.,REMOVED RIVETS & REINSTALLED NEW.,EC-40b0b34b4ec88e8c,LG-40b0b34b4ec88e8c,dev
101858,R/H REAR ENGINE BAFFLE MOUNTING SCREW MISSING & BRACKET RIVE,REMOVED BAFFLE & REATTACHED BRACKET. REPLACED MISSING S,EC-5a81f20917db1e79,LG-5a81f20917db1e79,train
101859,INTAKE GASKETS #1 & 3 LEAKING.,REMOVED & REPLACED GASKETS.,EC-e63121edd3085245,LG-4285908bb8f7434c,train
101860,CYLINDER #4 BAFFLE PLUG TEETH ARE BROKEN.,REMOVED & REPLACED BAFFLE PLUG.,EC-a0a4f86c3610f1d6,LG-a0a4f86c3610f1d6,train
101861,"ROCKER COVER GASKETS ON CYL #3, 4 LEAKING.",REMOVED & REPLACED ROCKER COVER GASKETS.,EC-4a834d3d63056587,LG-608d782c2258dd59,train
101862,#3 INTAKE GASKET IS LEAKING.,REPLACED GASKET.,EC-17660b2a9cc00433,LG-4285908bb8f7434c,train
101863,#1 SIDE BAFFLE CRACKED.,REPAIRED W/ RIVETED PATCH.,EC-963f5b83ae99149e,LG-13dec33e5f80d531,dev
101864,#3 & 4 ROCKER GASKETS LEAKING.,REMOVED & REPLACED ROCKER COVER GASKETS.,EC-49ba81b090ff598a,LG-608d782c2258dd59,train
101865,#4 INTAKE TUBE LEAKING.,REMOVED & REPLACED INTAKE GASKET.,EC-b7268131e2cb33c9,LG-4dcd0e6b51932d0b,dev
101866,#3 INTAKE LEAKING ON R/H ENGINE.,REMOVED & REPLACED GASKET.,EC-e8bee9035a1deeb3,LG-4285908bb8f7434c,train
101867,HARDWARE MISSING ON L/H ENGINE #2 CYLINDER.,INSTALLED NEW HARDWARE.,EC-2565772865c003cb,LG-2565772865c003cb,train
101868,INTAKES 2 & 4 LEAKING ON R/H ENGINE.,REMOVED & REPLACED #2 & 4 INTAKE GASKETS.,EC-97caa6160c52c03f,LG-4285908bb8f7434c,train
101869,MUFFLER HEAT MUFF CRACKED.,STOP DRILLED CRACK & REINSTALLED.,EC-313ff97e2b8cf084,LG-313ff97e2b8cf084,train
101870,FAILS MIXTURE CK - NO RPM RISE.,ADJUSTED IDLE SPEED & MIXTURE TO SPECS. OPS CK GOOD.,EC-b6552f2698cfb4a3,LG-b6552f2698cfb4a3,train
101871,INTAKE GASKETS CYL #2 & 4 LEAKING.,REMOVED & REPLACED INTAKE GASKETS.,EC-907e0ea35da3f8fd,LG-4285908bb8f7434c,train
101872,#4 INTAKE GASKET LEAKING.,REMOVED & REPLACED INTAKE GASKET.,EC-57acd94dcdde4ef3,LG-4285908bb8f7434c,train
101873,#2 INDUCTION TUBE GASKET LEAKING.,INSTALLED NEW INDUCTION TUBE GASKET.,EC-abec8430bec9f461,LG-abec8430bec9f461,test
101874,BOTH BAFFLE PLUGS BAD.,REMOVED & REPLACED BAFFLE PLUGS.,EC-2c1b711fcf200c80,LG-2c1b711fcf200c80,train
101875,#3 ROCKER COVER LEAKING.,REMOVED & REPLACED ROCKER COVER GASKET.,EC-4774d48aa3f463c3,LG-608d782c2258dd59,train
101876,ROCKER COVER GASKET FROM CYL #2 LEAKING.,REMOVED & REPLACED ROCKER COVER GASKETS.,EC-140e2b6fbb6d1bbb,LG-140e2b6fbb6d1bbb,train
101877,#3 INDUCTION TUBE GASKET LEAKING.,REPLACED INTAKE GASKET.,EC-cd3eb18391b38e2d,LG-abec8430bec9f461,test
101878,R/H REAR ENGINE BAFFLE MOUNTING SCREW MISSING.,INSTALLED NEW SCREW.,EC-f1e73774ba72fb3a,LG-f1e73774ba72fb3a,train
101879,"RAN SMOOTHLY AFTER ENGINE START LEAN PROCEDURE, THEN RAN VER","RAN A/C & FOUND ENGINE RUNNING EXTREMELY ROUGH, INTERMI",EC-7fa113b19340f36a,LG-7fa113b19340f36a,dev
101880,"RAN SMOOTHLY AFTER ENGINE START LEAN PROCEDURE, THEN RAN VER","INSTALLED NEW GASKETS & SEALS, AS WELL AS, #2 CYL VALVE",EC-7fa113b19340f36a,LG-7fa113b19340f36a,dev
101881,"RAN SMOOTHLY AFTER ENGINE START LEAN PROCEDURE, THEN RAN VER","REMOVED INJECTOR NOZZLES, CLEANED & REINSTALLED. PERFOR",EC-7fa113b19340f36a,LG-7fa113b19340f36a,dev
101882,#3 AFT BAFFLE CRACKED.,STOP DRILLED CRACK.,EC-622740ed6b278ae7,LG-e3b964f842fc4352,test
101883,#2 & 3 INTAKE GASKETS LEAKING.,REPLACED GASKETS.,EC-88f45c6cdd6109b9,LG-4285908bb8f7434c,train
101884,R/H & L/H VALVE COVERS LEAKING.,"INSTALLED ALL NEW VALVE COVERS, BOTH ENGINES.",EC-c77ea04f358bfe3a,LG-c77ea04f358bfe3a,train
101885,L/H ENGINE OIL COOLER TO ENGINE LIFTING EYE BRACKET BROKEN.,INSTALLED SERVICEABLE BRACKET.,EC-2aad32e64c800996,LG-2aad32e64c800996,train
101886,R/H ENGINE LIFTING EYE BOLT LEAKING OIL.,"REMOVED BOLT, CLEAN & SEALANT APPLIED. REASSEMBLED.",EC-5742c355d593ccac,LG-5742c355d593ccac,train
101887,#2 INTAKE LEAKING.,REMOVED & REPLACED INTAKE GASKET.,EC-9e293c9950113443,LG-10956cdabbd1e3ce,dev
101888,R/H ENGINE #4 CYL BAFFLE BRACE NEEDS TO BE REMOVED FOR CAN O,INSTALLED NEW BRACE.,EC-0104d693d963f0ba,LG-0104d693d963f0ba,train
101889,R/H ENGINE #4 CYL BAFFLE BRACE NEEDS TO BE REMOVED FOR CAN O,REMOVED BRACE AS SERVICEABLE. PART ON ORDER.,EC-0104d693d963f0ba,LG-0104d693d963f0ba,train
101890,AUTO RELIGHT DEFERRED.,SEE,EC-eca94f9e763fcec0,LG-eca94f9e763fcec0,test
101891,LEFT ENGINE WOULD NOT START. ATTEMPTED NORMAL & FLOODED.,"PERFORMED NORMAL ENGINE START, NO DISCREPANCY NOTED. L/",EC-0efece383c2757eb,LG-0efece383c2757eb,test
101892,L/H BAFFLE PLUG DAMAGED.,INSTALLED NEW PLUG.,EC-223f7444f6196f6e,LG-a35b550497c9ab15,test
101893,CYL #2 BAFFLE SCREW IS MISSING.,INSTALLED NEW SCREW.,EC-220959736180b21a,LG-ac09d330d3a5d8db,dev
101894,ENGINE HESITATION/ROUGHNESS 30 SEC AFTER TAKEOFF. NO FURTHER,"RAN A/C, DID NOT NOTICE ANY ROUGHNESS OR HESTITATION.",EC-0ca40a54f289d54f,LG-0ca40a54f289d54f,train
101895,ALL VALVE COVERS LEAKING.,INSTALLED ALL NEW VALVE COVER GASKETS.,EC-8519ecd8ccaecb03,LG-8519ecd8ccaecb03,train
101896,#2 & 4 INTAKES LEAKING.,REMOVED & REPLACED INTAKE GASKETS.,EC-4b6fcdaabbc0244e,LG-26ffbcbee302311b,test
101897,CYL #2 & 3 ROCKER COVERS ARE LEAKING.,INSTALLED NEW ROCKER COVER GASKETS.,EC-7a640008c00bc0c2,LG-608d782c2258dd59,train
101898,#3 INDUCTION TUBE GASKET LEAKING.,INSTALLED NEW #3 INDUCTION TUBE GASKET.,EC-cd3eb18391b38e2d,LG-abec8430bec9f461,test
101899,#2 & 4 INTAKE GASKETS ARE LEAKING.,REMOVED & REPLACED GASKETS W/ NEW.,EC-38ad91ee1b47eadf,LG-4285908bb8f7434c,train
101900,"LEAKING INTAKE GASKET, CYL #2.",REMOVED & REPLACED INTAKE GASKET.,EC-c65be2f57f097215,LG-c65be2f57f097215,train
101901,"LEAKING ROCKER COVER GASKET, CYL #4.",REMOVED & REPLACED ROCKER COVER GASKET.,EC-368a9210236b5142,LG-368a9210236b5142,train
101902,ENGINE RPM OF 2720.,"C/W LYCOMING , LESS THAN 5% REQUIREMENTS. NO FUR",EC-c218f62a9f01c4b9,LG-c218f62a9f01c4b9,train
101903,CYL #3 ROCKER COVER GASKET IS LEAKING.,REMOVED & REPLACED CYL #3 ROCKER COVER GASKET.,EC-68fb8e6013fe17de,LG-608d782c2258dd59,train
101904,CRANKSHAFT SEAL APPEARS TO BE LEAKING.,"REMOVED COWL, LEAK CK GOOD. REINSTALLED COWL.",EC-f76e219213e2086d,LG-f76e219213e2086d,train
101905,CRANKSHAFT SEAL APPEARS TO BE LEAKING.,REMOVED SAFETY WIRE FROM PROP BOLTS. CLEANED AREA. RAN,EC-f76e219213e2086d,LG-f76e219213e2086d,train
101906,CRANKSHAFT SEAL APPEARS TO BE LEAKING.,REMOVED PROP. FOUND CRANKSHAFT SEAL TO BE LEAKING. REMO,EC-f76e219213e2086d,LG-f76e219213e2086d,train
101907,CYL #2 & 4 INTAKE GASKETS LEAKING.,REMOVED & REPLACED INTAKE GASKETS.,EC-bd8cabd4b1787e44,LG-4285908bb8f7434c,train
101908,"CYL #3 AFT BAFFLE SCREW IS TIGHT, BUT BAFFLE IS LOOSE.","REMOVED OIL FILLER TUBE, REMOVED SCREW. TAPPED HOLE & C",EC-44d673aa62b93266,LG-44d673aa62b93266,test
101909,CYL #4 INTAKE GASKET LEAKING.,REMOVED & REPLACED CYL #4 INTAKE GASKET.,EC-e5b89fc5cfd3901f,LG-4285908bb8f7434c,train
101910,"ROCKER COVER GASKETS LEAKING, CYL #2 & 3.",REMOVED & REPLACED ROCKER COVER GASKETS.,EC-0cd5bfbbbfe60a04,LG-0cd5bfbbbfe60a04,dev
101911,#4 INTAKE LEAKING.,REMOVED & REPLACED #4 INTAKE GASKET.,EC-66d79f80174da74e,LG-10956cdabbd1e3ce,dev
101912,#2 & 4 INTAKES LEAKING.,REMOVED & REPLACED INTAKE GASKETS.,EC-4b6fcdaabbc0244e,LG-26ffbcbee302311b,test
101913,ENGINE BAFFLE PLUGS BAD.,INSTALLED NEW BAFFLE PLUGS.,EC-9fb4611c60842fea,LG-9fb4611c60842fea,test
101914,R/H REAR ENGINE BAFFLE MOUNT SCREW LOOSE.,RETIGHTENED SCREW.,EC-fb9e5102af11d7a0,LG-fb9e5102af11d7a0,train
101915,L/H BAFFLE TIE BROKEN.,INSTALLED NEW BAFFLE TIE.,EC-a456c10593172117,LG-a456c10593172117,dev
101916,"CYL #2, 3 ROCKER COVER GASKETS LEAKING.",REMOVED & REPLACED ROCKER COVER GASKETS.,EC-60c93c9fbd238e2a,LG-608d782c2258dd59,train
101917,CENTER AFT ENGINE BAFFLE CRACKED.,"REMOVED BAFFLE, DRILLED OUT RIVETS & REMOVED CRACKED PO",EC-653fb165d076e7f7,LG-653fb165d076e7f7,train
101918,#4 INTAKE GASKET LEAKING.,REPLACED GASKET.,EC-57acd94dcdde4ef3,LG-4285908bb8f7434c,train
101919,#2 INTAKE GASKET IS LEAKING.,REPLACED GASKET.,EC-53f353a420cf4fcc,LG-4285908bb8f7434c,train
101920,#2 CYL COMPERSSION READING LOW.,"STAKED INTAKE VALVE, COMPRESSION NOW 76/80.",EC-45671b44ddeed5e8,LG-45671b44ddeed5e8,test
101921,"#1, 2 & 4 INTAKES LEAKING.",REMOVED & REPLACED INTAKE GASKETS.,EC-4ebbbc48f96e5161,LG-26ffbcbee302311b,test
101922,#4 INTAKE GASKET LEAKING.,REPLACED GASKET.,EC-57acd94dcdde4ef3,LG-4285908bb8f7434c,train
101923,#2 & 4 CYL ROCKER COVER SCREWS ARE LOOSE.,TIGHTENED SCREWS.,EC-0da31f24efe47fb5,LG-0da31f24efe47fb5,train
101924,L/H BAFFLE PLUG HOLE IS ELONGATED.,INSTALLED BAFFLE PLUG DOUBLER.,EC-83c13df6f0501462,LG-83c13df6f0501462,dev
101925,CYL #2 INTAKE GASKET IS LEAKING.,INSTALLED NEW GASKET ON #2 INTAKE FLANGE.,EC-ae287164a190fda3,LG-4285908bb8f7434c,train
101926,CYL #3 ROCKER COVER GASKET LEAKING.,REMOVED & REPLACED ROCKER COVER GASKET.,EC-9a32386e03c73ec9,LG-608d782c2258dd59,train
101927,#2 & 4 ROCKER COVER GASKETS ARE LEAKING.,REMOVED & REPLACED GASKETS.,EC-a7850f7a16b726bb,LG-608d782c2258dd59,train
101928,#2 CYL INTAKE LEAKS.,REPLACED GASKET.,EC-8b443037101f9d11,LG-0e48eb423d7a05e3,test
101929,#1 CYL HAS LOW COMPRESSION.,LEAK CK GOOD.,EC-559045d5cd560b13,LG-c3aa26ca83c3ba37,test
101930,#1 CYL HAS LOW COMPRESSION.,SERVICED W/ MINERAL OIL.,EC-559045d5cd560b13,LG-c3aa26ca83c3ba37,test
101931,"INTAKE 2, 3 & 4 LEAKING.",REMOVED & REPLACED INTAKE GASKETS.,EC-a6cd923d147040ed,LG-10956cdabbd1e3ce,dev
101932,ENGINE BAFFLE PLUGS DAMAGED.,REMOVED & REPLACED BOTH ENGINE BAFFLE PLUGS.,EC-524ea80e0d564775,LG-a35b550497c9ab15,test
101933,#1 CYL HAS LOW COMPRESSION.,BORESCOPED ENGINE & FOUND EXHAUST VALVE BURNED.,EC-559045d5cd560b13,LG-c3aa26ca83c3ba37,test
101934,#1 CYL HAS LOW COMPRESSION.,REMOVED CYL #1. REMOVED PISTON. INSTALLED NEW PISTON. I,EC-559045d5cd560b13,LG-c3aa26ca83c3ba37,test
101935,#1 CYL HAS LOW COMPRESSION.,"REMOVED AIR INTAKE PIPE. REMOVED EXHAUST, REMOVED #1 RO",EC-559045d5cd560b13,LG-c3aa26ca83c3ba37,test
101936,CYL #1 & 3 SIDE BAFFLE IS CRACKED.,"FABRICATED PATCH OF LIKE MATERIAL, INSTALLED USING EXIS",EC-e52f31fee688936c,LG-13dec33e5f80d531,dev
101937,CYL #2 EXHAUST TUBE ELBOW TOP BOLT NEEDS TO BE RECOTTER PINN,REMOVED & REPLACED LOOSE COTTER PIN.,EC-60982e6743f1a9ce,LG-60982e6743f1a9ce,test
101938,CYL #1 ROCKER COVER GASKET LEAKING.,REPLACED ROCKER COVER GASKET.,EC-bf1f39d7a4256a12,LG-608d782c2258dd59,train
101939,"ROCKER COVER GASKETS, CYL #2 & 4, LEAKING.",REMOVED & REPLACED ROCKER COVER GASKETS.,EC-985567d70431006f,LG-f33e2e875bf4b51a,train
101940,AFT BAFFLE SUPPORT CYL #3 HAS SHEARED RIVET.,"REMOVED BAFFLE, INSTALLED NEW RIVETS, REINSTALLED BAFFL",EC-f108b0fba19e778c,LG-f108b0fba19e778c,train
101941,"BAFFLING CRACKED, R/H ENG BY #4 CYLINDER.",STOP DRILLED CRACKED BAFFLE.,EC-020c4a4f1552c1e8,LG-020c4a4f1552c1e8,train
101942,CYL #3 ROCKER COVER GASKET LEAKING.,INSTALLED NEW GASKET.,EC-9a32386e03c73ec9,LG-608d782c2258dd59,train
101943,L/H COOLING BAFFLE CONNECTING ROD BROKEN.,INSTALLED NEW CONNECTING ROD ON COOLING BAFFLE.,EC-bbefa689c6d0067c,LG-bbefa689c6d0067c,train
101944,R/H CYL COOLING BAFFLE CONTACTING OIL RETURN LINE.,"TIGHTENED BAFFLE CONNECTING ROD, NO DAMAGE TO OIL RETUR",EC-7213162dbd9b1208,LG-7213162dbd9b1208,train
101945,CYL #2 INTAKE GASKET LEAKING.,REMOVED & REPLACED INTAKE GASKET.,EC-804e232273da2515,LG-4285908bb8f7434c,train
101946,"CYL #2, 4 ROCKER COVER GASKETS LEAKING.",REMOVED & REPLACED ROCKER COVER GASKETS.,EC-8586ab2e08356951,LG-608d782c2258dd59,train
101947,FWD CENTER ENG BAFFLE CRACKED.,"REMOVED DAMAGED BAFFLE SECTION, FABRICATED NEW SECTION",EC-cebc7aa99ded06fe,LG-cebc7aa99ded06fe,train
101948,"CYL #2, 3 & 4 ROCKER COVER GASKETS LEAKING.",REMOVED & REPLACED ROCKER COVER GASKETS.,EC-2fc906600a0ffbfa,LG-608d782c2258dd59,train
101949,#2 ROCKER COVER LEAKING.,REPLACED ROCKER COVER GASKET.,EC-c85bc86f75e7cd5b,LG-608d782c2258dd59,train
101950,HARDWARE MISSING ON R/H REAR BAFFLE.,INSTALLED NEW HARDWARE.,EC-72904e3a2f74d87b,LG-c4711c42c3146697,train
101951,#2 INDUCTION TUBE GASKET LEAKING.,INSTALLED NEW #2 INDUCTION TUBE GASKET.,EC-abec8430bec9f461,LG-abec8430bec9f461,test
101952,R/H BAFFLE SEAL BY PROP GOVERNOR LOOSE.,RIVETED BAFFLE SEAL BACK ONTO BAFFLE.,EC-dfdf96c693284ca4,LG-36f60c9c6ebb5842,train
101953,#2 & 4 INTAKE LEAKING.,REMOVED & REPLACED INTAKE GASKETS.,EC-8b482d4d33b6f5e0,LG-10956cdabbd1e3ce,dev
101954,INTAKE GASKET CYL #4 LEAKING.,REMOVED & REPLACED INTAKE GASKET.,EC-13eb31fa1710e12a,LG-4285908bb8f7434c,train
101955,INTAKE GASKETS CYL #1 & 3 LEAKING.,REMOVED & REPLACED INTAKE GASKETS.,EC-65c2b687ffc4e42f,LG-4285908bb8f7434c,train
101956,"ROCKER COVER GASKETS CYL #3, 4, 1 LEAKING.",REPLACED ROCKER COVER GASKETS.,EC-a1be6720848d147a,LG-608d782c2258dd59,train
101957,R/H AFT BAFFLING RIVETS SHEARED.,"REMOVED BAFFLING, DRILLED OUT BROKEN RIVETS. REPLACED B",EC-1470cacd5dc2b22d,LG-1470cacd5dc2b22d,test
101958,#3 CYL LOWER SPARK PLUG BOSS THREADS DAMAGED.,"CLEANED THREADS W/ 18MM TAP, INSPECTED THREADS, THREADS",EC-c3e6292cb0630d55,LG-c3e6292cb0630d55,train
101959,R/H BAFFLE PLUG WORN.,REMOVED & REPLACED R/H BAFFLE PLUG.,EC-c741684f6363c058,LG-724c9a4174167cf3,train
101960,L/H FWD BAFFLE IS CRACKED.,REMOVED & REPLACED BAFFLE.,EC-3f7ae78918a79fc9,LG-15f761dc9e6351d8,dev
101961,L/H FWD ENG BAFFLE CRACKED AT CORNER.,STOP DRILLED END OF CRACK.,EC-2ff3b70119dea7ff,LG-2ff3b70119dea7ff,train
101962,#2 INTAKE GASKET LEAKING.,REPLACED #2 INTAKE GASKET W/ NEW.,EC-1fec9b07493816ca,LG-4285908bb8f7434c,train
101963,#4 BOTTOM ROCKER COVER SCREW WON'T TIGHTEN.,CLEANED THREADS IN CYLINDER HEAD & TIGHTENED SCREW.,EC-0a9d428260037ac7,LG-0a9d428260037ac7,test
101964,#2 & 3 INTAKES LEAKING ON L/H ENGINE.,REPLACED BOTH #2 & 3 INTAKE GASKETS.,EC-8e21f9fd40603ed5,LG-4285908bb8f7434c,train
101965,#1 INTAKE TUBE DAMAGED.,CANNED CYL #1 INTAKE PIPE FROM INVENTORY ITEM. REMOVED,EC-77b1b19d6b54d318,LG-77b1b19d6b54d318,train
101966,#4 INTAKE LEAKING ON L/H ENGINE.,REMOVED & REPLACED #4 INTAKE GASKET ON L/H ENG.,EC-3fd1e88fe4572cdd,LG-4285908bb8f7434c,train
101967,"#3 INTAKE LEAKING ON L/H ENGINE, ALONG W/ #2.",REMOVED & REPLACED #2 & 3 INTAKE GASKETS.,EC-0575a184c21e9bca,LG-0575a184c21e9bca,train
101968,"INTAKES 2, 3 & 4 LEAKING.",REMOVED & REPLACED INTAKE GASKETS.,EC-9392fa527714355b,LG-26ffbcbee302311b,test
101969,#2 INTAKE GASKET LEAKING.,INSTALLED NEW INTAKE GASKET.,EC-1fec9b07493816ca,LG-4285908bb8f7434c,train
101970,ROCKER COVER GASKET #1 LEAKING.,REMOVED & REPLACED ROCKER COVER GASKET.,EC-ae4633c6da7b2209,LG-608d782c2258dd59,train
101971,FWD LOWER ENGINE BAFFLE SEAL LOOSE.,RESECURED BAFFLE SEAL ON FWD ENGINE BAFFLE.,EC-51320012bbd24183,LG-a3686534aeca5d63,train
101972,#2 & 4 INTAKES ON R/H ENGINE LEAKING.,REPLACED INTAKE GASKETS.,EC-31fcaf0b492a1d4e,LG-4285908bb8f7434c,train
101973,CYL #2 INTAKE GASKET IS LEAKING.,REMOVED & REPLACED GASKET W/ NEW.,EC-ae287164a190fda3,LG-4285908bb8f7434c,train
101974,R/H BAFFLE PLUG IS MISSING.,"INSTALLED NEW PLUG, UNABLE TO LOCATE EXISTING PLUG.",EC-83f26ff0d996682c,LG-9410f0626a11b72a,train
101975,LEFT & RIGHT BAFFLE PLUGS HAVE SEVERAL BROKEN FINGERS.,REPLACED BAFFLE PLUGS.,EC-53b923dd8b556103,LG-53b923dd8b556103,dev
101976,BAFFLE PLUG WORN.,INSTALLED NEW BAFFLE PLUG.,EC-1ca6b8fd9ccbc54e,LG-724c9a4174167cf3,train
101977,ROCKER COVER GASKETS #2 & 3 LEAKING.,REMOVED & REPLACED ROCKER GASKETS.,EC-861f009c21dc0bf8,LG-608d782c2258dd59,train
101978,L/H ENG BAFFLE SCREW MISSING.,INSTALLED NEW SCREW.,EC-6321637ae587496a,LG-ac09d330d3a5d8db,dev
101979,R/H ENG BAFFLE #2 & 4 CROSSTIE BROKEN.,INSTALLED NEW BAFFLE CROSSTIE.,EC-013d7638bde6bf78,LG-013d7638bde6bf78,dev
101980,"R/H ENG #2, 3 & 4 ROCKER BOX COVERS LEAKING.",REMOVED & REPLACED ROCKER COVER GASKETS ON R/H ENGINE.,EC-af9dc3e9f47766f1,LG-9510fca4d1deffdb,test
101981,CYL #3 ROCKER COVER GASKET LEAKING.,INSTALLED NEW GASKET.,EC-9a32386e03c73ec9,LG-608d782c2258dd59,train
101982,R/H AFT COOLING BAFFLING RIVETS SHEARED.,"REMOVED AFT BAFFLE, INSTALLED NEW RIVETS. REATTACHED AF",EC-6020d2a05c8c56cd,LG-1470cacd5dc2b22d,test
101983,CYL #3 ROCKER COVER GASKET LEAKING.,REMOVED & REPLACED CYL #3 ROCKER COVER GASKET.,EC-9a32386e03c73ec9,LG-608d782c2258dd59,train
101984,BAFFLE PLUGS HAVE BROKEN FINGERS.,REPLACED PLUGS.,EC-6fa95d8f0925c84d,LG-6fa95d8f0925c84d,train
101985,"CYL #2, 4 ROCKER COVER GASKETS LEAKING.",REMOVED & REPLACED ROCKER COVER GASKETS.,EC-8586ab2e08356951,LG-608d782c2258dd59,train
101986,#4 BAFFLE CRACKED IN FRONT OF OIL COOLER.,UPON FURTHER INSPECTION DETERMINED TO BE A SCRATCH.,EC-4f212ab14077dfd1,LG-4f212ab14077dfd1,train
101987,CYL #2 & 3 ROCKER COVER GASKETS LEAKING.,REMOVED & REPLACED ROCKER COVER GASKET.,EC-4b07888e785acd85,LG-608d782c2258dd59,train
101988,#4 INTAKE LEAKING ON R/H ENGINE.,REMOVED & REPLACED INTAKE GASKET.,EC-194a299c3a02bcab,LG-4285908bb8f7434c,train
101989,#2 & 4 INTAKES LEAKING ON L/H ENGINE.,REMOVED & REPLACED INTAKE GASKETS.,EC-f6ea10c44311f457,LG-4285908bb8f7434c,train
101990,#2 ROCKER COVER LEAKING ON R/H ENGINE.,INSTALLED NEW ROCKER BOX COVER GASKET.,EC-24ebe98149e40304,LG-608d782c2258dd59,train
101991,#3 ROCKER COVER LEAKING ON L/H ENGINE.,REMOVED & REPLACED ROCKER COVER GASKET.,EC-6ed23840414e91b3,LG-608d782c2258dd59,train
101992,R/H PROP SHAFT SEAL SEEPING.,"RAN, LEAK CK'ED OK.",EC-072f17a10ede91ad,LG-072f17a10ede91ad,train
101993,R/H PROP SHAFT SEAL SEEPING.,INSTALLED NEW SEAL & GASKET. TORQUED & SAFETIED REATINE,EC-072f17a10ede91ad,LG-072f17a10ede91ad,train
101994,CYL #3 ROCKER COVER GASKET LEAKING.,REMOVED & REPLACED ROCKER COVER GASKET.,EC-9a32386e03c73ec9,LG-608d782c2258dd59,train
101995,CYL #2 INTAKE GASKET LEAKING.,REMOVED & REPLACED INTAKE GASKET.,EC-804e232273da2515,LG-4285908bb8f7434c,train
101996,L/H BAFFLE PLUG MISSING TEETH.,INSTALLED NEW PLUG.,EC-7064740e5d37eff6,LG-7064740e5d37eff6,dev
101997,#2 & 4 INTAKE GASKETS ARE LEAKING.,REPLACED GASKETS.,EC-38ad91ee1b47eadf,LG-4285908bb8f7434c,train
101998,#3 ROCKER COVER GASKET LEAKING.,REMOVED & REPLACED ROCKER COVER GASKET.,EC-cd33c56b9090b89a,LG-608d782c2258dd59,train
101999,CYL #1 INTAKE GASKET IS ELAKING.,REMOVED & REPLACED GASKET W/ NEW.,EC-b8ce8a5cc61f31d0,LG-b8ce8a5cc61f31d0,train
102000,L/H I/B BAFFLE SPRING IS BROKEN.,REMOVED & REPLACED SPRING W/ NEW.,EC-c34ca24ef31bdc68,LG-f714f46f4da8f6fa,train
102001,CYL #1 ROCKER COVER GASKET LEAKING.,REMOVED & REPLACED GASKET W/ NEW.,EC-bf1f39d7a4256a12,LG-608d782c2258dd59,train
102002,ENGINE FAILURE WHILE HOLDING SHORT. THROTTLE WAS IDLE.,"RAN A/C. MAG, IDLE RPM & IDLE MIXTURE CK GOOD. INSPECTE",EC-6cb9b8dca13757f0,LG-6cb9b8dca13757f0,dev
102003,CYL #4 INTAKE GASKET IS LEAKING.,REMOVED & REPLACED GASKET W/ NEW.,EC-92a0dbb804603f0d,LG-4285908bb8f7434c,train
102004,CYL #4 HAS LOW COMPRESSION.,"RECHECKED COMPRESSIONS AFTER POST RUN, OPS CK GOOD.",EC-4c490f0f3738cffe,LG-c3aa26ca83c3ba37,test
102005,#2 INTAKE GASKET LEAKS.,REMOVED & REPLACED INTAKE GASKET.,EC-373685885e8d1b9f,LG-0e48eb423d7a05e3,test
102006,#2 ROCKER COVER LEAKS.,REMOVED & REPLACED ROCKER COVER GASKET.,EC-d31308b8e7081e06,LG-a95a51a28f245627,test
102007,#4 INTAKE LEAKING.,REPLACED GASKET.,EC-66d79f80174da74e,LG-10956cdabbd1e3ce,dev
102008,ALL ROCKER COVERS HAVE LOOSE SCREWS.,TIGHTENED ALL SCREWS.,EC-dd43a397ed774b5b,LG-dd43a397ed774b5b,dev
102009,RIVET SHEARED @ R/H AFT BAFFLE.,REMOVED & REPLACED SHEARED RIVET.,EC-5a0070aeeec94817,LG-5a0070aeeec94817,test
102010,RIVET SHEARED @ R/H AFT BAFFLE.,"REPLACED UPPER BAFFLE MATERIAL RIVET, INSTALLED NEW SCR",EC-5a0070aeeec94817,LG-5a0070aeeec94817,test
102011,"ROCKER COVERS 2, 3 & 4 LEAKING.","REMOVED ROCKER COVERS, CLEANED MATING SURFACES, INSTALL",EC-eb3eb6fa1d662eb8,LG-608d782c2258dd59,train
102012,#4 INTAKE GASKET LEAKING.,REMOVED & REPLACED INTAKE GASKET.,EC-57acd94dcdde4ef3,LG-4285908bb8f7434c,train
102013,L/H #3 ROCKER COVER LEAKING.,FOR CORRECTIVE ACTION.,EC-28cc1f49183012aa,LG-608d782c2258dd59,train
102014,#2 ENGINE LEFT REAR BAFFLE CRACKED @ INTER-CYLINDER CONNECT,INSTALLED SHEET METAL DOUBLER & STOP DRILLED.,EC-16923a8ce6878686,LG-16923a8ce6878686,train
102015,#2 ROCKER GASKET IS LEAKING.,REPLACED GASKET.,EC-fdd727a8ec6ad27c,LG-608d782c2258dd59,train
102016,#1 & 3 BAFFLE TIE WIRE LOOSE.,RESECURED TIE WIRE.,EC-8f71155d4d5935d9,LG-8f71155d4d5935d9,train
102017,#2 & 4 INTAKE GASKETS ARE LEAKING.,REPLACED GASKETS.,EC-38ad91ee1b47eadf,LG-4285908bb8f7434c,train
102018,BOLT MISSING CONNECTING UPPER ENDS OF #3 & 4 AFT BAFFLES.,"INSTALLED NEW BOLT, WASHER & NUT.",EC-aec468ac666c62e1,LG-aec468ac666c62e1,train
102019,R/H REAR ENGINE BAFFLE MOUNTING SCREW LOOSE.,TIGHTENED SCREW.,EC-aee493e1093fbaa4,LG-b1f33e2c59b03e11,train
102020,CRACKED FRONT UPPER R/H SIDE ENG BAFFLE ON #1 CYL.,"REMOVED OLD CRACKED PATCH, RIVETED NEW PATCH ON BAFFLE",EC-f131a22fa02f6f0d,LG-f131a22fa02f6f0d,train
102021,#4 ROCKER GASKET IS LEAKING.,REPLACED ROCKER GASKET.,EC-df073dd601baafbb,LG-608d782c2258dd59,train
102022,"ON APPROACH, ENGINE ROUGHNESS ABOUT 7 - 10 SECS. ADJUSTED MI","PERFORMED GROUND RUN, ALL SYSTEMS OPS CK'ED GOOD.",EC-f25ef5cff1ee576d,LG-f25ef5cff1ee576d,train
102023,"ON APPROACH, ENGINE ROUGHNESS ABOUT 7 - 10 SECS. ADJUSTED MI","INSPECTED ENGINE, FOUND CYL #2 INTAKE LEAK. REMOVED & R",EC-f25ef5cff1ee576d,LG-f25ef5cff1ee576d,train
102024,"PERFORMING GROUND REF MAN, THROTTLE WAS AT 1600 RPM, THROTTL","RAN A/C, ENGINE RAN VERY ROUGH. #2 & 3 EGT'S WERE MUCH",EC-c0e75fd1fbc3b273,LG-c0e75fd1fbc3b273,train
102025,"PERFORMING GROUND REF MAN, THROTTLE WAS AT 1600 RPM, THROTTL","INSPECTED, FOUND EXHAUST VALVE CONTACTED PISTON. BEGAN",EC-c0e75fd1fbc3b273,LG-c0e75fd1fbc3b273,train
102026,"PERFORMING GROUND REF MAN, THROTTLE WAS AT 1600 RPM, THROTTL","REAMED EXHAUST VALVE GUIDES ON #1, 2 & 4 CYLINDERS IAW",EC-c0e75fd1fbc3b273,LG-c0e75fd1fbc3b273,train
102027,"PERFORMING GROUND REF MAN, THROTTLE WAS AT 1600 RPM, THROTTL","RAN ENGINE, OPS & LEAK CK GOOD. INSTALLED COWL & ""MINER",EC-c0e75fd1fbc3b273,LG-c0e75fd1fbc3b273,train
102028,"PERFORMING GROUND REF MAN, THROTTLE WAS AT 1600 RPM, THROTTL",INSTALLED BAFFLES. DIRECT DRIVE OVERH,EC-c0e75fd1fbc3b273,LG-c0e75fd1fbc3b273,train
102029,"PERFORMING GROUND REF MAN, THROTTLE WAS AT 1600 RPM, THROTTL",REMOVED #3 AFT CYL ASS & INSTALLED REPAIRED CYL ASSY KI,EC-c0e75fd1fbc3b273,LG-c0e75fd1fbc3b273,train
102030,ENGINE COWL DZUS FASTENERS NEED RETAINERS.,INSTALLED FASTENERS.,EC-887c6183902841f6,LG-887c6183902841f6,train
102031,"R/H ENGINE SHUT DOWN ON LANDING, WAS ABLE TO RESTART & TAXI","RAN UP ENGINE, ADJUSTED MIXTURE & IDLE, OPS CK GOOD.",EC-80d0ec056db2a680,LG-80d0ec056db2a680,train
102032,#2 INTAKE ON R/H ENGINE LEAKING.,REMOVED & REPLACED INTAKE GASKET.,EC-8813328f6e57a62d,LG-4285908bb8f7434c,train
102033,R/H ENG #3 ROCKER COVER LEAKING.,REMOVED & REPLACED ROCKER COVER GASKET.,EC-fbee06e89eb9c98a,LG-608d782c2258dd59,train
102034,#2 & 4 ROCKER COVER ON R/H ENG LEAKING.,REMOVED & REPLACED ROCKER COVER GASKETS.,EC-a5ca4aa4bd359f53,LG-608d782c2258dd59,train
102035,L/H ENG #3 ROCKER COVER LEAKING.,REMOVED & REPLACED ROCKER COVER GASKET ON L/H ENG #3.,EC-4f0954a090e03227,LG-608d782c2258dd59,train
102036,ENGINE STARTED & SEEMED TO BE RUNNING FINE. SUDDENLY ENGINE,GROUND RUN CHECKS GOOD.,EC-8a49977f2e937e7e,LG-8a49977f2e937e7e,dev
102037,ENGINE STARTED & SEEMED TO BE RUNNING FINE. SUDDENLY ENGINE,REMOVED ALL 4 INJECTOR NOZZLES. ULTRASONICALLY CLEANED,EC-8a49977f2e937e7e,LG-8a49977f2e937e7e,dev
102038,ENGINE STARTED & SEEMED TO BE RUNNING FINE. SUDDENLY ENGINE,TIMED BOTH MAGS TO ENGINE & TORQUED HOLD DOWNS. GROUND,EC-8a49977f2e937e7e,LG-8a49977f2e937e7e,dev
102039,ENGINE STARTED & SEEMED TO BE RUNNING FINE. SUDDENLY ENGINE,GROUND RAN A/C & FOUND NO ROUGH ENGINE. CK'ED MAG TIMIN,EC-8a49977f2e937e7e,LG-8a49977f2e937e7e,dev
102040,R/H ENG #3 CYL INTAKE GASKET IS LEAKING.,REMOVED & REPLACED GASKET.,EC-94ef0d1925b04b82,LG-4285908bb8f7434c,train
102041,R/H ENG #4 CYL INTAKE GASKET IS LEAKING.,REMOVED & REPLACED GASKET.,EC-10eb59357b7ac068,LG-4285908bb8f7434c,train
102042,#4 CYL SIDE BAFFLE ON L/H ENG IS MISSING A BOLT.,INSTALLED NEW BOLT.,EC-351880cf4c4c55c5,LG-351880cf4c4c55c5,dev
102043,"L/H ENG, R/H FWD BAFFLE SEAL IS LOOSE.",REMOVED & REPLACED BAFFLE SEAL W/ NEW.,EC-4451a59aea138e27,LG-550468c14295fbc3,test
102044,L/H ENG #1 CYL INTAKE LEAKS.,REPLACED GASKET.,EC-dc099662ae266ef7,LG-0e48eb423d7a05e3,test
102045,L/H ENG #3 CYL COMPRESSION IS LOW.,RUN UP LEAK CK GOOD.,EC-3da96e18a67f8ad5,LG-773f22d292484073,test
102046,L/H ENG #3 CYL COMPRESSION IS LOW.,"COMPLETED INSTALL OF #3 CYL, LINES & BAFFLES.",EC-3da96e18a67f8ad5,LG-773f22d292484073,test
102047,L/H ENG #3 CYL COMPRESSION IS LOW.,ATTEMPTED STAKING VALVES - COMPRESSION STILL 35/80.,EC-3da96e18a67f8ad5,LG-773f22d292484073,test
102048,L/H ENG #3 CYL COMPRESSION IS LOW.,REMOVED BAFFLES & LINES. REMOVED #3 CYL. INSTALLED REPA,EC-3da96e18a67f8ad5,LG-773f22d292484073,test
102049,"R/H ENG #1 CYL INTAKE GASKET LEAKING, ALONG W/ #2 & 4.",REMOVED & REPLACED R/H INTAKE GASKETS.,EC-aad08604df384c54,LG-aad08604df384c54,test
102050,#2 & 4 ROCKER COVERS LEAKING ON L/H ENGINE.,REMOVED & REPLACED ROCKER COVER GASKETS ON L/H ENG.,EC-a027ca9036b54157,LG-608d782c2258dd59,train
102051,ALL 4 VALVE COVERS LEAKING ON R/H ENGINE.,REMOVED & REPLACED ALL 4 ROCKER COVER GASKETS ON R/H EN,EC-d06f74dbd75030b4,LG-d06f74dbd75030b4,test
102052,LEFT BAFFLE PLUG IS WORN.,REPLACED PLUG.,EC-3767509f417c1679,LG-724c9a4174167cf3,train
102053,CRACK ON OIL COOLER FLANGE.,STOP DRILLED CRACK.,EC-4b10bb22f14a8d24,LG-4b10bb22f14a8d24,train
102054,INTAKES 1 & 3 LEAKING.,REMOVED & REPLACED INTAKE GASKET.,EC-c99c0c81ab9aaa40,LG-26ffbcbee302311b,test
102055,CYL #4 ROCKER COVER GASKET IS LEAKING.,TIGHTENED SCREWS.,EC-873f09da28499cc7,LG-608d782c2258dd59,train
102056,CYL #1 & 3 BOTTOM BAFFLE IS CRACKED @ TIE ROD.,FABRICATED PATCH OF LIKE MATERIAL & INSTALLED IAW,EC-7eea8db89f70c3e3,LG-7eea8db89f70c3e3,test
102057,#3 CYL ROCKER BOX COVER SCREW MISSING.,"INSTALLED NEW SCREW, CK'ED & TIGHTENED ALL ROCKER BOX C",EC-853007384d9a3a65,LG-ea79c13832bc7f5d,train
102058,#4 INTAKE LEAKING @ OIL SUMP.,SWAGED TUBE.,EC-878ae9aa19becde1,LG-878ae9aa19becde1,train
102059,#4 INTAKE LEAKING @ OIL SUMP.,LEAK CK GOOD.,EC-878ae9aa19becde1,LG-878ae9aa19becde1,train
102060,CYL #2 INTAKE GASKET IS LEAKING.,REMOVED & REPLACED INTAKE GASKET W/ NEW.,EC-ae287164a190fda3,LG-4285908bb8f7434c,train
102061,INTAKE GASKET CYL #2 LEAKING.,REMOVED & REPLACED INTAKE GASKET.,EC-482382c0fffa0e7f,LG-4285908bb8f7434c,train
102062,ROCKER COVER GASKETS CYL #2 & 4 LEAKING.,REMOVED & REPLACED ROCKER COVER GASKETS.,EC-a779f4a2a39498de,LG-608d782c2258dd59,train
102063,AFT ENGINE BAFFLE WORN FROM RUBBING.,REPOSITIONED LEFT BAFFLE TO CLEAR FROM ENGINE CASING. D,EC-8f25f0235aa8d17d,LG-8f25f0235aa8d17d,train
102064,#1 CYL BAFFLE NOT BEHIND CYLINDER NUT - INCORRECT INSTALL.,PUT IN PROPER POSITION.,EC-82bba02ab21d689e,LG-82bba02ab21d689e,train
102065,#2 ROCKER COVER LEAKING.,REMOVED & REPLACED ROCKER COVER GASKET.,EC-c85bc86f75e7cd5b,LG-608d782c2258dd59,train
102066,L/H ENG #3 INTAKE IS LEAKING.,REPLACED INTAKE GASKET.,EC-bfd9242b8bd9a1f8,LG-4285908bb8f7434c,train
102067,R/H ENG #3 INTAKE IS LEAKING.,REPLACED INTAKE GASKET.,EC-2c45d54fef43ee4a,LG-4285908bb8f7434c,train
102068,L/H ENG #3 ROCKER COVER IS LEAKING.,REPLACED ROCKER COVER GASKET.,EC-4f854674f99caf68,LG-608d782c2258dd59,train
102069,SCREW MISSING IN #3 SIDE BAFFLE.,REPLACED SCREW.,EC-c2a84981e8cba61f,LG-c2a84981e8cba61f,train
102070,#3 ROCKER COVER GASKET LEAKING.,REMOVED & REPLACED ROCKER COVER GASKET.,EC-cd33c56b9090b89a,LG-608d782c2258dd59,train
102071,#2 ROCKER COVER LEAKING.,REMOVED & REPLACED ROCKER COVER GASKET.,EC-c85bc86f75e7cd5b,LG-608d782c2258dd59,train
102072,"COOLING BAFFLE ATTACHMENT BRACKET, BEHIND OIL FILL TUBE, IS",FINISHED BAFFLE INSTALL.,EC-f52dd26ba694e23d,LG-f52dd26ba694e23d,train
102073,ENGINE COOLING BAFFLE SEAL LOOSE ON TOP L/H SIDE.,REATTACHED BAFFLE SEAL ON TOP L/H SIDE.,EC-b1cc0ec54c3370c8,LG-b1cc0ec54c3370c8,train
102074,"COOLING BAFFLE ATTACHMENT BRACKET, BEHIND OIL FILL TUBE, IS",INSTALLED NEW BRACKET & STARTED REINSTALLING BAFFLE.,EC-f52dd26ba694e23d,LG-f52dd26ba694e23d,train
102075,#1 ROCKER GASKET SEEPING.,INSTALLED FRESH GASKET.,EC-943311dfd9e2050a,LG-943311dfd9e2050a,train
102076,CYL #4 ROCKER COVER GASKET LEAKING.,REMOVED & REPLACED ROCKER COVER GASKET.,EC-f020a54e126a5ae6,LG-608d782c2258dd59,train
102077,#1 INTAKE GASKET TORN.,REMOVED & REPLACED #1 INTAKE GASKET.,EC-e35c6628d62691a5,LG-e35c6628d62691a5,test
102078,#1 & 3 ROCKER GASKETS LEAKING.,REMOVED & REPLACED ROCKER COVER GASKETS.,EC-a83d1a97625ed4e0,LG-608d782c2258dd59,train
102079,#4 ROCKER GASKET LEAKING.,REPLACED ROCKER COVER GASKET.,EC-995d291f7da262fb,LG-608d782c2258dd59,train
102080,#3 PUSH ROD SEALS LEAKING.,"REPLACED SEALS, LEAK CK GOOD.",EC-9467c60ea7c46997,LG-9467c60ea7c46997,train
102081,#2 INTAKE IS LEAKING.,REMOVED & REPLACED GASKET.,EC-8ec828272e86c6c2,LG-10956cdabbd1e3ce,dev
102082,#4 ROCKER COVER IS LEAKING.,REMOVED & REPLACED GASKET.,EC-59c5dc8b564981cd,LG-608d782c2258dd59,train
102083,#1 INTAKE IS LEAKING AT OIL SUMP.,"CLEANED, REMOVED TUBE (UPPER) & RESWAGED LOWER TUBE IN",EC-436aecda951212be,LG-878ae9aa19becde1,train
102084,#4 INTAKE GASKET LEAKING.,REMOVED & REPLACED INTAKE GASKET.,EC-57acd94dcdde4ef3,LG-4285908bb8f7434c,train
102085,#4 ROCKER COVER GASKET LEAKING.,REMOVED & REPLACED ROCKER COVER GASKET.,EC-da6ceccf140509ee,LG-608d782c2258dd59,train
102086,#2 ROCKER COVER GASKET SEEPING.,INSTALLED NEW ROCKER COVER GASKET.,EC-809b49a6e6410fe7,LG-943311dfd9e2050a,train
102087,"ROCKER COVER GASKET, ON CYL #3, LEAKING.",REMOVED & REPLACED ROCKER COVER GASKET.,EC-0195ee428907a736,LG-752f86b56038668f,train
102088,CYL #2 INTAKE GASKET LEAKING.,REMOVED & REPLACED INTAKE GASKET.,EC-804e232273da2515,LG-4285908bb8f7434c,train
102089,THROTTLE LINKAGE @ SERVO IS SLOPPY.,REPLACED THROTTLE LINKAGE ARM.,EC-441e13aa7bf54916,LG-441e13aa7bf54916,dev
102090,CYL #1 & 3 SIDE BAFFLE BOLT IS LOOSE.,TIGHTENED LOOSE BOLT & RESAFETIED.,EC-b3dc7d1a0ccfbfef,LG-b3dc7d1a0ccfbfef,train
102091,ENGINE AFT R/H GROUND STRAP NEEDS TO BE SECURED.,SECURED ENGINE GROUND STRAP.,EC-02774ae4fca9fd49,LG-02774ae4fca9fd49,dev
102092,CYL #1 & 3 BOTTOM BAFFLE IS CRACKED.,"STOP DRILLED CRACK, FABRICATED PATCH OF LIKE MATERIAL &",EC-d0dd7947e1a115a0,LG-d0dd7947e1a115a0,train
102093,R/H ENG #2 & 4 SIDE BAFFLE SEALS ARE TORN.,INSTALLED FRESH BAFFLE SEAL.,EC-812d1d9e252986cd,LG-d25a7491aa46d50c,dev
102094,R/H ENG #2 & 4 INTAKE GASKETS ARE LEAKING.,"REMOVED & REPLACED INTAKE GASKETS, R/H ENG.",EC-b47c3ffd639fa37e,LG-4285908bb8f7434c,train
102095,"#2 & 4 INTAKE GASKETS ARE LEAKING, L/H ENG.","REMOVED & REPLACED INTAKE GASKETS, L/H ENG.",EC-f5a1525fecba6315,LG-f5a1525fecba6315,train
102096,"#2, 3 & 4 ROCKER GASKETS ARE LEAKING, L/H ENG.","REMOVED & REPLACED ROCKER GASKETS, L/H ENG.",EC-5ed38034d79a3146,LG-5ed38034d79a3146,train
102097,R/H ENG #2 & 3 ROCKER GASKETS ARE LEAKING.,"REMOVED & REPLACED ROCKER COVER GASKETS, R/H ENG.",EC-53fb909aad596f14,LG-608d782c2258dd59,train
102098,SCREW BEHIND OIL FILLER TUBE LOOSE.,LEAK CK OK.,EC-07aab62a788fd35b,LG-07aab62a788fd35b,test
102099,SCREW BEHIND OIL FILLER TUBE LOOSE.,"REMOVED OIL FILLER TUBE, TOP OIL COOLER LINE, SECURED S",EC-07aab62a788fd35b,LG-07aab62a788fd35b,test
102100,SPARK PLUG CAP LOOSE ON #3 BOTTOM SPARK PLUG.,TIGHTENED CAP ON #3 BOTTOM SPARK PLUG.,EC-568da240b287fd5a,LG-568da240b287fd5a,test
102101,L/H ENGINE #3 & 4 INTAKES ARE LEAKING.,REMOVED & REPLACED GASKETS.,EC-84d7736239084216,LG-4285908bb8f7434c,train
102102,L/H ENGINE #3 & 4 ROCKER COVERS ARE LEAKING.,REMOVED & REPLACED GASKETS.,EC-30e5b671692dc48f,LG-608d782c2258dd59,train
102103,"R/H ENG CYL #2, 3, 4 INTAKE GASKETS LEAKING.",REMOVED & REPLACED R/H ENG INTAKE GASKETS.,EC-269917e97d6470fa,LG-4285908bb8f7434c,train
102104,TOOL ON TOP OF ENGINE BETWEEN CYLINDERS,REMOVED TOOL,EC-1d4e61e88c11ee8b,LG-1d4e61e88c11ee8b,test
102105,#3 CYL BAFFLE IS MISSING SCREW ON BRACKET.,INSTALLED NEW SCREW.,EC-bae4f90eacb60d31,LG-1b9f539921ee9421,train
102106,CYL #2 ROCKER COVER GASKET DAMAGED.,REMOVED & REPLACED ROCKER COVER GASKET.,EC-66a49eb0f580bc7a,LG-66a49eb0f580bc7a,train
102107,#2 INTAKE LEAKING.,REPLACED #2 INTAKE GASKET.,EC-9e293c9950113443,LG-10956cdabbd1e3ce,dev
102108,L/H ENG #3 BAFFLE (AFT) SEAL LOOSE.,"SECURED #3 BAFFLE SEAL, L/H.",EC-37ac3da11bdb9f3b,LG-37ac3da11bdb9f3b,train
102109,#2 & 4 SIDE BAFFLE SEALS TORN ON R/H ENGINE.,REPAIRED #2 & 4 BAFFLE SEALS ON R/H SIDE.,EC-6bb4af4704ae6425,LG-6bb4af4704ae6425,train
102110,#1 INDUCTION TUBE GASKET LEAKING.,REPLACED INTAKE GASKET.,EC-077c16cc027eb66b,LG-abec8430bec9f461,test
102111,BOTH L/H & R/H BAFFLE PLUGS WORN.,INSTALLED NEW BAFFLE PLUGS.,EC-0bf1c2663dccc0e3,LG-d1ae1963cf7de664,dev
102112,BROKEN ANCHOR ASSY ON #1 CYL.,REMOVED & REPLACED ANCHOR ASSY ON #1 CYL.,EC-b08223cd91814ee9,LG-b08223cd91814ee9,train
102113,#2 CYL FWD BAFFLE CRACKED.,"DISASSEMBLED AS REQUIRED, DETERMINED BAFFLE WAS PREVIOU",EC-ef6db8634e5cdc33,LG-15f761dc9e6351d8,dev
102114,CYL #2 INTAKE GASKET LEAKING.,REMOVED & REPLACED GASKET W/ NEW.,EC-804e232273da2515,LG-4285908bb8f7434c,train
102115,#2 & 3 ROCKER GASKETS LEAKING.,REMOVED & REPLACED ROCKER GASKETS.,EC-fb7aa421d73d096a,LG-608d782c2258dd59,train
102116,#3 & 4 INTAKE GASKETS ARE LEAKING.,REMOVED & REPLACED INTAKE GASKETS.,EC-472b5996c0c6ce72,LG-4285908bb8f7434c,train
102117,R/H ENG #2 STACK BROKEN OFF.,REMOVED & REPLACED STACK.,EC-03398f243e4eb3dc,LG-03398f243e4eb3dc,dev
102118,INTAKE GASKET #4 IS LEAKING.,INSTALLED NEW INTAKE GASKET.,EC-d007cdd93fc66744,LG-4285908bb8f7434c,train
102119,#2 & 4 ROCKER COVER GASKETS LEAKING.,REMOVED & REPLACED ROCKER COVER GASKETS.,EC-0d6ec8eb547d2ef3,LG-608d782c2258dd59,train
102120,"SCREW MISSING ON ENGINE COOLING BAFFLE, R/H SIDE NEXT TO OIL",INSTALLED NEW SCREW.,EC-8e0edf2f9749ca89,LG-8e0edf2f9749ca89,train
102121,"DURING HIGH SPEED ROLL, A/C HAD STRONG VIBRATION.","RAN & TAXIED A/C. PERFORMED COMPRESSION CK. CLEANED, GA",EC-fd8a1835da65471d,LG-fd8a1835da65471d,train
102122,#2 & 3 INTAKE GASKETS LEAKING.,"REPLACED GASKETS, LEAK CK GOOD.",EC-88f45c6cdd6109b9,LG-4285908bb8f7434c,train
102123,"AFTER 20"" MANIFOLD PRESSURE, APPLIED FULL THROTTLE, STARTED","WARMED UP BOTH ENGINES, OPS CK'ED BOTH ENGINES NOTING N",EC-6bd3b110e8533e36,LG-6bd3b110e8533e36,train
102124,#2 INTAKE LEAKING.,REMOVED & REPLACED #2 INTAKE GASKET.,EC-9e293c9950113443,LG-10956cdabbd1e3ce,dev
102125,#4 & 2 INDUCTION TUBE GASKET LEAKING.,REMOVED & REPLACED INTAKES.,EC-2dfdb40143c806e1,LG-abec8430bec9f461,test
102126,"CYL #2, 3, 4 INTAKE GASKETS LEAKING.",REMOVED & REPLACED INTAKE GASKETS.,EC-02522e55d940db51,LG-4285908bb8f7434c,train
102127,"CYL #2, 3, 4 ROCKER COVER GASKETS LEAKING.",REMOVED & REPLACED ROCKER COVER GASKETS.,EC-9e28737fd4505784,LG-608d782c2258dd59,train
102128,CYL #4 INTAKE GASKET IS LEAKING.,REMOVED & REPLACED GASKET.,EC-92a0dbb804603f0d,LG-4285908bb8f7434c,train
102129,CYL #1 WIRING HARNESS SUPPORT BRACKET IS BROKEN.,REMOVED & REPLACED STAND OFF.,EC-2a1d0f2913acfb51,LG-2a1d0f2913acfb51,train
102130,AIR INDUCTION ELBOW TO SERVO BOOT IS WEEPING FUEL.,"REMOVED, DISASSEMBLED, CLEANED & INSPECTED BOOT, NO DEF",EC-b20a498727c2c564,LG-b20a498727c2c564,train
102131,#3 CYL ROCKER GASKET SEEPING.,INSTALLED FRESH GASKET.,EC-5c9e43c50454925a,LG-943311dfd9e2050a,train
102132,#2 INTAKE GASKET LEAKING.,REMOVED & REPLACED INTAKE GASKET.,EC-1fec9b07493816ca,LG-4285908bb8f7434c,train
102133,"#1, 3 & 4 ROCKER COVERS LEAKING.",REMOVED & REPLACED ROCKER COVER GASKETS.,EC-83825f482c98e2d6,LG-608d782c2258dd59,train
102134,#2 INTAKE LEAKING.,REMOVED & REPLACED INTAKE GASKET.,EC-9e293c9950113443,LG-10956cdabbd1e3ce,dev
102135,#2 INDUCTION TUBE GASKET LEAKING.,INSTALLED NEW INDUCTION TUBE GASKET.,EC-abec8430bec9f461,LG-abec8430bec9f461,test
102136,#2 INTAKE LEAKING.,REPLACED GASKET.,EC-9e293c9950113443,LG-10956cdabbd1e3ce,dev
102137,2 BAFFLE PLUGS NEEDS TO BE REPLACED.,REPLACED PLUGS.,EC-04a4723ac725b7d9,LG-d671d8fdeb671d58,train
102138,#2 SIDE BAFFLE SEAL STAPLES LOOSE.,TIGHTENED/RECRIMPED STAPLES.,EC-016dfcb6cba131b2,LG-016dfcb6cba131b2,train
102139,#2 & 4 ROCKER GASKETS LEAKING.,REMOVED & REPLACED ROCKER COVER GASKETS. LEAK CK GOOD.,EC-48546a78c2500227,LG-608d782c2258dd59,train
102140,ENGINE COULD NOT START.,STARTED BOTH ENGINES USING NORMAL PROCEDURES.,EC-df6cf9fa03c4c03d,LG-df6cf9fa03c4c03d,train
102141,#3 INTAKE LEAKING.,REMOVED & REPLACED INTAKE GASKET.,EC-6f9c95f514a1077a,LG-10956cdabbd1e3ce,dev
102142,#3 ROCKER COVER LEAKING.,REMOVED & REPLACED ROCKER COVER GASKET.,EC-4774d48aa3f463c3,LG-608d782c2258dd59,train
102143,#4 CYL COMPRESSION 15/80.,"RAN A/C, OPS & LEAK CK GOOD.",EC-cebbf4dd909b061a,LG-cebbf4dd909b061a,test
102144,#4 CYL COMPRESSION 15/80.,SERVICED W/ 8 QTS MINERAL OIL.,EC-cebbf4dd909b061a,LG-cebbf4dd909b061a,test
102145,#4 CYL COMPRESSION 15/80.,"DISCONNECTED #4 CYL FUEL & OIL LINES, INTAKE, EXHAUST S",EC-cebbf4dd909b061a,LG-cebbf4dd909b061a,test
102146,#4 CYL COMPRESSION 15/80.,INSTALLED CYL #4 PUSH RODS & LIFTED ASSY. REINSTALLED C,EC-cebbf4dd909b061a,LG-cebbf4dd909b061a,test
102147,CYL #2 INTAKE GASKET LEAKING.,REMOVED & REPLACED INTAKE GASKET.,EC-804e232273da2515,LG-4285908bb8f7434c,train
102148,COWL SHOCK MOUNT #7 DAMAGED.,REMOVED & REPLACED COWL SHOCK MOUNT.,EC-71ea48eabf1b5a45,LG-71ea48eabf1b5a45,train
102149,R/H AFT BAFFLE BRACKET SCREW MISSING.,"REMOVED OIL FILLER TUBE, LOCATED & REINSTALLED BAFFLE S",EC-cb3161c94303471a,LG-cb3161c94303471a,test
102150,MISSING SCREW ON L/H ENG #3 BAFFLE.,REPLACED #3 BAFFLE SCREW ON L/H ENG.,EC-735ad2b76c24b7b6,LG-ac09d330d3a5d8db,dev
102151,#3 INTAKE LEAKING ON L/H ENGINE.,REMOVED & REPLACED #3 INTAKE GASKET ON L/H ENGINE.,EC-d5214a798d419c0a,LG-4285908bb8f7434c,train
102152,"#3 & 4 INTAKE GASKETS LEAKING, R/H ENGINE.",REMOVED & REPLACED R/H ENGINE INTAKE GASKETS.,EC-f581d13eabd69df1,LG-0222eb60e96e9748,dev
102153,INTAKE GASKET TO CYL #1 IS LEAKING.,INSTALLED NEW INTAKE GASKET.,EC-6fab41dc51818a04,LG-4285908bb8f7434c,train
102154,#4 INTAKE LEAKING.,REMOVED & REPLACED #4 INTAKE GASKET.,EC-66d79f80174da74e,LG-10956cdabbd1e3ce,dev
102155,#4 ROCKER COVER LEAKING.,REMOVED & REPLACED #4 ROCKER COVER GASKET.,EC-fbe922c5be2d1674,LG-608d782c2258dd59,train
102156,CYL #4 ROCKER COVER GASKET IS LEAKING.,REMOVED & REPLACED GASKET W/ NEW.,EC-873f09da28499cc7,LG-608d782c2258dd59,train
102157,CYL #2 INTAKE GASKET IS LEAKING.,REMOVED & REPLACED INTAKE GASKET W/ NEW.,EC-ae287164a190fda3,LG-4285908bb8f7434c,train
102158,CYL #4 INTAKE GASKET LEAKING.,REMOVED & REPLACED GASKET.,EC-e5b89fc5cfd3901f,LG-4285908bb8f7434c,train
102159,"INTAKE GASKET, CYL #2, LEAKING.",REMOVED & REPLACED INTAKE GASKET.,EC-54b9438c8d61e4ba,LG-962a2251cf078b67,train
102160,ROCKER COVER GASKET CYL #3 LEAKING.,REMOVED & REPLACED ROCKER COVER GASKET.,EC-4e86867bc1f70ddd,LG-608d782c2258dd59,train
102161,R/H AFT BAFFLE SCREW MISSING.,"LOCATED & REINSTALLED SCREW. REMOVED OIL FILLER TUBE, I",EC-76a91b8e5d988497,LG-ac09d330d3a5d8db,dev
102162,"CYL #2, 3, 4 ROCKER COVER GASKET LEAKING.",REMOVED & REPLACED ROCKER COVER GASKET.,EC-7d8c5b83e4c0aa03,LG-608d782c2258dd59,train
102163,#1 & 3 ROCKER GASKETS LEAKING.,REMOVED & REPLACED ROCKER COVER GASKETS.,EC-a83d1a97625ed4e0,LG-608d782c2258dd59,train
102164,AIR INLET TUBE DAMAGED.,REMOVED & REPLACED AIR INLET.,EC-dc53493fe93eb2e7,LG-dc53493fe93eb2e7,train
102165,"WHILE MAKING RIGHT TURN, CLIMBING OUT - HEARD LOUD KNOCK, CO","INSPECTED ENGINE, CABIN, M/R SYSTEM - NO DEFECTS NOTED.",EC-fed477b40f17a8a1,LG-fed477b40f17a8a1,train
102166,L/H ENG TAC GEN LEAKS AT SEAL.,REPLACED SEAL IN CARRIER.,EC-3e3ac992390019ce,LG-3e3ac992390019ce,train
102167,L/H ENG TAC GEN LEAKS AT SEAL.,"INSTALLED TACH GEN, LEAK CK'ED OK.",EC-3e3ac992390019ce,LG-3e3ac992390019ce,train
102168,L/H ENG TAC GEN LEAKS AT SEAL.,"REMOVED TACH, CLEANED OLD GASKET. REMOVED GARLOCK SEAL",EC-3e3ac992390019ce,LG-3e3ac992390019ce,train
102169,"#2, 3, & 4 INTAKES LEAKING ON L/H ENGINE.",INSTALLED NEW INTAKE GASKETS.,EC-1da5ebca0b5e6cf7,LG-4285908bb8f7434c,train
102170,"INTAKES #1, 2, 3 & 4 LEAKING ON R/H ENGINE.",INSTALLED NEW INTAKE GASKETS.,EC-55b8fecad5983a49,LG-4285908bb8f7434c,train
102171,L/H O/B BAFFLE SPRING IS BROKEN.,REMOVED & REPLACED SPRING W/ NEW.,EC-04b9c6568bc98c7c,LG-f714f46f4da8f6fa,train
102172,#1 & 2 ROCKER COVER GASKETS LEAKING.,REMOVED & REPLACED ROCKER COVER GASKETS.,EC-33aed661780a9884,LG-608d782c2258dd59,train
102173,#3 INTAKE LEAKING.,REMOVED & REPLACED INTAKE GASKET.,EC-6f9c95f514a1077a,LG-10956cdabbd1e3ce,dev
102174,L/H ENGINE AFT L/H BAFFLE @ OIL COOLER CRACKED.,INSTALLED REPAIRED REAR L/H BAFFLE.,EC-c50741d3c5e20f0a,LG-c50741d3c5e20f0a,dev
102175,INTAKES #3 & 4 LEAKING ON L/H ENGINE.,REMOVED & REPLACED INTAKE GASKETS. TORQUED BOLTS TO SPE,EC-ba5d87e0a1cd762d,LG-4285908bb8f7434c,train
102176,"L/H SIDE ENG #2, 3, 4 INTAKES LEAKING.",REPLACED GASKETS.,EC-a2205a06dfdbc04e,LG-a2205a06dfdbc04e,dev
102177,"CRACK IN FRONT ENGINE BAFFLE, L/H SIDE.",STOP DRILLED CRACK.,EC-93bf83111ad051b3,LG-93bf83111ad051b3,train
102178,"ENGINE BAFFLE SEAL TORN, BOTTOM R/H CORNER.",REPAIRED & SECURED BAFFLE SEAL.,EC-4fb4b5acb11f72da,LG-4fb4b5acb11f72da,train
102179,"#2, 3 & 4 ROCKER COVER GASKETS LEAKING, L/H ENGINE.",REMOVED & REPLACED GASKETS.,EC-10a80402c8d787d0,LG-a2db0277093ec562,train
102180,"#1, 3 & 4 ROCKER COVER GASKETS LEAKING ON R/H ENGINE.",REMOVED & REPLACED GASKETS.,EC-84f21d7067ac76a5,LG-608d782c2258dd59,train
102181,L/H #3 INTAKE GASKET IS LEAKING.,"REMOVED & REPLACED #3 INTAKE GASKET, L/H ENGINE.",EC-ddcf060d04884bd6,LG-4285908bb8f7434c,train
102182,R/H #2 & 3 INTAKE GASKETS LEAKING.,"REMOVED & REPLACED #2 & 3 INTAKE GASKETS, R/H ENGINE.",EC-dc3d8cbe438511cf,LG-4285908bb8f7434c,train
102183,#3 ROCKER BOX COVER GASKET LEAKING.,INSTALLED NEW #3 ROCKER BOX COVER GASKET.,EC-907ef936e1e58677,LG-608d782c2258dd59,train
102184,#2 ROCKER COVER GASKET LEAKING.,REMOVED & REPLACED ROCKER COVER GASKET.,EC-8828e17d0b33db57,LG-608d782c2258dd59,train
102185,BROKEN ANCHOR STANDBY ASSY ON #3 CYL.,REMOVED & REPLACED ANCHOR STANDBY ASSY.,EC-260aa9317de1f323,LG-260aa9317de1f323,test
102186,TOP ENGINE COOLING FAN BAFFLE PLUGS WORN OUT.,REMOVED & REPLACED BAFFLE PLUGS.,EC-60f41b24f6909689,LG-60f41b24f6909689,train
102187,CYL #4 INTAKE GASKET LEAKING.,REMOVED & REPLACED INTAKE GASKET.,EC-e5b89fc5cfd3901f,LG-4285908bb8f7434c,train
102188,#3 CYL ROCKER COVER GASKET LEAKING.,REMOVED & REPLACED ROCKER COVER GASKET.,EC-747d58a3057d4281,LG-608d782c2258dd59,train
102189,"INTAKE GASKETS, CYL #2 & 4, LEAKING.",REMOVED & REPLACED INTAKE GASKETS.,EC-71271ec65f54fdd9,LG-71271ec65f54fdd9,train
102190,"ROCKER COVER GASKET, CYL #2 & 4, LEAKING.",REMOVED & REPLACED ROCKER COVER GASKETS.,EC-752f86b56038668f,LG-752f86b56038668f,train
102191,#4 INTAKE GASKET IS LEAKING.,REMOVED & REPLACED GASKET W/ NEW.,EC-0489f0dc14177ee4,LG-4285908bb8f7434c,train
102192,"CYL #1, 3, 4 INTAKE GASKETS LEAKING.",REMOVED & REPLACED INTAKE GASKETS.,EC-88f7426e946fdf28,LG-4285908bb8f7434c,train
102193,BROKEN ANCHOR ASSY ON #2 CYL.,REMOVED & REPLACED ANCHOR ASSY ON #2 CYL.,EC-1dcdd610658f53d5,LG-b08223cd91814ee9,train
102194,L/H ENGINE #4 SIDE BAFFLE IS MISSING A BOLT.,REPLACED MISSING BOLT.,EC-5573a0019ba5c246,LG-351880cf4c4c55c5,dev
102195,INTAKE #2 & 4 LEAKING ON R/H ENGINE.,REMOVED & REPLACED INTAKE GASKETS.,EC-ef4a0b880fcb1709,LG-4285908bb8f7434c,train
102196,"INTAKE 1, 2, 3 & 4 LEAKING ON L/H ENGINE.",INSTALLED NEW INTAKE GASKETS.,EC-42707229b51bd00c,LG-4285908bb8f7434c,train
102197,"ROCKER COVERS 2, 3 & 4 LEAKING ON R/H ENGINE.",REMOVED & REPLACED ROCKER COVER GASKETS.,EC-2e6a42977d06c5e9,LG-608d782c2258dd59,train
102198,L/H & R/H AFT #4 BAFFLES HAVE CRACKS.,STOP DRILLED CRACKS.,EC-a388b6b650a239e4,LG-a388b6b650a239e4,train
102199,R/H #3 INTAKE IS LEAKING.,REMOVED & REPLACED R/H #3 INTAKE GASKET.,EC-26213c73ecd87663,LG-4285908bb8f7434c,train
102200,L/H #4 INTAKE GASKET LEAKING.,REMOVED & REPLACED L/H #4 INTAKE GASKET.,EC-d05df45419bf6024,LG-4285908bb8f7434c,train
102201,L/H ENG #1 & 3 BAFFLE TIE ROD WEARING ON INTERBAFFLE.,REPOSITIONED TIE ROD.,EC-20540ab6448b8001,LG-20540ab6448b8001,train
102202,L/H #3 & 4 ROCKER COVER GASKETS LEAKING.,REMOVED & REPLACED L/H #3 & 4 ROCKER COVER GASKETS.,EC-fae631e3493170b3,LG-608d782c2258dd59,train
102203,#2 CYL INTAKE GASKET IS LEAKING.,REMOVED & REPLACED GASKET.,EC-c00d4539aee11f01,LG-4285908bb8f7434c,train
102204,A/C WILL NOT START.,BROUGHT A/C IN HANGAR TO WARM UP. A/C STARTED.,EC-f8fc549e4a76738c,LG-f8fc549e4a76738c,train
102205,2 & 4 INTAKES LEAKING.,REMOVED & REPLACED BOTH INTAKE GASKETS.,EC-d372db8bbc7d7be3,LG-26ffbcbee302311b,test
102206,#2 ROCKER GASKET IS LEAKING.,"REPLACED GASKETS, LEAK CK GOOD.",EC-fdd727a8ec6ad27c,LG-608d782c2258dd59,train
102207,SCREW LOOSE ON ENGINE BAFFLING.,TIGHTENED SCREW.,EC-6cd8755a01caf602,LG-6cd8755a01caf602,train
102208,#1 ROCKER GASKET IS LEAKING.,REPLACED ROCKER SEAL.,EC-a12b7ac331619847,LG-608d782c2258dd59,train
102209,LEFT ENGINE #3 INTAKE IS LEAKING.,REMOVED & REPLACED INTAKE GASKET W/ NEW.,EC-754e01855cd17c20,LG-4285908bb8f7434c,train
102210,#3 INDUCTION TUBE GASKET LEAKING.,INSTALLED NEW #3 INDUCTION TUBE GASKET.,EC-cd3eb18391b38e2d,LG-abec8430bec9f461,test
102211,CYL #3 & 4 ROCKER COVER GASKETS LEAKING.,REMOVED & REPLACED ROCKER COVER GASKETS.,EC-2cbdc414ce5b31cc,LG-608d782c2258dd59,train
102212,CYL #1 & 2 ROCKER COVER GASKETS LEAKING.,REMOVED & REPLACED ROCKER COVER GASKETS.,EC-2bec65d48f4cbc7c,LG-608d782c2258dd59,train
102213,CYL #3 ROCKER COVER GASKET LEAKING.,REMOVED & REPLACED ROCKER COVER GASKET.,EC-9a32386e03c73ec9,LG-608d782c2258dd59,train
102214,"ENGINE BAFFLE, R/H AFT NEXT TO #3 CYL, NEEDS TO BE SCREWED I","REMOVED OIL DIPSTICK, INSTALLED BAFFLE SCREW, REINSTALL",EC-a3e83b6374d176df,LG-a3e83b6374d176df,train
102215,CYL #1 ROCKER COVER GASKET LEAKING.,REMOVED & REPLACED CYL #1 ROCKER COVER GASKET.,EC-bf1f39d7a4256a12,LG-608d782c2258dd59,train
102216,CYL #2 ROCKER COVER GASKET LEAKING.,REMOVED & REPLACED CYL #2 ROCKER COVER GASKET.,EC-dd75f7cbb6fe4441,LG-608d782c2258dd59,train
102217,"OIL LEAK ON R/H ENGINE, BACK BONE CASE SEAM.",LEAK CK GOOD.,EC-8666c253cde03f86,LG-8666c253cde03f86,test
102218,"L/H ENG, L/H BAFFLE TIE ROD DAMAGED.",REPLACED TIE ROD W/ NEW.,EC-f26f09633e63ebe4,LG-f26f09633e63ebe4,test
102219,L/H ENG #1 ROCKER BOX COVER LEAKING.,INSTALLED NEW ROCKER BOX COVER GASKET.,EC-cc839cc3baf4f353,LG-608d782c2258dd59,train
102220,"OIL LEAK ON R/H ENGINE, BACK BONE CASE SEAM.",REMOVED LEAKING BOLT. CLEANED & SEALED. REINSTALLED BOL,EC-8666c253cde03f86,LG-8666c253cde03f86,test
102221,#1 INTAKE GASKET LEAKS.,REMOVED & REPLACED #1 INTAKE GASKET.,EC-cf639969e641a52b,LG-0e48eb423d7a05e3,test
102222,R/H ENG LEFT SIDE AFT BAFFLE CRACKED.,LEAK CK GOOD.,EC-0fa2769ca4cd8fb6,LG-13dec33e5f80d531,dev
102223,R/H ENG LEFT SIDE AFT BAFFLE CRACKED.,DISCONNECTED OIL LINE FROM BAFFLE. REMOVED & REPLACED B,EC-0fa2769ca4cd8fb6,LG-13dec33e5f80d531,dev
102224,R/H ENG ALL ROCKER COVER GASKETS LEAKING.,REMOVED & REPLACED ALL R/H ENG ROCKER COVER GASKETS.,EC-11e3e1ee95a2f94f,LG-608d782c2258dd59,train
102225,R/H ENG #2 INTAKE IS LEAKING.,INSTALLED NEW #2 INTAKE GASKET.,EC-6dd3fc4da5b47f57,LG-4285908bb8f7434c,train
102226,L/H ENG #3 ROCKER COVER IS LEAKING.,"REPLACED GASKET, CLEANED AREA.",EC-4f854674f99caf68,LG-608d782c2258dd59,train
102227,#4 INTAKE IS LEAKING.,REMOVED & REPLACED GASKET.,EC-03758ee4b47de086,LG-10956cdabbd1e3ce,dev
102228,R/H ENGINE BAFFLE PLUG MISSING.,INSTALLED BAFFLE PLUG HOLE DOUBLER FABRICATED FROM LIKE,EC-605d30017d817ce5,LG-9410f0626a11b72a,train
102229,CYL #1 INTAKE GASKET IS LEAKING.,REMOVED & REPLACED INTAKE GASKET.,EC-729ec3f26fc08e76,LG-4285908bb8f7434c,train
102230,#2 INTAKE IS LEAKING.,REMOVED & REPLACED INTAKE GASKET.,EC-8ec828272e86c6c2,LG-10956cdabbd1e3ce,dev
102231,L/H ENGINE BAFFLE PLUG MISSING.,INSTALLED L/H BAFFLE PLUG DOUBLER & NEW BAFFLE PLUG.,EC-f39ba6e0dea6f3ff,LG-9410f0626a11b72a,train
102232,CYL #2 ROCKER COVER GASKET LEAKING.,REMOVED & REPLACED CYL #2 ROCKER COVER GASKET.,EC-dd75f7cbb6fe4441,LG-608d782c2258dd59,train
102233,COWL SHOCK MOUNT #1 TORN.,REMOVED & REPLACED COWL SHOCK MOUNT.,EC-d0db716c215b2c49,LG-6a2c5d47fc049481,train
102234,"AT FULL POWER (SMOOTHLY APPLIED), ENGINES WOULD VIBRATE VIOL","RAN ENGINES - PROBLEM IS ON L/H ENGINE, RUNNING RATHER",EC-54a7fad0f4bf2968,LG-54a7fad0f4bf2968,dev
102235,"AT FULL POWER (SMOOTHLY APPLIED), ENGINES WOULD VIBRATE VIOL","REMOVED L/H CARBURETOR, INSTALLED CARBURETOR",EC-54a7fad0f4bf2968,LG-54a7fad0f4bf2968,dev
102236,L/H ENGINE BAFFLE SCREW MISSING.,REPLACED ENGINE BAFFLE SCREW.,EC-1f6271f2a6a828b2,LG-ac09d330d3a5d8db,dev
102237,#2 CYL INTAKE GASKET LEAKING.,INSTALLED NEW INTAKE GASKET.,EC-cc41856dc2df8c7c,LG-4285908bb8f7434c,train
102238,ACCESSORY PAD BEHIND ALTERNATOR HAS BRACKET INSTALLED W/ NOT,"FOUND TO BE FACTORY INSTALLED, NO FURTHER ACTION REQUIR",EC-d69acf5fce9fc411,LG-d69acf5fce9fc411,train
102239,#4 INTAKE LEAKING ON L/H ENGINE.,REMOVED & REPLACED #4 INTAKE GASKET ON L/H ENGINE.,EC-3fd1e88fe4572cdd,LG-4285908bb8f7434c,train
102240,"INTAKE LEAKING ON R/H ENGINE, #3.",REMOVED & REPLACED #3 INTAKE GASKET ON R/H ENGINE.,EC-a3e11ea05a64d80e,LG-a3e11ea05a64d80e,train
102241,#3 ROCKER COVER LEAKING ON L/H ENGINE.,REMOVED & REPLACED #3 ROCKER COVER GASKET ON L/H ENGINE,EC-6ed23840414e91b3,LG-608d782c2258dd59,train
102242,#2 TO #4 CYL BAFFLE TIE ROD BROKEN ON LEFT ENGINE.,"REMOVED BROKEN END, RETHREADED & SECURED TIE ROD.",EC-ec7158147bfeeeb2,LG-ec7158147bfeeeb2,train
102243,BOLT W/ BARREL @ AFT R/H SIDE OF ENGINE MISSING.,INSTALLED NEW BARREL NUT & SCREW.,EC-a44997f66ec14fb6,LG-a44997f66ec14fb6,train
102244,R/H ENG #3 CYL INTAKE GASKET IS LEAKING.,REMOVED & REPLACED GASKET W/ NEW.,EC-94ef0d1925b04b82,LG-4285908bb8f7434c,train
102245,"BOLT MISSING ON #4 CYL BAFFLE, R/H ENGINE.",REPLACED MISSING BOLT.,EC-646a03ecbb5aa402,LG-646a03ecbb5aa402,train
102246,"ROCKER COVERS 2, 3, 4 LEAKING ON L/H ENGINE.",REMOVED & REPLACED GASKETS.,EC-f2dfd77cbaf520ab,LG-608d782c2258dd59,train
102247,"R/H ENGINE, R/H FWD BAFFLE CRACKED.","REMOVED BAFFLE FROM ENGINE, FABRICATED PATCH FROM LIKE",EC-422ca5a3b4746f90,LG-15f761dc9e6351d8,dev
102248,"INTAKES 2, 3 & 4 LEAKING ON L/H ENGINE.","REMOVED & REPLACED GASKETS ON INTAKES 2, 3, 4. L/H ENGI",EC-f4c4e83928513c1e,LG-4285908bb8f7434c,train
102249,"INTAKES 2, 3 & 4 LEAKING ON R/H ENGINE.","REMOVED & REPLACED GASKETS ON INTAKES 2, 3, 4. R/H ENGI",EC-acfd9a8357993041,LG-4285908bb8f7434c,train
102250,BOTH ENGINES HAVE SCREWS BETWEEN CYLINDERS ON SIDE BAFFLES T,REMOVED SCREWS.,EC-4f72eefdcd7ae61d,LG-4f72eefdcd7ae61d,dev
102251,CYL #2 ROCKER COVER GASKET LEAKING.,INSTALLED NEW ROCKER COVER GASKET.,EC-dd75f7cbb6fe4441,LG-608d782c2258dd59,train
102252,#4 CYL INTAKE GASKET IS LEAKING.,REMOVED & REPLACED GASKET.,EC-8edc952c184ae07f,LG-4285908bb8f7434c,train
102253,#3 CYL ROCKER COVER GASKET IS LEAKING.,REMOVED & REPLACED GASKET.,EC-61964c49332b0932,LG-608d782c2258dd59,train
102254,#2 ROCKER COVER GASKET IS SQUEEZED OUT.,REMOVED & REPLACED GASKET.,EC-557cd399f474e4f2,LG-557cd399f474e4f2,train
102255,SCREW MISSING FROM R/H AFT BAFFLE.,REPLACED MISSING SCREW.,EC-c661ecb16688d86e,LG-ac09d330d3a5d8db,dev
102256,#4 ROCKER COVER LEAKING.,REMOVED & REPLACED #4 ROCKER GASKET.,EC-fbe922c5be2d1674,LG-608d782c2258dd59,train
102257,"EXCEEDED PROP LIMITS, 2710 RPM FOR A FEW SECONDS.",DOWNLOADED INFO & COMPLETED ACTIONS PER.,EC-f9f4e34fe50943d6,LG-f9f4e34fe50943d6,train
102258,#3 ROCKER COVER LEAKS.,REMOVED & REPLACED #3 ROCKER COVER GASKET.,EC-6bb390bf9ca7cb64,LG-a95a51a28f245627,test
102259,BAFFLE TIE ROD LOOSE ON L/H SIDE OF R/H ENGINE.,TIGHTENED TIE ROD.,EC-84f6254d0cc3c05b,LG-84f6254d0cc3c05b,train
102260,CRACK IN R/H #4 BAFFLE BRACKET.,CRACK HAS BEEN PREVIOUSLY STOP DRILLED.,EC-3c91ab32472e90a2,LG-3c91ab32472e90a2,train
102261,#4 INTAKE GASKET LEAKING ON R/H ENG.,"REMOVED & REPLACED #4 INTAKE GASKET, R/H ENGINE.",EC-5c2ae24a2e5772f6,LG-4285908bb8f7434c,train
102262,#3 INTAKE GASKET LEAKING ON R/H ENGINE.,REMOVED & REPLACED #3 INTAKE GASKET ON R/H ENGINE.,EC-e626bd811133cdf1,LG-4285908bb8f7434c,train
102263,#3 INTAKE GASKET ON L/H ENGINE IS LEAKING.,"REMOVED & REPLACED #3 INTAKE GASKET, L/H ENGINE.",EC-b0ad43e4046cdc59,LG-4285908bb8f7434c,train
102264,R/H ENGINE BLEED AIR DUCT CHAFING ON COWL.,"REPOSITIONED LINE, RESAFETIED.",EC-61e06b608e15f269,LG-61e06b608e15f269,dev
102265,#2 INTAKE GASKET LEAKING.,"REPLACED GASKET, LEAK CK GOOD.",EC-1fec9b07493816ca,LG-4285908bb8f7434c,train
102266,#2 & 3 ROCKER COVER GASKETS LEAKING.,REMOVED & REPLACED ROCKER COVER GASKETS. LEAK CK GOOD.,EC-2f07e0763eee3746,LG-608d782c2258dd59,train
102267,#3 INTAKE GASKET LEAKING.,REPLACED GASKET.,EC-12a267bf8b1d91a6,LG-4285908bb8f7434c,train
102268,#4 INTAKE GASKET IS LEAKING.,REPLACED GASKET.,EC-0489f0dc14177ee4,LG-4285908bb8f7434c,train
102269,"ROCKER COVER GASKET ON CYL #3, 4 LEAKING.",REMOVED & REPLACED ROCKER COVER GASKETS.,EC-c2e72559b22c7283,LG-608d782c2258dd59,train
102270,CYL #2 INTAKE LEAKING ON R/H ENGINE.,REMOVED & REPLACED INTAKE GASKET.,EC-349d212b8db90f50,LG-4285908bb8f7434c,train
102271,"LEAKING ROCKER COVER GASKETS, CYL #3 & 4.",REMOVED & REPLACED GASKETS.,EC-03c2a1b838115dd4,LG-f33e2e875bf4b51a,train
102272,"ENGINE AFT BAFFLE, NEXT TO #3 CYL, HAS SHEARED RIVETS.",DERIVETED SHEAR RIVETS. INSTALLED SCREWS & NUTS. REINST,EC-f93c52074750f85a,LG-f93c52074750f85a,train
102273,"#2, 3, 4 ROCKER GASKETS LEAKING.",REMOVED & REPLACED ROCKER COVER GASKETS.,EC-515168b9a541a803,LG-608d782c2258dd59,train
102274,#1 ROCKER COVER GASKET LEAKS.,REPLACED GASKET.,EC-a88e2c21bad4196e,LG-a95a51a28f245627,test
102275,BAFFLE CRACKED BEHIND ALTERNATOR.,STOP DRILLED & REMOVED EXCESS METAL FROM CRACKED AREA.,EC-9b1c832ef7c6741d,LG-294d6bad61185d49,train
102276,CYL #4 & 3 ROCKER COVER GASKETS LEAKING.,INSTALLED NEW #3 & 4 ROCKER BOX COVER GASKET.,EC-dc471dee47545cfa,LG-608d782c2258dd59,train
102277,"3, 2 & 4 INTAKES LEAKING ON L/H ENGINE.",INSTALLED NEW INTAKE GASKETS.,EC-150e26fc7a37cb0d,LG-4285908bb8f7434c,train
102278,R/H ENGINE AFT I/B BAFFLE @ OIL COOLER CRACKED.,STOP DRILLED CRACKS IN BAFFLE.,EC-d79c5924a924909b,LG-d79c5924a924909b,train
102279,#1 & 3 ROCKER COVERS LEAKING ON L/H ENGINE.,INSTALLED NEW ROCKER COVER GASKETS.,EC-c67aededcdf0e10f,LG-608d782c2258dd59,train
102280,#1 & 3 CYL SIDE BAFFLES CRACKED.,FABRICATED PATCH OF LIKE MATERIAL & RIVETED IAW ,EC-1425eb2acadaccd6,LG-1425eb2acadaccd6,train
102281,"AFTER ENGINE START, ENGINE RAN ROUGH BUT THEN SMOKED OUT. AF","RAN A/C, MAG CHECKS GOOD & LEAK CK GOOD.",EC-47959cd02ab015a5,LG-47959cd02ab015a5,train
102282,"AFTER ENGINE START, ENGINE RAN ROUGH BUT THEN SMOKED OUT. AF",REMOVED BOTH MAGNETOS FOR INSPECTION. NO DEFECTS NOTED.,EC-47959cd02ab015a5,LG-47959cd02ab015a5,train
102283,"AFTER ENGINE START, ENGINE RAN ROUGH BUT THEN SMOKED OUT. AF","INSTALLED R/H ENGINE SIDE BAFFLE, ROUTED OIL LINES & SE",EC-47959cd02ab015a5,LG-47959cd02ab015a5,train
102284,"AFTER ENGINE START, ENGINE RAN ROUGH BUT THEN SMOKED OUT. AF","INSTALLED BOTH MAGNETOS, TIMED & TORQUED TO SPECS. INST",EC-47959cd02ab015a5,LG-47959cd02ab015a5,train
102285,"ROCKER COVER GASKETS #2, 4 ARE LEAKING.",REMOVED & REPLACED ROCKER COVER GASKETS.,EC-4686672134c2eb24,LG-608d782c2258dd59,train
102286,"ON RUN UP, FAULTY MAGNETO CK PROCEDURES.","RAN A/C, NO DEFECTS NOTED. MAG DROPS 100 RPM.",EC-f445bb14365cfff2,LG-f445bb14365cfff2,test
102287,"LEAKING ROCKER COVER GASKETS, CYL #3 & 4.",REMOVED & REPLACED ROCKER COVER GASKETS.,EC-03c2a1b838115dd4,LG-f33e2e875bf4b51a,train
102288,#4 CYL ROCKER COVER GASKET LEAKING.,REMOVED & REPLACED ROCKER COVER GASKET.,EC-de8e20edde74f07c,LG-608d782c2258dd59,train
102289,"#3 ROCKER COVER LEAKING, L/H.",LEAK CK GOOD.,EC-eb7b6794b9aab76f,LG-eb7b6794b9aab76f,train
102290,#3 ROCKER COVER LEAKING ON R/H ENGINE.,LEAK CK GOOD.,EC-8966393e5fc21277,LG-608d782c2258dd59,train
102291,#2 & 3 INTAKES LEAKING ON L/H ENGINE.,REPLACED GASKETS.,EC-8e21f9fd40603ed5,LG-4285908bb8f7434c,train
102292,L/H BAFFLE ROD BROKEN ON L/H ENGINE.,REMOVED & REPLACED ROD.,EC-e549774f65963003,LG-e549774f65963003,train
102293,"#3 ROCKER COVER LEAKING, L/H.",REMOVED & REPLACED ROCKER COVER GASKET.,EC-eb7b6794b9aab76f,LG-eb7b6794b9aab76f,train
102294,#2 & 3 INTAKES LEAKING ON R/H ENGINE.,REMOVED & REPLACED INTAKE GASKETS.,EC-b96df8ea2e0a0c8a,LG-4285908bb8f7434c,train
102295,#3 ROCKER COVER LEAKING ON R/H ENGINE.,REMOVED & REPLACED ROCKER COVER GASKET.,EC-8966393e5fc21277,LG-608d782c2258dd59,train
102296,#2 & 3 INTAKE GASKETS LEAKING.,REMOVED & REPLACED INTAKE GASKETS. LEAK CK GOOD.,EC-88f45c6cdd6109b9,LG-4285908bb8f7434c,train
102297,#2 & 4 INTAKES ARE LEAKING.,REMOVED & REPLACED INTAKE GASKETS.,EC-a8a32c50c5fc85ea,LG-26ffbcbee302311b,test
102298,#4 ROCKER COVER LEAKING.,REMOVED & REPLACED ROCKER COVER GASKET.,EC-fbe922c5be2d1674,LG-608d782c2258dd59,train
102299,"#3 & 2 ROCKER COVER GASKETS LEAK, R/H ENGINE.",REMOVED & REPLACED ROCKER COVER GASKETS.,EC-fe4e750e751f9c9b,LG-fe4e750e751f9c9b,train
102300,"#3 & 2 ROCKER COVER GASKETS LEAK, L/H ENGINE.",REMOVED & REPLACED ROCKER COVERS GASKETS.,EC-f63c23e0a3c63a24,LG-fe4e750e751f9c9b,train
102301,L/H O/B BAFFLE TIE BROKEN.,REMOVED & REPLACED BAFFLE TIE.,EC-ac6ca7f50c28567a,LG-fd0aefcb606d5f59,train
102302,"R/H ENG, L/H BAFFLE TIE ROD IS BROKEN.",REMOVED & REPLACED TIE ROD.,EC-895367e5cf1320ba,LG-a456c10593172117,dev
102303,R/H ENG #3 & 4 CYL INTAKE GASKETS ARE LEAKING.,REMOVED & REPLACED GASKETS.,EC-96fb8ee2346fe438,LG-4285908bb8f7434c,train
102304,"R/H ENG #4 CYL AFT BAFFLE, AFT BAFFLE CORNER SUPPORT BRACKET",STOP DRILLED CRACK.,EC-c7bf4055679640a4,LG-c7bf4055679640a4,dev
102305,#2 & 4 INTAKE GASKETS LEAKING.,REPLACED GASKETS.,EC-f4c90d93e910c1fa,LG-4285908bb8f7434c,train
102306,"OVERSPEED PROP 2700 RPM FOR 3 SECONDS, NOTICED 2760 RPM MAX.","REVIEWED FDM DATA, DETERMINED OVERSPEED TO BE 2778. C/W",EC-9821fc903467943f,LG-9821fc903467943f,train
102307,CLIMBED TO ALTITUDE & ATTEMPTED DESCENT BACK TO ALTITUDE LEA,"REVIEW OF FDM DATA SHOWED MOMENTARY RPM OF 2733.7, COMP",EC-333414e27d29929c,LG-333414e27d29929c,dev
102308,R/H ENG #2 CYL FWD BAFFLE IS MISSING A SCREW.,INSTALLED NEW SCREW.,EC-5b675d5fa50ef211,LG-8407cead18b14600,train
102309,R/H ENG #3 CYL ROCKER COVER GASKET IS LEAKING.,INSTALLED NEW GASKET.,EC-a02148104225c967,LG-608d782c2258dd59,train
102310,L/H ENG #3 & 4 CYL INTAKE GASKETS ARE LEAKING.,INSTALLED NEW GASKETS ON #3 & 4 INTAKE PIPES.,EC-3425f39045169c9a,LG-4285908bb8f7434c,train
102311,"L/H ENG #2, 3 & 4 CYL ROCKER COVER GASKETS ARE LEAKING.","INSTALLED NEW GASKETS ON 2, 3, 4 ROCKER COVERS.",EC-884409788ad10ef5,LG-608d782c2258dd59,train
102312,BAFFLE PLUGS MISSING.,INSTALLED NEW PLUGS.,EC-49be8d5e50bc12db,LG-49be8d5e50bc12db,train
102313,CYL #2 INTAKE GASKET LEAKING.,REMOVED & REPLACED INTAKE GASKET.,EC-804e232273da2515,LG-4285908bb8f7434c,train
102314,ENGINE BAFFLE RUBBER SEAL INSECURE @ #2 CYLINDER.,ATTACHED/SECURED BAFFLE RUBBER SEAL.,EC-fd794da2264d7185,LG-fd794da2264d7185,dev
102315,CYL #2 INTAKE GASKET IS LEAKING.,REMOVED & REPLACED GASKET W/ NEW.,EC-ae287164a190fda3,LG-4285908bb8f7434c,train
102316,ENGINE AFT BAFFLE CYL #3 AREA HAS SHEARED RIVETS ON SUPPORT,"REMOVED SHEARED RIVETS, INSTALLED SCREWS & NUTS ON SUPP",EC-21e5e92b9178d313,LG-21e5e92b9178d313,test
102317,R/H & L/H SIDE OF FRONT BAFFLE SEAL TORN.,SECURED R/H & L/H BAFFLE SEAL.,EC-54bb8a7531d3d8b8,LG-54bb8a7531d3d8b8,train
102318,#1 CYL SIDE BAFFLE IS CRACKED.,STOP DRILLED CRACK.,EC-ad6f8daf0f0cd159,LG-13dec33e5f80d531,dev
102319,#4 INTAKE GASKET TUBE IS LEAKING AT SUMP.,ORDERED NEW INTAKE TUBE @ SUMP.,EC-ff56f1d17f324185,LG-ff56f1d17f324185,dev
102320,#4 INTAKE GASKET TUBE IS LEAKING AT SUMP.,RESWAGED TUBE & REINSTALLED W/ NEW GASKET. LEAK CK'ED &,EC-ff56f1d17f324185,LG-ff56f1d17f324185,dev
102321,#1 ROCKER COVER LEAKING.,REMOVED & REPLACED ROCKER COVER GASKET.,EC-d7f19738c9144c80,LG-608d782c2258dd59,train
102322,R/H AFT BAFFLE PLUG BAD.,REMOVED & REPLACED R/H AFT BAFFLE PLUG.,EC-d2ba6fb8c67123a7,LG-d2ba6fb8c67123a7,train
102323,"LEFT AFT BAFFLE SCREW LOOSE, BY #4 ROCKER COVER.",TIGHTENED SCREW.,EC-a97b700723e78958,LG-a97b700723e78958,train
102324,"CRACK IN ENGINE COOLING BAFFLE, AROUND LANDING LIGHT WIRE SE",STOP DRILLED CRACK.,EC-f7d0ad5da78bb048,LG-f7d0ad5da78bb048,train
102325,"CRACK IN ENGINE COOLING BAFFLE, NEXT TO R/H UPPER MOTOR MOUN",ORDERED NEW BAFFLE.,EC-5d2f09f9c6e93712,LG-5d2f09f9c6e93712,train
102326,"CRACK IN ENGINE COOLING BAFFLE, NEXT TO R/H UPPER MOTOR MOUN",INSTALLED NEW #3 AFT BAFFLE.,EC-5d2f09f9c6e93712,LG-5d2f09f9c6e93712,train
102327,#3 INDUCTION TUBE GASKET LEAKING.,REPLACED GASKET.,EC-cd3eb18391b38e2d,LG-abec8430bec9f461,test
102328,"L/H ENG, L/H AFT BAFFLE CRACKED, SEVERAL PLACES.",LEAK CK PROP OIL LINE - GOOD.,EC-b0a836b812ff7070,LG-b0a836b812ff7070,train
102329,"L/H ENG, L/H AFT BAFFLE CRACKED, SEVERAL PLACES.",REPLACED BAFFLE W/ REPAIRED ASSY.,EC-b0a836b812ff7070,LG-b0a836b812ff7070,train
102330,"INTAKE GASKETS FROM CYL #1, 2 LEAKING.",REMOVED & REPLACED INTAKE GASKETS.,EC-7b1cb8873714eea7,LG-7b1cb8873714eea7,train
102331,CYL #2 ROCKER COVER GASKET LEAKING.,REMOVED & REPLACED ROCKER COVER GASKET.,EC-dd75f7cbb6fe4441,LG-608d782c2258dd59,train
102332,"INTAKE GASKET LEAKING, CYL #2 & 3.",REMOVED & REPLACED INTAKE GASKETS.,EC-6874ce0483010317,LG-6874ce0483010317,train
102333,"ROCKER COVER GASKET LEAKING, CYL #2, 3 & 4.",REMOVED & REPLACED ROCKER COVER GASKETS.,EC-3ec403facc828221,LG-3ec403facc828221,test
102334,R/H ENGINE BAFFLE PLUG BAD.,INSTALLED NEW BAFFLE PLUG.,EC-ee326ed76b1e215a,LG-d2ba6fb8c67123a7,train
102335,R/H REAR ENGINE BAFFLE SCREW MISSING.,INSTALLED NEW SCREW.,EC-00c3779a82bb5065,LG-ac09d330d3a5d8db,dev
102336,"CYL #2, 1 INTAKE GASKETS LEAKING.",REMOVED & REPLACED INTAKE GASKETS.,EC-202de2c3fd810594,LG-4285908bb8f7434c,train
102337,CYL #3 AFT BAFFLE SUPPORT RIVETS SHEARED.,"DISCONNECTED OIL PRESSURE LINE, REMOVED BAFFLE, REATTAC",EC-acc96e0bd9af941e,LG-322035e3d27066cf,train
102338,L/H ENGINE BAFFLE PLUG BAD.,INSTALLED NEW BAFFLE PLUG.,EC-6b0daacd55992c22,LG-d2ba6fb8c67123a7,train
102339,R/H #1 & 3 INTAKE GASKETS LEAKING.,REPLACED GASKETS.,EC-709e97987459b99e,LG-4285908bb8f7434c,train
102340,R/H ENG HAS 4 LEAKING ROCKER GASKETS.,REMOVED & REPLACED ALL 4 ROCKER COVER GASKETS.,EC-0115e04deed62adc,LG-0115e04deed62adc,train
102341,"L/H ENG #2, 3, 4 ROCKER GASKETS ARE LEAKING.",REMOVED & REPLACED ROCKER COVER GASKETS.,EC-c38b5251d76f5c04,LG-608d782c2258dd59,train
102342,"L/H ENGINE, ALL 4 INTAKE GASKETS ARE LEAKING.",REMOVED & REPLACED ALL 4 INTAKE GASKETS.,EC-f0f174a9dcdc1ded,LG-f0f174a9dcdc1ded,dev
102343,"BAFFLE SEAL TORN, BOTTOM LEFT SIDE.",RESECURED BAFFLE SEAL.,EC-82c2721f1103f8a5,LG-82c2721f1103f8a5,train
102344,#4 ROCKER COVER GASKET LEAKING.,REMOVED & REPLACED ROCKER COVER GASKET.,EC-da6ceccf140509ee,LG-608d782c2258dd59,train
102345,#4 INTAKE ON R/H ENGINE LEAKING.,REMOVED & REPLACED INTAKE GASKET.,EC-b2bdecc901480a28,LG-4285908bb8f7434c,train
102346,INTAKES 2 & 4 LEAKING ON L/H ENGINE.,REMOVED & REPLACED INTAKE GASKETS.,EC-b5d087cd44a0b2a1,LG-4285908bb8f7434c,train
102347,ROCKER COVER #1 LEAKING ON L/H ENGINE.,REMOVED & REPLACED ROCKER COVER GASKET.,EC-40017818cb4e26e5,LG-608d782c2258dd59,train
102348,#1 & 2 ROCKER COVERS LEAKING.,REPLACED GASKETS.,EC-219cf808c14f3f36,LG-608d782c2258dd59,train
102349,PILOT REPORTED SLIGHT FLUCTUATIONS IN R/H ENGINE DURING CRUI,REMOVED COWLNIG AS REQUIRED. INSPECTED - SET RESET ARM,EC-3e91e1944ba2af2d,LG-3e91e1944ba2af2d,dev
102350,"#2 ROCKER COVER GASKET LEAKING, R/H ENG.",REMOVED & REPLACED ROCKER COVER GASKET.,EC-f0546f2479274e1d,LG-f0546f2479274e1d,train
102351,"#2 INTAKE GASKET LEAKING, R/H ENG.",REMOVED & REPLACED #2 INTAKE GASKET TUBE & FLANGE.,EC-bc0533143f9f95d2,LG-0222eb60e96e9748,dev
102352,L/H ENG CYL #2 INTAKE GASKET LEAKING.,REMOVED & REPLACED L/H ENG CYL #2 INTAKE GASKET.,EC-ff9f69648b66e778,LG-4285908bb8f7434c,train
102353,"CRACKED BAFFLE #3 CYL, R/H ENG.",STOP DRILLED CRACK. REPAIRED BY PATCHING. RIVETED IAW A,EC-d5702b434fe5f83b,LG-d5702b434fe5f83b,test
102354,#4 INTAKE GASKET LEAKING.,"REPLACED GASKET, LEAK CK GOOD.",EC-57acd94dcdde4ef3,LG-4285908bb8f7434c,train
102355,FRONT BAFFLE SEALS ARE WORN.,APPLIED HIGH TEMP RTV FOR CHAFE PROTECTION.,EC-618dbaf77c796b07,LG-618dbaf77c796b07,train
102356,MX FLIGHT REQUIRED.,TIGHTENED THROTTLE INTERCONNECT.,EC-b7f6ef3a3fbd26b0,LG-b7f6ef3a3fbd26b0,train
102357,MX FLIGHT REQUIRED.,"ADJUSTED IDLE RPM, OPS CK GOOD. MX FLIGHT REQUIRED.",EC-b7f6ef3a3fbd26b0,LG-b7f6ef3a3fbd26b0,train
102358,#2 INTAKE GASKET LEAKING.,REMOVED & REPLACED #2 INTAKE GASKET.,EC-1fec9b07493816ca,LG-4285908bb8f7434c,train
102359,#3 ROCKER COVER GASKET LEAKING.,REMOVED & REPLACED #3 ROCKER COVER GASKET.,EC-cd33c56b9090b89a,LG-608d782c2258dd59,train
102360,"BOTTOM BAFFLE CONNECTING ROD BROKEN, R/H SIDE.",REMOVED & REPLACED CONNECTING ROD.,EC-dea27ae35d43473f,LG-dea27ae35d43473f,train
102361,#4 CYL ROCKER COVER LEAKS.,REMOVED & REPLACED GASKET.,EC-0478ec1457a5e05b,LG-a95a51a28f245627,test
102362,ENGINE PAN DRAIN LINE CLUSTER NEEDS NEW ADEL CLAMPS.,REPLACED ADEL CLAMPS AS NEEDED.,EC-b78d869fa3acfa93,LG-b78d869fa3acfa93,dev
102363,#4 INTAKE GASKET LEAKING.,REMOVED & REPLACED INTAKE GASKET.,EC-57acd94dcdde4ef3,LG-4285908bb8f7434c,train
102364,#3 ROCKER COVER GASKET LEAKING.,REMOVED & REPLACED ROCKER COVER GASKET.,EC-cd33c56b9090b89a,LG-608d782c2258dd59,train
102365,#2 CYLINDER ROCKER COVER LEAKS.,REMOVED & REPLACED ROCKER COVER.,EC-033758fa92963c02,LG-a95a51a28f245627,test
102366,#2 CYLINDER INTAKE GASKET IS LEAKING.,REMOVED & REPLACED CYL INTAKE GASKET.,EC-c00d4539aee11f01,LG-4285908bb8f7434c,train
102367,BAFFLE PLUGS DAMAGED.,INSTALLED NEW BAFFLE PLUGS.,EC-ab01db6be9f811bb,LG-a35b550497c9ab15,test
102368,#4 INTAKE LEAKING.,REMOVED & REPLACED GASKET.,EC-66d79f80174da74e,LG-10956cdabbd1e3ce,dev
102369,R/H AFT BAFFLE BRACKET RIVETS LOOSE.,INSTALLED NEW BAFFLE TAB/RIVETS. REINSTALLED BAFFLE. RE,EC-25f9ec7044bfa6b6,LG-25f9ec7044bfa6b6,train
102370,R/H FWD BAFFLE IS CRACKED.,STOP DRILLED CRACK.,EC-4611b5aff792cebf,LG-15f761dc9e6351d8,dev
102371,INTAKE GASKET CYL #2 LEAKING.,REMOVED & REPLACED INTAKE GASKET.,EC-482382c0fffa0e7f,LG-4285908bb8f7434c,train
102372,ROCKER COVER GASKET CYL #1 LEAKING.,REMOVED & REPLACED ROCKER COVER GASKET.,EC-20ab008b0a35d888,LG-608d782c2258dd59,train
102373,L/H ENGINE #2 ROCKER COVER LEAKING.,REMOVED & REPLACED GASKET.,EC-0c573dbccdbce17a,LG-608d782c2258dd59,train
102374,R/H ENGINE #3 CYL ROCKER COVER LEAKING.,REMOVED & REPLACED GASKET.,EC-06a0db0601cd18a3,LG-608d782c2258dd59,train
102375,L/H ENGINE #3 CYL INTAKE GASKET LEAKING.,REMOVED & REPLACED GASKET.,EC-c0e51cfab89f1fed,LG-4285908bb8f7434c,train
102376,R/H ENGINE #2 & 4 INTAKE GASKETS LEAKING.,REMOVED & REPLACED GASKETS.,EC-a0645fded15bce4a,LG-4285908bb8f7434c,train
102377,R/H ENG #2 & 4 BAFFLE TIE ROD BROKEN.,REPLACED TIE ROD.,EC-975609c3ab56d916,LG-a456c10593172117,dev
102378,L/H ENG #4 CYL COMPRESSION @ 35.,"STAKED EXHAUST VALVE, NO CHANGE.",EC-addee928da48a64b,LG-addee928da48a64b,train
102379,L/H ENGINE OIL COOLER MOUNTING BAFFLE CRACKED.,STOP DRILLED CRACK.,EC-b09dd028fa5c2f8f,LG-b09dd028fa5c2f8f,train
102380,R/H ENG #2 FWD BAFFLE SCREW & WASHER LOOSE.,REPLACED BAFFLE SCREW & WASHER.,EC-ab6ad54dc4ea74bd,LG-ab6ad54dc4ea74bd,dev
102381,L/H ENG #3 INDUCTION TUBE GASKET LEAKING.,INSTALLED NEW #3 INTAKE TUBE GASKET.,EC-ee09750fa6487353,LG-abec8430bec9f461,test
102382,L/H ENG #4 CYL COMPRESSION @ 35.,"STARTED TO REMOVE BAFFLES, EXHAUST STACK, INTAKE TUBE,",EC-addee928da48a64b,LG-addee928da48a64b,train
102383,L/H ENG #4 CYL COMPRESSION @ 35.,"INSTALLED ROCKER COVER, SIDE BAFFLES, #4 EXHAUST STACK,",EC-addee928da48a64b,LG-addee928da48a64b,train
102384,L/H ENG #4 CYL COMPRESSION @ 35.,"REMOVED #4 CYL ASSY, OIL COOLER & INSTALLED REPAIRED CY",EC-addee928da48a64b,LG-addee928da48a64b,train
102385,#1 ROCKER COVER LEAKING.,REMOVED & REPLACED #1 ROCKER COVER GASKET.,EC-d7f19738c9144c80,LG-608d782c2258dd59,train
102386,BAFFLE CRACKED AT LOWER LEFT BOLT OF OIL COOLER.,STOP DRILLED BAFFLE.,EC-50b0a85db94f85f3,LG-50b0a85db94f85f3,train
102387,#2 CYL ROCKER COVER GASKET LEAKS.,INSTALLED NEW ROCKER COVER GASKET.,EC-67843e0db6c5419f,LG-a95a51a28f245627,test
102388,"#2, 3 & 4 ROCKER COVER GASKETS LEAKING.","REMOVED & REPLACED #2, 3 & 4 ROCKER COVER GASKETS.",EC-4d5b47c4511c1ff9,LG-608d782c2258dd59,train
102389,#2 INTAKE LEAKING.,REMOVED & REPLACED INTAKE GASKET.,EC-9e293c9950113443,LG-10956cdabbd1e3ce,dev
102390,#4 INTAKE GASKET LEAKING.,REMOVED & REPLACED #4 INTAKE GASKET.,EC-57acd94dcdde4ef3,LG-4285908bb8f7434c,train
102391,CYL #2 INTAKE GASKET IS LEAKING.,REMOVED & REPLACED GASKET W/ NEW.,EC-ae287164a190fda3,LG-4285908bb8f7434c,train
102392,"CYL #1, 3 ROCKER COVER GASKETS LEAKING.",REMOVED & REPLACED ROCKER COVER GASKETS.,EC-147785a5fa0de27e,LG-608d782c2258dd59,train
102393,#2 CYL ANCHOR ASSY BROKEN.,REMOVED & REPLACED #2 CYL ANCHOR ASSY.,EC-418316a040d5243f,LG-b08223cd91814ee9,train
102394,#4 INTAKE LEAKING.,REMOVED & REPLACED GASKET.,EC-66d79f80174da74e,LG-10956cdabbd1e3ce,dev
102395,#3 ROCKER COVER LEAKING.,REMOVED & REPLACED GASKET.,EC-4774d48aa3f463c3,LG-608d782c2258dd59,train
102396,CYL #4 & 3 ROCKER COVER GASKETS ARE LEAKING.,REMOVED & REPLACED ROCKER COVER GASKETS.,EC-aebff7f8ac4631c9,LG-608d782c2258dd59,train
102397,#3 & 4 INTAKES LEAKING ON L/H ENG.,REMOVED & REPLACED INTAKE GASKETS.,EC-ef151b288aea4935,LG-4285908bb8f7434c,train
102398,"#2, 3 & 4 INTAKES LEAKING ON R/H ENG.",REMOVED & REPLACED INTAKE GASKETS.,EC-7a969c7a5ff6b967,LG-4285908bb8f7434c,train
102399,#4 ROCKER COVER LEAKING ON R/H ENG.,REMOVED & REPLACED ROCKER COVER GASKET.,EC-d59a9dbb1ca54169,LG-608d782c2258dd59,train
102400,#2 & 3 ROCKER COVERS LEAKING ON L/H ENG.,REMOVED & REPLACED ROCKER COVER GASKETS.,EC-f3b72188d5c86b40,LG-608d782c2258dd59,train
102401,L/H #2 INTAKE GASKET LEAKING.,REPLACED GASKET.,EC-5d8481ddadcb4d01,LG-4285908bb8f7434c,train
102402,R/H #3 INTAKE GASKET IS LEAKING.,REPLACED GASKET.,EC-1783bdfba0867792,LG-4285908bb8f7434c,train
102403,L/H #2 SIDE BAFFLE SEAL TORN.,FASTENED W/ PROP RIVET.,EC-fa441439499731ad,LG-fa441439499731ad,test
102404,R/H #2 & 3 ROCKER GASKETS ARE LEAKING.,REPLACED GASKETS.,EC-8d6504ca026057b7,LG-608d782c2258dd59,train
102405,L/H #3 & 4 ROCKER GASKETS LEAKING.,REPLACED 3 & 4 COVER GASKETS.,EC-08a550770d6fbe45,LG-608d782c2258dd59,train
102406,"#3 AFT BAFFLE, L/H ENG, COWL SEAL NOT SEALING.",REMOVED & REPLACED BAFFLE SEAL.,EC-60af9ea066716caf,LG-60af9ea066716caf,train
102407,"CYL #2, L/H ENG, INTAKE GASKET LEAKING.",REMOVED & REPLACED INTAKE GASKET.,EC-3f59571dd464d600,LG-4285908bb8f7434c,train
102408,R/H ENG CYL #1 ROCKER COVER GASKET LEAKING.,REMOVED & REPLACED ROCKER COVER GASKET.,EC-bdf8f04eae7af7b5,LG-608d782c2258dd59,train
102409,"ROCKER COVER GASKETS, L/H ENG CYL #2, 3, & 4 LEAKING.",REMOVED & REPLACED ROCKER COVER GASKETS.,EC-5585511c2db2bd60,LG-f33e2e875bf4b51a,train
102410,"DURING RUN UP, RPM WOULD NOT INCREASE PAST 1560, REGARDLESS","RAN A/C, ENGINE RAN ROUGH FOR FIRST 2 SECONDS, THEN SMO",EC-65e7677e05555bbb,LG-65e7677e05555bbb,train
102411,"DURING RUN UP, RPM WOULD NOT INCREASE PAST 1560, REGARDLESS","RAN A/C, RUN UP CK'ED OK - INCLUDING IDLE SPEED & MIXTU",EC-65e7677e05555bbb,LG-65e7677e05555bbb,train
102412,"DURING RUN UP, RPM WOULD NOT INCREASE PAST 1560, REGARDLESS","REMOVED ROCKER COVERS, CK'ED EXHAUST VALVES FOR BINDING",EC-65e7677e05555bbb,LG-65e7677e05555bbb,train
102413,#1 INTAKE GASKET IS LEAKING.,REPLACED GASKET.,EC-e9b8d7340586dc23,LG-4285908bb8f7434c,train
102414,#1 FRONT BAFFLE SEAL TORN.,REPLACED SECTION OF SEAL.,EC-2e4897ab31bc709f,LG-2e4897ab31bc709f,dev
102415,ALL 4 ROCKER GASKETS ARE LEAKING.,REPLACED ALL ROCKER GASKETS.,EC-a502f91c87904154,LG-f0f174a9dcdc1ded,dev
102416,L/H ENG #4 CYL AFT BAFFLE IS CRACKED.,REMOVED & REPLACED BAFFLE.,EC-785add1b54069bd2,LG-e3b964f842fc4352,test
102417,"#4 ROCKER COVER GASKET LEAKING, R/H ENGINE.",REMOVED & REPLACED #4 ROCKER COVER GASKET.,EC-a4d2eb051e968fef,LG-f0546f2479274e1d,train
102418,"#1 INTAKE GASKET LEAKING, R/H ENGINE.","REMOVED & REPLACED #1 INTAKE GASKETS, R/H ENGINE.",EC-1e29c2c7ba8ca792,LG-0222eb60e96e9748,dev
102419,#2 INTAKE GASKET IS LEAKING.,REPLACED GASKET.,EC-53f353a420cf4fcc,LG-4285908bb8f7434c,train
102420,SIDE BAFFLE PLUG HOLES ARE WORN TOO LARGE.,REPAIRED W/ RIVETED PATCHES.,EC-2786935c6e22cfae,LG-2786935c6e22cfae,test
102421,#1 & 4 ROCKER COVER GASKETS LEAKING.,REMOVED & REPLACED #1 & 4 ROCKER COVER GASKETS.,EC-688009375e8b3113,LG-608d782c2258dd59,train
102422,#2 INTAKE LEAKING.,REMOVED & REPLACED INTAKE GASKET.,EC-9e293c9950113443,LG-10956cdabbd1e3ce,dev
102423,#4 ROCKER COVER LEAKING.,REMOVED & REPLACED #4 ROCKER COVER GASKET.,EC-fbe922c5be2d1674,LG-608d782c2258dd59,train
102424,#4 INTAKE LEAKING.,REMOVED & REPLACED #4 INTAKE GASKET. CLEANED CYL FLANGE,EC-66d79f80174da74e,LG-10956cdabbd1e3ce,dev
102425,CYL #3 ROCKER COVER GASKET LEAKING.,REMOVED & REPLACED GASKET.,EC-9a32386e03c73ec9,LG-608d782c2258dd59,train
102426,R/H BAFFLE PLUG WORN.,INSTALLED NEW BAFFLE PLUG.,EC-c741684f6363c058,LG-724c9a4174167cf3,train
102427,#2 ROCKER COVER GASKET IS LEAKING.,REMOVED & REPLACED #2 ROCKER COVER GASKET.,EC-b515029866e4d566,LG-608d782c2258dd59,train
102428,"SCREW MISSING ON R/H ENGINE BAFFLE, BEHIND OIL COOLER.","INSTALLED NEW SCREW, INSTALLED NEW GASKET & SAFETIED OI",EC-12bbe4774df52603,LG-12bbe4774df52603,train
102429,#1 CYL BAFFLE CRACKED.,STOP DRILLED CRACK.,EC-59df9a12877037d5,LG-e3b964f842fc4352,test
102430,SNIFFLE VALVES DIRTY.,CLEANED BOTH SNIFFLE VALVES.,EC-a46541eb13c3062b,LG-5027701bd7fa9f57,train
102431,#4 ROCKER COVER GASKET LEAKING & #2 ROCKER COVER GASKET LEAK,REMOVED & REPLACED GASKETS.,EC-86af3cb5cdf67261,LG-608d782c2258dd59,train
102432,"L/H ENGINE INTAKE GASKET LEAKING, CYL #4.",REMOVED & REPLACED #4 CYL INTAKE GASKET.,EC-04491452e9cad324,LG-0222eb60e96e9748,dev
102433,R/H ENG #3 CYL ROCKER COVER GASKET LEAKING.,REMOVED & REPLACED #3 CYL ROCKER COVER GASKET.,EC-0a0ab3a2051360b3,LG-608d782c2258dd59,train
102434,R/H #2 & 4 ROCKER GASKETS ARE LEAKING.,REMOVED & REPLACED #2 & 4 CYL ROCKER COVER GASKETS ON R,EC-14454d5bc63ed4c5,LG-608d782c2258dd59,train
102435,"ENGINE BAFFLE ON #4 CYL, RIVETS SHEARED OFF.","REMOVED SHEARED RIVETS, INSTALLED NEW RIVETS TO ENGINE",EC-70998e233c2d7c6e,LG-70998e233c2d7c6e,train
102436,#4 INTAKE LEAKING.,REMOVED & REPLACED INTAKE GASKET.,EC-66d79f80174da74e,LG-10956cdabbd1e3ce,dev
102437,CYL #2 ROCKER COVER GASKET LEAKING.,REMOVED & REPLACED ROCKER COVER GASKET.,EC-dd75f7cbb6fe4441,LG-608d782c2258dd59,train
102438,#4 INTAKE GASKET LEAKING.,REMOVED & REPLACED #4 INTAKE GASKET.,EC-57acd94dcdde4ef3,LG-4285908bb8f7434c,train
102439,R/H BAFFLE SPRING IS DISCONNECTED.,RECONNECTED SPRING.,EC-f9c20faedf46ba62,LG-f9c20faedf46ba62,train
102440,L/H BAFFLE PLUG HOLE IS ELONGATED.,INSTALLED BAFFLE PATCH & PLUG.,EC-83c13df6f0501462,LG-83c13df6f0501462,dev
102441,FOD IN ENGINE INTABLE,REMOVED FOD,EC-1004a3298c6153e5,LG-1004a3298c6153e5,train
102442,WRENCH LEFT ON ENGINE BOLT,REMOVED WRENCH,EC-eed15b2ddfb1e862,LG-eed15b2ddfb1e862,train
102443,L/H FUEL PLACARD IS COVERED,UN-COVERED PLACARD,EC-beb38b9a9d5952d0,LG-beb38b9a9d5952d0,train
102444,"INTAKE GASKET, CYL #2 LEAKING.",REMOVED & REPLACED INSTAKE GASKET.,EC-3495b26232cfb358,LG-962a2251cf078b67,train
102445,"ROCKER COVER GASKET, CYL #3 LEAKING.",REMOVED & REPLACED ROCKER COVER GASKET #3.,EC-b986d26d2c762c1a,LG-752f86b56038668f,train
102446,ENGINE DID NOT START.,STARTED A/C NORMALLY.,EC-b27cdb4825fe0122,LG-b27cdb4825fe0122,test
102447,#2 INTAKE LEAKING.,REMOVED & REPLACED GASKET.,EC-9e293c9950113443,LG-10956cdabbd1e3ce,dev
102448,"R/H #1, 2, 3 ROCKER GASKETS ARE LEAKING.",REPLACED GASKETS.,EC-73fe3525c983f73e,LG-73fe3525c983f73e,train
102449,"R/H #2, 3, 4 INTAKE GASKETS ARE LEAKING.","REMOVED & REPLACED INTAKE GASKETS, R/H ENG.",EC-a4d69f83536f46b5,LG-4285908bb8f7434c,train
102450,"#2, 3, 4 INTAKE GASKETS LEAKING, L/H ENG.",REMOVED & REPLACED INTAKE GASKETS ON L/H ENG.,EC-50e0567c14faa332,LG-50e0567c14faa332,train
102451,R/H #2 CYL EXH PUSH ROD SEAL LEAKING.,REPLACED PUSH ROD SEALS & RETAINER ON #2 EXH PUSH ROD T,EC-b60b3becc3dc04e9,LG-b60b3becc3dc04e9,train
102452,"#1, 2, 3, 4 ROCKER COVER GASKETS LEAKING ON L/H ENGINE.","REMOVED & REPLACED ROCKER COVER GASKETS, L/H ENG.",EC-18655321fe4af0fb,LG-18655321fe4af0fb,train
102453,OWNER REQUESTS ENGINE COMPRESSIONS DONE.,"PERFORMED ENGINE COMPRESSIONS: #1-75, #2-70, #3-70, #4-",EC-111124460201beeb,LG-111124460201beeb,test
102454,BOTTOM LEFT BAFFLE SEAL TORN.,SECURED BAFFLE SEAL W/ SAFETY WIRE.,EC-e9f74b880c8ffc43,LG-e9f74b880c8ffc43,train
102455,"BAFFLE SEAL TORN, BOTTOM R/H SIDE.",SECURED BAFFLE SEAL W/ SAFETY WIRE.,EC-ca500ff2ab6b95e3,LG-82c2721f1103f8a5,train
102456,"CYL BAFFLE CHAFING ON OIL RETURN LINE, #3 CYL.",REPOSITIONED CYL BAFFLE & APPLIED SPIRAL WRAP TO OIL RE,EC-f3831103f1f452cd,LG-f3831103f1f452cd,train
102457,SCREW MISSING ON #3 BAFFLE.,REPLACED SCREW.,EC-361eebaf96dcd70d,LG-ac09d330d3a5d8db,dev
102458,#4 CYL INTAKE GASKET LEAKING ON R/H ENGINE.,REMOVED & REPLACED #4 CYL INTAKE GASKET ON R/H ENGINE.,EC-51849a48af050c9a,LG-4285908bb8f7434c,train
102459,LEFT ENG #2 INTAKE GASKET LEAKS.,"REMOVED & REPLACED #2 INTAKE GASKET, L/H ENG.",EC-295da0417865331d,LG-0e48eb423d7a05e3,test
102460,L/H ENG #1 INTAKE GASKET LEAKS.,REMOVED & REPLACED #1 INTAKE GASKET & PRIMER LINE CLAMP,EC-b7108697a8ef3701,LG-0e48eb423d7a05e3,test
102461,LEFT ENG #4 AFT BAFFLE REINFORCEMENT ANGLE CRACKED.,REMOVED & REPLACED BAFFLE REINFORCEMENT ANGLE.,EC-511c231cd31ca4f2,LG-511c231cd31ca4f2,train
102462,CYL #3 ROCKER DRAIN LINE LOOSE.,TIGHTENED DRAIN LINE.,EC-cffab82dca59e66f,LG-cffab82dca59e66f,train
102463,CYL #3 AFT BAFFLE SUPPORT RIVETS SHEARED.,"REMOVED BAFFLE, REATTACHED BAFFLE SUPPORT & REINSTALLED",EC-acc96e0bd9af941e,LG-322035e3d27066cf,train
102464,#4 INTAKE LEAKING.,REPLACED GASKET.,EC-66d79f80174da74e,LG-10956cdabbd1e3ce,dev
102465,#2 INTAKE GASKET LEAKING.,REMOVED & REPLACED #2 INTAKE GASKET.,EC-1fec9b07493816ca,LG-4285908bb8f7434c,train
102466,#2 INDUCTION TUBE GASKET LEAKING.,INSTALLED NEW #2 INDUCTION GASKET.,EC-abec8430bec9f461,LG-abec8430bec9f461,test
102467,L/H ENG #3 AFT BAFFLE CRACKED.,STOP DRILLED CRACK ON #3 AFT BAFFLE.,EC-4673fc9038cc8512,LG-e3b964f842fc4352,test
102468,"SCREW MISSING ON #4 BAFFLE, R/H ENGINE.",INSTALLED NEW BAFFLE SCREW.,EC-e1ba12cf073d370b,LG-e1ba12cf073d370b,train
102469,"INTAKE GASKET, CYL #2 LEAKING, L/H ENGINE.",REMOVED & REPLACED INTAKE GASKET.,EC-8e7371247464a2c7,LG-8e7371247464a2c7,train
102470,"#1 ROCKER COVER GASKET LEAKING, R/H ENGINE.",REMOVED & REPLACED ROCKER COVER GASKET.,EC-1da69bd907e1d66d,LG-f0546f2479274e1d,train
102471,"ENGINE COOLING BAFFLE CRACKED, FRONT L/H SIDE, R/H ENGINE.",STOP DRILLED CRACK IN BAFFLE.,EC-85e86f0d0833ede8,LG-85e86f0d0833ede8,train
102472,"L/H ENGINE CYL #2, 3 & 4 ROCKER COVER GASKETS LEAKING.",REMOVED & REPLACED ROCKER COVER GASKETS.,EC-7c285df2298f1944,LG-608d782c2258dd59,train
102473,"#3 & 2 INTAKE GASKET LEAKING, R/H ENGINE.",REMOVED & REPLACED #2 & 3 INTAKE GASKETS & PRIMER SLEEV,EC-8d58883cbf59c48e,LG-0222eb60e96e9748,dev
102474,"BOTTOM OIL COOLER LINE CHAFING ON FUEL PUMP, R/H ENGINE.","INSPECTED LINE & FUEL PUMP, OK. INSTALLED RTV SILICONE",EC-f175b4f4781c0c61,LG-f175b4f4781c0c61,dev
102475,"BAFFLE TIE ROD CHAFING INTO #3 OIL RETURN LINE, R/H ENGINE.",TIE ROD & RETURN LINES OK. ADJUSTED TIE ROD & RETURN LI,EC-ab9f9e34b99057bc,LG-ab9f9e34b99057bc,train
102476,"BAFFLE TIE ROD CHAFING ON #2 & 4 OIL RETURN LINES, R/H ENGIN",REMOVED TIE ROD & FOUND TO BE OK. INSPECTED RETURN LINE,EC-75ac5d6cd0187daf,LG-75ac5d6cd0187daf,test
102477,L/H MAG ON L/H ENG PRODUCED CONSIDERABLE VIBRATION.,"RAN A/C, COULD NOT DUPLICATE DISCREP. A/C OK FOR FURTHE",EC-8fa21651028e748a,LG-8fa21651028e748a,train
102478,#1 CYL SIDE BAFFLE CRACKED.,"STOP DRILLED CRACK, INSTALLED PATCH SAME MATERIAL IAW A",EC-8f45faf092f42855,LG-13dec33e5f80d531,dev
102479,#3 CYL L/H ENG INTAKE GASKET LEAKING.,REPLACED GASKET.,EC-a30d196ca50af192,LG-4285908bb8f7434c,train
102480,L/H ENG #2 PRIMER LNE CLAMP NEEDS TO BE REPOSITIONED.,REPOSITIONED LINE & REPLACED SLEEVE.,EC-6681c82125ba1b2e,LG-6681c82125ba1b2e,train
102481,"#3, 4 ROCKER COVER GASKET LEAKING (L/H ENG).","REMOVED & REPLACED #3, 4 ROCKER COVER GASKETS.",EC-46cb5717ceffa082,LG-46cb5717ceffa082,test
102482,#4 INTAKE LEAKING.,REPLACED GASKET.,EC-66d79f80174da74e,LG-10956cdabbd1e3ce,dev
102483,#2 ROCKER COVER LEAKING.,REPLACED GASKET.,EC-c85bc86f75e7cd5b,LG-608d782c2258dd59,train
102484,#3 INDUCTION TUBE GASKET LEAKING.,INSTALLED NEW #3 INDUCTION TUBE GASKET.,EC-cd3eb18391b38e2d,LG-abec8430bec9f461,test
102485,#2 ROCKER COVER GASKET LEAKING.,REMOVED & REPLACED #2 ROCKER COVER GASKET.,EC-8828e17d0b33db57,LG-608d782c2258dd59,train
102486,"ROCKER COVER #2, 3, 4 GASKETS LEAKING.",REMOVED & REPLACED ROCKER COVER GASKETS.,EC-21fd886dc3015116,LG-608d782c2258dd59,train
102487,MUFFLER MISSING NUT.,REPLACED NUT.,EC-8e7e6b96cfdf26af,LG-8e7e6b96cfdf26af,train
102488,ENGINE REQUIRES DISASSEMBLY & INSPECTION AFTER PROP STRIKE.,PATCHED LOWER RIGHT FWD BAFFLE.,EC-51caec01e19b9564,LG-51caec01e19b9564,train
102489,ENGINE REQUIRES DISASSEMBLY & INSPECTION AFTER PROP STRIKE.,"PATCHED #4 BAFFLE, STOP DRILLED CRACK.",EC-51caec01e19b9564,LG-51caec01e19b9564,train
102490,ENGINE REQUIRES DISASSEMBLY & INSPECTION AFTER PROP STRIKE.,"INSTALLED BAFFLING ON ENGINE, INSTALLED INTAKE TUBES &",EC-51caec01e19b9564,LG-51caec01e19b9564,train
102491,ENGINE REQUIRES DISASSEMBLY & INSPECTION AFTER PROP STRIKE.,DISASSEMBLED ENGINE. SENT CRANK IN FOR R,EC-51caec01e19b9564,LG-51caec01e19b9564,train
102492,ENGINE REQUIRES DISASSEMBLY & INSPECTION AFTER PROP STRIKE.,INSTALLED CRANKSHAFT & NEW ROLLER TAPPETS. INSTALLED CA,EC-51caec01e19b9564,LG-51caec01e19b9564,train
102493,ENGINE REQUIRES DISASSEMBLY & INSPECTION AFTER PROP STRIKE.,STARTED ASSEMBLY OF ENGINE IAW DIRECT DRIVE MANUAL. MEA,EC-51caec01e19b9564,LG-51caec01e19b9564,train
102494,ENGINE REQUIRES DISASSEMBLY & INSPECTION AFTER PROP STRIKE.,"HONED, CLEANED & MEASURED CYLINDERS (MEASURE GOOD). CK'",EC-51caec01e19b9564,LG-51caec01e19b9564,train
102495,ENGINE REQUIRES DISASSEMBLY & INSPECTION AFTER PROP STRIKE.,INSTALLED ALL 4 PISTONS ON CONNECTING RODS. INSTALLED P,EC-51caec01e19b9564,LG-51caec01e19b9564,train
102496,ENGINE REQUIRES DISASSEMBLY & INSPECTION AFTER PROP STRIKE.,RETORQUE CASE HALF. CLEANED & INSTALLED NECESSARY GEARS,EC-51caec01e19b9564,LG-51caec01e19b9564,train
102497,ENGINE REQUIRES DISASSEMBLY & INSPECTION AFTER PROP STRIKE.,"INSTALLED ACCESSORY CASE & OIL SUMP, INSPECTED HYDRAULI",EC-51caec01e19b9564,LG-51caec01e19b9564,train
102498,ENGINE REQUIRES DISASSEMBLY & INSPECTION AFTER PROP STRIKE.,"INSTALLED FUEL & OIL PRESSURE LINES, MOUNTED OIL COOLER",EC-51caec01e19b9564,LG-51caec01e19b9564,train
102499,#2 INTAKE IS LEAKING.,REMOVED & REPLACED #2 INTAKE GASKET.,EC-8ec828272e86c6c2,LG-10956cdabbd1e3ce,dev
102500,#4 CYL INTAKE GASKET LEAKAGE.,REPLACED GASKET.,EC-2fb428178c61bd54,LG-2fb428178c61bd54,test
102501,R/H BAFFLE PLUG IS WORN.,REMOVED & REPLACED PLUG W/ NEW.,EC-4829f4e624850c0f,LG-724c9a4174167cf3,train
102502,#2 INTAKE GASKET LEAKING.,REMOVED & REPLACED #2 INTAKE GASKET.,EC-1fec9b07493816ca,LG-4285908bb8f7434c,train
102503,TOP OIL COOLER LINE CHAFING ON VACUUM PUMP LINE.,"INSPECTED BOTH LINES, FOUND TO BE IN AIRWORTHY CONDITIO",EC-a864ef6093800e31,LG-a864ef6093800e31,dev
102504,#2 CYL INTAKE LEAKING.,REMOVED & REPLACED #2 INTAKE GASKET.,EC-514eea05daaa3655,LG-4285908bb8f7434c,train
102505,#2 CYL ROCKER COVER GASKET LEAKING.,REMOVED & REPLACED #2 ROCKER COVER GASKET.,EC-a8ddc92dbdb74855,LG-608d782c2258dd59,train
102506,CYL #2 INTAKE GASKET LEAKING.,REMOVED & REPLACED INTAKE GASKET.,EC-804e232273da2515,LG-4285908bb8f7434c,train
102507,LEFT ENG #2 EGT INOP.,OPS CK GOOD.,EC-8cb81444e455b8b4,LG-8cb81444e455b8b4,train
102508,LEFT ENG #2 EGT INOP.,REMOVED & REPLACED #2 EGT PROBE.,EC-8cb81444e455b8b4,LG-8cb81444e455b8b4,train
102509,ROCKER COVERS 1 & 2 LEAKING ON L/H ENGINE.,REMOVED & REPLACED GASKETS.,EC-a5730a14ef0acfcc,LG-608d782c2258dd59,train
102510,"ROCKER COVERS 1, 2 & 3 LEAKING ON R/H ENGINE.",REMOVED & REPLACED GASKETS.,EC-1a83c3e570248e58,LG-608d782c2258dd59,train
102511,#4 ROCKER COVER LEAKING ON R/H ENGINE.,REMOVED & REPLACED #4 ROCKER GASKET.,EC-a0f94955d9ba2475,LG-608d782c2258dd59,train
102512,ADEL CLAMPS ON FUEL LINE TO FUEL CONTROL UNIT LOOSE.,REMOVED & REPLACED ADEL CLAMPS.,EC-b979cb4e80065c56,LG-b979cb4e80065c56,dev
102513,#1 & 3 ROCKER COVER GASKETS LEAKING.,REMOVED & REPLACED #1 & 3 ROCKER COVER GASKETS.,EC-dd23761ff6b2026b,LG-608d782c2258dd59,train
102514,#4 INTAKE GASKET LEAKING.,REPLACED GASKET.,EC-57acd94dcdde4ef3,LG-4285908bb8f7434c,train
102515,BROKEN MANIFOLD PSI LINE.,"REMOVED & REPLACED MANIFOLD PSI LINE, OPS CK GOOD.",EC-631c17296d041103,LG-631c17296d041103,dev
102516,INTAKE GASKET TO CYL #2 LEAKING.,REPLACED GASKET.,EC-3e6b47124c23b5e3,LG-4285908bb8f7434c,train
102517,CYL #4 ROCKER COVER GASKET LEAKING.,REPLACED GASKET.,EC-f020a54e126a5ae6,LG-608d782c2258dd59,train
102518,#4 CYL INTAKE GASKET IS LEAKING.,REMOVED & REPLACED CYL #4 INTAKE GASKET.,EC-8edc952c184ae07f,LG-4285908bb8f7434c,train
102519,#1 & 4 CYL ROCKER COVER GASKETS ARE LEAKING.,REMOVED & REPLACED ROCKER COVER GASKETS.,EC-9e6631630c5bdc5b,LG-608d782c2258dd59,train
102520,"LOOSE BAFFLE SCREW, ABOVE OIL FILLER TUBE.",TIGHTENED SCREW.,EC-b5c4a4b43f73bc33,LG-b5c4a4b43f73bc33,train
102521,#4 SPARK PLUG ACCESS HOLE ON BAFFLE REQUIRES PATCH.,INSTALLED PATCH.,EC-0dda4b5779121b18,LG-0dda4b5779121b18,train
102522,#4 INTAKE GASKET LEAKING.,REMOVED & REPLACED #4 CYL INTAKE GASKET.,EC-57acd94dcdde4ef3,LG-4285908bb8f7434c,train
102523,#3 & 4 ROCKER COVERS LEAKING.,REMOVED & REPLACED #3 & 4 CYL ROCKER COVER GASKETS.,EC-b083ca05c337f8b7,LG-608d782c2258dd59,train
102524,#1 & 2 ROCKER COVERS LEAKING.,REMOVED & REPLACED ROCKER COVER GASKETS.,EC-219cf808c14f3f36,LG-608d782c2258dd59,train
102525,#2 INTAKE IS LEAKING.,REMOVED & REPLACED GASKET.,EC-8ec828272e86c6c2,LG-10956cdabbd1e3ce,dev
102526,CYL #2 INTAKE LEAKING IN CONNECTION POINT TO OIL SUMP.,LEAK CK GOOD.,EC-7bfb953135bc2ac7,LG-7bfb953135bc2ac7,train
102527,CYL #2 INTAKE LEAKING IN CONNECTION POINT TO OIL SUMP.,SWAGED INTAKE TUBE ATTACHMENT TO OIL SUMP. REPLACED INT,EC-7bfb953135bc2ac7,LG-7bfb953135bc2ac7,train
102528,LOOSELY HANGING FRONT ENGINE RUBBER BAFFLE.,SECURED BAFFLE W/ RIVET INTO REQUIRED POSITION.,EC-d83b8ac6f04f15fc,LG-d83b8ac6f04f15fc,train
102529,CYL #2 & 3 ROCKER COVER GASKETS LEAKING.,LEAK CK GOOD.,EC-4b07888e785acd85,LG-608d782c2258dd59,train
102530,CYL #2 & 4 INTAKE GASKETS LEAKING.,REMOVED & REPLACED INTAKE GASKETS.,EC-bd8cabd4b1787e44,LG-4285908bb8f7434c,train
102531,CYL #2 & 3 ROCKER COVER GASKETS LEAKING.,REMOVED & REPLACED ROCKER COVER GASKETS.,EC-4b07888e785acd85,LG-608d782c2258dd59,train
102532,L/H #3 ROCKER COVER GASKET LEAKING.,REMOVED & REPLACED GASKET.,EC-7a3d4136f973cd2a,LG-608d782c2258dd59,train
102533,CYL #3 & 1 ROCKER COVER GASKETS LEAKING.,REMOVED & REPLACED ROCKER COVER GASKETS.,EC-c71e68e8da83b5a8,LG-608d782c2258dd59,train
102534,R/H ENG CYL #3 ROCKER COVER GASKET LEAKING.,REPLACED GASKET.,EC-0789ac5e5ea92c3e,LG-608d782c2258dd59,train
102535,R/H ENG OIL COOLER LEAKING.,TIGHTENED LOWER FITTING ON OIL COOLER.,EC-f74096539e5b62ad,LG-f74096539e5b62ad,train
102536,"#3 INTAKE GASKET LEAKING, L/H ENG.",REMOVED & REPLACED INTAKE GASKET.,EC-0222eb60e96e9748,LG-0222eb60e96e9748,dev
102537,"#2 INTAKE GASKET LEAKING, L/H ENG.",REMOVED & REPLACED INTAKE GASKET.,EC-fdd1ccdd0a4491c4,LG-0222eb60e96e9748,dev
102538,TOP LIFTING BRACKET CASE HALF BOLT LEAKING OIL.,SEALED LEAK BY RETORQUING NUT.,EC-e372d136bc57d999,LG-e372d136bc57d999,train
102539,R/H ENG BAFFLE CRACKED ON LEFT SIDE OF OIL COOLER.,SEPERATED FROM SIDE BAFFLE & FOUND CRACK TO BE PREVIOUS,EC-0eec8502fc5d397f,LG-0eec8502fc5d397f,train
102540,"ENGINE BAFFLE CHAFING ON #3 OIL RETURN LINE, L/H ENG.",ADJUSTED OIL RETURN LINE TO PREVENT ENGINE BAFFLE CHAFI,EC-b6f67153f7aed505,LG-b6f67153f7aed505,train
102541,START ASSIST.,STARTED A/C FOR PILOT.,EC-fbcf505a7a07e8a2,LG-fbcf505a7a07e8a2,train
102542,"#2 & 3 ROCKER COVERS LEAKING, L/H ENG.",REMOVED & REPLACED ROCKER COVER GASKETS.,EC-4c96a8859ce3c063,LG-4c96a8859ce3c063,train
102543,#3 & 4 INTAKES LEAKING ON R/H ENGINE.,REMOVED & REPLACED #3 & 4 INTAKE GASKETS.,EC-96bbea2f0f21f799,LG-4285908bb8f7434c,train
102544,ROCKER BOX COVER SCREWS LOOSE (ALL CYL).,TIGHTENED SCREWS.,EC-9911c897fa79d522,LG-9911c897fa79d522,test
102545,#3 & #2 CYL ROCKER DRAIN LINES HAVE NO TORQUE SEAL.,"CK'ED TORQUE OF B-NUT, TORQUE SEALED.",EC-867264dc01223392,LG-867264dc01223392,train
102546,#2 INTAKE GASKET LEAKING.,REMOVED & REPLACED #2 INTAKE GASKET.,EC-1fec9b07493816ca,LG-4285908bb8f7434c,train
102547,"BAFFLE SEAL LOOSE, #1 CYL FWD BAFFLE.",RESECURED BAFFLE SEAL TO FWD BAFFLE.,EC-9fecd093a043e4a2,LG-9fecd093a043e4a2,dev
102548,R/H #4 SIDE BAFFLE IS MISSING A BOLT.,INSTALLED BOLT & WASHERS.,EC-76babf3ae38e9dab,LG-351880cf4c4c55c5,dev
102549,L/H #3 ROCKER GASKET IS LEAKING.,REMOVED & REPLACED #3 ROCKER COVER GASKET.,EC-9e47256167c72d3f,LG-608d782c2258dd59,train
102550,"L/H ENGINE BAFFLE SNAP PLUG HOLE WORN, R/H SIDE ALSO.","INSTALLED NEW STRIKER PLATES. RIVETED IAW ,",EC-0392d761d5f45864,LG-0392d761d5f45864,train
102551,L/H OIL COOLER SUPPORT BAFFLE CRACKED.,LEAK CK GOOD ON PROP GOV LINE.,EC-69c956f0e2cd3e35,LG-69c956f0e2cd3e35,train
102552,ALL ROCKER COVERS (BOTH ENGS) HAVE LOOSE SCREWS.,TIGHTENED ALL SCREWS.,EC-733f5e82100cafdb,LG-733f5e82100cafdb,test
102553,L/H OIL COOLER SUPPORT BAFFLE CRACKED.,REPLACED W/ SERVICEABLE BAFFLE ASSY.,EC-69c956f0e2cd3e35,LG-69c956f0e2cd3e35,train
102554,#2 CYL INTAKE GASKET LEAKING.,REMOVED & REPLACED #2 CYL INTAKE GASKET.,EC-cc41856dc2df8c7c,LG-4285908bb8f7434c,train
102555,#2 CYL STANDBY ASSY BROKEN.,REMOVED & REPLACED #2 CYL ANCHOR STANDBY ASSY.,EC-b60e1b164eb2b8e9,LG-b60e1b164eb2b8e9,train
102556,#1 CYL ANCHOR STANDBY ASSY BROKEN.,REMOVED & REPLACED #1 CYL ANCHOR STANDBY ASSY.,EC-6d659b3752839ad2,LG-260aa9317de1f323,test
102557,"#4 CYL, L/H ENG, HAS LOW COMPRESSION.",LEAK CK GOOD. OPS CK GOOD.,EC-eee39494c3318421,LG-eee39494c3318421,train
102558,L/H SIDE OF L/H ENGINE BAFFLING CONNECTING ROD BROKEN.,REMOVED & REPLACED ROD.,EC-de0d7fab538e6d43,LG-de0d7fab538e6d43,train
102559,"#4 CYL, L/H ENG, HAS LOW COMPRESSION.","REMOVED #4 CYL, BAFFLES, OIL LINES & OIL COOLER. REMOVE",EC-eee39494c3318421,LG-eee39494c3318421,train
102560,"CYL #2 & 3, ON L/H ENGINE, ROCKER COVER GASKETS ARE LEAKING.",REMOVED & REPLACED ROCKER COVER GASKETS.,EC-cab8ca588ded5624,LG-608d782c2258dd59,train
102561,SCREW ON R/H AFT BAFFLE LOOSE.,RESECURED SCREW.,EC-2a1c624b34ce721e,LG-6bb5b0d3262bc63e,dev
102562,STARTER FRONT CAP LOOSE.,SECURED & TIGHTENED STARTER FRONT CAP.,EC-288046976ada47da,LG-288046976ada47da,train
102563,#3 & 2 ROCKER COVER GASKETS LEAKING.,REMOVED #3 & 2 ROCKER COVER GASKETS & REPLACED.,EC-fb46899e4014efa9,LG-608d782c2258dd59,train
102564,#2 & 4 INTAKES LEAKING.,REMOVED & REPLACED #2 & 4 INTAKE GASKETS.,EC-4b6fcdaabbc0244e,LG-26ffbcbee302311b,test
102565,L/H BAFFLE PLUG HOLE IS WORN.,"INSTALLED PATCH, RIVETED IAW  SRM.",EC-f68d474bf1f86444,LG-004ef35b179081f3,dev
102566,1 BAFFLE PLUG WORN.,REMOVED & REPLACED BAFFLE PLUG.,EC-4c8eb653531bace1,LG-724c9a4174167cf3,train
102567,INTAKE BOOT IS TORN.,REPLACED BOOT.,EC-cb10f70bfc360643,LG-cb10f70bfc360643,train
102568,"LEFT ENGINE #4 BAFFLE CRACKED, NEAR COOLER.",STOP DRILLED CRACK.,EC-86c5f3e4a54762bc,LG-86c5f3e4a54762bc,train
102569,LEFT ENGINE BAFFLE SCREW MISSING FWD OF #2 CYL.,INSTALLED NEW SCREW & WASHERS IN L/H ENGINE BAFFLE.,EC-aa01e03c560dc520,LG-aa01e03c560dc520,test
102570,"#2, 3 ROCKER COVER GASKETS LEAKING.","REPLACED #2, 3 ROCKER COVER GASKETS.",EC-96c73d0cc3c2f995,LG-608d782c2258dd59,train
102571,#2 CYL ROCKER COVER LEAKING.,REPLACED #2 CYL ROCKER COVER GASKET.,EC-f28c78f0fefe1eb6,LG-608d782c2258dd59,train
102572,"#2, 4 INTAKE GASKETS LEAKING.","REPLACED #2, 4 INTAKE GASKETS.",EC-0d9e263079f23aaa,LG-4285908bb8f7434c,train
102573,"#2, 3, 4 ROCKER COVER GASKETS LEAKING.",REPLACED ROCKER COVER GASKETS.,EC-e8b991cd7788d657,LG-608d782c2258dd59,train
102574,ENGINE BAFFLE TIE ROD BROKEN.,REMOVED & REPLACED ENGINE BAFFLE TIE ROD.,EC-3576073982c65b11,LG-a456c10593172117,dev
102575,L/H AFT ENGINE BAFFLE CRACKED.,STOP DRILLED CRACK.,EC-938ba20c975680ca,LG-e3b964f842fc4352,test
102576,#2 & 1 INTAKE LEAKING.,REPLACED #1 INTAKE GASKET.,EC-1ceb2b58e7f606c5,LG-10956cdabbd1e3ce,dev
102577,#2 & 1 INTAKE LEAKING.,REPLACED #2 INTAKE GASKET.,EC-1ceb2b58e7f606c5,LG-10956cdabbd1e3ce,dev
102578,#2 INDUCTION TUBE GASKET LEAKING.,REMOVED & REPLACED #2 INDUCTION TUBE GASKET.,EC-abec8430bec9f461,LG-abec8430bec9f461,test
102579,#1 & 3 CYL LWR BAFFLE PATCHE IS CRACKED.,STOP DRILLED CRACK.,EC-ff52c3f497e9634c,LG-ff52c3f497e9634c,train
102580,#2 CYL INTAKE LEAKING.,REMOVED & REPLACED INTAKE GASKET.,EC-514eea05daaa3655,LG-4285908bb8f7434c,train
102581,"INTAKE TUBE LEAKING, CYL #1 ATTACHMENT POINT TO OIL SUMP.",LEAK CK GOOD.,EC-67c5092423c9cffb,LG-67c5092423c9cffb,dev
102582,"INTAKE TUBE LEAKING, CYL #1 ATTACHMENT POINT TO OIL SUMP.",SWAGED INTAKE TUBE ATTACHMENT GROOVE. INSTALLED NEW INT,EC-67c5092423c9cffb,LG-67c5092423c9cffb,dev
102583,L/H BAFFLE HAS LOOSE SCREW.,ADJUSTED BAFFLE & TIGHTENED SCREWS.,EC-a09fa2736f065d1e,LG-a09fa2736f065d1e,test
102584,CYL #4 INTAKE GASKET LEAKING.,REMOVED & REPLACED GASKET.,EC-e5b89fc5cfd3901f,LG-4285908bb8f7434c,train
102585,R/H ENG #1 CYL BAFFLE CRACKED.,STOP DRILLED CRACK.,EC-ca1b3755eda47ec4,LG-e3b964f842fc4352,test
102586,R/H ENG #4 CYL UPPER BAFFLE SEAL LOOSE.,INSTALLED NEW RIVET IN BAFFLE SEAL.,EC-cbbe98cf8e5a2168,LG-0b3eca1fdc4edfdc,test
102587,"L/H ENG #2, 3 & 4 ROCKER BOX COVER GASKETS LEAKING.",TIGHTENED ALL ROCKER BOX COVERS.,EC-ea68d312d01f0258,LG-608d782c2258dd59,train
102588,#3 CYL SIDE BAFFLE HAS LOOSE HARDWARE.,REMOVED & REPLACED BAFFLE SCREW & WASHER.,EC-39be2293df4c92ce,LG-39be2293df4c92ce,test
102589,"ENGINE COOLING BAFFLE MISISNG SCREW, R/H SIDE.",REPLACED MISSING SCREW ON R/H SIDE OF ENGINE COOLING BA,EC-ca318734a48f3266,LG-ca318734a48f3266,train
102590,ENGINE R/H REAR BAFFLE SCREW LOOSE.,TIGHTENED SCREW.,EC-d67639bdd284d303,LG-898b9dc5dfa45f87,dev
102591,#3 & 4 CYL ROCKER COVER GASKETS LEAKING.,REMOVED & REPLACED #3 & 4 CYL ROCKER COVER GASKETS.,EC-e001b9f61f8a4c91,LG-608d782c2258dd59,train
102592,#1 CYL BAFFLE CRACK SPREADING BEYOND EXISTING STOP DRILL.,"STOP DRILLED CRACK, FABRICATED PATCH FROM LIKE MATERIAL",EC-0ac79e5258f4bd2a,LG-0ac79e5258f4bd2a,train
102593,CYL #3 ROCKER COVER GASKET LEAKING.,REMOVED & REPLACED #3 ROCKER COVER GASKET.,EC-9a32386e03c73ec9,LG-608d782c2258dd59,train
102594,#4 INDUCTION TUBE GASKET LEAKING.,REMOVED & REPLACED INDUCTION TUBE GASKET.,EC-412b35d40e0953c0,LG-abec8430bec9f461,test
102595,L/H ENGINE BAFFLE PLUG HOLE WORN.,INSTALLED BAFFLE DOUBLER IAW,EC-2225e2db3cb5e77c,LG-004ef35b179081f3,dev
102596,#1 & 4 INTAKES LEAKING.,REMOVED & REPLACED INTAKE GASKETS.,EC-bec29ba56bf692b8,LG-26ffbcbee302311b,test
102597,#2 ROCKER COVER LEAKING.,REMOVED & REPLACED #2 ROCKER COVER GASKET W/ NEW.,EC-c85bc86f75e7cd5b,LG-608d782c2258dd59,train
102598,#2 INTAKE GASKET IS LEAKING.,REPLACED GASKET. LEAK CK GOOD.,EC-53f353a420cf4fcc,LG-4285908bb8f7434c,train
102599,BOTH BAFFLE PLUGS WORN.,REMOVED & REPLACED PLUGS.,EC-8c42875f4907c236,LG-d1ae1963cf7de664,dev
102600,#1 CYL SIDE BAFFLE IS CRACKED.,"STOP DRILLED CRACK, FABRICATED PATCH OF LIKE MATERIAL,",EC-ad6f8daf0f0cd159,LG-13dec33e5f80d531,dev
102601,FUEL LINE SUPPORT BRACKET AT BAFFLE SUPPORT LOOSE.,TIGHTENED FUEL LINE SUPPORT BRACKET AT BAFFLE SUPPORT.,EC-b0ab749f58dd5b79,LG-b0ab749f58dd5b79,dev
102602,#2 & 4 INTAKE GASKETS LEAKING.,"REMOVED & REPLACED CYL #2, 4 INTAKE GASKETS.",EC-f4c90d93e910c1fa,LG-4285908bb8f7434c,train
102603,ENGINE OVERSPEED.,"DETERMINED TO BE PILOT INDUCED MOMENTARY OVERSPEED, NO",EC-c6e8e57e60b4bebd,LG-c6e8e57e60b4bebd,dev
102604,#4 INTAKE LEAKS.,REPLACED GASKET.,EC-3fb03b30627f5eca,LG-0e48eb423d7a05e3,test
102605,#1 ROCKER COVER GASKET LEAKING.,REPLACED ROCKER COVER GASKET.,EC-3466c922bf8446a2,LG-608d782c2258dd59,train
102606,#2 & 4 INTAKES LEAKING.,REMOVED & REPLACED INTAKE GASKETS.,EC-4b6fcdaabbc0244e,LG-26ffbcbee302311b,test
102607,#2 & 3 ROCKER COVER LEAKING.,REMOVED & REPLACED ROCKER COVER GASKETS.,EC-d11a82ec2a6df0da,LG-608d782c2258dd59,train
102608,#2 INTAKE LEAKING.,REPLACED GASKET.,EC-9e293c9950113443,LG-10956cdabbd1e3ce,dev
102609,#4 ROCKER COVER GASKET LEAKING.,REMOVED & REPLACED #4 ROCKER COVER GASKET.,EC-da6ceccf140509ee,LG-608d782c2258dd59,train
102610,"RIVET MISSING ON R/H BAFFLE HOLD DOWN ANGLE, BEHIND OIL COOL","REMOVED BAFFLE, REPLACED MISSING RIVET. INSTALLED BAFFL",EC-74a5a8a81f18ef5e,LG-74a5a8a81f18ef5e,train
102611,#2 & 4 ROCKER GASKETS ARE LEAKING.,REPLACED GASKETS.,EC-c0b03588cb909a7f,LG-608d782c2258dd59,train
102612,"CRACK IN ENGINE COWLING BAFFLE, #1 CYL.",STOP DRILLED CRACK.,EC-d4a815ee1ed5c69f,LG-d4a815ee1ed5c69f,train
102613,#1 & 2 ROCKER COVER GASKETS LEAKING.,REMOVED & REPLACED #1 & 2 ROCKER COVER GASKETS.,EC-33aed661780a9884,LG-608d782c2258dd59,train
102614,#2 & 3 ROCKER COVER GASKETS LEAKING.,REMOVED & REPLACED #2 & 3 ROCKER COVER GASKETS.,EC-2f07e0763eee3746,LG-608d782c2258dd59,train
102615,CYL #2 & 3 ROCKER COVER GASKETS LEAKING.,REMOVED & REPLACED ROCKER COVER GASKETS.,EC-4b07888e785acd85,LG-608d782c2258dd59,train
102616,#2 ROCKER GASKET LEAKING.,REMOVED & REPLACED CYL #2 ROCKER GASKET.,EC-1d7158e804136131,LG-608d782c2258dd59,train
102617,#4 & 3 INTAKES LEAKING.,REMOVED & REPLACED INTAKE GASKETS.,EC-afb96db08f2e4f4f,LG-26ffbcbee302311b,test
102618,#2 & 3 ROCKER COVERS LEAKING.,REMOVED & REPLACED ROCKER COVERS.,EC-0d8c3206b2edd8c0,LG-608d782c2258dd59,train
102619,DID NORMAL START & WHEN IT FIRED - ENGINE RAN ROUGH FOR SEVE,"COULD NOT DUPLICATE DISCREP. RAN UP A/C, PERFORMED MAG,",EC-1c2900876c6ec1f9,LG-1c2900876c6ec1f9,dev
102620,L/H ENG #2 CYL INTAKE GASKET IS LEAKING.,REPLACED GASKET.,EC-52904bccfe621dce,LG-4285908bb8f7434c,train
102621,#1 & 4 INTAKE GASKETS LEAKING ON R/H ENGINE.,REMOVED & REPLACED #1 & 4 INTAKE GASKETS ON R/H ENGINE.,EC-2f6d7100a1f2918d,LG-4285908bb8f7434c,train
102622,#2 ROCKER COVER GASKET LEAKING.,REMOVED & REPLACED #2 ROCKER COVER GASKET.,EC-8828e17d0b33db57,LG-608d782c2258dd59,train
102623,"ENGINE BAFFLE SUPPORT BRACKET HAS LOOSE SCREWS, #3 CYL.",TIGHTENED LOOSE SCREWS ON #3 CYL ENGINE BAFFLE.,EC-3411125cb9dcceac,LG-3411125cb9dcceac,train
102624,COWL SEAL BY #2 CYL NEEDS TO BE REATTCHED TO BAFFLING.,RESECURED COWL SEAL TO #2 CYL BAFFLING W/ NEW FASTENER.,EC-ac2dcac8973dc524,LG-ac2dcac8973dc524,test
102625,#2 INTAKE GASKET LEAKING.,REPLACED GASKET.,EC-1fec9b07493816ca,LG-4285908bb8f7434c,train
102626,#4 INTAKE GASKET LEAKS.,REMOVED & REPLACED GASKET.,EC-c6bddbe61e65b1cb,LG-0e48eb423d7a05e3,test
102627,#2 ROCKER COVER GASKET LEAKS.,REMOVED & REPLACED GASKET.,EC-c1c3c4c8c80ae978,LG-a95a51a28f245627,test
102628,#2 INTAKE LEAKING.,REMOVED & REPLACED GASKET.,EC-9e293c9950113443,LG-10956cdabbd1e3ce,dev
102629,#2 ROCKER COVER LEAKING.,REMOVED & REPLACED GASKET.,EC-c85bc86f75e7cd5b,LG-608d782c2258dd59,train
102630,HARDWARE MISSING FROM R/H AFT SIDE BAFFLE.,INSTALLED NEW HARDWARE.,EC-38a2d0f15aaa41e0,LG-c4711c42c3146697,train
102631,#3 ROCKER COVER GASKET LEAKING.,INSTALLED NEW GASKET.,EC-cd33c56b9090b89a,LG-608d782c2258dd59,train
102632,#2 INTAKE GASKET LEAKING.,REMOVED & REPLACED #2 INTAKE GASKET.,EC-1fec9b07493816ca,LG-4285908bb8f7434c,train
102633,#3 ROCKER COVER GASKET LEAKING.,REMOVED & REPLACED #3 CYL ROCKER COVER GASKET.,EC-cd33c56b9090b89a,LG-608d782c2258dd59,train
102634,#4 CYL TOP SPARK PLUG ACCESS HOLE ON ENGINE BAFFLE REQUIRES,INSTALLED  SPARK PLUG ACCESS HOLE PATCH TO #4 CYL,EC-af58e87a60583f1e,LG-af58e87a60583f1e,test
102635,3 EACH BAFFLE SCREWS MISSING.,INSTALLED SCREWS.,EC-c0d9bf8fc0d321b7,LG-c0d9bf8fc0d321b7,train
102636,#2 & 4 ROCKER COVER GASKETS LEAKING.,REMOVED & REPLACED #2 & 4 ROCKER COVER GASKETS.,EC-0d6ec8eb547d2ef3,LG-608d782c2258dd59,train
102637,#2 ROCKER COVER GASKET LEAKING.,REMOVED & REPLACED #2 ROCKER COVER GASKET.,EC-8828e17d0b33db57,LG-608d782c2258dd59,train
102638,START ASSIST.,"STARTED A/C FOR PILOT, USING NORMAL PROCEDURES.",EC-fbcf505a7a07e8a2,LG-fbcf505a7a07e8a2,train
102639,#2 INTAKE IS LEAKING.,REMOVED & REPLACED GASKET.,EC-8ec828272e86c6c2,LG-10956cdabbd1e3ce,dev
102640,#2 CYL ROCKER COVER GASKET IS LEAKING.,REMOVED & REPLACED GASKET.,EC-b71301b7d7724098,LG-608d782c2258dd59,train
102641,#4 ROCKER GASKET LEAKING.,REMOVED & REPLACED #4 CYL ROCKER COVER GASKET. LEAK CK,EC-995d291f7da262fb,LG-608d782c2258dd59,train
102642,"CRACK ON ENGINE COOLING BAFFLE, #1 CYL.",STOP DRILLED CRACK.,EC-fc3ff1a155aa355c,LG-fc3ff1a155aa355c,dev
102643,#2 INTAKE GASKET LEAKING.,REMOVED & REPLACED #2 INTAKE GASKET.,EC-1fec9b07493816ca,LG-4285908bb8f7434c,train
102644,#1 ROCKER COVER GASKET LEAKING.,REMOVED & REPLACED #1 ROCKER COVER GASKET.,EC-3466c922bf8446a2,LG-608d782c2258dd59,train
102645,"SCREW LOOSE ON BAFFLE, BEHIND OIL FILLER TUBE.",REMOVED & REPLACED BAFFLE SCREW.,EC-59a56c8a3f496f2a,LG-59a56c8a3f496f2a,train
102646,"BAFFLE SEAL, ON BOTTOM RIGHT SIDE, NEEDS TO BE SECURED.",SECURED BOTTOM RIGHT SIDE BAFFLE SEAL.,EC-c402b9e6ef016672,LG-c402b9e6ef016672,train
102647,L/H BAFFLE O/B SPRING IS BROKEN.,REMOVED & REPLACED SPRING W/ NEW.,EC-d6d7cf6209465279,LG-f714f46f4da8f6fa,train
102648,L/H BAFFLE I/B SPRING HAS PULLED THROUGH.,DRILLED NEW HOLE INTO BAFFLING & REINSTALLED SPRING.,EC-ff6320128a4bb4bd,LG-ff6320128a4bb4bd,train
102649,#2 & 4 ROCKER COVERS ARE LEAKING.,REMOVED & REPLACED GASKETS.,EC-e2fcde699ff41262,LG-608d782c2258dd59,train
102650,#2 INTAKE LEAKING.,REPLACED INTAKE GASKET.,EC-9e293c9950113443,LG-10956cdabbd1e3ce,dev
102651,L/H BAFFLE PLUG WORN.,REPLACED BAFFLE PLUG.,EC-724c9a4174167cf3,LG-724c9a4174167cf3,train
102652,"#2, 3 & 4 ROCKER COVERS LEAKING.",REPLACED ROCKER COVER GASKETS.,EC-33b7fd66e1bc9d80,LG-608d782c2258dd59,train
102653,#2 & 3 ROCKER COVERS INSTALLED W/ BAFFLE TUBE UNDER COVERS.,REMOVED ROCKER COVERS. ALIGNED BRACKETS CORRECTLY. REIN,EC-51c9ca0c680df028,LG-51c9ca0c680df028,train
102654,FRONT & L/H ENGINE BAFFLE CRACKED.,STOP DRILLED CRACK.,EC-b26b7fabc7e30c45,LG-f8e3931135eed2d1,train
102655,#4 INTAKE GASKET LEAKING.,REPLACED #4 INTAKE GASKET.,EC-57acd94dcdde4ef3,LG-4285908bb8f7434c,train
102656,"#1, 2, 4 ROCKER COVER GASKETS LEAKING.","REPLACED #1, 2, 4 ROCKER COVER GASKETS.",EC-8e8513645c0be7f8,LG-608d782c2258dd59,train
102657,MANIFOLD PSI GAUGE READS ATMOSPHERIC PRESSURE.,INSPECTED & FOUND MANIFOLD PSI LINE BROKEN AT FERRULE.,EC-a1674e64244c4246,LG-a1674e64244c4246,train
102658,"INTAKE GASKETS #2, 3 4 CYLS ARE LEAKING ON R/H ENG.",REMOVED & REPLACED INTAKE GASKETS.,EC-bee1376d69a06a5f,LG-bee1376d69a06a5f,train
102659,L/H ENG BROKEN BAFFLE ROD RUNNING ALONG CYL #2 & 4.,REMOVED & REPLACED L/H ENG BAFFLE TIE ROD.,EC-b15784d4fdd2a11c,LG-b15784d4fdd2a11c,dev
102660,CYL #2 & 3 LEFT ENGINE LEAKING INTAKE GASKETS.,REMOVED & REPLACED INTAKE GASKETS ON #2 & 3 CYL OF L/H,EC-deab51b30e7a5390,LG-deab51b30e7a5390,train
102661,"ROCKER COVER GASKETS, CYL #2 & 4 R/H ENG, LEAKING.",REMOVED & REPLACED VALVE COVER GASKETS ON R/H ENG.,EC-22e342fbb490ca7c,LG-22e342fbb490ca7c,train
102662,"LEFT ENGINE ROCKER COVER GASKETS CYL #2, 3 & 4 LEAKING.","REMOVED & REPLACED VALVE COVER GASKETS ON CYL #2, 3 & 4",EC-fd41b032924339b9,LG-608d782c2258dd59,train
102663,#3 & 4 ROCKER COVER GASKETS LEAKING.,REMOVED & REPLACED #3 & 4 CYL ROCKER COVER GASKETS.,EC-c3bbd811114c6320,LG-608d782c2258dd59,train
102664,"CYL #2 INTAKE GASKET LEAKING, L/H ENG.",REMOVED & REPLACED INTAKE GASKET.,EC-a8e0c20268207bb0,LG-0222eb60e96e9748,dev
102665,#3 INTAKE LEAKING ON R/H ENGINE.,REMOVED & REPLACED #3 INTAKE GASKET ON R/H ENGINE.,EC-e8bee9035a1deeb3,LG-4285908bb8f7434c,train
102666,"L/H ENG, #3 CYL ROCKER COVER GASKET LEAKING.",REMOVED & REPLACED ROCKER COVER GASKET.,EC-4d32c7b6e38cde78,LG-608d782c2258dd59,train
102667,#4 INTAKE LEAKING.,REMOVED & REPLACED INTAKE GASKET.,EC-66d79f80174da74e,LG-10956cdabbd1e3ce,dev
102668,#3 & 4 ROCKER COVERS LEAKING.,REMOVED & REPLACED ROCKER COVER GASKETS.,EC-b083ca05c337f8b7,LG-608d782c2258dd59,train
102669,#4 INTAKE GASKET LEAKS.,REPLACED #4 INTAKE GASKET W/ NEW.,EC-c6bddbe61e65b1cb,LG-0e48eb423d7a05e3,test
102670,R/H ENG #2 INTAKE LEAKING.,"REMOVED & REPLACED #2 INTAKE GASKET, R/H ENG.",EC-3108b4ab1ecfa59e,LG-4285908bb8f7434c,train
102671,"#4 INTAKE GASKET LEAKING, R/H ENG.",REMOVED & REPLACED #4 INTAKE GASKET ON R/H ENG.,EC-ff11142927c211df,LG-0222eb60e96e9748,dev
102672,"#2, 3 & 4 ROCKER COVER GASKETS LEAKING, R/H ENG.","REMOVED & REPLACED CYL #2, 3, 4 ROCKER COVER GASKETS.",EC-a2db0277093ec562,LG-a2db0277093ec562,train
102673,L/H ENG CYL #3 & 4 ROCKER COVER GASKETS LEAKING.,"REMOVED & REPLACED L/H CYL #3, 4 ROCKER COVER GASKETS.",EC-8b7931e380f57508,LG-608d782c2258dd59,train
102674,#4 ROCKER COVER GASKET LEAKING.,REMOVED & REPLACED GASKET.,EC-da6ceccf140509ee,LG-608d782c2258dd59,train
102675,CYL #2 INTAKE GASKET LEAKING.,REMOVED & REPLACED INTAKE GASKET.,EC-804e232273da2515,LG-4285908bb8f7434c,train
102676,#3 CYL BAFFLE PLUG IS MISSING.,INSTALLED NEW BAFFLE PLUG.,EC-afa7624282c1e7b3,LG-9410f0626a11b72a,train
102677,2 RIVETS MISSING FROM ENGINE DATA PLATE.,INSTALLED 2 NEW RIVETS ON DATA PLATE.,EC-b408b9b425a0c241,LG-9374d5c353103d72,test
102678,BAFFLE SCREW BEHIND OIL FILLER TUBE LOOSE.,REMOVED & REPLACED BAFFLE SCREW.,EC-40da83a958f2d9a3,LG-07aab62a788fd35b,test
102679,#2 & 3 ROCKER COVER GASKETS LEAKING.,"REMOVED & REPLACED #2, 3 ROCKER COVER GASKETS.",EC-2f07e0763eee3746,LG-608d782c2258dd59,train
102680,START ASSIST.,STARTED A/C USING NORMAL PROCEDURES.,EC-fbcf505a7a07e8a2,LG-fbcf505a7a07e8a2,train
102681,PILOT REQUESTS START ASSIST.,ASSISTED START.,EC-ebdacd0ec827f92b,LG-ebdacd0ec827f92b,train
102682,PILOT REQUESTS START ASSIST.,ASSISTED START.,EC-ebdacd0ec827f92b,LG-ebdacd0ec827f92b,train
102683,START ASSIST.,ASSISTED PILOT STARTING A/C.,EC-fbcf505a7a07e8a2,LG-fbcf505a7a07e8a2,train
102684,#3 INTAKE LEAKING ON L/H ENGINE.,REMOVED & REPLACED #3 INTAKE GASKET ON L/H ENG.,EC-d5214a798d419c0a,LG-4285908bb8f7434c,train
102685,"#2, 3 & 4 ROCKERS LEAKING ON L/H ENGINE.","REMOVED & REPLACED #2, 3, 4 ROCKER COVER GASKETS ON L/H",EC-1cc8b2818726499b,LG-1cc8b2818726499b,train
102686,"#2, 3, 4 ROCKER COVERS LEAKING ON R/H ENGINE.","REMOVED & REPLACED #2, 3, 4 ROCKER COVER GASKETS ON R/H",EC-480e21370dba0f3e,LG-608d782c2258dd59,train
102687,"L/H ENG, R/H REAR BAFFLE IS CRACKED.",STOP DRILLED CRACK.,EC-f0f5705a6586c181,LG-ba980fdf0c11c4fb,test
102688,"L/H ENG, L/H REAR BAFFLE IS CRACKED.",REMOVED & REPLACED CRACKED ANGLE BRACKET.,EC-3899b6a50936edc6,LG-ba980fdf0c11c4fb,test
102689,ALL 4 INTAKES LEAKING ON R/H ENGINE.,REMOVED & REPLACED INTAKE GASKETS ON ALL CYLS.,EC-20b885d243c3e1d4,LG-20b885d243c3e1d4,train
102690,ALL INTAKES ON L/H ENGINE ARE LEAKING.,REMOVED & REPLACED ALL INTAKE GASKETS ON ALL CYLS.,EC-0fb9cb0786f80322,LG-67e66d3c76b33a15,train
102691,L/H ENG CARB AIR BOX HAS SHEARED RIVET ON TOP FWD SIDE.,REMOVED & REPLACED DAMAGED RIVET.,EC-9e15d0e12de107c0,LG-9e15d0e12de107c0,test
102692,ALL 4 ROCKER COVERS LEAKING ON R/H ENGINE.,REMOVED & REPLACED ROCKER COVER GASKETS ON ALL CYLS.,EC-e916d0cf5fd8c69d,LG-e916d0cf5fd8c69d,train
102693,ALL ROCKER COVERS ON L/H ENGINE ARE LEAKING.,REMOVED & REPLACED ROCKER COVER GASKETS ON ALL CYLS.,EC-4fc4d4378452e891,LG-e424bbcf6cf85404,train
102694,L/H ENG CARB AIR BOX APPEARS TO HAVE BEEN ON FIRE.,"UPON FURTHER INSP, FOUND FIRE DAMAGE TO CARB AIR VALVE",EC-df8c3a70d1c17a99,LG-df8c3a70d1c17a99,train
102695,#4 ROCKER COVER GASKET LEAKING.,REMOVED & REPLACED ROCKER COVER GASKET.,EC-da6ceccf140509ee,LG-608d782c2258dd59,train
102696,AIR INTAKE TUBING TORN.,REMOVED & REPLACED AIR INTAKE TUBE.,EC-dbe6c9be88f98b33,LG-dbe6c9be88f98b33,dev
102697,BAFFLING SUPPORT BRACKET BROKEN ON CYL #2.,FABRICATED NEW BAFFLE SUPPORT BRACKET ON #2 CYL.,EC-189858762d017f43,LG-189858762d017f43,train
102698,FRONT R/H ENGINE BAFFLING RIVETS SHEARED.,REMOVED & REPLACED RIVETS ON FRONT R/H ENGINE BAFFLING.,EC-480e58da058f0e7b,LG-480e58da058f0e7b,train
102699,R/H SIDE ENG BAFFLING CONECTION WIRE BROKEN.,INSTALLED NEW CONNECTION WIRE TO R/H ENG BAFFLING ON BO,EC-babd5c5ccfaf140d,LG-babd5c5ccfaf140d,train
102700,"CRACK IN BAFFLING, TOP R/H SIDE OF ENG, NEXT TO ENG MOUNT BO","STOP DRILLED CRACK IN R/H SIDE ENGINE BAFFLING, NEXT TO",EC-91d3545f81e7b197,LG-91d3545f81e7b197,train
102701,"CRACK IN FRONT OF L/H SIDE OF ENG BAFFLING, IN FRONT OF #2 C",STOP DRILLED CRACK ON L/H SIDE ENG BAFFLING IN FRONT OF,EC-e1fca12c9ead1c5d,LG-e1fca12c9ead1c5d,test
102702,#2 ROCKER COVER GASKET LEAKING.,REMOVED & REPLACED #2 ROCKER COVER GASKET.,EC-8828e17d0b33db57,LG-608d782c2258dd59,train
102703,START ASSIST.,STARTED A/C USING NORMAL PROCEDURES.,EC-fbcf505a7a07e8a2,LG-fbcf505a7a07e8a2,train
102704,CYL #4 INTAKE GASKET LEAKING.,REMOVED & REPLACED INTAKE GASKET.,EC-e5b89fc5cfd3901f,LG-4285908bb8f7434c,train
102705,"ROCKER COVER GASKETS CYL #1, 3 & 4 LEAKING.",REMOVED & REPLACED ROCKER COVER GASKETS.,EC-200b32d027baa22b,LG-608d782c2258dd59,train
102706,BAFFLING SUPPORT BRACKET ON CYL #2 CRACKED.,REMOVED & REPLACED SUPPORT BRACKET.,EC-47d0f5d5c74119c6,LG-47d0f5d5c74119c6,train
102707,"OVERSPEED ENGINE @ 2840 RPM, OVER REVED ENGINE FOR 1 SECOND.","DOWNLOADED DATA FROM FDM CARD, HIGHEST RPM FOUND WAS 28",EC-e297f048de659d42,LG-e297f048de659d42,train
102708,R/H #2 & 3 ROCKER GASKET LEAKING.,REMOVED & REPLACED GASKETS.,EC-8392bf91c00b1179,LG-608d782c2258dd59,train
102709,L/H #2 & 3 ROCKER GASKETS ARE LEAKING.,REMOVED & REPLACED GASKETS.,EC-5644c6191053065c,LG-608d782c2258dd59,train
102710,R/H #3 INTAKE GASKET LEAKING.,REMOVED & REPLACED R/H #3 INTAKE GASKET.,EC-0c475acd76e39ced,LG-4285908bb8f7434c,train
102711,L/H INTAKE GASKET #2 LEAKING.,REMOVED & REPLACED L/H #2 INTAKE GASKET.,EC-61e59df4cd08e575,LG-4285908bb8f7434c,train
102712,"CYL #1, 3, 4 ROCKER COVER GASKETS LEAKING.",REMOVED & REPLACED ROCKER COVER GASKETS.,EC-ee3d81eb0a3b5cf2,LG-608d782c2258dd59,train
102713,A/C FAILS MIXTURE OVERRIDE CK.,"RAN A/C, MIXTURE & IDLE CHECKS GOOD.",EC-7bea06025298cd14,LG-7bea06025298cd14,test
102714,#4 ROCKER COVER GASKET LEAKING.,REMOVED & REPLACED #4 ROCKER COVER GASKET.,EC-da6ceccf140509ee,LG-608d782c2258dd59,train
102715,SNIFFLER VALVES DIRTY.,CLEANED VALVES.,EC-1243a6854d2a786a,LG-5027701bd7fa9f57,train
102716,R/H ENG #2 INTAKE IS LEAKING.,REPLACED GASKET.,EC-6dd3fc4da5b47f57,LG-4285908bb8f7434c,train
102717,CYL #3 INTAKE GASKET LEAKING.,REMOVED & REPLACED GASKET.,EC-90da9829b3de9305,LG-4285908bb8f7434c,train
102718,CYL #4 ROCKER COVER GASKET LEAKING.,REMOVED & REPLACED #4 CYL ROCKER COVER GASKET.,EC-f020a54e126a5ae6,LG-608d782c2258dd59,train
102719,#3 INTAKE LEAKING.,REMOVED & REPLACED INTAKE GASKET.,EC-6f9c95f514a1077a,LG-10956cdabbd1e3ce,dev
102720,#3 ROCKER COVER LEAKING.,REMOVED & REPLACED ROCKER COVER GASKET.,EC-4774d48aa3f463c3,LG-608d782c2258dd59,train
102721,R/H ENGINE OIL LEAK AT FILTER HOUSING AFTER RUN UP.,"REPLACED COVER O-RING, RAN, LEAK CK'ED OK.",EC-f24473b9f3e21fde,LG-f24473b9f3e21fde,test
102722,"R/H ENG, R/H EXCITER LEAD CHAFED ON OIL PRESSURE TUBE.","CLEANED SMALL SCRATCH IN PRESSURE TUBE, REPOSITIONED CL",EC-ea7b3140da532413,LG-ea7b3140da532413,test
102723,INTER CYLINDER BAFFLE CRACKED BETWEEN #1 & 3 CYLS.,REMOVED & REPLACED BAFFLE.,EC-c87a4c96b180e99f,LG-c87a4c96b180e99f,train
102724,#2 & 4 INTAKES LEAKING.,REMOVED & REPLACED GASKETS.,EC-4b6fcdaabbc0244e,LG-26ffbcbee302311b,test
102725,#2 & 3 ROCKER COVERS LEAKING.,REMOVED & REPLACED GASKETS.,EC-0d8c3206b2edd8c0,LG-608d782c2258dd59,train
102726,#2 INTAKE LEAKING.,REMOVED & REPLACED INTAKE GASKET.,EC-9e293c9950113443,LG-10956cdabbd1e3ce,dev
102727,#1 ROCKER COVER LEAKING.,REMOVED & REPLACED ROCKER COVER GASKET.,EC-d7f19738c9144c80,LG-608d782c2258dd59,train
102728,#4 INTAKE GASKET IS LEAKING.,REPLACED INTAKE GASKET.,EC-0489f0dc14177ee4,LG-4285908bb8f7434c,train
102729,"#3 INTAKE GASKET LEAKING, INTAKE TUBE LEAKING AT SUMP.",REPLACED GASKET & RESWEDGED INTAKE TUBE.,EC-91cdcf499bc15bab,LG-ff56f1d17f324185,dev
102730,#4 CYL HAS LOW COMPRESSION.,"RAN A/C, COMPRESSION CK STILL LOW.",EC-0f2628983e791b5b,LG-c3aa26ca83c3ba37,test
102731,#4 CYL HAS LOW COMPRESSION.,REMOVED ROCKER COVER & TRIED STACKING EXHAUST VALVE. PR,EC-0f2628983e791b5b,LG-c3aa26ca83c3ba37,test
102732,#4 CYL HAS LOW COMPRESSION.,BEGAN DISASSEMBLY OF #4 CYL. REMOVED INTAKE & EXHAUST T,EC-0f2628983e791b5b,LG-c3aa26ca83c3ba37,test
102733,#4 CYL HAS LOW COMPRESSION.,COMPLETED REMOVAL OF CYL. REMOVED & REPLACED EXHAUST VA,EC-0f2628983e791b5b,LG-c3aa26ca83c3ba37,test
102734,#4 CYL HAS LOW COMPRESSION.,"REINSTALLED LIFTERS, ROCKERS, ROCKER SHAFT & PUSH ROD T",EC-0f2628983e791b5b,LG-c3aa26ca83c3ba37,test
102735,#4 CYL HAS LOW COMPRESSION.,"INSTALLED #4 AFT BAFFLE, NEW INTERCONNECTING RODS, INST",EC-0f2628983e791b5b,LG-c3aa26ca83c3ba37,test
102736,TORN GROMMET TOP ENGINE BAFFLE AFT MIDDLE (SMALL GROMMET).,REMOVED & REPLACED SMALL GROMMET.,EC-cf90b3928df7da84,LG-cf90b3928df7da84,train
102737,CYL #4 INTAKE GASKET IS LEAKING.,REMOVED & REPLACED GASKET W/ NEW.,EC-92a0dbb804603f0d,LG-4285908bb8f7434c,train
102738,#2 & 4 INTAKE GASKETS LEAKING.,"REPLACED GASKETS, LEAK CK GOOD.",EC-f4c90d93e910c1fa,LG-4285908bb8f7434c,train
102739,#2 ROCKER COVER GASKET LEAKING.,REPLACED #2 ROCKER COVER GASKET. LEAK CK GOOD.,EC-8828e17d0b33db57,LG-608d782c2258dd59,train
102740,L/H SIDE BAFFLE HOLE WORN TOO LARGE FOR BAFFLE PLUG.,INSTALLED PATCH ON #4 SIDE BAFFLE.,EC-e147e4edd1a0380b,LG-e147e4edd1a0380b,train
102741,CYL #2 INTAKE GASKET LEAKING.,REMOVED & REPLACED INTAKE GASKET.,EC-804e232273da2515,LG-4285908bb8f7434c,train
102742,ROCKER COVER GASKET CYL #1 LEAKING.,REMOVED & REPLACED ROCKER COVER GASKETS.,EC-20ab008b0a35d888,LG-608d782c2258dd59,train
102743,BAFFLE SUPPORT ROD CYL #2 & 4 BROKEN.,REMOVED & REPLACED BAFFLE SUPPORT FASTENER.,EC-8a1772e2d2276c6a,LG-e48dd6a0d366dd9a,train
102744,"#1, 2 & 4 ROCKER COVERS ARE LEAKING.",REMOVED & REPLACED ROCKER COVER GASKETS.,EC-afed9e3889fdf253,LG-608d782c2258dd59,train
102745,BAFFLE IS CRACKED ABOVE #1 CYL.,STOP DRILLED CRACK & INSTALLED PATCH AROUND CRACKED ARE,EC-fbae36f27e47e735,LG-ab88affdca25a745,train
102746,#2 ROCKER COVER IS LEAKING.,REMOVED & REPLACED ROCKER COVER GASKET.,EC-9f1eed7e562e8bbc,LG-608d782c2258dd59,train
102747,#1 INTAKE LEAKING.,REMOVED & REPLACED #1 CYL INTAKE GASKET.,EC-3bfb71c5d2c84d08,LG-10956cdabbd1e3ce,dev
102748,#3 ROCKER COVER LEAKING.,REMOVED & REPLACED #3 ROCKER COVER GASKET.,EC-4774d48aa3f463c3,LG-608d782c2258dd59,train
102749,"#1, 2, 3 ROCKER COVERS ARE LEAKING.",REMOVED & REPLACED ROCKER COVER GASKETS.,EC-b923cee5529baecf,LG-608d782c2258dd59,train
102750,#2 ROCKER GASKET LEAKING.,REPLACED GASKET.,EC-1d7158e804136131,LG-608d782c2258dd59,train
102751,CYL #4 INTAKE GASKET LEAKING.,REMOVED & REPLACED CYL #4 INTAKE GASKET.,EC-e5b89fc5cfd3901f,LG-4285908bb8f7434c,train
102752,"CYL #1, 3 ROCKER COVER GASKETS LEAKING.",REMOVED & REPLACED ROCKER COVER GASKETS.,EC-147785a5fa0de27e,LG-608d782c2258dd59,train
102753,#1 & 2 ROCKER COVER GASKETS LEAKING.,REMOVED & REPLACED ROCKER COVER GASKETS.,EC-33aed661780a9884,LG-608d782c2258dd59,train
102754,#2 INTAKE LEAKING.,REMOVED & REPLACED INTAKE GASKETS.,EC-9e293c9950113443,LG-10956cdabbd1e3ce,dev
102755,#4 INTAKE GASKET LEAKS.,REMOVED & REPLACED #4 CYL INTAKE GASKET.,EC-c6bddbe61e65b1cb,LG-0e48eb423d7a05e3,test
102756,#3 ROCKER COVER GASKET LEAKS.,REMOVED & REPLACED #3 CYL ROCKER COVER GASKET.,EC-8e7837d38892cf41,LG-a95a51a28f245627,test
102757,"#2, 3 & 4 INTAKE GASKETS ARE LEAKING.",REPLACED GASKETS.,EC-a01af58202ba9e1d,LG-4285908bb8f7434c,train
102758,BAFFLE PLUGS HAVE MANY MISSING FINGERS.,INSTALLED 2 NEW BAFFLE PLUGS.,EC-fc6fe7e15519c3d6,LG-9e4a680d30e91f51,test
102759,"ENGINE OVERSPEED, 3275 RPM.","INSPECTED PER LYCOMING , LESS THAN 5%. NO DEFECT",EC-8f00e4dbdd4853d2,LG-8f00e4dbdd4853d2,train
102760,LEFT & RIGHT BAFFLE PLUGS ARE WORN.,REMOVED & REPLACED BAFFLE PLUG.,EC-b5ce738205e11a5c,LG-d1ae1963cf7de664,dev
102761,#3 ROCKER COVER GASKET IS LEAKING.,REMOVED & REPLACED ROCKER COVER GASKET.,EC-668b0cc7cc9d412d,LG-608d782c2258dd59,train
102762,R/H & L/H FRONT BAFFLE SEAL NEEDS TO BE SECURED.,SECURED R/H & L/H FRONT BAFFLE SEAL.,EC-20e6c242f8c63219,LG-20e6c242f8c63219,train
102763,"#1, 3 & 4 VALVE COVER GASKETS LEAKING.","REMOVED & REPLACED #1, 3 & 4 VALVE COVER GASKETS.",EC-8bdb20dde3ae10f2,LG-8bdb20dde3ae10f2,test
102764,"ROCKER COVER GASKETS, CYL #2 & 3, LEAKING.",REMOVED & REPLACED #2 & 3 ROCKER COVER GASKETS.,EC-a05e6fe55ce2747b,LG-f33e2e875bf4b51a,train
102765,START ASSIST.,STARTED A/C USING NORMAL PROCEDURES.,EC-fbcf505a7a07e8a2,LG-fbcf505a7a07e8a2,train
102766,"#3, 2, 4 ROCKER COVER GASKETS ARE LEAKING.","REMOVED & REPLACED #2, 3, 4 CYL ROCKER COVER GASKETS.",EC-a4d9d44880ce242d,LG-608d782c2258dd59,train
102767,CYL #1 INTAKE LEAKING. INTAKE TUBE ALSO LEAKING AT ATTACHMEN,LEAK CK GOOD.,EC-54e913be84978a09,LG-54e913be84978a09,train
102768,"CYL #2, 3 ROCKER COVER GASKETS LEAKING.","REMOVED & REPLACED CYL #2, 3 ROCKER COVER GASKETS.",EC-60c93c9fbd238e2a,LG-608d782c2258dd59,train
102769,CYL #1 INTAKE LEAKING. INTAKE TUBE ALSO LEAKING AT ATTACHMEN,REMOVED & REPLACED CYL #1 INTAKE GASKET. SWEDGED CYL #1,EC-54e913be84978a09,LG-54e913be84978a09,train
102770,#3 & 2 ROCKER COVERS LEAKING.,TIGHTENED SCREWS.,EC-fedde9a8070a0235,LG-608d782c2258dd59,train
102771,#3 INTAKE LEAKING.,REMOVED & REPLACED #3 CYL INTAKE GASKET.,EC-6f9c95f514a1077a,LG-10956cdabbd1e3ce,dev
102772,R/H FRONT TOP ENGINE BAFFLE RUBBER SEAL NOT ATTACHED.,REATTACHED R/H TOP ENGINE RUBBER BAFFLE SEAL.,EC-045cf7efbb85f97c,LG-045cf7efbb85f97c,train
102773,#3 ROCKER COVER GASKET LEAKING.,REMOVED & REPLACED GASKET.,EC-cd33c56b9090b89a,LG-608d782c2258dd59,train
102774,R/H BAFFLE PLUG NEEDS PATCH.,APPLIED HIGH TEMP SILICONE IN PLACE OF BAFFLE PATCH.,EC-08a8b5b71ff44436,LG-08a8b5b71ff44436,train
102775,"#2, 3, 4 ROCKER COVER SCREWS LOOSE ON R/H ENG.","TIGHTENED ALL SCREWS ON #2, 3, 4 ROCKER COVERS.",EC-25c464b19e76ef18,LG-25c464b19e76ef18,train
102776,"HARDWARE MISSING ON #4 ROCKER COVER, L/H ENG.",REPLACED MISSING SCREW ON L/H ENG #4 ROCKER COVER.,EC-9aaa5c5cfa8c1631,LG-9aaa5c5cfa8c1631,train
102777,SCREW MISSING ON R/H ENG #3 CYL ROCKER COVER.,"REPLACED MISSING SCREW ON #3 CYL ROCKER COVER, R/H ENG.",EC-c0227f33dbb05b09,LG-ee48bcbd70b76233,dev
102778,PARTICLE SEPERATOR HAS GRASS IN IT.,REMOVED GRASS FROM PARTICLE SEPERATOR.,EC-5d5869156f260f58,LG-5d5869156f260f58,train
102779,#2 ROCKER GASKET IS LEAKING.,REMOVED & REPLACED ROCKER COVER GASKET.,EC-fdd727a8ec6ad27c,LG-608d782c2258dd59,train
102780,#4 INTAKE LEAKING ON R/H ENGINE.,REMOVED & REPLACED #4 CYL INTAKE GASKET.,EC-194a299c3a02bcab,LG-4285908bb8f7434c,train
102781,#3 & 4 ROCKER COVERS LEAKING ON R/H ENG.,REMOVED & REPLACED ROCKER COVER GASKETS.,EC-b9d8dadda40906ad,LG-608d782c2258dd59,train
102782,IDLE SPEED & MIXTURE NEED TO BE ADJUSTED.,ADJUSTED IDLE SPEED & MIXTURE TO W/IN NORMAL RANGE. OPS,EC-c6a998576d8abac8,LG-c6a998576d8abac8,train
102783,CYL #2 INTAKE GASKET LEAKING.,REMOVED & REPLACED #2 CYL INTAKE GASKET.,EC-804e232273da2515,LG-4285908bb8f7434c,train
102784,"CYL #2, 3 ROCKER COVER GASKETS LEAKING.",REMOVED & REPLACED ROCKER COVERS.,EC-60c93c9fbd238e2a,LG-608d782c2258dd59,train
102785,"#1, 2, 3 INTAKES LEAKING.",REMOVED & REPLACED INTAKE GASKETS.,EC-55600727ed16512e,LG-26ffbcbee302311b,test
102786,#3 CYL INTAKE LEAKING.,REMOVED & REPLACED INTAKE GASKET.,EC-426d171e74bc3298,LG-4285908bb8f7434c,train
102787,CYL #2 ROCKER COVER GASKET LEAKING.,REMOVED & REPLACED #2 CYL ROCKER COVER GASKET.,EC-dd75f7cbb6fe4441,LG-608d782c2258dd59,train
102788,IDLE PRM LOW.,OPS CK GOOD.,EC-83c95111edec3dd2,LG-83c95111edec3dd2,dev
102789,IDLE PRM LOW.,ADJUSTED RPM.,EC-83c95111edec3dd2,LG-83c95111edec3dd2,dev
102790,R/H BAFFLE SPRING BROKEN.,REMOVED & REPLACED SPRING.,EC-97227a4b0fdb2f5e,LG-f714f46f4da8f6fa,train
102791,CYL #4 ROCKER COVER GASKET LEAKING.,REMOVED & REPLACED #4 CYL ROCKER COVER GASKET.,EC-f020a54e126a5ae6,LG-608d782c2258dd59,train
102792,"RIVETS SHEARED ON AFT BAFFLING, BEHIND CYL #3.",REMOVED BAFFLE FROM A/C. REMOVED & REPLACED RIVETS W/ S,EC-811050bd6d42700e,LG-811050bd6d42700e,dev
102793,CYL #2 & 3 ROCKER COVER GASKET LEAKING.,REMOVED & REPLACED #2 & 3 CYL ROCKER COVER GASKETS.,EC-b07d7512ab80b5b1,LG-608d782c2258dd59,train
102794,#2 & 3 INTAKE GASKETS LEAKING.,REMOVED & REPLACED #2 INTAKE GASKET.,EC-88f45c6cdd6109b9,LG-4285908bb8f7434c,train
102795,#2 & 3 INTAKE GASKETS LEAKING.,REMOVED & REPLACED CYL #3 INTAKE GASKET.,EC-88f45c6cdd6109b9,LG-4285908bb8f7434c,train
102796,#2 ROCKER COVER GASKET LEAKING.,REMOVED & REPLACED CYL #2 ROCKER COVER GASKET.,EC-8828e17d0b33db57,LG-608d782c2258dd59,train
102797,#2 INTAKE BOLT HOLE STRIPPED.,REPAIRED BOLT HOLE W/ HELI-COIL KIT. REINSTALLED INTAKE,EC-d4e03afe97be8be5,LG-d4e03afe97be8be5,dev
102798,OIL COOLER FLANGE CRACKED.,STOP DRILLED CRACK.,EC-4f87d1d0c3ed600b,LG-4f87d1d0c3ed600b,train
102799,CYL #2 & 4 ROCKER COVER GASKETS LEAKING.,REMOVED & REPLACED GASKETS.,EC-addeeace840e72b1,LG-608d782c2258dd59,train
102800,MX FLIGHT REQUIRED TO PERFORM POWER CHECK.,PERFORMED GROUND RUN. OPS CK GOOD. REQUEST MX FLIGHT FO,EC-55b58b256cc04b43,LG-55b58b256cc04b43,train
102801,CYL #4 INTAKE GASKET LEAKING.,REMOVED & REPLACED INTAKE GASKET.,EC-e5b89fc5cfd3901f,LG-4285908bb8f7434c,train
102802,#4 CYL ROCKER COVER GASKET LEAKING.,REMOVED & REPLACED ROCKER COVER GASKET.,EC-de8e20edde74f07c,LG-608d782c2258dd59,train
102803,"INTAKE GASKET LEAKING ON #3 CYL, L/H ENG.",REMOVED & REPLACED #3 CYL INTAKE GASKET.,EC-bc68984088e93e94,LG-bc68984088e93e94,train
102804,"L/H ENG, AFT BAFFLING CRACKED BEHIND CYL #4.",REMOVED & REPLACED CYL #4 REAR BAFFLE.,EC-4142aa87431ddbc1,LG-4142aa87431ddbc1,train
102805,#3 INTAKE LEAKING ON R/H ENGINE.,REMOVED & REPLACED #3 CYL INTAKE GASKET ON R/H ENGINE.,EC-e8bee9035a1deeb3,LG-4285908bb8f7434c,train
102806,"L/H ENGINE #1, 2, 4 ROCKER COVER GASKETS LEAKING.","REMOVED & REPLACED #1, 2 & 4 GASKETS.",EC-e725a329919973b6,LG-608d782c2258dd59,train
102807,#1 & 2 ROCKER COVERS LEAKING ON R/H ENGINE.,REMOVED & REPLACED #1 & 2 ROCKER COVER GASKETS.,EC-9f52898172c2a684,LG-608d782c2258dd59,train
102808,#3 ROCKER COVER LEAKING.,REMOVED & REPLACED CYL #3 ROCKER COVER GASKET.,EC-4774d48aa3f463c3,LG-608d782c2258dd59,train
102809,O/B CLAMP ON #4 CYL PUSH ROD TUBE LOOSE.,REMOVED & REPLACED PUSH ROD ADEL CLAMP.,EC-51083bd5ef1f5608,LG-51083bd5ef1f5608,train
102810,#2 INTAKE GASKET LEAKING.,REMOVED & REPLACED INTAKE GASKET ON #2 CYL.,EC-1fec9b07493816ca,LG-4285908bb8f7434c,train
102811,#1 ROCKER COVER GASKET LEAKS.,REMOVED & REPLACED ROCKER COVER GASKET ON #1 CYL.,EC-a88e2c21bad4196e,LG-a95a51a28f245627,test
102812,#4 INTAKE LEAKING.,REPLACED GASKET.,EC-66d79f80174da74e,LG-10956cdabbd1e3ce,dev
102813,#3 ROCKER COVER LEAKING.,REPLACED GASKET.,EC-4774d48aa3f463c3,LG-608d782c2258dd59,train
102814,"ENGINE WILL NOT MAKE ENOUGH POWER TO HOVER HIGHER THAT 2', #","INSPECTED #1 INTAKE TUBE, FOUND TO BE LOOSE. REPLACED U",EC-a95658fdcc1c6d8d,LG-a95658fdcc1c6d8d,dev
102815,#3 & 4 CYL ROCKER COVERS LEAKING.,"REMOVED & REPLACED CYL #3, 4 ROCKER COVER GASKETS.",EC-f014baf6010bade2,LG-608d782c2258dd59,train
102816,#2 & 3 ROCKER COVER GASKETS LEAKING.,REMOVED & REPLACED #2 & 3 ROCKER COVER GASKETS.,EC-2f07e0763eee3746,LG-608d782c2258dd59,train
102817,#4 CYL BAFFLE PLUG REQUIRES PATCH.,FABRICATED PATCH & INSTALLED ON #4 BAFFLE PLUG HOLE.,EC-cc29ef65b142cb9f,LG-f4eab3409648b541,train
102818,#2 INTAKE LEAKING.,REMOVED & REPLACED GASKET.,EC-9e293c9950113443,LG-10956cdabbd1e3ce,dev
102819,#3 OIL DRAIN LINE HAS RUB MARK.,REMOVED & REPLACED OIL DRAIN LINE.,EC-8846c3c47cb52eec,LG-8846c3c47cb52eec,test
102820,CYL #4 INTAKE GASKET LEAKING.,REMOVED & REPLACED INTAKE GASKET.,EC-e5b89fc5cfd3901f,LG-4285908bb8f7434c,train
102821,TEST FLIGHT NEEDED FOR HOVER POWER.,CLEANED SNIFFLER VALVES. MX FLIGHT REQUIRED.,EC-46d989c4185df5f4,LG-46d989c4185df5f4,train
102822,CYL #4 TEMP PROBE LOOSE.,REMOVED & REPLACED CHT PROBE.,EC-aa6152162be60c06,LG-aa6152162be60c06,test
102823,#1 & 4 INTAKES LEAKING.,REMOVED & REPLACED #1 & 4 CYL INTAKE GASKETS.,EC-bec29ba56bf692b8,LG-26ffbcbee302311b,test
102824,#4 ROCKER COVER LEAKING.,REMOVED & REPLACED #4 CYL ROCKER COVER GASKET.,EC-fbe922c5be2d1674,LG-608d782c2258dd59,train
102825,"INTAKE GASKETS LEAKING, CYL #2 & 3.",REMOVED & REPLACED #2 & 3 CYL INTAKE GASKETS.,EC-41f79ac2e6e6622a,LG-6874ce0483010317,train
102826,"ROCKER COVER GASKET, CYL #3, LEAKING.",REMOVED & REPLACED #3 CYL ROCKER COVER GASKET.,EC-d5bcfca6cfc2812e,LG-752f86b56038668f,train
102827,"NOTICED VIBRATIONS & ENGINE ROUGHNESS, ALSO NOT PRODUCING FU","RAN A/C. MAG, IDLE RPM & IDLE MIXTURE CK GOOD. NO VIBRA",EC-bad4319923f9915f,LG-bad4319923f9915f,train
102828,L/H ENG #3 & 4 ROCKER COVERS ARE LEAKING.,REMOVED & REPLACED L/H GASKETS.,EC-e859a33bb08be381,LG-608d782c2258dd59,train
102829,L/H ENG CORNER BRACKET ON L/H REAR BAFFLE IS CRACKED.,REMOVED & REPLACED BRACKET.,EC-10697f07ee339bbb,LG-10697f07ee339bbb,test
102830,"LEAKING ROCKER COVER GASKETS, CYL #3 & 4, R/H ENGINE.",REMOVED & REPLACED ROCKER GASKETS ON R/H ENG.,EC-2e73e1d3f7351066,LG-f33e2e875bf4b51a,train
102831,#3 INTAKE LEAKING.,REMOVED & REPLACED #3 CYL INTAKE GASKET.,EC-6f9c95f514a1077a,LG-10956cdabbd1e3ce,dev
102832,#1 ROCKER COVER LEAKING.,REMOVED & REPLACED #1 CYL ROCKER COVER GASKET.,EC-d7f19738c9144c80,LG-608d782c2258dd59,train
102833,"FRONT BAFFLE SEAL ON BOTTOM LEFT & BOTTOM RIGHT SIDES, NEEDS",SECURED BOTTOM LEFT & BOTTOM RIGHT SIDES OF FRONT BAFFL,EC-5c089787f459baf7,LG-5c089787f459baf7,train
102834,#4 ROCKER COVER LEAKING.,REMOVED & REPLACED GASKET.,EC-fbe922c5be2d1674,LG-608d782c2258dd59,train
102835,#2 CYL ROCKER COVER GASKET LEAKING.,REMOVED & REPLACED #2 CYL ROCKER COVER GASKET.,EC-a8ddc92dbdb74855,LG-608d782c2258dd59,train
102836,UPPER RIGHT BAFFLE SEAL NEEDS TO BE SECURED.,SECURED UPPER RIGHT BAFFLE SEAL.,EC-76ce5108534ea1f5,LG-76ce5108534ea1f5,train
102837,#2 ROCKER COVER GASKET LEAKING.,REMOVED & REPLACED CYL #2 ROCKER COVER GASKET.,EC-8828e17d0b33db57,LG-608d782c2258dd59,train
102838,#2 INTAKE HAS LEAK.,REMOVED & REPLACED INTAKE GASKET.,EC-a1a86af0dce86fec,LG-a1a86af0dce86fec,dev
102839,#2 & 4 INTAKES LEAKING.,REMOVED & REPLACED INTAKE GASKETS.,EC-4b6fcdaabbc0244e,LG-26ffbcbee302311b,test
102840,BOTH OIL COOLERS NEED TO BE CLEANED.,CLEANED BOTH OIL COOLERS.,EC-ef2a50144f64ec35,LG-ef2a50144f64ec35,test
102841,#2 INTAKE GASKET LEAKING.,REMOVED & REPLACED INTAKE GASKET.,EC-1fec9b07493816ca,LG-4285908bb8f7434c,train
102842,"BAFFLE, #1 CYL, REQUIRES PATCH.",INSTALLED PATCH ON #1 CYL BAFFLE.,EC-2e5ae275d2805175,LG-2e5ae275d2805175,dev
102843,"MISSING BAFFLE PLUG, R/H SIDE, L/H SIDE NEED REPLACEMENT.",REPLACED BAFFLE PLUGS.,EC-c05e6592368f14e9,LG-c05e6592368f14e9,train
102844,#2 ROCKER COVER GASKET NEEDS REPLACEMENT.,REMOVED & REPLACED ROCKER COVER GASKET.,EC-933f0bf6ed9efc9f,LG-933f0bf6ed9efc9f,train
102845,"FRONT BAFFLE SEAL NEEDS TO BE SECURED, TOP LEFT & RIGHT SIDE",SECURED FRONT BAFFLE SEALS.,EC-2cce32931485d359,LG-2cce32931485d359,train
102846,L/H & R/H BAFFLE PLUG HOLES REQUIRE PATCHES.,"AFTER FURTHER INSPECTION, FOUND PLUG HOLES TO BE OK.",EC-791af9491d6fc849,LG-791af9491d6fc849,train
102847,#1 & 2 INTAKES LEAKING.,"REMOVED & REPLACED CYL #1, 2 INTAKE GASKETS.",EC-a4a1ab65ca709b0a,LG-26ffbcbee302311b,test
102848,#3 ROCKER COVER LEAKING.,REMOVED & REPLACED CYL #3 ROCKER COVER GASKET.,EC-4774d48aa3f463c3,LG-608d782c2258dd59,train
102849,#2 INTAKE LEAKING.,REMOVED & REPLACED INTAKE GASKET.,EC-9e293c9950113443,LG-10956cdabbd1e3ce,dev
102850,#2 & 4 ROCKER COVERS LEAKING.,REMOVED & REPLACED ROCKER COVER GASKETS.,EC-faa911573d289bce,LG-608d782c2258dd59,train
102851,#2 INTAKE GASKET LEAKING.,REMOVED & REPLACED #2 INTAKE GASKET.,EC-1fec9b07493816ca,LG-4285908bb8f7434c,train
102852,FOUND RIGHT BAFFLE SEAL NEEDS TO BE SECURED.,SECURED BAFFLE SEAL.,EC-477e1dda58386fc1,LG-477e1dda58386fc1,train
102853,OIL COOLER NEEDS TO BE BLOWN OUT.,BLEW OUT OIL COOLER.,EC-37271b75797398f8,LG-37271b75797398f8,train
102854,#2 ROCKER COVER GASKET LEAKING.,REMOVED & REPLACED ROCKER COVER GASKET.,EC-8828e17d0b33db57,LG-608d782c2258dd59,train
102855,ALL ROCKER COVERS ARE LEAKING.,REPLACED GASKETS ON ALL 4 ROCKER COVERS.,EC-0e0277841a1656a0,LG-e424bbcf6cf85404,train
102856,ENGINE OIL COOLER CAN BE CLEANED EXTERNALLY.,CLEANED ENGINE OIL COOLER.,EC-b9a5c6db0f010d1f,LG-b9a5c6db0f010d1f,train
102857,M/R TRANSMISSION OIL COOLER CAN BE CLEANED OUT EXTERNALLY.,CLEANED M/R TRANSMISSION OIL COOLER.,EC-f4061d13d120a1f9,LG-f4061d13d120a1f9,train
102858,#3 CYL INTAKE GASKET LEAKING.,REMOVED & REPLACED #3 CYL INTAKE GASKET.,EC-df87c56f28c70528,LG-4285908bb8f7434c,train
102859,"#2, 3 & 4 CYL ROCKER COVER GASKETS LEAKING.",REMOVED & REPLACED GASKETS.,EC-a5d5e813009351b3,LG-608d782c2258dd59,train
102860,#3 AFT CYL BAFFLE CRACKED BY OIL COOLER MOUNT.,"STOP DRILLED CRACK ON AFT CYL #3 BAFFLE, NEAR OIL COOLE",EC-af30439634b078ae,LG-af30439634b078ae,train
102861,STRIPPED NUT ON C FLANGE BOLT.,REPLACED HARDWARE.,EC-52eeb04499d03edb,LG-52eeb04499d03edb,train
102862,STRIPPED NUT ON C FLANGE BOLT.,FILED OFF NUT & REMOVED.,EC-52eeb04499d03edb,LG-52eeb04499d03edb,train
102863,"#1, 2, 3 & 4 INTAKES ARE LEAKING, R/H ENG.",REMOVED & REPLACED INTAKE GASKETS.,EC-201b9a04319cbda6,LG-201b9a04319cbda6,train
102864,"R/H ENGINE ROCKER COVER GASKETS LEAKING, CYL #1 & 3.",REMOVED & REPLACED ROCKER COVER GASKETS.,EC-e4de50d4d7f85c6f,LG-0cd5bfbbbfe60a04,dev
102865,"INTAKES #2, 3, 4 LEAKING ON L/H ENGINE.","REMOVED & REPLACED #2, 3, 4 INTAKE GASKETS ON L/H ENG.",EC-3584992547d9e7b6,LG-4285908bb8f7434c,train
102866,"ROCKER COVERS 1, 2, 3 & 4 LEAKING ON L/H ENGINE.","REMOVED & REPLACED #1, 2, 3 & 4 ROCKER COVER GASKETS ON",EC-ab8b4525c5dc195a,LG-608d782c2258dd59,train
102867,L/H CRANKSHAFT SEAL SEEPING.,LEAK CK GOOD.,EC-03c1f15eae4c137c,LG-03c1f15eae4c137c,test
102868,R/H ENG CYL #3 & 4 INTAKE GASKETS LEAKING.,REPLACED GASKETS.,EC-6c76ea204188f551,LG-4285908bb8f7434c,train
102869,L/H ENG CYL #3 INTAKE GASKET LEAKING.,REMOVED & REPLACED GASKET.,EC-b24ab9aaccd75868,LG-4285908bb8f7434c,train
102870,R/H OIL FILLER TUBE LOOSE.,TIGHTENED & RESAFETIED OIL FILLER TUBE.,EC-5269202bf997bd47,LG-516838c9b9e7b9e0,train
102871,R/H ENG CYL #3 & 4 ROCKER COVER GASKETS LEAKING.,REPLACED GASKETS.,EC-2709cf7078533359,LG-608d782c2258dd59,train
102872,L/H CRANKSHAFT SEAL SEEPING.,REMOVED & REPLACED CRANKSHAFT OIL SEAL.,EC-03c1f15eae4c137c,LG-03c1f15eae4c137c,test
102873,"#2 INTAKE GASKET LEAKING, L/H ENG.",REMOVED & REPLACED INTAKE GASKET.,EC-fdd1ccdd0a4491c4,LG-0222eb60e96e9748,dev
102874,#2 INTAKE GASKET LEAKING (R/H ENG).,REMOVED & REPLACED INTAKE GASKET.,EC-7fae7cc63c8ab0ed,LG-4285908bb8f7434c,train
102875,R/H ENG #2 CYL ROCKER COVER GASKET IS LEAKING.,REMOVED & REPLACED #2 ROCKER COVER GASKET.,EC-f77ffae8e6f96d42,LG-608d782c2258dd59,train
102876,"#2 & 3 ROCKER COVER GASKETS LEAKING, L/H ENG.",REMOVED & REPLACED #2 & 3 ROCKER COVER GASKETS.,EC-db8108a25e4dfb29,LG-a2db0277093ec562,train
102877,"ROCKER COVER GASKETS 1, 2, 3 & 4 CYLS ARE LEAKING.",REMOVED & REPLACED ROCKER COVER GASKETS.,EC-f2fa35203fc549aa,LG-f2fa35203fc549aa,train
102878,#2 SIDE BAFFLE SEAL LOOSE ON BAFFLE.,RESECURED BAFFLE SEAL.,EC-35548a5360a36bc7,LG-f43c0610e02a2101,train
102879,#3 INTAKE GASKET LEAKING.,REPLACED GASKET.,EC-12a267bf8b1d91a6,LG-4285908bb8f7434c,train
102880,#4 INTAKE GASKET IS LEAKING.,REPLACED GASKET.,EC-0489f0dc14177ee4,LG-4285908bb8f7434c,train
102881,FWD R/H SIDE BAFFLE & L/H AFT BAFFLE ARE CRACKED.,INSTALLED PATCHES ON R/H BAFFLE & L/H AFT BAFFLE IAW AC,EC-b5eddcff98ee95ea,LG-b5eddcff98ee95ea,train
102882,#1 CYL BAFFLING CRACKED BY VALVE COVER.,REPAIRED W/ RIVETED PATCH.,EC-f12c28fecceddc2e,LG-f12c28fecceddc2e,train
102883,"#2, 3, 4 ROCKER COVER GASKETS LEAKING.",REMOVED & REPLACED ROCKER COVER GASKETS.,EC-e8b991cd7788d657,LG-608d782c2258dd59,train
102884,"BAFFLE SUPPORT SCREW, BY OIL TUBE, LOOSE.","REMOVED OIL FILLER TUBE, TIGHTENED SCREW & REINSTALLED",EC-24f047519be600ff,LG-24f047519be600ff,train
102885,INTAKES 2 & 4 LEAKING ON R/H ENGINE.,REMOVED & REPLACED INTAKE GASKETS.,EC-97caa6160c52c03f,LG-4285908bb8f7434c,train
102886,L/H CARB HEAT VALVE MISSING FELT.,REMOVED & REPLACED L/H CARB HEAT VALVE.,EC-58f1ad364c34bd21,LG-58f1ad364c34bd21,test
102887,"INTAKES 1, 2, 3 & 4 LEAKING ON L/H ENGINE.",REMOVED & REPLACED INTAKE GASKETS.,EC-11249765e1cac4f5,LG-4285908bb8f7434c,train
102888,ROCKER COVERS 2 & 3 LEAKING ON L/H ENGINE.,REMOVED & REPLACED ROCKER COVER GASKETS.,EC-807335aa51db5270,LG-608d782c2258dd59,train
102889,"ROCKER COVERS 1, 2, 3 & 4 LEAKING ON R/H ENGINE.",REMOVED ALL R/H ROCKER COVER GASKETS & REPLACED.,EC-7aed15da5644d6ff,LG-608d782c2258dd59,train
102890,#4 ROCKER COVER GASKET LEAKING.,REPLACED GASKET.,EC-da6ceccf140509ee,LG-608d782c2258dd59,train
102891,CRACK IN BAFFLING OF #1 CYL BY VALVE COVER.,STOP DRILLED CRACK ON #1 CYL BAFFLE.,EC-fc027ef22a25f427,LG-f12c28fecceddc2e,train
102892,BAFFLE ABOVE #1 CYL REQUIRES PATCH.,INSTALLED BAFFLE PATCH.,EC-117a834222ee366a,LG-117a834222ee366a,train
102893,#2 & 4 ROCKER COVER GASKETS LEAKING.,REMOVED & REPLACED ROCKER COVER GASKETS.,EC-0d6ec8eb547d2ef3,LG-608d782c2258dd59,train
102894,#3 INTAKE GASKET ON L/H ENGINE LEAKING.,REMOVED & REPLACED GASKET.,EC-f7bd408093309a44,LG-4285908bb8f7434c,train
102895,"ROCKER COVER GASKET LEAKING, #3 R/H ENGINE.",REMOVED & REPLACED #3 CYL ROCKER COVER GASKET ON R/H EN,EC-5a4c7f89860ee326,LG-f0546f2479274e1d,train
102896,#2 & 3 ROCKER COVER GASKETS LEAKING ON L/H ENGINE.,REMOVED & REPLACED ROCKER COVER GASKETS ON #2 & 3 CYLS,EC-76755749dd70aec6,LG-608d782c2258dd59,train
102897,R/H SIDE LOWER FWD OIL COOLER HOSE BRACKET BROKEN.,REMOVED & REPLACED BRACKET.,EC-b3a68f349cc70cdb,LG-b3a68f349cc70cdb,train
102898,"L/H ENG BACK BAFFLE, BY #4 CYL, CRACKED.",STOP DRILLED CRACK.,EC-abe3783fb00f00ba,LG-abe3783fb00f00ba,train
102899,R/H ENG #1 & 2 ROCKER COVERS ARE LEAKING.,REMOVED & REPLACED R/H ENG ROCKER COVER GASKETS.,EC-6749ed97c8baaebf,LG-608d782c2258dd59,train
102900,"#2, 3 & 4 ROCKER COVERS ARE LEAKING ON L/H ENGINE.","REMOVED & REPLACED ROCKER COVER GASKETS, L/H ENGINE.",EC-d45be1285d12f7e3,LG-608d782c2258dd59,train
102901,"#2 INTAKE GASKET LEAKING, L/H ENGINE.",REMOVED & REPLACED INTAKE GASKET.,EC-6cdcce3497ee2f27,LG-0222eb60e96e9748,dev
102902,"#2 & 3 INTAKE GASKETS LEAKING, R/H ENGINE.",REMOVED & REPLACED INTAKE GASKETS.,EC-4e7dcb7f166812ce,LG-0222eb60e96e9748,dev
102903,"MISSING SCREW ON #3 ROCKER COVER, R/H ENGINE.",INSTALLED NEW SCREW ON ROCKER COVER.,EC-060d1f302518dba5,LG-060d1f302518dba5,test
102904,"#2, 3, 4 ROCKER COVER GASKETS LEAKING, R/H ENGINE.",REMOVED & REPLACED ROCKER COVER GASKETS.,EC-b3eab792ed795089,LG-a2db0277093ec562,train
102905,"#2, 3, 4 ROCKER COVER GASKETS LEAKING, L/H ENGINE.","REMOVED & REPLACED ROCKER COVER GASKETS, L/H SIDE.",EC-381c94108c56760f,LG-a2db0277093ec562,train
102906,L/H ENG IS MISSING BAFFLE BOLT FROM #3 CYL.,INSTALLED NEW HARDWARE.,EC-06b35d1fd7ac7e57,LG-06b35d1fd7ac7e57,train
102907,"ROCKER DRAIN LINES, ALL OF (B NUTS) ARE LOOSE.",TIGHTENED ALL B NUTS.,EC-7bfa36c8acd6b94e,LG-7bfa36c8acd6b94e,train
102908,INTAKE 2 & 3 LEAKING.,REMOVED & REPLACED INTAKE GASKETS.,EC-785a38ac289feab0,LG-10956cdabbd1e3ce,dev
102909,BAFFLE TIE ROD BROKEN.,REPLACED TIE ROD.,EC-e4f3c59751b05c00,LG-a456c10593172117,dev
102910,ROCKER COVER SCREWS LOOSE ON L/H ENGINE.,TIGHTENED SCREWS.,EC-1e1d0656c55ba70a,LG-a441330875585b5d,train
102911,L/H ENG #2 CYL HAS LOW COMPRESSION.,STAKED EXHAUST VALVE W/ NO AFFECT.,EC-58fcd2d49614fcd5,LG-c3aa26ca83c3ba37,test
102912,R/H ENGNIE CYL #3 & 2 INTAKE GASKETS LEAKING.,REMOVED & REPLACED GASKETS.,EC-a78d9f9c9f5a2951,LG-ffeb8ec9d3233ff5,train
102913,R/H ENG CYL #3 ROCKER COVER GASKET LEAKING.,REMOVED & REPLACED ROCKER COVER GASKET.,EC-0789ac5e5ea92c3e,LG-608d782c2258dd59,train
102914,L/H ENG #2 CYL HAS LOW COMPRESSION.,"RAN A/C, COMPRESSION CK AT 14/80 PSI (CONTINUED ON PD #",EC-58fcd2d49614fcd5,LG-c3aa26ca83c3ba37,test
102915,LH/ ENG #2 CYL HAS LOW COMPRESSION ,FINISHED INSTALLATION & OPS CK GOOD.,EC-b73e0f1dcd6ac1ca,LG-b73e0f1dcd6ac1ca,test
102916,L/H ENG #2 EXHAUST ROCKER WAS NICKED DURING VALVE STAKING.,"REMOVED & REPLACED ROCKER ARM, SHAFT & GASKET.",EC-ed10b400b64dec30,LG-ed10b400b64dec30,train
102917,LH/ ENG #2 CYL HAS LOW COMPRESSION,"REPLACED EXHAUST VALVE, FITTED VALVE TO CYL. INSTALLED",EC-b73e0f1dcd6ac1ca,LG-b73e0f1dcd6ac1ca,test
102918,LH/ ENG #2 CYL HAS LOW COMPRESSION,REMOVED #2 CYL ON L/H ENG. REMOVED EXHAUST & INTAKE TUB,EC-b73e0f1dcd6ac1ca,LG-b73e0f1dcd6ac1ca,test
102919,BOTH OIL COOLERS NEED TO BE CLEANED.,CLEANED BOTH OIL COOLERS.,EC-ef2a50144f64ec35,LG-ef2a50144f64ec35,test
102920,#1 CYL COMPRESSION LOW.,STAKED EXHAUST VALVE. COMPRESSION CHECKS 70/80. REPLACE,EC-985e228a3388ce3c,LG-773f22d292484073,test
102921,CYL #1 ROCKER COVER GASKET LEAKING.,REMOVED & REPLACED ROCKER COVER GASKET.,EC-bf1f39d7a4256a12,LG-608d782c2258dd59,train
102922,AFT L/H BAFFLE IS CRACKED.,FABRICATED PATCH FROM LIKE MATERIAL & RIVETED IAW,EC-ec1ef6be84366e15,LG-e3b964f842fc4352,test
102923,#4 CYL AFT BAFFLE IS CRACKED.,STOP DRILLED CRACK.,EC-fd1121479edb6d2d,LG-e3b964f842fc4352,test
102924,SMALL CRACK ON OIL COOLER (O/B FWD).,STOP DRILLED.,EC-60761c83a36bb5a1,LG-60761c83a36bb5a1,train
102925,OIL TUBE DRAIN LINES FOR CYLINDERS LOOSE.,TIGHTENED B NUTS.,EC-97bb7d01ea063445,LG-97bb7d01ea063445,dev
102926,#2 ROCKER ARM COVER LEAKING.,REPLACED GASKET.,EC-4a2d8f25c7b482b2,LG-4a2d8f25c7b482b2,train
102927,"BAFFLE SEAL, FWD OF #2 CYL, IS LOOSE.",SECURED BAFFLE SEAL.,EC-5fdd3b71c67a6c5c,LG-5fdd3b71c67a6c5c,train
102928,#3 & 4 INTAKES LEAKING.,REMOVED & REPLACED #3 & 4 INTAKE GASKETS.,EC-2daf2ac0cbc5b82a,LG-26ffbcbee302311b,test
102929,"#2 ROCKER COVER LEAKS, R/H ENG.",REPLACED GASKET.,EC-e3577eaf3d87ac2d,LG-e3577eaf3d87ac2d,train
102930,#3 CYL ZERO COMPRESSION ON L/H ENG.,"RAN A/C, LEAK CK'ED GOOD.",EC-24026fe22dfd675a,LG-24026fe22dfd675a,train
102931,#3 CYL ZERO COMPRESSION ON L/H ENG.,TRIED STAKING EXHAUST VALVE. TEST STILL FAILED. SEEMS T,EC-24026fe22dfd675a,LG-24026fe22dfd675a,train
102932,#3 CYL ZERO COMPRESSION ON L/H ENG.,INSTALLED VALVE TRAIN. DRY TAPPET CLEARANCE CK'ED OK. I,EC-24026fe22dfd675a,LG-24026fe22dfd675a,train
102933,#3 CYL ZERO COMPRESSION ON L/H ENG.,REMOVED CYL. REPLACED & GROUND EXHAUST VALVE. GROUND IN,EC-24026fe22dfd675a,LG-24026fe22dfd675a,train
102934,#1 ROCKER COVER LEAKING ON R/H ENGINE.,REPLACED GASKET.,EC-efc2eea91ae0f37e,LG-608d782c2258dd59,train
102935,#2 INTAKE GASKET LEAKING ON R/H ENGINE.,REPLACED GASKET.,EC-32bd9e17f92c3b34,LG-4285908bb8f7434c,train
102936,"#3 CYL BAFFLING ON L/H ENGINE, CRACKED ON AFT SIDE.",STOP DRILLED CRACK.,EC-6e4c43af655d2d88,LG-6e4c43af655d2d88,train
102937,"#2, 3 & 4 ROCKER COVER GASKETS LEAKING ON R/H ENGINE.",REPLACED ROCKER GASKETS.,EC-c7aa5b791c5305fa,LG-608d782c2258dd59,train
102938,#2 & 3 ROCKER GASKETS LEAKING ON L/H ENGINE.,REMOVED & REPLACED ROCKER COVER GASKETS.,EC-acb644247ddf9ef2,LG-608d782c2258dd59,train
102939,#2 & 3 INTAKE GASKETS LEAKING ON L/H ENGINE.,REMOVED & REPLACED #2 & 3 CYL INTAKE GASKETS ON L/H ENG,EC-2cd393ef1177d704,LG-4285908bb8f7434c,train
102940,"#4 CYL BAFFLING ON L/H ENGINE, CRACKED ON ANGLE BRACKETS.",STOP DRILLED CRACKS & REPLACED ANGLE BRACKETS W/ LIKE M,EC-95b467885ccacc3e,LG-95b467885ccacc3e,train
102941,#4 CYL ON L/H ENG HAS LOW COMPRESSION. LEAKING FROM EXHAUST,STAKED VALVES ON #4 CYL OF L/H ENG & OBSERVED NO CHANGE,EC-5032c317cd8729ef,LG-5032c317cd8729ef,train
102942,#4 CYL ON L/H ENG HAS LOW COMPRESSION. LEAKING FROM EXHAUST,REMOVED #4 CYL. REPLACED EXHAUST VALVE & GROUND SEAT. G,EC-5032c317cd8729ef,LG-5032c317cd8729ef,train
102943,#4 CYL ON L/H ENG HAS LOW COMPRESSION. LEAKING FROM EXHAUST,"REINSTALLED AFT MUFFLER ASSY, CARB HEAT BOX. RAN ENGINE",EC-5032c317cd8729ef,LG-5032c317cd8729ef,train
102944,#3 INTAKE LEAKING.,REMOVED & REPLACED INTAKE GASKET.,EC-6f9c95f514a1077a,LG-10956cdabbd1e3ce,dev
102945,#2 INTAKE IS LEAKING.,REMOVED & REPLACED #2 CYL INTAKE GASKET.,EC-8ec828272e86c6c2,LG-10956cdabbd1e3ce,dev
102946,CYL #3 HAD LOW COMPRESSION (50/80).,"STAKED VALVE, COMPRESSION CK'ED GOOD (72).",EC-23cc179871166178,LG-23cc179871166178,train
102947,"BOTTOM RIVET HEAD SHEARED OFF ON ENGINE BAFFLE, R/H SIDE, I/","REMOVED ENGINE BAFFLE, R/H AFT. REMOVED & REPLACED SHEA",EC-bffc9ec36d5e4b84,LG-bffc9ec36d5e4b84,dev
102948,PUSH ROD TUBE BENT.,INSTALLED SERVICEABLE PUSH RODD TUBE ON ENGINE.,EC-6be75420186a2c46,LG-6be75420186a2c46,train
102949,PUSH ROD TUBE BENT.,REMOVED PUSH ROD TUBE FROM CORE ENGINE. CLEANED & INSPE,EC-6be75420186a2c46,LG-6be75420186a2c46,train
102950,#2 CYL ROCKER COVER GASKET LEAKING.,REMOVED & REPLACED #2 CYL ROCKER COVER GASKET.,EC-a8ddc92dbdb74855,LG-608d782c2258dd59,train
102951,"NOTED EXCESSIVE VIBRATION & ROUGH RUNNING ENGINE, UPON POST","REMOVED & REPLACED #2 CYL ASSY. TORQUED CYL TO CASE, IN",EC-2c57a1c1bfdf495a,LG-2c57a1c1bfdf495a,train
102952,AUTO RE-IGN DOES NOT ACTIVATE W/ LOW N2 CONDITIONS.,COULD NOT DUPLICATE DISCREP. OPS CK GOOD.,EC-14f80e8694c427a9,LG-14f80e8694c427a9,test
102953,#2 & 3 INTAKES ARE LEAKING ON L/H ENGINE.,"REMOVED & REPLACED CYL #2, 3 INTAKE GASKETS ON L/H ENGI",EC-f64b7d983ff3fe22,LG-4285908bb8f7434c,train
102954,OIL COOLER LWR BAFFLE SEAL MISSING.,SEALED AREA W/ RTV.,EC-a26d2fe011ed06ec,LG-a26d2fe011ed06ec,train
102955,#1 ROCKER COVER GASKET LEAKING.,REPLACED ROCKER COVER GASKET.,EC-3466c922bf8446a2,LG-608d782c2258dd59,train
102956,FWD ENGINE BAFFLE WORN THRU.,FABRICATED NEW BAFFLE PIECE OF LIKE MATERIAL & INSTALLE,EC-f2321fe3b137272c,LG-f2321fe3b137272c,train
102957,"ON A/C RUN UP, L/H PROP TIP WAS DAMAGED.",COMPLETED REASSEMBLY OF ENGINE. WASHED ENGINE.,EC-0b1d8c8c366d0662,LG-0b1d8c8c366d0662,train
102958,"ON A/C RUN UP, L/H PROP TIP WAS DAMAGED.","REMOVED ACCESSORY CASE, PERFORMED LYCOMING.",EC-0b1d8c8c366d0662,LG-0b1d8c8c366d0662,train
102959,"ON A/C RUN UP, L/H PROP TIP WAS DAMAGED.",ENGINE RUN & LEAK CK GOOD. ADJUSTED PROP LOW PITCH STOP,EC-0b1d8c8c366d0662,LG-0b1d8c8c366d0662,train
102960,CYL #2 INTAKE GASKET LEAKING.,REMOVED & REPLACED INTAKE GASKET.,EC-804e232273da2515,LG-4285908bb8f7434c,train
102961,CYL #2 ROCKER COVER GASKET LEAKING.,REMOVED & REPLACED ROCKER COVER GASKET.,EC-dd75f7cbb6fe4441,LG-608d782c2258dd59,train
102962,"R/H ENG BAFFLE, BETWEEN #2 & 4 CYL, REQ REWORK.",RESECURED BAFFLE SEAL.,EC-848f09983cc8b5e5,LG-848f09983cc8b5e5,dev
102963,L/H #2 & 4 INTAKE GASKETS LEAKING.,REPLACED BOTH GASKETS. LEAK CK GOOD.,EC-ce5ae936e0c459c1,LG-4285908bb8f7434c,train
102964,UPPER BAFFLE HOLE PLUGS AER WORN.,REMOVED & REPLACED BOTH BAFFLE PLUGS.,EC-88fdf655c808479f,LG-88fdf655c808479f,train
102965,#1 ROCKER COVER IS LEAKING.,REMOVED & REPLACED #1 CYL ROCKER COVER GASKET.,EC-979a2371e346f510,LG-608d782c2258dd59,train
102966,#1 CYL HAS LOW COMPRESSION.,REMOVED ROCKER COVER & STAKED VALVES NOTING COMPRESSION,EC-559045d5cd560b13,LG-c3aa26ca83c3ba37,test
102967,#1 CYL HAS LOW COMPRESSION.,PERFORMED ENGINE RUN & PERFORMED COMPRESSION CK ON #1 N,EC-559045d5cd560b13,LG-c3aa26ca83c3ba37,test
102968,#2 & 3 ROCKER COVER GASKETS LEAKING.,REMOVED & REPLACED ROCKER COVER GASKETS.,EC-2f07e0763eee3746,LG-608d782c2258dd59,train
102969,"BAFFLE CRACKED PAST STOP DRILL, #4 CYL.","FABRICATED PATCH, STOP DRILLED CRACK & INSTALLED PATCH.",EC-f8a4e5317eaf2b5f,LG-f8a4e5317eaf2b5f,dev
102970,"BAFFLE PLUG HOLE REQUIRES PATCH, #3 CYL.",FABRICATED & INSTALLED BAFFLE PLUG PATCH. REPLACED BAFF,EC-1838d0db916a884e,LG-1838d0db916a884e,train
102971,#3 ROCKER COVER IS LEAKING OIL.,REMOVED & REPLACED #3 ROCKER COVER GASKET.,EC-842339664c311397,LG-842339664c311397,test
102972,HARDWARE MISSING ON #3 ROCKER COVER.,INSTALLED NEW HARDWARE.,EC-48468e3c14cf11e2,LG-a867548fb28d8a3c,dev
102973,#2 INTAKE GASKET LEAKING.,REPLACED GASKET.,EC-1fec9b07493816ca,LG-4285908bb8f7434c,train
102974,#3 & 4 ROCKER COVERS LEAKING.,REMOVED & REPLACED #3 & 4 ROCKER GASKETS.,EC-b083ca05c337f8b7,LG-608d782c2258dd59,train
102975,#1 CYL ENGINE BAFFLE IS CRACKED.,STOP DRILLED CRACK.,EC-28fcd2b39f14a491,LG-e3b964f842fc4352,test
102976,#3 AFT BAFFLE TAB LOOSE.,STARTED REMOVING R/H AFT ENGINE BAFFLE.,EC-f35be539f13f6d6f,LG-f35be539f13f6d6f,train
102977,#4 INTAKE TUBE GASKET IS LEAKING.,INSTALLED NEW #4 INTAKE TUBE GASKET.,EC-89d109293673fa83,LG-4dcd0e6b51932d0b,dev
102978,#3 AFT BAFFLE TAB LOOSE.,INSTALLED NEW SCREWS & NUTS ON BAFFLE TAB. REINSTALLED,EC-f35be539f13f6d6f,LG-f35be539f13f6d6f,train
102979,#3 & 4 ROCKER BOX COVER GASKETS LEAKING.,INSTALLED NEW ROCKER BOX COVER GASKETS.,EC-b7e691dc9ad097ed,LG-608d782c2258dd59,train
102980,UPPER ENG COWL NEEDS CHAFE TAPE.,INSTALLED CHAFE TAPE AS REQUIRED.,EC-39d9e9ceb9df2a59,LG-39d9e9ceb9df2a59,train
102981,L/H BAFFLE BUTTON PLUG NEEDS TO BE REPLACED.,INSTALLED NEW BAFFLE PLUG.,EC-4d2e8f909c6efb73,LG-4d2e8f909c6efb73,train
102982,"#2, 4 ROCKER COVER GASKETS LEAKING.",REMOVED & REPLACED ROCKER GASKETS.,EC-a375a9522e708189,LG-608d782c2258dd59,train
102983,FWD LOWER R/H BAFFLE SEAL NEEDS REPLACEMENT.,INSTALLED NEW SECTION OF BAFFLE MATERIAL.,EC-30d33c0c38632656,LG-30d33c0c38632656,train
102984,"R/H ENG #2, 3 & 4 CYL ROCKER COVER GASKETS ARE LEAKING.",REMOVED & REPLACED ROCKER COVER GASKETS.,EC-8b25691dda16aed9,LG-608d782c2258dd59,train
102985,#2 INTAKE IS LEAKING.,REMOVED & REPLACED INTAKE GASKET.,EC-8ec828272e86c6c2,LG-10956cdabbd1e3ce,dev
102986,#2 & 3 ROCKER COVERS ARE LEAKING.,REMOVED & REPLACED #2 & 3 CYL ROCKER COVER GASKETS.,EC-c4aca519294e0ea6,LG-608d782c2258dd59,train
102987,#2 & 4 INTERCYLINDER BAFFLE CONNECTING ROD BROKEN.,REMOVED & REPLACED BAFFLE CONNECTING ROD.,EC-29b2ee19211a2825,LG-29b2ee19211a2825,test
102988,LOWER CLAMPS LOOSE ON R/H ENGINE #4 INTAKE.,RESECURED CLAMPS.,EC-2bec6a6eae97b63b,LG-2bec6a6eae97b63b,test
102989,#4 INTAKE LEAKING ON L/H ENGINE.,REMOVED & REPLACED INTAKE GASKETS.,EC-3fd1e88fe4572cdd,LG-4285908bb8f7434c,train
102990,#2 & 3 ROCKER COVERS LEAKING ON L/H ENGINE.,REMOVED & REPLACED ROCKER COVER GASKETS.,EC-97313ccfaefbd63c,LG-608d782c2258dd59,train
102991,OIL FILLER TUBE LOOSE.,TIGHTENED OIL FILLER TUBE.,EC-516838c9b9e7b9e0,LG-516838c9b9e7b9e0,train
102992,FWD L/H BAFFLE NEEDS TO BE SECURED.,SECURED BAFFLE.,EC-1676dee36dbcafce,LG-7f2bc0b62c756875,train
102993,#4 INTAKE LEAKING.,REMOVED & REPLACED #4 CYL INTAKE GASKET.,EC-66d79f80174da74e,LG-10956cdabbd1e3ce,dev
102994,FWD ADEL CLAMP ON #3 CYL LOOSE & RUBBING ON PUSH ROD TUBE.,REMOVED & REPLACED FWD ADEL CLAMP ON #3 CYL PUSH ROD TU,EC-5c0dff721ffc2a78,LG-5c0dff721ffc2a78,train
102995,#2 INTAKE IS LEAKING.,REMOVED & REPLACED GASKET.,EC-8ec828272e86c6c2,LG-10956cdabbd1e3ce,dev
102996,#4 ROCKER COVER GASKET LEAKING.,REMOVED & REPLACED #4 ROCKER COVER GASKET.,EC-da6ceccf140509ee,LG-608d782c2258dd59,train
102997,L/H ENG #2 CYL INTAKE GASKET IS LEAKING.,REPLACED GASKET.,EC-52904bccfe621dce,LG-4285908bb8f7434c,train
102998,R/H ENG #3 CYL ROCKER COVER IS MISSING A SCREW.,REPLACED SCREW.,EC-656f86ac02342655,LG-5ee79aeba0a4b297,test
102999,#2 CYL INTAKE LEAKING.,REMOVED & REPLACED GASKET.,EC-514eea05daaa3655,LG-4285908bb8f7434c,train
103000,#2 CYL ROCKER COVER GASKET LEAKING.,REMOVED & REPLACED GASKET.,EC-a8ddc92dbdb74855,LG-608d782c2258dd59,train
103001,UPPER COWLING NEEDS SMALL PIECE OF CHAFE TAPE.,INSTALLED TAPE.,EC-57c4960caee237b4,LG-57c4960caee237b4,train
103002,"L/H UPPER ENG BAFFLING ON ENG, WORN SEAL SUPPORT.",SECURED SEAL.,EC-b36ff7ce72c714b5,LG-b36ff7ce72c714b5,test
103003,"BETWEEN #2 & 4 CYLDERS, SPIRAL WRAP MELTED.","REMOVED PLASTIC, RECONTOURED LINE OUT OF WAY.",EC-c3245ca1762bb0ce,LG-c3245ca1762bb0ce,train
103004,#2 CYL ROCKER COVER LEAKING.,REMOVED & REPLACED ROCKER COVER GASKET.,EC-f28c78f0fefe1eb6,LG-608d782c2258dd59,train
103005,#3 CYL ROCKER COVER BOTTOM SCREW NEEDS SWAPPED W/ AFT BAFFLE,SWAPPED SCREWS.,EC-3d8f382f335704da,LG-3d8f382f335704da,train
103006,#2 & 3 ROCKER COVER GASKETS LEAKING.,REMOVED & REPLACED GASKETS.,EC-2f07e0763eee3746,LG-608d782c2258dd59,train
103007,#3 CYL BAFFLING MISSING SPARK PLUG ACCESS PLUG.,INSTALLED NEW SPARK PLUG ACCESS PLUG.,EC-d3f5f69e11bc3aae,LG-d3f5f69e11bc3aae,train
103008,CRACK NOTED ON TOP OF #2 CYL BAFFLING.,CRACK PREVIOUSLY STOP DRILLED. NO FURTHER DEFECTS NOTED,EC-c7fbe6a58161711b,LG-c7fbe6a58161711b,train
103009,R/H ENG FWD BAFFLE LOOSE.,REATTACHED BAFFLE.,EC-a6e599dec99064f0,LG-550468c14295fbc3,test
103010,#3 AFT BAFFLE CRACKED.,INSTALLED PATCH MADE OF LIKE MATERIAL.,EC-622740ed6b278ae7,LG-e3b964f842fc4352,test
103011,#2 INTAKE GASKET LEAKING.,REMOVED & REPLACED GASKET.,EC-1fec9b07493816ca,LG-4285908bb8f7434c,train
103012,#3 & 4 ROCKER COVER GASKETS LEAKING.,REMOVED & REPLACED GASKETS.,EC-c3bbd811114c6320,LG-608d782c2258dd59,train
103013,#2 ROCKER COVER GASKET LEAKING.,LEAK CK GOOD.,EC-8828e17d0b33db57,LG-608d782c2258dd59,train
103014,#2 ROCKER COVER GASKET LEAKING.,REMOVED & REPLACED #2 CYL ROCKER COVER GASKET.,EC-8828e17d0b33db57,LG-608d782c2258dd59,train
103015,OIL COOLER REQUIRES TIME CHANGE.,OPS & LEAK CK GOOD.,EC-215d6d4958d55df3,LG-215d6d4958d55df3,train
103016,OIL COOLER REQUIRES TIME CHANGE.,REMOVED & REPLACED OIL COOLER,EC-215d6d4958d55df3,LG-215d6d4958d55df3,train
103017,ENGINE REQUIRES TIME CHANGE.,INSTALLED EXHAUST SYSTEM. CONNECTED ELECTRICAL WIRING.,EC-c96aa7a1bb1741cb,LG-215d6d4958d55df3,train
103018,ENGINE REQUIRES TIME CHANGE.,DISCONNECTED BATTERY GROUND. REMOVED EXHAUST SYSTEM. DI,EC-c96aa7a1bb1741cb,LG-215d6d4958d55df3,train
103019,ENGINE REQUIRES TIME CHANGE.,"INSTALLED BUILT UP ENGINE ON MOUNT, TOR",EC-c96aa7a1bb1741cb,LG-215d6d4958d55df3,train
103020,ENGINE REQUIRES TIME CHANGE.,"FINISHED INSTALLING STARTER, VACUUM PUMP, ALTERNATOR, W",EC-c96aa7a1bb1741cb,LG-215d6d4958d55df3,train
103021,ENGINE REQUIRES TIME CHANGE.,"REMOVED BAFFLING, OIL LINE & QUICK DRAIN FROM CORE ENGI",EC-c96aa7a1bb1741cb,LG-215d6d4958d55df3,train
103022,#2 INTAKE IS LEAKING.,REMOVED & REPLACED INTAKE GASKET.,EC-8ec828272e86c6c2,LG-10956cdabbd1e3ce,dev
103023,"ON RUN UP, IDLE RPM WAS AT 720.",ADJUSTED IDLE SPEED.,EC-9e1b4d2dd937bd6d,LG-9e1b4d2dd937bd6d,dev
103024,"ON RUN UP, IDLE RPM WAS AT 720.",RUN UP IDLE CK GOOD.,EC-9e1b4d2dd937bd6d,LG-9e1b4d2dd937bd6d,dev
103025,CYL #3 ROCKER COVER GASKET LEAKING.,REMOVED & REPLACED CYL #3 ROCKER COVER GASKET.,EC-9a32386e03c73ec9,LG-608d782c2258dd59,train
103026,#3 INTAKE GASKET LEAKING.,REMOVED & REPLACD #3 CYL INTAKE GASKET.,EC-12a267bf8b1d91a6,LG-4285908bb8f7434c,train
103027,#2 INTAKE GASKET LEAKING.,REMOVED & REPLACED #2 CYL INTAKE GASKET.,EC-1fec9b07493816ca,LG-4285908bb8f7434c,train
103028,#2 CYL ROCKER COVER GASKET LEAKING.,REMOVED & REPLACED GASKET.,EC-a8ddc92dbdb74855,LG-608d782c2258dd59,train
103029,#4 INTAKE LEAKING.,REPLACED GASKET.,EC-66d79f80174da74e,LG-10956cdabbd1e3ce,dev
103030,ENGINE RPM WOULD FLUCTUATE 200 - 250 RPM @ HOVER. RAN ROUGH,"RAN UP A/C, NO DEFECTS NOTED.",EC-10e19178fdfcde46,LG-10e19178fdfcde46,dev
103031,BOTH BAFFLE PLUGS WORN.,REMOVED & REPLACED BAFFLE PLUGS.,EC-8c42875f4907c236,LG-d1ae1963cf7de664,dev
103032,#4 INTAKE GASKET IS LEAKING.,REPLACED GASKET.,EC-0489f0dc14177ee4,LG-4285908bb8f7434c,train
103033,R/H BAFFLE PLUG MISSING FINGERS.,INSTALLED NEW PLUG.,EC-3c83d4306300ed3d,LG-3c83d4306300ed3d,test
103034,#4 ROCKER COVER GASKET LEAKING.,REMOVED & REPLACED GASKET.,EC-da6ceccf140509ee,LG-608d782c2258dd59,train
103035,#4 INTAKE LEAKING.,REMOVED & REPLACED GASKET.,EC-66d79f80174da74e,LG-10956cdabbd1e3ce,dev
103036,#3 & 4 INTAKE GASKETS LEAKING.,REMOVED & REPLACED INTAKE GASKETS.,EC-7829d62eb6c797c4,LG-4285908bb8f7434c,train
103037,#2 ROCKER COVER GASKET LEAKING.,REMOVED & REPLACED ROCKER COVER GASKET.,EC-8828e17d0b33db57,LG-608d782c2258dd59,train
103038,"CRACK NOTED ON INSIDE OF #2 CYL BAFFLING, NEAR RIVET.",STOP DRILLED CRACK.,EC-5740f6cb56af87c8,LG-5740f6cb56af87c8,dev
103039,CYL #2 COMPRESSION LOW. AIR NOTED & OBSERVED OUT OF EXHAUST.,PERFORMED COMPRESSION ON #2 CYL AFTER RUN & NOTED 70/80,EC-1c20dae9504b10d3,LG-1c20dae9504b10d3,train
103040,CYL #2 COMPRESSION LOW. AIR NOTED & OBSERVED OUT OF EXHAUST.,PERFORMED RUN UP AFTER WARMING UP ENGINE & NOTED NO DEF,EC-1c20dae9504b10d3,LG-1c20dae9504b10d3,train
103041,CYL #2 COMPRESSION LOW. AIR NOTED & OBSERVED OUT OF EXHAUST.,STAKED EXHAUST & INTAKE VALVES NOTING NO IMPROVEMENT IN,EC-1c20dae9504b10d3,LG-1c20dae9504b10d3,train
103042,#2 & 3 ROCKER COVERS LEAKING.,REMOVED & REPLACED GASKETS.,EC-0d8c3206b2edd8c0,LG-608d782c2258dd59,train
103043,#2 ROCKER COVER IS LEAKING.,REMOVED & REPLACED CYL #2 ROCKER COVER GASKET.,EC-9f1eed7e562e8bbc,LG-608d782c2258dd59,train
103044,"ENGINE OVERSPEED, 2750 - 2760 RPM FOR 3-4 SECONDS.","RESEARCHED FDM CARD DATA, FOUND MAX RPM OF 2739.8; WHIC",EC-87dac4b37748a0e7,LG-87dac4b37748a0e7,train
103045,#3 & 4 ROCKER COVER GASKETS ARE LEAKING.,REMOVED & REPLACED #3 & 4 CYL ROCKER COVER GASKETS.,EC-c49d49dd39b2d6cc,LG-608d782c2258dd59,train
103046,#4 INTAKE GASKET LEAKING.,REMOVED & REPLACED GASKET.,EC-57acd94dcdde4ef3,LG-4285908bb8f7434c,train
103047,SNIFFLER VALVE DIRTY.,CLEANED SNIFFLER VALVES.,EC-33a36d1881741dec,LG-5027701bd7fa9f57,train
103048,"#2, 4 ROCKER COVER GASKETS LEAKING.","REPLACED #2, 4 ROCKER COVER GASKETS.",EC-a375a9522e708189,LG-608d782c2258dd59,train
103049,"#2, 3, 4 ROCKER GASKETS LEAKING.","REPLACED GASKETS, LEAK CK GOOD.",EC-515168b9a541a803,LG-608d782c2258dd59,train
103050,#2 INTAKE LEAKING.,REMOVED & REPLACED INTAKE GASKET.,EC-9e293c9950113443,LG-10956cdabbd1e3ce,dev
103051,CYL #4 ROCKER COVER GASKET LEAKING.,REMOVED & REPLACED #4 ROCKER COVER GASKET.,EC-f020a54e126a5ae6,LG-608d782c2258dd59,train
103052,"#4 INTAKE IS LEAKING, CYL #3 INTAKE LEAKING, CYL #2 INTAKE L","REMOVED & REPLACED #2, 3 & 4 INTAKE GASKETS.",EC-59b53b9e730e18ab,LG-4285908bb8f7434c,train
103053,CRACK NOTED ON LOWER REAR POSITION OF #4 CYL BAFFLE.,"STOP DRILLED CRACK, NO OTHER DEFECTS NOTED @ THIS TIME.",EC-258fd52cf6f9160d,LG-258fd52cf6f9160d,train
103054,"CRACK NOTED ON INSIDE OF #1 CYL UPPER BAFFLE, NEAR RIVET.","STOP DRILLED BOTH ENDS OF CRACK, NO FURTHER DEFECTS NOT",EC-7bb983aa998e1645,LG-7bb983aa998e1645,dev
103055,ALL ROCKER COVER SCREWS ARE LOOSE.,TIGHTENED ALL COVERS.,EC-ee9498004e9421fc,LG-f40ff9615f91de7f,test
103056,ALL CYL DRAIN LINE B' NUTS ARE LOOSE.,TIGHTENED ALL B' NUTS.,EC-697418efcdc1ccc9,LG-697418efcdc1ccc9,train
103057,"SPRING WIRE FOR I/B L/H SIDE ENG, BROKEN.",REPLACED SPRING WIRE.,EC-6cbe1c466f2dfd20,LG-6cbe1c466f2dfd20,train
103058,BOTH BAFFLE PLUGS WORN.,REMOVED & REPLACED BAFFLE PLUGS.,EC-8c42875f4907c236,LG-d1ae1963cf7de664,dev
103059,#2 & 4 ROCKER COVERS LEAKING.,REPLACED GASKETS.,EC-faa911573d289bce,LG-608d782c2258dd59,train
103060,BAFFLE PLUGS WORN.,REPLACED W/ NEW ONES.,EC-046718097e775a4a,LG-d1ae1963cf7de664,dev
103061,#2 INTAKE IS LEAKING.,REMOVED & REPLACED GASKET.,EC-8ec828272e86c6c2,LG-10956cdabbd1e3ce,dev
103062,#3 INTAKE LEAKING.,REMOVED & REPLACED #3 CYL INTAKE GASKET.,EC-6f9c95f514a1077a,LG-10956cdabbd1e3ce,dev
103063,#4 INDUCTION TUBE GASKET LEAKING.,INSTALLED NEW #4 INDUCTION TUBE GASKET.,EC-412b35d40e0953c0,LG-abec8430bec9f461,test
103064,ENGINE R/H REAR BAFFLE SUPPORT BRACKET LOOSE.,REMOVED R/H REAR BAFFLE. INSTALLED NEW SCREWS & NUTS. R,EC-67654f570bcf5430,LG-67654f570bcf5430,train
103065,BOTTOM R/H BAFFLE TIE DOWN UNSECURED FROM BAFFLE.,INSTALLED NEW TIE ROD.,EC-6a1ff093ff1e4ee0,LG-6a1ff093ff1e4ee0,train
103066,R/H FUEL TOP ENGINE BAFFLE SEAL NEEDS TO BE SECURED.,RESECURED BAFFLE SEAL.,EC-f04690ab8259b9d6,LG-f04690ab8259b9d6,train
103067,#2 & 3 INTAKE GASKET LEAKING.,REMOVED & REPLACED INTAKE GASKETS.,EC-eeb919b08bb32e58,LG-4285908bb8f7434c,train
103068,#2 & 3 ROCKER COVER GASKETS LEAKING.,REMOVED & REPLACED ROCKER COVER GASKETS.,EC-2f07e0763eee3746,LG-608d782c2258dd59,train
103069,#1 CYL BAFFLE CRACK NOTED BY CYL HEAD SCREW PLATE.,STOP DRILLED CRACK & INSTALLED DOUBLER PLATE TO #1 CYL,EC-dea20993f4fbf172,LG-dea20993f4fbf172,train
103070,#4 INTAKE LEAKING.,REPLACED GASKET.,EC-66d79f80174da74e,LG-10956cdabbd1e3ce,dev
103071,LOWER BAFFLING SEAL IS CHAFING AIR FILTER BOX CAM LOCK NUTPL,INSTALLED RTV IN AREAS.,EC-90cc2fb6a851ef59,LG-90cc2fb6a851ef59,train
103072,SMALL FOD ON TOP OF #3 CYLINDER,REMOVED FOD ON TOP OF NO. 3 CYLINDER,EC-d197e63295c3229a,LG-d197e63295c3229a,train
103073,#2 & 4 INTAKE GASKETS LEAKING.,REMOVED & REPLACED #2 & 4 CYL INTAKE GASKETS.,EC-f4c90d93e910c1fa,LG-4285908bb8f7434c,train
103074,"R/H ENGINE FOAM SEAL LOOSE ON BULKHEAD, BEHIND ENGINE INLET",RESECURED R/H ENGINE FOAM SEAL.,EC-9b6fdb3f16ddaad5,LG-9b6fdb3f16ddaad5,test
103075,L/H REAR ENGINE BAFFLE ACCESS HOLE WORN.,INSTALL ACCESS HOLE DOUBLER IAW,EC-35bcf1cd6e7001a9,LG-35bcf1cd6e7001a9,train
103076,#4 INTAKE GASKET LEAKING.,REMOVED & REPLACED INTAKE GASKET.,EC-57acd94dcdde4ef3,LG-4285908bb8f7434c,train
103077,#3 ROCKER COVER GASKET LEAKING.,REMOVED & REPLACED #3 CYL ROCKER COVER GASKET.,EC-cd33c56b9090b89a,LG-608d782c2258dd59,train
103078,"OIL PRESENT ON ENGINE, R/H SIDE. OIL SPRAYED BELOW & AFT.",FOUND #4 ROCKER COVER GASKET LEAKING. REMOVED & REPLACE,EC-b518e0e386e0f8aa,LG-b518e0e386e0f8aa,train
103079,"ON TAXI, ENGINE RAN ROUGH FROM 800 TO 1400 RPM. LEANING MIXT",RAN UP A/C & LEANED OUT TO CLEAN PLUGS. OPS CK OK.,EC-d997ef083631022a,LG-d997ef083631022a,dev
103080,#4 CYLINDER INTAKE LEAKS.,REPLACED GASKET.,EC-ba061ce682e74c43,LG-0e48eb423d7a05e3,test
103081,FRONT BAFFLE SEAL WORN BY ENG INLET & EDGES.,INSTALLED RTV IN WORN AREAS.,EC-152d523a562d54d7,LG-152d523a562d54d7,test
103082,"#1, 2, 3 & 4 OIL RETURN LINES LEAKING.",TIGHTENED OIL RETURN LINE CLAMPS.,EC-51ea53cb3b04517e,LG-51ea53cb3b04517e,train
103083,#3 INTAKE LEAKING.,REMOVED & REPLACED INTAKE GASKET.,EC-6f9c95f514a1077a,LG-10956cdabbd1e3ce,dev
103084,#2 ROCKER COVER LEAKING.,REMOVED & REPLACED #2 ROCKER GASKET.,EC-c85bc86f75e7cd5b,LG-608d782c2258dd59,train
103085,#1 ROCKER GASKET LEAKING.,REPLACED W/ NEW GASKET. LEAK CK GOOD.,EC-389c6e6cb4f46fe6,LG-608d782c2258dd59,train
103086,#1 INTAKE GASKET IS LEAKING.,REPLACED W/ NEW GASKET. LEAK CK GOOD.,EC-e9b8d7340586dc23,LG-4285908bb8f7434c,train
103087,#2 & 4 INTAKES LEAKING.,REMOVED & REPLACED INTAKE GASKETS.,EC-4b6fcdaabbc0244e,LG-26ffbcbee302311b,test
103088,"#2, 3 & 4 INTAKE GASKETS LEAKING.",REMOVED & REPLACED INTAKE GASKETS.,EC-a23fa0945a5a974f,LG-4285908bb8f7434c,train
103089,#2 & 4 ROCKER COVERS MISSING HARDWARE.,INSTALLED SCREWS ONTO ROCKER COVERS.,EC-d6894d62d9bc8996,LG-d6894d62d9bc8996,train
103090,"CRACK NOTED ON INSIDE OF #1 CYL BAFFLE, BY SCREW PLATE.",STOP DRILLED CRACK.,EC-5e1e1334f65d1d36,LG-5e1e1334f65d1d36,train
103091,#1 & 2 ROCKER COVER GASKETS LEAKING.,REMOVED & REPLACED ROCKER COVER GASKETS.,EC-33aed661780a9884,LG-608d782c2258dd59,train
103092,CRACK NOTED ON ENGINE BAFFLE NEAR AFT ALTERNATOR ATTACH BOLT,STOP DRILLED CRACK.,EC-b372ca9cf23cd137,LG-b372ca9cf23cd137,train
103093,L/H SIDE COWL SEAL COMING LOOSE.,RESECURED COWL SEAL.,EC-08fb5e78f22ea2a8,LG-08fb5e78f22ea2a8,train
103094,#3 & 4 INTAKE GASKETS LEAKING.,"REPLACED BOTH GASKETS, LEAK CK GOOD.",EC-7829d62eb6c797c4,LG-4285908bb8f7434c,train
103095,ALL ROCKER GASKETS ARE LEAKING.,REPLACED ALL ROCKER GASKETS. LEAK CK GOOD.,EC-928b2fe1c5963a7f,LG-f0f174a9dcdc1ded,dev
103096,#4 INTAKE GASKET LEAKING,REMOVED & REPLACED INTAKE GASKET.,EC-073f79ad9f1361ca,LG-4285908bb8f7434c,train
103097,#3 CYL INTAKE GASKET IS LEAKING.,REMOVED & REPLACED GASKET.,EC-9beff8ab3ed3e52d,LG-4285908bb8f7434c,train
103098,#2 & 4 CYL INTAKE GASKETS LEAKING.,REPLACED GASKETS.,EC-09b8121a89dc4f9a,LG-4285908bb8f7434c,train
103099,VACUUM PUMP COOLING DUCT CHAFING OIL COOLER LINE.,"NO DAMAGED NOTED, APPLIED SILICONE AS BUFFER.",EC-2c4594a5570e1016,LG-2c4594a5570e1016,test
103100,#3 AFT BAFFLE CRACKED ON R/H ENGINE.,STOP DRILLED CRACK.,EC-1ed2bea3ed35f272,LG-1ed2bea3ed35f272,train
103101,R/H ENGINE #2 & 3 INTAKES LEAKING.,REMOVED & REPLACED INTAKE GASKETS.,EC-852cbaea38a1ef81,LG-4285908bb8f7434c,train
103102,"L/H ENGINE #2, 3, 4 INTAKES LEAKING.",REMOVED & REPLACED INTAKES GASKETS.,EC-344710789db8a63a,LG-344710789db8a63a,train
103103,"R/H ENGINE #4, 2, 3 ROCKER COVERS LEAKING.",REMOVED & REPLACED ROCKER COVER GASKETS.,EC-a2ec7e56892b15fb,LG-a2ec7e56892b15fb,train
103104,"INTAKE GASKET, CYL #2, LEAKING.",REMOVED & REPLACED INTAKE GASKET.,EC-54b9438c8d61e4ba,LG-962a2251cf078b67,train
103105,"DURING TAKE OFF ROLL, ADVANCED THROTTLE TO FULL POWER; RPM W","RAN UP A/C, UNABLE TO DUPLICATE DISCREPANCY. OPS CK OK.",EC-a4b5eee8053ab432,LG-a4b5eee8053ab432,train
103106,FWD BAFFLE SEALS HAVE WORN SPOTS.,NO DAMAGED NOTED. APPLIED SILICONE TO SEAL AS BUFFER.,EC-888a60d17f3b967c,LG-888a60d17f3b967c,train
103107,R/H ENGINE #4 INTAKE GASKET LEAKING.,REMOVED & REPLACED INTAKE GASKET.,EC-774b46d22d9671b8,LG-4285908bb8f7434c,train
103108,#2 & 4 INTAKES LEAKING ON L/H ENGINE.,REMOVED & REPLACED INTAKE GASKETS.,EC-f6ea10c44311f457,LG-4285908bb8f7434c,train
103109,R/H #4 ROCKER GASKET IS LEAKING.,REMOVED & REPLACED ROCKER COVER GASKET.,EC-b2607bc6e2ba58c5,LG-608d782c2258dd59,train
103110,#4 ROCKER COVER IS LEAKING ON L/H ENGINE.,REMOVED & REPLACED ROCKER COVER GASKET.,EC-358cace0318eb552,LG-608d782c2258dd59,train
103111,#2 & 3 INDUCTION PIPES ARE LEAKING ON L/H ENGINE.,REMOVED & REPLACED INTAKE GASKETS.,EC-752e10c12e3b697a,LG-752e10c12e3b697a,dev
103112,"ENGINE RUNNING ROUGH, #2 CYL EGT LOW.","RAN A/C, OPS CK GOOD. BORESCOPED CYLINDER, NO DEFECTS F",EC-0bc17fa72642b58e,LG-0bc17fa72642b58e,train
103113,ENGINE PROBLEM,DROVE TO SITE W/ TRAILER. LOADED HELICOPTER & RETURNED,EC-f2596870270ba27e,LG-f2596870270ba27e,test
103114,ENGINE STARTED RUNNING ROUGH & BACK FIRING. BOTH POWER REDUC,BEGAN PERFORMING LYCOMING .,EC-44492994b598d65e,LG-44492994b598d65e,train
103115,ENGINE STARTED RUNNING ROUGH & BACK FIRING. BOTH POWER REDUC,"COMPLETED LYCOMING , FOUND #1, 4 EXHAUST GUIDES",EC-44492994b598d65e,LG-44492994b598d65e,train
103116,ENGINE STARTED RUNNING ROUGH & BACK FIRING. BOTH POWER REDUC,"COMPLETED REASSEMBLY. RAN UP A/C, OPS CK GOOD.",EC-44492994b598d65e,LG-44492994b598d65e,train
103117,ROUGH ENGINE W/ OIL LEAK,FOR BILLING PURPOSES ONLY,EC-9e17bf12e2059334,LG-9e17bf12e2059334,train
103118,ROUGH ENGINE W/ OIL LEAK,INSTALLED O/H'ED OIL COOLER. REINSTALLED EXHAU,EC-9e17bf12e2059334,LG-9e17bf12e2059334,train
103119,ROUGH ENGINE W/ OIL LEAK,PERFORMED OPERATIONAL & LEAK CK. ADJUST IDLE MIXTURE. N,EC-9e17bf12e2059334,LG-9e17bf12e2059334,train
103120,ROUGH ENGINE W/ OIL LEAK,RECEIVED CUSTOMER SUPPLIED ENG. CLEANED & INSPECTED ENG,EC-9e17bf12e2059334,LG-9e17bf12e2059334,train
103121,ROUGH ENGINE W/ OIL LEAK,REMOVED DEFECTIVE ENGINE FROM A/C. INSTALLED FACTORY O/,EC-9e17bf12e2059334,LG-9e17bf12e2059334,train
103122,CYL #3 & 4 INTAKE GASKETS LEAKING.,REMOVED & REPLACED INTAKE GASKETS.,EC-f72e44d6b02aef53,LG-4285908bb8f7434c,train
103123,"NEAR IDLE, ENGINE WAS A LITTLE ROUGH. AT STOP FOR RUN UP, RP","STARTED ENGINE, WARMED TO OPERATING TEMPS. ENGINE IDLE",EC-c915cc4ef6b0b416,LG-c915cc4ef6b0b416,train
103124,FWD ENG BAFFLE SEAL ABOVE VACUUM PUMP TORN.,PART ON ORDER.,EC-3f0e810367376051,LG-3f0e810367376051,dev
103125,FWD ENG PLUGS SAFETY WIRE LOOSE & CHAFING THROUGH.,RESAFETIED PLUGS.,EC-9c44b13bb2bd5ce6,LG-9c44b13bb2bd5ce6,train
103126,FWD ENG BAFFLE SEAL ABOVE VACUUM PUMP TORN.,REMOVED & REPLACED FWD ENG BAFFLE SEAL ABOVE VACUUM PUM,EC-3f0e810367376051,LG-3f0e810367376051,dev
103127,SCREW MISSING AT #3 CYL BAFFLE.,"FOUND SCREW ON LOWER BAFFLE, REPLACED SCREW.",EC-365a219d485d7114,LG-ac09d330d3a5d8db,dev
103128,"#2 & 3 ROCKER COVER GASKETS LEAKING, L/H ENG.",REMOVED & REPLACED ROCKER COVER GASKETS.,EC-db8108a25e4dfb29,LG-a2db0277093ec562,train
103129,"BAFFLE SEAL ABOVE AIR FILTER BOX, CHAFED.",APPLIED SILICONE TO AREA WHERE NEEDED. NO DAMAGE NOTED.,EC-f2df825b2589d5fe,LG-f2df825b2589d5fe,dev
103130,#2 INTAKE TUBE GASKET LEAKING.,REMOVED & REPLACED INTAKE GASKET.,EC-babcfce517a6bf32,LG-4dcd0e6b51932d0b,dev
103131,#2 INTAKE GASKET LEAKING.,REMOVED & REPLACED #2 INTAKE GASKET.,EC-1fec9b07493816ca,LG-4285908bb8f7434c,train
103132,#2 & 3 CYL ROCKER COVERS LEAKING.,REMOVED & REPLACED ROCKER COVER GASKETS.,EC-d15ff1e89ac04be4,LG-608d782c2258dd59,train
103133,#2 CHT FITTING NEEDS TO BE REPLACED.,REPLACED CHT FITTING.,EC-e29ea41f5a0f7668,LG-e29ea41f5a0f7668,train
103134,#4 INTAKE LEAKING.,REPLACED GASKET.,EC-66d79f80174da74e,LG-10956cdabbd1e3ce,dev
103135,"FWD BAFFLE SEALS ON ENG, WEAR MARKS AGAINST AIR FILTER.",RTV'ED AREAS.,EC-a51d3ed3d09c2c55,LG-a51d3ed3d09c2c55,dev
103136,#2 CYL INTAKE GASKET LEAKING.,REMOVED & REPLACED GASKET.,EC-cc41856dc2df8c7c,LG-4285908bb8f7434c,train
103137,"#3, 4 & 1 INTAKES LEAKING.",REMOVED & REPLACED GASKETS.,EC-bd15566e3fa40a03,LG-26ffbcbee302311b,test
103138,#3 ROCKER DRAIN LINE CHAFING.,INSTALLED CHAFE WRAP ONTO ROCKER DRAIN LINE. NO DAMAGE,EC-6b122118ecd04764,LG-6b122118ecd04764,train
103139,"ACCIDENTALLY OVERSPED ENGINE BEFORE PULLING THROTTLE BACK, E",EVALUATED DATA ON FDM CARD & FOUND ENGINE OVERSPEED TO,EC-c46476433c639687,LG-c46476433c639687,test
103140,#4 INTAKE IS LEAKING.,REMOVED & REPLACED INTAKE GASKET.,EC-03758ee4b47de086,LG-10956cdabbd1e3ce,dev
103141,ENGINE BAFFLE PLUGS ARE WORN.,REMOVED & REPLACED BAFFLE PLUGS.,EC-a8d0af29cb513bb6,LG-d1ae1963cf7de664,dev
103142,"#1, 2 & 3 ROCKER COVERS ARE LEAKING.",REMOVED & REPLACED ROCKER COVER GASKETS.,EC-2222c0fb8f5b94f7,LG-608d782c2258dd59,train
103143,#3 INTAKE GASKET LEAKING.,REMOVED & REPLACED GASKET.,EC-12a267bf8b1d91a6,LG-4285908bb8f7434c,train
103144,"LOWER INTERCYLINDER BAFFLE SPRING ON R/H SIDE OF ENGINE, BRO",REMOVED & REPLACED BAFFLE SPRING.,EC-cd8b572f21dfefe9,LG-cd8b572f21dfefe9,test
103145,INTAKES #1 & 2 LEAKING.,REMOVED & REPLACED INTAKE GASKETS.,EC-fae4a95c901f8b7b,LG-26ffbcbee302311b,test
103146,CYL #1 & 4 INTAKE GASKETS LEAKING.,INSTALLED NEW #1 & 4 INTAKE GASKETS.,EC-e0b1fe649d039d98,LG-4285908bb8f7434c,train
103147,CYL #2 INTAKE GASKET LEAKING.,REMOVED & REPLACED INTAKE GASKET.,EC-804e232273da2515,LG-4285908bb8f7434c,train
103148,CYL #1 ROCKER COVER GASKET LEAKING.,REMOVED & REPLACED ROCKER COVER GASKET.,EC-bf1f39d7a4256a12,LG-608d782c2258dd59,train
103149,#1 ROCKER DRAIN LINE LOOSE.,TIGHTENED DRAIN LINE.,EC-28dcc0087d109590,LG-cffab82dca59e66f,train
103150,#2 ROCKER COVER LEAKING.,REMOVED & REPLACED #2 ROCKER COVER GASKET.,EC-c85bc86f75e7cd5b,LG-608d782c2258dd59,train
103151,R/H AFT ENGINE BAFFLE MOUNTING BRACKET LOOSE.,REATTACHED MOUNTING BRACKET TO ENGINE BAFFLE.,EC-6d8bbdb5a1b62867,LG-6d8bbdb5a1b62867,train
103152,BOLT MISSING ON #3 CYL SIDE BAFFLE.,INSTALLED BOLT WHERE NEEDED.,EC-88022a84a5e027e6,LG-88022a84a5e027e6,test
103153,#3 CYL ROCKER COVER GASKET LEAKING.,REMOVED & REPLACED ROCKER COVER GASKET.,EC-747d58a3057d4281,LG-608d782c2258dd59,train
103154,#2 INTAKE TUBE GASKET LEAKING.,REMOVED & REPLACED INTAKE GASKET.,EC-babcfce517a6bf32,LG-4dcd0e6b51932d0b,dev
103155,#3 & 4 INTAKE GASKETS ARE LEAKING.,REPLACED BOTH GASKETS.,EC-472b5996c0c6ce72,LG-4285908bb8f7434c,train
103156,#2 CYL ROCKER DRAIN LINE LEAKING AT SUMP.,TIGHTENED CLAMPS ON ROCKER DRAIN LINE.,EC-69f6ca1746efa05f,LG-69f6ca1746efa05f,train
103157,EGT/CHT WIRE BUNDLE MOUNTING SCREW & IGN LEAD/OIL COOLER MOU,TIGHTENED HARDWARED ON OIL COOLER.,EC-ef0174a651f19747,LG-ef0174a651f19747,test
103158,"BAFFLE SCREW HAS OVERSIZED WASHER, WHICH IS CHAFING #3 CYL R",REMOVED WASHER & INSTALLED CORRECT HARDWARE TO PREVENT,EC-166ccd6939c8d040,LG-166ccd6939c8d040,train
103159,"OIL LEAK AT CRANKCASE BOLTS, USED TO MOUNT FUEL FLOW TRANSDU","REMOVED BOLTS, CLEANED BOLT HOLES, RESEALED BOLTS & TOR",EC-8544bb46f4cf6b63,LG-8544bb46f4cf6b63,train
103160,#2 INTAKE GASKET LEAKING.,REMOVED & REPLACED INTAKE GASKET.,EC-1fec9b07493816ca,LG-4285908bb8f7434c,train
103161,#2 ROCKER COVER GASKET LEAKING.,REMOVED & REPLACED ROCKER COVER GASKET.,EC-8828e17d0b33db57,LG-608d782c2258dd59,train
103162,#2 & 4 INTAKES LEAKING.,REMOVED & REPLACED INTAKE GASKETS.,EC-4b6fcdaabbc0244e,LG-26ffbcbee302311b,test
103163,"#3, 4 ROCKER COVERS LEAK.",REMOVED & REPLACED ROCKER COVER GASKETS.,EC-3107883663a91bea,LG-3107883663a91bea,train
103164,#1 ROCKER BOX COVER GASKET LEAKING.,INSTALLED NEW ROCKER BOX COVER GASKET.,EC-17adb8f0e4fb13fd,LG-608d782c2258dd59,train
103165,PROPELLER FLANGE RUN OUT CK REQUESTED.,"PERFORMED TEST, RUN OUT BELOW .001",EC-306eb7d2f67fa5b0,LG-306eb7d2f67fa5b0,test
103166,LEFT #1 INTAKE LEAKING.,REPLACED GASKET.,EC-72c17a8d37cf4348,LG-4285908bb8f7434c,train
103167,"SHEARED OFF RIVETS ON BAFFLE BRACKET, BEHIND #3 CYL.",AFTER BAFFLE INSTALLATION: REINSTALLED OIL FILLER TUBE,EC-b3f65d91b8eb99d5,LG-b3f65d91b8eb99d5,dev
103168,"SHEARED OFF RIVETS ON BAFFLE BRACKET, BEHIND #3 CYL.","REMOVED BAFFLE, INSTALLED NEW RIVETS & REINSTALLED BAFF",EC-b3f65d91b8eb99d5,LG-b3f65d91b8eb99d5,dev
103169,LWR FWD ENG SEAL WORN IN AREA ABOVE ENG INLET.,INSTALLED RTV IN WORN AREAS.,EC-ea3babfaa282ed5c,LG-ea3babfaa282ed5c,train
103170,#3 & 4 CYL WERE REMOVED BY OFF SITE MAINTENANCE.,"#4 PISTON PIN BORE DAMAGED. RECEIVED NEW PISTON, MEASUR",EC-50ab4774ce5cc39d,LG-50ab4774ce5cc39d,train
103171,#3 & 4 CYL WERE REMOVED BY OFF SITE MAINTENANCE.,"FITTED NEW EXHAUST VALVE TO #3 CYL, FITTED INTAKE VALVE",EC-50ab4774ce5cc39d,LG-50ab4774ce5cc39d,train
103172,#3 & 4 CYL WERE REMOVED BY OFF SITE MAINTENANCE.,"FITTED NEW EXHAUST VALVE TO #4 CYL, FITTED INTAKE VALVE",EC-50ab4774ce5cc39d,LG-50ab4774ce5cc39d,train
103173,#2 & 4 INTAKES LEAKING.,REMOVED & REPLACED INTAKE GASKETS.,EC-4b6fcdaabbc0244e,LG-26ffbcbee302311b,test
103174,CYL #4 INTAKE GASKET LEAKING.,REMOVED & REPLACED #4 INTAKE GASKET.,EC-e5b89fc5cfd3901f,LG-4285908bb8f7434c,train
103175,FRONT CRANKSHAFT OIL SEAL LEAKING.,LEAK CK OK.,EC-86ac37e5325d282b,LG-86ac37e5325d282b,dev
103176,FRONT CRANKSHAFT OIL SEAL LEAKING.,REMOVED PROP & RING GEAR. REMOVED FRONT CRANKSHAFT OIL,EC-86ac37e5325d282b,LG-86ac37e5325d282b,dev
103177,#2 & 3 CYL INTAKE GASKETS LEAKING.,REMOVED & REPLACED #2 & 3 CYL INTAKE GASKETS.,EC-607d7f4b14f1cb16,LG-4285908bb8f7434c,train
103178,#2 INTAKE GASKET LEAKING.,REMOVED & REPLACED #2 INTAKE GASKET.,EC-1fec9b07493816ca,LG-4285908bb8f7434c,train
103179,#2 INTAKE GASKET LEAKING.,REPLACED GASKET.,EC-1fec9b07493816ca,LG-4285908bb8f7434c,train
103180,#3 ROCKER COVER GASKET LEAKING.,REPLACED GASKET.,EC-cd33c56b9090b89a,LG-608d782c2258dd59,train
103181,"ZERO COMPRESSION ON #1 CYLINDER. LEAKING FROM EXHAUST VALVE,","REPLACED CYLINDER ASSY W/ REPAIRED CYL, NEW PISTON, RIN",EC-1ab12cacc1656773,LG-1ab12cacc1656773,train
103182,#2 INTAKE LEAKS.,REPLACED GASKET.,EC-5b40d8a9a1eed201,LG-0e48eb423d7a05e3,test
103183,NEED 2 NEW BAFFLE BUTTONS.,INSTALLED BOTH BUTTONS.,EC-c6e0c6ba2dd18d3b,LG-c6e0c6ba2dd18d3b,train
103184,LWR FWD ENG COWL SEAL WEARING ON ENGINE INTAKE.,INSTALLED RTV IN WORN AREAS.,EC-4bdb648a043798c7,LG-4bdb648a043798c7,train
103185,#2 INTAKE GASKET LEAKING.,REMOVED & REPLACED #2 INTAKE GASKET.,EC-1fec9b07493816ca,LG-4285908bb8f7434c,train
103186,#1 INTAKE GASKET LEAKING.,REPLACED GASKET.,EC-66c69e07864cfa3c,LG-4285908bb8f7434c,train
103187,#1 CYL OUTER BAFFLING CRACKED BY NUTPLATE.,STOP DRILLED CRACK.,EC-accdf93f9a1c30b0,LG-accdf93f9a1c30b0,train
103188,#2 & 3 INTAKE GASKETS LEAKING.,REMOVED & REPLACED INTAKE GASKETS.,EC-88f45c6cdd6109b9,LG-4285908bb8f7434c,train
103189,"BOTTOM BAFFLE ON #1 CYL, CHAFING ON CYL FINS.","REMOVED BAFFLE, FABRICATED & INSTALLED NEW BAFFLE.",EC-bdb1b05a0b59f356,LG-bdb1b05a0b59f356,train
103190,#4 CYL BOTTOM BAFFLE CRACKED/CHAFING ON CYL FINS.,REMOVED OLD BAFFLE. FABRICATED NEW BAFFLE & INSTALLED.,EC-48d384bfcbb14083,LG-48d384bfcbb14083,train
103191,ALL ROCKER COVER SCRWES ARE LOOSE.,TIGHTENED ALL SCREWS.,EC-b4f3e4e3f60d21db,LG-b4f3e4e3f60d21db,dev
103192,#3 & 4 CYL INTAKE GASKETS ARE LEAKING.,REMOVED & REPLACED GASKETS.,EC-11ad6791c37c6afc,LG-4285908bb8f7434c,train
103193,"WHILE FOGGING #2 CYL, TIP FROM SPRAYER NOZZLE CAME INTO CONT",INSTALLED INTERCYLINDER BAFFLE & HARDWARE.,EC-a564b402659cec93,LG-a564b402659cec93,train
103194,"WHILE FOGGING #2 CYL, TIP FROM SPRAYER NOZZLE CAME INTO CONT","REMOVED NECESSARY BAFFLING, LINES, TUBES, HARDWARE TO F",EC-a564b402659cec93,LG-a564b402659cec93,train
103195,"WHILE FOGGING #2 CYL, TIP FROM SPRAYER NOZZLE CAME INTO CONT",REMOVED PISTON FROM ROD. PREPARED NEW PISTION FOR INSTA,EC-a564b402659cec93,LG-a564b402659cec93,train
103196,"WHILE FOGGING #2 CYL, TIP FROM SPRAYER NOZZLE CAME INTO CONT","COMPLETED CYL INSTALLATION. INSTALLED ROCKER COVER, INJ",EC-a564b402659cec93,LG-a564b402659cec93,train
103197,"WHILE FOGGING #2 CYL, TIP FROM SPRAYER NOZZLE CAME INTO CONT",CYL & PISTON REPLACEMENT DONE IAW LYCOMING DIRECT DRIVE,EC-a564b402659cec93,LG-a564b402659cec93,train
103198,1 BAFFLE BUTTON WORN.,REPLACED BUTTON.,EC-0d2c20e710a63cad,LG-931829d74fc2a898,test
103199,ENG FWD LWR SEAL WEARING INTO UPPER INTAKE AIR FILTER FRAME.,INSTALLED RTV TO AREAS.,EC-74e0a80670c256d5,LG-74e0a80670c256d5,train
103200,L/H ENG BREATHER LINE KINKED.,REPLACED TUBE.,EC-495c7d41611ccb11,LG-495c7d41611ccb11,train
103201,R/H ENGINE HAS OIL LEAK AT HOISTING LOOP.,LEAK CK GOOD.,EC-3f62786720e845e8,LG-3f62786720e845e8,train
103202,"R/H #2, 3 & 4 INTAKE GASKETS ARE LEAKING.",LEAK CK GOOD.,EC-37a7ecb038ab2594,LG-4285908bb8f7434c,train
103203,R/H ENG #1 SIDE BAFFLE SEAL LOOSE.,SECURED BAFFLE SEAL.,EC-d11d587cdf3ffc6a,LG-7ef13215ee0e92fd,train
103204,#2 & 4 INTAKE GASKETS LEAKING ON L/H ENGINE.,LEAK CK GOOD.,EC-557398e65ef10bdd,LG-4285908bb8f7434c,train
103205,"#1, 3 & 4 ROCKER COVER GASKET LEAKING ON L/H ENGINE.",LEAK CK GOOD.,EC-2dc1114ab95b4bdf,LG-608d782c2258dd59,train
103206,"R/H #2, 3 & 4 INTAKE GASKETS ARE LEAKING.",REMOVED & REPLACED INTAKE GASKETS.,EC-37a7ecb038ab2594,LG-4285908bb8f7434c,train
103207,#2 & 4 INTAKE GASKETS LEAKING ON L/H ENGINE.,REMOVED & REPLACED INTAKE GASKETS.,EC-557398e65ef10bdd,LG-4285908bb8f7434c,train
103208,R/H ENGINE HAS OIL LEAK AT HOISTING LOOP.,"REMOVED, CLEANED, SEALED & REINSTALLED BOLT.",EC-3f62786720e845e8,LG-3f62786720e845e8,train
103209,"#1, 3 & 4 ROCKER COVER GASKET LEAKING ON L/H ENGINE.",REMOVED & REPLACED ROCKER COVER GASKETS.,EC-2dc1114ab95b4bdf,LG-608d782c2258dd59,train
103210,LOWER COWL SEAL LOOSE.,REATTACHED LOWER COWL SEAL.,EC-ce39e5545e69d296,LG-ce39e5545e69d296,test
103211,"COWL BRACKET CRACKED, L/H ENGINE.",INSTALLED PATCH MADE OF LIKE MATERIAL.,EC-371636ca2a3b3864,LG-371636ca2a3b3864,train
103212,"COWL BRACKET CRACKED, L/H ENGINE.",REMOVED BRACKET. STARTED CREATING PATCH.,EC-371636ca2a3b3864,LG-371636ca2a3b3864,train
103213,DING IN COMPRESSOR FIRST STAGE BLADE.,DAMAGE TO COMPRESSOR FIRST STAGE BLADE IS ACCEPTABLE. I,EC-292771954af97383,LG-292771954af97383,train
103214,#4 INTAKE GASKET IS LEAKING.,REMOVED & REPLACED INTAKE GASKET.,EC-0489f0dc14177ee4,LG-4285908bb8f7434c,train
103215,#3 ROCKER COVER GASKET LEAKING.,REMOVED CORK GASKET & REPLACED W/ SILICONE GASKET.,EC-cd33c56b9090b89a,LG-608d782c2258dd59,train
103216,#4 ROCKER COVER GASKET LEAKING.,REMOVED CORK GASKET & REPLACED W/ SILICONE GASKET.,EC-da6ceccf140509ee,LG-608d782c2258dd59,train
103217,#2 & 3 ROCKER COVER GASKETS LEAKING.,REMOVED & REPLACED GASKETS.,EC-2f07e0763eee3746,LG-608d782c2258dd59,train
103218,#2 & 3 INTAKE GASKETS LEAKING.,REMOVED & REPLACED INTAKE GASKETS.,EC-88f45c6cdd6109b9,LG-4285908bb8f7434c,train
103219,#3 INTAKE GASKET LEAKING.,REMOVED & REPLACED INTAKE GASKET.,EC-12a267bf8b1d91a6,LG-4285908bb8f7434c,train
103220,#3 INTAKE LEAKING.,REMOVED & REPLACED GASKET.,EC-6f9c95f514a1077a,LG-10956cdabbd1e3ce,dev
103221,L/H & R/H BAFFLE PLUGS ARE MISSING TABS.,REPLACED L/H & R/H BAFFLE PLUGS.,EC-4c7e03fbef9148e0,LG-4c7e03fbef9148e0,train
103222,L/H ENG #4 ROCKER COVER LEAKING.,REMOVED & REPLACED ROCKER COVER GASKET.,EC-bb16e83210427833,LG-608d782c2258dd59,train
103223,L/H ENG #2 & 4 INTAKES LEAKING.,REMOVED & REPLACED INTAKE GASKETS ON L/H ENG.,EC-5283edba5c104904,LG-4285908bb8f7434c,train
103224,"R/H ENGINE INTAKES 2, 3 & 4 LEAKING.",REMOVED & REPLACED INTAKE GASKETS ON R/H ENGINE.,EC-547a2b5e68ab81ae,LG-4285908bb8f7434c,train
103225,#4 INTAKE IS LEAKING.,REMOVED & REPLACED #4 CYL INTAKE GASKET.,EC-03758ee4b47de086,LG-10956cdabbd1e3ce,dev
103226,R/H BAFFLE TIE ROD IS BROKEN.,REMOVED & REPLACED R/H BAFFLE TIE ROD.,EC-4b5ffe9f457a7653,LG-a456c10593172117,dev
103227,#4 ROCKER COVER GASKET LEAKING.,REMOVED & REPLACED GASKET.,EC-da6ceccf140509ee,LG-608d782c2258dd59,train
103228,#1 & 4 INTAKE GASKETS LEAKING.,REMOVED & REPLACED INTAKE GASKETS.,EC-c2bde917d706a592,LG-4285908bb8f7434c,train
103229,#1 OUTER CYL BAFFLING CRACKED BY NUTPLATE.,STOP DRILLED CRACK ON #1 CYL OUTER BAFFLING.,EC-8317d6ec44697d88,LG-accdf93f9a1c30b0,train
103230,#4 INDUCTION TUBE GASKET IS LEAKING.,REMOVED & REPLACED #4 INTAKE GASKET.,EC-bede22091b097218,LG-abec8430bec9f461,test
103231,#3 & 4 INTAKES LEAKING.,REPLACED INTAKE GASKETS.,EC-2daf2ac0cbc5b82a,LG-26ffbcbee302311b,test
103232,ALUM FITTINGS FOR OIL COOLER OK?,FITTINGS OK.,EC-d567ebaed699bc99,LG-d567ebaed699bc99,train
103233,OIL COOLER LWR O/B BOLT NO THREADS SHOWING.,INSTALLED NEW BOLT.,EC-d89d50deceb5ed9b,LG-d89d50deceb5ed9b,train
103234,BOTH BAFFLE BUTTONS WORN.,REMOVED & REPLACED BOTH BAFFLE BUTTONS.,EC-420bb7ccc2269fca,LG-646dee5f7c2e3098,train
103235,OIL COOLER LOWER LINE REQ REROUTING.,REROUTED LOWER OIL COOLER LINE.,EC-df3b4684ee428882,LG-df3b4684ee428882,train
103236,FRONT FWD BAFFLE HUNG UP ON BOLT OF ALTERNATOR EXTRA BRACKET,REROUTED BAFFLE.,EC-1eefb1ddc3d36e0b,LG-1eefb1ddc3d36e0b,dev
103237,"BAFFLE BOLT OR SCREW MISSING, FWD L/H SIDE IN FRONT OF #2 CY",INSTALLED NEW SCREW.,EC-15a0f099c526c5c4,LG-15a0f099c526c5c4,train
103238,BAFFLE TIE WIRE INSTALLED WRONG ON R/H OF ENG.,REMOVED & REPLACED R/H BAFFLE TIE WIRE.,EC-9a0a08a8dc7d4b1a,LG-9a0a08a8dc7d4b1a,train
103239,"NUT MISSING ON TOP BACK BONE OF ENG, AFT SLING POINT.",INSTALLED NUT & WASHERS ON ENGINE AFT SLING POINT BOLT.,EC-16261410d959a060,LG-16261410d959a060,train
103240,FOD ON TOP L/H SIDE OF ENGINE,REMOVED FOD FROM TOP L/H SIDE OF ENGINE,EC-f125528b83c07fa4,LG-f125528b83c07fa4,train
103241,EXTRA SPARK PLUG ON TOP OF #2 CYLINDER,REMOVED EXTRA SPARK PLUG FROM #2 CYL,EC-195621566ef4fbfa,LG-195621566ef4fbfa,train
103242,"ENGINE BAFFLE CRACKED, ABOVE #1 CYL.",STOP DRILLED CRACK.,EC-2a88eb7888303775,LG-2a88eb7888303775,test
103243,CYL #4 INTAKE GASKET LEAKING.,REMOVED & REPLACED INTAKE GASKET.,EC-e5b89fc5cfd3901f,LG-4285908bb8f7434c,train
103244,"BAFFLE PLUG DAMAGED, REQUIRES REPLACEMENT.",REMOVED & REPLACED BAFFLE PLUG.,EC-91139f1be1abd938,LG-91139f1be1abd938,train
103245,#4 CYL ROCKER COVER LEAKING.,REMOVED & REPLACED GASKET.,EC-5f9c9dac8cc90c6b,LG-608d782c2258dd59,train
103246,PROP/ENGINE OVERSPEED.,REVIEWED FDM DATA. FOUND OVERSPEED TO BE W/IN LIMITS PE,EC-568443ace403fbbf,LG-568443ace403fbbf,test
103247,"#1, 2 & 3 INTAKE GASKETS LEAKING.",REMOVED & REPLACED INTAKE GASKETS.,EC-43ffdc7180c01553,LG-4285908bb8f7434c,train
103248,#3 & 4 ROCKER COVER GASKETS LEAKING.,REMOVED & REPLACED ROCKER COVERS GASKETS.,EC-c3bbd811114c6320,LG-608d782c2258dd59,train
103249,#2 INTAKE LEAKING.,REMOVED & REPLACED INTAKE GASKET.,EC-9e293c9950113443,LG-10956cdabbd1e3ce,dev
103250,#2 CYL INTAKE IS LEAKING.,REPLACED INTAKE GASKET & LOCK WASHERS.,EC-910d0a316f2a227d,LG-4285908bb8f7434c,train
103251,2 & 4 CYL INNER BAFFLE CONNECTOR ROD IS BROKEN.,REMOVED & REPLACED ROD.,EC-4246accbcf68e8fb,LG-4246accbcf68e8fb,dev
103252,#4 CYL INTAKE GASKET IS LEAKING.,REMOVED & REPLACED CYL #4 INTAKE GASKET.,EC-8edc952c184ae07f,LG-4285908bb8f7434c,train
103253,#1 CYL INTAKE IS LEAKING.,REMOVED & REPLACED #1 CYL INTAKE GASKET.,EC-ab49ba7b18d9f63e,LG-4285908bb8f7434c,train
103254,"CRACK ON FWD BAFFLE, AFT OF ALTERNATOR MOUNT BOLT.",STOP DRILLED CRACK.,EC-0d2285e0e8c39968,LG-0d2285e0e8c39968,train
103255,#1 & 2 ROCKER COVER GASKETS LEAKING.,REMOVED & REPLACED ROCKER GASKETS.,EC-33aed661780a9884,LG-608d782c2258dd59,train
103256,#2 & 4 INTAKE GASKETS LEAKING.,REMOVED & REPLACED #2 & 4 INTAKE GASKETS.,EC-f4c90d93e910c1fa,LG-4285908bb8f7434c,train
103257,COWL SEAL ON FRONT R/H BAFFLE LOOSE.,TIGHTENED BAFFLE & RESEALED W/ RTV.,EC-fb1c904f3842fc45,LG-fb1c904f3842fc45,test
103258,#1 CYL BAFFLING CRACK EXTENDING BEYOND STOP DRILL.,STOP DRILLED CRACK & INSTALLED DOUBLER PLATE IN REFEREN,EC-95dde7a49769529c,LG-95dde7a49769529c,train
103259,CRACK NOTED ON UPPER PORTION OF FWD R/H BAFFLE IN FRONT OF #,STOP DRILLED CRACK & RIVETED DOUBLER PLATE IN REFERENCE,EC-3d2c4fbb7e27cac8,LG-3d2c4fbb7e27cac8,train
103260,#3 ROCKER COVER IS LEAKING.,REMOVED & REPLACED ROCKER COVER GASKET.,EC-a0b3e63ece653165,LG-608d782c2258dd59,train
103261,"#1, 3, 4 & 2 ROCKER COVERS LEAKING (ALL 4).",REMOVED & REPLACED ROCKER COVER GASKETS.,EC-b3c726c0234f0e79,LG-b3c726c0234f0e79,train
103262,TABS ARE WORN OFF OF BAFFLE PLUGS.,REPLACED BAFFLE PLUGS.,EC-122fa2d1f5448ac1,LG-122fa2d1f5448ac1,train
103263,#1 INTAKE IS LEAKING.,REMOVED & REPLACED INTAKE GASKET.,EC-15bf6e31a0b605cd,LG-10956cdabbd1e3ce,dev
103264,"#1, 2, 3 & 4 INTAKE GASKETS LEAKING.",REMOVED & REPLACED INTAKE GASKETS.,EC-c83e05402db322eb,LG-4285908bb8f7434c,train
103265,#1 & 4 ROCKER COVER GASKETS LEAKING.,REMOVED & REPLACED ROCKER COVER GASKETS.,EC-688009375e8b3113,LG-608d782c2258dd59,train
103266,"#2, 3, 4 INTAKES LEAKING ON L/H ENGINE.",REMOVED & REPLACED INTAKE GASKETS.,EC-58bd48a5c1d13107,LG-4285908bb8f7434c,train
103267,R/H FWD BAFFLE SEAL LOOSE.,REATTACHED BAFFLE SEAL TO ENGINE BAFFLE.,EC-e1edc567da15df26,LG-550468c14295fbc3,test
103268,R/H REAR ENGINE BAFFLE ATTACH BRACKET LOOSE.,REMOVED R/H REAR BAFFLE. REATTACHED ATTACH BRACKET & RE,EC-e40390907f574e0f,LG-e40390907f574e0f,train
103269,#2 INTAKE GASKET LEAKING.,REPLACED GASKET.,EC-1fec9b07493816ca,LG-4285908bb8f7434c,train
103270,#3 & 4 SIDE BAFFLE SEALS ARE WORN.,REPLACED BAFFLE SEALS.,EC-16065477007192af,LG-16065477007192af,train
103271,BAFFLE CRACKED @ #1 CYL.,STOP DRILLED CRACK.,EC-016bf3d4edf2cbfa,LG-016bf3d4edf2cbfa,train
103272,CRACK ON CYL #1 BAFFLING.,"STOP DRILLED CRACK, NO FURTHER DEFECTS NOTED.",EC-a55c365303309c4a,LG-a55c365303309c4a,dev
103273,BAFFLING ABOVE CYL #4 HAS A CRACK IN IT.,"STOP DRILLED CRACK, NO FURTHER DEFECTS NOTED.",EC-4647b83ce6c87a73,LG-4647b83ce6c87a73,test
103274,INTAKES #2 & 4 LEAKING.,REMOVED & REPLACED INTAKE GASKETS.,EC-ca53215b84b148c5,LG-26ffbcbee302311b,test
103275,BOTH BAFFLE BUTTONS WORN.,REPLACED BOTH PLUGS.,EC-420bb7ccc2269fca,LG-646dee5f7c2e3098,train
103276,FWD BAFFLE SEAL HAS WORN SPOTS BY ENG INDUCTION.,INSTALLED BLACK RTV IN AREAS WORN.,EC-96d59949944f05db,LG-96d59949944f05db,train
103277,MOMENTARY ENGINE ROUGHNESS.,PERFORMED ENGINE RUN UP. NO ROUGHNESS NOTED THROUGH ENT,EC-e1af12485bfd29fc,LG-e1af12485bfd29fc,train
103278,"SCREW MISSING #3 CYL ROCKER COVER, L/H ENGINE.",INSTALLED NEW SCREW.,EC-34b2aa85e4acca63,LG-060d1f302518dba5,test
103279,"#2, 3 ROCKER COVERS LEAKING ON R/H ENGINE.",REMOVED & REPLACED ROCKER GASKETS ON R/H ENG.,EC-a8d4854969e06752,LG-608d782c2258dd59,train
103280,"#2, 3, 4 INTAKES LEAKING ON R/H ENGINE.","REMOVED & REPLACED #2, 3 & 4 INTAKE GASKETS ON R/H ENG.",EC-659bb080200688e6,LG-4285908bb8f7434c,train
103281,#2 & 4 INTAKE GASKETS LEAKING ON L/H ENGINE.,REMOVED & REPLACED #2 & 4 INTAKE GASKETS ON L/H ENG.,EC-557398e65ef10bdd,LG-4285908bb8f7434c,train
103282,#3 & 4 ROCKER COVERS LEAKING ON L/H ENGINE.,REMOVED & REPLACED #3 & 4 ROCKER COVERS ON L/H ENGINE.,EC-72a1b69618b55cea,LG-608d782c2258dd59,train
103283,R/H BAFFLE TIE ROD IS RUBBING ON OIL RETURN LINE CLAMP.,INSPECTED OIL RETURN LINE & TIE ROD - OK. ADJUSTED OIL,EC-1812b2606d392c17,LG-1812b2606d392c17,train
103284,"#2, 3 & 4 INTAKE GASKETS LEAKING ON L/H ENGINE.",REMOVED & REPLACED INTAKE GASKETS.,EC-020e67b912dec4ca,LG-4285908bb8f7434c,train
103285,R/H ENGINE BACK BONE SEEPING OIL.,"REMOVED BOLTS (ONE AT A TIME), CLEANED, RESEALED & RETO",EC-4b2d71c4187cc190,LG-4b2d71c4187cc190,train
103286,R/H ENG #2 & 4 ROCKER BOX COVERS LEAKING.,REMOVED & REPLACED R/H ENG CYL #2 & 4 ROCKER COVER GASK,EC-9df0129abac143fe,LG-9510fca4d1deffdb,test
103287,BAFFLE CONNECTION ROD LOOSE ON #1 & 3 CYL OF L/H ENGINE.,TIGHTENED BAFFLE CONNECTING ROD BETWEEN #1 & 3 CYLINDER,EC-b05649671b3ef74e,LG-b05649671b3ef74e,train
103288,#3 & 4 INTAKE IS LEAKING.,REMOVED & REPLACED INTAKE GASKETS.,EC-e75584bb841ef2c2,LG-10956cdabbd1e3ce,dev
103289,BAFFLE PLUGS ABOVE #3 & 4 CYL WORN.,REMOVED & REPLACED BAFFLE PLUGS.,EC-afbb9967006edd7b,LG-afbb9967006edd7b,test
103290,L/H SIDE BAFFLE REQUIRES BAFFLE PLUG PATCH.,INSTALLED BAFFLE PLUG PATCH.,EC-adf269b1df2b3691,LG-f4eab3409648b541,train
103291,"SCREW MISSING ON ENGINE BAFFLE #3 CYL, BY OIL FILL TUBE.",INSTALLED SCREW ONTO BAFFLE.,EC-dd59e6eb3505b22d,LG-dd59e6eb3505b22d,dev
103292,BAFFLE PATCH CRACKED ABOVE #4 CYL.,"REMOVED CRACKED BAFFLE PATCH, FABRICATED NEW PATCH, INS",EC-60f1c0402bfcdc91,LG-60f1c0402bfcdc91,train
103293,L/H ENG #4 CYL DEAD.,COMPRESSION ON #4 = 78/80.,EC-f531d28bf99bd178,LG-f531d28bf99bd178,train
103294,L/H FWD BAFFLE MATERIAL TORN.,REMOVED & REPLACED BAFFLE MATERIAL.,EC-a68b9a23ce8c4373,LG-a68b9a23ce8c4373,train
103295,#3 & 4 INTAKES LEAKING ON L/H ENGINE.,REMOVED & REPLACED INTAKE GASKETS.,EC-6e886594be0e252e,LG-4285908bb8f7434c,train
103296,L/H ENGINE BACK BAFFLE BY #4 CYL HAS A CRACK.,REMOVED & REPLACED BRACKET.,EC-0de4efae944c7640,LG-312ba7d5efecd756,train
103297,"INTAKES 2, 3 & 4 LEAKING ON R/H ENGINE.",REMOVED & REPLACED INTAKE GASKETS.,EC-acfd9a8357993041,LG-4285908bb8f7434c,train
103298,L/H ENG #4 CYL DEAD.,"DISCONNECTED PROP GOV CABLE, PROP GOV OIL LINE, #2 & 4",EC-f531d28bf99bd178,LG-f531d28bf99bd178,train
103299,L/H ENG #4 CYL DEAD.,REPLACED EXHAUST VALVE & GROUND VALVE SEAT IAW LYCOMING,EC-f531d28bf99bd178,LG-f531d28bf99bd178,train
103300,L/H ENG #4 CYL DEAD.,REINSTALLED AFT BAFFLE & BOTH SIDE BAFFLES. INSTALLED B,EC-f531d28bf99bd178,LG-f531d28bf99bd178,train
103301,#1 & 4 ROCKER GASKETS LEAKING ON L/H ENGINE.,REPLACED L/H ENG ROCKER COVER GASKETS.,EC-644107ae58da4422,LG-608d782c2258dd59,train
103302,L/H ENG BACK BONE LEAKING OIL IN MIDDLE.,"CLEANED, RESEALED & TORQUED TOP BACK BONE BOLTS.",EC-88e539b66bb48077,LG-88e539b66bb48077,test
103303,INTAKE GASKETS LEAKING ON L/H ENGINE.,REMOVED & REPLACED ALL INTAKE GASKETS ON L/H ENGINE.,EC-5725508c41823790,LG-4285908bb8f7434c,train
103304,L/H ENGINE QUICK DRAIN NEEDS INSTALLATION.,INSTALLED QUICK DRAIN.,EC-7e762957cbb507a9,LG-7e762957cbb507a9,train
103305,R/H ENGINE QUICK DRAIN NEEDS INSTALLATION.,INSTALLED QUICK DRAIN.,EC-1f641b8fccac7d59,LG-7e762957cbb507a9,train
103306,"#1, 2 & 4 CYL INTAKES LEAKING.",REMOVED & REPLACED CYL INTAKE GASKETS.,EC-6589ad08a9c29778,LG-6589ad08a9c29778,train
103307,CYL #1 INTAKE GASKET IS LEAKING.,REPLACED LEAKY CYL #1 INTAKE GASKET.,EC-729ec3f26fc08e76,LG-4285908bb8f7434c,train
103308,TYWRAP BROKEN ON STAND OFF ON #2 CYL.,SECURED W/ TYWRAP.,EC-f395ada04ab1a87f,LG-f395ada04ab1a87f,test
103309,BATTERY BOX BRACKET CRACKED.,REMOVED & REPLACED BRACKET.,EC-7bef9191487b7497,LG-7bef9191487b7497,dev
103310,SIMULATED OIL LEAK ON ENGINE,REMOVED SIMULATION,EC-3d144cd623da150a,LG-3d144cd623da150a,train
103311,BAFFLE PLUG ABOVE #4 CYL HAS BROKEN TABS.,REPLACED BAFFLE PLUGS W/ NEW.,EC-cd7fe8b0a764e008,LG-cd7fe8b0a764e008,train
103312,#2 ROCKER COVER LEAKING.,REMOVED & REPLACED #2 ROCKER COVER GASKET.,EC-c85bc86f75e7cd5b,LG-608d782c2258dd59,train
103313,#2 OIL RETURN LINE CHAFING ON BAFFLING.,INSTALLED CHAFE WRAP & APPLIED SILICONE TO AREA. NO DAM,EC-3936d3a5b2c96736,LG-3936d3a5b2c96736,dev
103314,#2 & 4 INTERCYLINDER BAFFLE CRACKED.,STOP DRILLED CRACK.,EC-a9e8c0efb29fe553,LG-a9e8c0efb29fe553,train
103315,INTAKES 2 & 3 LEAKING ON L/H ENGINE.,REPLACED 2 & 3 GASKETS.,EC-239f58816c19492c,LG-4285908bb8f7434c,train
103316,INTAKES 2 & 4 LEAKING ON R/H ENGINE.,REMOVED & REPLACED GASKETS.,EC-97caa6160c52c03f,LG-4285908bb8f7434c,train
103317,#3 CYLINDER L/H ENGINE THRUST BUTTONS WORN.,REMOVED & REPLACED BUTTONS.,EC-db7dc6d4b8752579,LG-db7dc6d4b8752579,train
103318,ALL 4 ROCKER COVERS LEAKING ON R/H ENGINE.,"REMOVED ROCKER COVERS, CLEANED COVERS & INSTALLED NEW G",EC-e916d0cf5fd8c69d,LG-e916d0cf5fd8c69d,train
103319,"ROCKER COVERS 1, 2, 3 & 4 LEAKING ON L/H ENGINE.",REMOVED ROCKER COVERS & CLEANED OLD GASKET MATERIAL FRO,EC-ab8b4525c5dc195a,LG-608d782c2258dd59,train
103320,#2 BAFFLE SEAL DISCONNECTED.,RESECURED LOOSE BAFFLE SEAL.,EC-7b85f847eb6600a2,LG-7b85f847eb6600a2,train
103321,WIRING BETWEEN #2 - 4 UNSUPPORTED.,RESECURED WIRING TO BAFFLE STANDOFF.,EC-f1dade8c57f5f9cb,LG-f1dade8c57f5f9cb,train
103322,#1 CHT RED X AT FULL POWER.,OPS CK GOOD.,EC-f58119c7292790bb,LG-f58119c7292790bb,train
103323,#1 EGT RED X.,"REMOVED & REPLACED #1 EGT, OPS CK GOOD.",EC-1c070be7c050371e,LG-1c070be7c050371e,train
103324,#1 ROCKER COVER LEAKING.,REMOVED & REPLACED ROCKER COVER GASKET.,EC-d7f19738c9144c80,LG-608d782c2258dd59,train
103325,#1 CHT RED X AT FULL POWER.,REMOVED & REPLACED CHT PROBE ON #1 CYL.,EC-f58119c7292790bb,LG-f58119c7292790bb,train
103326,"#1, 2, 4 INTAKE GASKETS LEAKING.",REMOVED & REPLACED INTAKE GASKETS.,EC-8fb7cf88d09cbb57,LG-4285908bb8f7434c,train
103327,ENGINE FAILED ONCE ON RUN UP. ENGINE RAN ROUGH & ALMOST QUIT,PLACED HELICOPTER IN HEATER HANGAR. STARTED ENGINE USIN,EC-e2366d5f8778fa98,LG-e2366d5f8778fa98,train
103328,INTAKES 2 & 4 LEAKING ON R/H ENG.,REMOVED & REPLACED INTAKE GASKETS.,EC-178e80571cb04cb0,LG-4285908bb8f7434c,train
103329,INTAKES 1 & 3 LEAKING ON L/H ENG.,"UPON FURTHER INSP, NO LEAK FROM INTAKE TUBE FOUND.",EC-94c447847b5039ff,LG-4285908bb8f7434c,train
103330,#3 & 4 CYL INTAKE GASKETS ARE LEAKING.,REMOVED & REPLACED GASKETS.,EC-11ad6791c37c6afc,LG-4285908bb8f7434c,train
103331,#4 INTAKE IS LEAKING.,REMOVED & REPLACED GASKET.,EC-03758ee4b47de086,LG-10956cdabbd1e3ce,dev
103332,R/H FWD ENGINE BAFFLE SEAL LOOSE.,REATTACHED BAFFLE SEAL.,EC-42ae006cf246ad76,LG-550468c14295fbc3,test
103333,#3 INTAKE LEAKING.,REPLACED GASKET.,EC-6f9c95f514a1077a,LG-10956cdabbd1e3ce,dev
103334,"2 BAFFLE SCREWS MISSING, ABOVE STARTER.",INSTALLED SCREWS.,EC-88bfd2e01cc8f61d,LG-88bfd2e01cc8f61d,train
103335,#4 INTAKE LEAKING.,REMOVED & REPLACED INTAKE GASKET.,EC-66d79f80174da74e,LG-10956cdabbd1e3ce,dev
103336,R/H FWD BAFFLE MATERIAL LOOSE.,RESECURED BAFFLE MATERIAL.,EC-592d94fd1cc52ab7,LG-592d94fd1cc52ab7,train
103337,CYL #2 INTAKE GASKET LEAKING.,REMOVED & REPLACED CYL #2 INTAKE GASKET.,EC-804e232273da2515,LG-4285908bb8f7434c,train
103338,"CYL #1, 4 ROCKER COVERS LEAKING.","REMOVED & REPLACED CYL #1, 4 ROCKER COVER GASKETS.",EC-252ff549062e9fa4,LG-608d782c2258dd59,train
103339,#1 & 2 CYL ROCKER COVER GASKETS LEAKING.,REMOVED & REPLACED ROCKER COVER GASKETS.,EC-49810e388b85a56d,LG-608d782c2258dd59,train
103340,#3 INTAKE GASKET LEAKING.,REMOVED & REPLACED #3 INTAKE GASKET.,EC-12a267bf8b1d91a6,LG-4285908bb8f7434c,train
103341,#2 CYL INTAKE GASKET LEAKING.,REMOVED & REPLACED #2 CYL INTAKE GASKET.,EC-cc41856dc2df8c7c,LG-4285908bb8f7434c,train
103342,BAFFLE CRACKED ABOVE #1 CYL.,STOP DRILLED CRACK.,EC-ab88affdca25a745,LG-ab88affdca25a745,train
103343,#2 INTAKE GASKET LEAKING.,REMOVED & REPLACED INTAKE GASKET.,EC-1fec9b07493816ca,LG-4285908bb8f7434c,train
103344,#3 & 4 ROCKER COVER GASKETS LEAKING.,REMOVED & REPLACED ROCKER COVERS.,EC-c3bbd811114c6320,LG-608d782c2258dd59,train
103345,"#1, 2, 4 INTAKES LEAKING.",REMOVED & REPLACED GASKETS.,EC-90e2fc81296cf852,LG-26ffbcbee302311b,test
103346,R/H ENG BAFFLE PLUG LOCK TAB BROKEN.,INSTALLED NEW BAFFLE PLUG.,EC-a6020076cfb11ddd,LG-a6020076cfb11ddd,train
103347,#4 CYL INTAKE GASKET IS LEAKING.,REMOVED & REPLACED GASKET.,EC-8edc952c184ae07f,LG-4285908bb8f7434c,train
103348,#3 INTAKE LEAKING.,REMOVED & REPLACED INTAKE GASKET.,EC-6f9c95f514a1077a,LG-10956cdabbd1e3ce,dev
103349,SCREW MISSING R/H BAFFLE.,REPLACED MISSING SCREW.,EC-213642dd66ae3262,LG-ac09d330d3a5d8db,dev
103350,FWD LWR ENG BAFFLE SEAL WORN ABOVE ENG AIR INTAKE.,INSTALLED RTV TO AREAS.,EC-8f5156fe0fc8a657,LG-8f5156fe0fc8a657,train
103351,CYL #3 INTAKE GASKET IS LEAKING.,REPLACED #3 INTAKE GASKET.,EC-1074ea01820aa3a5,LG-4285908bb8f7434c,train
103352,RIGHT BAFFLE PLUG DAMAGED.,REPLACED RIGHT BAFFLE PLUG.,EC-ee4f438e51fe3dd3,LG-a35b550497c9ab15,test
103353,A/C & PILOT REQUIRE START ASSIST.,STARTED A/C.,EC-5aabc584506d4ead,LG-5aabc584506d4ead,train
103354,#3 INTAKE GASKET LEAKING.,INSTALLED NEW #3 INTAKE GASKET.,EC-12a267bf8b1d91a6,LG-4285908bb8f7434c,train
103355,ENGINE BACK BONE BOLTS SEEPING.,RETORQUED BACK BONE BOLTS.,EC-6bdec57cd79e867c,LG-6bdec57cd79e867c,train
103356,OIL FILLER TUBE LOOSE.,TIGHTENED OIL FILLER TUBE & SAFETIED.,EC-516838c9b9e7b9e0,LG-516838c9b9e7b9e0,train
103357,INTER BAFFLE ROD FASTENER BROKEN.,REMOVED & REPLACED INTER BAFFLE ROD FASTENER.,EC-cbac047528ee32ed,LG-cbac047528ee32ed,train
103358,#3 AFT BAFFLE TAB RIVETS LOOSE.,"REMOVED BAFFLE, REMOVED RIVETS & INSTALLED NEW HARDWARE",EC-59d5d550a3d0d894,LG-59d5d550a3d0d894,dev
103359,#4 INTAKE GASKET LEAKING.,REMOVED & REPLACED #4 INTAKE GASKET.,EC-57acd94dcdde4ef3,LG-4285908bb8f7434c,train
103360,SPRING CONNECTOR BETWEEN #1 & 3 CYL BAFFLES IS BROKEN.,REMOVED & REPLACED SPRING CONNECTOR BETWEEN #1 & 3 CYLS,EC-ec65116d0639c49c,LG-ec65116d0639c49c,test
103361,#3 BAFFLE CRACKED.,STOP DRILLED CRACK IN #3 ENG BAFFLE.,EC-b8323522cb57d37a,LG-e3b964f842fc4352,test
103362,"ENG FWD LWR COWL SEAL WORN, ABOVE AIR INTAKE.","APPLIED SILICONE SEALANT TO SEAL, NO DAMAGE NOTED.",EC-991bce2a3f54e1d4,LG-991bce2a3f54e1d4,train
103363,"BOLT MISSING ON #4 BAFFLE, R/H ENG.",REPLACED BOLT.,EC-ee09ecb3c353bb94,LG-646a03ecbb5aa402,train
103364,CYL #4 ROCKER COVER GASKET IS LEAKING.,REMOVED & REPLACED CYL #4 ROCKER COVER GASKET.,EC-873f09da28499cc7,LG-608d782c2258dd59,train
103365,#1 & 2 INTAKE GASKETS LEAKING.,REMOVED & REPLACED #1 & 2 INTAKE GASKETS.,EC-299e439596394371,LG-4285908bb8f7434c,train
103366,R/H ENG #3 CYL INTAKE GASKET LEAKING.,REMOVED & REPLACED GASKET.,EC-404b45c368454ea1,LG-4285908bb8f7434c,train
103367,#3 ROCKER COVER GASKET LEAKING.,REMOVED & REPLACED ROCKER COVER GASKET.,EC-cd33c56b9090b89a,LG-608d782c2258dd59,train
103368,#4 ROCKER COVER IS LEAKING.,REMOVED & REPLACED #4 CYL ROCKER COVER GASKET.,EC-59c5dc8b564981cd,LG-608d782c2258dd59,train
103369,ALL ROCKER COVER SCREWS NEED TIGHTENING.,RESECURED ALL ROCKER COVER SCREWS.,EC-6962ab5faa940256,LG-edb64c89efcbd7bc,train
103370,RIGHT BAFFLE TIE ROD IS BROKEN.,DRILLED NEW TIE ROD HOLE IN R/H AFT BAFFLE. INSTALLED S,EC-696b5dfbf94f509f,LG-a456c10593172117,dev
103371,"L/H ENG #2, 3 ROCKER COVER GASKETS ARE LEAKING.",REMOVED & REPLACED ROCKER COVER GASKETS.,EC-9234cc7f633e1697,LG-608d782c2258dd59,train
103372,BAFFLE SEAL WORN & WEARING ABOVE ENG INLET.,SEALED UP AREAS W/ RTV.,EC-d609dabbf639b19b,LG-d609dabbf639b19b,dev
103373,"R/H FWD BAFFLE, #1 CYL SIDE, HAS A CRACK.","STOP DRILLED CRACKS, FABRICATED PATCH & RIVETED IAW CES",EC-207ce42ee606cecb,LG-207ce42ee606cecb,test
103374,#1 & 2 ROCKER COVERS LEAKING.,REMOVED & REPLACED ROCKER GASKETS.,EC-219cf808c14f3f36,LG-608d782c2258dd59,train
103375,#1 & 3 ROCKER DRAIN LINES LEAKING.,TIGHTENED ROCKER DRAIN LINE CLAMPS.,EC-2778b8b4bf7af73d,LG-2778b8b4bf7af73d,train
103376,L/H ENG #4 CYL INTAKE GASKET IS LEAKING.,REPLACED GASKET.,EC-9187c760c59569da,LG-4285908bb8f7434c,train
103377,R/H ENG #3 & 4 CYL INTAKE GASKETS ARE LEAKING.,REMOVED & REPLACED GASKETS.,EC-96fb8ee2346fe438,LG-4285908bb8f7434c,train
103378,#2 INTAKE LEAKING.,REMOVED & REPLACED GASKET.,EC-9e293c9950113443,LG-10956cdabbd1e3ce,dev
103379,INTAKE #3 LEAKING ON R/H ENGINE.,REMOVED & REPLACED GASKET.,EC-54e8a9bc15b1c59e,LG-4285908bb8f7434c,train
103380,#1 & 2 ROCKER COVERS LEAKING ON L/H ENGINE.,REMOVED & REPLACED ROCKER COVER GASKETS.,EC-3e07e3b2a8d498bf,LG-608d782c2258dd59,train
103381,R/H FWD ENGINE BAFFLE LOOSE.,RESECURED BAFFLE SEAL.,EC-91d14b00be1c6ec1,LG-550468c14295fbc3,test
103382,#2 INTAKE TUBE GASKET LEAKING.,REMOVED & REPLACED GASKET.,EC-babcfce517a6bf32,LG-4dcd0e6b51932d0b,dev
103383,"FWD LWR BAFFLE SEAL FOR ENG, INTAKE WEARING INTO IT.",PATCHED BAFFLE W/ SILICONE SEALANT.,EC-94fa719a1e0a2f57,LG-94fa719a1e0a2f57,train
103384,R/H ENGINE WOULD NOT START.,"STARTED A/C, ALL CHECKS GOOD.",EC-b89f9452208ff43a,LG-356f7073285e0631,test
103385,ENGINE NEEDS TO BE PRESERVED.,PERFORMED CORROSION PREVENTION IN ENGINES INSTALLED IN,EC-4080d7387c68a16f,LG-4080d7387c68a16f,train
103386,ENGINE NEEDS TO BE PRESERVED.,PERFORMED CORROSION PREVENTION IN ENGINE IAW LYCOMING O,EC-4080d7387c68a16f,LG-4080d7387c68a16f,train
103387,ENGINE NEEDS TO BE PRESERVED.,PERFORMED CORROSION PREVENTION IN ENGINE IAW LYCOMING O,EC-4080d7387c68a16f,LG-4080d7387c68a16f,train
103388,ENGINE NEEDS TO BE PRESERVED.,PERFORMED CORROSION PREVENTION IAW LYCOMING OPS MANUAL.,EC-4080d7387c68a16f,LG-4080d7387c68a16f,train
103389,ENGINE NEEDS TO BE PRESERVED.,PERFORMED CORROSION PROTECTION IAW LYCOMING OPS MANUAL.,EC-4080d7387c68a16f,LG-4080d7387c68a16f,train
103390,ENGINE NEEDS TO BE PRESERVED.,"RAN UP A/C, OPS CK GOOD.",EC-4080d7387c68a16f,LG-4080d7387c68a16f,train
103391,ENGINE NEEDS TO BE PRESERVED.,PERFORMED CORROSION PREVENTION IN ENGINES INSTALLED IN,EC-4080d7387c68a16f,LG-4080d7387c68a16f,train
103392,ENGINE NEEDS TO BE PRESERVED.,PERFORMED CORROSION PREVENTION IN ENGINE IAW LYCOMING O,EC-4080d7387c68a16f,LG-4080d7387c68a16f,train
103393,#4 INTAKE GASKET LEAKING.,REMOVED & REPLACED INTAKE GASKET.,EC-57acd94dcdde4ef3,LG-4285908bb8f7434c,train
103394,SCREW MISSING FROM R/H ENGINE #4 BAFFLE.,INSTALLED FASTENER.,EC-85785f9ce0c02b6e,LG-ac09d330d3a5d8db,dev
103395,"L/H ENG, R/H REAR ENGINE BAFFLE CRACKED.",STOP DRILLED CRACK.,EC-8cfb07023d80854c,LG-ba980fdf0c11c4fb,test
103396,BAFFLE TIE ROD MISSING UNDER #2 & 4 CYLINDERS.,INSTALLED BAFFLE ROD.,EC-2583338e84f996d0,LG-2583338e84f996d0,train
103397,RIVNUT STRIPPED OUT ON BAFFLE FOR OIL COOLER.,REMOVED & REPLACED RIVNUT.,EC-033f094108095426,LG-033f094108095426,dev
103398,"ENGINE BAFFLE CRACKED, #3 CYL.","REMOVED CRACKED BAFFLE, FABRICATED & INSTALLED NEW BAFF",EC-6c393d57c3a7fb8e,LG-6c393d57c3a7fb8e,train
103399,#2 CYL BAFFLE CRACKED.,STOP DRILLED CRACK & FABRICATED PATCH USING LIKE MATERI,EC-20b78a3107e5eb70,LG-e3b964f842fc4352,test
103400,CYL #3 AFT BAFFLE IS CRACKED.,"STOP DRILLED CRACK, FABRICATED PATCH OF LIKE MATERIAL,",EC-78d041300b127fed,LG-e3b964f842fc4352,test
103401,CYL #1 FWD BAFFLE IS CRACKED.,STOP DRILLED CRACKS & FABRICATED PATCHES OF LIKE MATERI,EC-c02e401d27e7432e,LG-15f761dc9e6351d8,dev
103402,#4 ROCKER COVER IS LEAKING.,REMOVED & REPLACED GASKET.,EC-59c5dc8b564981cd,LG-608d782c2258dd59,train
103403,#2 & 4 INTAKES ARE LEAKING.,REMOVED & REPLACED GASKETS.,EC-a8a32c50c5fc85ea,LG-26ffbcbee302311b,test
103404,#2 INTAKE GASKET LEAKING.,REMOVED & REPLACED INTAKE GASKET.,EC-1fec9b07493816ca,LG-4285908bb8f7434c,train
103405,"#2, 3, 4 ROCKER COVER GASKETS LEAKING.",REMOVED & REPLACED ROCKER COVER GASKETS.,EC-e8b991cd7788d657,LG-608d782c2258dd59,train
103406,#2 & 4 CYL BAFFLE CONNECTION ROD BROKEN.,REMOVED & REPLACED BAFFLE CONNECTING SPRING FOR #2 & 4,EC-3416a13337bfcb3e,LG-3416a13337bfcb3e,train
103407,#2 INTAKE GASKET LEAKING.,REPLACED #2 INTAKE GASKET.,EC-1fec9b07493816ca,LG-4285908bb8f7434c,train
103408,R/H REAR ENGINE BAFFLE SCREW MISSING.,INSTALLED NEW SCREW.,EC-00c3779a82bb5065,LG-ac09d330d3a5d8db,dev
103409,#4 INDUCTION TUBE GASKET LEAKING.,INSTALLED NEW #4 INDUCTION TUBE GASKET.,EC-412b35d40e0953c0,LG-abec8430bec9f461,test
103410,#3 ROCKER LEAKING.,REMOVED & REPLACED #3 ROCKER COVER GASKET.,EC-519ea8b3bd626a7a,LG-75e357f4a79e8d6e,train
103411,#4 INTAKE IS LEAKING.,REMOVED & REPLACED INTAKE GASKET.,EC-03758ee4b47de086,LG-10956cdabbd1e3ce,dev
103412,#2 ROCKER GASKET LEAKING.,REPLACED GASKET.,EC-1d7158e804136131,LG-608d782c2258dd59,train
103413,"#1, 3 & 4 INTAKE GASKETS LEAKING.",REPLACED GASKETS.,EC-02c772511efc9715,LG-4285908bb8f7434c,train
103414,R/H ENGINE #3 INTAKE LEAKING.,REPLACED GASKET.,EC-6e41f7a561460a89,LG-4285908bb8f7434c,train
103415,L/H ENG #4 INTAKE GASKET LEAKS.,REPLACED GASKET.,EC-a89ed2f8680a6748,LG-0e48eb423d7a05e3,test
103416,#2 INTAKE TUBE GASKET LEAKING.,REMOVED & REPLACED #2 INTAKE TUBE GASKET.,EC-babcfce517a6bf32,LG-4dcd0e6b51932d0b,dev
103417,#2 INTAKE GASKET IS LEAKING.,REPLACED #2 INTAKE GASKET.,EC-53f353a420cf4fcc,LG-4285908bb8f7434c,train
103418,#3 & 4 INTAKES LEAKING ON R/H ENGINE.,REMOVED & REPLACED INTAKE GASKETS.,EC-96bbea2f0f21f799,LG-4285908bb8f7434c,train
103419,"#2, 3 & 4 INTAKES LEAKING ON L/H ENGINE.",REMOVED & REPLACED INTAKE GASKETS.,EC-e5eb9bd7562e3309,LG-4285908bb8f7434c,train
103420,#2 ENG CYL INTAKE LEAKS.,REPLACED GASKET.,EC-4dc8ff34e9094c53,LG-0e48eb423d7a05e3,test
103421,FWD BLACK ENG SEAL WORN.,INSTALLED RTV SILICONE IN WORN AREAS.,EC-24797eab80c726f1,LG-24797eab80c726f1,train
103422,#3 AFT BAFFLE SUPPORT BRACKET MISSING SCREW.,INSTALLED MISSING BRACKET SCREW.,EC-df183fcc768958d9,LG-df183fcc768958d9,train
103423,#2 & 4 CYL BAFFLE FASTENER IS BROKEN.,REMOVED & REPLACED FASTENER.,EC-4a50d83cea9b3e80,LG-4a50d83cea9b3e80,test
103424,MOMENTARY STUCK VALVE W/ SLIGHT DROP IN RPM. IN CRUISE FLIGH,REMOVED BAFFLES AS REQUIRED & DISCONNECTED OIL LINES TO,EC-26ff4a2fde165efb,LG-26ff4a2fde165efb,train
103425,MOMENTARY STUCK VALVE W/ SLIGHT DROP IN RPM. IN CRUISE FLIGH,"PERFORMED LYCOMING  ON CYL #2, 4. FOUND #4 CYL T",EC-26ff4a2fde165efb,LG-26ff4a2fde165efb,train
103426,#3 CYL INTAKE FEELS LOOSE.,REMOVED INTAKE TUBE FROM INVENTORY ENGINE. INSTALLED ON,EC-4a5c00218fc746a0,LG-4a5c00218fc746a0,train
103427,#2 INTAKE LEAKING.,REMOVED & REPLACED #2 INTAKE GASKET.,EC-9e293c9950113443,LG-10956cdabbd1e3ce,dev
103428,#3 ROCKER COVER LEAKING.,REMOVED & REPLACED #3 ROCKER COVER GASKET.,EC-4774d48aa3f463c3,LG-608d782c2258dd59,train
103429,#4 INTAKE GASKET LEAKING.,REMOVED & REPLACED GASKET.,EC-57acd94dcdde4ef3,LG-4285908bb8f7434c,train
103430,#4 INTAKE GASKET LEAKS.,REMOVED & REPLACED INTAKE GASKET.,EC-c6bddbe61e65b1cb,LG-0e48eb423d7a05e3,test
103431,R/H BAFFLING CONNECTING ROD IS BROKEN.,REMOVED & REPLACED ROD.,EC-aee15e3122d788a3,LG-aee15e3122d788a3,train
103432,CYL #3 INTAKE GASKET IS LEAKING.,REMOVED & REPLACED INTAKE GASKET.,EC-1074ea01820aa3a5,LG-4285908bb8f7434c,train
103433,L/H I/B BAFFLING CONNECTING ROD IS BROKEN.,REMOVED & REPLACED CONNECTING ROD.,EC-77171bca9be2975f,LG-aee15e3122d788a3,train
103434,#3 INTAKE GASKET LEAKING.,REMOVED & REPLACED INTAKE GASKET.,EC-12a267bf8b1d91a6,LG-4285908bb8f7434c,train
103435,BOTH BAFFLE PLUGS WORN.,REPLACED BOTH BAFFLE PLUGS.,EC-8c42875f4907c236,LG-d1ae1963cf7de664,dev
103436,"CYL #2, 3 & 4 INTAKE GASKETS LEAKING.",REMOVED & REPLACED INTAKE GASKETS.,EC-60334ff14dcee515,LG-4285908bb8f7434c,train
103437,#2 & 4 ROCKER GASKETS ARE LEAKING.,REMOVED & REPLACED ROCKER COVER GASKETS. LEAK CK GOOD.,EC-c0b03588cb909a7f,LG-608d782c2258dd59,train
103438,#3 EXHAUST PUSH ROD SEAL (I/B) LEAKING.,REMOVED & REPLACED #3 EXHAUST PUSH ROD SEALS. LEAK CK G,EC-d120124a5258e5af,LG-b60b3becc3dc04e9,train
103439,CYL #3 & 4 INTAKE GASKETS LEAKING.,REMOVED & REPLACED GASKETS.,EC-f72e44d6b02aef53,LG-4285908bb8f7434c,train
103440,#2 & 4 INTAKE GASKETS LEAKING (L/H ENGINE).,INSTALLED NEW INTAKE GASKETS.,EC-45f28fdcb50d1398,LG-45f28fdcb50d1398,train
103441,#1 ROCKER GASKET LEAKING ON L/H ENGINE.,INSTALLED NEW ROCKER BOX COVER GASKET.,EC-6b512ac1591069fe,LG-608d782c2258dd59,train
103442,#3 & 4 ROCKER COVER GASKETS LEAKING (R/H ENGINE).,INSTALLED NEW #3 & 4 ROCKER BOX COVER GASKETS.,EC-39f4fbd9f2653711,LG-608d782c2258dd59,train
103443,"#3 & 4 INTAKE GASKETS LEAKING, L/H ENGINE.",REMOVED & REPLACED INTAKE GASKETS.,EC-eaebb74fae42890c,LG-0222eb60e96e9748,dev
103444,#2 & 4 INTAKE GASKETS LEAKING ON R/H ENGINE.,REMOVED & REPLACED INTAKE GASKETS.,EC-6d313cbe06f3011c,LG-4285908bb8f7434c,train
103445,CYL #3 AFT BAFFLE IS WORN.,"REPAIRED BAFFLE, FABRICATED PATCH OF LIKE MATERIAL & RI",EC-5922ee034528e5e7,LG-5922ee034528e5e7,dev
103446,"#1 CYL HAS OIL LEAKING AT CYLINDER BASE, LOWER AFT CORNER.","WASHED ENGINE, RAN A/C, LEAK CK GOOD.",EC-67bcc59035b59575,LG-67bcc59035b59575,train
103447,DUCT TAPE ON BACK OF OIL COOLER,REMOVED DUCT TAPE,EC-974b274689e9c865,LG-974b274689e9c865,train
103448,WRENCH ON TYRAP ON TOE OF ENGINE,REMOVED WRENCH AND TYRAP,EC-4ee0d041a79ad18b,LG-4ee0d041a79ad18b,train
103449,#2 INTAKE LEAKING.,REMOVED & REPLACED CYL #2 INTAKE GASKET.,EC-9e293c9950113443,LG-10956cdabbd1e3ce,dev
103450,"SEAL WEARING AT FWD LWR BAFFLE, ABOVE INTAKE.",INSTALLED RTV IN AREAS.,EC-ea7d839a42aaf7bb,LG-ea7d839a42aaf7bb,train
103451,ENGINE R/H REAR BAFFLE MOUNTING BRACKET LOOSE.,LOOSENED OIL COOLER & OIL FILLER TUBE.,EC-bea6600fdc3501b6,LG-6d8bbdb5a1b62867,train
103452,ENGINE R/H REAR BAFFLE MOUNTING BRACKET LOOSE.,REMOVED ENGINE BAFFLE. DRILLED HOLES IN ENGINE BAFFLE &,EC-bea6600fdc3501b6,LG-6d8bbdb5a1b62867,train
103453,"SCREW MISSING I/B OF OIL COOLER, FOR ENGINE BAFFLE.",REPLACED SCREW.,EC-09866e3d34e234e8,LG-09866e3d34e234e8,test
103454,ENGINE HAD FLUCTUATING OIL PRESSURE READINGS. ENGINE ROUGHNE,"RAN UP A/C, UNABLE TO DUPLICATE DISCREPANCY. OPS CK OK.",EC-ba82d2c700788a06,LG-ba82d2c700788a06,test
103455,#3 CYL RUNNING VERY CLEAN.,REMOVED #3 INJECTOR & ULTRASONICALLY CLEANED. REINSTALL,EC-c365a831126d9cd9,LG-c365a831126d9cd9,train
103456,CYL #2 INTAKE GASKET LEAKING.,REMOVED & REPLACED INTAKE GASKET.,EC-804e232273da2515,LG-4285908bb8f7434c,train
103457,CYL #1 ROCKER COVER GASKET IS LEAKING.,REMOVED & REPLACED GASKET.,EC-dbcbdb31f23f7817,LG-608d782c2258dd59,train
103458,FRONT ENGINE OIL SEAL LEAKING.,"REMOVED PROP ASSY, LOOSENED ALTERNATOR BELT TENSION & R",EC-d151807cf77a217e,LG-d151807cf77a217e,train
103459,FRONT ENGINE OIL SEAL LEAKING.,INSTALLED CRANKCASE SEAL & SPRING IAW LYCOMING ,EC-d151807cf77a217e,LG-d151807cf77a217e,train
103460,ENGINE NEEDS TO BE FOGGED.,FOGGED ENGINE.,EC-cbdb2503fc5e15ae,LG-cbdb2503fc5e15ae,test
103461,ENGINE NEEDS TO BE FOGGED.,DE-PRESERVED ENGINE. LUBRICATED MAIN & TAIL ROTOR. RAN,EC-cbdb2503fc5e15ae,LG-cbdb2503fc5e15ae,test
103462,ENGINE NEEDS TO BE FOGGED.,PERFORMED CORROSION PREVENTION IN ENGINE IAW LYCOMING O,EC-cbdb2503fc5e15ae,LG-cbdb2503fc5e15ae,test
103463,ENGINE NEEDS TO BE FOGGED.,PERFORMED CORROSION PREVENTION IN ENGINE IAW LYCOMING O,EC-cbdb2503fc5e15ae,LG-cbdb2503fc5e15ae,test
103464,LEFT SIDE #4 CYL INTAKE GASKET LEAKING.,REMOVED & REPLACED GASKET.,EC-8a16b177a1a5cb90,LG-8a16b177a1a5cb90,train
103465,R/H ENG #1 INTAKE IS LEAKING.,REMOVED & REPLACED R/H ENG CYL #1 INTAKE GASKET.,EC-5e948fd19e58615e,LG-4285908bb8f7434c,train
103466,"ENGINE BAFFLE CRACKED, AFT OF #3 CYL, L/H ENG.",STOP DRILLED CRACKS.,EC-692eb7db91827901,LG-692eb7db91827901,train
103467,"#3 & 4 INTAKE GASKET LEAKING, R/H ENGINE.",INSTALLED NEW L/H & R/H INTAKE GASKETS.,EC-086e1613ce295de6,LG-0222eb60e96e9748,dev
103468,"#4 ROCKER COVER GASKET LEAKING, R/H ENGINE.",INSTALLED NEW #4 ROCKER BOX COVER GASKET.,EC-a4d2eb051e968fef,LG-f0546f2479274e1d,train
103469,#3 CYL ON R/H ENGINE HAS LOW COMPRESSION.,"REMOVED ROCKER COVER, STAKED VALVES. COMPRESSION 68/80,",EC-9af270b10708d8d8,LG-c3aa26ca83c3ba37,test
103470,#2 INTAKE LEAKING.,REMOVED & REPLACED #2 INTAKE GASKET.,EC-9e293c9950113443,LG-10956cdabbd1e3ce,dev
103471,#3 ROCKER COVER LEAKING.,REMOVED & REPLACED #3 ROCKER COVER GASKET.,EC-4774d48aa3f463c3,LG-608d782c2258dd59,train
103472,#4 ROCKER COVER GASKET LEAKING.,REMOVED & REPLACED GASKET.,EC-da6ceccf140509ee,LG-608d782c2258dd59,train
103473,#1 INTAKE GASKET LEAKING.,REMOVED & REPLACED INTAKE GASKET.,EC-66c69e07864cfa3c,LG-4285908bb8f7434c,train
103474,#2 CYL INTAKE GASKET LEAKING.,REMOVED & REPLACED INTAKE GASKET.,EC-cc41856dc2df8c7c,LG-4285908bb8f7434c,train
103475,#2 & 4 INTAKES ARE LEAKING.,REPLACED #2 & 4 INTAKE GASKETS.,EC-a8a32c50c5fc85ea,LG-26ffbcbee302311b,test
103476,"#2, 3, 4 ROCKER COVERS ARE LEAKING.",REPLACED ROCKER COVER GASKETS.,EC-ce2ef80d46838eca,LG-608d782c2258dd59,train
103477,#4 INTAKE GASKET LEAKING.,REMOVED & REPLACED #4 INTAKE GASKET.,EC-57acd94dcdde4ef3,LG-4285908bb8f7434c,train
103478,LOW COMPRESSION ON #3 CYL.,RAN UP A/C & PERFORMED COMPRESSION TEST ON #3 CYL. COMP,EC-128e4577464b4123,LG-128e4577464b4123,train
103479,"#1, 2, 3 & 4 INTAKE GASKETS LEAKING.","REPLACED INTAKE GASKETS, LEAK CK GOOD.",EC-c83e05402db322eb,LG-4285908bb8f7434c,train
103480,#1 OIL RETURN LINE LEAKING.,"TIGHTENED CYL #1 OIL RETURN LINE CLAMPS, LEAK CK GOOD.",EC-7142b80dbcedc6b2,LG-7142b80dbcedc6b2,train
103481,#3 CYL BAFFLE PLUG DAMAGED.,REMOVED & REPLACED BAFFLE PLUG.,EC-fdb8f14d6157530e,LG-a35b550497c9ab15,test
103482,#3 IGNTION LEAD STAND OFF IS BROKEN.,INSTALLED NEW STAND OFF.,EC-aefd7eb35ab3a181,LG-aefd7eb35ab3a181,train
103483,#3 & 4 ROCKER COVERS LEAKING.,.S,EC-b083ca05c337f8b7,LG-608d782c2258dd59,train
103484,#3 & 4 ROCKER COVERS LEAKING.,REMOVED & REPLACED GASKETS ON #3 & 4 CYLS.,EC-b083ca05c337f8b7,LG-608d782c2258dd59,train
103485,#2 INTAKE GASKET TORN AND #4.,"REMOVED MUFFLER SHROUD, OIL FILTER, #2, 4 INTAKE TUBES,",EC-b5a61c60ffaca19a,LG-b5a61c60ffaca19a,test
103486,#1 & 2 ROCKER GASKETS ARE LEAKING.,REMOVED & REPLACED ROCKER COVER GASKETS.,EC-5513a3a45bbadaaa,LG-608d782c2258dd59,train
103487,#3 AFT BAFFLE BRACKET RIVETS HAVE PULLED THRU BRACKET.,REPLACED W/ NEW BAFFLE.,EC-513590e8c69c57db,LG-513590e8c69c57db,dev
103488,START ASSIST NEEDED.,STARTED A/C.,EC-67671285e6cc64d4,LG-67671285e6cc64d4,train
103489,CYL #3 INTAKE LEAKING.,REMOVED & REPLACED CYL #3 INTAKE GASKET.,EC-cb78d5a560adeaf3,LG-4285908bb8f7434c,train
103490,CYL #4 BAFFLE HOLE/PLUG WORN.,REPAIRED W/ RIVETED DOUBLER & REPLACED BAFFLE PLUG.,EC-d77ea244bb2376d0,LG-d77ea244bb2376d0,dev
103491,"CYL #2, 4 INTAKE TUBES LEAKING AT FLEXIBLE TUBE CONNECTION.",DETERIMED LEAKS WERE COMING FROM INTAKE FLANGES. REMOVE,EC-749bf113260810d6,LG-749bf113260810d6,train
103492,#2 & 3 INDUCTION TUBE GASKETS LEAKING.,INSTALLED NEW INDUCTION TUBE GASKETS.,EC-ac76c4bf643eac34,LG-abec8430bec9f461,test
103493,#3 INTAKE LEAKING ON L/H ENGINE.,REMOVED & REPLACED INTAKE GASKET.,EC-d5214a798d419c0a,LG-4285908bb8f7434c,train
103494,#1 ROCKER COVER LEAKING ON R/H ENGINE.,REMOVED & REPLACED ROCKER COVER.,EC-efc2eea91ae0f37e,LG-608d782c2258dd59,train
103495,"INTAKES 2, 3 & 4 LEAKING ON R/H ENGINE.",REPLACED INTAKE GASKETS ON R/H ENGINE.,EC-acfd9a8357993041,LG-4285908bb8f7434c,train
103496,"CRACKS IN BAFFLE, FWD R/H SIDE.","REMOVED ALTERNATOR, WIRES & BAFFLE SPRING TO REMOVE ASS",EC-1608c30b516ccc81,LG-1608c30b516ccc81,train
103497,"CRACKS IN BAFFLE, FWD R/H SIDE.",COMPLETED PATCH W/ SAM MATERIAL & PAINTED IAW  SR,EC-1608c30b516ccc81,LG-1608c30b516ccc81,train
103498,CYL #1 FWD BAFFLE SEAL IS TORN LOOSE FROM FASTENER.,REMOVED & REPLACED BAFFLE SEAL FASTENER.,EC-f628341a823ce4b1,LG-f628341a823ce4b1,test
103499,"#1, 2, 3 & 4 INTAKE GASKETS ARE LEAKING.",REPLACED W/ NEW INTAKE GASKETS.,EC-1879c4fe8650a3fd,LG-4285908bb8f7434c,train
103500,LEFT & RIGHT SIDE BAFFLE PLUGS LOOSE.,REMOVED & REPLACED W/ NEW BAFFLE PLUGS.,EC-c52d18ccddfdde61,LG-c52d18ccddfdde61,dev
103501,"L/H ENG, #3 INTAKE TUBE GASKET LEAKING.",REMOVED & REPLACED INTAKE GASKET.,EC-2b446f2c940d5225,LG-ae9ab1f2ace76196,train
103502,LEFT ENGINE #3 INTAKE LEAKING.,REPLACED GASKET.,EC-1d05a8788209a06d,LG-4285908bb8f7434c,train
103503,#4 CYL INTAKE GASKET IS LEAKING.,REMOVED & REPLACED GASKET.,EC-8edc952c184ae07f,LG-4285908bb8f7434c,train
103504,#1 CYL FWD BAFFLE SEAL HAS A HOLE WORN IN IT.,REPAIRED W/ HIGH TEMP SILICONE.,EC-205c8aa30c40196d,LG-205c8aa30c40196d,train
103505,#1 ROCKER COVER LEAKING.,"REMOVED, CLEANED & REPLACED W/ NE GASKET.",EC-d7f19738c9144c80,LG-608d782c2258dd59,train
103506,"#2, 3 INTAKE GASKETS LEAKING.",REMOVED & REPLACED W/ NEW INTAKE GASKETS.,EC-e44b9558ab8ba20b,LG-4285908bb8f7434c,train
103507,L/H & R/H BAFFLE PLUGS LOOSE & BROKEN.,REMOVED & REPLACED W/ NEW BAFFLE PLUGS.,EC-2b40f8feb4e7d916,LG-2b40f8feb4e7d916,train
103508,CYL #4 INTAKE LEAKING.,REMOVED & REPLACED INTAKE GASKET.,EC-c4ec7a6934fbe90c,LG-4285908bb8f7434c,train
103509,"UPON RUN UP, HAD MAG DROP OF 300+ RPM W/ AGGRESSIVE SHAKING.",PERFORMED RUN UP ON ENGINE & NOTED NORMAL INDICATIONS &,EC-f8db573eadbde00d,LG-f8db573eadbde00d,train
103510,#2 INTAKE SLIGHT LEAK.,INSTALLED NEW INTAKE GASKET.,EC-287648957d0f592c,LG-287648957d0f592c,train
103511,FWD LWR BAFFLE BLACK SEAL WORN FROM INTAKE.,INSTALLED RTV IN WORN AREAS.,EC-4c5bab774a192788,LG-4c5bab774a192788,train
103512,BAFFLE PLUGS ARE WORN OUT.,REMOVED & REPLACED PLUGS.,EC-2db3dbd5ac0a2280,LG-2db3dbd5ac0a2280,train
103513,#2 CYL INTAKE GASKET LEAKING.,REMOVED & REPLACED INTAKE GASKET.,EC-cc41856dc2df8c7c,LG-4285908bb8f7434c,train
103514,#4 INTAKE TUBE GASKET LEAKING.,INSTALLED NEW #4 INTAKE GASKET.,EC-a0b89a0b51a7a26c,LG-4dcd0e6b51932d0b,dev
103515,"L/H ENG #2, 3 CYL INTAKE GASKETS LEAKING.","REMOVED & REPLACED L/H ENG CYL #2, 3 INTAKE GASKETS.",EC-aad86b7325c47141,LG-4285908bb8f7434c,train
103516,R/H ENG #3 & 4 CYL INTAKE GASKETS LEAKING.,REMOVED & REPLACED R/H ENG CYL #3 & 4 INTAKE GASKETS.,EC-7b5acd4799609f74,LG-4285908bb8f7434c,train
103517,#4 ROCKER COVER MISSING SCREW.,INSTALLED MISSING SCREW.,EC-0b44721ffc636432,LG-5ee79aeba0a4b297,test
103518,"SCREW LOOSE, 1 FOR BAFFLE BEHIND OIL DIPSTICK TUBE.",TIGHTENED LOOSE CYL #3 AFT BAFFLE SCREW.,EC-6722b40275ceea93,LG-6722b40275ceea93,train
103519,R/H BAFFLE PLUG LOOSE.,INSTALLED NEW BAFFLE PLUG.,EC-39c5947639d39462,LG-39c5947639d39462,train
103520,#4 INTAKE GASKET LEAKING.,REMOVED & REPLACED W/ NEW GASKET.,EC-57acd94dcdde4ef3,LG-4285908bb8f7434c,train
103521,#4 INTAKE LEAKING.,REMOVED & REPLACED INTAKE GASKET.,EC-66d79f80174da74e,LG-10956cdabbd1e3ce,dev
103522,L/H #4 INTAKE GASKET LEAKING.,REMOVED & REPLACED GASKET.,EC-d05df45419bf6024,LG-4285908bb8f7434c,train
103523,R/H #1 INTAKE GASKET LEAKING.,REMOVED & REPLACED GASKET.,EC-194a3a18e56939a7,LG-4285908bb8f7434c,train
103524,#1 INTAKE GASKET IS LEAKING.,INSTALLED NEW GASKET.,EC-e9b8d7340586dc23,LG-4285908bb8f7434c,train
103525,#2 & 4 ROCKER GASKETS ARE LEAKING.,INSTALLED NEW ROCKER BOX COVER GASKETS.,EC-c0b03588cb909a7f,LG-608d782c2258dd59,train
103526,#3 & 4 INTAKES ARE LEAKING.,REPLACED INTAKE GASKETS.,EC-0d3c4a350020257f,LG-26ffbcbee302311b,test
103527,#1 CYL HAS LOW COMPRESSION (30/80).,"RAN A/C, OPS & LEAK CK GOOD.",EC-e5b373f1c0ce49b2,LG-e5b373f1c0ce49b2,train
103528,#1 CYL HAS LOW COMPRESSION (30/80).,SERVICED W/ 8 QTS OF MINERAL OIL.,EC-e5b373f1c0ce49b2,LG-e5b373f1c0ce49b2,train
103529,#1 CYL HAS LOW COMPRESSION (30/80).,REMOVED ROCKER COVER & STAKED VALVE W/ NO EFFECT.,EC-e5b373f1c0ce49b2,LG-e5b373f1c0ce49b2,train
103530,#1 CYL HAS LOW COMPRESSION (30/80).,"REMOVED BAFFLING, EXHAUST, ALTERNATOR, AIR INTAKE ELBOW",EC-e5b373f1c0ce49b2,LG-e5b373f1c0ce49b2,train
103531,#1 CYL HAS LOW COMPRESSION (30/80).,"REINSTALLED EXHAUST, BAFFLING, AIR INTAKE ELBOW, #1 INT",EC-e5b373f1c0ce49b2,LG-e5b373f1c0ce49b2,train
103532,#2 CYL INTAKE GASKET LEAKING.,REMOVED & REPLACED CYL #2 INTAKE GASKET.,EC-cc41856dc2df8c7c,LG-4285908bb8f7434c,train
103533,"#1, 2, 3 4 INTAKE GASKETS LEAKING.",REMOVED & REPLACED INTAKE GASKETS.,EC-7d0c9ebfd65d2c71,LG-4285908bb8f7434c,train
103534,L/H & R/H SIDE BAFFLE PLUGS LOOSE & BROKEN.,REMOVED & REPLACED W/ NEW BAFFLE PLUGS.,EC-b31d5bf7095b2cf4,LG-2b40f8feb4e7d916,train
103535,#2 & 4 CYL HARNESS ANCHORS ARE BROKEN.,INSTALLED NEW STANDOFFS.,EC-c59fd3ab771b115a,LG-c59fd3ab771b115a,train
103536,R/H ENG #4 AFT BAFFLE CRACKED.,STOP DRILLED CRACK.,EC-119e939263e5cd36,LG-e3b964f842fc4352,test
103537,R/H ENG #2 & 4 INTAKE GASKETS ARE LEAKING.,REMOVED & REPLACED W/ NEW GASKETS.,EC-b47c3ffd639fa37e,LG-4285908bb8f7434c,train
103538,ALL 4 INTAKE GASKETS ON L/H ENG ARE LEAKING.,REMOVED & REPLACED W/ NEW GASKETS.,EC-22f8e42df80c0672,LG-f0f174a9dcdc1ded,dev
103539,LUECO MARKINGS REQUIRED.,MARKED ENGINE & CYLINDERS.,EC-ce31d8d07404d929,LG-ce31d8d07404d929,train
103540,L/H #4 INTAKE GASKET LEAKING.,REMOVED & REPLACED W/ NEW GASKET.,EC-d05df45419bf6024,LG-4285908bb8f7434c,train
103541,R/H #1 INTAKE GASKET LEAKING.,REMOVED & REPLACED W/ NEW GASKET.,EC-194a3a18e56939a7,LG-4285908bb8f7434c,train
103542,#3 & 4 INTAKE LEAKING ON R/H ENGINE.,REMOVED & REPLACED INTAKE GASKETS.,EC-357cf40c09ae6313,LG-4285908bb8f7434c,train
103543,"ENGINE QUIT AT IDLE, LOW RPM DURING TAXI, SMALL ADJUSTMENTS",ATTEMPTED TO START ENGINE SEVERAL TIMES W/ NO SUCCESS.,EC-8a743aebf2ebe6b6,LG-8a743aebf2ebe6b6,train
103544,L/H ENG #2 & 3 INTAKES ARE LEAKING.,REPLACED #3 GASKET.,EC-410f2059a575ccfa,LG-4285908bb8f7434c,train
103545,R/H ENG #1 & 3 ROCKER COVERS ARE LEAKING.,LEAK CK GOOD.,EC-0b885c064baf7e2e,LG-608d782c2258dd59,train
103546,R/H ENG #4 INTAKE IS LEAKING.,"REPLACED GASKET, CLEANED AREA.",EC-27a229aef66eeb4d,LG-4285908bb8f7434c,train
103547,R/H ENG #1 & 3 ROCKER COVERS ARE LEAKING.,REPLACED BOTH GASKETS.,EC-0b885c064baf7e2e,LG-608d782c2258dd59,train
103548,L/H ENG #2 & 3 INTAKES ARE LEAKING.,REMOVED & REPLACED #2 GASKET.,EC-410f2059a575ccfa,LG-4285908bb8f7434c,train
103549,L/H ENG #4 CYL HAS NO COMPRESSION.,REMOVED ROCKER COVER & STAKED VALVE W/ NO EFFORT.,EC-9f6f9c18c3aa110b,LG-63129778628d15a6,train
103550,L/H ENG #4 CYL HAS NO COMPRESSION.,"REMOVED #4 CYL BAFFLES, OIL LINES & OIL COOLER. REMOVED",EC-9f6f9c18c3aa110b,LG-63129778628d15a6,train
103551,L/H ENG #4 CYL HAS NO COMPRESSION.,COMPLETED REINSTALLATION OF CYL #4 BAFFLING. REINSTALLE,EC-9f6f9c18c3aa110b,LG-63129778628d15a6,train
103552,#2 INTAKE GASKET LEAKING.,REMOVED & REPLACED W/ NEW GASKET.,EC-1fec9b07493816ca,LG-4285908bb8f7434c,train
103553,#4 ROCKER GASKET LEAKING.,REMOVED & REPLACED W/ NEW GASKET.,EC-995d291f7da262fb,LG-608d782c2258dd59,train
103554,#2 INTAKE LEAKING.,REMOVED & REPLACED #2 INTAKE GASKET.,EC-9e293c9950113443,LG-10956cdabbd1e3ce,dev
103555,START ASSIST.,STARTED A/C FOR PILOT.,EC-fbcf505a7a07e8a2,LG-fbcf505a7a07e8a2,train
103556,"#1, 2, 3, 4 INTAKE GASKETS LEAKING.",REMOVED & REPLACED W/ NEW GASKETS.,EC-bb1008e6513deb7a,LG-4285908bb8f7434c,train
103557,"#4 INTAKE, O/B BOLT LOCK WASHER WRONG POSITION.",INSTALLED NEW LOCK WASHER TO CORRECT POSITION.,EC-f4c1588a33438623,LG-f4c1588a33438623,train
103558,"#4 INTAKE GASKET LEAKING, R/H ENGINE.",REPLACED GASKET.,EC-13d1f4acc5eb2da8,LG-0222eb60e96e9748,dev
103559,R/H ENG #3 BAFFLE SEAL SECTION LOOSE.,REMOVED & REPLACED BAFFLE SEAL.,EC-04d15a77724cb5f0,LG-04d15a77724cb5f0,train
103560,"ENGINE BAFFLE CRACKED, BEHIND #3 CYL, R/H ENGINE.",STOP DRILLED CRACK.,EC-0b3514b62be8528f,LG-0b3514b62be8528f,test
103561,#4 INTAKE GASKET LEAKING.,REMOVED & REPLACED #4 INTAKE GASKET.,EC-57acd94dcdde4ef3,LG-4285908bb8f7434c,train
103562,#3 & 4 ROCKER COVER GASKETS LEAKING.,REMOVED & REPLACED ROCKER COVER GASKETS.,EC-c3bbd811114c6320,LG-608d782c2258dd59,train
103563,SCREW MISSING ON #1 OUTER CYLINDER BAFFLING.,REPLACED MISSING SCREW W/ REQUIRED HARDWARE.,EC-b60704425a9c0bbb,LG-b60704425a9c0bbb,train
103564,AFT CRANKCASE SPIN BOLT MISSING NUT.,INSTALLED NUT & WASHER. TORQUED.,EC-0ff920a25e6582c0,LG-0ff920a25e6582c0,dev
103565,R/H SIDE BAFFLE PLUG LOOSE W/ TABS BROKEN.,REMOVED & REPLACED W/ NEW BAFFLE PLUG.,EC-acc47cd7aac80299,LG-acc47cd7aac80299,train
103566,THROTTLE AT IDLE ENGINE RAN ROUGH.,RAN UP ENGINE TO OPERATING TEMPS. ENGINE IDLE SPEED & M,EC-65a43724961c75c3,LG-65a43724961c75c3,train
103567,R/H ENG REAR BAFFLE MOUNTING SCREW LOOSE.,TIGHTENED SCREW.,EC-b92954629ede656d,LG-b1f33e2c59b03e11,train
103568,#1 INDUCTION TUBE GASKET LEAKING.,REMOVED & REPLACED #1 INTAKE GASKET.,EC-077c16cc027eb66b,LG-abec8430bec9f461,test
103569,"CYL #2, 3 & 4 ROCKER COVER GASKETS ARE LEAKING.",REMOVED & REPLACED GASKETS.,EC-c8ccda9c3428a41b,LG-608d782c2258dd59,train
103570,TOP OF ENGINE CRANKCASE IS LEAKING OIL THROUGH 2 MIDDLE THRO,REMOVED BOLTS FROM WHERE OIL WAS LEAKING. CLEANED BOLT,EC-8196c85d00eaacc7,LG-8196c85d00eaacc7,test
103571,"R/H ENG, R/H REAR BAFFLE CRACKED.",STOP DRILLED CRACK.,EC-35d2480bce53a5b3,LG-ba980fdf0c11c4fb,test
103572,"R/H ENG, L/H REAR BAFFLE SUPPORT CRACKED.",STOP DRILLED CRACK.,EC-0f3af06a56ed177e,LG-0f3af06a56ed177e,train
103573,L/H ENG #2 & 3 INTAKE GASKETS LEAKING.,REMOVED & REPLACED INTAKE GASKETS.,EC-9f020400760152bb,LG-4285908bb8f7434c,train
103574,#4 BAFFLE HAS LOOSE HARDWARE ON R/H ENGINE.,TIGHTENED HARDWARE.,EC-a3d64e54c0afd186,LG-a3d64e54c0afd186,train
103575,INTAKES #2 & 4 LEAKING ON R/H ENGINE.,INSTALLED NEW INTAKE GASKETS.,EC-4dd3339efd7d171e,LG-4285908bb8f7434c,train
103576,#4 RUBBER BAFFLE SEAL TORN ON R/H ENGINE.,REATTACHED RUBBER BAFFLE SEAL.,EC-76235b5a4e00a60d,LG-76235b5a4e00a60d,train
103577,"INTAKES #2, 3 & 4 ARE LEAKING ON L/H ENGINE.",REMOVED & REPLACED INTAKE GASKETS.,EC-fc7f69700c587a3a,LG-4285908bb8f7434c,train
103578,CYL #2 INTAKE LEAKING.,REMOVED & REPLACED INTAKE GASKET.,EC-ec7d2bc60636fedc,LG-4285908bb8f7434c,train
103579,CYL #4 ROCKER COVER GASKET LEAKING.,REPLACED ROCKER COVER GASKET.,EC-f020a54e126a5ae6,LG-608d782c2258dd59,train
103580,#4 CYL BAFFLE INSP HOLE DOUBLER REQUIRED.,INSTALLED BAFFLE INSP HOLE DOUBLER IAW  SE SRM 51,EC-70a648cfc6b847f0,LG-70a648cfc6b847f0,train
103581,LEFT ENGINE BLEED AIR LINE CHAFING.,REPOSITIONED LINE.,EC-5bef68c6ea8189f8,LG-5bef68c6ea8189f8,train
103582,L/H AFT COWL I/B ACCESS PANEL SCREW STRIPPED.,REMOVED SCREW & REPLACED W/ NEW.,EC-51867d016926fa20,LG-51867d016926fa20,train
103583,L/H ENGINE REPORTED AS SMOKING AFTER SHUT DOWN.,"INSPECTED PURGE SYSTEM, CK'ED OK.",EC-a2f811c0e43fc4ec,LG-a2f811c0e43fc4ec,train
103584,#1 & 4 INTAKE GASKETS LEAKING.,REMOVED & REPLACED INTAKE GASKETS.,EC-c2bde917d706a592,LG-4285908bb8f7434c,train
103585,#2 & 3 ROCKER COVER GASKETS LEAKING.,REMOVED & REPLACED ROCKER COVER GASKETS.,EC-2f07e0763eee3746,LG-608d782c2258dd59,train
103586,#1 & 2 INTAKE GASKETS LEAKING.,REMOVED & REPLACED INTAKE GASKETS.,EC-299e439596394371,LG-4285908bb8f7434c,train
103587,R/H ENGINE ROUGH DURING TAXI.,RAN A/C & CONFIRMED DISCREP. INSPECTED #3 CYL W/ BORESC,EC-f6cdc0c6b57206b1,LG-f6cdc0c6b57206b1,train
103588,CYL #1 ROCKER GASKET LEAKING.,REMOVED & REPLACED GASKET.,EC-aedd38b3c411ab7f,LG-608d782c2258dd59,train
103589,#1 INTAKE GASKET LEAKING.,REMOVED & REPLACED INTAKE GASKET.,EC-66c69e07864cfa3c,LG-4285908bb8f7434c,train
103590,#1 ROCKER COVER GASKET LEAKING.,REMOVED & REPLACED ROCKER COVER GASKET.,EC-3466c922bf8446a2,LG-608d782c2258dd59,train
103591,START ASSIST.,STARTED A/C FOR PILOT.,EC-fbcf505a7a07e8a2,LG-fbcf505a7a07e8a2,train
103592,#2 INTAKE GASKET LEAKING.,REPLACED GASKET.,EC-1fec9b07493816ca,LG-4285908bb8f7434c,train
103593,#2 INTAKE GASKET LEAKING.,REMOVED & REPLACED W/ NEW GASKET.,EC-1fec9b07493816ca,LG-4285908bb8f7434c,train
103594,#2 INTAKE LEAKING.,REMOVED & REPLACED #2 INTAKE GASKET.,EC-9e293c9950113443,LG-10956cdabbd1e3ce,dev
103595,#2 INTAKE LEAKS.,REMOVED & REPLACED W/ NEW INTAKE GASKET.,EC-5b40d8a9a1eed201,LG-0e48eb423d7a05e3,test
103596,#2 & 4 INTAKE GASKETS LEAKING.,REMOVED & REPLACED INTAKE GASKETS.,EC-f4c90d93e910c1fa,LG-4285908bb8f7434c,train
103597,#3 & 4 ROCKER COVER GASKETS LEAKING.,REMOVED & REPLACED ROCKER COVER GASKETS.,EC-c3bbd811114c6320,LG-608d782c2258dd59,train
103598,L/H ENGINE BAFFLE CRACKED.,FABRICATED PATCH FOR SIDE BAFFLE. DRILLED & RIVETED PAT,EC-83c6548c653495e4,LG-e3b964f842fc4352,test
103599,R/H #3 ROCKER COVER LEAKING.,"REMOVED, CLEANED & INSTALLED NEW GASKET.",EC-f5b5f0bf821787d8,LG-608d782c2258dd59,train
103600,R/H ENGINE #4 INTAKE GASKET LEAKING.,REMOVED & REPLACED W/ NEW GASKET.,EC-774b46d22d9671b8,LG-4285908bb8f7434c,train
103601,"L/H ENGINE #2, 3, 4 INTAKE GASKETS LEAKING.",REMOVED & REPLACED INTAKE GASKETS W/ NEW.,EC-fc6a9ffebcd481a2,LG-4285908bb8f7434c,train
103602,#2 INTAKE GASKET LEAKING.,INSTALLED NEW #2 INTAKE GASKET.,EC-1fec9b07493816ca,LG-4285908bb8f7434c,train
103603,#3 ROCKER COVER GASKET LEAKING.,REMOVED & REPLACED GASKET.,EC-cd33c56b9090b89a,LG-608d782c2258dd59,train
103604,#2 INTAKE GASKET LEAKING.,REMOVED & REPLACED INTAKE GASKET.,EC-1fec9b07493816ca,LG-4285908bb8f7434c,train
103605,L/H ENG #4 CYL INTAKE GASKET IS LEAKING.,REMOVED & REPLACED GASKET.,EC-9187c760c59569da,LG-4285908bb8f7434c,train
103606,L/H ENG #4 CYL SIDE BAFFLE IS MISSING A BOLT.,INSTALLED NEW HARDWARE.,EC-5bf704ac0ba89bc8,LG-351880cf4c4c55c5,dev
103607,R/H ENG #4 CYL ROCKER COVER GASKET IS LEAKING.,REMOVED & REPLACED GASKET.,EC-cf6c043d44c8b5bf,LG-608d782c2258dd59,train
103608,L/H ENG #2 & 4 CYL ROCKER COVER GASKETS ARE LEAKING.,REMOVED & REPLACED GASKETS.,EC-de395dfec0f6c4a7,LG-608d782c2258dd59,train
103609,#3 ROCKER COVER GASKET LEAKING.,"REMOVED, CLEANED & INSTALLED NEW GASKET.",EC-cd33c56b9090b89a,LG-608d782c2258dd59,train
103610,"COWL SEAL, ABOVE #3 CYL BAFFLE, FELL OFF RIVET.",REMOVED & REPLACED RIVET.,EC-687e0fc99c016ad5,LG-687e0fc99c016ad5,train
103611,#3 INTAKE GASKET LEAKS ON L/H ENGINE.,"REMOVED, CLEANED & INSTALLED NEW GASKET.",EC-5898be0069d4b367,LG-5898be0069d4b367,train
103612,#2 & 4 INTAKE GASKETS LEAKING ON R/H ENGINE.,REMOVED & REPLACED W/ NEW GASKETS.,EC-6d313cbe06f3011c,LG-4285908bb8f7434c,train
103613,"R/H ENGINE, R/H FRONT ENGINE BAFFLE SEAL NEEDS TO BE RESECUR","RESECURED R/H ENGINE, R/H FRONT ENGINE BAFFLE SEAL.",EC-5f718248919ae4ac,LG-5f718248919ae4ac,test
103614,"L/H #2, 3 & 4 INTAKE TUBE GASKETS LEAKING.","REPLACED L/H #2, 3, 4 INTAKE GASKETS.",EC-ae9ab1f2ace76196,LG-ae9ab1f2ace76196,train
103615,BOTH BAFFLE PLUG TABS BROKEN OFF.,INSTALLED NEW PLUGS.,EC-53b4c7a4a8769541,LG-53b4c7a4a8769541,train
103616,#2 & 4 CYL INTAKE GASKETS LEAKING.,REMOVED & REPLACED INTAKE GASKETS.,EC-09b8121a89dc4f9a,LG-4285908bb8f7434c,train
103617,ROCKER BOX COVER SCREWS LOOSE.,TIGHTENED SCREWS.,EC-672c4039227aa006,LG-f40ff9615f91de7f,test
103618,#4 CYLINDER HARNESS CLAMP BROKEN.,INSTALLED NEW CLAMP.,EC-786006ff9d847a9f,LG-786006ff9d847a9f,dev
103619,#3 & 4 ROCKER COVER GASKETS ARE LEAKING.,REMOVED & REPLACED W/ NEW GASKETS.,EC-c49d49dd39b2d6cc,LG-608d782c2258dd59,train
103620,"DEPARTING 17L @ 2450 LBS, DURING CLIMB OUT @ 2000' MSL, WERE","PERFORMD FULL GROUND RUN, NO DEFECTS NOTED. MX FLIGHT R",EC-23af49ee1f35c199,LG-23af49ee1f35c199,train
103621,#4 INTAKE GASKET IS LEAKING.,REMOVED & REPLACED W/ NEW GASKET.,EC-0489f0dc14177ee4,LG-4285908bb8f7434c,train
103622,SCREW MISSING ON #3 BAFFLE BRACKET.,FOUND SCREW & REINSTALLED.,EC-42db9fa545b5f597,LG-1b9f539921ee9421,train
103623,FOUND BROKEN COVER SCREW ON GROUND.,"REMOVED COWL, ALL SCREWS ACCOUNTED FOR. REPLACED COWL.",EC-6aaa23cceed4f34e,LG-6aaa23cceed4f34e,test
103624,L/H FWD #2 ENGINE BAFFLE CRACKED.,STOP DRILLED CRACK.,EC-d03c73fe8e56d012,LG-15f761dc9e6351d8,dev
103625,#1 & 2 INTAKE GASKETS LEAKING.,REMOVED & REPLACED INTAKE GASKETS.,EC-299e439596394371,LG-4285908bb8f7434c,train
103626,#4 ROCKER GASKET LEAKING.,TIGHTENED LOOSE BOLTS.,EC-995d291f7da262fb,LG-608d782c2258dd59,train
103627,#2 CYL BAFFLE SEAL NEEDS TO BE SECURED.,RESECURED CYL #2 SIDE BAFFLE SEAL.,EC-3495dbf504bd65f9,LG-7f2bc0b62c756875,train
103628,#1 CYL FWD BAFFLE CRACKED.,STOP DRILLED CRACK.,EC-42396624daa20e61,LG-15f761dc9e6351d8,dev
103629,#4 INTAKE GASKET LEAKING.,REMOVED & REPLACED GASKET.,EC-57acd94dcdde4ef3,LG-4285908bb8f7434c,train
103630,"ON POST RUN UP, FOUND ENGINE RUNNING ROUGH AT IDLE. #2 CYL C",OPS & LEAK CK'ED GOOD.,EC-1b53c98bd7bceabc,LG-1b53c98bd7bceabc,train
103631,"ON POST RUN UP, FOUND ENGINE RUNNING ROUGH AT IDLE. #2 CYL C",REMOVED PUSH RODS & VALVE SPRING. FOUND STEP ON INTAKE,EC-1b53c98bd7bceabc,LG-1b53c98bd7bceabc,train
103632,"ON POST RUN UP, FOUND ENGINE RUNNING ROUGH AT IDLE. #2 CYL C",REPLACED CYLINDER W/ NEW CYL ASSY. TORQUED TO CASE. DRY,EC-1b53c98bd7bceabc,LG-1b53c98bd7bceabc,train
103633,"L/H ENG, L/H BAFFLE TIE ROD BROKEN.",REMOVED & REPLACED BROKEN BAFFLE TIE.,EC-b6efc64e7912beca,LG-a456c10593172117,dev
103634,CYL #3 PUSH ROD TUBE ADEL CLAMP HAS WORN RUBBER.,REMOVED & REPLACED ADEL CLAMP.,EC-0855834d5ecb56ab,LG-0855834d5ecb56ab,train
103635,#3 INTAKE GASKET LEAKING.,REMOVED & REPLACED #3 INTAKE GASKET.,EC-12a267bf8b1d91a6,LG-4285908bb8f7434c,train
103636,#4 ROCKER COVER GASKET LEAKING.,REMOVED & REPLACED #4 CYL ROCKER COVER GASKET.,EC-da6ceccf140509ee,LG-608d782c2258dd59,train
103637,"UPON RUN UP, ROUGH MAG & NOT W/IN TOLERANCE. RAN FOULED PROC",RAN A/C & FOUND R/H MAG TO HAVE ROUGH MAG DROP. REMOVED,EC-5db7b76a89421ba0,LG-5db7b76a89421ba0,train
103638,START ASSIST REQUIRED.,STARTED A/C USING NORMAL PROCEDURES.,EC-60a8ad3f63eb9d23,LG-60a8ad3f63eb9d23,train
103639,START ASSIST REQUIRED.,STARTED A/C USING NORMAL PROCEDURES.,EC-60a8ad3f63eb9d23,LG-60a8ad3f63eb9d23,train
103640,#4 INTAKE GASKET LEAKING.,"REMOVED, CLEANED & REPLACED W/ NEW GASKET.",EC-57acd94dcdde4ef3,LG-4285908bb8f7434c,train
103641,L/H REAR ENGINE BAFFLE CRACKED.,STOP DRILLED CRACK.,EC-96080b309852c2bc,LG-ba980fdf0c11c4fb,test
103642,#2 INTAKE GASKET LEAKING.,REMOVED & REPLACED #2 INTAKE GASKET.,EC-1fec9b07493816ca,LG-4285908bb8f7434c,train
103643,#2 & 4 ROCKER COVER GASKET LEAKING.,REMOVED & REPLACED ROCKER COVER GASKETS.,EC-bbfa8af997bcb681,LG-608d782c2258dd59,train
103644,"ENGINE BAFFLE CRACKED, ABOVE #1 CYL.",STOP DRILLED CRACK.,EC-2a88eb7888303775,LG-2a88eb7888303775,test
103645,#2 ROCKER COVER GASKET LEAKING.,REMOVED & REPLACED ROCKER COVER GASKET.,EC-8828e17d0b33db57,LG-608d782c2258dd59,train
103646,CYL #2 & 4 INTAKE GASKET LEAKING.,REMOVED & REPLACED INTAKE GASKETS.,EC-21f8524858bd699d,LG-4285908bb8f7434c,train
103647,ROCKER COVER GASKET CYL #3 & 4 LEAKING.,REMOVED & REPLACED ROCKER COVER GASKETS.,EC-65cc3935b1062c76,LG-608d782c2258dd59,train
103648,R/H BAFFLE SPRING BROKEN.,INSTALLED NEW BAFFLE SPRING.,EC-97227a4b0fdb2f5e,LG-f714f46f4da8f6fa,train
103649,#2 CYL INTAKE GASKET LEAKING.,REPLACED INTAKE GASKET.,EC-cc41856dc2df8c7c,LG-4285908bb8f7434c,train
103650,#1 CYL ROCKER COVER LEAKING.,REPLACED ROCKER COVER GASKET.,EC-286ce76662de4285,LG-608d782c2258dd59,train
103651,R/H #3 INTAKE GASKET IS LEAKING.,REPLACED #3 INTAKE GASKET.,EC-1783bdfba0867792,LG-4285908bb8f7434c,train
103652,R/H #3 AFT BAFFLE SEAL HAS A HOLE.,REMOVED SEAL & INSTALLED NEW SEAL W/ POP RIVETS.,EC-3029dab10b618205,LG-3029dab10b618205,train
103653,CYL #3 BAFFLE SCREW LOOSE.,TIGHTENED #3 CYL BAFFLE SCREW.,EC-e0b4d98ae8ee8d2e,LG-6bb5b0d3262bc63e,dev
103654,L/H ENG INTAKE 2 & 3 LEAKING.,REMOVED & REPLACED GASKETS.,EC-514f02f0cdb51804,LG-4285908bb8f7434c,train
103655,BAFFLE SEAL LOOSE ABOVE #4 CYL ON L/H ENGINE.,SECURED BAFFLE SEAL.,EC-f6d3679894f1c05d,LG-f6d3679894f1c05d,train
103656,OIL COOLERS DIRTY.,CLEANED FWD & AFT OIL COOLERS.,EC-3f121f129763cae7,LG-0a22c3a65ba252f4,test
103657,SNIFFLER VALVES DIRTY.,"REMOVED, CLEANED & REINSTALLED BOTH SNIFFLER VALVES.",EC-1243a6854d2a786a,LG-5027701bd7fa9f57,train
103658,#2 ROCKER COVER GASKET LEAKING.,REMOVED & REPLACED #2 ROCKER COVER GASKET.,EC-8828e17d0b33db57,LG-608d782c2258dd59,train
103659,#3 INTAKE GASKET LEAKING.,REMOVED & REPLACED INTAKE GASKET.,EC-12a267bf8b1d91a6,LG-4285908bb8f7434c,train
103660,CRACK EXTENDING BEYOND STOP DRILL ON UPPER #2 CYL BAFFLE.,STOP DRILLED CRACK.,EC-8883d6df9a1aaa79,LG-8883d6df9a1aaa79,train
103661,#2 INTAKE GASKET LEAKING.,LEAK CK GOOD.,EC-1fec9b07493816ca,LG-4285908bb8f7434c,train
103662,#2 INTAKE GASKET LEAKING.,REPLACED GASKET.,EC-1fec9b07493816ca,LG-4285908bb8f7434c,train
103663,#3 ROCKER COVER GASKET LEAKING.,LEAK CK GOOD.,EC-cd33c56b9090b89a,LG-608d782c2258dd59,train
103664,#3 ROCKER COVER GASKET LEAKING.,REPLACED GASKET.,EC-cd33c56b9090b89a,LG-608d782c2258dd59,train
103665,#3 AFT BAFFLE SCREW APPEARS TO BE LOOSE BEHIND DIPSTICK TUBE,TIGHTENED SCREW.,EC-77598c581d4f52af,LG-77598c581d4f52af,train
103666,FWD LWR ENG SEAL WORN ABOVE AIR INTAKE.,FILLED IN WORN SPOTS W/ BLACK RTV.,EC-ff4ff8b6cb799a73,LG-8f5156fe0fc8a657,train
103667,#2 INTAKE LEAKING.,REMOVED & REPLACED INTAKE GASKET.,EC-9e293c9950113443,LG-10956cdabbd1e3ce,dev
103668,CYL #2 INTAKE GASKET LEAKING.,REMOVED & REPLACED INTAKE GASKET.,EC-804e232273da2515,LG-4285908bb8f7434c,train
103669,L/H ENG #2 BAFFLE LOOSE.,SECURED BAFFLE SECTION.,EC-02bee70954a02484,LG-02bee70954a02484,train
103670,"#1, 2, 4 ROCKER GASKETS LEAKING.","REMOVED, CLEANED & REPLACED W/ NEW GASKETS.",EC-248769891fb08f2c,LG-608d782c2258dd59,train
103671,"#2, 3, 4 INTAKE GASKETS LEAKING ON L/H ENG.",REMOVED & REPLACED INTAKE GASKETS.,EC-87d9512e42162ca4,LG-4285908bb8f7434c,train
103672,#1 ROCKER COVER GASKET LEAKING ON R/H ENG.,REMOVED & REPLAED ROCKER COVER GASKET.,EC-ec301e8583815e83,LG-608d782c2258dd59,train
103673,#3 ROCKER COVER GASKET LEAKING ON L/H ENG.,REMOVED & REPLACED ROCKER COVER GASKET.,EC-c81481f92250c1c8,LG-608d782c2258dd59,train
103674,#3 & 4 INTAKE GASKETS LEAKING ON R/H ENG.,REMOVED & REPLACED INTAKE GASKETS ON R/H ENGINE.,EC-086a1e3e9e07fb89,LG-4285908bb8f7434c,train
103675,#2 INTAKE LEAKING.,REMOVED & REPLACED INTAKE GASKET.,EC-9e293c9950113443,LG-10956cdabbd1e3ce,dev
103676,#4 CYL ROCKER COVER IS MISSING SCREW.,INSTALLED NEW SCREW.,EC-49112761373d1c54,LG-5ee79aeba0a4b297,test
103677,R/H ENG #3 INTAKE TUBE GASKET LEAKING.,"REMOVED, CLEANED & REPLACED W/ NEW GASKET.",EC-24276a558b2ea59d,LG-ae9ab1f2ace76196,train
103678,"L/H ENG #2, 3 & 4 INTAKE TUBE GASKETS LEAKING.","REMOVED, CLEANED & REPLACED W/ NEW GASKETS.",EC-d88853c6718638fb,LG-ae9ab1f2ace76196,train
103679,"L/H ENG #1, 2, 3 & 4 ROCKER BOX COVER GASKETS LEAKING.","REMOVED, CLEANED & REPLACED W/ NEW GASKETS.",EC-7ccb1fe328163452,LG-608d782c2258dd59,train
103680,#3 ROCKER BOX COVER GASKET LEAKING.,INSTALLED NEW ROCKER BOX COVER GASKET.,EC-907ef936e1e58677,LG-608d782c2258dd59,train
103681,#2 ROCKER GASKET LEAKING.,TIGHTENED BOLTS.,EC-1d7158e804136131,LG-608d782c2258dd59,train
103682,#1 CYL ROCKER GASKET LEAKING.,REPLACED GASKET.,EC-9b3dcb0010872094,LG-608d782c2258dd59,train
103683,"#2, 4 CYLINDER INTERCOOLING BAFFLE WIRE NEEDS TO BE REPOSITI",REPOSITIONED WIRE IN NEW BAFFLE SLOT & APPLIED SPIRAL W,EC-db8dafa7f4f1ad88,LG-db8dafa7f4f1ad88,train
103684,R/H ENG #3 & 4 INTAKE GASKETS LEAKING.,REMOVED & REPLACED INTAKE GASKETS.,EC-faeaaba1210a7fbf,LG-4285908bb8f7434c,train
103685,#2 & 4 CYL INTAKES LEAKING ON L/H ENGINE.,REMOVED & REPLACED INTAKE GASKETS.,EC-1a06e4d5f90b0a16,LG-4285908bb8f7434c,train
103686,BAFFLE PLUG OUT,INSTALLED PLUG,EC-eb1c86ef4854b9cf,LG-eb1c86ef4854b9cf,train
103687,SHORT DIPSTICK INSTALLED,REMOVED SHORT DIPSTICK AND INSTALLED LONG ONE,EC-e2bfcfd2d5d99394,LG-e2bfcfd2d5d99394,train
103688,FWD LWR SEAL ON BAFFLING WORN AT AIR INTAKE.,INSTALLED RTV TO AREAS.,EC-43af1b5d759b3711,LG-43af1b5d759b3711,train
103689,L/H ENG ALL ROCKER BOX COVER SCREWS LOOSE.,TIGHTENED SCREWS.,EC-f461b34b491cd01f,LG-f40ff9615f91de7f,test
103690,L/H ENG #1 ROCKER COVER GASKET LEAKING.,REMOVED OLD GASKET & REPLACED W/ NEW.,EC-89015175474846ac,LG-608d782c2258dd59,train
103691,L/H ENG #4 INTAKE GASKET LEAKING.,"REMOVED OLD GASKET, REPLACED W/ NEW GASKET.",EC-c68fba7dca568c2c,LG-4285908bb8f7434c,train
103692,#4 INTAKE GASKET LEAKING.,INSTALLED NEW GASKET.,EC-57acd94dcdde4ef3,LG-4285908bb8f7434c,train
103693,BAFFLE PLUGS NEED TO BE REPLACED.,INSTALLED NEW BAFFLE PLUGS.,EC-f7806905de18f2f5,LG-d671d8fdeb671d58,train
103694,"#4 CYLINDER HAS LOW COMPRESSION, LEAKING #4 EXHAUST VALVE.",REMOVED PISTON & INJECTOR.,EC-86e6293b60ee2573,LG-86e6293b60ee2573,test
103695,#2/4 BAFFLE CONNECT WIRE INSTALLED BELOW INTERCYLINDER BAFFL,REROUTED BAFFLE CONNECT WIRE.,EC-5e0d666582065b75,LG-5e0d666582065b75,train
103696,"#4 CYLINDER HAS LOW COMPRESSION, LEAKING #4 EXHAUST VALVE.",RAN ENGINE. OPS & LEAK CK GOOD.,EC-86e6293b60ee2573,LG-86e6293b60ee2573,test
103697,"#4 CYLINDER HAS LOW COMPRESSION, LEAKING #4 EXHAUST VALVE.",REMOVED CYL #4 & VERIFIED EXHAUST VALVE TO BE BURNT.,EC-86e6293b60ee2573,LG-86e6293b60ee2573,test
103698,"#4 CYLINDER HAS LOW COMPRESSION, LEAKING #4 EXHAUST VALVE.","BEGAN CYLINDER REMOVAL, EXH STACK, INTAKE TUBE & BAFFLE",EC-86e6293b60ee2573,LG-86e6293b60ee2573,test
103699,"#4 CYLINDER HAS LOW COMPRESSION, LEAKING #4 EXHAUST VALVE.",INSTALLED NEW CYL & PISTON KIT IAW LYCOM,EC-86e6293b60ee2573,LG-86e6293b60ee2573,test
103700,CYL #3 INTAKE GASKET LEAKING.,REMOVED & REPLACED INTAKE GASKET.,EC-90da9829b3de9305,LG-4285908bb8f7434c,train
103701,BAFFLE PLUGS ARE WORN.,INSTALLED NEW BAFFLE PLUGS.,EC-906407443716073f,LG-d1ae1963cf7de664,dev
103702,ENGINE BAFFLE SCREW LOOSE BEHIND OIL FILLER TUBE.,TIGHTENED SCREW.,EC-a8c2a06f142c84ba,LG-59a56c8a3f496f2a,train
103703,CABLE SHEATH LOOSE ON PILOTS SEAT.,SECURED CABLE SHEATH. OPS CK GOOD.,EC-bf832cf2a48f8470,LG-bf832cf2a48f8470,train
103704,SNIFFLER VALVES DIRTY.,CLEANED BOTH SNIFFLER VALVES.,EC-1243a6854d2a786a,LG-5027701bd7fa9f57,train
103705,#3 BAFFLE SEAL RIVETS LOOSE.,REMOVED & INSTALLED NEW RIVET IAW  SE SRM 51-40-0,EC-d0f944ce031732d1,LG-40b0b34b4ec88e8c,dev
103706,TOP BOLT ON ENGINE CASE LEAKING.,CLEANED & SEALED BOLTS.,EC-35fdcae52eda3fe7,LG-35fdcae52eda3fe7,train
103707,#4 CYLINDER INTAKE GASKET LEAKING.,REMOVED & REPLACED GASKET W/ NEW.,EC-ea3b3d6613e6a454,LG-4285908bb8f7434c,train
103708,ENGINE BAFFLE CRACKED ABOVE #1 CYL.,STOP DRILLED CRACK.,EC-6410f4a85cc92d8b,LG-ab88affdca25a745,train
103709,#2 INTAKE TUBE GASKET LEAKING.,INSTALLED NEW INTAKE GASKET.,EC-babcfce517a6bf32,LG-4dcd0e6b51932d0b,dev
103710,MISSING SCREW ON CYL #3 BAFFLE.,INSTALLED SCREW.,EC-c411890a81632951,LG-ac09d330d3a5d8db,dev
103711,"R/H AFT ENGINE BAFFLE SCREW MISSING, SECURED TO ENGINE CASE.",INSTALLED SCREW ON ENGINE BAFFLE.,EC-9a4f5a06f5fcbd2d,LG-9a4f5a06f5fcbd2d,train
103712,"#1, 2, 3, 4 ROCKER COVER GASKETS NEED TO BE REPLACED.",REMOVED & REPLACED ROCKER COVER GASKETS.,EC-8c4919d86d45cee2,LG-8c4919d86d45cee2,train
103713,"MISSING BAFFLE SCREW ON R/H UPPER ROCKER COVER, #1 CYL.",INSTALLED NEW BAFFLE SCREW ON R/H #1 CYL BAFFLE.,EC-a5374078185740b4,LG-a5374078185740b4,train
103714,#4 ROCKER COVER GASKET LEAKING.,REMOVED & REPLACED #4 ROCKER COVER GASKET.,EC-da6ceccf140509ee,LG-608d782c2258dd59,train
103715,CYL #2 INTAKE GASKET LEAKING.,REMOVED & REPLACED INTAKE GASKET.,EC-804e232273da2515,LG-4285908bb8f7434c,train
103716,"ROCKER COVER GASKET, CYL #3, LEAKING.",REMOVED & REPLACED ROCKER COVER GASKET.,EC-d5bcfca6cfc2812e,LG-752f86b56038668f,train
103717,L/H #3 INTAKE GASKET LEAKING.,REMOVED & REPLACED GASKET.,EC-766ac5a58723f13e,LG-4285908bb8f7434c,train
103718,R/H #4 ROCKER COVER IS LEAKING.,REPLACED ROCKER COVER GASKET.,EC-71f9fda060fa8b9b,LG-608d782c2258dd59,train
103719,"L/H #3, 4 ROCKER COVER GASKETS LEAKING.",REMOVED & REPLACED GASKETS.,EC-7c117f749c97e90e,LG-608d782c2258dd59,train
103720,L/H ENG BAFFLE TIE ROD IS RUBBING ON #2 OIL RETURN LINE CLAM,REPOSITIONED CLAMP.,EC-efbe3bec3d76a6ab,LG-efbe3bec3d76a6ab,train
103721,#3 INTAKE TUBE GASKET LEAKING.,INSTALLED NEW INTAKE TUBE GASKET.,EC-fba2d9977e3db1f2,LG-4dcd0e6b51932d0b,dev
103722,#4 INATKE GASKET LEAKING.,REMOVED & REPLACED W/ NEW GASKET.,EC-a205f77f5fd14c8d,LG-a205f77f5fd14c8d,dev
103723,#1 ROCKER COVER GASKET LEAKING.,"REMOVED, CLEANED & REPLACED GASKET.",EC-3466c922bf8446a2,LG-608d782c2258dd59,train
103724,BAFFLE SCREW BEHIND DIPSTICK MISSING.,INSTALLED SCREW IN BAFFLE & RESAFETY WIRED DIPSTICK TUB,EC-ff2940547d051e1b,LG-ff2940547d051e1b,train
103725,OIL COOLER TIMED OUT.,REMOVED & REPLACED OIL COOLER. INSTALLED OI,EC-9da465a61b48f8b7,LG-9da465a61b48f8b7,test
103726,RIVET PULLED THROUGH ENGINE BAFFLE SEAL ABOVE #2 CYL.,REMOVED RIVET & SECURED BAFFLE W/ LIKE HARDWARE.,EC-8164fb546793c57b,LG-d97756432395263d,dev
103727,"#2, 3 ROCKER COVER GASKETS LEAKING.",REMOVED & REPLACED ROCKER COVER GASKETS.,EC-96c73d0cc3c2f995,LG-608d782c2258dd59,train
103728,FOD ON OIL COOLER,REMOVED FOD OFF OIL COOLER,EC-bb41a8ca319f478e,LG-bb41a8ca319f478e,train
103729,FOD ON TOP OF ENGINE,REMOVED FOD FROM TOP OF ENGINE,EC-6f6ce10ee8d4cc99,LG-6f6ce10ee8d4cc99,train
103730,#2 CYL ROCKER COVER GASKET LEAKING.,REPLACED ROCKER COVER GASKET.,EC-a8ddc92dbdb74855,LG-608d782c2258dd59,train
103731,R/H ENG #2 & 4 INTAKE HAVE SLIGHT LEAK.,REPLACED GASKETS.,EC-6392414eac352589,LG-6392414eac352589,train
103732,ROCKER COVER GASKET CYL #2 LEAKING.,REMOVED & REPLACED GASKET.,EC-e88efc07588299e6,LG-608d782c2258dd59,train
103733,INTAKE GASKET CYL #4 LEAKING.,REMOVED & REPLACED INTAKE GASKET.,EC-13eb31fa1710e12a,LG-4285908bb8f7434c,train
103734,LEFT ENGINE LOWER FIRE SEAL LOOSE.,REPLACED SEAL.,EC-26f2328d914e11c6,LG-26f2328d914e11c6,train
103735,R/H ENG INTAKE SCREEN LOOSE.,REPLACED R/H ENGINE INTAKE SCREEN.,EC-a50fffc31be9e453,LG-a50fffc31be9e453,train
103736,"1 FIRST STAGE COMPRESSOR BLADE HAS DAMAGE, NEAR TIP.",INSPECTED & FOUND NICKED LEADING EDGE FIRST STAGE COMPR,EC-9e1b22640716b1b8,LG-9e1b22640716b1b8,train
103737,R/H ENG AFT BAFFLE SUPPORT BRACKET RIVETS ARE SHEARED.,REMOVED BAFFLE. INSTALLED NEW RIVETS IAW,EC-5a522d2307077011,LG-322035e3d27066cf,train
103738,R/H ENG #3 INTAKE TUBE GASKET LEAKING.,REPLACED GASKET.,EC-24276a558b2ea59d,LG-ae9ab1f2ace76196,train
103739,R/H ENG #2 & 3 ROCKER BOX COVER GASKET LEAKING.,REPLACED GASKETS.,EC-2d0bf5c5d8a53e4d,LG-608d782c2258dd59,train
103740,L/H ENG #2 & 4 INTAKE TUBE GASKETS LEAKING.,REMOVED & REPLACED W/ NEW GASKETS.,EC-0dee3f6fe17fccaa,LG-ae9ab1f2ace76196,train
103741,R/H ENG #2 & 4 ROCKER COVER GASKETS LEAKING.,REMOVED & REPLACED ROCKER COVER GASKETS.,EC-4394b7cafad71a39,LG-608d782c2258dd59,train
103742,"#1, 2 & 4 CYL ROCKER COVER GASKETS ARE LEAKING.",REMOVED & REPLACED W/ NEW GASKETS.,EC-149a1213a584662e,LG-608d782c2258dd59,train
103743,INTAKE GASKET CYL #4 LEAKING.,REMOVED & REPLACED INTAKE GASKET.,EC-13eb31fa1710e12a,LG-4285908bb8f7434c,train
103744,#1 CYL BAFFLE SEAL LOOSE.,SECURED SEAL.,EC-337ea8440accad10,LG-37ac3da11bdb9f3b,train
103745,"#1, 2 CYL ROCKER COVER GASKETS LEAKING.",REMOVED & REPLACED GASKETS.,EC-47e07f6caed72003,LG-608d782c2258dd59,train
103746,#2 INTAKE LEAKING.,REMOVED & REPLACED INTAKE GASKET.,EC-9e293c9950113443,LG-10956cdabbd1e3ce,dev
103747,#2 & 4 ROCKER COVERS LEAKING.,REMOVED & REPLACED ROCKER COVER GASKETS.,EC-faa911573d289bce,LG-608d782c2258dd59,train
103748,#2 INTAKE GASKET LEAKING.,REMOVED & REPLACED GASKET.,EC-1fec9b07493816ca,LG-4285908bb8f7434c,train
103749,#3 & 4 ROCKER GASKETS LEAKING.,REMOVED & REPLACED GASKETS.,EC-49ba81b090ff598a,LG-608d782c2258dd59,train
103750,LEFT O/B BAFFLE TIE WIRE BROKEN.,INSTALLED BAFFLE TIE LISTED IN  PARTS MANUAL. FOU,EC-862cb07f9a196574,LG-fd0aefcb606d5f59,train
103751,INTAKES 3 & 4 LEAKING.,REMOVED & REPLACED INTAKE GASKETS.,EC-0beb2077641d1ccb,LG-26ffbcbee302311b,test
103752,#3 EXHAUST VALVE LEAKING ON R/H ENGINE.,"RUN UP, OPS & LEAK CK OK.",EC-18a798e9d769f0b8,LG-18a798e9d769f0b8,dev
103753,R/H ENG CYL #4 SIDE BAFFLE SEAL IS COMING LOOSE.,RESECURED LOOSE SEAL.,EC-3a18fd81ad847dc2,LG-0f9381ed42065e80,train
103754,R/H CYL #3 AFT BAFFLE IS CRACKED.,FABRICATED PATCH OF LIKE MATERIAL & RIVETED IAW,EC-2259ed54a25d4fc6,LG-e3b964f842fc4352,test
103755,#3 EXHAUST VALVE LEAKING ON R/H ENGINE.,"INSTALLED CYL ROCKERS, CYL BAFFLE, TORQUED SPARK PLUGS",EC-18a798e9d769f0b8,LG-18a798e9d769f0b8,dev
103756,#3 EXHAUST VALVE LEAKING ON R/H ENGINE.,TRIED TO STAKE VALVE W/ NO AFFECT. ROCKER COVER IS REMO,EC-18a798e9d769f0b8,LG-18a798e9d769f0b8,dev
103757,#3 EXHAUST VALVE LEAKING ON R/H ENGINE.,REMOVED & INSTALLED REPAIRED CYL ASSY. TORQUED MOUNTING,EC-18a798e9d769f0b8,LG-18a798e9d769f0b8,dev
103758,"L/H ENG, L/H FWD BAFFLE SEAL IS LOOSE.",RESECURED BAFFLE SEAL.,EC-6f0d390243175db7,LG-550468c14295fbc3,test
103759,INTAKE GASKET CYL #4 LEAKING.,REMOVED & REPLACED INTAKE GASKET.,EC-13eb31fa1710e12a,LG-4285908bb8f7434c,train
103760,L/H FWD ENGINE BAFFLE CRACKED.,STOP DRILLED CRACK.,EC-a1409826b25ba72d,LG-15f761dc9e6351d8,dev
103761,L/H REAR ENGINE BAFFLE SUPPORT CRACKED.,FABRICATED NEW BAFFLE SUPPORT OF LIKE MATERIAL & RIVETE,EC-85d5b1a3fb96e7cd,LG-0f3af06a56ed177e,train
103762,INTAKES #2 & 4 LEAKING ON R/H ENGINE.,REMOVED & REPLACED INTAKE GASKETS.,EC-4dd3339efd7d171e,LG-4285908bb8f7434c,train
103763,R/H ENG #1 CYL HAS LOW COMPRESSIONS (55 PSI).,"STAKED EXHAUST VALVE, OPS CK GOOD ON COMPRESSIONS. REMO",EC-eb70687176b70eae,LG-eb70687176b70eae,train
103764,"#2, 3, 4 INTAKE GASKETS LEAKING.",REMOVED & REPLACED INTAKE GASKETS.,EC-43966974f552a206,LG-4285908bb8f7434c,train
103765,#4 ROCKER COVER GASKET LEAKING.,REMOVED & REPLACED #4 ROCKER COVER GASKET.,EC-da6ceccf140509ee,LG-608d782c2258dd59,train
103766,#4 ROCKER COVER GASKET LEAKING.,REMOVED & REPLACED GASKET.,EC-da6ceccf140509ee,LG-608d782c2258dd59,train
103767,#4 CYL INTAKE LEAKING.,REMOVED & REPLACED INTAKE GASKET.,EC-5db7f9aca50ee844,LG-4285908bb8f7434c,train
103768,L/H ENG #1 & 4 ROCKER COVERS ARE LEAKING.,REPLACED GASKETS.,EC-a32ec6e314edb0c9,LG-608d782c2258dd59,train
103769,"L/H & R/H ENG FIREWALLS NEED TO BE SEALED, WHERE ENG CONTROL",CLEANED FIREWALL ON BOTH ENGINES & APPLIED FIREWALL SEA,EC-2d63d9d827f889f3,LG-2d63d9d827f889f3,train
103770,"R/H ENG, R/H BAFFLE TIE ROD IS RUBBING ON OIL RETURN LINE HO",MOVED R/H ENG BAFFLE TIE ROD OFF OF OIL RETURN LINE HOS,EC-cf96c212cec8da5f,LG-cf96c212cec8da5f,test
103771,#3 INTAKE LEAKING ON R/H ENGINE.,REMOVED & REPLACED #3 INTAKE GASKET.,EC-e8bee9035a1deeb3,LG-4285908bb8f7434c,train
103772,#2 INTAKE GASKET LEAKING.,REPLACED INTAKE GASKET.,EC-1fec9b07493816ca,LG-4285908bb8f7434c,train
103773,BOTH ENG BAFFLE PLUGS WORN.,REPLACED PLUGS.,EC-7e9b7aa186f4b00c,LG-d1ae1963cf7de664,dev
103774,TOP BOLT ON CRANKCASE HAS OIL LEAK.,"REMOVED BOLT, APPLIED SEALANT TO BOLT & REINSTALLED BOL",EC-7d28b5f71c59710b,LG-7d28b5f71c59710b,train
103775,FOD ON TOP OF ENGINE,REMOVED FOD FROM TOP OF ENGINE,EC-6f6ce10ee8d4cc99,LG-6f6ce10ee8d4cc99,train
103776,OIL COOLER BOLT BACKED OFF,TIGHTENED BOLT ON THE OIL COOLER,EC-3867706c709f07d9,LG-3867706c709f07d9,train
103777,#4 & 1 INTAKE GASKET LEAKING.,REMOVED & REPLACED INTAKE GASKETS.,EC-721f06074e2723da,LG-4285908bb8f7434c,train
103778,#2 ROCKER COVER GASKET LEAKING.,REMOVED & REPLACED #2 ROCKER COVER GASKET.,EC-8828e17d0b33db57,LG-608d782c2258dd59,train
103779,CRACKS NOTED EXTENDING FROM RIVET ON INSIDE OF #! CYL BAFFLE,"STOP DRILLED CRACKS ON #1 CYL BAFFLE, ON INSIDE.",EC-226786550965666a,LG-226786550965666a,train
103780,ENGINE R/H REAR BAFFLE SUPPORT BRACKET LOOSE.,"REMOVED REAR BAFFLE, DRILLED OUT RIVETS ON BAFFLE SUPPO",EC-67654f570bcf5430,LG-67654f570bcf5430,train
103781,#4 INTAKE LEAKING.,REMOVED & REPLACED #4 INTAKE GASKET.,EC-66d79f80174da74e,LG-10956cdabbd1e3ce,dev
103782,DAMAGED GROMMET FOR OIL PRESSURE SWITCH WIRE HARNESS THROUGH,"REMOVED & REPLACED GROMMET. INSPECTED WIRES FOR DAMAGE,",EC-8159519f36b37ddc,LG-8159519f36b37ddc,train
103783,"AFT L/H ENGINE BAFFLE CRACKED, TOP CORNER NEXT TO CYL #4.",STOP DRILLED CRACK.,EC-84b161b24d09ead6,LG-84b161b24d09ead6,test
103784,OIL COLLECTING ON BOTTOM OF L/H NACELLE. POOLING ON INTERIOR,INSPECTED. REPALCED O-RING ON ENGINE BREATHER FITTING.,EC-3b51d5b5591dc90c,LG-3b51d5b5591dc90c,test
103785,OIL COLLECTING ON BOTTOM OF L/H NACELLE. POOLING ON INTERIOR,"ADDED, RAN, NO LEAKS OR SEEP FOUND. COWLED &",EC-3b51d5b5591dc90c,LG-3b51d5b5591dc90c,test
103786,OIL COLLECTING ON BOTTOM OF L/H NACELLE. POOLING ON INTERIOR,REMOVED L/H LOWER NACELLE PANEL. BEGAN VISUAL INSP TO F,EC-3b51d5b5591dc90c,LG-3b51d5b5591dc90c,test
103787,START ASSIST ON L/H ENGINE.,STARTED A/C FOR PILOT.,EC-d1dab11256c67134,LG-d1dab11256c67134,train
103788,"DURING CRUISE, RPM OVERSPED, HIGHEST NUMBER SEEN WAS 2740. N",ANALYZED FDM CARD DATA. FOUND TO BE MOMENTARY OVERSPEED,EC-1b485713b8c0e46e,LG-1b485713b8c0e46e,train
103789,CREW WAS UNABLE TO START L/H ENGINE.,GOT L/H ENGINE STARTED FOR CREW.,EC-512ac75247ce7744,LG-512ac75247ce7744,train
103790,"START ASSIST, L/H ENGINE.",STARTED L/H ENGINE FOR PILOT.,EC-38525348fd6139f6,LG-38525348fd6139f6,train
103791,ENGINE IDLE SPEED AT 780 RPM.,"RAN UP A/C, UNABLE TO DUPLICATE DISCREPANCY. OPS CK GOO",EC-a2adc756afaacfd6,LG-a2adc756afaacfd6,train
103792,#2 & 3 INTAKE GASKETS LEAKING ON R/H ENGINE.,REMOVED & REPLACED GASKETS.,EC-f9bc5b7450890541,LG-4285908bb8f7434c,train
103793,#2 & 3 CYLINDER ROCKER COVERS LEAKING.,REMOVED & REPLACED ROCKER COVER GASKETS.,EC-d15ff1e89ac04be4,LG-608d782c2258dd59,train
103794,R/H ENG #3 INTAKE GASKET LEAKING.,REMOVED & REPLACED GASKET.,EC-ead7ef920140d485,LG-4285908bb8f7434c,train
103795,ALL VALVE COVERS LOOSE.,TIGHTENED ALL COVERS.,EC-c6ec7d5b180b86d5,LG-c6ec7d5b180b86d5,train
103796,1 BAFFLE BUTTON WORN.,"REPLACED W/ NEW, R/H SIDE.",EC-0d2c20e710a63cad,LG-931829d74fc2a898,test
103797,#2 INTAKE GASKET LEAKING.,REMOVED & REPLACED #2 INTAKE GASKET.,EC-1fec9b07493816ca,LG-4285908bb8f7434c,train
103798,#4 ROCKER COVER IS LEAKING.,REMOVED & REPLACED GASKET.,EC-59c5dc8b564981cd,LG-608d782c2258dd59,train
103799,"FWD BAFFLE SEAL WORN, BY AIR FILTER.",APPLIED RTV TO WORN AREAS.,EC-a50731c53bdc906e,LG-a50731c53bdc906e,train
103800,"L/H ENG, L/H REAR ENGINE BAFFLE CRACKED.",STOP DRILLED CRACK.,EC-20ff26289161ac54,LG-ba980fdf0c11c4fb,test
103801,R/H ENG #3 & 4 INTAKE GASKETS LEAKING.,REMOVED & REPLACED GASKETS.,EC-faeaaba1210a7fbf,LG-4285908bb8f7434c,train
103802,L/H ENG #3 INTAKE LEAKING.,REMOVED & REPLACED INTAKE GASKET.,EC-73622e3ba7ce4fb6,LG-4285908bb8f7434c,train
103803,"#2 & 3 ROCKER COVER GASKETS LEAKING, L/H ENGINE.",REMOVED & REPLACED ROCKER COVER GASKETS.,EC-6c30b276952ff636,LG-a2db0277093ec562,train
103804,#3 & 4 INTAKES LEAKING.,REMOVED & REPLACED INTAKE GASKETS.,EC-2daf2ac0cbc5b82a,LG-26ffbcbee302311b,test
103805,"OIL LEAK AT FRONT LOWER PORTION OF CRANKCASE, NEAR OIL SEAL.","RAN ENGINE, LEAK CK GOOD.",EC-9da7e1fda554931a,LG-9da7e1fda554931a,train
103806,"OIL LEAK AT FRONT LOWER PORTION OF CRANKCASE, NEAR OIL SEAL.",REPLACED CRANKSHAFT OIL SEAL IAW LYCOMING . REI,EC-9da7e1fda554931a,LG-9da7e1fda554931a,train
103807,SCREW MISSING FROM #3 SIDE BAFFLE.,INSTALLED SCREW.,EC-ac09d330d3a5d8db,LG-ac09d330d3a5d8db,dev
103808,#3 INTAKE TUBE GASKET IS LEAKING.,REMOVED & REPLACED INTAKE GASKET.,EC-3786055825620e07,LG-4dcd0e6b51932d0b,dev
103809,#2 ROCKER BOX COVER IS LEAKING.,REMOVED & REPLACED ROCKER COVER GASKET.,EC-8101a03ccc7cd722,LG-608d782c2258dd59,train
103810,L/H ENG #2 FWD ENGINE BAFFLE LOOSE.,"CLEANED THREADS, INSTALLED PROPER SCREW.",EC-791808b5e7a35c95,LG-550468c14295fbc3,test
103811,R/H ENG #1 ROCKER BOX COVER GASKET LEAKING.,REPLACED GASKET W/ NEW SILICONE GASKET.,EC-1204487040a8a143,LG-608d782c2258dd59,train
103812,R/H ENG #2 CYL COMPRESSION 15/80 (EXHAUST LEAK).,REMOVED CYL FROM ENGINE. REMOVED BOTH EXHAUST & INTAKE,EC-197065d0ab12f9d1,LG-197065d0ab12f9d1,train
103813,R/H ENG #2 CYL COMPRESSION 15/80 (EXHAUST LEAK).,"REINSTALLED CYL, TORQUED TO SPECS. CK DRY VALVE CLEARAN",EC-197065d0ab12f9d1,LG-197065d0ab12f9d1,train
103814,#4 INTAKE LEAKING.,REMOVED & REPLACED INTAKE GASKET.,EC-66d79f80174da74e,LG-10956cdabbd1e3ce,dev
103815,#4 INTAKE GASKET LEAKING.,REMOVED & REPLACED #4 INTAKE GASKET.,EC-57acd94dcdde4ef3,LG-4285908bb8f7434c,train
103816,SCREW MISSING ON AFT #4 CYLINDER ENGINE BAFFLE.,INSTALLED NEW SCREW & APPLICABLE WASHERS ON #4 CYL ENG,EC-5c9f9ff64b19d34e,LG-ac09d330d3a5d8db,dev
103817,"CREW REQUESTED START ASSTI, L/H ENGINE WOULD NOT START.",STARTED L/H ENGINE FOR CREW.,EC-369048f0a9824046,LG-369048f0a9824046,train
103818,"#2, 3, 4 INTAKE GASKETS LEAKING ON L/H ENG.",REMOVED & REPLACED INTAKE GASKETS.,EC-87d9512e42162ca4,LG-4285908bb8f7434c,train
103819,#3 VALVE COVER GASKET LEAKING ON L/H ENGINE.,REMOVED & REPLACED #3 VALVE COVER GASKET.,EC-5cebf7428d946d16,LG-5cebf7428d946d16,train
103820,"#1, 2, 3 VALVE COVER GASKETS LEAKING ONR/H ENGINE.",REMOVED & REPLACED VALVE COVER GASKETS.,EC-ac0a9f9faf94f219,LG-ac0a9f9faf94f219,dev
103821,ALL ROCKER COVER SCREWS ARE LOOSE.,TIGHTENED ALL SCREWS.,EC-ee9498004e9421fc,LG-f40ff9615f91de7f,test
103822,#2 & 4 CYL INTAKE GASKETS LEAKING.,REMOVED & REPLACED GASKETS.,EC-09b8121a89dc4f9a,LG-4285908bb8f7434c,train
103823,#2 & 4 INTAKE LEAKING.,REMOVED & REPLACED GASKETS.,EC-8b482d4d33b6f5e0,LG-10956cdabbd1e3ce,dev
103824,"#3, 4 & 1 INTAKES ARE LEAKING.",REPLACED INTAKE GASKETS.,EC-18f5b0f73d2ff0f5,LG-26ffbcbee302311b,test
103825,#3 ROCKER COVER IS LEAKING.,REPLACED ROCKER COVER GASKET.,EC-a0b3e63ece653165,LG-608d782c2258dd59,train
103826,L/H ENG #3 INTAKE GASKET LEAKING.,REMOVED & REPLACED GASKET.,EC-01789531e434e6fe,LG-4285908bb8f7434c,train
103827,"#2 INTAKE GASKET LEAKING, R/H ENGINE.",REMOVED & REPLACED GASKET.,EC-bb313b30731c0053,LG-0222eb60e96e9748,dev
103828,"CRACK IN ENGINE BAFFLE, ABOVE #3 CYL, R/H ENGINE.",STOP DRILLED CRACK.,EC-a0b2e892af81a91f,LG-a0b2e892af81a91f,dev
103829,L/H ENG COWL SEAL UNSECURED ABOVE #4 CYL.,SECURED COWL SEAL ABOVE #4 CYL.,EC-2fff29a94079178c,LG-2fff29a94079178c,train
103830,R/H ENG PRIMER LINE CHAFING ON #2 INTAKE TUBE.,REMOVED & REPLACED TUBE. NO DAMAGE NOTED ON PRIMER LINE,EC-5dd1a46dd92b4e76,LG-5dd1a46dd92b4e76,dev
103831,L/H SIDE BAFFLING ON #3 CYL CRACKED.,STOP DRILLED CRACK.,EC-aba96dfc194afdfb,LG-aba96dfc194afdfb,train
103832,"BAFFLE SEAL ABOVE #4 CYL, L/H ENG, HAS PULLED RIVET.",RESECURED BAFFLE SEAL.,EC-c1645c2a84968a6c,LG-c1645c2a84968a6c,train
103833,SCREW MISSING IN #3 SIDE BAFFLE.,INSTALLED SCREW.,EC-c2a84981e8cba61f,LG-c2a84981e8cba61f,train
103834,L/H BAFFLE PLUG NEEDS TO BE REPLACED.,INSTALLED NEW PLUG.,EC-d671d8fdeb671d58,LG-d671d8fdeb671d58,train
103835,#2 & 3 INTAKE GASKETS LEAKING ON L/H ENGINE.,REMOVED & REPLACED GASKETS.,EC-2cd393ef1177d704,LG-4285908bb8f7434c,train
103836,#2 INTAKE GASKET LEAKING ON R/H ENGINE.,REMOVED & REPLACED W/ NEW GASKET.,EC-32bd9e17f92c3b34,LG-4285908bb8f7434c,train
103837,LOOSE RIVETS NOTED ON R/H SIDE OF CARB AIR BOX ON L/H ENGINE,REMOVED LOOSE RIVETS & INSTALLED SCREWS.,EC-59fd081930f1333c,LG-59fd081930f1333c,train
103838,#1 CYL BAFFLING CRACKED BY ALTERNATOR BELT.,STOP DRILLED CRACK.,EC-f8861c56f1d32337,LG-f8861c56f1d32337,train
103839,OIL COOLER SUPPORT BRACKET ON CYL #4 CRACKED.,FABRICATED NEW BRACKET OUT OF LIKE MATERIAL.,EC-f75009810d9b26d4,LG-f75009810d9b26d4,dev
103840,#2 INTAKE LEAKING ON R/H ENGINE.,REPLACED GASKET.,EC-992083f8822d9bd9,LG-4285908bb8f7434c,train
103841,#3 SIDE BAFFLE CRACKED ON R/H ENGINE.,STOP DRILLED CRACK.,EC-cbe31c1b167fac99,LG-cbe31c1b167fac99,dev
103842,#3 INTAKE LEAKING ON R/H ENGINE.,REMOVED & REPLACED GASKET.,EC-e8bee9035a1deeb3,LG-4285908bb8f7434c,train
103843,#2 & 4 INTAKES LEAKING ON L/H ENGINE.,REMOVED & REPLACED INTAKE GASKETS.,EC-f6ea10c44311f457,LG-4285908bb8f7434c,train
103844,#3 AFT BAFFLE CRACKED ON R/H ENGINE.,"REMOVED BAFFLE, STOP DRILLED CRACK, FABRICATED & INSTAL",EC-1ed2bea3ed35f272,LG-1ed2bea3ed35f272,train
103845,BAFFLE REPAIR PERFORMED ON PD #12 HAS RIVETS THAT ARE RUBBIN,"REMOVED BAFFLE, REMOVED PREVIOUSLY INSTALLED PATCH. FAB",EC-c6df9f87208d9870,LG-c6df9f87208d9870,train
103846,#1 FWD BAFFLE SEAL LOOSE.,INSTALLED NEW POP RIVET.,EC-95765cc543a6db0d,LG-550468c14295fbc3,test
103847,#4 ROCKER COVER GASKET LEAKING.,REMOVED & REPLACED GASKET.,EC-da6ceccf140509ee,LG-608d782c2258dd59,train
103848,#3 REAR BAFFLE SCREW LOOSE.,REMOVED OIL FILLER TUBE TO TIGHTEN SCREW. TIGHTENED SCR,EC-e977ec8fe3eb62f2,LG-898b9dc5dfa45f87,dev
103849,#3 INTAKE GASKET LEAKING.,REPLACED GASKET.,EC-12a267bf8b1d91a6,LG-4285908bb8f7434c,train
103850,#2 INTAKE GASKET LEAKING.,REMOVED & REPLACED GASKET.,EC-1fec9b07493816ca,LG-4285908bb8f7434c,train
103851,"BAFFLE SEAL LOOSE, FWD OF #1 CYL.",SECURED BAFFLE SEAL.,EC-0b3cd479e0d1deb1,LG-9fecd093a043e4a2,dev
103852,1 BAFFLE PLUG WORN.,REPLACED 1 PLUG.,EC-4c8eb653531bace1,LG-724c9a4174167cf3,train
103853,R/H BAFFLE PLUG MISSING.,REPLACED PLUG.,EC-ce55645a8b0523b6,LG-9410f0626a11b72a,train
103854,R/H BAFFLE PLUG MISSING.,INSTALLED BAFFLE PLUG DOUBLER.,EC-ce55645a8b0523b6,LG-9410f0626a11b72a,train
103855,R/H FWD BAFFLE HAS A CRACK.,STOP DRILLED CRACK.,EC-f55eed018e7e42f0,LG-f55eed018e7e42f0,test
103856,CRACK IN R/H AFT ENGINE BAFFLE.,STOP DRILLED CRACK.,EC-95553a914876ef77,LG-95553a914876ef77,train
103857,FWD R/H ENGINE BAFFLE SEAL NEEDS TO BE RESECURED.,INSTALLED POP RIVET.,EC-65fcd6be02728183,LG-7f2bc0b62c756875,train
103858,L/H BAFFLE SEAL ON CYL #2 HAS STAPLE PULLED THROUGH.,INSTALLED POP RIVET.,EC-e3a6ffb2214839a3,LG-e3a6ffb2214839a3,train
103859,"DURING FLARE PHASE OF LANDING, ENGINE QUIT. ATTEMPTED TO RES",RETRIEVED A/C FROM RUNWAY.,EC-72951c1d11e3997a,LG-72951c1d11e3997a,test
103860,"DURING FLARE PHASE OF LANDING, ENGINE QUIT. ATTEMPTED TO RES",PERFORMED GROUND RUN OF ENGINE. TRIED TO PERFORM SEASON,EC-72951c1d11e3997a,LG-72951c1d11e3997a,test
103861,#4 INDUCTION TUBE GASKET LEAKING.,REMOVED & REPLACED GASKET.,EC-412b35d40e0953c0,LG-abec8430bec9f461,test
103862,OIL IS LEAKING FROM TOP OF R/H ENG COWLING.,RUN UP LEAK CK GOOD.,EC-d2bc66537202aacc,LG-d2bc66537202aacc,dev
103863,OIL IS LEAKING FROM TOP OF R/H ENG COWLING.,INSP REVEALED 3 BOLTS ON BACK BONE LEAKING. CLEANED ALL,EC-d2bc66537202aacc,LG-d2bc66537202aacc,dev
103864,R/H SIDE AFT BAFFLE SEAL RIVET PULLED THRU.,REPLACED RIVET.,EC-21948c150b0ec652,LG-21948c150b0ec652,train
103865,CRACK NOTED BY NUTPLATE ON #1 CYL BAFFLE.,STOP DRILLED CRACK.,EC-cab5616b7cf45228,LG-cab5616b7cf45228,train
103866,#3 & 4 INTAKE GASKETS LEAKING.,REMOVED & REPLACED INTAKE GASKETS.,EC-7829d62eb6c797c4,LG-4285908bb8f7434c,train
103867,"WHILE PERFORMING GO-AROUND @ D37 ON CLIMBOUT, ENGINE SPUTTER",RAN A/C & PERFORMED GROUND RUN SEVERAL TIMES. COULD NOT,EC-0fbb5d1b3447c389,LG-0fbb5d1b3447c389,dev
103868,#3 & 4 ROCKER COVER GASKETS LEAKING.,REMOVED & REPLACED GASKETS.,EC-c3bbd811114c6320,LG-608d782c2258dd59,train
103869,SEAL WORN ABOVE AIR INTAKE.,REPAIRED SEAL.,EC-00a6b7965b699801,LG-00a6b7965b699801,train
103870,L/H ENG #4 INTAKE GASKET LEAKING.,REMOVED & REPLACED L/H ENG INTAKE GASKET.,EC-c68fba7dca568c2c,LG-4285908bb8f7434c,train
103871,L/H ENG AFT L/H BAFFLE CRACKED.,INSPECTED L/H AFT BAFFLE CRACK PREVIOUSLY C/W.,EC-4cacc3e1235d1014,LG-e3b964f842fc4352,test
103872,"#4 CYL INTAKE TUBE FLANGE WORN, L/H ENG.",REMOVED & REPLACED INTAKE TUBE FLANGE.,EC-f1f26a9ac3db4584,LG-f1f26a9ac3db4584,train
103873,R/H ENG #4 BAFFLE CRACKED.,REMOVED R/H ENG OIL COOLER FROM #4 CYL BAFFLE. STOP DRI,EC-c6d38366a00641e4,LG-e3b964f842fc4352,test
103874,#4 INTAKE GASKET LEAKING ON R/H ENGINE.,REMOVED & REPLACED #4 INTAKE GASKET ON R/H ENGINE.,EC-7b659d8e99a33c9e,LG-4285908bb8f7434c,train
103875,"#4 CYL INTAKE TUBE NEEDS TO BE REPLACED, L/H ENG.",REMOVED & REPLACED L/H ENG #4 INTAKE TUBE.,EC-44ac942aedab96c0,LG-44ac942aedab96c0,train
103876,#2 INTAKE LEAKING.,REPLACED CYL #2 INTAKE GASKET.,EC-9e293c9950113443,LG-10956cdabbd1e3ce,dev
103877,#4 CYL AFT BAFFLE IS CRACKED.,STOP DRILLED CRACK.,EC-fd1121479edb6d2d,LG-e3b964f842fc4352,test
103878,#2 ROCKER COVER GASKET LEAKING.,REPLACED GASKET.,EC-8828e17d0b33db57,LG-608d782c2258dd59,train
103879,"#1, 3, 4 ROCKER COVER SCREWS LOOSE.",TIGHTENED ROCKER COVER SCREWS.,EC-591d52617f761427,LG-f40ff9615f91de7f,test
103880,#2 ROCKER COVER LEAKING.,REPLACED #2 ROCKER COVER GASKET.,EC-c85bc86f75e7cd5b,LG-608d782c2258dd59,train
103881,#2 CYL BOTTOM ENGINE BAFFLE SEAL NEEDS TO BE SECURED.,SECURED SEAL W/ POP RIVET.,EC-9fc91192a821a8ae,LG-9fc91192a821a8ae,dev
103882,"1, 2, 3 ROCKER COVER GASKETS LEAKING.","REMOVED, CLEANED & REPLACED W/ NEW SILICONE GASKETS.",EC-ec60b9ff82038d59,LG-608d782c2258dd59,train
103883,FWD LWR SEAL WORN ABOVE INTAKE FILTER HOUSING.,INSTALLED RTV TO WORN AREAS.,EC-3edd29ad7e9b9db2,LG-3edd29ad7e9b9db2,train
103884,BAFFLE SCREW MISSING ABOVE STARTER.,INSTALLED NEW BAFFLE SCREW & WASHERS.,EC-24ffb09bc7e0e390,LG-24ffb09bc7e0e390,test
103885,#1 CYL BAFFLING CRACKED.,STOP DRILLED CRACK.,EC-6e28e8984403d34e,LG-6e28e8984403d34e,train
103886,#4 INTAKE GASKET LEAKING.,REPLACED GASKET.,EC-57acd94dcdde4ef3,LG-4285908bb8f7434c,train
103887,#4 ROCKER COVER GASKET LEAKING.,REMOVED OLD GASKET & INSTALLED NEW ONE.,EC-da6ceccf140509ee,LG-608d782c2258dd59,train
103888,CRACK EXTENDING BEYOND RIVET ON #1 CYL BAFFLE.,"REMOCED BAFFLE, CLEANED. INSP, FOUND PAINT CRACKED. INS",EC-5ea85c3dff6a45ac,LG-5ea85c3dff6a45ac,train
103889,#2 INTAKE LEAKING ON L/H ENG.,REMOVED & REPLACED GASKET.,EC-d9de1cdfff6a0989,LG-4285908bb8f7434c,train
103890,R/H ENG CRANKCASE LIFTING EYEBOLT LEAKING OIL.,LEAK CK GOOD.,EC-e2803d7dc7cb1e2d,LG-e2803d7dc7cb1e2d,train
103891,#1 ROCKER COVER LEAKING ON R/H ENG.,REMOVED & REPLACED GASKET.,EC-201366dd382125da,LG-608d782c2258dd59,train
103892,#2 & 3 INTAKES LEAKING ON R/H ENG.,REMOVED & REPLACED GASKETS.,EC-8e65b974c8a17028,LG-4285908bb8f7434c,train
103893,#3 & 4 ROCKER COVERS LEAKING IN L/H ENG.,REMOVED & REPLACED GASKETS.,EC-366dd2f8bfdc8044,LG-608d782c2258dd59,train
103894,"BAFFLE SEAL BETWEEN CYLINDERS 2 & 4 ON R/H ENG, LOOSE.",RESECURED BAFFLE SEAL.,EC-02efc810b3c440fc,LG-02efc810b3c440fc,test
103895,R/H ENG CRANKCASE LIFTING EYEBOLT LEAKING OIL.,"CLEANED AREA, REMOVED BOLT, CLEANED & INSTALLED BOLT &",EC-e2803d7dc7cb1e2d,LG-e2803d7dc7cb1e2d,train
103896,"2, 3, 4 ROCKER COVER GASKETS LEAKING.",REMOVED & REPLACED ROCKER COVER GASKETS.,EC-aaeb211173fcb1f5,LG-608d782c2258dd59,train
103897,#1 SIDE BAFFLE BENT.,STRAIGHTENED BAFFLE.,EC-0104347712531c19,LG-0104347712531c19,train
103898,#1 BAFFLE BENT.,"REMOVED BAFFLE, STRAIGHTENED BAFFLE & REINSTALLED.",EC-57873db75c714d57,LG-0104347712531c19,train
103899,SOME ROCKER COVER SCREWS LOOSE.,TIGHTENED ALL ROCKER COVER SCREWS.,EC-da761bb427390f96,LG-da761bb427390f96,train
103900,#2 & 4 INTAKE GASKETS LEAKING.,REMOVED & REPLACED INTAKE GASKETS.,EC-f4c90d93e910c1fa,LG-4285908bb8f7434c,train
103901,EXCESSIVE FREE PLAY NOTED BETWEEN PILOT & COPILOT YOKES W/ A,ADJUSTED CENTER TURNBUCKLE ON CONTROL COLUMN & ADJUSTED,EC-06ce42f0d96c96d4,LG-06ce42f0d96c96d4,dev
103902,BOTTOM OF OIL COOLER NEEDS SEALANT REPLACED BETWEEN COOLER &,INSTALLED SEALANT.,EC-694936c0e817f29b,LG-694936c0e817f29b,train
103903,INTERCYLINDER BAFFLE TENSION WIRE CHAFING ON #1 CYL OIL RETU,PUT BEND IN BAFFLE TENSIONER WIRE TO AVOID OIL RETURN L,EC-d1d2d65bd2c31304,LG-d1d2d65bd2c31304,train
103904,BOTH BAFFLE BUTTONS WORN,INSTALLED NEW PLUGS,EC-0389a40a9ca46194,LG-646dee5f7c2e3098,train
103905,"#1 CYLINDER COMPRESSION LOW, 25LBS. COMING FROM EXHAUST","RAN AIRCRAFT, OPS AND LEAK CHECK GOOD",EC-bf7750d05462a416,LG-bf7750d05462a416,train
103906,"#1 CYLINDER COMPRESSION LOW, 25LBS. COMING FROM EXHAUST","REMOVED CYLINDER, FOUND BENT EXHAUST VALVE. INSTALLED R",EC-bf7750d05462a416,LG-bf7750d05462a416,train
103907,"FRONT BAFFLE SEAL NEEDS RTV, ABOVE ENG INLET.",INSTALLED RTV TO SEAL.,EC-462de3a1dd876a36,LG-462de3a1dd876a36,dev
103908,"#4, 1 & 3 ROCKER COVERS LEAKING.",REMOVED & REPLACED GASKETS.,EC-bec8a2aa4628fedd,LG-bec8a2aa4628fedd,train
103909,LH ENGINE #4 CYL BAFFLE SEAL STAPLE PULLED THROUGH,REPLACED STAPLE WITH POP RIVET,EC-49a3b55890a032bd,LG-e3a6ffb2214839a3,train
103910,#1 AND #3 ROCKER COVERS LEAKING,"REMOVED, CLEANED, INSTALLED NEW SILICONE GASKETS",EC-1d76e58a0fbe8386,LG-608d782c2258dd59,train
103911,R/H ENGINE #3 INTAKE GASKET LEAKING,REMOVED AND REPLACED #3 INTAKE GASKET ON R/H ENG,EC-1538dda5910aba2a,LG-4285908bb8f7434c,train
103912,EXCESSIVE ENGINE VIBRATION ON DEPARTURE CLIMBOUT. VIBRATION,"RAN ACFT, IDLE RPM AND MIXTURE AND MAG CHECKS GOOD RAN",EC-b2df3d087eaceb10,LG-b2df3d087eaceb10,train
103913,CYL #2 & 4 INTAKE GASKETS LEAKING,REPLACED CYL #2 & 4 INTAKE GASKETS,EC-631b1973bd45ee92,LG-4285908bb8f7434c,train
103914,#3 INTAKE GASKET LEAKING.,REMOVED & REPLACED INTAKE GASKET.,EC-12a267bf8b1d91a6,LG-4285908bb8f7434c,train
103915,"#1, 2, 4 ROCKER COVER GASKETS LEAKING.",REMOVED & REPLACED ROCKER COVER GASKETS.,EC-8e8513645c0be7f8,LG-608d782c2258dd59,train
103916,#1 CYL BOTTOM BAFFLE SEAL RIVET PULLED THROUGH.,INSTALLED NEW POP RIVET.,EC-16fcb65039b484b3,LG-d97756432395263d,dev
103917,"2, 3, 4 ROCKER COVER GASKETS LEAKING.","REMOVED OLD GASKETS, CLEANED & INSTALLED NEW SILICONE G",EC-aaeb211173fcb1f5,LG-608d782c2258dd59,train
103918,#4 INTAKE LEAKING ON L/H ENGINE.,REMOVED & REPLACED GASKET.,EC-3fd1e88fe4572cdd,LG-4285908bb8f7434c,train
103919,#3 ROCKER COVER LEAKING ON R/H ENGINE.,REPLACED ROCKER COVER GASKET.,EC-8966393e5fc21277,LG-608d782c2258dd59,train
103920,#3 CYL TOP BAFFLING HAS A CRACK.,STOP DRILLED CRACK.,EC-ba7217e25eae07fa,LG-ba7217e25eae07fa,train
103921,#2 & 4 IGN TOP LEADS NEED TO BE SECURED.,SECURED LEADS.,EC-074a346ef057e4b5,LG-074a346ef057e4b5,train
103922,#2 INTAKE GASKET LEAKING.,REMOVED & REPLACED #2 INTAKE GASKET.,EC-1fec9b07493816ca,LG-4285908bb8f7434c,train
103923,#1 & 2 INTAKE GASKETS LEAKING.,REMOVED & REPLACED GASKETS.,EC-299e439596394371,LG-4285908bb8f7434c,train
103924,#2 INTAKE LEAKING.,REMOVED & REPLACED INTAKE GASKET.,EC-9e293c9950113443,LG-10956cdabbd1e3ce,dev
103925,#2 FWD SIDE BAFFLE SEAL DISCONNECTED.,REATTACHED USING POP RIVETS.,EC-f05f1901389019c6,LG-7b85f847eb6600a2,train
103926,"MISSING SCREW ON ENG BAFFLE AFT & NEXT TO CYL #3, SCREW MOUN",INSTALLED SCREW.,EC-50fb29829cf9f918,LG-50fb29829cf9f918,train
103927,R/H ENG #2 INTAKE GASKET LEAKING.,REPLACED GASKET.,EC-2ebbecb3b7866171,LG-4285908bb8f7434c,train
103928,L/H ENG #2 & 4 ROCKER GASKETS ARE LEAKING.,REMOVED & REPLACED GASKETS.,EC-61b68c6ac17ed777,LG-608d782c2258dd59,train
103929,"L/H ENG #2, 3, 4 INTAKE GASKETS ARE LEAKING.",REMOVED & REPLACED GASKETS.,EC-36c441e25010fe07,LG-4285908bb8f7434c,train
103930,R/H ENGINE #3 & 4 ROCKER GASKETS ARE LEAKING.,REMOVED & REPLACED GASKETS.,EC-f5b1ac88bc260d53,LG-608d782c2258dd59,train
103931,L/H ENG INTAKE SCREEN WORN.,ORDERED PART.,EC-517e9c7aef9ec681,LG-517e9c7aef9ec681,train
103932,L/H ENG INTAKE SCREEN WORN.,INSTALLED NEW SCREEN.,EC-517e9c7aef9ec681,LG-517e9c7aef9ec681,train
103933,#2 INDUCTION TUBE GASKET LEAKING.,INSTALLED NEW INTAKE GASKET.,EC-abec8430bec9f461,LG-abec8430bec9f461,test
103934,INTAKE GASKET CYL #1 LEAKING.,REMOVED & REPLACED INTAKE GASKET.,EC-57c656d0e20703d6,LG-4285908bb8f7434c,train
103935,EXPERIENCED ENGINE ROUGHNESS & MOMENTARY POWER HESITATION. A,PERFORMED ENG RUN UP & NOTED EXCESSIVE RPM RISE AT IDLE,EC-6d5e04711da8d574,LG-6d5e04711da8d574,test
103936,EXPERIENCED ENGINE ROUGHNESS & MOMENTARY POWER HESITATION. A,REINSTALLED COWLING & PERFORMED ENG RUN NOTING IDLE SPE,EC-6d5e04711da8d574,LG-6d5e04711da8d574,test
103937,R/H ENG #2 INTAKE IS LEAKING.,REMOVED & REPLAED R/H ENG #2 INTAKE GASKET.,EC-6dd3fc4da5b47f57,LG-4285908bb8f7434c,train
103938,R/H ENG #1 ROCKER COVER IS LEAKING.,REMOVED & REPLACED R/H ENG #1 ROCKER COVER GASKET.,EC-98433348faa4e9c6,LG-608d782c2258dd59,train
103939,CYL #2 INTAKE GASKET IS LEAKING.,REMOVED & REPLACED GASKET W/ NEW.,EC-ae287164a190fda3,LG-4285908bb8f7434c,train
103940,#2 & 4 INTAKE GASKETS LEAKING ON L/H ENGINE.,REMOVED & REPLACED INTAKE GASKETS.,EC-557398e65ef10bdd,LG-4285908bb8f7434c,train
103941,#1 & 2 ROCKER COVER GASKETS LEAKING ON L/H ENGINE.,REMOVED & REPLACED ROCKER COVERS.,EC-c0c5a6e94571c12d,LG-608d782c2258dd59,train
103942,PILOT REPORTED THAT CYL #1 FWD BAFFLE SEAL NEEDED TO BE LOOK,"LOOKED AT BAFFLE SEAL, REPOSITIONED, CHECKED GOOD",EC-3711a08a9edd6de8,LG-3711a08a9edd6de8,train
103943,ALL ROCKER COVER SCREWS LOOSE.,TIGHTENED ALL SCREWS ON ROCKER COVERS.,EC-8e932e00e3e651d7,LG-f40ff9615f91de7f,test
103944,R/H ENG #1 CYL HAS LOW COMPRESSION 5/80.,LEAK CK GOOD.,EC-53fca6c09c821bc0,LG-53fca6c09c821bc0,train
103945,R/H ENG #3 CYL HAS LOW COMPRESSION 20/80.,LEAK CK GOOD.,EC-6457d4362640fb7f,LG-6457d4362640fb7f,train
103946,R/H ENG #4 BAFFLE CRACKED AT OIL COOLER.,STOP DRILLED CRACK.,EC-9a19bda22c2b7c4c,LG-486dfcf538c059ba,train
103947,#4 CYL BAFFLE SEAL RIVET PULLED THROUGH.,RESECURED BAFFLE SEAL.,EC-aac38ab5d14f9059,LG-d97756432395263d,dev
103948,R/H ENG #1 & 3 INTAKES ARE LEAKING.,REMOVED & REPLACED GASKETS.,EC-f2505ba822fedfbf,LG-4285908bb8f7434c,train
103949,R/H ENG #1 CYL HAS LOW COMPRESSION 5/80.,REMOVED CYLINDER & PISTON ASSY. STARTED INSTALLATION OF,EC-53fca6c09c821bc0,LG-53fca6c09c821bc0,train
103950,R/H ENG #1 CYL HAS LOW COMPRESSION 5/80.,FINISHED INSTALLING CYLINDER IAW LYCOMING OVERH,EC-53fca6c09c821bc0,LG-53fca6c09c821bc0,train
103951,R/H ENG #3 CYL HAS LOW COMPRESSION 20/80.,REMOVED CYLINDER & PISTON ASSY. STARTED INSTALLATION OF,EC-6457d4362640fb7f,LG-6457d4362640fb7f,train
103952,R/H ENG #3 CYL HAS LOW COMPRESSION 20/80.,FINISHED INSTALLING CYLINDER IAW LYCOMING OVERH,EC-6457d4362640fb7f,LG-6457d4362640fb7f,train
103953,#3 ROCKER COVER MISSING A SCREW.,INSTALLED NEW SCREW.,EC-c36c990375e80c36,LG-5ee79aeba0a4b297,test
103954,BAFFLE SCREW MISSING ON R/H SIDE BY OIL DIPSTICK HOUSING.,INSTALED NEW SCREW.,EC-1b8d0971de7fee1d,LG-1b8d0971de7fee1d,train
103955,"1, 2, 3 ROCKER COVER GASKETS LEAKING.",REMOVED & REPLACED ROCKER COVER GASKETS.,EC-ec60b9ff82038d59,LG-608d782c2258dd59,train
103956,#4 INTAKE GASKET LEAKING.,REMOVED & REPLACED INTAKE GASKET.,EC-57acd94dcdde4ef3,LG-4285908bb8f7434c,train
103957,"WHILE TAXIING, ENGINE QUIT & COULD NOT RESTART.",STARTED A/C SEVERAL TIMES USING NORMAL PROCEDURES. PERF,EC-0cfcb7a5b92cf6a4,LG-0cfcb7a5b92cf6a4,train
103958,ENGINE BAFFLE PATCH CRACKED ABOVE #4 CYL.,STOP DRILLED CRACK.,EC-79850ab266b63e6c,LG-60f1c0402bfcdc91,train
103959,"ON RUN UP; R/H ENG, L/H MAG FAILED MAG CK. CYL #1 HAD NO TEM",RECOWLED R/H ENGINE.,EC-4741c82c770d0dee,LG-4741c82c770d0dee,dev
103960,"ON RUN UP; R/H ENG, L/H MAG FAILED MAG CK. CYL #1 HAD NO TEM","RAN A/C, OPS & LEAK CK GOOD.",EC-4741c82c770d0dee,LG-4741c82c770d0dee,dev
103961,"ON RUN UP; R/H ENG, L/H MAG FAILED MAG CK. CYL #1 HAD NO TEM",FOUND CYL #1 TOP & BOTTOM PLUGS WET W/ OIL & ELECTRODE,EC-4741c82c770d0dee,LG-4741c82c770d0dee,dev
103962,"ON RUN UP; R/H ENG, L/H MAG FAILED MAG CK. CYL #1 HAD NO TEM","PERFORMED GROUND RUN, FOUND R/H ENG TO RUN ROUGH ANYTIM",EC-4741c82c770d0dee,LG-4741c82c770d0dee,dev
103963,"ON RUN UP; R/H ENG, L/H MAG FAILED MAG CK. CYL #1 HAD NO TEM","REMOVED & REPLACED CYL ASSY, DRY TAPPET CLEARANCE CK'ED",EC-4741c82c770d0dee,LG-4741c82c770d0dee,dev
103964,LEFT ENGINE #2 INTAKE LEAKING.,REMOVED & REPLACED GASKET.,EC-7f51be600f034318,LG-4285908bb8f7434c,train
103965,"ON RUN UP, OBSERVED ENGINE ROUGHNESS. CONSISTANT W/ STICKING",REAMED #4 EXHAUST GUIDE IAW LYCOMING .,EC-a555e0b46739e6d9,LG-a555e0b46739e6d9,train
103966,SCREW MISSING FROM CYL #2 FWD BAFFLE.,INSTALLED NEW SCREW.,EC-c07c5b357fd92c81,LG-c07c5b357fd92c81,train
103967,#4 INTAKE GASKET LEAKING.,REMOVED & REPLACED GASKET.,EC-57acd94dcdde4ef3,LG-4285908bb8f7434c,train
103968,#1 ROCKER COVER GASKET LEAKING.,REMOVED & REPLACED GASKET.,EC-3466c922bf8446a2,LG-608d782c2258dd59,train
103969,"#2, 3, 4 INTAKE GASKETS LEAKING.",REMOVED & REPLACED INTAKE GASKETS.,EC-43966974f552a206,LG-4285908bb8f7434c,train
103970,R/H #1 CYL BAFFLE HAS A CRACK.,STOP DRILLED CRACK.,EC-58405bc635d6d5f3,LG-67f347997e387064,train
103971,R/H #2 & 4 ROCKER GASKETS ARE LEAKING.,REPLACED GASKETS.,EC-14454d5bc63ed4c5,LG-608d782c2258dd59,train
103972,R/H #3 & 4 INTAKE GASKETS ARE LEAKING.,REPLACED GASKETS.,EC-fc7fddd8bf6b1452,LG-4285908bb8f7434c,train
103973,#2 CYL BOTTOM FRONT BAFFLING HAS A CRACK.,STOP DRILLED CRACK.,EC-87a68e946fc09863,LG-87a68e946fc09863,train
103974,L/H ENGINE HAD C CLIP IN OIL SCREEN,REMOVED LH ENG & PROP.,EC-ad410cc030384207,LG-ad410cc030384207,train
103975,R/H #3 REAR & #4 SIDE BAFFLE SEALS TORN.,REPLACED #3 BAFFLE SEAL & RESECURED #4 SIDE.,EC-3ae1b439064e06a2,LG-3ae1b439064e06a2,train
103976,L/H ENGINE HAD C CLIP IN OIL SCREEN ,NO OTHER FOD OR DEFECTS NOTED.,EC-ad410cc030384207,LG-ad410cc030384207,train
103977,L/H ENGINE HAD C CLIP IN OIL SCREEN,"DISASSEMBLED, INSP'ED, VERIFIED THAT SNAP RING WAS MISS",EC-ad410cc030384207,LG-ad410cc030384207,train
103978,L/H ENGINE HAD C CLIP IN OIL SCREEN,"INSTALLED PROP, BUT IS NOT TORQUED OR SAFETIED. INSTALL",EC-ad410cc030384207,LG-ad410cc030384207,train
103979,L/H ENGINE HAD C CLIP IN OIL SCREEN,PREPPED ENGINE FOR INSTALLATION. FIXED L/H AFT LOWER BA,EC-ad410cc030384207,LG-ad410cc030384207,train
103980,L/H ENGINE HAD C CLIP IN OIL SCREEN,"CONTINUED INSTALLATION. SAEFTIED PROP, TIMED MAGNETOS T",EC-ad410cc030384207,LG-ad410cc030384207,train
103981,"CYL #1, 2 & 3 INTAKE GASKETS ARE LEAKING.",REMOVED & REPLACED INTAKE GASKETS.,EC-312edced93e9e85e,LG-4285908bb8f7434c,train
103982,CYL #1 ROCKER COVER GASKET IS LEAKING.,REMOVED & REPLACED ROCKER COVER GASKET.,EC-dbcbdb31f23f7817,LG-608d782c2258dd59,train
103983,#4 INTAKE GASKET ON L/H ENGINE LEAKING.,REMOVED & REPLACED GASKET.,EC-03009e039e620c75,LG-4285908bb8f7434c,train
103984,#3 ROCKER COVER GASKET LEAKING ON R/H ENGINE.,REMOVED & REPLACED GASKET.,EC-1ade9d64e19dcfe3,LG-608d782c2258dd59,train
103985,PRIMER LINE CLAMP ON #4 INTAKE TUBE OF L/H ENGINE LOOSE.,TIGHTENED CLAMP.,EC-4720f6bb72b2d1ed,LG-4720f6bb72b2d1ed,test
103986,"#2, 3, 4 INTAKE GASKETS LEAKING ON R/H ENGINE.",REMOVED & REPLACED INTAKE GASKETS ON R/H ENGINE.,EC-423f150c9adb6615,LG-4285908bb8f7434c,train
103987,"CHAFING DAMAGE NOTED ON #3 INTAKE TUBE, BY PRIMER LINE.",INSPECTED #3 INTAKE TUBE & PRIMER LINE ON R/H ENGINE NO,EC-e70870b4180f458d,LG-e70870b4180f458d,train
103988,ENGINE SCROLL DIRTY.,CLEANED ENGINE SCROLL.,EC-7c77b96a2123be3f,LG-7c77b96a2123be3f,train
103989,CYL #3 & 4 INTAKE GASKETS LEAKING.,REMOVED & REPLACED INTAKE GASKET.,EC-f72e44d6b02aef53,LG-4285908bb8f7434c,train
103990,R/H ENGINE #2 INTAKE LEAKING.,REPLACED GASKET.,EC-4077c6dcabaec98a,LG-4285908bb8f7434c,train
103991,CYL #1 & 3 INTAKE GASKETS ARE LEAKING.,REMOVED & REPLACED GASKETS.,EC-ab0f7ec70da61881,LG-4285908bb8f7434c,train
103992,CYL #2 ROCKER COVER GASKET IS LEAKING.,REMOVED & REPLACED ROCKER COVER GASKET.,EC-11e80a174fe34a4d,LG-608d782c2258dd59,train
103993,L/H I/B CYL BAFFLING CONNECTING ROD IS BROKEN.,REMOVED & REPLACED CONNECTING ROD.,EC-26684faa628ecddb,LG-aee15e3122d788a3,train
103994,LEFT ENGINE WILL NOT START HOT.,STARTED BOTH ENGINES USING NORMAL PROCEDURES. SHUT DOWN,EC-183669df5d90ca8c,LG-183669df5d90ca8c,train
103995,FWD ENG BLACK COWLING SEAL WEARING AT FILTER.,INSTALLED BLACK RTV IN WORN AREAS.,EC-5b512791e9cf4cf6,LG-5b512791e9cf4cf6,test
103996,#3 ROCKER GASKET IS LEAKING.,REPLACED GASKET.,EC-cbe25f87b331073d,LG-608d782c2258dd59,train
103997,ALL 4 INTAKE GASKETS ARE LEAKING.,REPLACED GASKETS.,EC-d65713d1a1dcbf08,LG-f0f174a9dcdc1ded,dev
103998,"CYL #1, 2 & 4 ROCKER COVER GASKETS ARE LEAKING.",REMOVED & REPLACED ROCKER COVER GASKETS.,EC-ba04ec43dc97e590,LG-608d782c2258dd59,train
103999,#4 ROCKER COVER LEAKING.,REPLACED ROCKER COVER GASKET.,EC-fbe922c5be2d1674,LG-608d782c2258dd59,train
104000,#4 CYL INTAKE GASKET LEAKING.,REMOVED & REPLACED INTAKE GASKET.,EC-ea3b3d6613e6a454,LG-4285908bb8f7434c,train
104001,#2 INTAKE GASKET LEAKING.,REMOVED & REPLACED GASKET.,EC-1fec9b07493816ca,LG-4285908bb8f7434c,train
104002,#2 ROCKER COVER GASKET LEAKING.,REMOVED & REPLACED GASKET.,EC-8828e17d0b33db57,LG-608d782c2258dd59,train
104003,ENG FWD SEAL (BLACK) WORN SPOTS AT AIR INLET.,APPLIED RTV TO AREAS.,EC-af4a475de6763aaf,LG-af4a475de6763aaf,train
104004,#1 ROCKER COVER GASKET LEAKS.,REMOVED & REPLACED GASKET.,EC-a88e2c21bad4196e,LG-a95a51a28f245627,test
104005,CYL #1 ROCKER COVER GASKET IS LEAKING.,REMOVED & REPLACED ROCKER COVER GASKET.,EC-dbcbdb31f23f7817,LG-608d782c2258dd59,train
104006,#4 ROCKER COVER GASKET LEAKING.,"REMOVED COVER, CLEANED & INSTALLED NEW SILICONE GASKET.",EC-da6ceccf140509ee,LG-608d782c2258dd59,train
104007,SIGNIFICANT AMOUNT OF OIL LEAKING FROM #4 CYLINDER AREA.,REMOVED & REPLACED #4 CYL ROCKER COVER GASKET. RAN ENGI,EC-30c9feaaf7303b83,LG-30c9feaaf7303b83,train
104008,SMALL LEAK NOTED ON UPPER ENGINE CRANKCASE BACKBONE.,REMOVED BOLT ON UPPER CRANKCASE BACKBONE & APPLIED HIGH,EC-990057ce5583cb4d,LG-990057ce5583cb4d,train
104009,#2 INTAKE LEAKING.,REMOVED & REPLACED GASKET.,EC-9e293c9950113443,LG-10956cdabbd1e3ce,dev
104010,CYL #2 ROCKER COVER GASKET IS LEAKING.,REMOED & REPLACED ROCKER GASKET.,EC-11e80a174fe34a4d,LG-608d782c2258dd59,train
104011,#4 INTAKE GASKET LEAKING.,REPLACED #4 INTAKE GASKET.,EC-57acd94dcdde4ef3,LG-4285908bb8f7434c,train
104012,#4 ROCKER COVER GASKET LEAKING.,REMOVED & REPLACED GASKET.,EC-da6ceccf140509ee,LG-608d782c2258dd59,train
104013,"#2, 3 & 4 INTAKE GASKETS LEAKING.",REMOVED & REPLACED INTAKE GASKETS.,EC-a23fa0945a5a974f,LG-4285908bb8f7434c,train
104014,L/H AFT ENGINE BAFFLE CRACKED.,STOP DRILLED CRACK & REPAIRED BAFFLE BY PATCHING.,EC-938ba20c975680ca,LG-e3b964f842fc4352,test
104015,"ROCKER COVER GASKETS, CYL #2 & 3, LEAKING.",REMOVED & REPLACED ROCKER COVER GASKETS.,EC-a05e6fe55ce2747b,LG-f33e2e875bf4b51a,train
104016,#4 INTAKE GASKET IS LEAKING.,REPLACED GASKET.,EC-0489f0dc14177ee4,LG-4285908bb8f7434c,train
104017,#3 & 4 ROCKER GASKETS LEAKING.,REPLACED BOTH GASKETS.,EC-49ba81b090ff598a,LG-608d782c2258dd59,train
104018,#1 CYL BAFFLING HAS A CRACK.,STOP DRILLED CRACK.,EC-19a76e12dbb5990d,LG-ba7217e25eae07fa,train
104019,L/H SIDE BAFFLE PLUG HAS BROKEN TABS.,REPLACED W/ NEW BAFFLE PLUG.,EC-559cb42b0414cba8,LG-559cb42b0414cba8,train
104020,#2 INTAKE LEAKING ON R/H ENGINE.,REMOVED & REPLACED GASKET.,EC-992083f8822d9bd9,LG-4285908bb8f7434c,train
104021,CYL #1 INTAKE GASKET LEAKING.,REMOVED & REPLACED INTAKE GASKET.,EC-5c11cf15c25be7e3,LG-4285908bb8f7434c,train
104022,"CRACKED R/H SIDE ENGINE BAFFLE, NEXT TO CYL #1.",STOP DRILLED CRACK.,EC-29dc46af4091eded,LG-29dc46af4091eded,test
104023,"#3, 4 ROCKER COVER GASKETS LEAKING.",REMOVED & REPLACED GASKETS.,EC-013c93971d020a00,LG-608d782c2258dd59,train
104024,CREW REQUESTED START ASSIST.,STARTED ENGINE FOR CREW.,EC-886918b829523812,LG-886918b829523812,train
104025,#4 ROCKER COVER GASKET LEAKING.,REMOVED & REPLACED GASKET.,EC-da6ceccf140509ee,LG-608d782c2258dd59,train
104026,#2 INTAKE GASKET LEAKING.,REMOVED & REPLACED #2 INTAKE GASKET.,EC-1fec9b07493816ca,LG-4285908bb8f7434c,train
104027,"PREVIOUS PATCH REPAIR FOR #4 CYL BAFFLE, CRACKED.",FABRICATED NEW BAFFLE PATCH REPAIR OUT OF LIKE MATERIAL,EC-0db4b6e1d293349e,LG-0db4b6e1d293349e,train
104028,"LEAK NOTED BY OIL RETURN LINE, BYT ACCESSORY CASE.",REMOVED OIL RETURN LINE AT ACCESSORY CASE FITTING. TIGH,EC-c04da7817bad8ba7,LG-c04da7817bad8ba7,train
104029,#1 INTAKE TUBE GASKET LEAKING.,INSTALLED NEW INTAKE GASKET.,EC-a78e41df9cf72eb1,LG-4dcd0e6b51932d0b,dev
104030,ALL ROCKER COVER SCREWS LOOSE.,TIGHTENED SCREWS.,EC-8e932e00e3e651d7,LG-f40ff9615f91de7f,test
104031,#4 AFT BAFFLE CRACKED.,REPLACED W/ REPAIRED BAFFLE.,EC-8a140d934ed96417,LG-e3b964f842fc4352,test
104032,R/H ENG #2 INTAKE GASKET IS LEAKING.,REPLACED INTAKE GASKET.,EC-ed3d32ccce865006,LG-4285908bb8f7434c,train
104033,#3 AFT BAFFLE CRACKED.,REPAIRED W/ RIVETED PATCH & INSTALLED BAFFLE.,EC-622740ed6b278ae7,LG-e3b964f842fc4352,test
104034,R/H ENG #3 AFT BAFFLE SEAL TORN.,APPLIED RUBBER SILICONE TO TORN BAFFLE SEALS.,EC-07e03fa81ed3f839,LG-e5bf077cd3e0a4b2,train
104035,L/H OIL COOLER NEEDS TO BE REPLACED.,INSTALLED OVERHAULED OIL COOLER,EC-7a727628c92e0b56,LG-67c39c9e96008565,train
104036,L/H ENGINE #4 REAR BAFFLE HAS SMALL CRACK & BAFFLE SEAL TORN,STOP DRILLED CRACK & REPLACED SECTION OF BAFFLE SEAL.,EC-4c61a22cc52c85da,LG-4c61a22cc52c85da,test
104037,NLG UPPER COVER INSTALLED INCORRECTLY.,REPOSITIONED COVER TO CORRECT POSITION.,EC-598177bb7e119b66,LG-598177bb7e119b66,train
104038,R/H ENG I/B AFT BAFFLE @ UPPER I/B OIL COOLER CRACKED.,"AFTER FURTHER INSP, FOUND PART TO HAVE PREVIOUSLY BEEN",EC-2fe2deddfda5b370,LG-d79c5924a924909b,train
104039,#3 CYL ROCKER COVER GASKET IS LEAKING.,REMOVED & REPLACED ROCKER COVER GASKET.,EC-61964c49332b0932,LG-608d782c2258dd59,train
104040,CYL #2 ROCKER COVER GASKET IS LEAKING.,REMOVED & REPLACED GASKET.,EC-11e80a174fe34a4d,LG-608d782c2258dd59,train
104041,"DURING CLIMB OUT, OBSERVED MOMENTARY RPM DROP AROUN","RAN UP A/C, COULD NOT DUPLICATE DISCREPANCY. OPS CK GOO",EC-19058f5e64d611a2,LG-19058f5e64d611a2,train
104042,#3 INTAKE LEAKING ON L/H ENGINE.,REMOVED & REPLACED GASKET W/ NEW.,EC-d5214a798d419c0a,LG-4285908bb8f7434c,train
104043,SMALL CRACK NOTED BY BOLT ON #1 CYL BAFFLE OF R/H ENGINE.,STOP DRILLED CRACK.,EC-8bda878188da6176,LG-8bda878188da6176,train
104044,SMALL CRACK NOTED ON R/H AFT BAFFLE OF R/H ENGINE ON I/B SID,STOP DRILLED CRACK.,EC-6c2a12c5cde8dfbd,LG-6c2a12c5cde8dfbd,train
104045,CHAFING NOTED ON R/H ENGINE STARTER WIRE BY THROTTLE CABLE O,APPLIED HIGH TEMP SILICONE.,EC-1b39daa8859fbec8,LG-1b39daa8859fbec8,train
104046,"#1, 2, 3, 4 INTAKE GASKETS LEAKING ON R/H ENGINE.",REMOVED & REPLACED R/H ENGINE INTAKE GASKETS.,EC-fe12662228b4814b,LG-4285908bb8f7434c,train
104047,#4 INTAKE LEAKING.,REMOVED & REPLACED INTAKE.,EC-66d79f80174da74e,LG-10956cdabbd1e3ce,dev
104048,LEFT BAFFLE INNER TIE WIRE MISROUTED.,REROUTED BAFFLE TIE ROD.,EC-3e04514d849d86ab,LG-3e04514d849d86ab,dev
104049,#2 & 4 INTAKE GASKETS LEAKING.,REMOVED & REPLACED GASKETS W/ NEW.,EC-f4c90d93e910c1fa,LG-4285908bb8f7434c,train
104050,CYL #4 INTAKE GASKET LEAKING.,REMOVED & REPLACED INTAKE GASKET.,EC-e5b89fc5cfd3901f,LG-4285908bb8f7434c,train
104051,"L/H ENG #3, 2, 4 ROCKER COVER GASKETS ARE LEAKING.",REMOVED & REPLACED GASKETS.,EC-879109de2fd3e401,LG-608d782c2258dd59,train
104052,"R/H ENG #1, 2, 4 HAS LEAKING ROCKER COVER GASKETS.",REMOVED & REPLACED GASKETS.,EC-bc2e276f2b70c2dd,LG-0115e04deed62adc,train
104053,R/H ENGINE OIL PRESSURE SETTING ADJUSTER SAFETY WIRE IS LOOS,REMOVED OLD SAFETY WIRE & RESAFETIED.,EC-74bd1ad18dc61df5,LG-74bd1ad18dc61df5,train
104054,R/H ENG #3 INTAKE TUBE GASKET LEAKING.,INSTALLED NEW INTAKE GASKET.,EC-24276a558b2ea59d,LG-ae9ab1f2ace76196,train
104055,"#2, 3, 4 INTAKE GASKETS LEAKING ON L/H ENG.",REMOVED & REPLACED L/H ENG INTAKE GASKETS.,EC-87d9512e42162ca4,LG-4285908bb8f7434c,train
104056,ADEL CLAMP FOR MIXTURE & THROTTLE CABLES ON R/H SDIE OF UPPE,REMOVED & REPLACED ADEL CLAMP.,EC-980f7d0b6484703b,LG-980f7d0b6484703b,dev
104057,ZIP TIES USED ON L/H & R/H ENGINE MOUNT IN PLACE OF LACING C,REATTACHED CABLE & HOSES W/ LACING CORD.,EC-ba25dac60da4e0c0,LG-ba25dac60da4e0c0,train
104058,#2 ROCKER BOX COVER GASKET LEAKING.,"REMOVED ROCKER BOX COVER, CLEANED MATING SURFACES & GAS",EC-685f78d908b88069,LG-608d782c2258dd59,train
104059,CRACKS NOTED BY RELIEF HOLE ON AFT #4 CYL BAFFLE.,STOP DRILLED CRACKS.,EC-947da7e23d830efb,LG-947da7e23d830efb,train
104060,"CRACK NOTED ON UNDERSIDE OF #1 ENG CYL BAFFLE, BY NUTS.",STOP DRILLED CRACK.,EC-faf45074e6265a52,LG-faf45074e6265a52,train
104061,OIL COOLER O/B CYLINDER BRACKET CRACKED.,FABRICATED NEW BRACKET OUT OF LIKE MATERIAL REFERENCING,EC-edcf9e19c6337650,LG-edcf9e19c6337650,train
104062,#2 INTAKE GASKET IS LEAKING.,REMOVED & REPLACED INTAKE GASKET.,EC-53f353a420cf4fcc,LG-4285908bb8f7434c,train
104063,LH OIL COOLER NEEDS TO BE CHANGED.,LEAK CK GOOD.,EC-bf0c87358ec7f6d6,LG-bf0c87358ec7f6d6,test
104064,R/H OIL COOLER NEEDS TO BE CHANGED.,LEAK CK GOOD.,EC-ade5ce171daa903b,LG-bf0c87358ec7f6d6,test
104065,LH OIL COOLER NEEDS TO BE CHANGED.,REMOVED COOLER.,EC-bf0c87358ec7f6d6,LG-bf0c87358ec7f6d6,test
104066,R/H OIL COOLER NEEDS TO BE CHANGED.,REMOVED OIL COOLER.,EC-ade5ce171daa903b,LG-bf0c87358ec7f6d6,test
104067,BAFFLE BRACKET BY OIL COOLER IS CRACKED.,REMOVED & REPLACED BRACKET.,EC-8e16f072774dda6c,LG-8e16f072774dda6c,train
104068,R/H OIL COOLER NEEDS TO BE CHANGED.,INSTALLED NEW OIL COOLER,EC-ade5ce171daa903b,LG-bf0c87358ec7f6d6,test
104069,"L/H ENGINE, LEFT REAR BAFFLE IS CRACKED.",REMOVED & REPLACED BAFFLING SECTION.,EC-4048eaab94916d56,LG-ba980fdf0c11c4fb,test
104070,LH OIL COOLER NEEDS TO BE CHANGED.,SWAPPED FITTINGS TO OVERHAULED COOLER,EC-bf0c87358ec7f6d6,LG-bf0c87358ec7f6d6,test
104071,"R/H ENG, R/H REAR BAFFLE IS CRACKED.",INSPECTED & FOUND CRACKS. MADE PATCH OUT OF LIKE MATERI,EC-6859e461a2bc0be5,LG-ba980fdf0c11c4fb,test
104072,#2 CYL INTAKE GASKET IS LEAKING.,REMOVED INTAKE TUBE & GASKET. CLEANED INTAKE TUBE & CYL,EC-c00d4539aee11f01,LG-4285908bb8f7434c,train
104073,#3 CYL BAFFLE PLUG MISSING.,INSTALLED NEW PLUG.,EC-02b7cfa2c2616b55,LG-9410f0626a11b72a,train
104074,RPM DROP AT 2000 RPM ON DOWNWIND ACCOMPANIED BY VIBRATION 2,"RAN UP ENGINE. MAG DROPS, IDLE SPEED & MIXTURE CK GOOD.",EC-f80f7de956e92b96,LG-f80f7de956e92b96,train
104075,INTAKE GASKET CYL #2 LEAKING.,REMOVED & REPLACED INTAKE GASKET.,EC-482382c0fffa0e7f,LG-4285908bb8f7434c,train
104076,#2 & 4 ROCKER COVERS ARE LEAKING.,REMOVED & REPLACED GASKETS.,EC-e2fcde699ff41262,LG-608d782c2258dd59,train
104077,CYL #2 & 4 ROCKER COVER GASKETS ARE LEAKING.,REMOVED & REPLACED ROCKER COVER GASKETS.,EC-dbf25f7621d63021,LG-608d782c2258dd59,train
104078,CYL #4 INTAKE GASKET IS LEAKING.,"REMOVED #4 CYL INTAKE TUBE, CLEANED INTAKE TUBE & FLAGE",EC-92a0dbb804603f0d,LG-4285908bb8f7434c,train
104079,#2 INTAKE IS LEAKING.,REMOVED & REPLACED GASKET.,EC-8ec828272e86c6c2,LG-10956cdabbd1e3ce,dev
104080,#3 ROCKER COVER IS LEAKING.,REMOVED & REPLACED GASKET.,EC-a0b3e63ece653165,LG-608d782c2258dd59,train
104081,"#4 CYLINDER HAS NO COMPRESSION (0/80), AIR COMING OUT EXHAUS",CLEARANCE W/IN SPECS.,EC-beacde7260bc7a62,LG-beacde7260bc7a62,train
104082,"#4 CYLINDER HAS NO COMPRESSION (0/80), AIR COMING OUT EXHAUS",REMOVED #4 CYL (LUECO).,EC-beacde7260bc7a62,LG-beacde7260bc7a62,train
104083,"#4 CYLINDER HAS NO COMPRESSION (0/80), AIR COMING OUT EXHAUS","RAN A/C, OPS & LEAK CK GOOD.",EC-beacde7260bc7a62,LG-beacde7260bc7a62,train
104084,"#4 CYLINDER HAS NO COMPRESSION (0/80), AIR COMING OUT EXHAUS",INSTALLED & TORQUED CYL BASE NUT. TAPPET CLEARANCE TOO,EC-beacde7260bc7a62,LG-beacde7260bc7a62,train
104085,"#4 CYLINDER HAS NO COMPRESSION (0/80), AIR COMING OUT EXHAUS","INSTALLED BAFFLES, EXHAUST, INTAKE, DRAIN TUBE, PLUGS,",EC-beacde7260bc7a62,LG-beacde7260bc7a62,train
104086,"#4 CYLINDER HAS NO COMPRESSION (0/80), AIR COMING OUT EXHAUS","INSTALLED #29 PUSH RODS, FOUND TO BE OUT OF LIMITS. INS",EC-beacde7260bc7a62,LG-beacde7260bc7a62,train
104087,"#4 CYLINDER HAS NO COMPRESSION (0/80), AIR COMING OUT EXHAUS","INSTALLED NEW -29 PUSH ROD, VERIFIED PROPER GAP & BEGAN",EC-beacde7260bc7a62,LG-beacde7260bc7a62,train
104088,"FWD LWR BLACK SEAL WORN, ABOVE AIR INTAKE.",PATCHED FWD LWR BLACK SEAL ABOVE AIR INTAKE.,EC-b88ee5c0759995a3,LG-b88ee5c0759995a3,test
104089,CRACK AT FWD BAFFLE BY HEAT INLET.,STOP DRILLED CRACK @ FWD BAFFLE BY HEAT INLET ON AFT SI,EC-ab1459f6cefc7cbb,LG-ab1459f6cefc7cbb,train
104090,"DURING TAKEOFF @ CKN, ENG RAN VERY ROUGH FOR 3 SECONDS W/ FU",RUN UP (HOT) NO LOSS IN PWR OR ROUGH RUNNING. REMOVED P,EC-c082ec9e2656ae3b,LG-c082ec9e2656ae3b,train
104091,"DURING TAKEOFF @ CKN, ENG RAN VERY ROUGH FOR 3 SECONDS W/ FU","RUN UP 2ND TIME (FOR PHASE), NO DEFECTS NOTED & COMPRES",EC-c082ec9e2656ae3b,LG-c082ec9e2656ae3b,train
104092,LWR FWD SEAL NEEDS RTV ABOVE ENG INTAKE.,FILLED IN AREAS W/ RTV.,EC-bebc1dddb85a29f5,LG-bebc1dddb85a29f5,train
104093,#3 INTAKE GASKET LEAKING.,"REMOVED GASKET, CLEANED COLLAR & INSTALLED NEW GASKET.",EC-12a267bf8b1d91a6,LG-4285908bb8f7434c,train
104094,#3 INTAKE LEAKING.,REMOVED & REPLACED INTAKE GASKET.,EC-6f9c95f514a1077a,LG-10956cdabbd1e3ce,dev
104095,#4 ROCKER COVER LEAKING.,REMOVED & REPLACED ROCKER COVER GASKET.,EC-fbe922c5be2d1674,LG-608d782c2258dd59,train
104096,"WHEN RPM SET IN IDLE RANGE, ENGINE KICKS & SPUTTERS AS IF FU",RAN A/C & LEAK CK'ED. INSTALLED CHIN COWL. LEAK CK'ED G,EC-dee2d379771ff407,LG-dee2d379771ff407,train
104097,CYL #4 INTAKE GASKET IS LEAKING.,REMOVED & REPLACED GASKET.,EC-92a0dbb804603f0d,LG-4285908bb8f7434c,train
104098,CYL #1 & 2 ROCKER COVER GASKETS ARE LEAKING.,REMOVED & REPLACED ROCKER COVER GASKETS.,EC-8e246bbb58fbdb41,LG-608d782c2258dd59,train
104099,#2 INTAKE GASKET IS LEAKING.,REMOVED & REPLACED INTAKE GASKET.,EC-53f353a420cf4fcc,LG-4285908bb8f7434c,train
104100,SEASONAL IDLE & MIXTURE ADJUSTMENT IS NEEDED.,"RAN A/C, NO ADJUSTMENT NEEDED.",EC-5878a45b244a1ef6,LG-5878a45b244a1ef6,train
104101,#1 & 2 ROCKER COVERS LEAKING ON L/H ENGINE.,REMOVED & REPLACED GASKETS.,EC-3e07e3b2a8d498bf,LG-608d782c2258dd59,train
104102,R/H ENG CYL #3 INTAKE GASKET LEAKING.,REMOVED & REPLACED INTAKE GASKET.,EC-fcbedea9c24284b0,LG-4285908bb8f7434c,train
104103,"SEAL LOOSE ON ENGINE COWL, ABOVE L/H & R/H OIL COOLERS (BLAC","RESECURED SEAL ON LOWER ENGINE COWLS, L/H & R/H, ABOVE",EC-6a51c50ea4b261a1,LG-6a51c50ea4b261a1,train
104104,"ROCKER COVER GASKETS 1, 2, 3 & 4 LEAKING ON R/H ENGINE.",REMOVED & REPLACED ROCKER COVER GASKETS.,EC-8db9553d4c8617f9,LG-608d782c2258dd59,train
104105,#4 INTAKE LEAKING.,REMOVED & REPLACED INTAKE GASKET.,EC-66d79f80174da74e,LG-10956cdabbd1e3ce,dev
104106,ROCKER COVER GASKET CYL #2 LEAKING.,REPLACED GASKET.,EC-e88efc07588299e6,LG-608d782c2258dd59,train
104107,"UPON GO-AROUND, ENGINE MADE A SPUTTERING NOISE FOR 3 SECS. C","RAN A/C, ALL CHECKS GOOD. NO SPUTTERING DURING RUN UP.",EC-00ae441d1e738e5c,LG-00ae441d1e738e5c,train
104108,"AFTER START, ENGINE RAN CONSISTANTLY ROUGH.",LEAK CK GOOD ON MAG & FUEL PUMP. INSTALLED COWLING.,EC-42e13c9051fe0901,LG-42e13c9051fe0901,train
104109,"AFTER START, ENGINE RAN CONSISTANTLY ROUGH.",RAN A/C & CONFIRMED DISCREP. IDLE WAS @ 800 RPM & NO ID,EC-42e13c9051fe0901,LG-42e13c9051fe0901,train
104110,"AFTER START, ENGINE RAN CONSISTANTLY ROUGH.",REMOVED & REPLACED ENGINE DRIVEN FUEL PUMP,EC-42e13c9051fe0901,LG-42e13c9051fe0901,train
104111,L/H ENG BAFFLE TIE RODS BAD.,INSTALLED NEW BAFFLE TIE RODS.,EC-223f1c8dfaf7aa31,LG-223f1c8dfaf7aa31,test
104112,"L/H ENGINE, R/H REAR ENGINE BAFFLE CRACKED.",STOP DRILLED CRACK.,EC-6f9c93ed46b0f8b2,LG-ba980fdf0c11c4fb,test
104113,"R/H ENG, R/H BAFFLE TIE ROD IS BROKEN.",REMOVED & REPLACED TIE ROD.,EC-ece24b30592d8002,LG-a456c10593172117,dev
104114,"L/H ENG, L/H REAR ENGINE BAFFLE SEAL LOOSE.",REATTACHED ENGINE BAFFLE SEAL.,EC-e703a9653e1ab1fe,LG-e703a9653e1ab1fe,train
104115,BAFFLING BRACKET BY OIL COOLER HAS CRACK ON R/H ENGINE.,STOP DRILLED CRACK.,EC-09af3ec2b1903623,LG-09af3ec2b1903623,train
104116,COMPRESSION CK REQUIRED.,"L/H: #1-78, #2-79, #3-79, #4-78; R/H: #1-78, #2-79, #3-",EC-cad8a3e0cfbf1eb4,LG-cad8a3e0cfbf1eb4,train
104117,CYL #2 BAFFLE SCREW MISSING L/H ENGINE.,INSTALLED SCREW.,EC-bb642b9afb7226a1,LG-bb642b9afb7226a1,train
104118,"CYL #4 OF L/H ENGINE, BAFFLE SEAL IS LOOSE.",SECURED ENGINE BAFFLE.,EC-a9fc69cad0814470,LG-a9fc69cad0814470,train
104119,CYL #4 INTAKE GASKET IS LEAKING.,REMOVED & REPLACED #4 INTAKE GASKET.,EC-92a0dbb804603f0d,LG-4285908bb8f7434c,train
104120,"INTAKE GASKETS #2, 3, 4 ARE LEAKING.",REMOVED & REPLACED GASKETS.,EC-c37f22ab65f334bb,LG-4285908bb8f7434c,train
104121,"FAILED MAG CK ON RUN UP. TRIED FOULED PLUG PROCEDURE, RPM WA","RAN A/C, PERFORMED GROUND RUN. ALL PARAMETERS W/IN CHEC",EC-3a743d3b9f28d014,LG-3a743d3b9f28d014,dev
104122,"DURING OVERRIDE CK, ENGINE RAN ROUGH. 200 TO 1200 ENGINE ALM","ADJUSTED IDLE RPM, OPS CK GOOD.",EC-8521b3b7415c4424,LG-8521b3b7415c4424,train
104123,#2 CYL INTAKE GASKE LEAKING.,REPLACED GASKET.,EC-de98185c3411c847,LG-de98185c3411c847,test
104124,#4 ROCKER COVER SCREW MISSING.,INSTALLED NEW SCREW.,EC-aa2671b5ba43910c,LG-ea79c13832bc7f5d,train
104125,#3 CYL SIDE BAFFLE SCREW MISSING.,INSTALLED NEW SCREW.,EC-ae5f02cf8efce618,LG-ae5f02cf8efce618,train
104126,#2 & 4 INTAKES LEAKING.,REMOVED & REPLACED INTAKE GASKETS.,EC-4b6fcdaabbc0244e,LG-26ffbcbee302311b,test
104127,ENGINE RAN ROUGH DURING RUN UP.,"RAN UP A/C, OPS CK GOOD.",EC-d742d81b5df0355a,LG-d742d81b5df0355a,train
104128,ENGINE RAN ROUGH DURING RUN UP.,PERFORMED COMPRESSION CK ON ALL CYLINDERS; ALL CK GOOD.,EC-d742d81b5df0355a,LG-d742d81b5df0355a,train
104129,A/C NEEDS RUN UP FOR FINAL CHECKS BEFORE BEING SOLD.,"RAN A/C, ADJUSTED IDLE SPEEDS TO MATCH L/H & R/H SIDES.",EC-ce2cc998acbc0840,LG-ce2cc998acbc0840,train
104130,CYL #3 INTAKE GASKET IS LEAKING.,REMOVED & REPLACED GASKET W/ NEW.,EC-1074ea01820aa3a5,LG-4285908bb8f7434c,train
104131,"AFT BAFFLE, R/H SIDE OF ENGINE, HAS SHEARED RIVET.","REMOVED BAFFLE, REPLACED RIVETS W/ SCREWS & REINSTALLED",EC-52660faef6522cc0,LG-52660faef6522cc0,train
104132,"CYL #2, 3 INTAKE GASKETS ARE LEAKING.",REMOVED & REPLACED GASKETS.,EC-bef80e3e4d7f0893,LG-4285908bb8f7434c,train
104133,CYL #4 ROCKER COVER GASKET IS LEAKING.,REMOVED & REPLACED ROCKER COVER GASKET.,EC-873f09da28499cc7,LG-608d782c2258dd59,train
104134,#2 INTAKE LEAKING.,REMOVED & REPLACED INTAKE GASKETS.,EC-9e293c9950113443,LG-10956cdabbd1e3ce,dev
104135,BAFFLE PLUG IS DAMAGED.,REMOVED & REPLACED BAFFLE PLUG.,EC-a23d7f950136644f,LG-a35b550497c9ab15,test
104136,L/H ENGINE BAFFLE SEAL LOOSE.,REPLACED RIVET ON BAFFLE SEAL.,EC-5825d2a677ed1854,LG-37ac3da11bdb9f3b,train
104137,BAFFLE CRACKED ON R/H ENGINE #1 CYLINDER.,STOP DRILLED CRACK.,EC-b05175730f8358dd,LG-b05175730f8358dd,test
104138,L/H ENGINE CYL #3 & 4 INTAKE GASKETS ARE LEAKING.,"REMOVED, CLEANED & REPLACED W/ NEW GASKETS.",EC-1502700312a7901d,LG-4285908bb8f7434c,train
104139,ENGINE QUIT ON LANDING & DURING ENGINE SHUT DOWN.,RAN UP A/C & WAS UNABLE TO DUPLICATE DISCREPANCY. OPS C,EC-6b8d61eb82a8eeec,LG-6b8d61eb82a8eeec,dev
104140,#1 & 2 INTAKES LEAKING ON L/H ENGINE.,REMOVED & REPLACED GASKETS.,EC-77d3639afeb2dab2,LG-4285908bb8f7434c,train
104141,#2 ROCKER COVER LEAKING ON R/H ENGINE.,REMOVED & REPLACED GASKET.,EC-24ebe98149e40304,LG-608d782c2258dd59,train
104142,R/H ENG #2 INTAKE LEAKS.,REMOVED & REPLACED GASKET.,EC-0e48eb423d7a05e3,LG-0e48eb423d7a05e3,test
104143,R/H ENG #2 COMPRESSION 55 LBS (RINGS LEAKING).,"RAN UP 2ND TIME, TEMPS NORMAL & PRESSURES NORMAL. NO CH",EC-9a0c9b4e7fb3bcf5,LG-9a0c9b4e7fb3bcf5,train
104144,R/H ENG #2 COMPRESSION 55 LBS (RINGS LEAKING).,"REMOVED #2 CYL & RING, HONED CYL. LEAK CK'ED. VALVES OK",EC-9a0c9b4e7fb3bcf5,LG-9a0c9b4e7fb3bcf5,train
104145,"WHEN PULLED BACK THROTTLE HARD IDLE SEVERAL SECONDS, ENGINE","RAN A/C, PERFORMED SEASONAL ADJUSTMENT, OPS CK GOOD.",EC-6d9427ee229fd903,LG-6d9427ee229fd903,test
104146,R/H REAR ENGINE BAFFLE MOUNTING SCREW LOOSE.,TIGHTENED SCREW.,EC-aee493e1093fbaa4,LG-b1f33e2c59b03e11,train
104147,SNIFFLER VALVES DIRTY.,CLEANED SNIFFLER VALVES.,EC-1243a6854d2a786a,LG-5027701bd7fa9f57,train
104148,#3 OIL RETURN LINE INTER-COOLER BAFFLING GROMMET WORN.,REPLACED GROMMET.,EC-4ea88042c707c1db,LG-4ea88042c707c1db,train
104149,#2 & 4 CYL ROCKER COVERS LEAKING.,REMOVED & REPLACED GASKETS.,EC-33b6b6d185cd1748,LG-608d782c2258dd59,train
104150,#1 CYL AFT PUSH ROD TUBE STAND OFF RIVET NEEDS TO BE SQUEEZE,SQUEEZED RIVET.,EC-fce434a2d74de641,LG-fce434a2d74de641,train
104151,R/H ENG #2 ROCKER SCREW IS MISSING.,INSTALLED SCREW.,EC-1900d60863c01092,LG-1900d60863c01092,dev
104152,R/H ENGINE #1 INTAKE GASKET IS LEAKING.,REPLACED GASKET.,EC-95a4863172bccb5d,LG-4285908bb8f7434c,train
104153,BLACK FWD ENG SEAL WORN.,INSTALLED RTV IN WORN AREAS.,EC-72dc1d9e870e1fdd,LG-24797eab80c726f1,train
104154,#3 CYL INTAKE GASKET LEAKS.,REMOVED & REPLACED GASKET.,EC-5e746e0a8e2372b1,LG-0e48eb423d7a05e3,test
104155,"BAFFLE SEAL PULLED FREE FROM #2 CYL, AFT.",INSTALLED RIVET W/ SMALL WASHER.,EC-470472d49c299933,LG-470472d49c299933,train
104156,#4 ROCKER COVER LEAKING.,REMOVED & REPLACED GASKET.,EC-fbe922c5be2d1674,LG-608d782c2258dd59,train
104157,#2 & 3 INTAKES LEAKING.,REMOVED & REPLACED INTAKE GASKETS.,EC-3f86aa9287c92a61,LG-26ffbcbee302311b,test
104158,NEW RIVET NEEDED ON #4 CYL BAFFLE SEAL.,INSTALLED NEW RIVET.,EC-f07dcdfdffed7abf,LG-f07dcdfdffed7abf,train
104159,#3 CYL ROCKER COVER GASKET IS LEAKING.,REMOVED & REPLACED GASKET.,EC-61964c49332b0932,LG-608d782c2258dd59,train
104160,#2 INTAKE LEAKING.,REMOVED & REPLACED INTAKE GASKET.,EC-9e293c9950113443,LG-10956cdabbd1e3ce,dev
104161,#3 & 4 ROCKER COVERS LEAKING.,REMOVED & REPLACED ROCKER COVER GASKETS.,EC-b083ca05c337f8b7,LG-608d782c2258dd59,train
104162,CRANKSHAFT SEAL IS LEAKING ON R/H ENGINE.,CLEANED ENGINE AROUND FRONT CRANKSHAFT SEAL. RAN ENGINE,EC-fd0320431748485f,LG-fd0320431748485f,test
104163,"#2 & 4 INTAKE GASKETS LEAKING, L/H ENGINE.","REMOVED BOTTOM COWL, REMOVED & REPLACED GASKETS. INSTAL",EC-f3c7421c8f2f2f46,LG-0222eb60e96e9748,dev
104164,"DURING SHUT DOWN, WHEN THROTTLE WAS PULLED TO IDLE, RPM WOUL","PERFORMED GROUND RUN UP, PERFORMED SEASONAL ADJUSTMENT.",EC-b074a03ffd503672,LG-b074a03ffd503672,test
104165,#3 INTAKE LEAKING ON L/H ENGINE.,REMOVED & REPLACED INTAKE GASKET.,EC-d5214a798d419c0a,LG-4285908bb8f7434c,train
104166,#1 ROCKER COVER LEAKING ON L/H ENGINE.,REMOVED & REPLACED ROCKER COVER GASKET.,EC-ae18ed3520811f2f,LG-608d782c2258dd59,train
104167,#3 & 4 INTAKES LEAKING ON R/H ENGINE.,"REMOVED INTAKE TUBES, CLEANED TUBES & CYLINDER INTAKE F",EC-96bbea2f0f21f799,LG-4285908bb8f7434c,train
104168,#2 INTAKE IS LEAKING.,REMOVED & REPLACED GASKET.,EC-8ec828272e86c6c2,LG-10956cdabbd1e3ce,dev
104169,ROCKER COVER GASKET CYL #2 LEAKING.,REMOVED & REPLACED GASKET.,EC-e88efc07588299e6,LG-608d782c2258dd59,train
104170,L/H ENG #2 & 4 CYL BAFFLE TIE ROD THREADS STRIPPED.,REPLACED TIE ROD.,EC-b613804b83ed81ff,LG-b613804b83ed81ff,train
104171,R/H ENGINE BAFFLE SEALS LOOSE.,SECURED BAFFLE SEALS W/ POP RIVETS.,EC-456a885add6296bf,LG-456a885add6296bf,train
104172,#4 INTAKE GASKET IS LEAKING.,REPLACED GASKET.,EC-0489f0dc14177ee4,LG-4285908bb8f7434c,train
104173,CYL #4 INTAKE GASKET LEAKING.,REMOVED & REPLACED INTAKE GASKET.,EC-e5b89fc5cfd3901f,LG-4285908bb8f7434c,train
104174,"ROUGH ENGINE START UNUSUAL INDICATION CYL #4, LOWER TEMPERAT","RAN A/C, LEAK CK'ED. OPS & LEAK CK GOOD.",EC-eeb648b5ae699670,LG-eeb648b5ae699670,train
104175,"ROUGH ENGINE START UNUSUAL INDICATION CYL #4, LOWER TEMPERAT","CYL #4 COMPRESSION TEST FAILED, NO CYL COMPRESSION NOTE",EC-eeb648b5ae699670,LG-eeb648b5ae699670,train
104176,"ROUGH ENGINE START UNUSUAL INDICATION CYL #4, LOWER TEMPERAT",CONFIRMED. REMOVED #4 CYL. FOUND EXHAUST VALVE STUCK. R,EC-eeb648b5ae699670,LG-eeb648b5ae699670,train
104177,"ROUGH ENGINE START UNUSUAL INDICATION CYL #4, LOWER TEMPERAT","PERFORMED GROUND RUN, OPS CK'ED GOOD, BUT FOUND EVIDENC",EC-eeb648b5ae699670,LG-eeb648b5ae699670,train
104178,"UPON START UP, MAJOR SHAKING IN COWLING, NO SMOOTHNESS.","PERFORMED GROUND RUN, OPS CK'ED GOOD.",EC-2dd6c2eefbc1869c,LG-2dd6c2eefbc1869c,train
104179,RIVET SHEARED OFF ON BAFFLE SEAL ABOVE #2 CYL.,REPLACED RIVET W/ LIKE HARDWARE.,EC-73d2d99156487380,LG-73d2d99156487380,test
104180,CYL #2 & 3 ROCKER COVER GASKETS LEAKING.,REMOVED & REPLACED GASKETS.,EC-4b07888e785acd85,LG-608d782c2258dd59,train
104181,BAFFLING ON LOWER #4 CYLINDER HAS A CRACK.,STOP DRILLED CRACK.,EC-28ed3ddaa4209605,LG-28ed3ddaa4209605,train
104182,"WHILE DOING UNUSUAL ATTITUDES, ENGINE WAS OVERSPED.",INSPECTED FLIGHT DATA. VERIFIED A MAX OVERSPEED OF 2702,EC-f247feabc488208f,LG-f247feabc488208f,train
104183,#1 & 4 ROCKER COVERS ARE LEAKING.,REMOVED & REPLACED ROCKER COVER GASKETS.,EC-2c0f9ef6b5e8d7bb,LG-608d782c2258dd59,train
104184,L/H ENG #2 & 4 INTAKES HAVE EVIDENCE OF LEAKING.,REPLACED GASKETS.,EC-5dc7b9383605babd,LG-5dc7b9383605babd,train
104185,L/H ENG OIL COOLER HOSE IS POSITIONED TOO CLOSE TO OIL FILTE,LEAK CK GOOD.,EC-8e6616a5b41919e4,LG-8e6616a5b41919e4,train
104186,L/H ENG OIL COOLER HOSE IS POSITIONED TOO CLOSE TO OIL FILTE,REPOSITIONED HOSE.,EC-8e6616a5b41919e4,LG-8e6616a5b41919e4,train
104187,#4 INTAKE LEAKING.,REMOVED & REPLACED INTAKE GASKET.,EC-66d79f80174da74e,LG-10956cdabbd1e3ce,dev
104188,R/H BAFFLE PLUG IS WORN.,INSTALLED NEW PLUG.,EC-4829f4e624850c0f,LG-724c9a4174167cf3,train
104189,R/H ENGINE #1 & 3 CYL ROCKER COVER GASKETS LEAKING.,REMOVED & REPLACED GASKETS.,EC-f3fc1a06e33ee39c,LG-608d782c2258dd59,train
104190,#1 INTAKE GASKET LEAKING.,NEW ENGINE INSTALLED.,EC-66c69e07864cfa3c,LG-4285908bb8f7434c,train
104191,L/H BAFFLE TIE RODS BROKEN.,INSTALLED 2 NEW TIE RODS.,EC-d75e8b8fe262c6ce,LG-d75e8b8fe262c6ce,dev
104192,R/H REAR  BAFFLING MOUNT BRACKET LOOSE.,TIGHTENED SCREWS.,EC-93c45275052b50d0,LG-93c45275052b50d0,test
104193,CYL #1 ROCKER COVER IS LEAKING.,REMOVED & REPLACED GASKET.,EC-9cda079a11be5b2a,LG-608d782c2258dd59,train
104194,#3 CYL INTAKE GASKET LEAKING.,REMOVED & REPLACED GASKET.,EC-df87c56f28c70528,LG-4285908bb8f7434c,train
104195,#4 CYLINDER ROCKER COVER LEAKING.,REMOVED & REPLACED GASKET.,EC-5f9c9dac8cc90c6b,LG-608d782c2258dd59,train
104196,"P&W, OVERSPEED GOV WASHER APPLIES.","INSPECTED L/H & R/H ENGINES, WASHERS CORRECT.",EC-08b45e70110799af,LG-08b45e70110799af,test
104197,L/H ENG COMPRESSOR HAS 1 BLADE W/ SMALL NICK.,"DRESSED OUT NICK, WELL UNDER ACCEPTABLE LIMITS IAW MAIN",EC-fecd7e2e5a46af94,LG-fecd7e2e5a46af94,test
104198,MOUNTS FOR L/H & R/H OIL/TORQUEMETER MOUNTS CRACKED.,REPLACED L/H & R/H MOUNTING GROMMETS FOR TOQUEMETER BLO,EC-e0ccfcc8fb8b9214,LG-e0ccfcc8fb8b9214,train
104199,ENGINE BAFFLE SNAP PLUGS BAD.,INSTALLED NEW BAFFLE PLUGS.,EC-62b7f82f12bf263f,LG-62b7f82f12bf263f,train
104200,#2 INTAKE GASKET LEAKING.,REPLACED INTAKE GASKET.,EC-1fec9b07493816ca,LG-4285908bb8f7434c,train
104201,#1 CYL FWD BAFFLE SEAL NEEDS TO BE RESECURED.,RESECURED BAFFLE SEAL.,EC-edb1861790e8abfc,LG-7f2bc0b62c756875,train
104202,SIGNS OF OIL LEAKING FROM FWD ENGINE CASE BOLTS AT MAIN CRAN,RETORQUED BOLTS.,EC-61041646348d5dc0,LG-61041646348d5dc0,train
104203,#2 INTAKE LEAKING.,REMOVED & REPLACED GASKET.,EC-9e293c9950113443,LG-10956cdabbd1e3ce,dev
104204,"#4 CYL, R/H ENG, INTAKE GASKET LEAKING.",REMOVED & REPLACED GASKET W/ NEW.,EC-813483b96229b5b4,LG-813483b96229b5b4,train
104205,#1 BAFFLE SEAL LOOSE.,SECURED BAFFLE SEAL.,EC-1de9a29ade4a85c6,LG-37ac3da11bdb9f3b,train
104206,SAFETY WIRE BROKEN BETWEEN #2 & 4 CYL INTERCYLINDER BAFFLE.,RESAFETIED INTERCYLINDER BAFFLE.,EC-1a44e7b7bf50ab14,LG-1a44e7b7bf50ab14,dev
104207,SNIFFLER VALVES NEEDS TO BE CLEANED.,CLEANED SNIFFLER VALVES.,EC-e6bbdb1b991ceb40,LG-e6bbdb1b991ceb40,train
104208,CYL #3 AFT BAFFLE SCREW MISSING.,INSTALLED NEW SCREW.,EC-3df4736115cb0b70,LG-ac09d330d3a5d8db,dev
104209,#3 INTAKE LEAKING.,REMOVED & REPLACED INTAKE GASKET.,EC-6f9c95f514a1077a,LG-10956cdabbd1e3ce,dev
104210,OIL COOLER IS DIRTY.,CLEANED OIL COOLER.,EC-0a22c3a65ba252f4,LG-0a22c3a65ba252f4,test
104211,#4 CYL HAD LOW COMPRESSION (50 LBS).,STAKED EXHAUST; COMP UP TO 75/80.,EC-52422a9c2ff2f8c4,LG-52422a9c2ff2f8c4,test
104212,CYL #3 AFT BAFFLING BRACKET RIVETS ARE SHEARED.,REMOVED & REPLACED RIVETS W/ SCREWS ON BRACKET.,EC-a56851aa30a72c26,LG-a56851aa30a72c26,dev
104213,#1 ROCKER COVER LEAKING ON R/H ENGINE.,REMOVED & REPLACED GASKET.,EC-efc2eea91ae0f37e,LG-608d782c2258dd59,train
104214,#3 ROCKER COVER LEAKING ON L/H ENGINE.,REMOVED & REPLACED GASKET.,EC-6ed23840414e91b3,LG-608d782c2258dd59,train
104215,#3 INTAKE LEAKING ON R/H ENGINE.,REMOVED & REPLACED INTAKE GASKET.,EC-e8bee9035a1deeb3,LG-4285908bb8f7434c,train
104216,#2 & 4 INTAKES LEAKING ON L/H ENGINE.,REMOVED & REPLACED INTAKE GASKETS.,EC-f6ea10c44311f457,LG-4285908bb8f7434c,train
104217,L/H I/B BAFFLE SPRING IS BROKEN.,REPLACED BAFFLE ROD & SPRING.,EC-c34ca24ef31bdc68,LG-f714f46f4da8f6fa,train
104218,FWD R/H BAFFLE SEAL IS TORN.,APPLIED HIGH TEMP SILICONE TO TEAR.,EC-5cb6c0f3691cc79b,LG-3ba1e9db59e83dce,train
104219,BOTH OIL COOLERS DIRTY.,CLEANED OUT COOLING FINS.,EC-fa27d7f81eb29a35,LG-0a22c3a65ba252f4,test
104220,#2 CYL BAFFLE BARREL NUT & SCREW MISSING.,"INSTALLED NEW NUT, PLUG & HARDWARE ON #2 CYL FOR #2 CYL",EC-0c36d0a899e37736,LG-0c36d0a899e37736,test
104221,SMALL FWD SCREEN ON FUEL INJECTOR NEEDS TO BE CLEANED.,"REMOVED, CLEANED, INSPECTED, REINSTALLED SMALL FWD SCRE",EC-5a48a7cd840b0b8f,LG-5a48a7cd840b0b8f,train
104222,L/H ENG #2 INTAKE HAS EVIDENCE OF LEAKING.,REPLACED GASKET.,EC-03d8429f05d9f0f7,LG-3e3eb1453f5945e0,train
104223,L/H ENG FWD I/B BAFFLE LOOSE.,"DRILLED OUT RIVET, SAFETY WIRED BAFFLE.",EC-550468c14295fbc3,LG-550468c14295fbc3,test
104224,#3 INTAKE GASKET IS LEAKING.,REMOVED & REPLACED GASKET.,EC-17660b2a9cc00433,LG-4285908bb8f7434c,train
104225,OIL COOLER IS DIRTY.,REMVOED DIRT FROM OIL COOLER.,EC-0a22c3a65ba252f4,LG-0a22c3a65ba252f4,test
104226,R/H ENG #4 REAR BAFFLE SEAL PULLED THRU ONE RIVET.,INSTALLED NEW RIVET.,EC-5016e882a8695e49,LG-5016e882a8695e49,train
104227,L/H ENG #1 ROCKER COVER IS MISSING A SCREW.,INSTALLED NEW SCREW ON ROCKER COVER.,EC-614f35930df00c41,LG-5ee79aeba0a4b297,test
104228,#4 INTAKE LEAKING.,REMOVED & REPLACED INTAKE GASKET.,EC-66d79f80174da74e,LG-10956cdabbd1e3ce,dev
104229,#2 CYL INTAKE GASKET LEAKING.,REMOVED & REPLACED GASKET.,EC-cc41856dc2df8c7c,LG-4285908bb8f7434c,train
104230,BOTH BAFFLE BUTTONS NEED REPLACEMENT.,INSTALLED NEW PLUGS.,EC-2a4dc1fb199dea0a,LG-2a4dc1fb199dea0a,train
104231,R/H FWD ENGINE BAFFLE LOOSE.,REATTACHED BAFFLE STRIPS.,EC-91d14b00be1c6ec1,LG-550468c14295fbc3,test
104232,#3 INTAKE LEAKING ON L/H ENGINE.,REMOVED & REPLACED GASKET.,EC-d5214a798d419c0a,LG-4285908bb8f7434c,train
104233,SCREW MISSING FROM L/H ENGINE #3 ROCKER COVER.,INSTALLED NEW HARDWARE.,EC-fcc944d83cff7153,LG-fcc944d83cff7153,train
104234,#2 INTAKE GASKET LEAKING.,REMOVED & REPLACED GASKET.,EC-1fec9b07493816ca,LG-4285908bb8f7434c,train
104235,"#1, 3 ROCKER GASKETS LEAKING.",REMOVED & REPLACED GASKETS.,EC-c66aa4335e04256c,LG-608d782c2258dd59,train
104236,FWD LWR BLACK BAFFLE SEAL WORN.,INSTALLED RTV IN WORN AREAS.,EC-d2a8635d786eef5d,LG-d2a8635d786eef5d,train
104237,SCREW MISSING ON R/H #1 & 3 BAFFLE.,INSTALLED NEW SCREW.,EC-7da4d19c44211b05,LG-ac09d330d3a5d8db,dev
104238,"L/H ENG, CYL #3 INTAKE GASKET LEAKING.",REMOVED & REPLACED INTAKE GASKET.,EC-5daada8de934e527,LG-4285908bb8f7434c,train
104239,#4 ROCKER COVER LEAKING.,REPLACED ROCKER COVER GASKET.,EC-fbe922c5be2d1674,LG-608d782c2258dd59,train
104240,#2 CYL BAD COMPRESSION: 20/80.,"REMOVED CYL, FOUND BURNT EXHAUST VALVE. REPLACED VALVE",EC-5eed2e07cfec1b8b,LG-5eed2e07cfec1b8b,train
104241,ENGINE ROUGHNESS ON FINAL. PRECAUTIONARY LANDING.,RAN UP ENGINE. ENGINE RUNS SMOOTH THROUGH ALL OPERATING,EC-cbfe9d141ec847ed,LG-cbfe9d141ec847ed,train
104242,FWD LWR BLACK SEAL HAS WORN SPOTS FOR AIR INTAKE (ENG).,INSTALLED BLACK RTV TO WORN AREAS.,EC-1830e800f4a81d78,LG-1830e800f4a81d78,test
104243,#4 INTAKE GASKET IS LEAKING.,REMOVED & REPLACED GASKET.,EC-0489f0dc14177ee4,LG-4285908bb8f7434c,train
104244,#4 INTAKE LEAKING.,REMOVED & REPLACED GASKET.,EC-66d79f80174da74e,LG-10956cdabbd1e3ce,dev
104245,#4 CYL COMPRESSION @ ZERO PSI.,OPS & LEAK CK GOOD.,EC-55ab2dd0992b1763,LG-55ab2dd0992b1763,train
104246,#4 CYL COMPRESSION @ ZERO PSI.,"REMOVED CYL, FOUND EXHAUST VALVE BURNT. REPLACED VALVE",EC-55ab2dd0992b1763,LG-55ab2dd0992b1763,train
104247,#4 CYL COMPRESSION @ ZERO PSI.,"COMPLETED INSTALL OF BAFFLES, LINES, PLUG WIRING & INTA",EC-55ab2dd0992b1763,LG-55ab2dd0992b1763,train
104248,CYL #2 INTAKE GASKET LEAKING.,REMOVED & REPLACED GASKET.,EC-804e232273da2515,LG-4285908bb8f7434c,train
104249,ALL 4 ROCKER COVERS ARE LEAKING.,REMOVED & REPLACED ALL ROCKER COVER GASKETS.,EC-4960b7ba1ae244f0,LG-e424bbcf6cf85404,train
104250,ROCKER COVER CYL #2 & 3 LEAKING.,REMOVED & REPLACED ROCKER COVER GASKETS.,EC-34c706e6523688f4,LG-608d782c2258dd59,train
104251,VACUUM PUMP HAS POSSIBLE OIL LEAK.,LEAK CK GOOD.,EC-a0b70e663b437fcf,LG-a0b70e663b437fcf,dev
104252,VACUUM PUMP HAS POSSIBLE OIL LEAK.,"INSPECTED, FOUND ALL NUTS LOOSE. TIGHTENED.",EC-a0b70e663b437fcf,LG-a0b70e663b437fcf,dev
104253,TOP ENGINE CASE BOLT IS LEAKING.,"REMOVED BOLT, INSTALLED HIGH TEMP SILICONE, INSTALLED B",EC-c9df9eb40e727290,LG-35fdcae52eda3fe7,train
104254,#2 SIDE BAFFLE SEAL LOOSE ON BAFFLE.,SECURED BAFFLE SEAL W/ RIVET.,EC-35548a5360a36bc7,LG-f43c0610e02a2101,train
104255,#2 INTAKE GASKET LEAKING.,REMOVED & REPLACED GASKET.,EC-1fec9b07493816ca,LG-4285908bb8f7434c,train
104256,#1 CYL NEEDS TO BE CHANGED BACK TO A LUECO ASSY.,REPLACED CYLINDER ASSY USING NEW LUECO CYL ASSY,EC-07a20d2161583554,LG-07a20d2161583554,train
104257,#4 CYL NEEDS TO BE CHANGED BACK TO A LUECO ASSY.,"REPLACED CYL ASSY USING NEW LUECO, TORQUED",EC-6d4c68b478351a21,LG-07a20d2161583554,train
104258,OVERSPEED PROP FOR APPROX 3 SECONDS.,C/W  ENGINE INSP AFTER OVERSPEED. COMPRESSIONS:,EC-4461c0b637bcf3bf,LG-4461c0b637bcf3bf,test
104259,OVERSPEED PROP FOR APPROX 3 SECONDS.,DOWN LOAD DATA & FOUND OVESPEED TO BE BETWEEN 5 & 10% I,EC-4461c0b637bcf3bf,LG-4461c0b637bcf3bf,test
104260,R/H UPPER BAFFLING BETWEEN #1 & 3 CYL HAS WORN STAPLE.,INSTALLED RIVET TO LOOSE AREA.,EC-228af67eeb7fc994,LG-228af67eeb7fc994,dev
104261,#2 ROCKER COVER GASKET LEAKING.,REPLACED ROCKER COVER GASKET.,EC-8828e17d0b33db57,LG-608d782c2258dd59,train
104262,INTAKE CYL #2 LEAKING.,REMOVED & REPLACED GASKET.,EC-7b246dc9f27f1120,LG-4285908bb8f7434c,train
104263,"ROCKER COVER GASKET, CYL #2, LEAKING.",REMOVED & REPLACED GASKET.,EC-3dffec8b9cf87084,LG-752f86b56038668f,train
104264,#3 & 4 INTAKES LEAKING.,REMOVED & REPLACED GASKETS.,EC-2daf2ac0cbc5b82a,LG-26ffbcbee302311b,test
104265,#1 BAFFLE SEAL LOOSE.,SECURED W/ 1 RIVET.,EC-1de9a29ade4a85c6,LG-37ac3da11bdb9f3b,train
104266,BAFFLE PLUGS NEED TO BE REPLACED.,REPLACED BOTH PLUGS.,EC-f7806905de18f2f5,LG-d671d8fdeb671d58,train
104267,#2 INTAKE GASKET IS LEAKING.,REMOVED & REPLACED INTAKE GASKET.,EC-53f353a420cf4fcc,LG-4285908bb8f7434c,train
104268,RIVET LOOSE ON BAFFLE SEAL ON #1 CYL.,REMOEVD & REPLACED RIVET.,EC-0bb33fdc8c2107f0,LG-0bb33fdc8c2107f0,train
104269,"CYL #2 INTAKE LEAKING, CYL #4 INTAKE LEAKING.",REMOVED & REPLACED INTAKE GASKETS.,EC-ce09c31ff15675ca,LG-4285908bb8f7434c,train
104270,"WORN GROMMET ON ENGINE AFT BAFFLE, ON GROMMET HOLE FOR OIL P",INSTALLED NEW GROMMET.,EC-4968ef15f708c14d,LG-4968ef15f708c14d,train
104271,FOD ON #1 CYLINDER,REMOVED FOD,EC-4e60e17f5d8b7163,LG-4e60e17f5d8b7163,dev
104272,WRENCH BY ACCESORY CASE,REMOVED WRENCH,EC-dc64df8c3b12429d,LG-dc64df8c3b12429d,train
104273,#3 ROCKER COVER GASKET LEAKING.,REMOVED & REPLACED GASKET.,EC-cd33c56b9090b89a,LG-608d782c2258dd59,train
104274,"LWR RUBBER DRAIN LINES, FOR CYLINDER, CLAMPS ARE LOOSE.",SECURED ALL CLAMPS ON OIL RETURN LINES.,EC-ef5e0903c60bc5d7,LG-ef5e0903c60bc5d7,train
104275,#4 CYL BAFFLE HOLE WORN.,"RIVETED PATCH ON BAFFLE. RIVETING DONE IAW ,",EC-a7ab2031e68bf23a,LG-a7ab2031e68bf23a,train
104276,#3 ROCKER COVER LEAKING.,REMOVED & REPLACED GASKET.,EC-4774d48aa3f463c3,LG-608d782c2258dd59,train
104277,#4 INTAKE LEAKING.,REMOVED & REPLACED INTAKE GASKET.,EC-66d79f80174da74e,LG-10956cdabbd1e3ce,dev
104278,#1 ROCKER COVER IS LEAKING.,REMOVED & REPLACED ROCKER COVER GASKET.,EC-979a2371e346f510,LG-608d782c2258dd59,train
104279,ALL 4 OIL RETURN LINES ARE LEAKING.,TIGHTENED ALL OIL DRAIN LINE HOSE CLAMPS.,EC-b6812bc9c8d0348d,LG-a85c6c620d47d8d5,train
104280,"#1, 3 ROCKER COVER GASKETS LEAKING.","REMOVED COVERS, CLEANED & REPLACED W/ NEW SILICONE GASK",EC-e8e9caeca2209d73,LG-608d782c2258dd59,train
104281,SNIFFLER VALVES NEED TO BE CLEANED.,CLEANED BOTH SNIFFLER VALVES.,EC-406a1eb72ba6dd69,LG-e6bbdb1b991ceb40,train
104282,BAFFLE SCREW MISSING BY OIL FILLER TUBE.,REPLACED SCREW.,EC-1721d83818f2d40d,LG-1721d83818f2d40d,train
104283,#4 INTAKE LEAKING.,REPLACED GASKET.,EC-66d79f80174da74e,LG-10956cdabbd1e3ce,dev
104284,"#4 INTAKE GASKET LEAKING, L/H ENGINE.",TORQUED BOLTS ON INTAKE.,EC-8ff35ef94f8e4f5b,LG-0222eb60e96e9748,dev
104285,"#3/2 INTAKE GASKETS LEAKING, R/H ENGINE.",TORQUED BOLTS ON INTAKES.,EC-03e3f21156d1c9f8,LG-03e3f21156d1c9f8,dev
104286,#3 INTAKE TUBE GASKET LEAKING.,INSTALLED NEW GASKET.,EC-fba2d9977e3db1f2,LG-4dcd0e6b51932d0b,dev
104287,BAFFLE IS CRACKED ON PREVIOUS REPAIR ON #1 CYL.,REMOVED & REPLACED BAFFLE SECTION W/ REPAIRED BAFFLE.,EC-989870c7fa7ca562,LG-989870c7fa7ca562,train
104288,ROCKER COVER GASKET #2 LEAKING.,RESET GASKET.,EC-acfe92abbf538907,LG-608d782c2258dd59,train
104289,CYL #4 AFT BAFFLE SCREW IS LOOSE.,TIGHTENED LOOSE SCREW.,EC-77dca105e2631958,LG-6bb5b0d3262bc63e,dev
104290,"INTAKE GASKETS #2, 4, 1 LEAKING.",REMOVED & REPLACED GASKETS.,EC-d8fb8e582cdd805a,LG-d8fb8e582cdd805a,train
104291,TOP SIDE BAFFLES NEEDS TO BE SECURED.,"RESECURED CYL #1, 2 & 4 BAFFLE SEALS.",EC-15a0cbe0bb23597a,LG-15a0cbe0bb23597a,train
104292,R/H AFT BAFFLE BRACKET LOOSE.,REMOVED #4 AFT BAFFLE FROM ENGINE. RESECURED BRACKET &,EC-82361d2e1d7951ec,LG-33e5c8633ca132d0,test
104293,L/H ENG #3 INTAKE LEAKING.,REMOVED & REPLACED GASKET.,EC-73622e3ba7ce4fb6,LG-4285908bb8f7434c,train
104294,R/H ENG #2 INTAKE IS LEAKING.,REMOVED & REPLACED W/ NEW INTAKE GASKET.,EC-6dd3fc4da5b47f57,LG-4285908bb8f7434c,train
104295,#4 INTAKE GASKET LEAKING.,REMOVED & REPLACED GASKET.,EC-57acd94dcdde4ef3,LG-4285908bb8f7434c,train
104296,ALT OUTPUT WIRE LOOSE.,SECURED OUTPUT WIRE.,EC-a0a6b65a1908085e,LG-a0a6b65a1908085e,train
104297,BAFFLE TIE WIRES NOT SECURED.,RESECURED BAFFLE TIES.,EC-e886d240e9d5a657,LG-e886d240e9d5a657,train
104298,#4 AFT BAFFLE SEAL OFF 2 RIVETS.,RESECURED BAFFLE SEAL.,EC-58abdc57d8084d10,LG-58abdc57d8084d10,train
104299,#2 FWD BAFFLE SEAL DISCONNECTED FOR 3 RIVETS.,RESECURED BAFFLE.,EC-d027f1fa288a68bf,LG-d027f1fa288a68bf,train
104300,#2 FWD BAFFLE CHAFING #2 DRAIN LINE.,SEPERATED BAFFLE & DRAIN LINE.,EC-029ae94d4901ac36,LG-029ae94d4901ac36,train
104301,#3 AFT BAFFLE CHAFING #3 DRAIN LINE.,SEPERATED BAFFLE & DRAIN LINE. INSTALLED HEAT RESISTANT,EC-1ef7fd9fcb5ddc25,LG-1ef7fd9fcb5ddc25,train
104302,ENGINE BAFFLE PLUG WORN OUT.,INSTALLED NEW PLUGS.,EC-4cdcb58347f20e35,LG-4cdcb58347f20e35,dev
104303,FUZZ IN OIL COOLER.,RMOVED FUZZ.,EC-aa8ea512b58cdbf1,LG-aa8ea512b58cdbf1,train
104304,CYL #2 INTAKE GASKET IS LEAKING.,REMOVED & REPLACED GASKET.,EC-ae287164a190fda3,LG-4285908bb8f7434c,train
104305,CYL #2 & 4 ROCKER COVER GASKETS LEAKING.,REMOVED & REPLACED GASKETS.,EC-addeeace840e72b1,LG-608d782c2258dd59,train
104306,PILOT NOTICED WHISTLING NOISE ON RUN UP.,"RAN A/C, UNABLE TO DUPLICATE.",EC-b9aca7c92a1662bb,LG-b9aca7c92a1662bb,dev
104307,L/H ENG #2 INTAKE GASKET LEAKING.,REPLACED GASKET.,EC-98cc5c2786fcbf98,LG-4285908bb8f7434c,train
104308,R/H ENGINE MANIFOLD PRESSURE FITTING LOOSE.,TIGHTENED FITTING.,EC-24a8172beb237a0f,LG-24a8172beb237a0f,dev
104309,R/H ENGINE CYL #3 & 2 INTAKE GASKETS LEAKING.,REMOVED & REPLACED INTAKE GASKETS.,EC-b5caf52cede25275,LG-4285908bb8f7434c,train
104310,1 & 3 CYL ROCKER COVERS LEAK.,LEAK CK GOOD.,EC-ea5e48552585ea22,LG-ea5e48552585ea22,dev
104311,BACKBONE OF ENG BAFFLING NEEDS TO BE SEALED.,SEALED AREA.,EC-6bb0f7e16b018736,LG-6bb0f7e16b018736,dev
104312,FWD LWR BLACK ENG SEAL WEARING AT AIR INTAKE CAMLOCKS.,SEALED AREAS W/ RTV.,EC-8078967ab51d8913,LG-8078967ab51d8913,test
104313,1 & 3 CYL ROCKER COVERS LEAK.,"REPLACED BOTH GASKETS, CLEANED OFF OLD, INSTALLED.",EC-ea5e48552585ea22,LG-ea5e48552585ea22,dev
104314,#2 CYL WIRE STANDOFF BROKEN.,REMOVED & REPLACED STANDOFF & ZIP TIES.,EC-c50cce7f776928ac,LG-c50cce7f776928ac,train
104315,#3 & 4 INTAKES LEAKING ON R/H ENG.,REMOVED & REPLACED INTAKE GASKETS.,EC-0db5042afc1a5eaf,LG-4285908bb8f7434c,train
104316,"#3, 2 & 4 INTAKES LEAKING ON L/H ENG.",REMOVED & REPLACED INTAKE GASKETS.,EC-701cb4db415860aa,LG-4285908bb8f7434c,train
104317,"PROP OVERSPEED, 2720 RPM FOR 1 SECOND.",RESEARCHED FDM CARD DATA & FOUND RPM TO REACH 2723. LES,EC-5ee3811c9390c869,LG-5ee3811c9390c869,train
104318,L/H ENG #3 & 4 INTAKES ARE LEAKING.,REMOVED & REPLACED GASKETS.,EC-6424934bf68276d8,LG-4285908bb8f7434c,train
104319,R/H ENG #2 & 3 INTAKES ARE LEAKING.,REMOVED & REPLACED GASKETS.,EC-c95d00f722818d79,LG-4285908bb8f7434c,train
104320,L/H ENG ALL ROCKER COVERS ARE LEAKING.,REMOVED & REPLACED GASKETS.,EC-c7e6a68fb9531c79,LG-e424bbcf6cf85404,train
104321,"FWD ENG SEAL WORN ABOVE VACUUM PUMP, R/H SIDE.",SEALED AREA W/ RTV.,EC-5fa183089ebf6a27,LG-5fa183089ebf6a27,train
104322,R/H FWD BAFFLE HAS BROKEN SUPPORT.,FABRICATED BRACKET & INSTALLED AT SAME POSITION.,EC-f98994cc275b1747,LG-f98994cc275b1747,dev
104323,#4 CYLINDER MISSING SCREW FOR ROCKER COVER/BAFFLE.,INSTALLED SCREW & NEW LOCK WASHER.,EC-9da7c04288c3c345,LG-9da7c04288c3c345,train
104324,R/H ENG #3 INTAKE GASKET LEAKING.,REMOVED & REPLACED GASKET W/ NEW.,EC-ead7ef920140d485,LG-4285908bb8f7434c,train
104325,L/H ENG #1 ROCKER BOX COVER GASKET LEAKING.,REMOVED & REPLACED GASKET.,EC-1bc1be076f7d72e0,LG-608d782c2258dd59,train
104326,L/H ENG #3 & 2 INTAKE GASKETS LEAKING.,REMOVED & REPLACED GASKETS W/ NEW.,EC-2a2e7d3ca2ee01f4,LG-4285908bb8f7434c,train
104327,R/H ENG #2 & 3 ROCKER BOX COVER GASKETS LEAKING.,REMOVED & REPLACED GASKETS.,EC-f9b4512b0e0ba150,LG-608d782c2258dd59,train
104328,R/H ENGINE BAFFLE SEALS LOOSE.,REPLACED BAFFLE SEAL MATERIAL & SECURED W/ POP RIVETS.,EC-456a885add6296bf,LG-456a885add6296bf,train
104329,RPM OVERSPEED.,C/W LYCOMING  INSP FOR LESS THAN 5% OVERSPEED. V,EC-3e245a77590830ee,LG-c6e8e57e60b4bebd,dev
104330,#2 INTAKE GASKET HAS SIGNS OF LEAKING.,REMOVED & REPLACED GASKET.,EC-d0d2453c3b7c243b,LG-d0d2453c3b7c243b,train
104331,"TIE WRAP MISSING BY #1 CYL ANCHOR, FOR WIRES.",INSTALLED NEW TIE WRAP.,EC-a096148ac8b7f8cd,LG-a096148ac8b7f8cd,dev
104332,#2 INTAKE GASKET LEAKING.,REMOVED & REPLACED GASKET.,EC-1fec9b07493816ca,LG-4285908bb8f7434c,train
104333,ALL INTAKE HOSE CLAMPS LOOSE.,TIGHTENED ALL CLAMPS.,EC-616c706c0a39b47a,LG-616c706c0a39b47a,train
104334,#2 INTAKE GASKET LEAKING.,REMOVED & REPLACED GASKET.,EC-1fec9b07493816ca,LG-4285908bb8f7434c,train
104335,#3 INTAKE GASKET LEAKING.,REMOVED & REPLACED GASKET.,EC-12a267bf8b1d91a6,LG-4285908bb8f7434c,train
104336,RIVETS WORN THRU AT CENTER LINE OF AFT BAFFLE.,DRILLED OUT RIVETS & INSTALLED NEW HARDWARE.,EC-67bc3b09166bf34d,LG-67bc3b09166bf34d,train
104337,#3 INTAKE GASKET LEAKING.,REPLACED GASKET.,EC-12a267bf8b1d91a6,LG-4285908bb8f7434c,train
104338,CYL #3 AFT BAFFLE BRACKETS LOOSE.,OIL LEAK LEAK CK GOOD.,EC-75770c8561546f3e,LG-75770c8561546f3e,train
104339,#1 & 4 ROCKER COVER GASKETS LEAKING.,REMOVED & REPLACED GASKETS.,EC-688009375e8b3113,LG-608d782c2258dd59,train
104340,CYL #3 AFT BAFFLE BRACKETS LOOSE.,REMOVED & REPLACED RIVETS. REINSTALLED BAFFLE.,EC-75770c8561546f3e,LG-75770c8561546f3e,train
104341,CYL #4 AFT BAFFLE IS CRACKED.,"STOP DRILLED CRACK, FABRICATED PATCH & RIVETED IAW CESS",EC-12425f05cf5380e9,LG-e3b964f842fc4352,test
104342,LWR BLACK SEAL ABOVE INTAKE WORN SPOTS.,FILLED AREAS IN W/ RTV.,EC-6d6fe9c7049d6884,LG-6d6fe9c7049d6884,train
104343,R/H ENG BOLT MISSING ON AFT #1 CYL BAFFLE.,REPLACED BOLT.,EC-b2effbc17760ab5d,LG-b2effbc17760ab5d,train
104344,L/H ENG #2 & 3 ROCKER GASKETS ARE LEAKING.,REPLACED GASKETS.,EC-bef79dcf09460932,LG-608d782c2258dd59,train
104345,"L/H ENG #1, 2 & 4 INTAKE GASKETS ARE LEAKING.",REPLACED GASKETS.,EC-a053190f5e4ee9db,LG-4285908bb8f7434c,train
104346,"R/H ENG, #2 & 4 ROCKER COVERS LEAKING.",REMOVED & REPLACED GASKETS.,EC-17740233bc6754bb,LG-608d782c2258dd59,train
104347,R/H ENG #2 & 3 CYL INTAKE GASKETS LEAKING.,REMOVED & REPLACED GASKETS.,EC-aa448f0d9ef51ffa,LG-4285908bb8f7434c,train
104348,L/H ENGINE HAS SOME LOOSE BAFFLE SEALS.,RESECURED LOOSE BAFFLE SEAL ON L/H SIDE OF L/H ENG.,EC-7ca47c3191e2ba9e,LG-7ca47c3191e2ba9e,train
104349,2 BAFFLE TIE RODS NEED TO BE REPLACED.,REPLACED TIE RODS.,EC-49e1367fefb48112,LG-49e1367fefb48112,train
104350,CYL #1 FWD BAFFLE SEAL NEEDS TO BE SECURED.,SECURED BAFFLE SEAL.,EC-a3d87190961d4418,LG-7f2bc0b62c756875,train
104351,#3 & 4 INTAKE GASKETS LEAKING.,REMOVED & REPLACED INTAKE GASKETS.,EC-7829d62eb6c797c4,LG-4285908bb8f7434c,train
104352,#4 INTAKE GASKET LEAKING.,REMOVED & REPLACED GASKET.,EC-57acd94dcdde4ef3,LG-4285908bb8f7434c,train
104353,BAFFLE PLUGS NEEDS TO BE REPLACED.,REPLACED BAFFLE PLUGS.,EC-79670663a188c424,LG-d671d8fdeb671d58,train
104354,BAFFLING CRACKED BY OIL COOLER ON L/H ENGINE.,STOP DRILLED CRACK.,EC-d55900cdcab8e0ad,LG-d55900cdcab8e0ad,train
104355,"#3, 4 INTAKE GASKETS LEAKING ON R/H ENGINE.",REMOVED & REPLACED GASKETS.,EC-6bbd5761411368d5,LG-4285908bb8f7434c,train
104356,#4 ROCKER COVER GASKET LEAKING ON R/H ENGINE.,REMOVED & REPLACED GASKET.,EC-6de0223359b0e606,LG-608d782c2258dd59,train
104357,L/H ENG CYL #2 & 3 INTAKE GASKETS ARE LEAKING.,REMOVED & REPLACED GASKETS.,EC-bc87c426f765091f,LG-4285908bb8f7434c,train
104358,#4 INTAKE LEAKING.,REPLACED GASKET.,EC-66d79f80174da74e,LG-10956cdabbd1e3ce,dev
104359,SCREW MISSING IN #3 SIDE BAFFLE.,INSTALLED SCREW.,EC-c2a84981e8cba61f,LG-c2a84981e8cba61f,train
104360,ADEL CLAMP ON BATTERY MOUNT IS TOO LARGE.,INSTALLED SMALLER ADEL CLAMP.,EC-f081b5b3712f2abf,LG-f081b5b3712f2abf,test
104361,CYL #2 & 4 INTAKE GASKETS LEAKING.,REMOVED & REPLACED INTAKE GASKETS W/ NEW.,EC-bd8cabd4b1787e44,LG-4285908bb8f7434c,train
104362,R/H ENGINE #4 CYL LOW ON COMPRESSION (30 LBS).,REMOVED R/H ENGINE #4 CYL.,EC-c6456d79d446e259,LG-c6456d79d446e259,train
104363,R/H ENG #3 & 4 CYL INTAKES LEAKING.,REMOVED & REPLACED R/H #3 CYL INTAKE GASKET,EC-9d7ab6300282e563,LG-4285908bb8f7434c,train
104364,R/H ENGINE #4 CYL LOW ON COMPRESSION (30 LBS).,"INSTALLED REPAIRED CYL ASSY, FOUND EXHAUST LIFTER TO BE",EC-c6456d79d446e259,LG-c6456d79d446e259,train
104365,R/H ENGINE #4 CYL LOW ON COMPRESSION (30 LBS).,"ADDED 8 QTS OF MINERAL OI. RAN ENGINE, NO LEAKS. OPS CK",EC-c6456d79d446e259,LG-c6456d79d446e259,train
104366,#4 BAFFLE PLUG MISSING.,REPLACED MISSING PLUG.,EC-5fa1904683a7a5f5,LG-9410f0626a11b72a,train
104367,#1 CYL INTAKE GASKET LEAKING.,REMOVED & REPLACED GASKET.,EC-0b8b404cc49ea49c,LG-4285908bb8f7434c,train
104368,#4 BAFFLE WIRE CHAFING #4 OIL RETURN TUBE.,REPLACED TENSION WIRE.,EC-b030a07b56c966c6,LG-b030a07b56c966c6,test
104369,"#4 CYL HAS LOW COMPRESSION, LEAKING THROUGH EXHAUST VALVE (2",LEAK CK GOOD.,EC-0d85319b8e3e696b,LG-0d85319b8e3e696b,train
104370,"#4 CYL HAS LOW COMPRESSION, LEAKING THROUGH EXHAUST VALVE (2",STARTED TO REMOVE #4 BAFFLES.,EC-0d85319b8e3e696b,LG-0d85319b8e3e696b,train
104371,"#4 CYL HAS LOW COMPRESSION, LEAKING THROUGH EXHAUST VALVE (2",FINISHED REMOVING CYL ASSY. INSTALLED REPAIRED CYL ASSY,EC-0d85319b8e3e696b,LG-0d85319b8e3e696b,train
104372,"#4 CYL HAS LOW COMPRESSION, LEAKING THROUGH EXHAUST VALVE (2","RECK'ED CLEARANCE, FOUND W/IN SPECS. STARTED INSTALLING",EC-0d85319b8e3e696b,LG-0d85319b8e3e696b,train
104373,"#4 CYL HAS LOW COMPRESSION, LEAKING THROUGH EXHAUST VALVE (2","REINSTALLED INTAKE, ROCKER COVER, EXHAUST & REROUTED HA",EC-0d85319b8e3e696b,LG-0d85319b8e3e696b,train
104374,#3 INTAKE TUBE GASKET LEAKING.,REMOVED & REPLACED GASKET.,EC-fba2d9977e3db1f2,LG-4dcd0e6b51932d0b,dev
104375,BOLT MISSING ON AFT BAFFLING.,INSTALLED BOLT.,EC-4171045d71182920,LG-4171045d71182920,dev
104376,CYL #4 INTAKE GASKET IS LEAKING.,REMOVED & REPLACED GASKET W/ NEW.,EC-92a0dbb804603f0d,LG-4285908bb8f7434c,train
104377,"BAFFLE ATTACHMENT TAB, BEHIND OIL TUBE, IS LOOSE.",TIGHTENED SCREWS.,EC-aa92ba527a26599d,LG-aa92ba527a26599d,train
104378,1 BAFFLING PLUG WORN.,INSTALLED NEW PLUG.,EC-5e7026afbabd13eb,LG-5e7026afbabd13eb,train
104379,"#1, 3 & 4 INTAKES LEAK.",REPLACED ALL 3 INTAKE GASKETS.,EC-0dcbb5ac46d05273,LG-0dcbb5ac46d05273,train
104380,"LWR BLACK SEAL ON ENG, WORN AT ENGINE INTAKE.",SEALED AREA W/ RTV.,EC-82a5742afedd792f,LG-82a5742afedd792f,test
104381,BACKBONE LEAKS AT BOLT IN MIDDLE.,INSTALLED HIGH TEMP SEALANT & RETORQUED BOLT.,EC-64f5e4c8397a64f1,LG-64f5e4c8397a64f1,test
104382,"#1, 2, 4 INTAKE GASKETS LEAKING.",REMOVED & REPLACED GASKETS.,EC-8fb7cf88d09cbb57,LG-4285908bb8f7434c,train
104383,R/H BAFFLE PLUG REQUIRES REPLACEMENT.,REMOVED & REPLACED PLUG W/ NEW.,EC-3914d4b34d35665c,LG-a6447c2d5e2edaf9,train
104384,#3 & 4 INTAKE GASKETS ARE LEAKING.,REPLACED BOTH GASKETS.,EC-472b5996c0c6ce72,LG-4285908bb8f7434c,train
104385,BOTH BAFFLE PLUGS NEED TO BE REPLACED.,REPLACED BOTH BAFFLE PLUGS.,EC-6702da299ff27789,LG-d671d8fdeb671d58,train
104386,#2 CYL INTAKE LEAKS.,REPLACED GASKET.,EC-8b443037101f9d11,LG-0e48eb423d7a05e3,test
104387,SCREW MISSING ON R/H ENG BAFFLING.,INSTALLED NEW SCREW.,EC-857658cf103fa69c,LG-857658cf103fa69c,train
104388,#2 INTAKE GASKET IS LEAKING.,REPLACED GASKET.,EC-53f353a420cf4fcc,LG-4285908bb8f7434c,train
104389,#2 & 4 INTAKES LEAKING ON L/H ENGINE.,REMOVED & REPLACED GASKETS.,EC-f6ea10c44311f457,LG-4285908bb8f7434c,train
104390,L/H ENG WON'T START.,L/H ENGINE STILL HARD TO START,EC-ec4bcb6984e753ab,LG-ec4bcb6984e753ab,test
104391,L/H ENG CYL #4 BAFFLE SEAL NEEDS TO BE RESECURED.,REMOVED & REPLACED BAFFLE.,EC-f11ccc7c672784d9,LG-7f2bc0b62c756875,train
104392,#2 INTAKE TUBE GASKET LEAKING.,INSTALLED NEW GASKET.,EC-babcfce517a6bf32,LG-4dcd0e6b51932d0b,dev
104393,#4 ROCKER COVER GASKET IS LEAKING.,REMOVED & REPLACED GASKET.,EC-9d103de4f299d59b,LG-608d782c2258dd59,train
104394,#2 INTAKE IS LEAKING.,REMOVED & REPLACED GASKET.,EC-8ec828272e86c6c2,LG-10956cdabbd1e3ce,dev
104395,#2 & 4 INTAKE GASKETS LEAKING.,REMOVED & REPLACED GASKETS.,EC-f4c90d93e910c1fa,LG-4285908bb8f7434c,train
104396,"#2, 3 INTAKE GASKETS LEAKING.",REMOVED & REPLACED GASKETS W/ NEW.,EC-e44b9558ab8ba20b,LG-4285908bb8f7434c,train
104397,L/H & R/H BAFFLE PLUGS BROKEN.,REMOVED & REPLACED BAFFLE PLUGS.,EC-0a3b5082e1732d4e,LG-2b40f8feb4e7d916,train
104398,#2 & 3 ROCKER COVER GASKETS LEAKING.,REMOVED & REPLACED GASKETS.,EC-2f07e0763eee3746,LG-608d782c2258dd59,train
104399,BOLT LEAKING ON TOP OF ENGINE.,"RESEALED BOLT & APPLIED HIGH TEMP RTB TO TOP OF CASE, A",EC-3071a4a720290fe9,LG-3071a4a720290fe9,train
104400,R/H BAFFLE PLUG IS MISSING.,REPLACED PLUG.,EC-83f26ff0d996682c,LG-9410f0626a11b72a,train
104401,R/H ENG #2 & 4 INTAKE GASKETS LEAKING.,REMOVED & REPLACED GASKETS.,EC-3ed8b19ef9bf4720,LG-4285908bb8f7434c,train
104402,#2 INTAKE LEAKING.,REMOVED & REPLACED GASKET.,EC-9e293c9950113443,LG-10956cdabbd1e3ce,dev
104403,#2 INTAKE LEAKING.,REMOVED & REPLACED GASKET.,EC-9e293c9950113443,LG-10956cdabbd1e3ce,dev
104404,CYL #4 INTAKE GASKET IS LEAKING.,REMOVED & REPLACED GASKET W/ NEW.,EC-92a0dbb804603f0d,LG-4285908bb8f7434c,train
104405,AT FULL THROTTLE; THERE WAS ENGINE ROUGHNESS.,"RAN UP A/C, CK'ED IDLE, MIXTURE & FULL THROTTLE OPERATI",EC-c881810b6aefe8e1,LG-c881810b6aefe8e1,dev
104406,R/H ENGINE #3 INTAKE LEAKING.,REPLACED GASKET.,EC-6e41f7a561460a89,LG-4285908bb8f7434c,train
104407,LEFT ENGINE #2 INTAKE LEAKING.,REPLACED GASKET.,EC-7f51be600f034318,LG-4285908bb8f7434c,train
104408,#4 ROCKER COVER GASKET LEAKING.,REMOVED & REPLACED GASKET.,EC-da6ceccf140509ee,LG-608d782c2258dd59,train
104409,#1 INTAKE GASKET LEAKING.,REMOVED & REPLACED GASKET.,EC-66c69e07864cfa3c,LG-4285908bb8f7434c,train
104410,#1 ROCKER COVER GASKET LEAKING.,REMOVED & REPLACED GASKET.,EC-3466c922bf8446a2,LG-608d782c2258dd59,train
104411,1 BAFFLE PLUG MISSING.,INSTALLED MISSING PLUG W/ NEW.,EC-ed40004d329de8b2,LG-9410f0626a11b72a,train
104412,#1 CYL NEEDS TO BE REPLACED,"RUN UP, LEAK CK GOOD.",EC-ccb276e86f76c511,LG-ccb276e86f76c511,train
104413,#2 CYL NEEDS TO BE REPLACED,"RUN UP, LEAK CK GOOD.",EC-3397b1f1ef9c40d0,LG-ccb276e86f76c511,train
104414,#3 CYL NEEDS TO BE REPLACED,"RUN UP, LEAK CK GOOD.",EC-912ea294eaab3f91,LG-ccb276e86f76c511,train
104415,#4 CYL NEEDS TO BE REPLACED,"RUN UP, LEAK CK GOOD.",EC-c35df0d301936487,LG-ccb276e86f76c511,train
104416,ENGINE BREAK-IN FLIGHT REQUIRED IAW FOR CYLINDER CH,FOR FLIGHT.,EC-c2a0c51b226c4d61,LG-c2a0c51b226c4d61,test
104417,#1 CYL NEEDS TO BE REPLACED,REPLACED CYL W/ NEW CYL ASSY. TORQUED TO CASE.,EC-ccb276e86f76c511,LG-ccb276e86f76c511,train
104418,#2 CYL NEEDS TO BE REPLACED,"REPLACED CYL W/ NEW CYL ASSY, TORQUED TO CASE.",EC-3397b1f1ef9c40d0,LG-ccb276e86f76c511,train
104419,#1 CYL NEEDS TO BE REPLACED,"COMPLETED INSTALL OF LINES & BAFFLING, INTAKE & EXHAUST",EC-ccb276e86f76c511,LG-ccb276e86f76c511,train
104420,#2 CYL NEEDS TO BE REPLACED,"COMPLETED INSTALL OF LINES & BAFFLING, INTAKE & EXHAUST",EC-3397b1f1ef9c40d0,LG-ccb276e86f76c511,train
104421,#3 CYL NEEDS TO BE REPLACED,REPLACED CYL W/ NEW CYL ASSY & TORQUED. INSTALLED LINES,EC-912ea294eaab3f91,LG-ccb276e86f76c511,train
104422,#4 CYL NEEDS TO BE REPLACED,REPLACED CYL W/ NEW CYL ASSY & TORQUED. INSTALLED LINES,EC-c35df0d301936487,LG-ccb276e86f76c511,train
104423,#2 CYL INTAKE GASKET LEAKING.,REMOVED & REPLACED GASKET.,EC-cc41856dc2df8c7c,LG-4285908bb8f7434c,train
104424,"2 POP RIVETS LOOSE ON BAFFLE, AFT OF #4 CYL.",REPLACED RIVETS.,EC-5791cc9ac09a6a28,LG-5791cc9ac09a6a28,train
104425,ENGINE BAFFLE PLUGS (TABS) BROKEN.,REMOVED & REPLACED BAFFLE PLUGS.,EC-f34c1317c89722fe,LG-046b4833dae03ba2,test
104426,"INTAKES #2, 3 & 4 LEAKING ON L/H ENGINE.",REMOVED & REPLACED GASKETS.,EC-c32b55c9566387e6,LG-4285908bb8f7434c,train
104427,"INTAKES #1, 2, 3 & 4 LEAKING ON R/H ENGINE.",REMOVED & REPLACED ALL GASKETS W/ NEW.,EC-55b8fecad5983a49,LG-4285908bb8f7434c,train
104428,R/H ENG #2 INTAKE IS LEAKING.,REMOVED & REPLACED GASKET.,EC-6dd3fc4da5b47f57,LG-4285908bb8f7434c,train
104429,L/H ENG #3 & 4 INTAKES ARE LEAKING.,REMOVED & REPLACED INTAKE GASKETS.,EC-6424934bf68276d8,LG-4285908bb8f7434c,train
104430,OIL COOLER NEEDS CLEANING.,CLEANED OIL COOLER.,EC-3a45f943650f9dd4,LG-3a45f943650f9dd4,dev
104431,#2 & 4 INTAKE GASKET LEAKING.,REMOVED & REPLACED INTAKE GASKETS.,EC-57ce898af0dc256e,LG-4285908bb8f7434c,train
104432,R/H BAFFLE PLUG BROKEN ON #3 CYL.,REMOVED & REPLACED BAFFLE PLUG.,EC-8b44c4b5e096f54f,LG-8b44c4b5e096f54f,dev
104433,ENGINE BAFFLE PLUGS DAMAGED.,INSTALLED NEW BAFFLE PLUGS.,EC-524ea80e0d564775,LG-a35b550497c9ab15,test
104434,#3 INTAKE LEAKING ON R/H ENGINE.,REMOVED & REPLACED GASKET.,EC-e8bee9035a1deeb3,LG-4285908bb8f7434c,train
104435,INTAKE #4 LEAKING ON L/H ENGINE.,REMOVED & REPLACED GASKET.,EC-7f823316c7fd2103,LG-4285908bb8f7434c,train
104436,#2 INTAKE GASKET LEAKING.,REPLACED INTAKE GASKET.,EC-1fec9b07493816ca,LG-4285908bb8f7434c,train
104437,#4 INTAKE GASKET LEAKING.,REMOVED & REPLACED GASKET.,EC-57acd94dcdde4ef3,LG-4285908bb8f7434c,train
104438,#4 INTAKE LEAKING.,ERMOVED & REPLACED GASKET.,EC-66d79f80174da74e,LG-10956cdabbd1e3ce,dev
104439,L/H ENG #4 INTAKE LEAKING.,REMOVED & REPLACED GASKET.,EC-8b51057e7821329a,LG-4285908bb8f7434c,train
104440,R/H ENG #4 & 3 INTAKE GASKETS LEAK.,REPLACED #3 INTAKE GASKET.,EC-37d034631c35f825,LG-37d034631c35f825,train
104441,R/H ENG #4 & 3 INTAKE GASKETS LEAK.,REPLACED #4 INTAKE GASKET.,EC-37d034631c35f825,LG-37d034631c35f825,train
104442,#2 INTAKE LEAKING ON L/H ENG.,REMOVED & REPLACED GASKET.,EC-d9de1cdfff6a0989,LG-4285908bb8f7434c,train
104443,#4 INTAKE GASKET LEAKING ON L/H ENGINE.,REPLACED GASKETS.,EC-ea620172689d0452,LG-4285908bb8f7434c,train
104444,#4 INTAKE GASKET LEAKING ON R/H ENG.,REMOVED & REPLACED GASKET.,EC-5c2ae24a2e5772f6,LG-4285908bb8f7434c,train
104445,#3 INTAKE GASKET LEAKING ON R/H ENGINE.,REMOVED & REPLACED GASKET.,EC-e626bd811133cdf1,LG-4285908bb8f7434c,train
104446,#1 ROCKER COVER GASKET LEAKING ON R/H ENG.,REMOVED & REPLACED W/ SILICONE GASKET.,EC-ec301e8583815e83,LG-608d782c2258dd59,train
104447,L/H ENG #3 ROCKER COVER IS LEAKING.,REMOVED & REPLACED GASKET.,EC-4f854674f99caf68,LG-608d782c2258dd59,train
104448,L/H ENG #2 & 3 INTAKES ARE LEAKING.,INSTALLED NEW INTAKE GASKETS.,EC-410f2059a575ccfa,LG-4285908bb8f7434c,train
104449,L/H ENG ALL ROCKER COVER DRAIN HOSE CLAMPS ARE LEAKING.,TIGHTENED CLAMPS.,EC-c047cefecc7a8a31,LG-c047cefecc7a8a31,dev
104450,R/H ENG #3 ROCKER COVER IS LEAKING.,REMOVED & REPLACED ROCKER COVER GASKET.,EC-f5569c8b14ceb721,LG-608d782c2258dd59,train
104451,R/H ENG ALL ROCKER COVER DRAIN HOSE CLAMPS ARE LEAKING.,TIGHTENED HOSE CLAMPS.,EC-a1453eea074f5cbf,LG-c047cefecc7a8a31,dev
104452,R/H ENG #3 CYL HAS LOW COMPRESSION (58/80).,"RAN UP A/C, PERFORMED COMPRESSION CK. STAKED EXHAUST VA",EC-8c6263d2e88c269f,LG-8c6263d2e88c269f,test
104453,"FWD COOLING BAFFLE LOOSE, UNDER ALT.",SECURED LOOSE BAFFLE.,EC-ba87a0397cabf76b,LG-ba87a0397cabf76b,test
104454,CYL #2 BAFFLE SEAL IS LOOSE.,RESECURED BAFFLE SEAL.,EC-3cc62cea8822eea5,LG-37ac3da11bdb9f3b,train
104455,#2 & 3 INTAKES LEAKING.,REMOVED & REPLACED GASKETS.,EC-3f86aa9287c92a61,LG-26ffbcbee302311b,test
104456,L/H & R/H BAFFLE PLUGS WORN.,REMOVED & REPLACED BAFFLE PLUGS.,EC-fde1a305fcdff79f,LG-d1ae1963cf7de664,dev
104457,L/H ENGINE BAFFLE BY ROCKER COVERS CRACKED.,REMOVED & REPLACED L/H ENGINE BAFFLE OVER ROCKER COVERS,EC-4cec170209188659,LG-4cec170209188659,train
104458,#4 & 3 INTAKE GASKETS LEAKING ON LEFT ENGINE.,REMOVED & REPLACED GASKETS.,EC-2a4b9ab81f80aeed,LG-4285908bb8f7434c,train
104459,CYLINDER HEAD TEMP WOULD JUMP 150*F.,"REMOVED & REPLACED CHT PROBE, RAN A/C, OPS GOOD.",EC-3c7a0e0478484245,LG-3c7a0e0478484245,train
104460,#4 CYL L/H ENG BAFFLE SEAL LOOSE.,DRILLED & REPLACED RIVET ON BAFFLE SEAL.,EC-d9a52889c73e5b87,LG-37ac3da11bdb9f3b,train
104461,ALL ROCKER DRAIN LINES LEAKING AT HOSE CLAMPS.,TIGHTENED ALL ROCKER DRAIN HOSE CLAMPS.,EC-453418180cbd5e2e,LG-453418180cbd5e2e,train
104462,#1 - 3 BAFFLE WIRE NOT CONNECTED.,REPLACED TIE WIRE ASSY.,EC-1c2bc36431086db7,LG-1c2bc36431086db7,train
104463,"#3 INTAKE GASKET LEAKING, R/H ENG.",REMOVED & REPLACED GASKET.,EC-2e19efe08d8c7716,LG-0222eb60e96e9748,dev
104464,CYL #3 INTAKE GASKET LEAKING ON L/H ENG.,REMOVED & REPLACED GASKET.,EC-032941521e418f61,LG-4285908bb8f7434c,train
104465,#4 ROCKER COVER LEAKING.,REMOVED & REPLACED ROCKER COVER GASKET.,EC-fbe922c5be2d1674,LG-608d782c2258dd59,train
104466,"#1, 2, 4 OIL RETURN LINES LEAKING.",TIGHTENED RETURN LINES.,EC-4a784618ba4ac4c4,LG-51ea53cb3b04517e,train
104467,R/H REAR ENGINE BAFFLE SCREW MISSING.,INSTALLED NEW SCREW.,EC-00c3779a82bb5065,LG-ac09d330d3a5d8db,dev
104468,#2 ROCKER COVER GASKET LEAKING.,REMOVED & REPLACED W/ NEW SILICONE GASKET.,EC-8828e17d0b33db57,LG-608d782c2258dd59,train
104469,CRACK ON L/H UPPER BAFFLE.,STOP DRILLED CRACK.,EC-78e41f9f54f295a8,LG-78e41f9f54f295a8,test
104470,#4 ROCKER COVER LEAKING.,REMOVED & REPLACED GASKET.,EC-fbe922c5be2d1674,LG-608d782c2258dd59,train
104471,"#1, 2, 4 INTAKES LEAKING.",REMOVED & REPLACED INTAKE GASKETS.,EC-90e2fc81296cf852,LG-26ffbcbee302311b,test
104472,POSSIBLE CRANKSHAFT OIL SEAL LEAKING.,"REMOVED PROP & FLYWHEEL. INSPECTED CRANKSHAFT, NO LEAK",EC-3623541e6a5559ff,LG-3623541e6a5559ff,dev
104473,"AFTER START, ENG RAN ROUGH. RPM OVER 1000, ENG WOULD SPUTTER","RAN UP TO OPERATING TEMPS, ENGINE RAN SMOOTH THROUGH AL",EC-f8ddae68b1b32170,LG-f8ddae68b1b32170,train
104474,IDLE CK RPM DECREASED TO ZERO.,"RAN UP TO TEMPS, CLEARED PLUGS, OPS CK'ED GOOD W/ GOOD",EC-ce2b162e461c52a4,LG-ce2b162e461c52a4,train
104475,#3 BAFFLE TIE ROD BROKEN.,REPLACED TIE ROD.,EC-f83b2d954db00221,LG-a456c10593172117,dev
104476,"#3, 4 INTAKES LEAKING.",REMOVED & REPLACED GASKETS.,EC-febf907a945bf025,LG-26ffbcbee302311b,test
104477,#3 INTAKE GASKET LEAKING.,REMOVED & REPLACED INTAKE GASKET.,EC-12a267bf8b1d91a6,LG-4285908bb8f7434c,train
104478,CYL #3 INTAKE GASKET IS LEAKING.,REMOVED & REPLACED GASKET.,EC-1074ea01820aa3a5,LG-4285908bb8f7434c,train
104479,#4 INTAKE LEAKING ON L/H ENGINE.,REMOVED & REPLACED GASKET.,EC-3fd1e88fe4572cdd,LG-4285908bb8f7434c,train
104480,#3 ROCKER COVER LEAKING ON R/H ENGINE.,REMOVED & REPLACED GASKET.,EC-8966393e5fc21277,LG-608d782c2258dd59,train
104481,#1 & 3 ROCKER COVERS ARE LEAKING.,REMOVED & REPLACED BOTH ROCKER GASKETS.,EC-50cb8bbe484efbad,LG-608d782c2258dd59,train
104482,#2 & 4 INTAKE GASKET HAS EVIDENCE OF LEAKING.,REPLACED BOTH INTAKE GASKETS.,EC-7d1ea74e793f73e4,LG-3e3eb1453f5945e0,train
104483,"#2 CYL FAILED  @ .031"".",FOR BREAK-IN FLIGHT.,EC-9bba3c38ebcb066e,LG-9bba3c38ebcb066e,train
104484,"#3 CYL FAILED  @ .032"".",FOR BREAK-IN FLIGHT.,EC-ff4bf6d80cddc049,LG-ff4bf6d80cddc049,dev
104485,"#4 CYL FAILED  @ .033"".",FOR BREAK-IN FLIGHT.,EC-a6e3f911bd14efb6,LG-a6e3f911bd14efb6,dev
104486,"#4 CYL FAILED  @ .033"".","REASSEMBLED CYL, DRY TAPPET CLEARANCE CK GOOD.",EC-a6e3f911bd14efb6,LG-a6e3f911bd14efb6,dev
104487,"#1 CYL VALVE GUIDE FAILED  @ .035"".",FOR BREAK-IN FLIGHT.,EC-0ae7b41a4a58ea51,LG-0ae7b41a4a58ea51,test
104488,"#2 CYL FAILED  @ .031"".","COMPLETED REASSEMBLY, DRY TAPPET CLEARANCE CK GOOD.",EC-9bba3c38ebcb066e,LG-9bba3c38ebcb066e,train
104489,"#2 CYL FAILED  @ .031"".",DISASSEMBLED ENGINE AS NECESSARY TO REMOVE CYL. INSTALL,EC-9bba3c38ebcb066e,LG-9bba3c38ebcb066e,train
104490,"#3 CYL FAILED  @ .032"".",DISASSEMBLED ENGINE. REMOVED CYLINDER. INSTALLED CYL KI,EC-ff4bf6d80cddc049,LG-ff4bf6d80cddc049,dev
104491,"#4 CYL FAILED  @ .033"".",DISASSEMBLED ENGINE. REMOVED CYLINDER. INSTALLED CYL KI,EC-a6e3f911bd14efb6,LG-a6e3f911bd14efb6,dev
104492,"#3 CYL FAILED  @ .032"".",REASSEMBLED CYL. EXHAUST PUSH ROD TOO SHORT. REPLACED P,EC-ff4bf6d80cddc049,LG-ff4bf6d80cddc049,dev
104493,"#1 CYL VALVE GUIDE FAILED  @ .035"".",DISASSEMBLED ENGINE AS NECESSARY TO REMOVE CYL. INSTALL,EC-0ae7b41a4a58ea51,LG-0ae7b41a4a58ea51,test
104494,"#1 CYL VALVE GUIDE FAILED  @ .035"".","COMPLETED REASSEMBLY, EXHAUST PUSH ROD TOO SHORT. REPLA",EC-0ae7b41a4a58ea51,LG-0ae7b41a4a58ea51,test
104495,#2 INTAKE GASKET LEAKING.,REMOVED & REPLACED INTAKE GASKET.,EC-1fec9b07493816ca,LG-4285908bb8f7434c,train
104496,R/H BAFFLE PLUG BROKEN.,REMOVED & REPLACED PLUG.,EC-8f2ff1016b34c44f,LG-4f4b2505bd6b2b3d,train
104497,"L/H ENG, R/H REAR BAFFLE CRACKED.",STOP DRILLED CRACKS.,EC-19ed4bc57f0ebb79,LG-ba980fdf0c11c4fb,test
104498,R/H ENGINE #2 & 4 INTAKE TUBE GASKETS LEAK.,INSTALLED NEW GASKETS.,EC-4fd348177ab05984,LG-37d034631c35f825,train
104499,L/H ENG #2 INTAKE TUBE GASKET LEAKING.,INSTALLED NEW INTAKE TUBE GASKET.,EC-536a4bd29065df05,LG-ae9ab1f2ace76196,train
104500,#2 ROCKER COVER GASKET LEAKING.,REPLACED GASKET.,EC-8828e17d0b33db57,LG-608d782c2258dd59,train
104501,FOD ON TOP OF STARTER,REMOVED FOD.,EC-c42ef83e060b2f29,LG-c42ef83e060b2f29,train
104502,BAFFLING ON #3 CYL CRACKED.,STOP DRILLED CRACK.,EC-aac04bc763595e79,LG-6e28e8984403d34e,train
104503,"#2, 4 CYL BAFFLING TENSION RODS NOT CONNECTED.","FOUND REAR BAFFLE TENSION ROD TO BE BROKEN, REPLACED TE",EC-f81ace4ebe222747,LG-f81ace4ebe222747,dev
104504,SNIFFLER VALVES DIRTY.,CLEANED VALVES.,EC-1243a6854d2a786a,LG-5027701bd7fa9f57,train
104505,L/H BAFFLE PLUG MISSING.,INSTALLED PLUG.,EC-9410f0626a11b72a,LG-9410f0626a11b72a,train
104506,FWD INLET SCREEN ON SERVO NEEDS TO BE CLEANED.,CLEANED SCREEN.,EC-a5252045ee598ace,LG-a5252045ee598ace,dev
104507,#4 INTAKE GASKET LEAKING ON R/H ENGINE.,REMOVED & REPLACED GASKET.,EC-7b659d8e99a33c9e,LG-4285908bb8f7434c,train
104508,"L/H ENGINE, ENGINE BAFFLE CRACKED AT OIL COOLER.",STOP DRILLED CRACK.,EC-8b145591b7aa4dcd,LG-486dfcf538c059ba,train
104509,"R/H ENGINE, ENGINE BAFFLE CRACKED AT OIL COOLER.",STOP DRILLED CRACK.,EC-3506efe5388269d4,LG-486dfcf538c059ba,train
104510,PROP OVERSPEED 2770 FOR 3+ SECONDS.,"REVIEWED FDM DATA, SHOWED MOMENTARY RPM OF 2772.5, COMP",EC-54204b16539b7c5e,LG-54204b16539b7c5e,train
104511,#1 INTAKE LEAKING.,REPLACED GASKET.,EC-3bfb71c5d2c84d08,LG-10956cdabbd1e3ce,dev
104512,#1 FWD BAFFLE CRACKED.,STOP DRILLED CRACK.,EC-8478ba2414c39c05,LG-15f761dc9e6351d8,dev
104513,#2 SIDE BAFFLE SEAL LOOSE.,RECRIMPED STAPLES.,EC-53afa11061aa4089,LG-7ef13215ee0e92fd,train
104514,#4 INTAKE GASKET LEAKING.,REPLACED INTAKE GASKET.,EC-57acd94dcdde4ef3,LG-4285908bb8f7434c,train
104515,#2 & 1 INTAKES LEAKING.,REPLACED GASKETS.,EC-21188b12ec6533e3,LG-26ffbcbee302311b,test
104516,#4 INTAKE LEAKS.,REPLACED GASKET.,EC-3fb03b30627f5eca,LG-0e48eb423d7a05e3,test
104517,ENGINE IDLES AT APPROXIMATELY 1000 RPM ON LAST DAILY SHUT DO,"ADJUSTED IDLE ""UP"" TO SPECS, OPS CK GOOD.",EC-7b7db58fb14f67d7,LG-7b7db58fb14f67d7,train
104518,#4 INTAKE GASKET LEAKING.,REPLACED GASKET.,EC-57acd94dcdde4ef3,LG-4285908bb8f7434c,train
104519,"#1, 3 INTAKE GASKETS LEAKING.",REMOVED & REPLACED GASKETS.,EC-d2121aadd272b797,LG-4285908bb8f7434c,train
104520,SCREW FOR BAFFLE BEHIND OIL DIPSTICK TUBE LOOSE.,INSTALLED W/ LOCK TITE.,EC-7258411586fd843f,LG-7258411586fd843f,train
104521,CYL #1 FWD BAFFLE IS CRACKED.,STOP DRILLED CRACK.,EC-c02e401d27e7432e,LG-15f761dc9e6351d8,dev
104522,#3 INTAKE GASKET LEAKING ON R/H ENGINE.,REMOVED & REPLACED GASKET.,EC-e626bd811133cdf1,LG-4285908bb8f7434c,train
104523,"#3, 4 INTAKE GASKETS LEAKING ON L/H ENGINE.",REMOVED & REPLACED GASKETS.,EC-9b5916d09b5d6ad0,LG-4285908bb8f7434c,train
104524,ALL 4 INTAKES LEAKING.,REMOVED & REPLACED GASKETS.,EC-275086a9e66e6589,LG-275086a9e66e6589,train
104525,#2 INTAKE GASKET IS LEAKING.,REMOVED & REPLACED GASKET.,EC-53f353a420cf4fcc,LG-4285908bb8f7434c,train
104526,"#2, 3 INTAKE ON R/H ENGINE LEAKING.",REMOVED & REPLACED GASKETS.,EC-2fa30dbf611f80cd,LG-4285908bb8f7434c,train
104527,"#3 ROCKER GASKET LEAKS, R/H ENG.",REMOVED & REPLACED W/ SILICONE GASKET.,EC-e6297718a40828bb,LG-e3577eaf3d87ac2d,train
104528,#2 CYL BAFFLING SEAL UNSECURED ON R/H ENGINE.,RESECURED BAFFLE SEAL W/ POP RIVETS.,EC-7c8ec49204fdbe0f,LG-7c8ec49204fdbe0f,train
104529,"L/H ENG #2, 3 & 4 INTAKE TUBE GASKETS LEAKING.",INSTALLED NEW GASKETS.,EC-d88853c6718638fb,LG-ae9ab1f2ace76196,train
104530,R/H ENG #2 & 3 INTAKE TUBE GASKETS LEAKING.,INSTALLED NEW INTAKE TUBE GASKETS.,EC-305adb0909aa8da9,LG-ae9ab1f2ace76196,train
104531,ROCKER COVER SCREW IS MISSING.,REPLACED ROCKER COVER SCREW.,EC-9266d2c4060c14d3,LG-ea79c13832bc7f5d,train
104532,HARDWARE MISSING ON #3 BAFFLE.,INSTALLED NEW HARDWARE.,EC-ba922c1e092fed60,LG-c4711c42c3146697,train
104533,#1 & 3 SIDE BAFFLE CRACKED.,REMOVED & REPLACED BAFFLE.,EC-e95ab3903e624860,LG-13dec33e5f80d531,dev
104534,#2 & 4 CYL DEFLECTOR CRACKED.,REMOVED & REPLACED DEFLECTOR.,EC-fc4f9d18a8373fdb,LG-a34f485ad710077a,train
104535,#4 CYL EXHAUST PUSH TUBE HAS DENT.,REMOVED & REPLACED #4 CYL EXHAUST PUSH TUBE.,EC-c828a6f2cadc428a,LG-c828a6f2cadc428a,train
104536,ALL ENGINE BAFFLING FELT SEALS DAMAGED & ABRASION BUFFER PAD,CLEANED ALL BAFFLING OF OLD FELT & ADHESIVE. CLEANED AB,EC-53dc9b3e82115277,LG-53dc9b3e82115277,train
104537,#2 & 4 ROCKER COVERS ARE LEAKING.,REMOVED & REPLACED GASKETS.,EC-e2fcde699ff41262,LG-608d782c2258dd59,train
104538,"#2, 3, 4 ROCKER GASKETS LEAKING.",INSTALLED NEW GASKETS.,EC-515168b9a541a803,LG-608d782c2258dd59,train
104539,INTAKES 2 & 3 LEAKING ON L/H ENGINE.,REMOVED & REPLACED GASKETS.,EC-239f58816c19492c,LG-4285908bb8f7434c,train
104540,#1 ROCKER COVER LEAKING ON L/H ENGINE.,REMOVED & REPLACED GASKET.,EC-ae18ed3520811f2f,LG-608d782c2258dd59,train
104541,#3 & 4 INTAKES LEAKING ON R/H ENGINE.,REMOVED & REPLACED GASKETS.,EC-96bbea2f0f21f799,LG-4285908bb8f7434c,train
104542,L/H ENG 1ST STAGE COMP BLADE IS NICKED.,"INSPECTED & RESEARCHED MX HISTORY, VERIFIED TO HAVE BEE",EC-accad574c3f22bb2,LG-accad574c3f22bb2,train
104543,BREATHER TUBE BLOCKED,REMOVED BLOCKAGE,EC-0b63d191fc7d2cf3,LG-0b63d191fc7d2cf3,train
104544,COULD NOT START L/H ENGINE.,PREHEATED L/H ENGINE & STARTED. RAN A/C TO WARM ENGINE.,EC-a1a9203ebb12cb9e,LG-a1a9203ebb12cb9e,dev
104545,"WHEN LEANING OUT ENGINE, ENGINE WOULD QUIT & DIE",RAN A/C & WARMED ENGINE. ALL CHECKS GOOD. NO DEFECTS FO,EC-9cb769e5f8541726,LG-9cb769e5f8541726,train
104546,START ASSIST NEEDED.,STARTED A/C FOR PILOT.,EC-67671285e6cc64d4,LG-67671285e6cc64d4,train
104547,#3 INTAKE GASKET LEAKING.,REMOVED & REPLACED GASKET.,EC-12a267bf8b1d91a6,LG-4285908bb8f7434c,train
104548,#1 INTAKE LEAKING.,REMVED & REPLACED GASKET.,EC-3bfb71c5d2c84d08,LG-10956cdabbd1e3ce,dev
104549,#3 ROCKER GASKET IS LEAKING.,REPLACED GASKET.,EC-cbe25f87b331073d,LG-608d782c2258dd59,train
104550,#2 INTAKE LEAKING.,REMOVED & REPLACED GASKET.,EC-9e293c9950113443,LG-10956cdabbd1e3ce,dev
104551,"L/H ENG #2, 3, 4 INTAKE GASKETS ARE LEAKING.",REMOVED & REPLACED GASKETS.,EC-36c441e25010fe07,LG-4285908bb8f7434c,train
104552,R/H ENGINE ALL 4 INTAKE GASKETS ARE LEAKING.,REMOVED & REPLACED ALL 4 GASKETS.,EC-f0adb8e524369441,LG-f0f174a9dcdc1ded,dev
104553,RPM REACHED 2770 IN FLIGHT FOR A FEW SECONDS.,ENGINE SPEED DID NOT EXCEED 5% OR RATED ENGINE SPEED IA,EC-7f48555a22d55165,LG-7f48555a22d55165,train
104554,"INITIALLY AFTER TAKE OFF, ON CLIMBOUT; EXPERIENCED SUDDEN LO","RAN UP A/C, PERFORMED MAG, IDLE/MIXTURE CHECKS MULTIPLE",EC-d7a7cf9d0885f5d6,LG-d7a7cf9d0885f5d6,train
104555,#2 INTAKE LEAKING.,REMOVED & REPLACED INTAKE GASKET.,EC-9e293c9950113443,LG-10956cdabbd1e3ce,dev
104556,ROCKER COVERS 1 & 3 LEAKING.,REMOVED & REPLACED GASKETS.,EC-f488c81b6f590b91,LG-608d782c2258dd59,train
104557,#2 INTAKE IS LEAKING.,REMOVED & REPLACED GASKET.,EC-8ec828272e86c6c2,LG-10956cdabbd1e3ce,dev
104558,#4 ROCKER COVER LEAKS.,REMOVED & REPLACED GASKET.,EC-c5f28d15f36fecbe,LG-a95a51a28f245627,test
104559,#2 INTAKE GASKET IS LEAKING.,REPLACED GASKET.,EC-53f353a420cf4fcc,LG-4285908bb8f7434c,train
104560,#2 SIDE BAFFLE SEAL IS LOOSE.,SECURED W/ POP RIVETS.,EC-66299bce4b49f21a,LG-7ef13215ee0e92fd,train
104561,#4 INTAKE LEAKING.,REMOVED & REPLACED INTAKE GASKET.,EC-66d79f80174da74e,LG-10956cdabbd1e3ce,dev
104562,"#3 INTAKE GASKET LEAKING, R/H ENGINE.",REMOVED & REPLACED GASKET.,EC-5e70ff34b161302d,LG-0222eb60e96e9748,dev
104563,"#1 ROCKER COVER GASKET LEAKING, R/H ENGINE.",REMOVED & REPLACED GASKET.,EC-1da69bd907e1d66d,LG-f0546f2479274e1d,train
104564,"2, 3, 4 INTAKES ARE LEAKING ON LEFT ENGINE.",REMOVED & REPLACED INTAKE GASKETS W/ NEW.,EC-7835df6737dbde19,LG-4285908bb8f7434c,train
104565,2 BAFFLE TIE RODS BROKEN.,REPLACED TIE RODS.,EC-5e12a136c9efc9a4,LG-d75e8b8fe262c6ce,dev
104566,"#1 CYL EXHAUST VALVE FAILED  (EX CLEARANCE .033"").",LEAK CK GOOD.,EC-ec763a25aa84815a,LG-ec763a25aa84815a,dev
104567,"#2 CYL EXHAUST VALVE FAILED  (EX CLEARNACE .035"").",LEAK CK GOOD.,EC-af88d3c810e4549e,LG-af88d3c810e4549e,train
104568,"#3 CYL EXHAUST VALVE FAILED  (EX CLEARNACE .034"").",LEAK CK GOOD.,EC-a7b7c021508dd741,LG-af88d3c810e4549e,train
104569,"#2 CYL EXHAUST VALVE FAILED  (EX CLEARNACE .035"").",STARTED DISASSEMBLY.,EC-af88d3c810e4549e,LG-af88d3c810e4549e,train
104570,"#4 CYL EXHAUST VALVE FAILED  (EX CLEARNACE .033"").",LEAK CK GOOD. FOR MX BREAK-IN FLIGHT.,EC-ab02be6f495a2015,LG-af88d3c810e4549e,train
104571,"#1 CYL EXHAUST VALVE FAILED  (EX CLEARANCE .033"").","REPLACED CYLINDER W/ NEW CYLINDER. TORQUED TO CASE, STA",EC-ec763a25aa84815a,LG-ec763a25aa84815a,dev
104572,"#1 CYL EXHAUST VALVE FAILED  (EX CLEARANCE .033"").","COMPLETED REASSEMBLY, DRY TAPPET CLEARANCE CK GOOD. SER",EC-ec763a25aa84815a,LG-ec763a25aa84815a,dev
104573,"#2 CYL EXHAUST VALVE FAILED  (EX CLEARNACE .035"").","REPLACED CYLINDER, TORQUED TO CASE, DRY TAPPET CLEARANC",EC-af88d3c810e4549e,LG-af88d3c810e4549e,train
104574,"#3 CYL EXHAUST VALVE FAILED  (EX CLEARNACE .034"").","REPLACED CYLINDER, TORQUED TO CASE, DRY TAPPET CLEARANC",EC-a7b7c021508dd741,LG-af88d3c810e4549e,train
104575,"#4 CYL EXHAUST VALVE FAILED  (EX CLEARNACE .033"").","REPLACED CYLINDER, TORQUED TO CASE, DRY TAPPET CLEARANC",EC-ab02be6f495a2015,LG-af88d3c810e4549e,train
104576,#4 INTAKE LEAKING.,REPLACED INTAKE GASKET.,EC-66d79f80174da74e,LG-10956cdabbd1e3ce,dev
104577,#4 ROCKER GASKET LEAKING.,REMOVED & REPLACED GASKET.,EC-995d291f7da262fb,LG-608d782c2258dd59,train
104578,#4 INTAKE GASKET IS LEAKING.,REMOVED & REPLACED INTAKE GASKET.,EC-0489f0dc14177ee4,LG-4285908bb8f7434c,train
104579,#3 ROCKER COVER LEAKING.,REMOVED & REPLACED GASKET.,EC-4774d48aa3f463c3,LG-608d782c2258dd59,train
104580,#2 INTAKE GASKET LEAKING.,REPLACED GASKET.,EC-1fec9b07493816ca,LG-4285908bb8f7434c,train
104581,#2 INTAKE TUBE GASKET LEAKING.,REPLACED GASKET.,EC-babcfce517a6bf32,LG-4dcd0e6b51932d0b,dev
104582,#2 LOWER INTAKE CLAMP LOOSE.,RESECURED CLAMP.,EC-a787713fa70f7327,LG-a787713fa70f7327,test
104583,#4 INTAKE LEAKING.,REMOVED & REPLACED GASKET.,EC-66d79f80174da74e,LG-10956cdabbd1e3ce,dev
104584,SCREW MISSING ON BACK OF #3 BAFFLE.,INSTALLED NEW SCREW.,EC-9bc54d470b3467f7,LG-9bc54d470b3467f7,train
104585,OIL FOUND NEAR CYL #2 & 4 INTAKE TUBES.,"WASHED ENGINE, RAN A/C. OPS & LEAK CK GOOD. NO DISCREPA",EC-b6e52f625c4634e4,LG-b6e52f625c4634e4,dev
104586,R/H BAFFLE PLUG NEEDS TO BE REPLACED.,INSTALLED NEW PLUG.,EC-e42824d9ad370610,LG-d671d8fdeb671d58,train
104587,#3 INTAKE TUBE GASKET LEAKING.,INSTALLED NEW INTAKE GASKET.,EC-fba2d9977e3db1f2,LG-4dcd0e6b51932d0b,dev
104588,#2 INTAKE IS LEAKING.,REMOVED & REPLACED GASKET.,EC-8ec828272e86c6c2,LG-10956cdabbd1e3ce,dev
104589,ENGINE DIRTY.,WASHED ENGINE.,EC-5114bb86596350b2,LG-15dccda7847407ab,train
104590,OIL SEEPING FROM TOP OF CASE HALVES.,LEAK CK GOOD.,EC-010fe679b395ac11,LG-010fe679b395ac11,dev
104591,OIL SEEPING FROM TOP OF CASE HALVES.,CLEANED & SEALED LEAKING BOLT HOLE.,EC-010fe679b395ac11,LG-010fe679b395ac11,dev
104592,#3 REAR BAFFLE MOUNTING BRACKET CRACKED.,INSTALLED REPAIRED R/H REAR BAFFLE.,EC-1d0345ab739b2646,LG-1d0345ab739b2646,train
104593,#2 & 3 ROCKER COVERS LEAKING.,REMOVED & REPLACED GASKETS.,EC-0d8c3206b2edd8c0,LG-608d782c2258dd59,train
104594,"L/H ENG #3, 4 INTAKE GASKETS LEAKING.",REMOVED & REPLACED BOTH INTAKE GASKETS.,EC-9aa5eca0ce1ab37b,LG-4285908bb8f7434c,train
104595,"DURING CRUISE, THERE WAS A LOUD BANG. DURING WHICH ALTIMETER",INSPECTED & FOUND CYL #1 INTAKE TUBE TO BE LOOSE. REMOV,EC-349bb83e685549f8,LG-349bb83e685549f8,train
104596,#1 INTAKE GASKET IS LEAKING.,REPLACED GASKET.,EC-e9b8d7340586dc23,LG-4285908bb8f7434c,train
104597,SNIFFLER VALVES DIRTY.,CLEANED BOTH SNIFFLER VALVES.,EC-1243a6854d2a786a,LG-5027701bd7fa9f57,train
104598,MIDDLE & R/H ENGINE COWL NEED NEW CHAFE TAPE.,REMOVED & REPLACED CHAFE TAPE AS NEEDED.,EC-e7391e4ecbf53d40,LG-e7391e4ecbf53d40,train
104599,ENGINE SURGING ON LAST CLIMB OUT CROSSING 1300 MSL.,"RAN A/C, COULD NOT DUPLICATE DISCREPANCY. OPS CK GOOD.",EC-94af3d413265d1b3,LG-94af3d413265d1b3,train
104600,BAFFLE SEAL ON #1 CYL NEEDS TO BE SECURED.,SECURED BAFFLE SEAL W/ POP RIVET.,EC-ff57d7ca4d7e8603,LG-7f2bc0b62c756875,train
104601,#1 INTAKE GASKET LEAKING.,REMOVED & REPLACED INTAKE GASKET.,EC-66c69e07864cfa3c,LG-4285908bb8f7434c,train
104602,#4 INTAKE GASKET LEAKING.,REMOVED & REPLACED INTAKE GASKET.,EC-57acd94dcdde4ef3,LG-4285908bb8f7434c,train
104603,HARD LANDING REPORTED BY TOWER.,COMPLETED REASSEMBLY; INCLUDING FUEL LINES AT PUMP. RAN,EC-39e42329e7909fcb,LG-39e42329e7909fcb,test
104604,"L/H MAG, LOWER STUD PULLED OUT FROM CASE.",DAMAGED AREA NOT REPAIRABLE. INSTALLED & TORQUED ORIGIN,EC-0ff9f9b6758257a5,LG-0ff9f9b6758257a5,train
104605,UPPER EXHAUST SHROUD DOES NOT ALIGN W/ LOWER SHROUD.,TRIMMED FRONT BAFFLE & SEAL TO ALLOW PROPER ALIGNMENT.,EC-b936467fb75b4d50,LG-b936467fb75b4d50,train
104606,#2 INTAKE TUBE GASKET LEAKING.,INSTALLED NEW INTAKE GASKET.,EC-babcfce517a6bf32,LG-4dcd0e6b51932d0b,dev
104607,#2 INTAKE GASKET LEAKING.,REMOVED & REPLACED GASKET.,EC-1fec9b07493816ca,LG-4285908bb8f7434c,train
104608,#2 CYL ROCKER GASKET LEAKING.,REMOVED & REPLACED ROCKER COVER GASKET.,EC-4ef1f6f5fc14089a,LG-608d782c2258dd59,train
104609,R/H FWD ENGINE BAFFLE BOLT NEEDS TO BE SAFETIED.,SAFETIED R/H FWD ENGINE BAFFLE BOLT.,EC-6ddbc69025c0f700,LG-6ddbc69025c0f700,train
104610,FRONT ENG SEAL (BLACK) ABOVE AIR INTAKE WORN SPOTS.,INSTALLED RTV TO WORN AREAS.,EC-9df8b2a00dfac7fc,LG-9df8b2a00dfac7fc,dev
104611,"L/H ENG, R/H FWD BAFFLE LOOSE.",RESECURED R/H FWD BAFFLE.,EC-93f34a4865ad2c11,LG-550468c14295fbc3,test
104612,#4 CYL ON R/H ENG BAFFLE SEAL NEEDS TO BE REPLACED.,REPLACED BAFFLE SEAL.,EC-1fcfbc1d7e0b355d,LG-1fcfbc1d7e0b355d,dev
104613,#1 & 4 ROCKER BOX COVERS SEEPING ON L/H ENGINE.,INSTALLED NEW ROCKER BOX COVER GASKETS.,EC-4688f257d6d6a3e1,LG-4688f257d6d6a3e1,dev
104614,#4 CYL ON R/H ENGINE BAFFLE SEALS NEED TO BE SECURED.,RESECURED BAFFLE SEALS W/ POP RIVETS.,EC-4027e23bc430d933,LG-4027e23bc430d933,train
104615,#2 INTAKE LEAKING.,REMOVED & REPLACED GASKET.,EC-9e293c9950113443,LG-10956cdabbd1e3ce,dev
104616,#1 ROCKER COVER LEAKING.,REMOVED & REPLACED GASKET.,EC-d7f19738c9144c80,LG-608d782c2258dd59,train
104617,#2 & 3 INTAKE GASKETS LEAKING.,REMED & REPLACED GASKETS.,EC-88f45c6cdd6109b9,LG-4285908bb8f7434c,train
104618,CYL #2 INTAKE GASKET IS LEAKING.,REMOVED & REPLACED INTAKE GASKET.,EC-ae287164a190fda3,LG-4285908bb8f7434c,train
104619,"#3, 4 PISTON PINS DAMAGED DURING REMOVAL.",REPLACED PINS W/ NEW PARTS.,EC-413c88db78af37b8,LG-413c88db78af37b8,train
104620,"#1, 3 INTAKE PUSH ROD TOO LONG.","REPLACED PUSH RODS, DRY TAPPET CLEARANCE GOOD.",EC-7ecb7136bc06efde,LG-7ecb7136bc06efde,train
104621,INSPECTED & FOUND CRANKSHAFT TO BE GOUGED BEHIND CRANKSHAFT,INSTALLED CRANKSHAFT OIL SEAL.,EC-fefafd853a15f21f,LG-fefafd853a15f21f,test
104622,INSPECTED & FOUND CRANKSHAFT TO BE GOUGED BEHIND CRANKSHAFT,ENGIEN RUN & LEAK CK GOOD. FOR BREAK-I,EC-fefafd853a15f21f,LG-fefafd853a15f21f,test
104623,INSPECTED & FOUND CRANKSHAFT TO BE GOUGED BEHIND CRANKSHAFT,"INSTALLED BAFFLES, ROUTED & SECURED ALL ENGINE ELECTRIC",EC-fefafd853a15f21f,LG-fefafd853a15f21f,test
104624,INSPECTED & FOUND CRANKSHAFT TO BE GOUGED BEHIND CRANKSHAFT,SET ALT BELT TENSION. INSTALLED & TIMED BOTH MAGS TO EN,EC-fefafd853a15f21f,LG-fefafd853a15f21f,test
104625,INSPECTED & FOUND CRANKSHAFT TO BE GOUGED BEHIND CRANKSHAFT,"REMOVED STARTER, ALTERNATOR & OIL COOLER. UNBOLTED FUEL",EC-fefafd853a15f21f,LG-fefafd853a15f21f,test
104626,INSPECTED & FOUND CRANKSHAFT TO BE GOUGED BEHIND CRANKSHAFT,"REMOVED CYLINDERS, PISTONS, CONNECTING ROD ACCESSORY HO",EC-fefafd853a15f21f,LG-fefafd853a15f21f,test
104627,INSPECTED & FOUND CRANKSHAFT TO BE GOUGED BEHIND CRANKSHAFT,CRANKSHAFT GEAR & LOCK PLATE WERE TORQUED TO 204 IN/LBS,EC-fefafd853a15f21f,LG-fefafd853a15f21f,test
104628,#2 & 3 INTAKES LEAKING.,REMOVED & REPLACED GASKETS.,EC-3f86aa9287c92a61,LG-26ffbcbee302311b,test
104629,#4 INTAKE IS LEAKING.,REPLACED W/ NEW GASKET.,EC-03758ee4b47de086,LG-10956cdabbd1e3ce,dev
104630,R/H ENG #3 CYL HAS NO COMPRESSION.,"RAN ENGINE, OPS & LEAK CK GOOD.",EC-9eabb635cde013f5,LG-63129778628d15a6,train
104631,R/H ENG #3 CYL HAS NO COMPRESSION.,REINSTALLED CYLINDER ACCESSORIES & BAFFLING.,EC-9eabb635cde013f5,LG-63129778628d15a6,train
104632,"#1, 2 & 4 INTAKE GASKETS ARE LEAKING (R/H ENG).",REMOVED & REPLACED INTAKE GASKETS.,EC-a6499c4cece5732c,LG-a6499c4cece5732c,train
104633,R/H ENG #3 CYL HAS NO COMPRESSION.,INSPECTED & FOUND EXHAUST VALVE TO BE BURNT. REMOVED #3,EC-9eabb635cde013f5,LG-63129778628d15a6,train
104634,R/H ENG #3 CYL HAS NO COMPRESSION.,"INSTALLED LONGER PUSH ROD, EXHAUST ALVE LEAK CK GOOD. R",EC-9eabb635cde013f5,LG-63129778628d15a6,train
104635,"L/H ENG, L/H REAR BAFFLE SECTION NEEDS REPAIR.",TRANSFERRED AIRWORTHY PARTS TO REPAIRED BAFFLE ASSY.,EC-89a74e0e4ccddfa7,LG-89a74e0e4ccddfa7,train
104636,R/H NACELLE VENT HAS BENT FLANGE.,CK'ED OK.,EC-fc03ee36e7f7a622,LG-fc03ee36e7f7a622,train
104637,R/H ENG FIREWALL HAS SMALL MARKS BEHIND START/GEN COOLING TU,"CLEANED UP AREA, FOUND MARKS NEGLIGIBLE. ADJUSTED COOLI",EC-be925696cbf98a77,LG-be925696cbf98a77,dev
104638,L/H ENG #3 AFT BAFFLE HAS CRACK.,STOP DRILLED CRACK.,EC-d95d698df1b910d3,LG-d95d698df1b910d3,test
104639,#2 & 3 INTAKES LEAKING ON L/H ENG.,REMOVED & REPLACED GASKETS.,EC-5e5d0d2e12a22bab,LG-4285908bb8f7434c,train
104640,R/H ENG #4 INTAKE TUBE IS CRACKED.,REMOVED & REPLACED INTAKE TUBE.,EC-29aa22f02647394c,LG-29aa22f02647394c,dev
104641,"INTAKES 2, 3 & 4 LEAKING ON R/H ENGINE.",REMOVED & REPLACED GASKETS.,EC-acfd9a8357993041,LG-4285908bb8f7434c,train
104642,ENGINE BAFFLE PLUGS WORN.,INSTALLED NEW PLUGS.,EC-d1ae1963cf7de664,LG-d1ae1963cf7de664,dev
104643,#2 & 4 INTAKES LEAKING.,REMOVED & REPLACED GASKET.,EC-4b6fcdaabbc0244e,LG-26ffbcbee302311b,test
104644,#4 INTAKE GASKET LEAKING.,REMOVED & REPLACED GASKET.,EC-57acd94dcdde4ef3,LG-4285908bb8f7434c,train
104645,#2 ROCKER COVER GASKET LEAKING.,"REMOVED, CLEANED SURFACES & REINSTALLED #3 ROCKER COVER",EC-8828e17d0b33db57,LG-608d782c2258dd59,train
104646,ALL ROCKER COVERS ARE LEAKING.,REMOVED & REPLACED GASKETS.,EC-0e0277841a1656a0,LG-e424bbcf6cf85404,train
104647,"WHILE IN LEVEL FLIGHT, AFTER PERFORMING A FEW HIGH POWER MAN","COMPLETED , REASSEMBLED ENGINE BAFFLES. CLEANED",EC-0c6afbd3a82059c9,LG-0c6afbd3a82059c9,test
104648,"WHILE IN LEVEL FLIGHT, AFTER PERFORMING A FEW HIGH POWER MAN",DISASSEMBLED ENGINE BAFFLES AS REQUIRED. BEGAN PERFORMI,EC-0c6afbd3a82059c9,LG-0c6afbd3a82059c9,test
104649,"WHILE IN LEVEL FLIGHT, AFTER PERFORMING A FEW HIGH POWER MAN","RAN UP ENGINE, LEAK CK GOOD. FOR MX FL",EC-0c6afbd3a82059c9,LG-0c6afbd3a82059c9,test
104650,"#2, 4 INTAKE GASKETS LEAKING.",REMOVED & REPLACED GASKETS.,EC-0d9e263079f23aaa,LG-4285908bb8f7434c,train
104651,R/H REAR ENGINE BAFFLE MOUNT LOOSE.,"REMOVED R/H REAR BAFFLE, REATTACHED BAFFLE MOUNT & REIN",EC-202e61ddc1deee05,LG-fb9e5102af11d7a0,train
104652,BOLT LEAKING ON TOP OF CASE HALVES.,LEAK CK GOOD.,EC-d6e1b71734855948,LG-d6e1b71734855948,train
104653,BOLT LEAKING ON TOP OF CASE HALVES.,RETORQUED LOOSE BOLT.,EC-d6e1b71734855948,LG-d6e1b71734855948,train
104654,INTAKES 3 & 4 LEAKING ON R/H ENGINE.,REPLACED INTAKE GASKETS.,EC-01555458e4c2e396,LG-4285908bb8f7434c,train
104655,"INTAKES 2, 3 & 4 LEAKING ON L/H ENGINE.",REMOVED & REPLACED GASKETS.,EC-f4c4e83928513c1e,LG-4285908bb8f7434c,train
104656,#4 & 2 INTAKE GASKET LEAKING.,REMOVED & REPLACED GASKETS.,EC-8ec7b6bbc30159c7,LG-4285908bb8f7434c,train
104657,#4 ROCKER COVER GASKET LEAKING.,REMOVED & REPLACED GASKET.,EC-da6ceccf140509ee,LG-608d782c2258dd59,train
104658,IDLE RPM LOW.,ADJUSTED IDLE RPM FOR SEASONAL CONDITIONS.,EC-9f206f813173218d,LG-19eafcd31c3ed84a,train
104659,#3 ROCKER COVER GASKET LEAKING.,REMOVED & REPLAED W/ NEW SILICONE GASKET.,EC-cd33c56b9090b89a,LG-608d782c2258dd59,train
104660,UPPER OIL LINE TO OIL COOLER ADEL CLAMP BROKEN.,REMOVED & REPLACED CLAMP W/ NEW.,EC-4f315bdccaff199e,LG-4f315bdccaff199e,train
104661,ON START; HEARD A CLICK AS MAGS TRIED TO TURN OVER.,"STARTED A/C 2 DIFFERENT TIMES, COULD NOT DUPLICATE DISC",EC-2cf612fb1723f530,LG-2cf612fb1723f530,train
104662,SNIFFLER VALVES NEED TO BE CLEANED.,CLEANED BOTH SNIFFLER VALVES.,EC-406a1eb72ba6dd69,LG-e6bbdb1b991ceb40,train
104663,#2 & 4 CYLINDER INTAKE GASKETS LEAKING.,REMOVED & REPLACED GASKETS.,EC-09b8121a89dc4f9a,LG-4285908bb8f7434c,train
104664,R/H ENGINE BAFFLE COVER CAM LOCK NEEDS TO BE FIXED.,REMOVED & REPLACED BROKEN CAM LOCK.,EC-f758145e28a9ce57,LG-f758145e28a9ce57,test
104665,#4 INTAKE LEAKS ON R/H ENG.,REPLACED GASKET.,EC-737d2f9512d36c91,LG-737d2f9512d36c91,test
104666,NLG DOWN LOCK AFT TRUNNION BOLT LOOSE ON R/H.,TIGHTENED BOLT.,EC-011e5e5d042942de,LG-011e5e5d042942de,train
104667,"INTAKES 2, 3 & 4 LEAKING ON L/H ENGINE.",REMOVED & REPLACED GASKETS.,EC-f4c4e83928513c1e,LG-4285908bb8f7434c,train
104668,SNIFFLER VALVES DIRTY.,CLEANED VALVES.,EC-1243a6854d2a786a,LG-5027701bd7fa9f57,train
104669,#3 INTAKE LEAKING ON R/H ENGINE.,REMOVED & REPLACED GASKET.,EC-e8bee9035a1deeb3,LG-4285908bb8f7434c,train
104670,"INTAKES 2, 3 & 4 LEAKING ON L/H ENGINE.",REMOVED & REPLACED GASKETS.,EC-f4c4e83928513c1e,LG-4285908bb8f7434c,train
104671,"DURING PREFLIGHT, WHEN ENGINE COVER WAS REMOVED, OIL OBSERVE","INSPECTED, FOUND EVIDENCE OF ROCKER COVER GASKETS LEAKI",EC-17b7a4db547f628f,LG-17b7a4db547f628f,train
104672,FRONT BAFFLE SEAL TORN.,ZIP TIED & APPLIED SILICONE TO BAFFLE SEAL.,EC-4ba394d7d2040341,LG-2e4897ab31bc709f,dev
104673,L/H ENG FAILED 3 TIMES AFTER COMING TO A STOP AFTER LANDING.,"INSPECTED L/H ENGINE, NO DEFECTS FOUND. PERFORMED GROUN",EC-c231ec6079db45d1,LG-c231ec6079db45d1,test
104674,R/H REAR BAFFLE INSP HOLE WORN.,INSTALLED BAFFLE PATCH.,EC-482f4c1c59061f24,LG-482f4c1c59061f24,test
104675,#3 INTAKE GASKET LEAKING.,REMOVED & REPLACED GASKET.,EC-12a267bf8b1d91a6,LG-4285908bb8f7434c,train
104676,#4 INTAKE LEAKS.,REMOVED & REPLACED GASKET.,EC-3fb03b30627f5eca,LG-0e48eb423d7a05e3,test
104677,BLACK FWD COWL (ENG) SEAL WORN BY INTAKE FILTER.,APPLIED BLACK SILICONE TO FRONT ENGINE BAFFLE SEAL.,EC-3bef923705832fe9,LG-3bef923705832fe9,test
104678,END OF FLIGHT; ENGINE OVERSPEED 3350 THEN TO PARKING.,"C/W LYCOMING , NO DEFECTS NOTED.",EC-fe93d2d6aa1455ad,LG-fe93d2d6aa1455ad,train
104679,#2 & 4 INTAKES LEAKING ON L/H ENGINE.,REMOVED & REPLACED GASKETS.,EC-f6ea10c44311f457,LG-4285908bb8f7434c,train
104680,RIGHT ENGINE W/ SUSTAINED OVERSPEED GENERALLY AROUND 2720. A,RAN A/C; RPM CHECKS GOOD. FOR MX FLIGH,EC-5105b8c6e06d7c4d,LG-5105b8c6e06d7c4d,train
104681,R/H ENGINE HAS OIL LEAK ON LIFT BOLT.,"REMOVED BOLT, APPLIED HIGH TEMP SILICONE & RETORQUED BO",EC-158d5b42a1f6ced2,LG-158d5b42a1f6ced2,dev
104682,MIXTURE NEEDS TO BE RESET.,"SET IDLE ADJUSTMENT TO SPECS, OPS GOOD.",EC-abc3e28f4c90aa39,LG-abc3e28f4c90aa39,train
104683,#2 CYLINDER INTAKE O-RING UNSEATED.,REMOVED & REPLACED GASKET & O-RING.,EC-4940b346d685313b,LG-4940b346d685313b,train
104684,#4 INTAKE LEAKING.,REMOVED & REPLACED GASKET.,EC-66d79f80174da74e,LG-10956cdabbd1e3ce,dev
104685,BOTH BAFFLE PLUGS DAMAGED.,REPLACED BAFFLE PLUGS.,EC-de3f4f0ce85b81b8,LG-a35b550497c9ab15,test
104686,#3 INTAKE GASKET LEAKING.,REMOVED & REPLACED GASKET.,EC-12a267bf8b1d91a6,LG-4285908bb8f7434c,train
104687,"#1, 2 & 3 INTAKE TUBE GASKETS LEAKING.",INSTALLED NEW GASKETS.,EC-5f27aa373f3325af,LG-5f27aa373f3325af,train
104688,BLACK SEAL FOR ENG WORN AT INTAKE.,APPLIED RTV TO WORN AREAS.,EC-4beaa94a8cce9104,LG-4beaa94a8cce9104,train
104689,#1 CYL EXHAUST VALVE FAILED .,LEAK CK GOOD.,EC-a3b7645f0f9e891f,LG-a3b7645f0f9e891f,dev
104690,#4 CYL EXHAUST VALVE FAILED .,LEAK & OPS CK GOOD.,EC-68c30790fb3ccca4,LG-a3b7645f0f9e891f,dev
104691,#1 CYL EXHAUST VALVE FAILED .,"INSTALLLED FWD BAFFLE, SIDE BAFFLE, ALTERNATOR & ATTACH",EC-a3b7645f0f9e891f,LG-a3b7645f0f9e891f,dev
104692,#1 CYL EXHAUST VALVE FAILED .,"REMOVED FWD BAFFLE, SIDE BAFFLE, ALTERNATOR & ATTACHING",EC-a3b7645f0f9e891f,LG-a3b7645f0f9e891f,dev
104693,#4 CYL EXHAUST VALVE FAILED .,INSTALLED & TORQUED INJECTOR LINE. REINSTALLED #4 CYL &,EC-68c30790fb3ccca4,LG-a3b7645f0f9e891f,dev
104694,#4 CYL EXHAUST VALVE FAILED .,REMOVED #4 CYL SIDE & AFT BAFFLE. REMOVED #4 INJECTOR L,EC-68c30790fb3ccca4,LG-a3b7645f0f9e891f,dev
104695,2 & 3 INTAKES LEAKING.,REPLACED INTAKE GASKETS.,EC-251c03634280e453,LG-26ffbcbee302311b,test
104696,#4 CYL FAILED .,"REMOVED BAFFLING, INTAKE, EXHAUST, OIL RETURN & INJ LIN",EC-274025e4ef551df9,LG-274025e4ef551df9,train
104697,#4 CYL FAILED .,"REINSTALLED EXHAUST, INTAKE, INJECTION LINE & BAFFLING.",EC-274025e4ef551df9,LG-274025e4ef551df9,train
104698,#3 CYL INTAKE L/H ENG LEAKS.,REPLACED GASKET.,EC-04241793684281c8,LG-0e48eb423d7a05e3,test
104699,L/H ENG #2 CYL HAS LOW COMPRESSION.,"RAN A/C, OPS & LEAK CK GOOD.",EC-58fcd2d49614fcd5,LG-c3aa26ca83c3ba37,test
104700,L/H ENG #2 CYL HAS LOW COMPRESSION.,"REMOVED BAFFLING, #2 INTAKE TUBE, #2 EXHAUST TUBE, #2 &",EC-58fcd2d49614fcd5,LG-c3aa26ca83c3ba37,test
104701,L/H ENG #2 CYL HAS LOW COMPRESSION.,"REINSTALLED LIFTERS, PUSH RODS & ROCKERS. INTAKE PASSED",EC-58fcd2d49614fcd5,LG-c3aa26ca83c3ba37,test
104702,L/H ENG #2 CYL HAS LOW COMPRESSION.,REMOVED INTAKE & EXHAUST VALVES. REMOVED & REPLACED EXH,EC-58fcd2d49614fcd5,LG-c3aa26ca83c3ba37,test
104703,L/H ENG #2 CYL HAS LOW COMPRESSION.,"TEMPORARILY REINSTALLED EXHAUST PUSH ROD, ROCKER & ROCK",EC-58fcd2d49614fcd5,LG-c3aa26ca83c3ba37,test
104704,L/H ENG #2 CYL HAS LOW COMPRESSION.,"REMOVED ROCKER COVER, EXHAUST ROCKER & EXHAUST PUSH ROD",EC-58fcd2d49614fcd5,LG-c3aa26ca83c3ba37,test
104705,#2 INTAKE LEAKING.,REMOVED & REPLACED GASKET.,EC-9e293c9950113443,LG-10956cdabbd1e3ce,dev
104706,"#2, 3 & 4 INTAKE GASKETS LEAKING.",REPLACED GASKETS.,EC-a23fa0945a5a974f,LG-4285908bb8f7434c,train
104707,SCREW FOR ENG BAFFLE BEHIND OIL DIPSTICK TUBE LOOSE.,TIGHTENED SCREW.,EC-7a793b72435230f2,LG-7258411586fd843f,train
104708,#2 INTAKE LEAKING ON L/H ENGINE.,INSTALLED NEW GASKET.,EC-36d820a8dd9d2bae,LG-4285908bb8f7434c,train
104709,#3 & 4 INTAKES LEAKING ON R/H ENGINE.,INSTALLED NEW INTAKE GASKETS.,EC-96bbea2f0f21f799,LG-4285908bb8f7434c,train
104710,#2 CYL BAFFLE MISSING SCREW.,INSTALLED SCREW.,EC-df16220ad1619496,LG-2712ed94e860906e,train
104711,#3 & 4 INTAKE GASKETS ARE LEAKING.,"OK, OIL ON EDGES.",EC-472b5996c0c6ce72,LG-4285908bb8f7434c,train
104712,#4 CYL NEEDS TO BE CHANGED (FAILED ).,FINISHED ENGINE ASSEMBLY.,EC-83e24da70617f3b7,LG-83e24da70617f3b7,train
104713,#3 CYL NEEDS TO BE CHANGED (FAILED ).,IFINISHED ENGINE ASSEMBLY.,EC-ef7646e36c70f7f0,LG-83e24da70617f3b7,train
104714,CYL #4 EXHAUST VALVE LASH IS EXCESSIVE.,"INSTALLED #31 PUSH ROD, LASH CK GOOD.",EC-c9e4e974f55a86b9,LG-c9e4e974f55a86b9,train
104715,"CYL #2, 3, 1 CHT RECEPTICLES REQUIRE REPLACEMENT.",INSTALLED NEW CHT RECEPTILES.,EC-dac00ca933e2ccc2,LG-dac00ca933e2ccc2,dev
104716,CYL #2 INTAKE ROCKER ARM REQUIRES REPLACEMENT.,REMOVED & REPLACED ARM W/ SERVICEABLE.,EC-0bda0f61bc44f132,LG-0bda0f61bc44f132,train
104717,#2 CYL NEEDS TO BE CHANGED (FAILED ).,"REMOVED BAFFLING, CYL, PISTON & ATTACHING HARDWARE.",EC-4ac25a091bdeacbd,LG-83e24da70617f3b7,train
104718,#4 CYL NEEDS TO BE CHANGED (FAILED ).,"REMOVED BAFFLING, CYL, PISTONS & ATTACHING HARDWARE.",EC-83e24da70617f3b7,LG-83e24da70617f3b7,train
104719,#1 CYL NEEDS TO BE CHANGED (FAILED ).,REMOVED #1 CYL & PISTON. INSTALLED PISTON RINGS & CYL.,EC-a745937d622fdb04,LG-83e24da70617f3b7,train
104720,#2 CYL NEEDS TO BE CHANGED (FAILED ).,INSTALLED PISTON RINGS & CYL. LUBED & TORQUED CYL BASE,EC-4ac25a091bdeacbd,LG-83e24da70617f3b7,train
104721,#3 CYL NEEDS TO BE CHANGED (FAILED ).,REMOVED #3 CYL & PISTON. INSTALLED PISTON RINGS & CYL.,EC-ef7646e36c70f7f0,LG-83e24da70617f3b7,train
104722,#4 CYL NEEDS TO BE CHANGED (FAILED ).,INSTALLED PISTON RINGS & CYL. LUBED & TORQUED CYL BASE,EC-83e24da70617f3b7,LG-83e24da70617f3b7,train
104723,#1 CYL NEEDS TO BE CHANGED (FAILED ).,"REMOVED FWD BAFFLE, MUFFLER, ALTERNATOR, INTAKE & LINES",EC-a745937d622fdb04,LG-83e24da70617f3b7,train
104724,#1 CYL NEEDS TO BE CHANGED (FAILED ).,"INSTALLED INTAKE TUBE, CHT PROBE, INTERCYL BAFFLING, BA",EC-a745937d622fdb04,LG-83e24da70617f3b7,train
104725,#2 CYL NEEDS TO BE CHANGED (FAILED ).,"INSTALLED INTAKE TUBE, CHT PROBE, INTERCYL BAFFLING, BA",EC-4ac25a091bdeacbd,LG-83e24da70617f3b7,train
104726,#3 CYL NEEDS TO BE CHANGED (FAILED ).,"REMOVED AFT BAFFLE, INTAKE LINES (OIL & FUEL) & OIL COO",EC-ef7646e36c70f7f0,LG-83e24da70617f3b7,train
104727,#3 CYL NEEDS TO BE CHANGED (FAILED ).,"INSTALLED INTAKE TUBE, BAFFLES, CHT PROBE, WIRING & INJ",EC-ef7646e36c70f7f0,LG-83e24da70617f3b7,train
104728,#4 CYL NEEDS TO BE CHANGED (FAILED ).,"INSTALLED INTAKE TUBE, CHT PROBE, WIRING, INJECTOR LINE",EC-83e24da70617f3b7,LG-83e24da70617f3b7,train
104729,AFT R/H SCREW FOR BAFFLE BY DIPSTICK LOOSE.,TIGHTENED SCREW.,EC-0f85590db7de0ec2,LG-0f85590db7de0ec2,train
104730,FWD BAFFLE SEAL WORN BY ENG INTAKE.,APPLIED SEALANT TO BAFFLE.,EC-2f021eaa92ffc0c4,LG-2f021eaa92ffc0c4,train
104731,EVIDENCE OF OIL LEAK ON PILOT SIDE OF ENGINE.,INSP & FOUND TO BE OLD OIL. CLEANED ENGINE.,EC-75b6779f8731f6f1,LG-75b6779f8731f6f1,train
104732,"#1, 3 CYL BAFFLE TENSION CABLE BROKEN.",INSTALLED NEW TENSION CABLE.,EC-cecf15ad8c781e13,LG-cecf15ad8c781e13,test
104733,#4 INTAKE GASKET LEAKING.,REMOVED & REPLACED GASKET.,EC-57acd94dcdde4ef3,LG-4285908bb8f7434c,train
104734,#3 INTAKE GASKET LEAKING.,REMOVED & REPLACED GASKET.,EC-12a267bf8b1d91a6,LG-4285908bb8f7434c,train
104735,R/H BAFFLE TIE BROKEN.,REMOVED & REPLACED BAFFLE TIE.,EC-249ecefd3bc68a47,LG-a456c10593172117,dev
104736,#3 AFT BAFFLE ATTACH FITTING CRACKED.,REMOVED & REPLACED ATTACH FITTING.,EC-70b2ee979e36b349,LG-70b2ee979e36b349,train
104737,SCROLL NEEDS TO BE CLEANED.,CLEANED SCROLL.,EC-e6649ec387cca31f,LG-e6649ec387cca31f,train
104738,L/H ENGINE BAFFLE DEFLECTOR CRACKED.,PATCHED BAFFLE.,EC-b4eae82604c725ad,LG-a34f485ad710077a,train
104739,L/H ENGINE BAFFLE CRACKED.,REMOVED & REPLACED BAFFLE.,EC-83c6548c653495e4,LG-e3b964f842fc4352,test
104740,#1 INTAKE TUBE NEEDS TO BE REPLACED.,INSTALLED INTAKE TUBE.,EC-fea89c46623ddd91,LG-fea89c46623ddd91,test
104741,#3 INTAKE TUBE NEEDS TO BE REPLACED.,INSTALLED INTAKE TUBE.,EC-155b79efcfe38e88,LG-fea89c46623ddd91,test
104742,R/H ENGINE BAFFLE DEFLECTOR CRACKED.,REPLACED BAFFLE DEFLECTOR.,EC-067b5086284b1df6,LG-a34f485ad710077a,train
104743,ENGINE NEEDS TO BE REMOVED FOR METAL FOUND IN OIL.,SEALED BAFFLES.,EC-456b8ccd10f6cf45,LG-456b8ccd10f6cf45,train
104744,ENGINE NEEDS TO BE REMOVED FOR METAL FOUND IN OIL.,REMOVED ENGINE FROM AIRFRAME.,EC-456b8ccd10f6cf45,LG-456b8ccd10f6cf45,train
104745,ENGINE NEEDS TO BE REMOVED FOR METAL FOUND IN OIL.,WASHED FUSELAGE & BAFFLES. INSTALLED SCROLL & CLEANED.,EC-456b8ccd10f6cf45,LG-456b8ccd10f6cf45,train
104746,ENGINE NEEDS TO BE REMOVED FOR METAL FOUND IN OIL.,"INSTALLED OIL COOLERS & LINES ON COOLERS, ADEL CLAMP &",EC-456b8ccd10f6cf45,LG-456b8ccd10f6cf45,train
104747,ENGINE NEEDS TO BE REMOVED FOR METAL FOUND IN OIL.,REMOVED & CLEANED BAFFLING FROM ENGINE. BEGAN TRANSFERR,EC-456b8ccd10f6cf45,LG-456b8ccd10f6cf45,train
104748,ENGINE NEEDS TO BE REMOVED FOR METAL FOUND IN OIL.,INSTALLED STARTER FROM ORIGINAL ENGINE. REMOVED & CLEAN,EC-456b8ccd10f6cf45,LG-456b8ccd10f6cf45,train
104749,ENGINE NEEDS TO BE REMOVED FOR METAL FOUND IN OIL.,REPLACED BAFFLE FELT. BEGAN INSTALLING ENGINE BAFFLING.,EC-456b8ccd10f6cf45,LG-456b8ccd10f6cf45,train
104750,ENGINE NEEDS TO BE REMOVED FOR METAL FOUND IN OIL.,INSTALLED ENGINE ON AIRFRAME. BEGAN ROUTING FUEL LINES.,EC-456b8ccd10f6cf45,LG-456b8ccd10f6cf45,train
104751,ENGINE NEEDS TO BE REMOVED FOR METAL FOUND IN OIL.,INSTALLED TOP BAFFLE & APPLIED SEALANT. INSTALLED & TOR,EC-456b8ccd10f6cf45,LG-456b8ccd10f6cf45,train
104752,ENGINE NEEDS TO BE REMOVED FOR METAL FOUND IN OIL.,COMPLETED ENGINE INSTALLATION. TOQRUED HANGER NUTS. CK',EC-456b8ccd10f6cf45,LG-456b8ccd10f6cf45,train
104753,"MANIFOLD PSI WAS HIGH IN HOVER, 26 IN. PERFORMED LOW ROTOR R",REMOVED & REPLACED ALL INTAKE GASKETS & SEALS.,EC-5e90d277e42d5456,LG-5e90d277e42d5456,dev
104754,"MANIFOLD PSI WAS HIGH IN HOVER, 26 IN. PERFORMED LOW ROTOR R","RAN A/C, CONFIRMED KNOCKING NOISE FROM PASS DOWN. FOUND",EC-5e90d277e42d5456,LG-5e90d277e42d5456,dev
104755,CYL #2 REQUIRES NEW ROCKER COVER GASKET.,REMOVED & REPLACED GASKET W/ NEW.,EC-46b438769f2cf2ec,LG-de79c17dc8af3ac6,train
104756,#1 INTAKE GASKET IS LEAKING.,REPLACED GASKET.,EC-e9b8d7340586dc23,LG-4285908bb8f7434c,train
104757,"#2, 3, 4 INTAKES LEAKING ON L/H ENGINE.",INSTALLED NEW GASKETS.,EC-58bd48a5c1d13107,LG-4285908bb8f7434c,train
104758,"#1, 2, 3 & 4 INTAKES LEAKING ON R/H ENGINE.",INSTALLED ALL NEW GASKETS.,EC-24e051f12fed81cc,LG-4285908bb8f7434c,train
104759,#3 INTAKE GASKET LEAKING.,REMOVED & REPLACED GASKET.,EC-12a267bf8b1d91a6,LG-4285908bb8f7434c,train
104760,"UPON LEANING MIXTURE ON GROUND; ENGINE QUIT. RESTARTED, SPUT","RAN A/C, WARMED ENGINE FOR 5 MINUTES. ALL CHECKS GOOD.",EC-fec01038431efd48,LG-fec01038431efd48,train
104761,#1 & 3 INTAKE GASKETS LEAKING.,INSTALLED NEW GASKETS.,EC-97fdb6629d76028c,LG-4285908bb8f7434c,train
104762,#2 & 3 INTAKE GASKETS LEAKING.,REMOVED & REPLACED GASKETS.,EC-88f45c6cdd6109b9,LG-4285908bb8f7434c,train
104763,L/H FWD ENG SEAL NEEDS RIVET.,INSTALLED NEW RIVET.,EC-85e2a841005f5591,LG-85e2a841005f5591,train
104764,#4 INTAKE GASKET LEAKING.,REMOVED & REPLACED GASKET.,EC-57acd94dcdde4ef3,LG-4285908bb8f7434c,train
104765,"FWD BLACK BAFFLE SEAL LOOSE, R/H LWR SIDE.",SECURED SEAL W/ RIVET.,EC-6f3a2b93c079768a,LG-6f3a2b93c079768a,train
104766,#2 INTAKE TUBE GASKET LEAKING.,REMOVED & REPLACED GASKET.,EC-babcfce517a6bf32,LG-4dcd0e6b51932d0b,dev
104767,#4 INTAKE LEAKING.,REMOVED & REPLACED GASKET.,EC-66d79f80174da74e,LG-10956cdabbd1e3ce,dev
104768,#4 CYLINDER COMPRESSION BELOW 40 PSI. LEAKING PAST EXHAUST.,"SERVICED ENG W/ 8 QTS MINERAL OIL. RAN A/C, OPS & LEAK",EC-ea75c996643b59e8,LG-ea75c996643b59e8,train
104769,#4 CYLINDER COMPRESSION BELOW 40 PSI. LEAKING PAST EXHAUST.,REMOVED AIR INTAKE BOX. REMOVED MUFFLER & STACKS. REMOV,EC-ea75c996643b59e8,LG-ea75c996643b59e8,train
104770,#4 CYLINDER COMPRESSION BELOW 40 PSI. LEAKING PAST EXHAUST.,INSTALLED REPAIRED CYLINDER ASSY W/ NEW BASE O-RING. TO,EC-ea75c996643b59e8,LG-ea75c996643b59e8,train
104771,#4 CYLINDER COMPRESSION BELOW 40 PSI. LEAKING PAST EXHAUST.,REMOVED & REPLACED EXHAUST PUSH ROD W/ -29 PUSH ROD. EX,EC-ea75c996643b59e8,LG-ea75c996643b59e8,train
104772,"DURING A/C RUN UP, ENGINE FAILED ON RIGHT MAGNETO. ENGINE FA","STARTED ENGINE USING NORMAL PROCEDURES. RUN UP ENGINE,",EC-8c2acc0e00706640,LG-8c2acc0e00706640,dev
104773,R/H BAFFLE PLUG REQUIRES A PATCH.,INSTALLED PATCH ON BAFFLING.,EC-6ce67063ca27dccf,LG-f4eab3409648b541,train
104774,#2 & 4 CYLINDER INTAKE GASKETS LEAKING.,REMOVED & REPLACED GASKETS.,EC-09b8121a89dc4f9a,LG-4285908bb8f7434c,train
104775,#2 CYL SIDE BAFFLE MISSING BOLT.,INSTALLED BOLT IN #2 CYL SIDE BAFFLE.,EC-c2f2356baedd95f3,LG-351880cf4c4c55c5,dev
104776,#3 ROCKER GASKET LEAKING.,REMOVED & REPLACED GASKET.,EC-5b5ed7f500d6705b,LG-608d782c2258dd59,train
104777,A/C IS BARELY CAPABLE OF A 1 FOOT HOVER @ LIMITING MANIFOLD,"INSPECTED INTAKE TUBES, GASKETS & O-RINGS, NO DEFECTS.",EC-1750223b8afa3ac4,LG-1750223b8afa3ac4,train
104778,A/C BEGAN TO LEAK LARGE QUANTITIES OF OIL OUT OF RIGHT COWLI,CLEANED A/C & ENGINE COMPARTMENT. FOUND OIL LEAKING FRO,EC-51cf5b560785a083,LG-51cf5b560785a083,train
104779,ENGINE BACK FIRED WHILE IN A HOVER.,"PERFORMED GROUND RUN, ADJUSTED IDLE & MIXTURE SETTINGS,",EC-68ee6d042c024d37,LG-68ee6d042c024d37,train
104780,ENGINE BACK FIRED WHILE IN A HOVER.,REPLACED CYL #1 INDUCTION TUBE & GASKETS. GROUND RUN RE,EC-68ee6d042c024d37,LG-68ee6d042c024d37,train
104781,#3 INTAKE TUBE GASKET LEAKING.,REMOVED & REPLACED INTAKE GASKET.,EC-fba2d9977e3db1f2,LG-4dcd0e6b51932d0b,dev
104782,BLACK SEAL WEARING AGAINST ENG INTAKE FILTER.,APPLIED BLACK RTV.,EC-ad3bf87dbd810165,LG-ad3bf87dbd810165,train
104783,#3 INTAKE LEAKING ON R/H ENGINE.,REMOVED & REPLACED GASKET.,EC-e8bee9035a1deeb3,LG-4285908bb8f7434c,train
104784,BLACK SEAL FOR FWD BAFFLE NEEDS RTV.,SEALED AREA W/ RTV.,EC-d674375a2b50e8e1,LG-d674375a2b50e8e1,train
104785,"SCREW FOR BAFFLE, BEHIND OIL DIPSTICK TUBE, LOOSE.",TIGHTENED SCREW.,EC-4d4f927e6f53cd1a,LG-7258411586fd843f,train
104786,#1 & 3 INTAKES LEAK.,"REMOVED, CLEANED & REPLACED W/ NEW INTAKE GASKETS.",EC-8e0d854088ccda3a,LG-0dcbb5ac46d05273,train
104787,#1 & 2 CYL INTAKE GASKETS LEAKING.,REMOVED & REPLACED GASKETS.,EC-565fc8817e1beee5,LG-4285908bb8f7434c,train
104788,#2 CYL ROCKER COVER GASKET LEAKING.,REMOVED & REPLACED GASKET.,EC-a8ddc92dbdb74855,LG-608d782c2258dd59,train
104789,#2 ROCKER COVER LEAKING.,REMOVED & REPLACE GASKET.,EC-c85bc86f75e7cd5b,LG-608d782c2258dd59,train
104790,"ON CLIMB, NOTICED M VOLTS DROPPED TO 26, RPM WAS CONSTANT. O","RAN A/C, COULD NOT DUPLICATE.",EC-0263373d3d5137e2,LG-0263373d3d5137e2,train
104791,#4 & 3 INTAKES LEAKING ON R/H ENGINE.,INSTALLED NEW INTAKE GASKETS.,EC-d532dcb1eadf0402,LG-4285908bb8f7434c,train
104792,"L/H ENGINE #3, 4 INTAKE GASKETS LEAKING.",REMOVED & REPLACED W/ NEW GASKETS.,EC-04b158313609eadd,LG-4285908bb8f7434c,train
104793,PATCH ON R/H UPPER BAFFLE HAS SMALL CRACK.,STOP DRILLED CRACK.,EC-b6184a0e19753073,LG-b6184a0e19753073,test
104794,"LWR ENG FWD BLACK BAFFLE SEAL, BY AIR FILTER, HAS WORN SPOTS",APPLIED 2 PART EPOXY.,EC-5fe04653b794e25f,LG-5fe04653b794e25f,test
104795,#4 CYL BAFFLE PIECE DAMAGED.,REPLACED BAFFLE SECTION.,EC-f0e637f4ad2bd334,LG-f0e637f4ad2bd334,train
104796,"HARDWARE ON BAFFLING, BY STARTER, MISSING.",REPLACED MISSING HARDWARE.,EC-030c44d2ef6409e4,LG-030c44d2ef6409e4,train
104797,#2 CYL INTAKE GASKET LEAKING.,REMOVED & REPLACED GASKET.,EC-cc41856dc2df8c7c,LG-4285908bb8f7434c,train
104798,"#1, 3 INTAKE GASKETS LEAKING.",REMOVED & REPLACED GASKETS.,EC-d2121aadd272b797,LG-4285908bb8f7434c,train
104799,"#3, 4 ROCKER COVER GASKETS LEAKING.",REMOVED & REPLACED GASKETS.,EC-013c93971d020a00,LG-608d782c2258dd59,train
104800,BAFFLE SEAL STAPLES LOOSE ON #1 CYLINDER BAFFLE SECTION.,RESECURED BAFFLE SEAL W/ POP RIVETS.,EC-0e978c40de264bd6,LG-0e978c40de264bd6,train
104801,#2-4 BAFFLE INTERCONNECT ROD BROKEN.,REMOVED & REPLACED INTERCONNECT ROD.,EC-73d5fa6ade7b45bb,LG-73d5fa6ade7b45bb,train
104802,IN TRAFFIC PATTERN HEARD TICKING/CHIRPING NOISE. ONLY OCCURE,RAN A/C AT VARIOUS POWER SETTINGS. COULD NOT DUPLICATE,EC-09f223b9d26e383a,LG-09f223b9d26e383a,train
104803,#2 INTAKE GASKET LEAKING.,REPLACED GASKET.,EC-1fec9b07493816ca,LG-4285908bb8f7434c,train
104804,L/H ENG #4 INTAKE GASKET IS LEAKING.,REPLACED GASKET.,EC-042ed1d6ce3e9196,LG-4285908bb8f7434c,train
104805,#2 CYL ROCKER COVER GASKET LEAKING ON L/H ENGINE.,REMOVED & REPLACED GASKET.,EC-608d782c2258dd59,LG-608d782c2258dd59,train
104806,"#2, 3, 4 INTAKE GASKETS LEAKING ON L/H ENGINE.",REMOVED & REPLACED W/ NEW GASKETS.,EC-0705ce65ca6154b3,LG-4285908bb8f7434c,train
104807,L/H ENG #1 CYLINDER FWD BAFFLE SEAL NEEDS TO BE SECURED.,SECURED FWD BAFFLE SEAL.,EC-e89b122957890cd2,LG-7f2bc0b62c756875,train
104808,#4 INTAKE LEAKING.,REMOVED & REPLACED GASKET.,EC-66d79f80174da74e,LG-10956cdabbd1e3ce,dev
104809,#1 ROCKER COVER LEAKING.,REMOVED & REPLACED GASKET.,EC-d7f19738c9144c80,LG-608d782c2258dd59,train
104810,#2 INTAKE GASKET LEAKING.,REMOVED & REPLACED GASKET W/ NEW.,EC-1fec9b07493816ca,LG-4285908bb8f7434c,train
104811,"L/H ENG, CYL #2 COMPRESSION 20/80; LEAKING OUT OF EXHAUST VA",LEAK CK GOOD.,EC-573e95822720eca6,LG-573e95822720eca6,test
104812,"L/H ENG, CYL #2 COMPRESSION 20/80; LEAKING OUT OF EXHAUST VA",REMOVED CYL ASSY & REPLACED W/ REPAIRED CYL ASSY. INSTA,EC-573e95822720eca6,LG-573e95822720eca6,test
104813,#3 INTAKE LEAKING ON R/H ENGINE.,REPLACED INTAKE GASKET.,EC-e8bee9035a1deeb3,LG-4285908bb8f7434c,train
104814,"2, 3 & 4 INTAKES LEAKING ON L/H ENGINE.",REMOVED & REPLACED GASKETS.,EC-1f7ad8f21b7dfd4c,LG-4285908bb8f7434c,train
104815,BRACKET SUPPORT FOR ENG OIL COOLER BAFFLE CRACKED.,REPLACED BRACKET MADE OUT OF STAINLESS STEEL.,EC-6b5d8ba5527b4bdf,LG-f75009810d9b26d4,dev
104816,LEFT FRONT BAFFLING HAS A CRACK.,STOP DRILLED CRACK.,EC-e2c8f8ea89de3ee4,LG-e2c8f8ea89de3ee4,train
104817,CYL #4 AFT BAFFLE IS CRACKED.,STOP DRILLED.,EC-12425f05cf5380e9,LG-e3b964f842fc4352,test
104818,L/H SIIDE OF ENGINE CASE PLUG LEAKING OIL.,OPS & LEAK CK GOOD.,EC-eaa4c696fe0b8124,LG-eaa4c696fe0b8124,train
104819,L/H SIIDE OF ENGINE CASE PLUG LEAKING OIL.,"REMOVED PLUG, CLEANED THREAD. APPLIED NEW SEALANT & REI",EC-eaa4c696fe0b8124,LG-eaa4c696fe0b8124,train
104820,#2 INTAKE GASKET LEAKING.,REPLACED GASKET.,EC-1fec9b07493816ca,LG-4285908bb8f7434c,train
104821,#2 INTAKE IS LEAKING.,INSTALLED NEW GASKET.,EC-8ec828272e86c6c2,LG-10956cdabbd1e3ce,dev
104822,"#1-3 BAFFLE TIE WIRE LOOSE, RUBBING #1 DRAIN TUBE.","INSTALLED NEW TIE WIRE, INSPECTED OIL DRAIN TUBE - NO D",EC-0fb5335d64364b5f,LG-0fb5335d64364b5f,dev
104823,"DURING FLIGHT, RPM EXCEEDED 2700 FOR A FEW SECONDS.",DOWNLOADED FLIGHT DATA. FOUND OVERSPEED TO BE MOMENTARY,EC-51f107c70ff664ad,LG-51f107c70ff664ad,train
104824,#2 & 4 INTAKE GASKETS LEAKING.,REMOVED & REPLACED GASKETS.,EC-f4c90d93e910c1fa,LG-4285908bb8f7434c,train
104825,"ENGINE STARTED & IDLED NORMALLY FOR ABOUT 2 MINUTES, THEN SU","PERFORMED GROUND RUN, NO DEFECTS NOTED. OPS GOOD.",EC-304bf4e68d3fcfac,LG-304bf4e68d3fcfac,train
104826,"ENGINE STARTED & IDLED NORMALLY FOR ABOUT 2 MINUTES, THEN SU",INSPECTED A/C ENGINE. CLEANED BOTH SNIFFLER VALVES. REM,EC-304bf4e68d3fcfac,LG-304bf4e68d3fcfac,train
104827,R/H ENGINE TOP BACK BONE SEEPING OIL.,RETORQUED TOP BACK BOLTS.,EC-3768d1e48da084d2,LG-4b2d71c4187cc190,train
104828,"#3, 4 INTAKE GASKETS LEAKING ON R/H ENGINE.",INSTALLED NEW GASKETS.,EC-6bbd5761411368d5,LG-4285908bb8f7434c,train
104829,R/H ENGINE TOP BACK BONE SEEPING OIL.,"PERFORMED GROUND RUN, LEAK CK'ED GOOD.",EC-3768d1e48da084d2,LG-4b2d71c4187cc190,train
104830,#3 CYL FWD BAFFLE PLUG MISSING.,INSTALLED NEW PLUG.,EC-915466fe4d87123b,LG-915466fe4d87123b,train
104831,"DURING RUN UP MAG CK; RPM DROPPED NORMALLY, BUT WOULD RISE &","RAN A/C, OPS CK GOOD. COULD NOT DUPLICATE DISPCREPANCY.",EC-9bc79baa9362cebf,LG-9bc79baa9362cebf,train
104832,L/H ENGINE #3 ROCKER COVER LEAKING.,REPLACED GASKET.,EC-21d328803a9ed857,LG-608d782c2258dd59,train
104833,R/H ENGINE #3 ROCKER COVER LEAKING.,REPLACED GASKET.,EC-b1c2f1d621dd5729,LG-608d782c2258dd59,train
104834,R/H ENGINE I/B BAFFLE TIE BROKEN.,REMOVED & REPLACED BAFFLE TIE.,EC-d857e16b4e1b9c0f,LG-d857e16b4e1b9c0f,dev
104835,PILOT REQUESTED START ASSIST.,STARTED A/C.,EC-1be4d641d546f0a6,LG-1be4d641d546f0a6,train
104836,#4 INTAKE IS LEAKING.,REMOVED & REPLACED W/ NEW GASKET.,EC-03758ee4b47de086,LG-10956cdabbd1e3ce,dev
104837,"R/H BAFFLE SPRING BROKEN, BAFFLE CHAFING ON #3 OIL RETURN LI",INSPECTED & FOUND TO BE OK FOR SERVICE.,EC-066eb40b1bbb5d98,LG-066eb40b1bbb5d98,dev
104838,#1 & 2 INTAKE GASKETS LEAKING.,REMOVED & REPLACED W/ NEW GASKETS.,EC-299e439596394371,LG-4285908bb8f7434c,train
104839,R/H ENG #4 INTAKE GASKET LEAKING.,REMOVED & REPLACED GASKET.,EC-ac4b8f77dfdaf87b,LG-4285908bb8f7434c,train
104840,"L/H ENG #2, 1 INTAKE GASKETS LEAKING.",REMOVED & REPLACED INTAKE GASKETS.,EC-24534594e2994848,LG-4285908bb8f7434c,train
104841,#1 & 4 INTAKES LEAKING.,REPLACED GASKETS.,EC-bec29ba56bf692b8,LG-26ffbcbee302311b,test
104842,PILOT REQUIRES START ASSIST.,STARTED A/C.,EC-c27703bd16006732,LG-c27703bd16006732,dev
104843,PILOT REQUIRES START ASSIST.,STARTED A/C.,EC-c27703bd16006732,LG-c27703bd16006732,dev
104844,PILOT REQUESTS IDLE ADJUSTMENT.,ADJUSTED IDLE SPEED.,EC-6f112b5ad26575b8,LG-6f112b5ad26575b8,train
104845,LOWER OIL COOLER LINE RESTING ON ACCESSORY PLATE STUD.,REPOSITIONED LOWER OIL COOLER LINE.,EC-442758232ea48b5b,LG-442758232ea48b5b,train
104846,#3 & 4 CYL ROCKER COVERS LEAKING.,REMOVED & REPLACED GASKETS.,EC-f014baf6010bade2,LG-608d782c2258dd59,train
104847,SCREW MISSING ON #2 CYL BAFFLE & STAND OFF.,INSTALLED SCREW & WASHER.,EC-b02a2d4f388bad03,LG-b02a2d4f388bad03,dev
104848,OIL COOLER LOWER FITTING IS LOOSE.,LEAK CK GOOD.,EC-df5b9850d04ccb96,LG-df5b9850d04ccb96,train
104849,R/H FWD BAFFLE SEAL LOOSE.,RESECURED BAFFLE SEAL.,EC-e1edc567da15df26,LG-550468c14295fbc3,test
104850,OIL COOLER LOWER FITTING IS LOOSE.,TIGHTENED FITTING.,EC-df5b9850d04ccb96,LG-df5b9850d04ccb96,train
104851,#2 INTAKE GASKET LEAKING.,REMOVED & REPLACED GASKET W/ NEW.,EC-1fec9b07493816ca,LG-4285908bb8f7434c,train
104852,LOWER OIL COOLER OIL LINE NEEDS TO BE REPOSITIONED.,LEAK CK GOOD.,EC-55c073a9b4c77e3c,LG-5756cc3c08e7f7f9,train
104853,LOWER OIL COOLER OIL LINE NEEDS TO BE REPOSITIONED.,REPOSITIONED LINE.,EC-55c073a9b4c77e3c,LG-5756cc3c08e7f7f9,train
104854,#2 & 4 CYL I/B BAFFLE WIRE IS OUTSIDE INNER CYL BAFFLE.,REPOSITIONED WIRE.,EC-d5a4abb3c94d538f,LG-d5a4abb3c94d538f,dev
104855,#4 INTAKE LEAKING.,REMOVED & REPLACED GASKET.,EC-66d79f80174da74e,LG-10956cdabbd1e3ce,dev
104856,MX FLIGHT REQUIRED FOR M/R LEAK.,COMPLETED REMOVAL OF ENGINE FROM A/C. BEGAN DISCONNECTI,EC-4f9b0a0c0e78d2d8,LG-4f9b0a0c0e78d2d8,train
104857,MX FLIGHT REQUIRED FOR M/R LEAK.,INSTALLED & CONNECTED ENGINE IAW,EC-4f9b0a0c0e78d2d8,LG-4f9b0a0c0e78d2d8,train
104858,"#2, 4 INTAKE GASKETS LEAKING.",REMOVED & REPLACED GASKETS.,EC-0d9e263079f23aaa,LG-4285908bb8f7434c,train
104859,FRONT BLACK SEAL FOR ENG COWL NEEDS RTV FOR WORN SPOTS.,RTV APPLIED WHERE NEEDED.,EC-0ab572b66707aefe,LG-0ab572b66707aefe,dev
104860,"CHT GAUGE DROPS TO ZERO, MOVES ERRATICALLY W/IN GREEN BAND &","REMOVED & REPLACED CHT PROBE. GROUND RAN A/C, OPS CK GO",EC-068dce143c2f9c23,LG-068dce143c2f9c23,train
104861,RIVET PULLED THROUGH ON #4 CYLINDER BAFFLE SEAL.,INSTALLED NEW POP RIVET IN SEAL.,EC-d97756432395263d,LG-d97756432395263d,dev
104862,BAFFLE SEAL SECTION BY AIR FILTER NEEDS REPAIR.,REPAIRED SEAL SECTION W/ SILICONE & NEW POP RIVETS.,EC-af710932abb2cf97,LG-af710932abb2cf97,train
104863,#1 CYL INTAKE LEAKS.,REPLACED GASKET.,EC-cd80f60797ab0e60,LG-0e48eb423d7a05e3,test
104864,"SCREW, BEHIND OIL DIPSTICK FOR BAFFLE, LOOSE.",TIGHTENED SCREW.,EC-7327e87130b6053d,LG-7327e87130b6053d,test
104865,FRONT SEAL LOOSE & HAS WORN SPOTS (BAFFLE SEAL).,SECURED SEAL & PUT RTV AT WORN SPOTS.,EC-82c222b63220819f,LG-82c222b63220819f,test
104866,"#3, 4 INTAKE GASKETS LEAKING.",REMOVED & REPLACED W/ NEW GASKETS.,EC-ecd255bad2d36acd,LG-4285908bb8f7434c,train
104867,BAFFLE BRACKET CRACKED ON #3 CYLINDER.,REMOVED BAFFLE SECTION & OIL PRESSURE LINE. REPLACED BR,EC-bd573c85e913fb3c,LG-bd573c85e913fb3c,train
104868,#2 CYLINDER HAS LOW COMPRESSION (58/80).,RAN UP A/C TO OPERATING TEMPERATURE & RECHECKED COMPRES,EC-7fb2083180057386,LG-8c6263d2e88c269f,test
104869,SCREW MISSING FROM R/H AFT BAFFLE.,INSTALLED NEW SCREW.,EC-c661ecb16688d86e,LG-ac09d330d3a5d8db,dev
104870,#3 CYL INTAKE GASKET LEAKING.,REMOVED & REPLACED W/ NEW INTAKE GASKET.,EC-df87c56f28c70528,LG-4285908bb8f7434c,train
104871,#3 & 4 INTAKES LEAKING.,REMOVED & REPLACED INTAKE GASKETS.,EC-2daf2ac0cbc5b82a,LG-26ffbcbee302311b,test
104872,BAFFLE BY STARTER WORN THROUGH & CRACKED.,REMOVED L/H FWD BAFFLE & FABRICATED PATCH FROM LIKE MAT,EC-c93ac2ae87ce6b5a,LG-c93ac2ae87ce6b5a,train
104873,#2 ROCKER COVER GASKET LEAKING.,REMOVED & REPLACED GASKET.,EC-8828e17d0b33db57,LG-608d782c2258dd59,train
104874,#2 INTAKE IS LEAKING.,REMOVED & REPLACED GASKET.,EC-8ec828272e86c6c2,LG-10956cdabbd1e3ce,dev
104875,#3 INTAKE GASKET LEAKING.,REMOVED & REPLACED W/ NEW GASKET.,EC-12a267bf8b1d91a6,LG-4285908bb8f7434c,train
104876,SCREW MISSING ON #1 CYLINDER BAFFLE SECTION.,REPLACED W/ NEW SCREW.,EC-a29e912b87d536cd,LG-a29e912b87d536cd,train
104877,#3 ROCKER GASKET IS LEAKING.,REMOVED & REPLACED W/ NEW SILICONE GASKET.,EC-cbe25f87b331073d,LG-608d782c2258dd59,train
104878,OIL COOLER BOLT REMOVED,REINSTALLED BOLT,EC-c4beafd64360d0ee,LG-c4beafd64360d0ee,train
104879,L/H ENG I/B FWD BAFFLE SCREW LOOSE.,REMOVED COWLING TO ACCESS SCREW. TIGHTENED SCREW. INSTA,EC-931d0ca749d53f38,LG-550468c14295fbc3,test
104880,L/H ENG OIL COOLER BAFFLE CORNER NEEDS TO BE INSP. REMOVE FO,COMPLETED INSTALLATION OF BAFFLE.,EC-9126d59a4ee78be9,LG-9126d59a4ee78be9,train
104881,BAFFLE SEAL ON RIGHT FRONT CYLINDER NEEDS TO BE REPLACED.,REPLACED W/ NEW BAFFLE SEAL. SECURED W/ POP RIVETS.,EC-57e46319674a03a7,LG-1fcfbc1d7e0b355d,dev
104882,L/H #3 & 4 INTAKE GASKETS LEAKING.,REMOVED & REPLACED GASKETS.,EC-031031bdd99a7f79,LG-4285908bb8f7434c,train
104883,ENGINE INTAKE BOOT TORN.,REPLACED BOOT.,EC-2167159cf9ba9044,LG-cb10f70bfc360643,train
104884,#4 CYL INTAKE GASKET LEAKING.,REMOVED & REPLACED GASKET.,EC-ea3b3d6613e6a454,LG-4285908bb8f7434c,train
104885,"#2, 4 INTAKE GASKETS ARE LEAKING.",REMOVED & REPLACED GASKETS.,EC-7c8af3aaa768b3ff,LG-4285908bb8f7434c,train
104886,ENGINE SHAKING & ROUGHNESS ON START UP.,COMPLETED REASSEMBLY OF ENGINE. SERVICED ENGINE W/ MINE,EC-d76cd27641cce1c0,LG-d76cd27641cce1c0,train
104887,#2 & 4 INTAKES LEAKING.,REPLACED GASKETS.,EC-4b6fcdaabbc0244e,LG-26ffbcbee302311b,test
104888,#3 CYLINDER HAS LOW COMPRESSION.,FOR CYLINDER REPLACEMENT.,EC-ab188834b017cf54,LG-c3aa26ca83c3ba37,test
104889,BAFFLE PLUGS WORN.,REMOVED & REPLACED BAFFLE PLUGS.,EC-046718097e775a4a,LG-d1ae1963cf7de664,dev
104890,R/H BAFFLE PLUG HOLE NEEDS DOUBLER.,INSTALLED DOUBLER.,EC-ff25cc18d958ae7c,LG-ff25cc18d958ae7c,train
104891,#4 CYLINDER OIL DRAIN LINE CLAMPS LOOSE.,TIGHTENED CLAMPS.,EC-518ed02411882605,LG-518ed02411882605,train
104892,#2 CYLINDER INTAKE GASKET LEAKING.,REMOVED & REPLACED GASKET.,EC-cc41856dc2df8c7c,LG-4285908bb8f7434c,train
104893,CYL #3 COMPRESSION 18/80.,BEGAN DISASSEMBLY OF ACCESSORIES TO FACILITATE CYLINDER,EC-e234bfff8d2bca95,LG-e234bfff8d2bca95,train
104894,CYL #3 COMPRESSION 18/80.,INSTALLED & TORQUED NEW CYL ASSY. DRY LASH CK GOOD. INS,EC-e234bfff8d2bca95,LG-e234bfff8d2bca95,train
104895,CYL #3 COMPRESSION 18/80.,"COMPLETED INSTALLATION OF ACCESSORIES, SERVICED SUMP W/",EC-e234bfff8d2bca95,LG-e234bfff8d2bca95,train
104896,TOP OIL COOLER HOSE KINKED & NOT SECURED.,UNKINKED & SECURED HOSE.,EC-4a50cd09626a5687,LG-4a50cd09626a5687,train
104897,L/H ENG #1 & 3 CYL BAFFLE ROD LOOSE.,TIGHTENED TIE ROD NUT.,EC-3b8442e551e116f9,LG-3b8442e551e116f9,test
104898,#3 CYL BAFFLE SCREW LOOSE.,TIGHTENED SCREW.,EC-7cf3c2c0dcec4d95,LG-6bb5b0d3262bc63e,dev
104899,LEFT BAFFLE LOOSE (#2 CYL BAFFLE SEAL).,REATTACHED BAFFLE SEAL.,EC-38c764552f284463,LG-38c764552f284463,train
104900,#3 INTAKE LEAKING.,REMOVED & REPLACED INTAKE GASKET.,EC-6f9c95f514a1077a,LG-10956cdabbd1e3ce,dev
104901,"R/H ENG #2, 4 INTAKE GASKETS LEAKING.",REPLACED INTAKE GASKETS.,EC-30f2d423846888a1,LG-4285908bb8f7434c,train
104902,#3 INTAKE GASKET LEAKING.,REMOVED & REPLACED GASKET.,EC-12a267bf8b1d91a6,LG-4285908bb8f7434c,train
104903,BAFFLE PLUG IS BROKEN.,REMOVED & REPLACED BAFFLE PLUG.,EC-2cda775408d92b69,LG-4f4b2505bd6b2b3d,train
104904,RIGHT ENGINE BAFFLE SEAL LOOSE ON BOTTOM CORNER.,INSTALLED NEW SEAL IN BOTTOM CORNER.,EC-a309303ea3e809b5,LG-a309303ea3e809b5,train
104905,"ANGLE BROKEN, L/H LOWER COWL O/B, NEAR FWD LATCH/PIN HOLE.",REPLACED BRACKET W/ PART MADE OF LIKE MATERIAL.,EC-a0ff69c66196ab00,LG-a0ff69c66196ab00,train
104906,#2 & 3 ROCKER COVER GASKETS LEAKING.,REMOVED & REPLACED GASKETS.,EC-2f07e0763eee3746,LG-608d782c2258dd59,train
104907,STARTED ENGINE & IT RAN WELL FOR ABOUT 30 SECONDS BEFORE LOS,REMOVED ENGINE BAFFLES TO FACILITATE PERFORMING OF LYCO,EC-0ddbaa8c4e8b38de,LG-0ddbaa8c4e8b38de,test
104908,STARTED ENGINE & IT RAN WELL FOR ABOUT 30 SECONDS BEFORE LOS,"STARTED A/C, ENGINE RAN SMOOTH FOR 20 SECONDS & THEN BE",EC-0ddbaa8c4e8b38de,LG-0ddbaa8c4e8b38de,test
104909,STARTED ENGINE & IT RAN WELL FOR ABOUT 30 SECONDS BEFORE LOS,COMPLETED INSTALLATION OF BAFFLES. RAN UP A/C. OPS & LE,EC-0ddbaa8c4e8b38de,LG-0ddbaa8c4e8b38de,test
104910,STARTED ENGINE & IT RAN WELL FOR ABOUT 30 SECONDS BEFORE LOS,PERFORMED  ON CYL #4. INSTALLED ALL ROCKER COVER,EC-0ddbaa8c4e8b38de,LG-0ddbaa8c4e8b38de,test
104911,#3 AFT BAFFLE SCREW IS LOOSE.,TIGHTENED LOOSE SCREW.,EC-8687488858db83d0,LG-6bb5b0d3262bc63e,dev
104912,L/H ENGINE BAFFLE ACCESS HOLE ELONGATED.,INSTALLED DOUBLER PATCH IAW  SE SRM.,EC-8dc02ff53a858bea,LG-8dc02ff53a858bea,train
104913,#2 & 4 ROCKER COVER LEAKING.,REMOVED & REPLACED GASKETS.,EC-2f30d516ab5a6e5e,LG-608d782c2258dd59,train
104914,PROP COULD USE A DRESSING; ROUGH ON EDGES.  CHT #4 GREATER T,"DRESSED PROP.  RAN A/C, COULD NOT DUPLICATE CHT DISCREP",EC-508932b3932d54a3,LG-508932b3932d54a3,train
104915,#2 INTAKE GASKET LEAKING.,REMOVED & REPLACED GASKET.,EC-1fec9b07493816ca,LG-4285908bb8f7434c,train
104916,#2 INTAKE LEAKING.,REPLACED GASKET.,EC-9e293c9950113443,LG-10956cdabbd1e3ce,dev
104917,"#2, 4 ROCKER COVER GASKETS LEAKING.",REPLACED #2 GASKET.,EC-a375a9522e708189,LG-608d782c2258dd59,train
104918,"#2, 4 ROCKER COVER GASKETS LEAKING.",REPLACED #4 GASKET.,EC-a375a9522e708189,LG-608d782c2258dd59,train
104919,"#2, 3 INTAKE GASKETS LEAKING.",REMOVED & REPLACED GASKETS.,EC-e44b9558ab8ba20b,LG-4285908bb8f7434c,train
104920,R/H #3 INTAKE GASKET LEAKING.,REMOVED & REPLACED GASKET.,EC-0c475acd76e39ced,LG-4285908bb8f7434c,train
104921,#1 INTAKE IS LEAKING.,REMOVED & REPLACED GASKET.,EC-15bf6e31a0b605cd,LG-10956cdabbd1e3ce,dev
104922,PROP OVERSPEED 2720 FOR 1 SECOND.,"REMOVED FDM CARD, RESEARCHED DATA, FOUND OVERSPEED TO B",EC-6d044fe1ebc3fdbf,LG-5ee3811c9390c869,train
104923,#3 CYL CHT >200*F WARMER THAN OTHER CYLINDERS.,"RAN A/C, COULD NOT DUPLICATE DISCREP. ALL CHT TEMPS IN",EC-1abafa81fedd806e,LG-1abafa81fedd806e,train
104924,#1 INTAKE TUBE GASKET LEAKING.,INSTALLED NEW GASKET.,EC-a78e41df9cf72eb1,LG-4dcd0e6b51932d0b,dev
104925,#3 ENGINE BAFFLE MOUNTING SCREW LOOSE.,TIGHTENED SCREW.,EC-36c7be43c2465f38,LG-b1f33e2c59b03e11,train
104926,R/H BAFFLE PLUG IS MISSING.,INSTALLED BAFFLE PLUG,EC-83f26ff0d996682c,LG-9410f0626a11b72a,train
104927,R/H BAFFLE PLUG NEEDS PATCH.,INSTALLED BAFFLE PATCH W/ RIVETS.,EC-08a8b5b71ff44436,LG-08a8b5b71ff44436,train
104928,FWD ENG BLACK SEAL WORN AT ENG INDUCTION.,APPLIED SILICONE.,EC-8677281077351aa1,LG-8677281077351aa1,test
104929,#3 & 4 INTAKE GASKETS ARE LEAKING.,REPLACED GASKETS.,EC-472b5996c0c6ce72,LG-4285908bb8f7434c,train
104930,SIDE BAFFLE PLUG HOLES ARE WORN OUT.,INSTALLED RIVETED PATCHES AROUND HOLES.,EC-5d3d76e26a4e37cf,LG-5d3d76e26a4e37cf,train
104931,#3 INTAKE GASKET LEAKING.,REMOVED & REPLACED GASKET.,EC-12a267bf8b1d91a6,LG-4285908bb8f7434c,train
104932,#3 AFT BAFFLE BRACKET IS CRACKED.,REMOVED & REPLACED BAFFLE BRACKET.,EC-1ccf54e6ae6c785e,LG-1ccf54e6ae6c785e,train
104933,L/H ENG #4 INTAKE LEAKING.,REMOVED & REPLACED GASKET.,EC-8b51057e7821329a,LG-4285908bb8f7434c,train
104934,BAFFLE SCREW MISSING ON #2 CYL BAFFLE SECTION.,INSTALLED SCREW.,EC-b89082967407120b,LG-a29e912b87d536cd,train
104935,AT LEAST 3 INSTANCES THROUGHOUT FLIGHT; THE ENGINE VIBRATED,"RAN A/C, COULD NOT DUPLICATE. REMVED COWL & CK'ED COMPR",EC-c0503d817b3a195b,LG-c0503d817b3a195b,train
104936,AT LEAST 3 INSTANCES THROUGHOUT FLIGHT; THE ENGINE VIBRATED,"RAN ENGINE AGAIN, OPS CK GOOD. MX FLIGHT TO BE PERFORME",EC-c0503d817b3a195b,LG-c0503d817b3a195b,train
104937,ENGINE STARTED FINE & RAN AT 1000 RPM. WENT TO LEAN ENGINE &,PERFORMED SEASONAL ADJUSTMENT OF IDLE SPEED & MIXTURE.,EC-3889317ac303d724,LG-3889317ac303d724,dev
104938,#3 INTAKE LEAKING.,REMOVED & REPLACED GASKET.,EC-6f9c95f514a1077a,LG-10956cdabbd1e3ce,dev
104939,#2 & 3 ROCKER COVER GASKETS NEED TO BE REPLACED.,REMOVED & REPLACED GASKETS.,EC-6c2d6af60592d9c6,LG-8c4919d86d45cee2,train
104940,#3 INTAKE LEAKING ON R/H ENGINE.,REMOVED & REPLACED GASKET.,EC-e8bee9035a1deeb3,LG-4285908bb8f7434c,train
104941,"#2, 3 & 4 INTAKES LEAKING ON L/H ENGINE.",REMOVED & REPLACED GASKETS.,EC-e5eb9bd7562e3309,LG-4285908bb8f7434c,train
104942,#2 ROCKER COVER LEAKING.,REMOVED & REPLACED GASKET.,EC-c85bc86f75e7cd5b,LG-608d782c2258dd59,train
104943,#3 INTAKE LEAKING ON R/H ENGINE.,REMOVED & REPLACED GASKET.,EC-e8bee9035a1deeb3,LG-4285908bb8f7434c,train
104944,INTAKE 2 & 3 LEAKING ON L/H ENGINE.,REMOVED & REPLACED GASKETS.,EC-71bc4ccbfe0a8892,LG-4285908bb8f7434c,train
104945,R/H REAR ENGINE BAFFLE SCREW MISSING.,INSTALLED NEW SCREW.,EC-00c3779a82bb5065,LG-ac09d330d3a5d8db,dev
104946,#3 CYL ROCKER COVER EGT STAND OFF BROKEN.,REMOVED & REPLACED STAND OFF.,EC-36b82440066c50b9,LG-36b82440066c50b9,train
104947,R/H ENG #3 INTAKE GASKET LEAKING.,REMOVED & REPLACED GASKET.,EC-ead7ef920140d485,LG-4285908bb8f7434c,train
104948,#3 UPPER BAFFLE SEAL MISSING ON R/H ENGINE.,REPLACED BAFFLE SEAL.,EC-074381d0a0a67389,LG-074381d0a0a67389,train
104949,LOOSE SCREW ON FWD OIL COOLER SHROUD.,TIGHTENED SCREW.,EC-2f4ce338fbde074d,LG-2f4ce338fbde074d,test
104950,"#2, 4 INTERCYLINDER BAFFLE CRACKED.",STOP DRILLED CRACK.,EC-75996128a56a7f6f,LG-a9e8c0efb29fe553,train
104951,L/H BAFFLE PLUG DAMAGED.,REPLACED BAFFLE PLUG.,EC-223f7444f6196f6e,LG-a35b550497c9ab15,test
104952,#4 INTAKE OIL LEAK.,INSPECTED & FOUND OIL LEAK TO BE RESIDUAL. CLEANED AREA,EC-e5db554df03402ce,LG-e5db554df03402ce,train
104953,#3 INTAKE LEAKING.,REMOVED & REPLACED INTAKE GASKET.,EC-6f9c95f514a1077a,LG-10956cdabbd1e3ce,dev
104954,"#1, 2, 3 ROCKER COVERS LEAKING.",REMOVED & REPLACED GASKETS.,EC-1beb98143bc04d92,LG-608d782c2258dd59,train
104955,THROTTLE LOOSE AT DASH.,TIGHTENED BACKING NUT.,EC-914ff1642223b49c,LG-914ff1642223b49c,train
104956,GROUNDING AREA FOR NEW ENG NEEDS PAINT REMOVED.,"CLEANED PAINT AWAY, BOTH SIDES OF AREA.",EC-a3962c4296d12ac2,LG-a3962c4296d12ac2,train
104957,FWD L/H ENG BAFFLE NEEDS SMALL PATCH OVER LARGE CRACK & STOP,INSTALLED PATCH OVER AREA - LIKE MATERIAL SRM CH 51-71-,EC-a9623c335e980a66,LG-a9623c335e980a66,dev
104958,ENGINE CHIP DETECTORS ARE REMOVED & WAITING FOR O-RINGS.,RECEIVED O-RINGS. REINSTALLED CHIP PLUGS & SAFETIED.,EC-c81bcf622790222b,LG-c81bcf622790222b,train
104959,DURING AUTO RECOVERY ENGINE RPM GOT TO 3500.,CHANGED OIL & FILTER.,EC-5439112bf8509e2b,LG-5439112bf8509e2b,test
104960,#3 ROCKER COVER GASKET LEAKS.,REMOVED & REPLACED #3 ROCKER COVER GASKET. LEAK CK GOOD,EC-8e7837d38892cf41,LG-a95a51a28f245627,test
104961,DURING AUTO RECOVERY ENGINE RPM GOT TO 3500.,REVIEWED  - DETERMINED TO BE 8% OVERSPEED. BEGAN,EC-5439112bf8509e2b,LG-5439112bf8509e2b,test
104962,DURING AUTO RECOVERY ENGINE RPM GOT TO 3500.,REMOVED EXHAUST & PERFORMED  TO CYL #1 & COMPLET,EC-5439112bf8509e2b,LG-5439112bf8509e2b,test
104963,DURING AUTO RECOVERY ENGINE RPM GOT TO 3500.,"REMOVED ROCKER COVERS, #2 & 4 SIDE BAFFLES. PERFORMED S",EC-5439112bf8509e2b,LG-5439112bf8509e2b,test
104964,DURING AUTO RECOVERY ENGINE RPM GOT TO 3500.,"INSTALLED L/H & R/H SIDE BAFFLES, ROCKER COVERS, CLAMPS",EC-5439112bf8509e2b,LG-5439112bf8509e2b,test
104965,#2 INTAKE LEAKING.,REPLACED GASKET.,EC-9e293c9950113443,LG-10956cdabbd1e3ce,dev
104966,R/H REAR ENGINE BAFFLE MOUNT LOOSE.,RESECURED ENGINE BAFFLE MOUNT.,EC-202e61ddc1deee05,LG-fb9e5102af11d7a0,train
104967,#2 INTAKE GASKET LEAKING.,REMOVED & REPLACED GASKET.,EC-1fec9b07493816ca,LG-4285908bb8f7434c,train
104968,#1 ROCKER COVER GASKET LEAKING.,REMOVED & REPLACED GASKET.,EC-3466c922bf8446a2,LG-608d782c2258dd59,train
104969,SNIFFLER VALVES NEED TO BE CLEANED.,CLEANED VALVES.,EC-406a1eb72ba6dd69,LG-e6bbdb1b991ceb40,train
104970,FWD ENG BLACK SEAL NEEDS RTV WHERE INTAKE HITS IT.,INSTALLED RTV IN WORN AREAS.,EC-56fd2ae0f969f3a0,LG-56fd2ae0f969f3a0,train
104971,PAINT WAS NOT REMVOED AROUND ENG GROUNDING POINT.,REMOVED PAINT & INSTALLED GRD WIRE.,EC-e39246a28c36bdf0,LG-e39246a28c36bdf0,dev
104972,BAFFLE SCREW BY OIL DIPSTICK MISSING.,"REMOVED DIPSTICK TUBE, INSTALLED NEW SCREW, INSTALLED T",EC-15febe89598b48b9,LG-15febe89598b48b9,train
104973,BOTH BAFFLE PLUGS WORN (ENG).,REMOVED & REPLACED BOTH BAFFLE PLUGS.,EC-80222969064342d0,LG-80222969064342d0,train
104974,R/H BAFFLE TIE BROKEN.,INSTALLED NEW BAFFLE TIE.,EC-249ecefd3bc68a47,LG-a456c10593172117,dev
104975,#2 & 4 INTAKE GASKETS ARE LEAKING.,REPLACED GASKETS.,EC-38ad91ee1b47eadf,LG-4285908bb8f7434c,train
104976,L/H ENG CENTER CASE BOLT LEAKING OIL.,LEAK CK GOOD.,EC-b57e67b429626ffd,LG-b57e67b429626ffd,test
104977,R/H ENG #3 CYL HAS LOW COMPRESSION (16/80).,OPS & LEAK CK GOOD.,EC-5a13bf07dcb8d0c8,LG-5a13bf07dcb8d0c8,train
104978,L/H ENG CENTER CASE BOLT LEAKING OIL.,"REMOVED BOLT, CLEANED CASE, INSTALLED, TORQUED & SEALED",EC-b57e67b429626ffd,LG-b57e67b429626ffd,test
104979,R/H ENG #3 CYL HAS LOW COMPRESSION (16/80).,REMOVED & REPLACED CYL & PISTON W/ NEW IAW LYCOMING DIR,EC-5a13bf07dcb8d0c8,LG-5a13bf07dcb8d0c8,train
104980,RPM WENT TO RED.,"REMOVED FDM CARD, FOUND TO BE LESS THAN 5%. NO DEFECTS",EC-a5e13820fddfa51f,LG-a5e13820fddfa51f,train
104981,"THROTTLE IDLE, ENGINE SHUT DOWN.","PERFORMED GROUND RUN, COULD NOT DUPLICATE. OPS GOOD.",EC-d0be6b7238fe4292,LG-d0be6b7238fe4292,train
104982,#3 INTAKE TUBE GASKET LEAKING.,INSTALLED NEW INTAKE GASKET.,EC-fba2d9977e3db1f2,LG-4dcd0e6b51932d0b,dev
104983,HARDWARE MISSING @ #3 BAFFLE.,INSTALLED NEW HARDWARE.,EC-ab9292aeac294999,LG-c4711c42c3146697,train
104984,#4 INTAKE GASKET LEAKS.,REMOVED & REPLACED GASKET.,EC-c6bddbe61e65b1cb,LG-0e48eb423d7a05e3,test
104985,#2 & 4 INTAKE GASKETS LEAKING.,REPLACED GASKETS.,EC-f4c90d93e910c1fa,LG-4285908bb8f7434c,train
104986,#2 INTAKE IS LEAKING.,INSTALLED NEW GASKET.,EC-8ec828272e86c6c2,LG-10956cdabbd1e3ce,dev
104987,"INTAKES 2, 3 & 4 LEAKING ON L/H ENGINE.",REMOVED & REPLACED GASKETS.,EC-f4c4e83928513c1e,LG-4285908bb8f7434c,train
104988,#4 & 3 INTAKE LEAKING ON R/H ENGINE.,REMOVED & REPLACED INTAKE GASKETS.,EC-edc506d364cbe233,LG-4285908bb8f7434c,train
104989,CRACK ON BOTTOM O/B CORNER OF AFT BAFFLE @ L/H OIL COOLER.,STOP DRILLED CRACK.,EC-8f4f7c2762c7385e,LG-8f4f7c2762c7385e,train
104990,BRACKET BROKEN FOR #4 BAFFLE.,FABRICATED NEW BRACKET FOR #4 BAFFLE.,EC-d7e6d31ef2573022,LG-d7e6d31ef2573022,train
104991,CLIP FOR OIL BAFFLE COOLER BRACKET WORN.,FABRICATED CLIP & INSTALLED.,EC-ba6f73abdb8b8e0c,LG-ba6f73abdb8b8e0c,train
104992,#1 INTAKE GASKET LEAKING.,INSTALLED NEW GASKET.,EC-66c69e07864cfa3c,LG-4285908bb8f7434c,train
104993,#4 INTAKE LEAKING ON L/H ENGINE.,REPLACED INTAKE GASKET.,EC-3fd1e88fe4572cdd,LG-4285908bb8f7434c,train
104994,#1 & 3 INTAKES LEAKING ON R/H ENGINE.,REPLACED INTAKE GASKETS.,EC-4b30699a67e6961e,LG-4285908bb8f7434c,train
104995,#1 ROCKER COVER LEAKING ON R/H ENGINE.,REMOVED & REPLACED ROCKER COVER GASKET.,EC-efc2eea91ae0f37e,LG-608d782c2258dd59,train
104996,ENG BAFFLE PLUGS ARE WORN.,REMOVED & REPLACED BOTH BAFFLE PLUGS.,EC-6dee67bbbc88701e,LG-d1ae1963cf7de664,dev
104997,#2 INTAKE GASKET LEAKING.,REMOVED & REPLACED GASKET.,EC-1fec9b07493816ca,LG-4285908bb8f7434c,train
104998,"#1, 4 INTAKE GASKETS ARE LEAKING.",REMOVED & REPLACED GASKETS.,EC-561925e5d26082eb,LG-4285908bb8f7434c,train
104999,#1 & 2 INTAKES LEAKING.,REMOVED & REPLACED GASKETS.,EC-a4a1ab65ca709b0a,LG-26ffbcbee302311b,test
105000,ENGINE TO BAFFLE ATTACH FITTING MISSING SCREW.,REPLACED SCREW.,EC-7b98ede8ea244426,LG-7b98ede8ea244426,test
105001,#2 INTAKE LEAKING.,INSTALLED NEW GASKET.,EC-9e293c9950113443,LG-10956cdabbd1e3ce,dev
105002,BAFFLE SCREW MISSING ABOVE #2 CYLINDER.,INSTALLED SCREW.,EC-ea6be2a7fa1366ac,LG-68c82ebed6a4824e,test
105003,#3 INTAKE GASKET LEAKS.,REMOVED & REPLACED GASKET.,EC-55e6cb16389ae130,LG-0e48eb423d7a05e3,test
105004,#1 & 3 ROCKER COVER GASKETS LEAK.,REMOVED & REPLACED GASKETS.,EC-b5931cb367bf9e1f,LG-b5931cb367bf9e1f,train
105005,"SCREW FOR R/H AFT BAFFLE, BEHIND OIL DIPSTICK, LOOSE.",TIGHTENED SCREW.,EC-7fba2cedb9e3828a,LG-7fba2cedb9e3828a,train
105006,"GROUNDING WIRE TO ENG, PAINT NOT REMOVED AND BOLT LOOSE.",REMOVED PAINT & SECURED BOLT.,EC-16c89a1cd9c4f283,LG-16c89a1cd9c4f283,dev
105007,"BLACK BAFFLE SEAL, FWD ENG, HAS SMALL WORN SPOT ON L/H SIDE.",INSTALLED RTV TO WORN AREA.,EC-1de7f0491eaf6054,LG-1de7f0491eaf6054,train
105008,ENGINE BAFFLE PLUGS WORN.,REMOVED & REPLACED PLUGS.,EC-d1ae1963cf7de664,LG-d1ae1963cf7de664,dev
105009,"#1, 3 ROCKER COVER GASKETS LEAKING.",REMOVED & REPLACED GASKETS.,EC-e8e9caeca2209d73,LG-608d782c2258dd59,train
105010,R/H REAR BAFFLE MOUNTING SCREW IS MISSING.,INSTALLED NEW SCREW.,EC-2b9fe0410af5ea19,LG-f1e73774ba72fb3a,train
105011,#2 INTAKE LEAKS.,REMOVED & REPLACED GASKET.,EC-5b40d8a9a1eed201,LG-0e48eb423d7a05e3,test
105012,BOTH ENG BAFFLE PLUGS WORN.,REPLACED W/ NEW.,EC-7e9b7aa186f4b00c,LG-d1ae1963cf7de664,dev
105013,SCREW BEHIND ENG OIL DIPSTICK LOOSE.,TIGHTENED SCREW.,EC-881c1237416dcf5d,LG-7258411586fd843f,train
105014,BLACK FWD SEAL HAS WORN SPOTS.,INSTALLED RTV TO WORN AREAS.,EC-607b5bb3bd68579a,LG-607b5bb3bd68579a,train
105015,L/H ENG CYL #4 INTAKE GASKET IS LEAKING.,REMOVED & REPLACED W/ NEW GASKET.,EC-91ba6af771d30a67,LG-4285908bb8f7434c,train
105016,1 BAFFLE PLUG IS DAMAGED.,REMOVED & REPLACED BAFFLE PLUG.,EC-d2b262399abed174,LG-a35b550497c9ab15,test
105017,RPM 2700 FOR 2 SEC.,"READ FDM CARD DATA, FOUND TO BE LESS THAN 5%. NO DEFECT",EC-f517fba95ca578fe,LG-f517fba95ca578fe,train
105018,PROP OVERSPEED 2750 FOR 5 SECS.,"INSPECTED DATA ON CARD. RPM FOUND TO 2703.4, NO ACTION",EC-ed68582ed96d162f,LG-ed68582ed96d162f,dev
105019,UNUSUAL ATTITUDE POWER WAS ADDED & ENGINE REACHED APPROX 280,CONTINUED  & STARTED .,EC-7ccbc6912ccbe6b4,LG-7ccbc6912ccbe6b4,dev
105020,UNUSUAL ATTITUDE POWER WAS ADDED & ENGINE REACHED APPROX 280,COMPLETED  & . RAN ENGINE. OPS & LEAK CK,EC-7ccbc6912ccbe6b4,LG-7ccbc6912ccbe6b4,dev
105021,UNUSUAL ATTITUDE POWER WAS ADDED & ENGINE REACHED APPROX 280,"REVIEWED LYCOMING , DETERMINED OVERSPEED TO FALL",EC-7ccbc6912ccbe6b4,LG-7ccbc6912ccbe6b4,dev
105022,BAFFLE SCREW MISSING ON #3 CYL.,INSTALLED NEW SCREW.,EC-87abcf5e892d9571,LG-ac09d330d3a5d8db,dev
105023,RIVET HEAD SHEARED ON ALT AIR DOOR.,"REMOVED RIVET, INSTALLED NEW RIVET IAW , CH",EC-bd36b77340b7148a,LG-bd36b77340b7148a,train
105024,R/H ENG #2 INTAKE IS LEAKING.,REPLACED GASKET.,EC-6dd3fc4da5b47f57,LG-4285908bb8f7434c,train
105025,#2 & 4 INTAKES LEAKING ON LEFT ENGINE.,REPLACED GASKETS.,EC-d9955d3fcef57f94,LG-4285908bb8f7434c,train
105026,#3 BAFFLE SCREW MISSING.,REPLACED SCREW.,EC-67a3968fceced7c5,LG-ac09d330d3a5d8db,dev
105027,"FWD SNIFFLER VALVE IS LEAKING OIL/FUEL. THERE IS A 6"" PUDDLE","INSPECTED SNIFFLER VALVES, NO DEFECTS NOTED. REMOVED SN",EC-93f74d2bfb150117,LG-93f74d2bfb150117,train
105028,#4 INTAKE IS LEAKING.,REMOVED & REPLACED GASKET.,EC-03758ee4b47de086,LG-10956cdabbd1e3ce,dev
105029,#1 FWD BAFFLE SEAL LOOSE.,RESECURED SEAL.,EC-95765cc543a6db0d,LG-550468c14295fbc3,test
105030,R/H #2 & 4 ROCKER COVER GASKETS LEAKING.,REMOVED & REPLACED W/ NEW GASKETS.,EC-3251f805ad4c58b2,LG-608d782c2258dd59,train
105031,#4 INTAKE LEAKING.,REMOVED & REPLACED INTAKE GASKET.,EC-66d79f80174da74e,LG-10956cdabbd1e3ce,dev
105032,"L/H ENG, #4 INTAKE GASKET LEAKING.",REPLACED GASKET.,EC-010aace0fd63aff3,LG-4285908bb8f7434c,train
105033,1 BAFFLE PLUG IS DAMAGED.,REPLACED PLUG.,EC-d2b262399abed174,LG-a35b550497c9ab15,test
105034,#4 ROCKER COVER GASKET IS LEAKING.,REPLACED GASKET.,EC-9d103de4f299d59b,LG-608d782c2258dd59,train
105035,BAFFLE SCREWS LOOSE ON #3 CYL BAFFLE.,LEAK CK GOOD.,EC-f54f901811029956,LG-f54f901811029956,dev
105036,"3, 4 INTAKE GASKETS LEAKING.",REMOVED & REPLACED GASKETS.,EC-e1274edf2b226c6f,LG-4285908bb8f7434c,train
105037,BAFFLE SEAL RIVET PULLED THROUGH ON #3 CYL.,REPLACED W/ BIGGER RIVET.,EC-c53c9e62ff8bcde5,LG-d97756432395263d,dev
105038,"#2, 4 ROCKER COVER GASKETS LEAKING.",REMOVED & REPLACED W/ NEW GASKETS.,EC-a375a9522e708189,LG-608d782c2258dd59,train
105039,BAFFLE SCREWS LOOSE ON #3 CYL BAFFLE.,PARTIALLY REMOVED #3 CYL BAFFLING SECURED SCREWS & OIL,EC-f54f901811029956,LG-f54f901811029956,dev
105040,L/H ENG #3 INTAKE GASKET LEAKS.,REMOVED & REPLACED INTAKE GASKET.,EC-4bf5a7728eb9cb1b,LG-0e48eb423d7a05e3,test
105041,R/H ENG #2 CYL BAFFLE SEAL LOOSE.,TIGHTENED RIVETS ON SEAL.,EC-ca0a52974b6e29eb,LG-37ac3da11bdb9f3b,train
105042,"R/H ENG #2, 3 INTAKE LEAKING.",REMOVED & REPLACED GASKETS.,EC-88ab6bae67ab3ac9,LG-4285908bb8f7434c,train
105043,#2 INTAKE LEAKING ON L/H ENGINE.,REPLACED #2 INTAKE GASKET.,EC-36d820a8dd9d2bae,LG-4285908bb8f7434c,train
105044,FWD BAFFLE SEAL LOOSE @ #1 CYL.,RESECURED BAFFLE MATERIAL.,EC-39678a5956c5beb0,LG-39678a5956c5beb0,dev
105045,#4 INTAKE GASKET LEAKING.,REMOVED & REPLACED GASKET.,EC-57acd94dcdde4ef3,LG-4285908bb8f7434c,train
105046,ROCKER COVER SCREW MISSING ON #2 CYL.,INSTALLED NEW SCREW ON ROCKER COVER.,EC-62a188e99139bb9e,LG-ea79c13832bc7f5d,train
105047,OIL LEAK DISCOVERED ON #2 CYL.,INSTALLED NEW #2 ROCKER BOX COVER GASKET. RESAFETIED BO,EC-c6e2755754d94402,LG-c6e2755754d94402,train
105048,#2 & 4 INTAKES LEAKING.,REMOVED & REPLACED GASKETS.,EC-4b6fcdaabbc0244e,LG-26ffbcbee302311b,test
105049,OIL LEAK ON RIGHT FWD CYL INTAKE TUBE.,REPLACED LEAKING ROCKER COVER GASKET.,EC-c539d36d1e5ad968,LG-c539d36d1e5ad968,train
105050,"HIGH CYLINDER HEAD TEMPS, OVER 400*.",CLEANED DEBRIS FROM COOLER SYSTEM. INSPECTED CYLINDERS,EC-0b06a96ea7190814,LG-0b06a96ea7190814,dev
105051,#4 CYL ROCKER COVER GASKET LEAKING.,REPLACED GASKET.,EC-de8e20edde74f07c,LG-608d782c2258dd59,train
105052,OIL COMING OUT OF TOP L/H COWLING.,"RAN UP A/C, LEAK CK GOOD.",EC-aabf6a0faee8d22b,LG-aabf6a0faee8d22b,train
105053,OIL COMING OUT OF TOP L/H COWLING.,REMOVED COWLING. CLEANED ENGINE.,EC-aabf6a0faee8d22b,LG-aabf6a0faee8d22b,train
105054,OIL COMING OUT OF TOP L/H COWLING.,"PERFORMED GROUND RUN, VERIFIED OIL LEAKAGE @ LIFTING EY",EC-aabf6a0faee8d22b,LG-aabf6a0faee8d22b,train
105055,R/H ENGINE OVER TEMP 503*.,PERFORMED GROUND RUN; ALL SYSTEMS CK GOOD. CK'ED COMPRE,EC-3ba040d55abf4d35,LG-3ba040d55abf4d35,dev
105056,"#2, 3, 4 INTAKE GASKETS ON R/H ENGINE, LEAKING.",REMOVED & REPLACED GASKETS.,EC-9d094edba8fde696,LG-9d094edba8fde696,train
105057,INTAKE GASKET LEAKING ON L/H ENG #4 CYLINDER.,REMOVED & REPLACED W/ NEW GASKET.,EC-a0fca4f39a93ddde,LG-a0fca4f39a93ddde,dev
105058,L/H ENGINE #2 CYL COMPRESSION LOW.,"RAN A/C, LEAK CK GOOD.",EC-bf8d324dd169c036,LG-773f22d292484073,test
105059,R/H ENGINE #4 CYL AFT BAFFLE HAS SCREW MISSING.,REPLACED SCREW.,EC-fb9477d06c8f6e76,LG-fb9477d06c8f6e76,train
105060,L/H ENGINE #2 CYL COMPRESSION LOW.,"REMOVED FWD EXHAUST ASSY, #2 CYL & BAFFLES, R/H SIDE IN",EC-bf8d324dd169c036,LG-773f22d292484073,test
105061,"FWD BAFFLE, BY #2 CYL, CRACKED.",STOP DRILLED CRACK.,EC-47f7c15b4bb2b75d,LG-47f7c15b4bb2b75d,train
105062,#2 & 4 INTAKES LEAKING.,REMOVED & REPLACED GASKETS.,EC-4b6fcdaabbc0244e,LG-26ffbcbee302311b,test
105063,#4 CYL INTAKE LEAK.,REMOVED & REPLACED GASKET.,EC-4802514150e32c70,LG-4802514150e32c70,train
105064,PROP STRIKE REQUIRING REPLACEMENT OF PROP,REMOVED COWL. REMOVED ACCESSORY HOUSING. REMOVED CRANKS,EC-82faaf239eabd268,LG-82faaf239eabd268,train
105065,PROP STRIKE REQUIRING REPLACEMENT OF PROP,"ASSEMBLED ACCESSORY CASE, INSTALLED FUEL PUMP, VAC PUMP",EC-82faaf239eabd268,LG-82faaf239eabd268,train
105066,INTAKES 2 & 4 LEAKING.,REMOVED & REPLACED INTAKE GASKETS.,EC-b01ae2cf593b712b,LG-26ffbcbee302311b,test
105067,"PROP OVERSPEED IN DOWN DRAFT = 2730 RPM, 2-3 SECS.",PULLED & ANALYZED SD CARD TO FIND TOP OVERSPEED OF 2722,EC-655f483eabaf5bbc,LG-655f483eabaf5bbc,train
105068,#4 CYLINDER BAFFLE SECTION DAMAGED.,REMOVED & REPLACED BAFFLE.,EC-940d998aa793d74b,LG-940d998aa793d74b,train
105069,ENG GROUNDING BOLT LOOSE.,TIGHTENED BOLT.,EC-769f487999211578,LG-769f487999211578,train
105070,R/H ENG #3 INTAKE GASKET LEAKING.,REMOVED & REPLACED INTAKE GASKET.,EC-ead7ef920140d485,LG-4285908bb8f7434c,train
105071,ALL HOSE CLAMPS ON ROCKER DRAINS LOOSE.,TIGHTENED ALL HOSE CLAMPS.,EC-5fac10dd48e96dda,LG-5fac10dd48e96dda,dev
105072,"2, 3 & 4 INTAKES LEAKING.",REMOVED & REPLACED GASKETS.,EC-310d9fa37736a5b0,LG-26ffbcbee302311b,test
105073,#1 CYLINDER BAFFLE SEAL NEEDS TO BE SECURED.,RESECURED SEAL W/ POP RIVETS.,EC-d5a2f24911c49c7e,LG-7f2bc0b62c756875,train
105074,"L/H ENG, #3 ROCKER COVER GASKET LEAKS.",REMOVED & REPLACED GASKET.,EC-a95a51a28f245627,LG-a95a51a28f245627,test
105075,L/H ENG BAFFLE SEAL LOOSE BY #4 CYL.,RIVETED BAFFLE SEAL TO BAFFLE.,EC-0e7a869a133db5f2,LG-0e7a869a133db5f2,train
105076,STANDOFF ON CYL #3 BROKEN.,REMOVED & REPLACED STANDOFF.,EC-ac59c84b0b8895e6,LG-c50cce7f776928ac,train
105077,2 & 4 INTAKE GASKETS LEAKING.,REMOVED & REPLACED GASKETS.,EC-208a035a25fbe038,LG-4285908bb8f7434c,train
105078,BOTH ENG BAFFLE PLUGS ARE WORN.,INSTALLED 2 NEW PLUGS.,EC-bd19e00c12155217,LG-d1ae1963cf7de664,dev
105079,BLACK FWD SEAL ON ENG WORN IN SPOTS & LOOSE ON L/H SIDE.,APPLIED RTV TO WORN AREAS & SECURED LOOSE SECTION.,EC-f3474aad31400955,LG-f3474aad31400955,train
105080,"DURING FLIGHT, L/H ENGINE WAS RUNNING ROUGH. COULD NOT GET V",MAG TIMING CK'ED GOOD. BORE SCOPED CYL #4; NO DEFECTS N,EC-f08e83696f4262c3,LG-f08e83696f4262c3,train
105081,"DURING FLIGHT, L/H ENGINE WAS RUNNING ROUGH. COULD NOT GET V","PERFORMED GROUND RUN, NO DEFECTS NOTED. PULLED ENGINE D",EC-f08e83696f4262c3,LG-f08e83696f4262c3,train
105082,"DURING RUN UP, BROUGHT THROTTLE TO IDLE; ENGINE SHUT DOWN.",RAN A/C & FOUND LOW IDLE SPEED. ADJUSTED IDLE SPEED. OP,EC-4c5d4f88ce366e49,LG-4c5d4f88ce366e49,train
105083,BAFFLE PLUGS WORN.,REMOVED & REPLACED BAFFLE PLUGS.,EC-046718097e775a4a,LG-d1ae1963cf7de664,dev
105084,L/H ENG #2 & 4 INTAKE GASKETS LEAK.,REPLACED BOTH INTAKE GASKETS.,EC-a5e00b56ebc3b22b,LG-37d034631c35f825,train
105085,#4 INTAKE GASKET LEAKING.,REMOVED & REPLACED GASKET.,EC-57acd94dcdde4ef3,LG-4285908bb8f7434c,train
105086,BAFFLE SEAL IS LOOSE ON FWD BOTTOM R/H SIDE.,SECURED BAFFLE SEAL.,EC-891ab33eb193c821,LG-891ab33eb193c821,train
105087,#3 INTAKE LEAKING.,REMOVED & REPLACED GASKET.,EC-6f9c95f514a1077a,LG-10956cdabbd1e3ce,dev
105088,ENGINE WAS SPUTTERING LIKE IT WAS GOING TO CUT OUT AT 1000 R,RAN UP ENGINE. COULD NOT DUPLICATE DISCREP. ENGINE RUNS,EC-97a9a63c00923e80,LG-97a9a63c00923e80,train
105089,STUCK VALVE ON #3 CYL. DAMAGE TO PUSH ROD & HOUSING.,REASSSEMBLED CYL.,EC-a0b7ab38a9dc08e5,LG-a0b7ab38a9dc08e5,dev
105090,STUCK VALVE ON #3 CYL. DAMAGE TO PUSH ROD & HOUSING.,LEAK & OPS CK GOOD.,EC-a0b7ab38a9dc08e5,LG-a0b7ab38a9dc08e5,dev
105091,STUCK VALVE ON #3 CYL. DAMAGE TO PUSH ROD & HOUSING.,"REMOVED CYL ASSY, INSTALLED NEW CYL ASSY USING SERVICEA",EC-a0b7ab38a9dc08e5,LG-a0b7ab38a9dc08e5,dev
105092,#3 & 2 INTAKE GASKETS LEAKING.,REMOVED & REPLACED GASKETS.,EC-a1502513fc355358,LG-4285908bb8f7434c,train
105093,SNIFFLER VALVES DIRTY.,CLEANED SNIFFLER VALVES.,EC-1243a6854d2a786a,LG-5027701bd7fa9f57,train
105094,#4 CYL INTAKE GASKET LEAKS.,REPLACED GASKET.,EC-dfd2360267499684,LG-0e48eb423d7a05e3,test
105095,#2 & 4 UPPER LEADS NEED TO BE SECURED AT BATT COOLING.,USED TIE WRAP STAND OFF & SECURED.,EC-c704824fedc1649d,LG-c704824fedc1649d,train
105096,#2 INTAKE GASKET LEAKING.,REPLACED GASKET.,EC-1fec9b07493816ca,LG-4285908bb8f7434c,train
105097,R/H ENG #2 INTAKE GASKET LEAKING.,INSTALLED NEW INTAKE GASKET.,EC-2ebbecb3b7866171,LG-4285908bb8f7434c,train
105098,#3 BAFFLE NEEDS TO BE PATCHED. BUTTON PLUG HOLE HAS WORN TOO,INSTALLED RIVETED PATCH & REPLACED BOTH BAFFLE PLUGS.,EC-e5f7d72803f78d1b,LG-e5f7d72803f78d1b,test
105099,#2 INTAKE LEAKING ON R/H ENGINE.,REMOVED & REPLACED GASKET.,EC-992083f8822d9bd9,LG-4285908bb8f7434c,train
105100,#3 & 4 INTAKES LEAKING ON L/H ENGINE.,REMOVED & REPLACED GASKETS.,EC-6e886594be0e252e,LG-4285908bb8f7434c,train
105101,#4 INTAKE GASKET LEAKING.,REMOVED & REPLACED GASKET.,EC-57acd94dcdde4ef3,LG-4285908bb8f7434c,train
105102,OVERSPED PROP TO 2720 RPM FOR APPROX 1 SECOND.,REMOVED DATA CARD FROM A/C & DOWNLOADED DATA. C/W LYCOM,EC-d494cbda8f066b3c,LG-d494cbda8f066b3c,dev
105103,R/H ENG #3 INTAKE GASKET LEAKS.,REMOVED & REPLACED GASKET.,EC-f7196c9cfcdc2068,LG-0e48eb423d7a05e3,test
105104,#2 FRONT BAFFLE IS CRACKED.,STOP DRILLED CRACK.,EC-9b13dd7123c29a01,LG-f8e3931135eed2d1,train
105105,R/H ENGINE BAFFLE ACCESS HOLE ELONGATED.,INSTALLED A RIVETED PATCH.,EC-d3aabc6acd6af5c2,LG-8dc02ff53a858bea,train
105106,#1 CYLINDER BAFFLE UNSECURE.,SECURED W/ RIVETS IN 4 PLACES.,EC-9a4d304457f47a67,LG-9a4d304457f47a67,train
105107,#4 INTAKE GASKET LEAKS.,REMOVED & REPLACED GASKET.,EC-c6bddbe61e65b1cb,LG-0e48eb423d7a05e3,test
105108,#4 INTAKE LEAKING.,REPLACED GASKET.,EC-66d79f80174da74e,LG-10956cdabbd1e3ce,dev
105109,#4 INTAKE GASKET LEAKING.,REPLACED GASKET.,EC-57acd94dcdde4ef3,LG-4285908bb8f7434c,train
105110,ROUGH RUNNING ENGINE ON START UP.,"FOUND #2 EXHAUST GUIDE TIGHT, W/ CARBON. REAMED ALL EXH",EC-1b9493b93f2e7702,LG-1b9493b93f2e7702,train
105111,#2 & 3 INTAKE GASKETS LEAKING.,REMOVED & REPLACED INTAKE GASKETS.,EC-88f45c6cdd6109b9,LG-4285908bb8f7434c,train
105112,IMPELLER IS DIRTY.,CLEANED IMPELLER.,EC-12834c2c81eb658a,LG-12834c2c81eb658a,dev
105113,PROP WAS OVERSPED TO 2720 FOR 6 SECONDS.,"REMOVED DATA CARD & REVIEWED INFORMATION, FOUND OVERSPE",EC-5278d62855cd1572,LG-5278d62855cd1572,dev
105114,"R/H BAFFLE SEAL, BY #2 CYL, TORN.",REMOVED TORN BAFFLE SEAL.,EC-d47cef45a131ba39,LG-d47cef45a131ba39,test
105115,R/H #2 ROCKER COVER GASKET LEAKS.,REMOVED & REPLACED GASKET.,EC-10b21c41d29edaff,LG-a95a51a28f245627,test
105116,"R/H BAFFLE SEAL, BY #2 CYL, TORN.",MADE NEW SEALS & INSTALLED.,EC-d47cef45a131ba39,LG-d47cef45a131ba39,test
105117,R/H #3 INTAKE GASKET LEAKING.,REMOVED & REPLACED W/ NEW GASKET.,EC-0c475acd76e39ced,LG-4285908bb8f7434c,train
105118,L/H ENG O/B BAFFLE TIE ROD BROKEN.,INSTALLED NEW BAFFLE TIE ROD.,EC-b850ccbaa508e7f7,LG-fd0aefcb606d5f59,train
105119,"R/H #1, 3 OIL RETURN LINES LOOSE.",REPOSITIONED & TIGHTENED #1 & 3 OIL RETURN LINE CLAMPS.,EC-234ccfdc678b9eb4,LG-234ccfdc678b9eb4,train
105120,#1 INTAKE LEAKING.,REMOVED & REPLACED GASKET. LEAK CK GOOD.,EC-3bfb71c5d2c84d08,LG-10956cdabbd1e3ce,dev
105121,FWD R/H BAFFLE NEEDS TO BE SEALED.,SEALED BAFFLE.,EC-0633662327e080b6,LG-0633662327e080b6,dev
105122,#4 INTAKE GASKET LEAKING.,REMOVED & REPLACED GASKET.,EC-57acd94dcdde4ef3,LG-4285908bb8f7434c,train
105123,UPON ENGINE START UP; WHEN INCREASING THROTTLE TO 1200 TO LE,"RAN A/C, PERFORMED FOULED PLUG PROCEDURE. OPS GOOD. RAN",EC-356166e50defa378,LG-356166e50defa378,train
105124,"FWD BAFFLING, AFT OF ALTERNATOR, IS CRACKED.",STOP DRILLED CRACK.,EC-f76c8a8afa169fd9,LG-f76c8a8afa169fd9,train
105125,R/H BAFFLE SPRING PULLED THROUGH AFT BAFFLING.,DRILLED NEW HOLE & INSTALLED NEW SPRING.,EC-811136900fc9ee32,LG-811136900fc9ee32,train
105126,#4 INTAKE GASKET LEAKS.,REMOVED & REPLACED GASKET.,EC-c6bddbe61e65b1cb,LG-0e48eb423d7a05e3,test
105127,#2 & 4 INTAKES LEAKING.,REMOVED & REPLACED GASKETS.,EC-4b6fcdaabbc0244e,LG-26ffbcbee302311b,test
105128,BAFFLE PLUGS WORN.,REMOVED & REPLACED BAFFLE PLUGS.,EC-046718097e775a4a,LG-d1ae1963cf7de664,dev
105129,#4 INTAKE GASKET LEAKING.,REMOVED & REPLACED GASKET.,EC-57acd94dcdde4ef3,LG-4285908bb8f7434c,train
105130,#3 INTAKE IS LEAKING.,REMOVED & REPLACED GASKET.,EC-bc65a72634be2ce3,LG-10956cdabbd1e3ce,dev
105131,L/H BAFFLE CRACKED BY #3 CYL.,STOP DRILLED CRACK.,EC-70313243b26c05ac,LG-70313243b26c05ac,test
105132,L/H #3 INTAKE GASKET LEAKING.,REMOVED & REPLACED GASKET.,EC-766ac5a58723f13e,LG-4285908bb8f7434c,train
105133,"L/H ENGINE RUNS @ 2700, R/H ONLY 2600.",ADJUSTED FINE ADJUSTMENT SCREW ON GOVERNOR 4 TURNS COUN,EC-eeb0a8cb3f20d8b5,LG-eeb0a8cb3f20d8b5,train
105134,#1 INTAKE LEAKING.,REMOVED & REPLACED GASKET.,EC-3bfb71c5d2c84d08,LG-10956cdabbd1e3ce,dev
105135,#1 & 4 ROCKER COVERS LEAKING.,REMOVED & REPLACED GASKETS.,EC-a1e521c564ed4fd2,LG-608d782c2258dd59,train
105136,ENGINE BAFFLE SEAL LOOSE BY #1 CYLINDER.,RESECURED BAFFLE SEAL.,EC-6957aa1b2699e4e6,LG-6957aa1b2699e4e6,train
105137,"ON CLIMB OUT, HAD AN AUDIBLE RPM DROP & LOSS OF 400 RPM. ENG",PERFORMED GROUND RUN; UNABLE TO DUPLICATE. PERFORMED CO,EC-91e5bfae399e06e1,LG-91e5bfae399e06e1,test
105138,ENGINE RAN VERY ROUGH A FEW DIFFERENT TIMES IN PATTERN. RPM,"RAN A/C, PERFORMED MAG CK SEVERAL TIMES - NO DEFECTS. R",EC-2536f5cc9f2fc42a,LG-2536f5cc9f2fc42a,train
105139,OIL BREATHER LEAKING.,"REMOVED COWLING & CLEANED ENGINE. RAN A/C, FOUND ACCESS",EC-7bcaa18354687a77,LG-7bcaa18354687a77,train
105140,OIL BREATHER LEAKING.,"REMOVED OIL SUMP, REPLACED GASKET, REINSTALLED OIL SUMP",EC-7bcaa18354687a77,LG-7bcaa18354687a77,train
105141,CYL #4 INTAKE GASKET LEAKING.,REMOVED & REPLACED GASKET.,EC-e5b89fc5cfd3901f,LG-4285908bb8f7434c,train
105142,PROP OVERSPEED TO 2630.,INSPECTED DATA FROM FDM CARD. FOUND TO BE 2667.8; WHICH,EC-e321534e5d23ab0e,LG-e321534e5d23ab0e,train
105143,#3 AFT BAFFLE IS CRACKED.,STOP DRILLED CRACK.,EC-2ad771b36f5712ea,LG-e3b964f842fc4352,test
105144,R/H FWD ENGINE BAFFLE CRACKED.,STOP DRILLED CRACK.,EC-63231aa09ed6680f,LG-15f761dc9e6351d8,dev
105145,R/H BAFFLE BY #1 CYL CRACKED.,STOP DRILLED CRACK.,EC-18942383d49268ba,LG-e3b964f842fc4352,test
105146,"R/H #1, 2 INTAKE GASKETS LEAKING.",REMOVED & REPLACED INTAKE GASKETS.,EC-16aa3f46f3463065,LG-4285908bb8f7434c,train
105147,L/H ENG #2 CYLINDER COMPRESSION LOW.,OPS & LEAK CK GOOD.,EC-71d68b81cda9b1c7,LG-773f22d292484073,test
105148,L/H ENG #2 CYLINDER COMPRESSION LOW.,REMOVED HARDWARE & ATTACHING COMPONENTS TO #2 CYL. REMO,EC-71d68b81cda9b1c7,LG-773f22d292484073,test
105149,OIL COOLER WEATHER STRIPPING LOOSE.,REATTACHED WEATHER STRIPPING.,EC-56797abf7f19e200,LG-56797abf7f19e200,train
105150,BAFFLING CRACKED ON #1 CYLINDER.,STOP DRILLED CRACK.,EC-7a17d5e532082547,LG-7a17d5e532082547,train
105151,#2 INTAKE TUBE GASKET LEAKING.,INSTALLED NEW INTAKE GASKET.,EC-babcfce517a6bf32,LG-4dcd0e6b51932d0b,dev
105152,#3 ROCKER BOX COVER GASKET LEAKING.,REPLACED #3 ROCKER BOX GASKET.,EC-907ef936e1e58677,LG-608d782c2258dd59,train
105153,R/H REAR ENGINE BAFFLE MOUNT RIVETS BROKEN.,REMOVED CYL #3 AFT BAFFLE. REPLACED DAMAGED FASTENERS &,EC-63bd82a5a51bd8a5,LG-63bd82a5a51bd8a5,test
105154,#2 INTAKE IS LEAKING.,REMOVED & REPLACED INTAKE GASKET.,EC-8ec828272e86c6c2,LG-10956cdabbd1e3ce,dev
105155,ROCKER COVER SCREW IS MISSING.,REPLACED MISSING SCREW.,EC-9266d2c4060c14d3,LG-ea79c13832bc7f5d,train
105156,#2 CYL INTAKE LEAKING.,REMOVED & REPLACED GASKET.,EC-514eea05daaa3655,LG-4285908bb8f7434c,train
105157,L/H #4 ROCKER COVER GASKET LEAKS.,REMOVED & REPLACED GASKET.,EC-4bd1b1c98ff08154,LG-a95a51a28f245627,test
105158,"AFTER ENGINE START, ENGINE WAS RUNNING ROUGH BELOW 1000 RPM.","RAN A/C, NO DEFECTS NOTED. PERFORMED  PHASE 4 INSP.",EC-e603a1f7b465626a,LG-e603a1f7b465626a,train
105159,#4 INTAKE LEAKING.,REMOVED & REPLACED GASKET.,EC-66d79f80174da74e,LG-10956cdabbd1e3ce,dev
105160,L/H O/B BAFFLE TIE ROD BROKEN.,REPLACED TIE ROD.,EC-87ec008a2693dcd7,LG-fd0aefcb606d5f59,train
105161,FRONT LOWER BAFFLE HAS HOLE IN IT FROM MUFFLER SHROUD.,FABRICATED BAFFLE OF LIKE MATERIAL & INSTALLED.,EC-fc2ddaa9f8a25c6f,LG-fc2ddaa9f8a25c6f,train
105162,L/H FWD BAFFLE CRACKED.,REPAIRED BAFFLE W/ DOUBLER.,EC-8c0abdf4bec85f06,LG-15f761dc9e6351d8,dev
105163,L/H FWD BAFFLE CRACKED.,REINSTALLED REPAIRED BAFFLE.,EC-8c0abdf4bec85f06,LG-15f761dc9e6351d8,dev
105164,L/H FWD BAFFLE CRACKED.,REMOVED BAFFLE (EXTRA TIME NEEDED FOR PAPERWORK ERRORS),EC-8c0abdf4bec85f06,LG-15f761dc9e6351d8,dev
105165,FWD BAFFLE SEAL MISSING FROM MUFFLER INTAKE ON BAFFLE.,INSTALLED NEW BAFFLE SEAL.,EC-65341260f52dc021,LG-65341260f52dc021,train
105166,R/H REAR BAFFLE HAS SHEARED RIVET.,"REMOVED BAFFLE, DRILLED OUT RIVETS & REINSTALLED W/ SCR",EC-25bcaed4adb24a75,LG-25bcaed4adb24a75,train
105167,"#1, 3 & 4 ROCKER COVERS ARE LEAKING.",REMOVED & REPLACED GASKETS.,EC-fa8b635e7d64ef58,LG-608d782c2258dd59,train
105168,R/H ENG AFT BAFFLE CRACKED NEAR OIL COOLER.,STOP DRILLED CRACK.,EC-42204be15afb25ee,LG-42204be15afb25ee,test
105169,"R/H ENG, R/H BAFFLE TIE ROD REQUIRES ADJUSTMENT.",ADJUSTED TIE ROD.,EC-7ceb580db043434a,LG-7ceb580db043434a,train
105170,R/H ENG #3 INTAKE GASKET LEAKING.,REMOVED & REPLACED INTAKE GASKET.,EC-ead7ef920140d485,LG-4285908bb8f7434c,train
105171,#1 CYLINDER WIRE STANDOFF IS BROKEN.,REMOVED & REPLACED STANDOFF.,EC-ca0e205b98ff34d8,LG-c50cce7f776928ac,train
105172,#3 CYL INTAKE GASKET LEAKING.,REMOVED & REPLACED GASKET.,EC-df87c56f28c70528,LG-4285908bb8f7434c,train
105173,#3 CYL PUSH ROD (EXHAUST) HOUSING GASKET LEAKING.,LEAK CK GOOD.,EC-3425f2e7fb6128fc,LG-3425f2e7fb6128fc,train
105174,ENGINE RPM WOULD NOT STABILIZE. CONSTENTLY VARYING & STUDDER,COULD NOT DUPLICATE DISCREP.,EC-0cc40570ade416f4,LG-0cc40570ade416f4,train
105175,#3 CYL PUSH ROD (EXHAUST) HOUSING GASKET LEAKING.,"INSTALLED NEW SEALS ON PUSH ROD TUBE, REASSEMBLED.",EC-3425f2e7fb6128fc,LG-3425f2e7fb6128fc,train
105176,"DURING ENTIRE FLIGHT L/H RPM WOULD INCREASE SIGNIFICANTLY, R","PERFORMED FULL GROUND RUN, OPS CK'ED GOOD. INSP L/H ENG",EC-a14917df43015751,LG-a14917df43015751,test
105177,"INTAKES #2, 3, 4 LEAKING.",REPLACED INTAKE GASKETS.,EC-df1ab95d92926ea2,LG-26ffbcbee302311b,test
105178,#1 ROCKER COVER GASKET LEAKS.,REMOVED & REPLACED GASKET.,EC-a88e2c21bad4196e,LG-a95a51a28f245627,test
105179,R/H REAR ENGINE BAFFLE MOUNT LOOSE.,"REMOVED ENGINE BAFFLE, TIGHTENED SCREWS & REINSTALLED E",EC-202e61ddc1deee05,LG-fb9e5102af11d7a0,train
105180,#3 INTAKE LEAKING.,REMOVED & REPLACED GASKET.,EC-6f9c95f514a1077a,LG-10956cdabbd1e3ce,dev
105181,SNIFFLER VALVES DIRTY.,CLEANED SNIFFLER VALVES.,EC-1243a6854d2a786a,LG-5027701bd7fa9f57,train
105182,ENGINE AIR FILTER DIRTY.,REMOVED & REPLACED ENGINE AIR FILTER. NEXT DUE 7/31/17,EC-20891da3d0c66ef6,LG-20891da3d0c66ef6,train
105183,OIL PRESSURE SENDER GROUND STRAP NOT CONNECTED.,RECONNECTED OIL PSI SENDER GROUND STRAP.,EC-b6ff87471a926e00,LG-b6ff87471a926e00,train
105184,BOTH BAFFLE PLUGS BROKEN.,REPLACED BOTH BAFFLE PLUGS.,EC-b123b160b9cf90ea,LG-b123b160b9cf90ea,train
105185,BAFFLE SEAL BY #1 CYL LOOSE.,RIVETED BAFFLE SEAL TO BAFFLE.,EC-58c751a24c40715d,LG-37ac3da11bdb9f3b,train
105186,#1 & 2 INTAKES LEAKING.,REMOVED & REPLACED GASKETS.,EC-a4a1ab65ca709b0a,LG-26ffbcbee302311b,test
105187,L/H ENG #2 & 3 INTAKE GASKETS LEAKING.,REPLACED BOTH GASKETS.,EC-9f020400760152bb,LG-4285908bb8f7434c,train
105188,#2 INTAKE LEAKING.,REMOVED & REPLACED GASKET.,EC-9e293c9950113443,LG-10956cdabbd1e3ce,dev
105189,#2 & 4 INTAKES LEAKING.,REMOVED & REPLACED GASKETS.,EC-4b6fcdaabbc0244e,LG-26ffbcbee302311b,test
105190,R/H ENG #3 INTAKE TUBE GASKET LEAKING.,REMOVED & REPLACED W/ NEW GASKET.,EC-24276a558b2ea59d,LG-ae9ab1f2ace76196,train
105191,BAFFLE WIRE BROKEN.,REMOVED & REPLACED BAFFLE TIE.,EC-66f636f5e0086a09,LG-66f636f5e0086a09,train
105192,"BRACKET FOR BAFFLE, BEHIND OIL TUBE, CRACKED.",REMOVED & REPLACED BRACKET.,EC-8dde3c0097719c33,LG-8dde3c0097719c33,train
105193,#4 CYL AFT BAFFLE CRACKED.,DRILLED OFF CRACKED PORTION OF BAFFLE. FABRICATED PIECE,EC-9404faff9356df2d,LG-e3b964f842fc4352,test
105194,#3 CYL SIDE & AFT BAFFLES CRACKED.,FABRICATED PATCH OF LIKE MATERIAL ON AFT BAFFLE & RIVET,EC-f2212f432877bd1b,LG-1425eb2acadaccd6,train
105195,#4 INTAKE LEAKING.,REMOVED & REPLACED GASKET.,EC-66d79f80174da74e,LG-10956cdabbd1e3ce,dev
105196,#1 ROCKER COVER LEAKING.,REMOVED & REPLACED GASKET.,EC-d7f19738c9144c80,LG-608d782c2258dd59,train
105197,R/H AFT BAFFLE SCREW LOOSE.,RESECURED SCREW.,EC-40a133577b21d298,LG-6bb5b0d3262bc63e,dev
105198,DURING CLIMB OUT THE ENGINE RAN ROUGH. SPUTTERING WAS ALSO N,"PERFORMED GROUND RUN OF A/C, NO DEFECTS FOUND. INSPECTE",EC-d473b593eb9ebfc5,LG-d473b593eb9ebfc5,train
105199,L/H ENG #4 CYL BAFFLE WIRE STANDOFF BROKEN.,SEECURED WIRES TO OIL PAN.,EC-3810e8ee3f52e2ee,LG-c50cce7f776928ac,train
105200,#2 CYL ON L/H ENGINE BAFFLE SEAL NEEDS TO BE SECURED.,SECURED BAFFLE SEAL W/ POP RIVETS.,EC-dec9c215241bf21f,LG-7f2bc0b62c756875,train
105201,#4 ROCKER COVER GASKET LEAKING ON L/H ENGINE.,REMOVED & REPLACED W/ NEW SILICONE GASKET.,EC-e178b0cd7dc3457a,LG-608d782c2258dd59,train
105202,#4 INTAKE GASKET LEAKING ON L/H ENGINE.,REMOVED & REPLACED W/ NEW INTAKE GASKET. FOUND PRIMER L,EC-ea620172689d0452,LG-4285908bb8f7434c,train
105203,#1 CYLINDER BAFFLE SEAL NEEDS TO BE REPLACED ON L/H ENGINE.,REMOVED OLD SEAL & INSTALLED NEW SEAL.,EC-515a9b377a00b399,LG-515a9b377a00b399,test
105204,COWL SEAL MISSING/LOOSE ON LOWER R/H ENGINE.,REGLUED IN POSITION.,EC-3d6e0719163dc457,LG-3d6e0719163dc457,train
105205,#2 INTAKE GASKET IS LEAKING.,REMOVED & REPLACED GASKET.,EC-53f353a420cf4fcc,LG-4285908bb8f7434c,train
105206,R/H ENGINE CARB HEAT BOX ARM LOOSE.,RESECURED CARB HEAT BOX ARM.,EC-104a0ddb3eb3f881,LG-104a0ddb3eb3f881,train
105207,CARB INLET GASKETS LEAKING ON BOTH ENGINES.,REMOVED & REPLACED L/H GASKET.,EC-dab776f40a8f7118,LG-dab776f40a8f7118,train
105208,CARB INLET GASKETS LEAKING ON BOTH ENGINES.,REMOVED & REPLACED R/H GASKET.,EC-dab776f40a8f7118,LG-dab776f40a8f7118,train
105209,#2 INTAKE GASKET LEAKING.,REMOVED & REPLACED GASKET.,EC-1fec9b07493816ca,LG-4285908bb8f7434c,train
105210,L/H INNER ENGINE BAFFLE TIE IS DISCONNECTED.,RECONNECTED BAFFLE TIE.,EC-162741ece1a68f41,LG-162741ece1a68f41,train
105211,#4 INTAKE GASKET IS LEAKING.,REPLACED GASKETS. LEAK CK GOOD.,EC-0489f0dc14177ee4,LG-4285908bb8f7434c,train
105212,"BAFFLE PLUGS ARE LOOSE, PATCHES ARE NEEDED.",INSTALLED BAFFLE PATCHES.,EC-3a8d7d1314240d09,LG-3a8d7d1314240d09,test
105213,#2 INTAKE LEAKING.,REMOVED & REPLACED INTAKE GASKET.,EC-9e293c9950113443,LG-10956cdabbd1e3ce,dev
105214,"ENGINE RAN ROUGH AFTER START UP, W/ GAINS & DROPS OF ABOUT 8","PERFORMED GROUND RUN, OPS CK'ED GOOD. NO DEFECTS NOTED.",EC-6d0b7717233addeb,LG-6d0b7717233addeb,dev
105215,#3 & 4 INTAKES LEAKING.,REPLACED INTAKE GASKETS.,EC-2daf2ac0cbc5b82a,LG-26ffbcbee302311b,test
105216,IDLE LOW.,"PERFORMED SEASONAL ADJUSTMENT, OPS GOOD.",EC-31e6e1aa755f1b8b,LG-19eafcd31c3ed84a,train
105217,DURING POST FLIGHT FOUND OIL ON INTAKE PIPES.,"CLEANED OIL, RAN A/C, NO LEAKS NOTED. FOUND OIL TO BE R",EC-f34df4b2b94cacc0,LG-f34df4b2b94cacc0,train
105218,L/H ENG #2 INTAKE GASKET LEAKING.,REMOVED & REPLACED INTAKE GASKET.,EC-98cc5c2786fcbf98,LG-4285908bb8f7434c,train
105219,R/H ENG #4 INTAKE GASKET LEAKING.,REMOVED & REPLACED INTAKE GASKET.,EC-ac4b8f77dfdaf87b,LG-4285908bb8f7434c,train
105220,R/H ENG #3 ROCKER COVER GASKET LEAKING.,"REMOVED COVER, FOUND DEBRIS UNDER SILICONE GASKET. CLEA",EC-cfb4b96b7abfab1b,LG-608d782c2258dd59,train
105221,OIL LEAK ABOVE L/H MAG.,LEAK CK GOOD.,EC-d2aba90c31c67048,LG-d2aba90c31c67048,test
105222,BOTH OIL COOLERS DIRTY.,CLEANED OIL COOLERS.,EC-fa27d7f81eb29a35,LG-0a22c3a65ba252f4,test
105223,SNIFFLER VALVES DIRTY.,CLEANED SNIFFLER VALVES.,EC-1243a6854d2a786a,LG-5027701bd7fa9f57,train
105224,OIL LEAK ABOVE L/H MAG.,REMOVED & REPLACED GASKET.,EC-d2aba90c31c67048,LG-d2aba90c31c67048,test
105225,#1 & 4 INTAKES HAVE EVIDENCE OF LEAKING.,REMOVED & REPLACED GASKETS.,EC-908d9fcbc22df10b,LG-5dc7b9383605babd,train
105226,ROUGH ENGINE ON TAKE OFF,RAN UP TO CK FOR ROUGH RUNNING AFTER TAKE OFF. MAGS CK,EC-aa0e6705407b8706,LG-aa0e6705407b8706,dev
105227,ROUGH ENGINE ON TAKE OFF,FOR BILLING PURPOSES ONLY,EC-aa0e6705407b8706,LG-aa0e6705407b8706,dev
105228,ENGINE IDLE SPEED 1650 RPM.,ADJUSTED IDLE.,EC-b7aeca3c2b741330,LG-b7aeca3c2b741330,train
105229,BAFFLE PLUGS ARE LOOSE.,INSTALLED BAFFLE PLUG PATCHES & NEW PLUGS.,EC-50d7641c67edbdd6,LG-50d7641c67edbdd6,train
105230,#4 INTAKE LEAKING.,REMOVED & REPLACED GASKET.,EC-66d79f80174da74e,LG-10956cdabbd1e3ce,dev
105231,OIL COOLER IS DIRTY.,CLEANED OIL COOLER.,EC-0a22c3a65ba252f4,LG-0a22c3a65ba252f4,test
105232,#1 & 4 INTAKES LEAKING ON R/H ENGINE.,REMOVED & REPLACED GASKETS.,EC-37a64c9f79195efd,LG-4285908bb8f7434c,train
105233,"INTAKES #2, 3 & 4 LEAKING ON L/H ENGINE.",REMOVED & REPLACED INTAKE GASKETS.,EC-c32b55c9566387e6,LG-4285908bb8f7434c,train
105234,R/H AIR INTAKE HOSE NOT HOOKED UP.,"REINSTALLED SCAT TUBING, TIGHTENED CLAMP.",EC-0051f09241c47307,LG-0051f09241c47307,test
105235,#2 INTAKE GASKET LEAKING.,REPLACED GASKET.,EC-1fec9b07493816ca,LG-4285908bb8f7434c,train
105236,BAFFLE SEAL ABOVE #3 CYL LOOSE.,RESECURED BAFFLE SEAL.,EC-8b56fb7ee39a50fb,LG-8b56fb7ee39a50fb,test
105237,L/H AFT STAND OFF BROKEN.,REPLACED STAND OFF.,EC-0ff3d02a926a6e60,LG-0ff3d02a926a6e60,train
105238,INNER BAFFLE TIE DISCONNECTED.,REATTACHED BAFFLE TIE.,EC-0bb5fbed79702f5d,LG-162741ece1a68f41,train
105239,#2 & 3 ROCKER COVERS LEAKING.,REMOVED & REPLACED GASKETS.,EC-0d8c3206b2edd8c0,LG-608d782c2258dd59,train
105240,#2 INTAKE LEAKING.,REPLACED GASKET.,EC-9e293c9950113443,LG-10956cdabbd1e3ce,dev
105241,R/H AFT BAFFLE BRACKET HAS BROKEN RIVETS.,REMOVED BAFFLE. REMOVED & REPLACED DAMAGED RIVETS. REIN,EC-20f500162a5b5b8a,LG-20f500162a5b5b8a,train
105242,#3 CYLINDER ROCKER COVER MISSING SCREW.,INSTALLED MISSING SCREW.,EC-d910044a40baf739,LG-5ee79aeba0a4b297,test
105243,ROUGH ENGINE,FOR BILLING PURPOSES ONLY,EC-186af442a341c32f,LG-186af442a341c32f,train
105244,ROUGH ENGINE,REMOVED ENG CYLINDER TOP & BOTTM SPARK PLUGS. CLEANED &,EC-186af442a341c32f,LG-186af442a341c32f,train
105245,"#4 INTAKE LEAKING, L/H ENG.",REPLACED GASKET.,EC-6a4f761421b0ab3d,LG-0222eb60e96e9748,dev
105246,R/H ENGINE #2 CYLINDER INTAKE GASKET LEAKING.,INSTALLED NEW GASKET.,EC-f77b7d878fdb95df,LG-4285908bb8f7434c,train
105247,"AFTER START UP, ENGINE DIED.","RAN UP & WARMED UP ENGINE, NO DEFECTS NOTED. OPS CK'ED",EC-1e3ecfc1e8d442ee,LG-1e3ecfc1e8d442ee,train
105248,R/H ENG BACKBONE BOLT LEAKS A LITTLE OIL.,LEAK CK GOOD.,EC-5fb3e8d731e2db2b,LG-5fb3e8d731e2db2b,train
105249,"R/H ENGINE #1, 2 INTAKES LEAKING.",REMOVED & REPLACED GASKETS.,EC-f3ed7952df382154,LG-f3ed7952df382154,train
105250,R/H ENGINE #4 ROCKER COVER LEAKING.,REMOVED & REPLACED GASKET.,EC-51d55f40f536e37c,LG-608d782c2258dd59,train
105251,R/H ENG BACKBONE BOLT LEAKS A LITTLE OIL.,CLEANED OUT & INSTALLED SEALANT.,EC-5fb3e8d731e2db2b,LG-5fb3e8d731e2db2b,train
105252,#3 CYLINDER HAS LOW COMPRESSION.,OIL HAS BEEN DRAINED.,EC-ab188834b017cf54,LG-c3aa26ca83c3ba37,test
105253,#3 CYLINDER HAS LOW COMPRESSION.,OPS & LEAK CK GOOD. REMOVED & REPLACED PUSH ROD. REMOVE,EC-ab188834b017cf54,LG-c3aa26ca83c3ba37,test
105254,#3 CYLINDER HAS LOW COMPRESSION.,REMOVED CYLINDER. TRANSFERRED INJECTOR & CHT PROBE TO O,EC-ab188834b017cf54,LG-c3aa26ca83c3ba37,test
105255,ANY INCREASE IN THROTTLE WOULD CAUSE SPUTTER & DROP IN RPM.,PERFORMED GROUND RUN W/ ENGINE AT OPERATING TEMP. ALL E,EC-5bc017a28ab6902d,LG-5bc017a28ab6902d,train
105256,#4 INTAKE GASKET LEAKS.,REMOVED & REPLACED GASKET.,EC-c6bddbe61e65b1cb,LG-0e48eb423d7a05e3,test
105257,#4 INTAKE GASKET LEAKING.,INSTALLED NEW GASKET.,EC-57acd94dcdde4ef3,LG-4285908bb8f7434c,train
105258,AFTER STORAGE RUN NEEDED.,"RAN A/C, ALL CHECKS GOOD.",EC-cb845d678c205b22,LG-cb845d678c205b22,train
105259,#2 CYL COMPRESSION LOW.,RUN UP & LEAK CK GOOD.,EC-2e19103b12c28063,LG-773f22d292484073,test
105260,"BAFFLE TIE ROD IN BETWEEN #1 & 3 CYL, NOT HOOOKED UP.",INSTALLED BAFFLE ROD.,EC-084799e2e6226f10,LG-084799e2e6226f10,dev
105261,#2 CYL COMPRESSION LOW.,REMOVED BAFFLING FOR #2 CYL & ATTACHING PARTS. REMOVED,EC-2e19103b12c28063,LG-773f22d292484073,test
105262,"R/H ENG, R/H AFT ENGINE BAFFLE CRACKED.",STOP DRILLED CRACK.,EC-2a237c5524877f43,LG-e3b964f842fc4352,test
105263,L/H ENG #3 & 4 INTAKE TUBE GASKETS LEAKING.,INSTALLED NEW GASKETS.,EC-0863d7890ca0c592,LG-ae9ab1f2ace76196,train
105264,R/H ENG #3 INTAKE TUBE GASKET LEAKING.,REMOVED & REPLACED GASKET W/ NEW.,EC-24276a558b2ea59d,LG-ae9ab1f2ace76196,train
105265,#4 INTAKE GASKET LEAKING.,REMOVED & REPLACED W/ NEW GASKET.,EC-57acd94dcdde4ef3,LG-4285908bb8f7434c,train
105266,R/H ENG #1 INTAKE IS LEAKING.,REMOVED & REPLACED GASKET W/ NEW.,EC-5e948fd19e58615e,LG-4285908bb8f7434c,train
105267,#3 & 4 L/H ROCKER COVERS ARE LEAKING.,REMOVED & REPLACED GASKETS W/ NEW.,EC-c37cadaeac061239,LG-608d782c2258dd59,train
105268,#2 CYL VALVE STICKING.,"RAN A/C, OPS & LEAK CK GOOD. COWLED A/C.",EC-5cea3b5bdbbdf17d,LG-e76560a5cc90b0ff,train
105269,#2 CYL VALVE STICKING.,REMOVED #2 CYL TOP PLUG & FOUND VALVE CONTACTED PISTON.,EC-5cea3b5bdbbdf17d,LG-e76560a5cc90b0ff,train
105270,#2 CYL VALVE STICKING.,"REMOVED #2 CYL BAFFLING, INTAKE, EXHAUST & OIL RETURN T",EC-5cea3b5bdbbdf17d,LG-e76560a5cc90b0ff,train
105271,"DURING CLIMB OUT, L/H ENGINE SHUTTERED 3 TIMES. EACH TIME RP","RAN A/C, COULD NOT DUPLICATE. ALL CHECKS GOOD.",EC-917d8a9cbea96a2f,LG-917d8a9cbea96a2f,dev
105272,#2 BAFFLE SEAL LOOSE.,REMOVED RIVET & REPLACED W/ SCREW & LOCK NUT.,EC-6e1ac64b23ddeb93,LG-37ac3da11bdb9f3b,train
105273,BAFFLE PLUG IS BROKEN.,REMOVED & REPLACED BAFFLE PLUG.,EC-2cda775408d92b69,LG-4f4b2505bd6b2b3d,train
105274,BAFFLE SEAL ON #1 CYL NEEDS TO BE SECURED.,SECURED BAFFLE SEAL W/ NEW RIVETS.,EC-ff57d7ca4d7e8603,LG-7f2bc0b62c756875,train
105275,#3 INTAKE LEAKING.,REMOVED & REPLACED GASKET.,EC-6f9c95f514a1077a,LG-10956cdabbd1e3ce,dev
105276,FWD BAFFLE CRACKED UNDER THE ALTERNATOR.,STOP DRILLED CRACK.,EC-86761c17ae653c5a,LG-86761c17ae653c5a,dev
105277,R/H REAR ENGINE BAFFLE MOUNT LOOSE.,INSTALLED NEW SCREWS & NUT TO SECURE BAFFLE MOUNT.,EC-202e61ddc1deee05,LG-fb9e5102af11d7a0,train
105278,#4 INTAKE LEAKING.,REMOVED & REPLACED GASKET.,EC-66d79f80174da74e,LG-10956cdabbd1e3ce,dev
105279,"WHEN CLIMBING, HEARD ENGINE W/ SOME NOISE. ENGINE MADE A THU","INSPECTED ENGINE, NO DEFECTS. RAN A/C, ALL SYSTEMS W/IN",EC-5661e075eba9e8b2,LG-5661e075eba9e8b2,dev
105280,R/H REAR ENGINE BAFFLE SCREW LOOSE.,TIGHTENED SCREW.,EC-898b9dc5dfa45f87,LG-898b9dc5dfa45f87,dev
105281,#2 INTAKE TUBE LEAKING.,REMOVED & REPLACED W/ NEW GASKET.,EC-97503be417757ef6,LG-4dcd0e6b51932d0b,dev
105282,"AFTER ENGINE & ROTOR RUN UP, RPM DROPPED 250 & CONTINUED TO","COMPLETED ASSY OF ENGINE. RAN UP ENGINE, OPS & LEAK CK",EC-dc38a7e608b646c2,LG-dc38a7e608b646c2,train
105283,"AFTER ENGINE & ROTOR RUN UP, RPM DROPPED 250 & CONTINUED TO","PERFORMED LYCOMING , FOUND #2, 4 EXHAUST VALVE G",EC-dc38a7e608b646c2,LG-dc38a7e608b646c2,train
105284,"R/H ENGINE BAFFLE SEAL LOOSE, ABOVE #4 CYLINDER.",RESECURED BAFFLE SEAL.,EC-bda9c6891bf652ae,LG-bda9c6891bf652ae,train
105285,"L/H ENG, CYL #2 INTAKE GASKET IS LEAKING.",REMOVED & REPLACED GASKET W/ NEW.,EC-9b7904730b794a74,LG-4285908bb8f7434c,train
105286,#1 & 4 INTAKES LEAKING.,REPLACED GASKETS.,EC-bec29ba56bf692b8,LG-26ffbcbee302311b,test
105287,BLACK FWD LWR ENG SEAL WORN AT AIR INTAKE FILTER.,APPLIED RTV TO FWD LOWER BAFFLE SEAL.,EC-707fbfc8600e5267,LG-707fbfc8600e5267,train
105288,R/H ENG #1 INTAKE IS LEAKING.,REMOVED & REPLACED GASKET.,EC-5e948fd19e58615e,LG-4285908bb8f7434c,train
105289,#4 INTAKE GASKET LEAKS.,REMOVED & REPLACED GASKET.,EC-c6bddbe61e65b1cb,LG-0e48eb423d7a05e3,test
105290,#3 INTAKE TUBE GASKET LEAKING.,REMOVED & REPLACED INTAKE GASKET W/ NEW.,EC-fba2d9977e3db1f2,LG-4dcd0e6b51932d0b,dev
105291,#4 CYL BAFFLE PLUG TABS BROKEN.,REMOVED & REPLACED PLUG.,EC-14818670280ac4d6,LG-046b4833dae03ba2,test
105292,BOTH BAFFLE PLUGS DAMAGED.,REMOVED & REPLACED PLUGS.,EC-de3f4f0ce85b81b8,LG-a35b550497c9ab15,test
105293,A/C NEEDS AFTER STORAGE RUN.,"RAN A/C, ALL CHECKS GOOD.",EC-ca9780c568827b09,LG-ca9780c568827b09,train
105294,A/C AFTER STORAGE RUN NEEDED.,"RAN A/C, ALL CHECKS GOOD.",EC-0cb44040be6eb3fc,LG-0cb44040be6eb3fc,train
105295,"DURING FLIGHT, HIGH OIL PSI OCCURRED. WHEN EXERCISE PROP, OI","RAN A/C, OPS CK GOOD.",EC-a66a1a7174aef60d,LG-a66a1a7174aef60d,test
105296,R/H ENG #4 AFT BAFFLE SEAL LOOSE.,INSTALLED WASHER & RIVET.,EC-99853a57bcef11e5,LG-37ac3da11bdb9f3b,train
105297,R/H ENG #1 SIDE BAFFLE SEAL WORN.,REMOVED & REPLACED BAFFLE SEAL W/ NEW.,EC-3ca1ecaf487cd22d,LG-3ca1ecaf487cd22d,dev
105298,BAFFLE PLUGS WORN.,REMOVED & REPLACED PLUGS.,EC-046718097e775a4a,LG-d1ae1963cf7de664,dev
105299,ALTERNATE AIR DOOR SPRING IS WEAK.,REPLACED AIR INTAKE ASSY.,EC-d5b2eddd11e642d8,LG-d5b2eddd11e642d8,train
105300,#3 ROCKER COVER LEAKING.,REMOVED & REPLACED ROCKER COVER GASKET.,EC-4774d48aa3f463c3,LG-608d782c2258dd59,train
105301,BAFFLE PLUGS WORN.,REMOVED & REPLACED BOTH BAFFLE PLUGS.,EC-046718097e775a4a,LG-d1ae1963cf7de664,dev
105302,"#4 INTAKE LEAKING, R/H ENG.",REPLACED GASKET.,EC-e8d382f655de3513,LG-0222eb60e96e9748,dev
105303,LOW COMPRESSION (40/80) ON #3 CYLINDER. AIR LEAKING FROM EXH,BEGAN REPLACEMENT OF CYLINDER. REPLACED OLD CYLINDER W/,EC-c0f2c652f9e0dd97,LG-c0f2c652f9e0dd97,train
105304,LOW COMPRESSION (40/80) ON #3 CYLINDER. AIR LEAKING FROM EXH,CHASED THREADS ON INTAKE PORT TO CLEAN THREADS. INSTALL,EC-c0f2c652f9e0dd97,LG-c0f2c652f9e0dd97,train
105305,#4 INTAKE GASKET LEAKING.,REPLACED GASKET.,EC-57acd94dcdde4ef3,LG-4285908bb8f7434c,train
105306,#2 & 4 INTAKES LEAKING.,REMOVED & REPLACED INTAKE GASKETS.,EC-4b6fcdaabbc0244e,LG-26ffbcbee302311b,test
105307,L/H ENG #3 CYL COMPRESSION LOW.,"RAN UP ENGINE, OPS & LEAK CK GOOD.",EC-5cd55c56b719d1a7,LG-773f22d292484073,test
105308,L/H ENG #3 CYL COMPRESSION LOW.,REMOVED #3 CYL BAFFLING & CONNECTING COMPONENTS AND HAR,EC-5cd55c56b719d1a7,LG-773f22d292484073,test
105309,#3 INTAKE LEAKING.,REMOVED & REPLACED W/ NEW GASKET.,EC-6f9c95f514a1077a,LG-10956cdabbd1e3ce,dev
105310,BOTH BAFFLE PLUGS DAMAGED.,REMOVED & REPLACED BAFFLE PLUGS.,EC-de3f4f0ce85b81b8,LG-a35b550497c9ab15,test
105311,"DURING FLIGHT, ENGINE RPM WAS 2740 FOR 3 SECONDS.","REMOVED SD CARD & C/W LYCOMING , OVERSPEED CONSI",EC-fefbeb8be3c5e684,LG-fefbeb8be3c5e684,train
105312,LOW COMPRESSION ON #3 CYLINDER.,"STAKED VALVE, COMPRESSION CAME UP TO 72/80.",EC-abfbf4db70b3d8e0,LG-128e4577464b4123,train
105313,BOTH BAFFLE PLUGS DAMAGED.,REMOVED & REPLACED BAFFLE PLUGS.,EC-de3f4f0ce85b81b8,LG-a35b550497c9ab15,test
105314,LARGE POOL OF OIL UNDER ENGINE. OIL HAS BEEN ADDED LAST 2 DA,"RAN A/C, NO LEAKS NOTED. OBSERVED A/C FOR SEVERAL HOURS",EC-a7a12593b6d4a4d5,LG-a7a12593b6d4a4d5,train
105315,#3 & 4 CYLINDER INTAKE TUBE INSERTS IN SUMP LOOSE.,REMOVED INTAKE TUBES.,EC-f80fba0dfbf9fedf,LG-f80fba0dfbf9fedf,train
105316,#3 & 4 CYLINDER INTAKE TUBE INSERTS IN SUMP LOOSE.,RESWAGED INTAKE TUBE INSERTS.,EC-f80fba0dfbf9fedf,LG-f80fba0dfbf9fedf,train
105317,#3 & 4 CYLINDER INTAKE TUBE INSERTS IN SUMP LOOSE.,"INSTALLED #3 & 4 INTAKE TUBES W/ NEW GASKETS. RAN A/C,",EC-f80fba0dfbf9fedf,LG-f80fba0dfbf9fedf,train
105318,L/H ENG #2 CYL INTAKE GASKET LEAKING.,REPLACED GASKET.,EC-9108117331f420a4,LG-4285908bb8f7434c,train
105319,REACHED 2720 RPM FOR ABOUT 2 SECONDS.,REMOVED SD CARD & FOUND MAX RPM TO BE LESS THAN 5% RATE,EC-292d1ab4b90fdd75,LG-292d1ab4b90fdd75,train
105320,"AFTER ENGINE START, THERE WAS ENGINE VIBRATION. SUSPECT CYL",INSPECTED & FOUND #4 PISTON SMILED NEAR EXHAUST VALVE.,EC-f56ae4a6b57303aa,LG-f56ae4a6b57303aa,train
105321,"AFTER ENGINE START, THERE WAS ENGINE VIBRATION. SUSPECT CYL","REMOVED #4 CYL ASSY, BEGAN INSTALLATION OF NEW CYL #4.",EC-f56ae4a6b57303aa,LG-f56ae4a6b57303aa,train
105322,"AFTER ENGINE START, THERE WAS ENGINE VIBRATION. SUSPECT CYL",CYL INSTALLATION DONE IAW LYCOMING OVERHAUL MANUAL. A/C,EC-f56ae4a6b57303aa,LG-f56ae4a6b57303aa,train
105323,"AFTER ENGINE START, THERE WAS ENGINE VIBRATION. SUSPECT CYL",FINISHED INSTALLATION OF CYL. INSTALLED PUSH RODS & ROC,EC-f56ae4a6b57303aa,LG-f56ae4a6b57303aa,train
105324,#4 ROCKER COVER GASKET IS LEAKING.,REMOVED & REPLACED GASKET.,EC-9d103de4f299d59b,LG-608d782c2258dd59,train
105325,#3 INTAKE GASKET IS LEAKING.,REPLACED GASKET.,EC-17660b2a9cc00433,LG-4285908bb8f7434c,train
105326,ALL ROCKER COVER GASKETS LEAK.,REMOVED & REPLACED ALL ROCKER COVER GASKETS.,EC-1466db2640a390ff,LG-1466db2640a390ff,test
105327,SCREW MISSING ON #2 ROCKER COVER.,REPLACED W/ NEW SCREW.,EC-b5c0154a2b3249f9,LG-ee48bcbd70b76233,dev
105328,"DURING STEEP TURNS, ENGINE BEGAN TO STRUGGLE & COUGHED OFTEN",REMOVED BOTTOM PLUGS & #4 CYL TOP PLUG; BORE SCOPED #4,EC-1f6065fe3288ddbb,LG-1f6065fe3288ddbb,train
105329,"DURING STEEP TURNS, ENGINE BEGAN TO STRUGGLE & COUGHED OFTEN","BLED LIFTER, REINSTALLED W/ NEW PUSH ROD SEALS. REINSTA",EC-1f6065fe3288ddbb,LG-1f6065fe3288ddbb,train
105330,"DURING STEEP TURNS, ENGINE BEGAN TO STRUGGLE & COUGHED OFTEN","PERFORMED GROUND RUN, VERIFIED ENGINE RAN W/ A SLIGHT M",EC-1f6065fe3288ddbb,LG-1f6065fe3288ddbb,train
105331,"DURING STEEP TURNS, ENGINE BEGAN TO STRUGGLE & COUGHED OFTEN","INSTALLED -28 EXHAUST VALVE PUSH ROD, CLEARANCE CK'ED G",EC-1f6065fe3288ddbb,LG-1f6065fe3288ddbb,train
105332,"DURING STEEP TURNS, ENGINE BEGAN TO STRUGGLE & COUGHED OFTEN","FINISHED REINSTALLATION OF PLUGS, LEADS & #4 ROCKER COV",EC-1f6065fe3288ddbb,LG-1f6065fe3288ddbb,train
105333,OIL COOLER CLOGGED (DIRTY BETWEEN FINS).,REMOVED CLOG.,EC-8e7207d168c5677f,LG-8e7207d168c5677f,train
105334,DURING LATE TAKEOFF ROLL & PATTERN; ENGINE SOUNDED LIKE IT W,"RAN A/C, CONFIRMED DISCREP. PERFORMED COMPRESSION CK, F",EC-e6e7f23c3e530574,LG-e6e7f23c3e530574,train
105335,DURING LATE TAKEOFF ROLL & PATTERN; ENGINE SOUNDED LIKE IT W,"REMOVED BAFFLING, #2 INTAKE, #2 EXHAUST, #2 INJECTOR LI",EC-e6e7f23c3e530574,LG-e6e7f23c3e530574,train
105336,OIL TEMP LIGHT INOP.,REINSTALLED LAMP IN BACK OF GAUGE. OPS CK GOOD.,EC-9729023749bd19d0,LG-9729023749bd19d0,train
105337,L/H ENGINE DATA PLATE RIVETS MISSING.,INSTALLED NEW RIVETS.,EC-2ea3801079734396,LG-2ea3801079734396,train
105338,"IN CRUISE, ON WAY TO PRACTICE AREA, ENGINE RPM DROPPED & THE","RAN A/C, ALL CHECKS GOOD.",EC-0c397be8e923ee89,LG-0c397be8e923ee89,train
105339,FWD LWR BLACK SEAL HAS WORN SPOTS FORM INTAKE FILTER BRACKET,APPLIED BLACK SILICONE TO BAFFLE SEAL.,EC-002b177d2a10ce69,LG-002b177d2a10ce69,train
105340,"#2, 3 & 4 INTAKE GASKETS ARE LEAKING.",REPLACED GASKETS.,EC-a01af58202ba9e1d,LG-4285908bb8f7434c,train
105341,LARGE PUDDLE OF LIQUID UNDER ENGINE.,"REMOVED COWLING. WASHED ENGINE & COWLS, RAN A/C FOUND N",EC-5ea3b000cfc13699,LG-5ea3b000cfc13699,dev
105342,"ON START UP, ENGINE RAN VERY ROUGH. TRIED TO INCREASE POWER","PERFORMED GROUND RUN, VERIFIED DISCREP: RAN ROUGH IN AL",EC-2a3552d749ec0d85,LG-2a3552d749ec0d85,train
105343,"ON START UP, ENGINE RAN VERY ROUGH. TRIED TO INCREASE POWER",PERFORMED COMPRESSION CK: #3 CYL HAD ZERO PSI. REAMED A,EC-2a3552d749ec0d85,LG-2a3552d749ec0d85,train
105344,"AFTER ENGINE START UP, NOTICED VIBRATION & ROUGH RUNNING ENG","RUN UP, LEAK CK GOOD.",EC-f4770f59db2aae66,LG-f4770f59db2aae66,train
105345,"AFTER ENGINE START UP, NOTICED VIBRATION & ROUGH RUNNING ENG",REMOVED & REPLACED CYL #3 W/ NEW IAW LYCOMING OVERHAUL,EC-f4770f59db2aae66,LG-f4770f59db2aae66,train
105346,"AFTER ENGINE START UP, NOTICED VIBRATION & ROUGH RUNNING ENG","PERFORMED GROUND RUN, ENGINE RAN ROUGH. MAG SWITCH SELE",EC-f4770f59db2aae66,LG-f4770f59db2aae66,train
105347,"AFTER ENGINE START UP, NOTICED VIBRATION & ROUGH RUNNING ENG",REAMED #1 & 4 EXHAUST VALVE GUIDES IAW LYCOMING ,EC-f4770f59db2aae66,LG-f4770f59db2aae66,train
105348,L/H #2 INTAKE LEAKING.,REPLACED INTAKE GASKET.,EC-19e29fb5e0f43310,LG-4285908bb8f7434c,train
105349,R/H #2 INTAKE LEAKING.,REPLACED INTAKE GASKET.,EC-864aa07bfff9a943,LG-4285908bb8f7434c,train
105350,#3 INTAKE TUBE GASKET LEAKING.,INSTALLED NEW INTAKE GASKET.,EC-fba2d9977e3db1f2,LG-4dcd0e6b51932d0b,dev
105351,#3 BAFFLE BRACKET MISSING HARDWARE.,REINSTALLED HARDWARE.,EC-da51c4f0be092cb7,LG-da51c4f0be092cb7,train
105352,BOTH BAFFLE PLUGS DAMAGED.,REMOVED & REPLACED BAFFLE PLUGS.,EC-de3f4f0ce85b81b8,LG-a35b550497c9ab15,test
105353,TOP CASE BOLT LEAKING.,"SEALED BOLT, LEAK CK GOOD.",EC-96c4960dfd28d2af,LG-35fdcae52eda3fe7,train
105354,BOTH BAFFLE PLUGS DAMAGED.,REPLACED W/ NEW BAFFLE PLUGS.,EC-de3f4f0ce85b81b8,LG-a35b550497c9ab15,test
105355,#2 INTAKE GASKET LEAKS.,REMOVED & REPLACED W/ NEW GASKET.,EC-373685885e8d1b9f,LG-0e48eb423d7a05e3,test
105356,#3 INTAKE TUBE GASKET LEAKING.,REMOVED & REPLACED GASKET.,EC-fba2d9977e3db1f2,LG-4dcd0e6b51932d0b,dev
105357,#1 CYL BAFFLE IS CRACKED.,FABRICATED PATCH W/ LIKE MATERIAL & RIVETED IAW,EC-70d3e9e64e45b219,LG-e3b964f842fc4352,test
105358,OIL COOLER DIRTY.,CLEANED COOLER.,EC-87987fd85bb02944,LG-0a22c3a65ba252f4,test
105359,"BAFFLE SEAL LOOSE, FWD OF #1 CYL.",REATTACHED BAFFLE.,EC-0b3cd479e0d1deb1,LG-9fecd093a043e4a2,dev
105360,R/H ENGINE FIRE SEAL LOOSE ON BOTTOM COWL.,RESECURED SEAL.,EC-50abb603ec31bcd2,LG-50abb603ec31bcd2,train
105361,"SILICONE NEEDED ON TOP OF OIL COOLER, AGAINST COWL.",APPLIED SILICONE.,EC-d65aa7a0a1d96382,LG-d65aa7a0a1d96382,train
105362,L/H ENGINE I/B INTAKE SCREEN PANEL CHAFING.,APPLIED CHAFE TAPE TO PANEL.,EC-d85b7b23854d9c93,LG-d85b7b23854d9c93,train
105363,COWLING SEAL NEEDS TO BE RESECURED (LOWER AFT).,RESECURED SEAL ON L/H LOWER AFT COWLING.,EC-77a348937acbee43,LG-77a348937acbee43,train
105364,"GROUND POWER CK NEEDED, L/H & R/H ENGINES.","CAPPED BLEED - PERFORMED GROUND POWER PERFORMANCE CK, S",EC-7c2663abe2ecfe75,LG-7c2663abe2ecfe75,test
105365,LOWER FWD ENGINE COWL NEEDS DOUBLER ON GUIDE HOLE FOR TOP CO,INSTALLED DOUBLER ON I/B AFT ALIGNMENT PIN HOLE.,EC-0b365e332eeacf6c,LG-0b365e332eeacf6c,train
105366,VERIFY CONDITION OF R/H ENGINE FOR MISMATCH W/ L/H ENGINE.,"REMOVED POWER SECTION FROM R/H ENGINE, VISUALLY INSPECT",EC-de9242c330a1347e,LG-de9242c330a1347e,dev
105367,R/H BAFFLE TIE BROKEN.,REMOVED & REPLACED BAFFLE TIE.,EC-249ecefd3bc68a47,LG-a456c10593172117,dev
105368,BOTH BAFFLE PLUGS DAMAGED.,REMOVED & REPLACED BAFFLE PLUGS.,EC-de3f4f0ce85b81b8,LG-a35b550497c9ab15,test
105369,#2 INTAKE IS MISSING OUTER NUT.,INSTALLED BAFFLE.,EC-3d16119c427fc24a,LG-3d16119c427fc24a,test
105370,#2 INTAKE IS MISSING OUTER NUT.,"REMOVED L/H UPPER BAFFLE, L/H MUFFLER. REPLACED #2 INTA",EC-3d16119c427fc24a,LG-3d16119c427fc24a,test
105371,#1 & 2 ROCKER GASKETS LEAKING.,REPLACED GASKETS.,EC-9996091382dda1ca,LG-608d782c2258dd59,train
105372,#2 & 4 INTAKE GASKETS LEAKING.,REPLACED GASKETS.,EC-f4c90d93e910c1fa,LG-4285908bb8f7434c,train
105373,#2 CYL ROCKER COVER SEAL LEAKS.,LEAK CK GOOD.,EC-1edbebff4f6c92cd,LG-a95a51a28f245627,test
105374,#2 CYL ROCKER COVER SEAL LEAKS.,REPLACED GASKET.,EC-1edbebff4f6c92cd,LG-a95a51a28f245627,test
105375,"ENG GROUNDING BOLT, BY OIL TUBE, LOOSE.",TIGHTENED BOLT.,EC-b63c30c84b760f30,LG-b63c30c84b760f30,train
105376,ALL 4 INTAKES LEAKING ON R/H ENGINE.,REMOVED & REPLACED GASKETS.,EC-20b885d243c3e1d4,LG-20b885d243c3e1d4,train
105377,"#2, 3, 4 INTAKES LEAKING ON L/H ENGINE.",REMOVED & REPLACED W/ NEW GASKETS.,EC-58bd48a5c1d13107,LG-4285908bb8f7434c,train
105378,#2 INTAKE GASKET LEAKING.,REMOVED & REPLACED GASKET.,EC-1fec9b07493816ca,LG-4285908bb8f7434c,train
105379,MOMENTARILY EXCEEDED 2700 RPM DURING RECOVERY OF SIMULATED E,REVIEWED FLIGHT DATA MONITORING CARD. FOUND OVERSPEED T,EC-7ab3539969a21d80,LG-7ab3539969a21d80,train
105380,"L/H ENG CYL #3, 2 & 4 INTAKE GASKETS ARE LEAKING.",REPLACED GASKETS.,EC-51907177dd670c5c,LG-4285908bb8f7434c,train
105381,"R/H ENG CYL #2, 3 & 4 INTAKE GASKETS ARE LEAKING.",REPLACED #2 GASKET.,EC-07b864b7c09d8ea0,LG-4285908bb8f7434c,train
105382,"R/H ENG CYL #2, 3 & 4 INTAKE GASKETS ARE LEAKING.",REPLACED #3 & 4 GASKETS.,EC-07b864b7c09d8ea0,LG-4285908bb8f7434c,train
105383,R/H ENG CYL #2 HAS POSSIBLE CRACK BY INTAKE PORT.,"INSPECTED, PERFORMED DYE PE INSP; VERIFIED TO NOT BE CR",EC-6f9acd84f7dc0d30,LG-6f9acd84f7dc0d30,train
105384,DURING FLIGHT A/C WOULD INTERMITTENTLY LOSE POWER ON L/H ENG,BORESCOPED #1 CYL FOR VALVE CONTACT W/ PISTON FOR POSSI,EC-7ea54881067ee8ec,LG-7ea54881067ee8ec,train
105385,#2 INTAKE GASKET LEAKING.,REMOVED & REPLACED W/ NEW GASKET.,EC-1fec9b07493816ca,LG-4285908bb8f7434c,train
105386,"DURING ENGINE START & ENGINE RUNNING, THERE WERE VIBRATION S","PERFORMED GROUND, NO DEFECTS NOTED. ALL ENGINE GROUND R",EC-d8b2a4d997ae412a,LG-d8b2a4d997ae412a,train
105387,"DURING ENGINE START & ENGINE RUNNING, THERE WERE VIBRATION S","FOR ENGINE CHANGE. RAN ENGINE, NO DEFE",EC-d8b2a4d997ae412a,LG-d8b2a4d997ae412a,train
105388,ENG GROUNDIN STRAP BOLT LOOSE.,TIGHTENED BOLT.,EC-9b3553a67266873d,LG-9b3553a67266873d,test
105389,FOD AFT OF SPINNER,REMOVED FOD,EC-ae1c63e2f06fd6de,LG-ae1c63e2f06fd6de,train
105390,SCREW MISSING FROM #3 ROCKER COVER,REINSTALLED SCREW,EC-f25e70c707f4aaa5,LG-f25e70c707f4aaa5,test
105391,CYL #4 INTAKE GASKET IS LEAKING.,REMOVED & REPLACED GASKET W/ NEW.,EC-92a0dbb804603f0d,LG-4285908bb8f7434c,train
105392,#4 INTAKE LEAKING.,REMOVED & REPLACED GASKET.,EC-66d79f80174da74e,LG-10956cdabbd1e3ce,dev
105393,#2 INTAKE GASKET LEAKING.,REPLACED GASKET.,EC-1fec9b07493816ca,LG-4285908bb8f7434c,train
105394,SCREW MISSING ON #3 CYL BAFFLING.,REPLACED SCREW.,EC-1b25624acfbc2f47,LG-1b25624acfbc2f47,train
105395,BAFFLE SEAL NEEDS TO BE SECURED ON #1 CYL.,SECURED BAFFLE SEAL.,EC-aac5c239bbce42b9,LG-7f2bc0b62c756875,train
105396,#3 INTAKE GASKET LEAKS.,REMOVED & REPLACED GASKET.,EC-55e6cb16389ae130,LG-0e48eb423d7a05e3,test
105397,#1 BAFFLE IS CRACKED.,FABRICATED & INSTALLED PATCH ON BAFFLE W/ LIKE MATERIAL,EC-e6e4da449330edfc,LG-e3b964f842fc4352,test
105398,#4 OIL RETURN TUBE HOSE CLAMPS LOOSE.,TIGHTENED HOSE CLAMPS.,EC-cd84803d1ee8b73a,LG-cd84803d1ee8b73a,train
105399,R/H ENG CYL #3 INTAKE GASKET IS LEAKING.,REMOVED & REPLACED INTAKE GASKET.,EC-dd09b75a2ea9d087,LG-4285908bb8f7434c,train
105400,BOTH BAFFLE PLUGS DAMAGED.,REMOVED & REPLACED BAFFLE PLUGS.,EC-de3f4f0ce85b81b8,LG-a35b550497c9ab15,test
105401,#3 INTAKE LEAKING.,REMOVED & REPLACED GASKET.,EC-6f9c95f514a1077a,LG-10956cdabbd1e3ce,dev
105402,BOTH ENGINES #2 INTAKES ARE LEAKING.,REPLACED L/H INTAKE GASKET.,EC-7daf3955fd79609b,LG-7daf3955fd79609b,train
105403,BOTH ENGINES #2 INTAKES ARE LEAKING.,REMOVED & REPLACED R/H GASKET.,EC-7daf3955fd79609b,LG-7daf3955fd79609b,train
105404,BAFFLE SEAL ON #1 CYLINDER NEEDS TO BE SECURED.,SECURED BAFFLE SEAL.,EC-ff57d7ca4d7e8603,LG-7f2bc0b62c756875,train
105405,#3 ROCKER COVER GASKET LEAKS.,REMOVED & REPLACED GASKET.,EC-8e7837d38892cf41,LG-a95a51a28f245627,test
105406,#2 ROCKER COVER LEAKING.,REPLACED GASKET.,EC-c85bc86f75e7cd5b,LG-608d782c2258dd59,train
105407,#2 & 4 INTAKE GASKETS ARE LEAKING.,REPLACED GASKETS.,EC-38ad91ee1b47eadf,LG-4285908bb8f7434c,train
105408,"R/H ENGINE INTAKES 2, 3, 4 GASKETS LEAKING.",REMOVED & REPLACED W/ NEW GASKETS.,EC-14a0c2d89a6f9a3e,LG-4285908bb8f7434c,train
105409,L/H BOTTOM OF OIL COOLER NEEDS TO BE SEALED UP.,SEALED BOTTOM L/H OIL COOLER GAP W/ SILICONE.,EC-00ff185ca7c28067,LG-00ff185ca7c28067,train
105410,"INTAKE 2, 3 & 4 LEAKING ON L/H ENGINE.",REMOVED & REPLACED GASKETS.,EC-d57989e865e9e234,LG-4285908bb8f7434c,train
105411,"R/H ENG CYL #1, 3, 4 INTAKE GASKETS ARE LEAKING.",REMOVED & REPLACED GASKETS.,EC-e5b9968a8f2f2ea5,LG-4285908bb8f7434c,train
105412,ALL 4 ROCKER COVERS LEAKING.,REPLACED GASKETS.,EC-714289a7b28c35c0,LG-e424bbcf6cf85404,train
105413,OIL ON CRANKSHAFT PLUG.,CLEANED & SEALED PLUG.,EC-7d1ecde37f96248a,LG-7d1ecde37f96248a,train
105414,OIL ON CRANKSHAFT PLUG.,LEAK CK GOOD. REINSTALLED SPINNER.,EC-7d1ecde37f96248a,LG-7d1ecde37f96248a,train
105415,"#1, 2, 4 INTAKE GASKETS LEAKING.",REMOVED & REPLACED GASKETS.,EC-8fb7cf88d09cbb57,LG-4285908bb8f7434c,train
105416,CRANKSHAFT SEAL SHOWS SIGNS OF LEAKING.,"REMOVED PROP, RING GEAR. REMOVED OLD CRANKSHAFT SEAL, C",EC-a523fc702f703ff6,LG-a523fc702f703ff6,train
105417,CRANKSHAFT SEAL SHOWS SIGNS OF LEAKING.,"INSTALLED RING GEAR & PROP, TORQUED TO SPECS & SAFETIED",EC-a523fc702f703ff6,LG-a523fc702f703ff6,train
105418,#3 BAFFLE BRACKET IS CRACKED.,FABRICATED & INSTALLED NEW BRACKET.,EC-cff14e81a6af9393,LG-1ccf54e6ae6c785e,train
105419,BAFFLE IS CRACKED AT LOWER O/B OIL COOLER BOLT.,STOP DRILLED CRACK.,EC-4604bb4c8b01821c,LG-4604bb4c8b01821c,train
105420,ALL 4 ROCKER COVER GASKETS NEED TO BE REPLACED.,REPLACED GASKETS.,EC-862e7cee69c23995,LG-8c4919d86d45cee2,train
105421,EXPERIENCED SEVERE ENGINE ROUGHNESS WHILE ON LONG FINAL. ,"REAMED EXHAUST VALVE GUIDES 1, 2, & 4 CYLS.",EC-3cea8ecf75b8427d,LG-3cea8ecf75b8427d,dev
105422,EXPERIENCED SEVERE ENGINE ROUGHNESS WHILE ON LONG FINAL. ,"PERFORMED GROUND RUN, OPS & LEAK CK'ED GOOD.",EC-3cea8ecf75b8427d,LG-3cea8ecf75b8427d,dev
105423,EXPERIENCED SEVERE ENGINE ROUGHNESS WHILE ON LONG FINAL.,"FOUND STUCK EXHAUST VALVE, #3 CYL & BENT BUSH ROD. REMO",EC-3cea8ecf75b8427d,LG-3cea8ecf75b8427d,dev
105424,#2 INTAKE LEAKING.,REPLACED GASKET.,EC-9e293c9950113443,LG-10956cdabbd1e3ce,dev
105425,#2 ROCKER COVER LEAKING.,REMOVED & REPLACED GASKET.,EC-c85bc86f75e7cd5b,LG-608d782c2258dd59,train
105426,#3 INTAKE LEAKING.,REPLACED GASKET.,EC-6f9c95f514a1077a,LG-10956cdabbd1e3ce,dev
105427,#2 & 4 INTAKE LEAKING.,REMOVED & REPLACED GASKETS.,EC-8b482d4d33b6f5e0,LG-10956cdabbd1e3ce,dev
105428,#2 INTAKE GASKET LEAKING.,REPLACED INTAKE GASKET.,EC-1fec9b07493816ca,LG-4285908bb8f7434c,train
105429,#3 INTAKE LEAKING ON R/H ENGINE.,REPLACED GASKET.,EC-e8bee9035a1deeb3,LG-4285908bb8f7434c,train
105430,"IDLES EXTREMELY ROUGH, AROUND 400 RPM.","PERFORMED GROUND RUN, MADE SEASONAL ADJUSTMENT TO IDLE",EC-83392a24877cd9b5,LG-83392a24877cd9b5,train
105431,#3 ROCKER COVER GASKET LEAKS.,REMOVED & REPLACED GASKET.,EC-8e7837d38892cf41,LG-a95a51a28f245627,test
105432,LOOSE POP RIVET #3 CYL BRACKET.,REMOVED & REPLACED POP RIVET.,EC-adf0c3c9c3f6c088,LG-adf0c3c9c3f6c088,train
105433,"FERROUS CHIP ABOUT 1/8"" LONG, FOUND IN SUCTION SCREEN.",CHIP SENT TO LYCOMING FOR ANAYLSIS.,EC-04bc940b6f5d391d,LG-04bc940b6f5d391d,train
105434,PROP RIVETS LOOSE ON R/H FWD SIDE OF ENGINE BAFFLE.,REMOVED & REPLACED LOOSE RIVETS W/ SCREWS ON R/H FWD EN,EC-f13c48b7a1233f59,LG-f13c48b7a1233f59,train
105435,"FERROUS CHIP ABOUT 1/8"" LONG, FOUND IN SUCTION SCREEN.",OIL CHANGE IN 10 HRS. INSTRUCTED FROM LYCOMING DUE @ 22,EC-04bc940b6f5d391d,LG-04bc940b6f5d391d,train
105436,"GROUNDING STRAP ON ENGINE, LOOSE BOLT.",TIGHTENED BOLT.,EC-e19b4c279564a5db,LG-e19b4c279564a5db,train
105437,"LWR FWD BLACK SEAL, ABOVE ENG FILTER, WORN SPOTS.",INSTALLED BLACK RTV IN WORN AREAS.,EC-5a6f87f8123d3c05,LG-5a6f87f8123d3c05,train
105438,#2 INTAKE GASKET LEAKS ON L/H ENGINE.,REMOVED & REPLACED GASKET.,EC-2857481dd96b8e2e,LG-5898be0069d4b367,train
105439,INTAKES #2 & 4 LEAKING ON R/H ENGINE.,REMOVED & REPLACED GASKETS.,EC-4dd3339efd7d171e,LG-4285908bb8f7434c,train
105440,2 PHENOLIC SPACERS BROKEN ON THROTTLE CONTROL QUADRANT.,REMOVED & REPLACED SPACERS.,EC-86af720d48066bed,LG-86af720d48066bed,train
105441,#1 CYL ON R/H ENGINE SUSPECT CRACKED.,"REMOVED BAFFLE, MUFFLER, OIL RETURN LINE, CYL & PISTON.",EC-ec57cfa8606e9608,LG-ec57cfa8606e9608,train
105442,#1 CYL ON R/H ENGINE SUSPECT CRACKED.,"INSTALLED NEW CYL ASSY. TORQUED TO CASE, DRY TAPPET CLE",EC-ec57cfa8606e9608,LG-ec57cfa8606e9608,train
105443,#1 CYL ROCKER COVER GASKET LEAKS.,REMOVED & REPLACD GASKET.,EC-6051c96aeb32e097,LG-a95a51a28f245627,test
105444,#2 INTAKE LEAKING ON L/H ENGINE.,REMOVED & REPLACED INTAKE GASKET.,EC-36d820a8dd9d2bae,LG-4285908bb8f7434c,train
105445,ALL SPARK PLUGS WORN.,REPLACED PLUGS.,EC-d9d2d69498decb27,LG-d9d2d69498decb27,train
105446,"ENGINE RPM DROPPED 200-300 RPM SUDDENLY, ACCOMPANIED BY STRO",FOR MX FLIGHT.,EC-503f886c616b84fe,LG-503f886c616b84fe,train
105447,"ENGINE RPM DROPPED 200-300 RPM SUDDENLY, ACCOMPANIED BY STRO","COMPLETED , OPS & LEAK CK GOOD.",EC-503f886c616b84fe,LG-503f886c616b84fe,train
105448,"ENGINE RPM DROPPED 200-300 RPM SUDDENLY, ACCOMPANIED BY STRO","REMOVED SIDE BAFFLES, BEGAN PERFORMING LYCOMING ",EC-503f886c616b84fe,LG-503f886c616b84fe,train
105449,#2 SIDE BAFFLE SEAL LOOSE.,SECURED BAFFLE SEAL W/ POP RIVETS.,EC-53afa11061aa4089,LG-7ef13215ee0e92fd,train
105450,#1 INTAKE LEAKING.,REMOVED & REPLACED GASKET.,EC-3bfb71c5d2c84d08,LG-10956cdabbd1e3ce,dev
105451,L/H ENG #4 INTAKE GASKET LEAKS.,REMOVED & REPLACED GASKET.,EC-a89ed2f8680a6748,LG-0e48eb423d7a05e3,test
105452,L/H ENG #4 ROCKER COVER GASKET LEAKS.,REMOVED & REPLACED GASKET.,EC-3138e55fc097f67f,LG-a95a51a28f245627,test
105453,"R/H ENG #2, 4 INTAKE GASKET LEAKING.",REMOVED & REPLACED GASKETS.,EC-e018db17cc737754,LG-4285908bb8f7434c,train
105454,L/H ENGINE #3 INTAKE GASKET LEAKING.,REMOVED & REPLACED GASKET.,EC-4a213823dfb59c5b,LG-4285908bb8f7434c,train
105455,"R/H ENG #3, 4 INTAKE GASKETS LEAKING.",REMOVED & REPLACED GASKETS.,EC-84267a3d248a3548,LG-4285908bb8f7434c,train
105456,#4 INTAKE GASKET LEAKS.,REMOVED & REPLACED GASKET.,EC-c6bddbe61e65b1cb,LG-0e48eb423d7a05e3,test
105457,BAFFLE CRACKED BY #2 CYL ON R/H ENGINE.,STOP DRILLED CRACK.,EC-182e268b2da14ffb,LG-182e268b2da14ffb,train
105458,"#2, 3, 4 INTAKE GASKETS LEAKING ON L/H ENGINE.",REMOVED & REPLACED W/ NEW GASKETS.,EC-0705ce65ca6154b3,LG-4285908bb8f7434c,train
105459,WORN SPOTS ON BLK SEAL IN LWR FRONT BAFFLING.,INSTALLED RTV TO SPOTS.,EC-84c29bbb9237629c,LG-84c29bbb9237629c,train
105460,#2 INTAKE GASKET IS LEAKING.,REPLACED GASKET.,EC-53f353a420cf4fcc,LG-4285908bb8f7434c,train
105461,#3 CYL FAILED COMPRESSION.,OPS & LEAK CK GOOD.,EC-c055817fe6d8f8ec,LG-c055817fe6d8f8ec,train
105462,BOTH BAFFLE PLUGS DAMAGED.,REMOVED & REPLACED BAFFLE PLUGS.,EC-de3f4f0ce85b81b8,LG-a35b550497c9ab15,test
105463,#3 CYL FAILED COMPRESSION.,"REMOVED BAFFLING, WIRES & EXHAUST FOR ACCESS. REMOVED &",EC-c055817fe6d8f8ec,LG-c055817fe6d8f8ec,train
105464,#3 CYL FAILED COMPRESSION.,"REINSTALLED BAFFLE, WIRES, MUFFLER & LINES. COMPLETED R",EC-c055817fe6d8f8ec,LG-c055817fe6d8f8ec,train
105465,CYL #4 ROCKER COVER GASKET REQUIRES REPLACEMENT.,REMOVED & REPLACED GASKET W/ NEW.,EC-7ac0cf48cb4564b9,LG-0bda0f61bc44f132,train
105466,L/H ENGINE #4 ROCKER GASKET LEAKING.,REMOVED & REPLACED ROCKER COVER.,EC-9182330bf5c8c5de,LG-608d782c2258dd59,train
105467,#3 CYL INTAKE GASKET LEAKING ON L/H ENGINE.,REMOVED & REPLACED GASKET.,EC-77b0e1c1dd3a8ee3,LG-4285908bb8f7434c,train
105468,CLICKING NOISE NOTICED DURING INITIAL CLIMB & THROUGHOUT RES,"INSPECTED ENGINE & CABIN AREA, NO DEFECTS NOTED. ",EC-2d857f25b8af54a2,LG-2d857f25b8af54a2,test
105469,PROP OVERSPEED; RPM ABOUT 2850 W/ PROP CONT AT HIGH RPM IN L,BEGAN INSP IAW LYCOMING ; ALL COMPRESSIONS 74 +,EC-4ed0fb859cd2d1f4,LG-4ed0fb859cd2d1f4,test
105470,PROP OVERSPEED; RPM ABOUT 2850 W/ PROP CONT AT HIGH RPM IN L,COMPLETED INSP IAW LYCOMING . GOVERNOR WAS FOUND,EC-4ed0fb859cd2d1f4,LG-4ed0fb859cd2d1f4,test
105471,PROP OVERSPEED; RPM ABOUT 2850 W/ PROP CONT AT HIGH RPM IN L,REINSTALLED OVERHAULED PROP GOVERNOR,EC-4ed0fb859cd2d1f4,LG-4ed0fb859cd2d1f4,test
105472,BAFFLE PLUG MISSING.,INSTALLED PLUG.,EC-d8f77dbfa793f92d,LG-9410f0626a11b72a,train
105473,CENTER COWLING INLET TUBE NEEDS REPLACEMENT.,AFTER FURTHER INSP; NO DEFECTS NOTED.,EC-2069eb6b7177dbf8,LG-2069eb6b7177dbf8,test
105474,#2 ROCKER COVER GASKET LEAKING.,REMOVED & REPLACED GASKET.,EC-8828e17d0b33db57,LG-608d782c2258dd59,train
105475,FOD ON TOP OF ENGINE,REMOVED FOD,EC-6f6ce10ee8d4cc99,LG-6f6ce10ee8d4cc99,train
105476,ENGINE QUIT.,RAN UP A/C. ENGINE STARTED USING NORMAL PROCEDURES. PER,EC-7ec91b51bd9b7c31,LG-7ec91b51bd9b7c31,train
105477,BOTH BAFFLE PLUGS DAMAGED.,REMOVED & REPLACED BAFFLE PLUGS.,EC-de3f4f0ce85b81b8,LG-a35b550497c9ab15,test
105478,A/C ENGINE WOULD SHUT DOWN WHEN LEANING MIXTURE ON THE GROUN,"PERFORMED GROUND RUN, VERIFIED W/ ENGINE @ 40*F CHT & O",EC-9bad4e589188b71f,LG-9bad4e589188b71f,train
105479,#2 CYL INTAKE LEAKING.,REMOVED & REPLACED GASKET.,EC-514eea05daaa3655,LG-4285908bb8f7434c,train
105480,#1 & 3 INTAKES LEAKING.,REMOVED & REPLACED GASKETS.,EC-6e5f6efdfa8729e3,LG-26ffbcbee302311b,test
105481,R/H REAR ENGINE BAFFLE MOUNTING SCREW MISSING.,REINSTALLED REAR BAFFLE SCREW.,EC-f1e73774ba72fb3a,LG-f1e73774ba72fb3a,train
105482,"ROUGH OPERATION AFTER START UP, ENGINE WANTS TO DIE AT 1000","PERFORMED GROUND RUN, OPS CK'ED GOOD.",EC-3bb8b9f7515502dc,LG-3bb8b9f7515502dc,train
105483,#2 CYL HAS LOW COMPRESSION.,REMOVED BAFFLING & COMPONENTS FROM #2 CYL. REMOVED CYL,EC-c3aa26ca83c3ba37,LG-c3aa26ca83c3ba37,test
105484,#2 CYL HAS LOW COMPRESSION.,"INSTALLED INNER COOLING BAFFLE ON CYL #1, 3. INSTALLED",EC-c3aa26ca83c3ba37,LG-c3aa26ca83c3ba37,test
105485,#2 CYL HAS LOW COMPRESSION.,"INSTALLED & TORQUED INJECTOR & LINE, EXHAUST STACK & IN",EC-c3aa26ca83c3ba37,LG-c3aa26ca83c3ba37,test
105486,#2 CYL HAS LOW COMPRESSION.,"INSTALLED #1 CYL SIDE BAFFLE, #2 CYL FWD & SIDE BAFFLES",EC-c3aa26ca83c3ba37,LG-c3aa26ca83c3ba37,test
105487,#1 ROCKER COVER IS LEAKING.,REMOVED & REPLACED GASKET.,EC-979a2371e346f510,LG-608d782c2258dd59,train
105488,#1 & 4 INTAKE GASKETS LEAKING.,REMOVED & REPLACED GASKETS.,EC-c2bde917d706a592,LG-4285908bb8f7434c,train
105489,"R/H AFT I/B BAFFLE SCREW MISSING, BY DIPSTICK.",REMOVED OIL COOLER FROM ENGINE BAFFLE. INSTALLED SCREW.,EC-2556dfdc72bea7df,LG-2556dfdc72bea7df,dev
105490,#3 ROCKER COVER LEAKS.,INSTALLED GASKET.,EC-6bb390bf9ca7cb64,LG-a95a51a28f245627,test
105491,#3 CYL HAS LOW COMPRESSION (40/80).,LEAK & RUN UP CK GOOD.,EC-7c44c256753191ae,LG-7c44c256753191ae,dev
105492,#3 CYL HAS LOW COMPRESSION (40/80).,STARTED REMOVING BAFFLING.,EC-7c44c256753191ae,LG-7c44c256753191ae,dev
105493,#3 CYL HAS LOW COMPRESSION (40/80).,INSTALLED CYL BAFFLES & ALL NECESSARY PARTS. C/W AD E 2,EC-7c44c256753191ae,LG-7c44c256753191ae,dev
105494,#3 CYL HAS LOW COMPRESSION (40/80).,"REMOVED CYL, FITTED NEW INTAKE VALVE, LAPPED BOTH VALVE",EC-7c44c256753191ae,LG-7c44c256753191ae,dev
105495,BOTH BAFFLE PLUGS DAMAGED.,REMOVED & REPLACED BAFFLE PLUGS.,EC-de3f4f0ce85b81b8,LG-a35b550497c9ab15,test
105496,"BAFFLE SCREW, BEHIND DIPSTICK, LOOSE.",TIGHTENED SCREW.,EC-081b5eaa6eb98032,LG-8bcd8bd145496e74,dev
105497,EXPERIENCED MOMENTARY LOSS OF POWER.,"PERFORMED MAINT HISTORY, INSPECTED FUEL SERVO. TEST RAN",EC-da381f23c40c7949,LG-da381f23c40c7949,train
105498,ALL INTAKE GASKETS NEED TO BE REPLACED.,REMOVED & REPLACED ALL INTAKE GASKETS & SEALS.,EC-e593b16485c89e4f,LG-8c4919d86d45cee2,train
105499,#1 & 2 CYL INTAKE GASKETS LEAK.,REMOVED & REPLACED GASKETS.,EC-5f21746209eca2a6,LG-5f21746209eca2a6,train
105500,BAFFLE SEAL ABOVE CYLINDERS 1 & 4 LOOSE.,RESECURED BAFFLE SEALS.,EC-203ea14443ccdbb1,LG-8b56fb7ee39a50fb,test
105501,R/H ENGINE BAFFLE PLUG DAMAGED.,"REPAIRED BAFFLE IAW SRM, REPLACED BAFFLE PLUGS.",EC-7f6adb62c8042054,LG-a35b550497c9ab15,test
105502,R/H ENG CYL #3 IS CRACKED.,COMPLETED INSTALLATION. OPS & LEAK CK GOOD.,EC-6bb9f662975ad8ba,LG-e3b964f842fc4352,test
105503,R/H ENG CYL #3 IS CRACKED.,REMOVED & REPLACED CYL W/ REBUILT ASSY. TORQUED ALL BAS,EC-6bb9f662975ad8ba,LG-e3b964f842fc4352,test
105504,#3 INTAKE LEAKING.,REMOVED & REPLACED GASKET.,EC-6f9c95f514a1077a,LG-10956cdabbd1e3ce,dev
105505,#2 INTAKE GASKET LEAKS.,REPLACED W/ NEW GASKET.,EC-373685885e8d1b9f,LG-0e48eb423d7a05e3,test
105506,"WHEN UNDER POWER, DURING CLIMB & WHILE CRUISING, ENGINE WAS","RAN A/C, COULD NOT DUPLICATE DISCREP. ALL SYSTEMS W/IN",EC-cbac3a9ad28a0054,LG-cbac3a9ad28a0054,train
105507,HARDWARE MISSING FROM #2 CYLINDER BAFFLE.,INSTALLED NEW HARDWARE.,EC-c4711c42c3146697,LG-c4711c42c3146697,train
105508,"#2, 3 ROCKER COVER GASKETS LEAK.",REMOVED & REPLACED GASKETS.,EC-8db496b3c20ecb34,LG-b5931cb367bf9e1f,train
105509,L/H BAFFLE PLUG HOLE IS WALLARD OUT.,INSTALLED DOUBLER ON L/H BAFFLE PLUG HOLE.,EC-6f390dead89e7d1e,LG-6f390dead89e7d1e,train
105510,#4 INTAKE GASKET IS LEAKING.,REPLACED GASKET.,EC-0489f0dc14177ee4,LG-4285908bb8f7434c,train
105511,ALL INTAKE TUBE GASKETS LEAKING.,"REMOVED ALL INTAKE GASKETS, REPLACED W/ NEW.",EC-fb8f2027bedf356d,LG-fb8f2027bedf356d,train
105512,RIVETS PULLED THRU AT AFT BAFFLE CENTER.,DRILLED OUT RIVETS & REPLACED W/ SCREWS & LOCK NUTS.,EC-240f373774c68243,LG-240f373774c68243,dev
105513,INTAKES 3 & 4 LEAKING ON L/H ENGINE.,REMOVED & REPLACED GASKETS.,EC-fd6a3c499af5e03a,LG-4285908bb8f7434c,train
105514,L/H ENGINE #E CYLINDER BAFFLING CRACKED.,STOP DRILLED CRACK.,EC-742b3e4f93a08868,LG-6e28e8984403d34e,train
105515,#2 INTAKE LEAKING ON L/H ENGINE.,REMOVED & REPLACED W/ NEW GASKET.,EC-36d820a8dd9d2bae,LG-4285908bb8f7434c,train
105516,#2 INTAKE ON R/H ENGINE LEAKING.,REMOVED & REPLACED W/ NEW GASKET.,EC-8813328f6e57a62d,LG-4285908bb8f7434c,train
105517,SMALL CRACK ON L/H LWR FWD SIDE OF FWD BAFFLE.,STOP DRILLED END OF CRACK.,EC-9bb76ea9659eb57d,LG-9bb76ea9659eb57d,dev
105518,#3 INTAKE ON R/H ENGINE LEAKING.,REMOVED & REPLACED GASKET,EC-f2542128c9eb4937,LG-4285908bb8f7434c,train
105519,"INTAKES 2, 3 & 4 LEAKING ON L/H ENGINE.",REMOVED & REPLACED GASKETS.,EC-f4c4e83928513c1e,LG-4285908bb8f7434c,train
105520,GROUNDING STRAP BOLT LOOSE ON ENGINE.,TIGHTENED BOLT.,EC-f78f0aebf5c55483,LG-f78f0aebf5c55483,train
105521,#4 INTAKE GASKET LEAKS.,REMOVED & REPLACED GASKET.,EC-c6bddbe61e65b1cb,LG-0e48eb423d7a05e3,test
105522,HARDWARE MISSING FROM AFT R/H BAFFLE.,INSTALLED NEW HARDWARE.,EC-7dbcea2bbcb41650,LG-c4711c42c3146697,train
105523,1 BAFFLE PLUG DAMAGED.,REMOVED & REPLACED BAFFLE PLUG.,EC-73be63deee539983,LG-a35b550497c9ab15,test
105524,L/H #2 & 4 INTAKE TUBE GASKETS LEAKING.,INSTALLED NEW GASKETS.,EC-07dbdd405b9bfa36,LG-ae9ab1f2ace76196,train
105525,R/H ENGINE LEFT AFT BAFFLE SEAL IS LOOSE.,RESECURED BAFFLE SEAL.,EC-d6355fc5fa8ddfd4,LG-37ac3da11bdb9f3b,train
105526,R/H ENGINE STILL HAS PRESERVATIVE OIL ON CYL #3 INTAKE PIPES,"CLEANED ENGINE. RAN UP A/C, NO DEFECTS NOTED.",EC-d10d93177884a17a,LG-d10d93177884a17a,dev
105527,R/H ENG #2 INTAKE GASKET LEAKING.,REPLACED GASKET.,EC-2ebbecb3b7866171,LG-4285908bb8f7434c,train
105528,"1, 2, 4 CYLINDER ROCKER COVERS LEAKING.",REMOVED ROCKER COVERS & CLEANED OLD GASKET OFF. REPLACE,EC-ffa4ab15857e6c02,LG-608d782c2258dd59,train
105529,HARDWARE MISSING FROM #3 BAFFLE.,INSTALLED NEW HARDWARE.,EC-56be22d517ace770,LG-c4711c42c3146697,train
105530,#1 & 3 ROCKER COVERS LEAKING.,REMOVED & REPLACED GASKETS.,EC-67b8282817b33e38,LG-608d782c2258dd59,train
105531,L/H ENG #4 INTAKE LEAKS.,PREVIOUSLY C/W ON PD #12.,EC-b71ab94ba954dcb8,LG-0e48eb423d7a05e3,test
105532,L/H ENG #2 & 4 INTAKE GASKETS LEAKING.,REPLACED GASKETS.,EC-20e90565c6caaf40,LG-4285908bb8f7434c,train
105533,R/H ENG #2 & 4 INTAKE GASKETS LEAKING.,REMOVED & REPLACED W/ NEW GASKETS.,EC-3ed8b19ef9bf4720,LG-4285908bb8f7434c,train
105534,ENGINE LEAKING FROM LIFTING EYE.,LEAK CK GOOD.,EC-f74fb7a156e9804e,LG-f74fb7a156e9804e,train
105535,#2 CYL BAFFLE NEEDS BARREL NUT.,INSTALLED NEW BARREL NUT & SCREW.,EC-af8e14c9076796a4,LG-af8e14c9076796a4,train
105536,ENGINE LEAKING FROM LIFTING EYE.,"CLEANED ENGINE, SEALED LIFTING EYE BOLT.",EC-f74fb7a156e9804e,LG-f74fb7a156e9804e,train
105537,ROUGH CHOPPING NOISE COMING FROM ENGINE ON APPLICATION OF FU,RAN A/C & CONFIRMED DISCREP. REMOVED COWLING & INSPECTE,EC-c4c818c9cdf18965,LG-c4c818c9cdf18965,dev
105538,ROUGH CHOPPING NOISE COMING FROM ENGINE ON APPLICATION OF FU,"MEASURED RING GAPS & INSTALLED, TORQUED CYL HOLD DOWNS.",EC-c4c818c9cdf18965,LG-c4c818c9cdf18965,dev
105539,ROUGH CHOPPING NOISE COMING FROM ENGINE ON APPLICATION OF FU,REASSEMBLED ATTACHING PARTS TO #2 CYL FWD BAFFLING. RAN,EC-c4c818c9cdf18965,LG-c4c818c9cdf18965,dev
105540,#4 AFT BAFFLE MISSING SCREW.,REINSTALLED SCREW.,EC-515bcd8483423a91,LG-2712ed94e860906e,train
105541,#2 INTAKE IS LEAKING.,REMOVED & REPLACED GASKET.,EC-8ec828272e86c6c2,LG-10956cdabbd1e3ce,dev
105542,ENGINE REQUIRES OVERHAUL.,PREPPED & PAINTED ENGINE.,EC-399382df6cc4573a,LG-399382df6cc4573a,train
105543,#3 SIDE BAFFLE TAB RIVETS LOOSE.,REPLACED RIVETS W/ MACHINE SCREWS & LOCK NUTS.,EC-d8cb39478880cf8b,LG-59d5d550a3d0d894,dev
105544,ENGINE REQUIRES OVERHAUL.,MOUNTED ENGINE & TORQUED. STARTED ENGINE INSTALLATION.,EC-399382df6cc4573a,LG-399382df6cc4573a,train
105545,ENGINE REQUIRES OVERHAUL.,INSTALLED ACCESSORY CASE & OIL SCREEN HOUSING. INSTALLE,EC-399382df6cc4573a,LG-399382df6cc4573a,train
105546,ENGINE REQUIRES OVERHAUL.,"MEASURED RODS, CASE & CRANK. BEARING CLEARANCE CK GOOD,",EC-399382df6cc4573a,LG-399382df6cc4573a,train
105547,ENGINE REQUIRES OVERHAUL.,"RIGGED ENGINE CONTROLS, FINISHED BAFFLING ENGINE, INSTA",EC-399382df6cc4573a,LG-399382df6cc4573a,train
105548,ENGINE REQUIRES OVERHAUL.,"INSTALLED CRANKSHAFT SEAL, ROUTED WIRING, INSTALLED SKA",EC-399382df6cc4573a,LG-399382df6cc4573a,train
105549,ENGINE REQUIRES OVERHAUL.,"RAN A/C, OPS & LEAK CK GOOD. FOR BREAK",EC-399382df6cc4573a,LG-399382df6cc4573a,train
105550,ENGINE REQUIRES OVERHAUL.,UNMASKED & CLEANED PARTS. INSTALLED NEW CYLINDERS ON EN,EC-399382df6cc4573a,LG-399382df6cc4573a,train
105551,R/H BOTTOM BAFFLE TIE WIRE HOLE ELONGATED.,REPOSITIONED HOLE & INSTALLED NEW WIRE TIE.,EC-fcc357cb137a6ada,LG-fcc357cb137a6ada,train
105552,SCREW MISSING ON #3 CYL BAFFLING.,INSTALLED SCREW.,EC-1b25624acfbc2f47,LG-1b25624acfbc2f47,train
105553,"R/H ENGINE SPUTTERING @ 1700 RPM, AS INCREASED THROTTLE RPM",OPS & LEAK CK'ED GOOD.,EC-3190e02275d87520,LG-3190e02275d87520,train
105554,"R/H ENGINE SPUTTERING @ 1700 RPM, AS INCREASED THROTTLE RPM","RAN A/C, CONFIRMED DISCREP. REMOVED COWL, R/H ENGINE IN",EC-3190e02275d87520,LG-3190e02275d87520,train
105555,"R/H ENGINE SPUTTERING @ 1700 RPM, AS INCREASED THROTTLE RPM","RAN ENGINE, PROBLEM STILL THERE. REPLACED L/H MAG ON PD",EC-3190e02275d87520,LG-3190e02275d87520,train
105556,"DURING FLIGHT, EXCEEDED PROP SPEED LIMITATIONS (2720 RPM).","INSPECTED IAW LYCOMING , VERIFIED TO BE LESS THA",EC-910144bf8199ceaf,LG-910144bf8199ceaf,train
105557,"L/H ENG #3, 4 CYL INTAKES LEAKING.",REMOVED & REPLACED INTAKE GASKETS.,EC-e779717b82205086,LG-e779717b82205086,train
105558,R/H FWD BAFFLE SEAL IS LOOSE.,RESECURED SEAL.,EC-06389f9b26f76909,LG-550468c14295fbc3,test
105559,#2 & 4 INTAKES LEAKING ON R/H ENGINE.,REMOVED & REPLACED GASKETS.,EC-7cbddf978b2b8f78,LG-4285908bb8f7434c,train
105560,"2, 3, & 4 INTAKES LEAKING ON L/H ENGINE.",REMOVED & REPLACED GASKETS.,EC-9f73beba29081947,LG-4285908bb8f7434c,train
105561,L/H FWD ENGINE BAFFLE WORN & CRACKED.,INSTALLED NEW L/H FWD ENGINE BAFFLE.,EC-32e2b4515e39fca0,LG-15f761dc9e6351d8,dev
105562,"ENGINE OVERSPEED, 2740 RPM.",INSPECTED AS REQUIRED BY LYCOMING  FOR LESS THAN,EC-b10446199e0ea47b,LG-b10446199e0ea47b,train
105563,PILOT REPORTED PROP OVERSPEED OF 20 RPM FOR A FEW SECONDS.,AS PER  ON OVERSPEED CONSIDERED TO BE LESS THAN,EC-c4f50b14ea916ee2,LG-c4f50b14ea916ee2,train
105564,BOTH BOLTS LOOSE FOR GROUNDING STRAP FOR ENG.,TIGHTENED BOTH BOLTS.,EC-e728a33f16769227,LG-e728a33f16769227,train
105565,#3 INTAKE GASKET LEAKING.,REMOVED & REPLACED W/ NEW GASKET.,EC-12a267bf8b1d91a6,LG-4285908bb8f7434c,train
105566,"#1, 2, 3 & 4 INTAKE GASKETS ARE LEAKING.",REPLACED GASKETS.,EC-1879c4fe8650a3fd,LG-4285908bb8f7434c,train
105567,#2 INTAKE GASKET LEAKING.,REMOVED & REPLACED GASKE.,EC-1fec9b07493816ca,LG-4285908bb8f7434c,train
105568,INTAKES #2 & 4 LEAKING ON L/H ENGINE.,REPLACED GASKETS.,EC-d2f94222d794d3e1,LG-4285908bb8f7434c,train
105569,INTAKE #3 LEAKING ON R/H ENGINE.,REMOVED & REPLACED GASKET.,EC-54e8a9bc15b1c59e,LG-4285908bb8f7434c,train
105570,R/H ENG #3 & 4 INTAKE GASKETS LEAKING.,REMOVED & REPLACED GASKETS.,EC-faeaaba1210a7fbf,LG-4285908bb8f7434c,train
105571,L/H ENG CYL #2 & 4 INTAKE GASKETS ARE LEAKING.,REMOVED & REPLACED INTAKE GASKETS.,EC-8215989923a75478,LG-4285908bb8f7434c,train
105572,"#1, 3 INTAKE GASKETS LEAKING.",REPLACED INTAKE GASKETS.,EC-d2121aadd272b797,LG-4285908bb8f7434c,train
105573,ROCKER COVER SCREW MISSING ON #3 CYL.,INSTALLED NEW SCREW.,EC-3e17cd303077d05f,LG-ea79c13832bc7f5d,train
105574,INDUCTION ELBOW DRAIN TUBE REQUIRES REPOSITIONING.,REPOSITIONED DRAIN TUBE.,EC-332c6eda32bd9329,LG-332c6eda32bd9329,train
105575,R/H ENG #4 INTAKE GASKET LEAKING.,REMOVED & REPLACED W/ NEW GASKET.,EC-ac4b8f77dfdaf87b,LG-4285908bb8f7434c,train
105576,#2 & 3 INTAKES LEAKING ON L/H ENGINE.,REPLACED GASKETS.,EC-8e21f9fd40603ed5,LG-4285908bb8f7434c,train
105577,#3 & 4 INTAKES LEAKING ON R/H ENGINE.,REPLACED GASKETS.,EC-96bbea2f0f21f799,LG-4285908bb8f7434c,train
105578,"STARTED ENGINE. ON START ENGINE ROUGHNESS, ENGINE CONTINUED","PERFORMED GROUND RUN, AFTER ENGINE WARMED TO OR NEAR TO",EC-4e353aa60daf9147,LG-4e353aa60daf9147,train
105579,#3 CYL EGT LOW ON RUN UP W/ ROUGH RUNNING ENGINE AFTER START,"PERFORMED COMPRESSION CK, FOUND #3 CYL LOW. REMOVED CYL",EC-3d7dbfed0f466f7b,LG-3d7dbfed0f466f7b,train
105580,CK #1 & 3 OIL DRAIN TUBES; CHAFED BY ANTI-CHAFE.,"REMOVED HARDENED CHAFE WRAP, WEAR W/IN ACCEPTABLE LIMIT",EC-9a5b24b5659114d0,LG-9a5b24b5659114d0,dev
105581,#2 ROCKER COVER GASKET IS LEAKING.,REPLACED GASKET.,EC-b515029866e4d566,LG-608d782c2258dd59,train
105582,ALL BOLTS FOR GROUNDING STRAPS FOR ENG & FIREWALL TO FRAME L,TIGHTENED ALL BOLTS.,EC-3dc58b7b1c3a6c12,LG-3dc58b7b1c3a6c12,test
105583,#2 CYL FWD BAFFLE HAS HOLE IN IT.,FABRICATED PATCH W/ LIKE MATERIAL & RIVETED IAW ,EC-5eea335927033e9c,LG-5eea335927033e9c,train
105584,SCREW MISSING ON #2 ROCKER COVER.,INSTALLED SCREW.,EC-b5c0154a2b3249f9,LG-ee48bcbd70b76233,dev
105585,L/H #4 AFT BAFFLE SEAL LOOSE.,SECURED W/ LACING CORD.,EC-ad5e7d17063214cc,LG-37ac3da11bdb9f3b,train
105586,R/H ENGINE HAS LEAK ALONG BACK BONE.,RESEALED & TORQUED HOISTING RING BOLT.,EC-7a2da2e3d249a148,LG-7a2da2e3d249a148,dev
105587,L/H CYL #4 INTAKE BOLT BROKE OFF.,ACCESSED AREA AROUND #4 CYL & REMOVED CYL.,EC-7529bcde538bb2a2,LG-7529bcde538bb2a2,train
105588,L/H #4 INTAKE GASKET IS LEAKING.,TRIED REMOVING BROKEN BOLT. BOLT WILL NOT LOOSEN. MUST,EC-921ecc96d61043ea,LG-4285908bb8f7434c,train
105589,L/H CYL #4 INTAKE BOLT BROKE OFF.,INSTALLED SERVICEABLE CYL & INSTALLED ALL ACCESSORIES.,EC-7529bcde538bb2a2,LG-7529bcde538bb2a2,train
105590,EVIDENCE OF CARB FIRE ON L/H CARB AIRBOX.,INSPECTED AREA OF FIRE IN CARB AIRBOX. CLEANED & INSPEC,EC-55696cdff9b33964,LG-55696cdff9b33964,test
105591,L/H & R/H ENGINE LOWER COWL SEALS LOOSE.,RESECURED ENGINE COWL SEALS.,EC-29a5d07a8ab1b1c6,LG-29a5d07a8ab1b1c6,train
105592,SMALL RUST SPOT ON AFT TOP L/H (L/H ENGINE MOUNT).,"REMOVED RUST, INSPECTED, NO DEFECTS. PAINTED W/ PRIMER.",EC-12e41918a27f7456,LG-12e41918a27f7456,test
105593,RPM 2740 FOR 1-3 SECONDS.,REMOVED SD CARD TO REVIEW DATA. INSPECTED DATA & FOUND,EC-471c3d6caa835ba1,LG-471c3d6caa835ba1,test
105594,"#2 INTAKE LEAK, L/H ENGINE.",REMOVED & REPLACED GASKET W/ NEW.,EC-fd5ae8c7a6a4fea7,LG-fd5ae8c7a6a4fea7,train
105595,"#3 INTAKE LEAK, R/H ENGINE.",REMOVED & REPLACED GASKET W/ NEW.,EC-c5a6a8450566ce2f,LG-fd5ae8c7a6a4fea7,train
105596,"OIL LEAK AT R/H ENGINE BACK BONE, AFT BOLT.",SEALED BOLT & TORQUED. LEAK CK GOOD.,EC-f6a2f08552efb518,LG-f6a2f08552efb518,train
105597,R/H ENGINE BAFFLE SPRING BROKEN.,REMOVED & REPLACED SPRING.,EC-c2dce4aaa63d8988,LG-f714f46f4da8f6fa,train
105598,#4 CYLINDER HAS LOW COMPRESSION.,RETRIEVED NEW CYL ASSY FROM INVENTORY.,EC-0f2628983e791b5b,LG-c3aa26ca83c3ba37,test
105599,#4 CYLINDER HAS LOW COMPRESSION.,"INSTALLED ""MINERAL OIL ONLY"" STICKERS.",EC-0f2628983e791b5b,LG-c3aa26ca83c3ba37,test
105600,#4 CYLINDER HAS LOW COMPRESSION.,FITTED RINGS TO PISTON. INSTALLED PISTON & CYL ASSY TO,EC-0f2628983e791b5b,LG-c3aa26ca83c3ba37,test
105601,#4 CYLINDER HAS LOW COMPRESSION.,REMOVED CYL FROM ENG. REMOVED & REPLACED EXHAUST VALVE.,EC-0f2628983e791b5b,LG-c3aa26ca83c3ba37,test
105602,#4 CYLINDER HAS LOW COMPRESSION.,COMPELTED INSTALLATION OF BAFFLING & EXHAUST VALVE. LAS,EC-0f2628983e791b5b,LG-c3aa26ca83c3ba37,test
105603,"#3 ENGINE BAFFLE BOLT HOLE, FOR HOLD DOWN, NEEDS NEW RIVETS.",REMOVED BAD RIVETS & INSTALLED NEW.,EC-da83450649550f7c,LG-da83450649550f7c,train
105604,BAFFLE SCREW BEHIND DIPSTICK TUBE LOOSE.,TIGHTENED SCREW.,EC-d75cbacce5908145,LG-7258411586fd843f,train
105605,CLAMP BROKEN ON BATTERY MOUNT.,REMOVED & REPLACED CLAMP.,EC-df25242809e74b7a,LG-df25242809e74b7a,train
105606,ENGINE COWL CAM LOCK LOOSE.,RESECURED CAM LOCK.,EC-e0e4e7b2417fb1c9,LG-e0e4e7b2417fb1c9,dev
105607,BAFFLE SCREW MISSING ON R/H ENG #4 CYL.,REPLACED SCREW.,EC-49fcf6e369db9eb4,LG-ac09d330d3a5d8db,dev
105608,"BAFFLE SEALS ON #2, 4 CYLINDERS ON L/H ENGINE NEEDS TO BE SE",SECURED BAFFLE SEALS.,EC-0dcee9df95b5bf6a,LG-0dcee9df95b5bf6a,train
105609,#3 CYL AFT BAFFLE MISSING MOUNT BOLT.,INSTALLED NEW MOUNT BOLT.,EC-a1ef14bc975f32b0,LG-a1ef14bc975f32b0,train
105610,#3 & 4 INTAKES LEAKING.,REMOVED & REPLACED GASKETS.,EC-2daf2ac0cbc5b82a,LG-26ffbcbee302311b,test
105611,2 & 4 INTAKES LEAKING ON R/H ENGINE.,REPLACED GASKETS.,EC-446f831b1720e26d,LG-4285908bb8f7434c,train
105612,"L/H ENG #2, 3, 4 INTAKE GASKETS LEAKING.",REMOVED & REPLACED W/ NEW GASKETS.,EC-ba95dedda690800e,LG-4285908bb8f7434c,train
105613,#4 INTAKE GASKET LEAKING.,"REPLACED GASKET, LEAK CK GOOD.",EC-57acd94dcdde4ef3,LG-4285908bb8f7434c,train
105614,R/H ENG #3 INTAKE IS LEAKING.,REMOVED & REPLACED GASKET.,EC-2c45d54fef43ee4a,LG-4285908bb8f7434c,train
105615,"#1, 4 INTAKE GASKETS LEAKING.",REMOVED & REPLACED W/ NEW GASKETS.,EC-9dd986f2fc8ff8d0,LG-4285908bb8f7434c,train
105616,R/H ENGINE LWR FIRESEAL LOOSE.,REATTACHED LWR FIRESEAL.,EC-f23d5c700d31e63f,LG-f23d5c700d31e63f,train
105617,"ENGINE STARTED NORMALLY, 60 SECS AFTER START, ENGINE BEGAN T","RAN A/C, OPS GOOD.",EC-0df46384df7805a1,LG-0df46384df7805a1,test
105618,"ENGINE STARTED NORMALLY, 60 SECS AFTER START, ENGINE BEGAN T",REINDEXED MIXTURE LINKAGE.,EC-0df46384df7805a1,LG-0df46384df7805a1,test
105619,"ENGINE STARTED NORMALLY, 60 SECS AFTER START, ENGINE BEGAN T","RAN UP A/C, IDLE MIXTURE LINKAGE NEEDS TO BE REINDEXED.",EC-0df46384df7805a1,LG-0df46384df7805a1,test
105620,FUEL LEAK FROM DRAIN.,RAN A/C & FOUND NO LEAKS NOTED AFTER A/C SITTING OVERNI,EC-7672a2bca6c4cc67,LG-7672a2bca6c4cc67,train
105621,"#1, 2 ROCKER COVERS LEAKING.",REPLACED GASKETS.,EC-d524d19ca8a185b2,LG-608d782c2258dd59,train
105622,ADEL CLAMP ON AFT R/H PRIMER LINE NEEDS TO BE REPLACED.,REMOVED & REPLACED ADEL CLAMP.,EC-8f18ff718cc7513b,LG-8f18ff718cc7513b,dev
105623,ZIP TIES NEED TO BE REMOVED FROM ENGINE MOUNTS.,REMOVED ZIP TIES & RESECURED WIRING & CONTROL CABLES W/,EC-c8f93b9171fd520f,LG-c8f93b9171fd520f,train
105624,CHAFE TAPE NEEDED ON #2 BAFFLE.,INSTALLED CHAFE TAPE.,EC-d16ab3ca1d453be4,LG-d16ab3ca1d453be4,train
105625,"ON RUN UP, ENGINE RUNNING EXTREMELY ROUGH. SEVERAL LOUD SOUN","RAN A/C, COULD NOT DUPLICATE PROBLEM. ALL TEMPS & PRESS",EC-c23499d66ca83c62,LG-c23499d66ca83c62,train
105626,#4 INTAKE LEAKING.,REPLACED GASKET.,EC-66d79f80174da74e,LG-10956cdabbd1e3ce,dev
105627,"BAFFLE SEAL IS LOOSE, FWD OF #1 CYLINDER.",SECURED SEAL W/ POP RIVET.,EC-839bdbf96bc9ef8e,LG-9fecd093a043e4a2,dev
105628,R/H FWD BAFFLING IS CRACKED.,STOP DRILLED CRACK.,EC-f7753b77ed4fabbc,LG-f7753b77ed4fabbc,train
105629,REMOVE ZIP TIES FROM ENGINE MOUNT.,REMOVED ALL ZIP TIES FROM ENGINE MOUNT.,EC-a02394fab1d32161,LG-a02394fab1d32161,train
105630,"DUCTING RUBBING ON OIL PSI LINE, BY FIREWALL.",INSTALLED SPIRAL WRAP ON OIL LINE.,EC-baf0fe58cc5b6e10,LG-baf0fe58cc5b6e10,dev
105631,#1 & 3 INTAKE GASKETS ARE LEAKING.,REPLACED GASKETS.,EC-c77e0b82a38eb53f,LG-4285908bb8f7434c,train
105632,#1 & 4 INTAKES LEAKING.,REMOVED & REPLACED GASKETS.,EC-bec29ba56bf692b8,LG-26ffbcbee302311b,test
105633,LH/ TOP ENGINE BAFFLE SEAL LOOSE.,RESCURED BAFFLE SEAL.,EC-0cc6dfdc09744ff4,LG-0cc6dfdc09744ff4,train
105634,L/H ENG STARTED RUNNING ROUGH IN FLIGHT. FULL MIXTURE & FULL,COULD NOT START L/H ENG. R/H OK.,EC-151e2a93518ab773,LG-151e2a93518ab773,train
105635,L/H ENG STARTED RUNNING ROUGH IN FLIGHT. FULL MIXTURE & FULL,STARTED L/H & R/H ENGINES. PERFORMED GROUND RUN. NO DEF,EC-151e2a93518ab773,LG-151e2a93518ab773,train
105636,#3 CYLINDER HAS BAD COMPRESSION.,COMPLETED ENGINE REASSEMBLY.,EC-23f3615d6add2c47,LG-23f3615d6add2c47,train
105637,#3 CYLINDER HAS BAD COMPRESSION.,"RAN ENGINE, OPS & LEAK CK GOOD.",EC-23f3615d6add2c47,LG-23f3615d6add2c47,train
105638,#3 CYLINDER HAS BAD COMPRESSION.,REMOVED #3 CYL. FITTED NEW PISTON & RINGS. FITTED & TOR,EC-23f3615d6add2c47,LG-23f3615d6add2c47,train
105639,#3 CYLINDER HAS BAD COMPRESSION.,DRY TAPPET CLEARANCE CK GOOD. REASSEMBLED ENGINE. SERVI,EC-23f3615d6add2c47,LG-23f3615d6add2c47,train
105640,"R/H FWD BAFFLE SECTION, ABOVE #1 CYL, HAS DAMAGED NUTPLATES.",REPLACED UPPER NUTPLATE. REMOVED STUCK SCREWS ,EC-cec24ecbdf2c3716,LG-cec24ecbdf2c3716,train
105641,"BOTH ENGINES DIED AFTER LANDING GROUND ROLL STOP. RESTARTED,","PERFORMED FULL GROUND RUN, OPS CK'ED GOOD. NO DEFECTS N",EC-7da2a22131ba2b44,LG-7da2a22131ba2b44,test
105642,#4 INTAKE ON L/H ENG LEAKING.,REPLACED GASKETS.,EC-7c11f132ed5e9746,LG-4285908bb8f7434c,train
105643,#2 & 4 INTAKES LEAKING.,REMOVED & REPLACED GASKETS.,EC-4b6fcdaabbc0244e,LG-26ffbcbee302311b,test
105644,#4 INTAKE GASKET LEAKING.,REMOVED & REPLACED W/ NEW GASKET.,EC-57acd94dcdde4ef3,LG-4285908bb8f7434c,train
105645,BOLT ON TOP OF ENGINE CASE SHOWS SIGNS OF LEAKING.,SEALED BOLT W/ HIGH TEMP RTV.,EC-78a1772466467f48,LG-78a1772466467f48,train
105646,#3 & 4 INTAKES LEAKING.,REMOVED & REPLACED GASKETS.,EC-2daf2ac0cbc5b82a,LG-26ffbcbee302311b,test
105647,#3 & 4 INTAKES LEAKING.,REMOVED & REPLACED GASKETS.,EC-2daf2ac0cbc5b82a,LG-26ffbcbee302311b,test
105648,BOTH ENG BAFFLE PLUGS WORN.,INSTALLED NEW.,EC-7e9b7aa186f4b00c,LG-d1ae1963cf7de664,dev
105649,#4 CYLINDER HAS LOW COMPRESSION.,REMOVED CYL. FOUND BURNT VALVE. LAPPED & FITTED NEW EXH,EC-0f2628983e791b5b,LG-c3aa26ca83c3ba37,test
105650,#4 INTAKE LEAKING.,REMOVED & REPLACED GASKET.,EC-66d79f80174da74e,LG-10956cdabbd1e3ce,dev
105651,"STRANGE HOWLING NOISE, THAT INCREASES IN VOLUME DURING FLIGH",INSPECTED & PERFORMED GROUND RUN. NO DEFECTS NOTED.,EC-d76cfeefe0642da5,LG-d76cfeefe0642da5,train
105652,#4 INTAKE IS LEAKING.,REMOVED & REPLACED GASKET.,EC-03758ee4b47de086,LG-10956cdabbd1e3ce,dev
105653,"CYL #1, 3, 1 INTAKE GASKETS ARE LEAKING.",REMOVED & REPLACED GASKETS W/ NEW.,EC-5f7af05f7d9dfac6,LG-4285908bb8f7434c,train
105654,R/H ENG LWR AFT COWLING HAS SEALS TO BE REGLUED.,REGLUED SEAL SECTIONS.,EC-41154d9eac105b5b,LG-41154d9eac105b5b,train
105655,"LOWER AFT COWL, L/H ENG STARTER GEN AIR VENT HAS CRACK.",APPLIED SEALANT TO CRACK.,EC-c24a0b8f0dc557b6,LG-c24a0b8f0dc557b6,train
105656,"CHAFE TAPE NEEDED ON BULKHEAD BEHIND FUEL NOZZLES, L/H ENG &",APPLIED SEALANT FOR CHAFING.,EC-50b5516cee211ab7,LG-50b5516cee211ab7,train
105657,L/H FWD ENGINE BAFFLE LOOSE.,RESECURED ENGINE BAFFLE.,EC-a8b69ced7f18e833,LG-550468c14295fbc3,test
105658,#1-3 BAFFLE TIE WIRE BROKEN.,INSTALLED NEW BAFFLE TIE WIRE.,EC-ad91554861bcce49,LG-ad91554861bcce49,dev
105659,#2 & 4 CHT/EGT WIRE ANCHOR BROKEN.,REMOVED & REPLACED ANCHORS.,EC-a626b993d9fa1d18,LG-a626b993d9fa1d18,dev
105660,#1 CYL BAFFLING HAS A CRACK.,STOP DRILLED CRACK.,EC-19a76e12dbb5990d,LG-ba7217e25eae07fa,train
105661,#2 INTAKE GASKET LEAKING.,REMOVED & REPLACED GASKET.,EC-1fec9b07493816ca,LG-4285908bb8f7434c,train
105662,#4 INTAKE TUBE LEAKING (R/H ENGINE).,REMOVED & REPLACED W/ NEW GASKET.,EC-c008c3bf7ac1ed00,LG-c008c3bf7ac1ed00,train
105663,#1 CYL ROCKER ARM & PUSH ROD GALLED ON EXHAUST SIDE.,REMOVED & REPLACED ROCKER ARM & PUSH ROD.,EC-c496712107f60641,LG-c496712107f60641,train
105664,#2 CYL ROCKER ARM & PUSH ROD GALLED ON EXHAUST SIDE.,REMOVED & REPLACED ROCKER ARM & PUSH ROD.,EC-0ba0f4d90e55f2cb,LG-c496712107f60641,train
105665,#3 CYL ROCKER ARM & PUSH ROD GALLED ON EXHAUST SIDE.,REMOVED & REPLACED ROCKER ARM & PUSH ROD.,EC-65951a3eaf593983,LG-c496712107f60641,train
105666,#4 CYL ROCKER ARM & PUSH ROD GALLED ON EXHAUST SIDE.,REMOVED & REPLACED ROCKER ARM & PUSH ROD.,EC-7dc7014f8a50ab2b,LG-c496712107f60641,train
105667,ENGINE RUNNING VERY ROUGH & SHAKING AFTER START UP.,"INSTALLED ROCKER COVERS & CLEANED. RAN A/C, LEAK & OPS",EC-c57c43fe3a9c3014,LG-c57c43fe3a9c3014,train
105668,ENGINE RUNNING VERY ROUGH & SHAKING AFTER START UP.,RAN A/C & ENGINE RAN ROUGH. #2 CYL EGT LOW. DISASSEMBLE,EC-c57c43fe3a9c3014,LG-c57c43fe3a9c3014,train
105669,ENGINE RUNNING VERY ROUGH & SHAKING AFTER START UP.,"C/W AD E 2015-19-07, FUEL INJ LINE FAILURE INSP (REV DA",EC-c57c43fe3a9c3014,LG-c57c43fe3a9c3014,train
105670,ENGINE RUNNING VERY ROUGH & SHAKING AFTER START UP.,RAN ENGINE TO WARM CYLINDERS. PERFORMED COMPRESSION CK.,EC-c57c43fe3a9c3014,LG-c57c43fe3a9c3014,train
105671,ENGINE RUNNING VERY ROUGH & SHAKING AFTER START UP.,RAN ENGINE & VERIFIED DISCREPANCY. THERE IS LIKELY A ST,EC-c57c43fe3a9c3014,LG-c57c43fe3a9c3014,train
105672,MX FLIGHT REQUIRED TO CK FOR ABNORMAL ENGINE ROUGHNESS IN FL,COMPLETED CYLINDER #4 & BAFFLE INSTLLATION.,EC-3085d26f7ae710b8,LG-3085d26f7ae710b8,test
105673,MX FLIGHT REQUIRED TO CK FOR ABNORMAL ENGINE ROUGHNESS IN FL,"REAMED EXHAUST VALVE GUIDES ON CYLS 1, 2 & 3.",EC-3085d26f7ae710b8,LG-3085d26f7ae710b8,test
105674,MX FLIGHT REQUIRED TO CK FOR ABNORMAL ENGINE ROUGHNESS IN FL,ASSEMBLED BAFFLE & ROCKER COVERS ON CYL 1 & 3. REMOVED,EC-3085d26f7ae710b8,LG-3085d26f7ae710b8,test
105675,MX FLIGHT REQUIRED TO CK FOR ABNORMAL ENGINE ROUGHNESS IN FL,"STARTED REMOVING SPARK PLUGS, SIDE BAFFLES, ROCKER COVE",EC-3085d26f7ae710b8,LG-3085d26f7ae710b8,test
105676,MX FLIGHT REQUIRED TO CK FOR ABNORMAL ENGINE ROUGHNESS IN FL,"LOWERED EXHAUST, REMOVED ATTACHING HARDWARE TO CYL 4. R",EC-3085d26f7ae710b8,LG-3085d26f7ae710b8,test
105677,MX FLIGHT REQUIRED TO CK FOR ABNORMAL ENGINE ROUGHNESS IN FL,"PREPPED NEW CYL & PISTON. INSTALLED NEW PISTON, RINGS &",EC-3085d26f7ae710b8,LG-3085d26f7ae710b8,test
105678,OIL LEAK AT L/H ENGINE HOISTING LOOP.,LEAK CK GOOD.,EC-d5aef5cc57dc5a55,LG-3f62786720e845e8,train
105679,OIL LEAK AT L/H ENGINE HOISTING LOOP.,SEALED & TORQUED BOLT.,EC-d5aef5cc57dc5a55,LG-3f62786720e845e8,train
105680,"INTAKES 1, 2 & 3 LEAKING ON R/H ENGINE.",REMOVED & REPLACED GASKETS.,EC-7bcb5bf4e3eea3fa,LG-4285908bb8f7434c,train
105681,"#2, 3 & 4 INTAKE GASKETS LEAKING ON L/H ENIGNE.",REMOVED & REPLACED W/ NEW GASKETS.,EC-a125caba4f77a822,LG-f4b1dcb33634ed0e,test
105682,#1 & 2 ROCKER GASKETS ARE LEAKING ON L/H ENGINE.,REMOVED & REPLACED W/ NEW SILICONE GASKETS.,EC-a10245eeb1fce27d,LG-608d782c2258dd59,train
105683,AFT R/H BAFFLE SCREW IS MISSING.,REMOVED OIL COOLER FROM BAFFLE (NO LINES DISTURBED). IN,EC-fefeedfc6a9a0a18,LG-ac09d330d3a5d8db,dev
105684,"#2, 4 INTAKE GASKETS LEAKING ON L/H ENGINE.",REMOVED & REPLACED W/ NEW GASKETS.,EC-8e62df774150fb89,LG-4285908bb8f7434c,train
105685,"DURING POWER ON STALL, @ FULL THROTTLE, THERE WAS A LOUD TAP","RAN UP A/C, COULD NOT DUPLICATE FUEL SMELL.",EC-db257861fab7d1f4,LG-db257861fab7d1f4,dev
105686,"DURING POWER ON STALL, @ FULL THROTTLE, THERE WAS A LOUD TAP",RAN A/C. COULD NOT DUPLICATE TAPPING NOISE OR FUEL SMEL,EC-db257861fab7d1f4,LG-db257861fab7d1f4,dev
105687,L/H ENG #3 INTAKE LEAKING.,REMOVED & REPLACED GASKET.,EC-73622e3ba7ce4fb6,LG-4285908bb8f7434c,train
105688,"R/H ENG #2, 3 & 4 INTAKE TUBE GASKETS LEAKING.",INSTALLED NEW GASKETS.,EC-0b72f445ad2cf0f3,LG-ae9ab1f2ace76196,train
105689,IN STRAIGHT & LEVEL FLIGHT EXPERIENCED 2 VIBRATIONS W/ A/C Y,ROUTED & SECURED OIL LINES.,EC-6753046feaf0cb51,LG-6753046feaf0cb51,dev
105690,IN STRAIGHT & LEVEL FLIGHT EXPERIENCED 2 VIBRATIONS W/ A/C Y,RUN UP & LEAK CK OK. FOR MX FLIGHT.,EC-6753046feaf0cb51,LG-6753046feaf0cb51,dev
105691,IN STRAIGHT & LEVEL FLIGHT EXPERIENCED 2 VIBRATIONS W/ A/C Y,"BEGAN LYCOMING , FOUND #2 EXHAUST GUIDE TIGHT. R",EC-6753046feaf0cb51,LG-6753046feaf0cb51,dev
105692,IN STRAIGHT & LEVEL FLIGHT EXPERIENCED 2 VIBRATIONS W/ A/C Y,"PERFORMED  ON #4 EXHAUST GUIDE, FOUND TIGHT. REA",EC-6753046feaf0cb51,LG-6753046feaf0cb51,dev
105693,IN STRAIGHT & LEVEL FLIGHT EXPERIENCED 2 VIBRATIONS W/ A/C Y,COMPLETED ASSY OF BAFFLES. RAN ENGINE BLADES ENGAGE,EC-6753046feaf0cb51,LG-6753046feaf0cb51,dev
105694,"1, 2 & 3 INTAKES LEAKING.",REMOVED & REPLACED INTAKE GASKETS.,EC-1363bc0027b0ca58,LG-26ffbcbee302311b,test
105695,#1 INTAKE LEAKING.,REMOVED & REPLACED GASKET.,EC-3bfb71c5d2c84d08,LG-10956cdabbd1e3ce,dev
105696,#1 CYLINDER ON R/H ENGINE IS CRACKED.,OPS & LEAK CK GOOD.,EC-e70771632a8f52b1,LG-e3b964f842fc4352,test
105697,#1 ROCKER COVER LEAKING ON L/H ENGINE.,REMOVED & REPLACED GAKSET.,EC-ae18ed3520811f2f,LG-608d782c2258dd59,train
105698,#2 & 4 INTAKES LEAKING ON L/H ENGINE.,REMOVED & REPLACED GASKETS.,EC-f6ea10c44311f457,LG-4285908bb8f7434c,train
105699,"R/H ENGINE #2, 3, 4 INTAKE GASKETS ARE LEAKING.",REMOVED & REPLACED GASKETS.,EC-e9f3a75357927da7,LG-4285908bb8f7434c,train
105700,#1 CYLINDER ON R/H ENGINE IS CRACKED.,REMOVED CYLINDER ASSY. REPLACED W/ NEW CYLINDER ASSY IA,EC-e70771632a8f52b1,LG-e3b964f842fc4352,test
105701,#2 INTAKE GASKET LEAKING.,INSPECTED & FOUND SEEPING ROCKER GASKET. CLEANED INTAKE,EC-1fec9b07493816ca,LG-4285908bb8f7434c,train
105702,SMALL LEAK ON R/H ENG BACK BONE.,LEAK CK GOOD.,EC-883c55e08d00eb52,LG-883c55e08d00eb52,train
105703,#2 & 4 LEFT ENGINE INTAKES LEAKING.,REPLACED GASKETS.,EC-7a417fcba56ebc78,LG-4285908bb8f7434c,train
105704,SMALL LEAK ON R/H ENG BACK BONE.,"CLEANED, SEALED & RETORQUED BACK BONE BOLT.",EC-883c55e08d00eb52,LG-883c55e08d00eb52,train
105705,#4 INTAKE ON R/H ENG LEAKS & #3 INTAKE ON L/H ENGINE.,REPLACED L/H ENG GASKET.,EC-104fae6433051883,LG-104fae6433051883,dev
105706,#4 INTAKE ON R/H ENG LEAKS & #3 INTAKE ON L/H ENGINE.,REPLACED GASKET ON R/H ENG.,EC-104fae6433051883,LG-104fae6433051883,dev
105707,PILOT REPORTS PARTIAL POWER LOSS & ROUGH RUNNING ENGINE.,FOUND #2 CYL CRACKED. REMOVED & REPLACED CYLINDER. C/W,EC-04fc6af471b1bad6,LG-04fc6af471b1bad6,test
105708,PILOT REPORTS PARTIAL POWER LOSS & ROUGH RUNNING ENGINE. ,FOR BILLING PURPOSES ONLY,EC-04fc6af471b1bad6,LG-04fc6af471b1bad6,test
105709,L/H ENG #4 INTAKE LEAKING.,REMOVED & REPLACED W/ NEW GASKET.,EC-8b51057e7821329a,LG-4285908bb8f7434c,train
105710,R/H ENG #4 INTAKE LEAKING.,REMOVED & REPLACED W/ NEW GASKET.,EC-79bf63ba884e23bb,LG-4285908bb8f7434c,train
105711,"#3 INTAKE GASKET LEAKING, R/H ENGINE.",REMOVED & REPLACED GASKET.,EC-5e70ff34b161302d,LG-0222eb60e96e9748,dev
105712,#2 & 4 INTAKE GASKET LEAKING ON L/H ENGINE.,REMOVED & REPLACED GASKETS.,EC-05ef7362c08efbf0,LG-4285908bb8f7434c,train
105713,L/H ENG FWD L/H BAFFLE/COWL SEAL FOUND IN ENGINE COWL.,INSTALLED L/H ENG FWD L/H BAFFLE/COWL SEAL.,EC-a16ac3dc81414c9f,LG-a16ac3dc81414c9f,train
105714,FUEL IS LEAKING OUT OF #4 INTAKE TUBE.,REMOVED & REPLACED #4 INTAKE GASKET. RAN UP ENGINE. LEA,EC-e44bce106f54399b,LG-e44bce106f54399b,dev
105715,ENGINE DRAIN LINES NEED ADEL CLAMPS REPLACED.,REMOVED & REPLACED 2 ENGINE DRAIN LINE ADEL CLAMPS.,EC-1397450e8880fc60,LG-1397450e8880fc60,train
105716,PILOT REPORTED INTAKE LEAK.,"INSPECTED, FOUND INTAKE TO NOT BE LEAKING.",EC-36c04d9bc2d3f420,LG-36c04d9bc2d3f420,dev
105717,INTAKES #2 & 4 LEAKING.,REMOVED & REPLACED GASKETS.,EC-ca53215b84b148c5,LG-26ffbcbee302311b,test
105718,R/H ENGINE RUNNING ROUGH. DURING RUN UP ENGINE WAS VIOLENTLY,RAN A/C. OPS & LEAK CK GOOD. REINSTALLED COWLING.,EC-ae19fe4c0f1d4775,LG-ae19fe4c0f1d4775,train
105719,R/H ENGINE RUNNING ROUGH. DURING RUN UP ENGINE WAS VIOLENTLY,CONFIRMED DISCREPANCY. INSPECTED R/H ENGINE & FOUND,EC-ae19fe4c0f1d4775,LG-ae19fe4c0f1d4775,train
105720,R/H ENGINE RUNNING ROUGH. DURING RUN UP ENGINE WAS VIOLENTLY,"INSTALLED #2 & 4 INTERCYLINDER BAFFLE, TIE ROD & DRAIN",EC-ae19fe4c0f1d4775,LG-ae19fe4c0f1d4775,train
105721,R/H ENGINE RUNNING ROUGH. DURING RUN UP ENGINE WAS VIOLENTLY,"REMOVED BAFFLING, INTAKE PIPE, EXHAUST STACK & AFT MUFF",EC-ae19fe4c0f1d4775,LG-ae19fe4c0f1d4775,train
105722,R/H ENGINE RUNNING ROUGH. DURING RUN UP ENGINE WAS VIOLENTLY,"TORQUED HOLD DOWN NUTS TO SPECS. REINSTALLED INTAKE, EX",EC-ae19fe4c0f1d4775,LG-ae19fe4c0f1d4775,train
105723,R/H ENGINE RUNNING ROUGH. DURING RUN UP ENGINE WAS VIOLENTLY,INSTALLED & TORQUED SPARK PLUGS. CONNECTED SPARK PLUG L,EC-ae19fe4c0f1d4775,LG-ae19fe4c0f1d4775,train
105724,BOTH LWR ENG COWLS NEED CLEANING.,CLEANED BOTH COWLS.,EC-b061c3deb96d2b7d,LG-b061c3deb96d2b7d,dev
105725,"LH ENGINE, #2, 4 INTAKE GASKETS LEAKING.",REMOVED & REPLACED W/ NEW GASKETS.,EC-9cb8a3b5c69d9b0d,LG-4285908bb8f7434c,train
105726,MAG DROP OUT OF STANDARDS.,"RAN A/C UP TO OPERATING PARAMETERS. PERFORMED MAG CK, O",EC-d09387558090ba6d,LG-d09387558090ba6d,train
105727,#1 INTAKE GASKET LEAKING.,REMOVED & REPLACED GASKET.,EC-66c69e07864cfa3c,LG-4285908bb8f7434c,train
105728,#2 & 3 INTAKES LEAKING.,REMOVED & REPLACED GASKETS.,EC-3f86aa9287c92a61,LG-26ffbcbee302311b,test
105729,"PROP OVERSPEED, HIGH RPM & ANYTHING ABOVE 22 INCHES WOULD RE",C/W LYCOMING 369M; OVERSPEED FOUND TO BE BETWEEN 5 & 10,EC-62d547af3e826871,LG-62d547af3e826871,test
105730,L/H ENGINE #2 CYL LOST CHT & EGT DURING LANDING. ALSO STARTE,REMOVED & REPLACED #2 CYL ASSY ON LEFT ENGINE. CHANGED,EC-63a0cc18be33f892,LG-63a0cc18be33f892,train
105731,L/H ENGINE #2 CYL LOST CHT & EGT DURING LANDING. ALSO STARTE,FOR BILLIN PURPOSES ONLY,EC-63a0cc18be33f892,LG-63a0cc18be33f892,train
105732,#3 LWR INTAKE TUBE LEAKS.,SWEDGED INTAKE TUBE & INSTALLED INTAKE TUBE W/ NEW GASK,EC-0caac4e86e860fe9,LG-0caac4e86e860fe9,test
105733,#3 & 4 CYL INTAKE GASKETS ARE LEAKING.,REMOVED & REPLACED GASKETS.,EC-11ad6791c37c6afc,LG-4285908bb8f7434c,train
105734,#3 CYL AFT BAFFLE ATTACH SCREW HAS COME OUT.,"REMOVED DIPSTICK TUBE, REINSTALLED SCREW, REINSTALLED D",EC-6ad65d14d2c8e638,LG-6ad65d14d2c8e638,train
105735,#3 EXHAUST PUSH ROD SEAL IS LEAKING.,"REMOVED & REPLACED PUSH ROD SEAL, O-RING RETAINER & 2 R",EC-6817e8b4651da17c,LG-b60b3becc3dc04e9,train
105736,#1 & 4 INTAKES LEAKING.,REMOVED & REPLACED GASKETS.,EC-bec29ba56bf692b8,LG-26ffbcbee302311b,test
105737,#1 CYLINDER CRACKED.,LEAK & OPS CK GOOD.,EC-7cc45c95a789d348,LG-e3b964f842fc4352,test
105738,#2 INTAKE TUBE GASKET LEAKING.,INSTALLED NEW GASKET.,EC-babcfce517a6bf32,LG-4dcd0e6b51932d0b,dev
105739,#1 CYLINDER CRACKED.,INSTALLED NEW #1 CYL IAW LYCOMING OVERHAUL MANUAL.,EC-7cc45c95a789d348,LG-e3b964f842fc4352,test
105740,#1 CYL SIDE BAFFLE IS CRACKED.,INSTALLED PATCH MADE OF LIKE MATERIAL.,EC-ad6f8daf0f0cd159,LG-13dec33e5f80d531,dev
105741,#4 CYL HAS LOW COMPRESSION.,"RAN UP A/C, LEAK CK GOOD.",EC-0f2628983e791b5b,LG-c3aa26ca83c3ba37,test
105742,#4 CYL HAS LOW COMPRESSION.,FOUND DRY TAPPET CLEARANCE W/IN SPECS & ALL FLUID LINES,EC-0f2628983e791b5b,LG-c3aa26ca83c3ba37,test
105743,#4 CYL HAS LOW COMPRESSION.,"REMOVED CYLINDER FROM ENGINE, INSPECTED & FOUND BURNT E",EC-0f2628983e791b5b,LG-c3aa26ca83c3ba37,test
105744,CYL #1 & 3 TIE ROD IS LOOSE AND AFT BAFFLE IS CONTACTING OIL,"ADJUSTED INTERCYLINDER BAFFLE TIE ROD, INSPECTED RETURN",EC-b1dd555d0c1cdea6,LG-b1dd555d0c1cdea6,train
105745,#2 INTAKE LEAKING.,REMOVED & REPLACED GASKET.,EC-9e293c9950113443,LG-10956cdabbd1e3ce,dev
105746,#1 & 2 INTAKES LEAKING.,REMOVED & REPLACED GASKETS.,EC-a4a1ab65ca709b0a,LG-26ffbcbee302311b,test
105747,#3 CYLINDER HAS LOW COMPRESSION.,RUN UP LEAK CK GOOD.,EC-ab188834b017cf54,LG-c3aa26ca83c3ba37,test
105748,#3 CYLINDER HAS LOW COMPRESSION.,"REINSTALLED BAFFLING, EXHAUST INTAKE TUBES, OIL RETURN",EC-ab188834b017cf54,LG-c3aa26ca83c3ba37,test
105749,#3 CYLINDER HAS LOW COMPRESSION.,"REMOVED #3 CYL, GROUND INTAKE VALVE & SEAT, LAPPED EXHA",EC-ab188834b017cf54,LG-c3aa26ca83c3ba37,test
105750,#3 INTAKE LEAKING.,REMOVED & REPLACED GASKET.,EC-6f9c95f514a1077a,LG-10956cdabbd1e3ce,dev
105751,#3 CYL INTAKE GASKET LEAKING.,REPLACED GASKET.,EC-df87c56f28c70528,LG-4285908bb8f7434c,train
105752,SCREW MISSING IN #3 SIDE BAFFLE.,INSTALLED SCREW.,EC-c2a84981e8cba61f,LG-c2a84981e8cba61f,train
105753,#2 INTAKE LEAKING.,REMOVED & REPLACED GASKET.,EC-9e293c9950113443,LG-10956cdabbd1e3ce,dev
105754,R/H AFT BAFFLE BRACKET HAS SHEARED RIVET.,"REMOVED SHEARED RIVET. REPLACED W/ SCREW, WASHERS & NUT",EC-8f9f7855fa342e88,LG-8f9f7855fa342e88,dev
105755,#1 CYLINDER INTAKE GASKET BROKEN & LEAKING.,REMOVED R/H EXHAUST-INTAKE TUBE ASSY. INTAKE ELBOW GASK,EC-86ec6e2493fd0a71,LG-86ec6e2493fd0a71,train
105756,#2 & 4 CYL ROCKER COVERS ARE MISSING 1 SCREW EACH.,INSTALLED NEW SCREWS.,EC-4cc515f9c5132198,LG-4cc515f9c5132198,train
105757,"DURING RUN UP, WHEN CHECKING LEFT MAG, THERE WAS A 250 RPM D","RAN A/C, DETERMINED TO BE #4 LOWER PLUG. REMOVED, CLEAN",EC-508a8d1f20255ebf,LG-508a8d1f20255ebf,train
105758,"LAST LANDING, COMING OFF RUNWAY, ENGINE SHUT DOWN","RAN A/C, IDLE RPM & MIXTURE CK GOOD. MAG CHECKS GOOD. S",EC-1b9a665a1096dc3b,LG-1b9a665a1096dc3b,dev
105759,L/H ENG #3 INTAKE LEAKING.,REMOVED & REPLACED GASKET.,EC-73622e3ba7ce4fb6,LG-4285908bb8f7434c,train
105760,R/H ENGINE #4 INTAKE LEAKING.,REMOVED & REPLACED GASKET.,EC-798449f30c7ba5f0,LG-4285908bb8f7434c,train
105761,R/H ENGINE INLET SCREEN WIRE IS BROKEN.,REPLACED W/ NEW SCREEN.,EC-8f813c7fdc90431f,LG-8f813c7fdc90431f,dev
105762,ENGINE STARTED MAKING ABNORMAL SOUND IN FLIGHT. ABNORMAL VIB,"RAN UP A/C, COULD NOT DUPLICATE IRREGULOR SOUNDS OR VIB",EC-31444dc67e5d74aa,LG-31444dc67e5d74aa,train
105763,"FWD BAFFLE, L/H BOTTOM RUBBING W/ MUFFLER.","RESECURED BAFFLE W/ MUFFLER W/ RED RTV, NO DEFECT NOTED",EC-76770567a93677c5,LG-76770567a93677c5,dev
105764,"#1, 2, 3, 4 INTAKES LEAKING ON R/H ENGINE.",REMOVED & REPLACED GASKETS.,EC-863506aeb80e0315,LG-4285908bb8f7434c,train
105765,"#2, 3 INTAKES LEAKING ON L/H ENGINE.",REMOVED & REPLACED W/ NEW GASKETS.,EC-325dc406947d8cdb,LG-4285908bb8f7434c,train
105766,L/H LOWER ENGINE COWL CAM LOCK MISSING LOCK WASHER.,INSTALLED LOCK WASHER ON CAM LOCK.,EC-3770a5abe88c3821,LG-3770a5abe88c3821,train
105767,ENGINE DIED AT IDLE DURING TAXI 3 TIMES. COULD NOT START AFT,"PERFORMED GROUND RUN, FOUND ENGINE IDLING TOO LOW. ADJU",EC-40f802dfd910ce68,LG-40f802dfd910ce68,train
105768,#4 INTAKE LEAKING.,REMOVED & REPLACED GASKET.,EC-66d79f80174da74e,LG-10956cdabbd1e3ce,dev
105769,OIL PRESSURE LINE SUPPORT BRACKET/FUEL FLOW TRANSDUCER WIRE,INSTALLED BRACKET.,EC-7e5eae441b6974ab,LG-7e5eae441b6974ab,dev
105770,FUEL LINE SUPPORT BRACKET (OFF #2 EXH PUSH ROD TUBE) MISSING,INSTALLED BRACKET.,EC-99366b8c38290cde,LG-99366b8c38290cde,dev
105771,#2 ROCKER COVER LEAKING.,REMOVED & REPLACED GASKET.,EC-c85bc86f75e7cd5b,LG-608d782c2258dd59,train
105772,#2 CYL INTAKE GASKET LEAKING.,REMOVED & REPLACED GASKET.,EC-cc41856dc2df8c7c,LG-4285908bb8f7434c,train
105773,BOTH BAFFLE SPARK PLUG ACCESS HOLES DAMAGED.,INSTALLED DOUBLER PLATES. REMOVED & REPLACED BAFFLE PLU,EC-02728bc5f6f34bc3,LG-02728bc5f6f34bc3,train
105774,#1 INTAKE LEAKING.,REMOVED & REPLACED GASKET.,EC-3bfb71c5d2c84d08,LG-10956cdabbd1e3ce,dev
105775,L/H ENG #4 INTAKE LEAKING.,REMOVED & REPLACED GASKET.,EC-8b51057e7821329a,LG-4285908bb8f7434c,train
105776,"R/H ENG #3, 4 INTAKES LEAKING.",REMOVED & REPLACED GASKETS.,EC-4285908bb8f7434c,LG-4285908bb8f7434c,train
105777,"DURING RUN UP, ENGINE SHUT DOWN. RESTARTED & HAD FLAMES COMI","NSPECTED ENGINE, PERFORMED GROUND RUN. OPS CK'ED GOOD.",EC-38f0375d8abf081f,LG-38f0375d8abf081f,test
105778,"AFTER START UP, ENGINE KEPT HESITATING EVERY 4-5 SECONDS.","PERFORMED GROUND RUN, OPS CK'ED GOOD.",EC-80c1bbeb4387c2c5,LG-80c1bbeb4387c2c5,train
105779,PILOT REPORTS START ASSIST.,STARTED A/C.,EC-432991a1256f94a1,LG-432991a1256f94a1,test
105780,BAFFLE PLUG WORN.,REMOVED & REPLACED BAFFLE PLUG.,EC-1ca6b8fd9ccbc54e,LG-724c9a4174167cf3,train
105781,"#2, 1 INTAKES LEAKING.",REMOVED & REPLACED GASKETS.,EC-b483333344ea29c5,LG-26ffbcbee302311b,test
105782,ENGINE COVER REMOVED FOR INSPECTION.,INSTALLED ENGINE COVER.,EC-cb1f864d43ba3a52,LG-cb1f864d43ba3a52,train
105783,#2 INTAKE GASKET LEAKING.,INSTALLED NEW INTAKE GASKET.,EC-1fec9b07493816ca,LG-4285908bb8f7434c,train
105784,ENGINE BAFFLE PLUG TANGS BROKEN.,INSTALLED NEW BAFFLE PLUG.,EC-d0f80974944f1629,LG-f2dc3aca82f35297,train
105785,L/H #4 INTAKE GASKET LEAKING.,REMOVED & REPLACED W/ NEW GASKET.,EC-d05df45419bf6024,LG-4285908bb8f7434c,train
105786,R/H #4 INTAKE GASKET IS LEAKING.,REMOVED & REPLACED W/ NEW GASKET.,EC-a86c0dd40a393f66,LG-4285908bb8f7434c,train
105787,#3 ROCKER COVER GASKET LEAKING ON L/H ENGINE.,REMOVED & REPLACED W/ NEW SILICONE GASKETS.,EC-2ca83df8d10cdfe2,LG-608d782c2258dd59,train
105788,R/H ENG #4 CYL INTAKE LEAKS.,REMOVED & REPLACED GASKET.,EC-1c5faae8ac05ba2a,LG-0e48eb423d7a05e3,test
105789,"R/H ENG HAS CRACKED 90* BRACKET FWD OIL COOLER, NEEDS STOP D",STOP DRILLED CRACK END.,EC-19723420847d3f84,LG-19723420847d3f84,train
105790,"MANY CRACKS ON BAFFLING (#3 CYL) R/H ENG, BEHIND 90* BRACKET",REMOVED BAFFLE ASSY & CLEANED AREA.,EC-f8250895becad6dd,LG-f8250895becad6dd,train
105791,L/H ENG BAFFLE TIE ROD WIRE HITTING BOTH O/B CLAMPS.,DAMAGE NEG. ADJUSTED TOWARD I/B & ADJ CLAMPS OUT OF THE,EC-e9b730faa75fefd0,LG-e9b730faa75fefd0,train
105792,"MANY CRACKS ON BAFFLING (#3 CYL) R/H ENG, BEHIND 90* BRACKET",INSTALLED NEW BAFFLE SECTION. CLEANED SCAT TUBE.,EC-f8250895becad6dd,LG-f8250895becad6dd,train
105793,L/H ENG HAS CRACKED 90* BRACKET BY (FWD OF) OIL COOLER - PAS,REPLACED W/ SERVICEABLE BRACKET FROM L/H ENG BAFFLE.,EC-65fda9547d3b5fdd,LG-65fda9547d3b5fdd,train
105794,#3 & 4 INTAKE GASKETS ARE LEAKING.,REPLACED BOTH GASKETS.,EC-472b5996c0c6ce72,LG-4285908bb8f7434c,train
105795,BAFFLE PLUGS NEED TO BE REPLACED.,INSTALLED NEW BAFFLE PLUGS.,EC-f7806905de18f2f5,LG-d671d8fdeb671d58,train
105796,L/H ENGINE OVERSPEED ON TAKE OFF & CLIMB; 2720-2730. COULD H,REMOVED SD CARD & READ. 2733.2 RPM HIGHEST RECORDING. L,EC-3dd9b4d00637bb9e,LG-3dd9b4d00637bb9e,train
105797,RIVET LOOSE ON L/H BAFFLE.,TIGHTENED RIVET.,EC-333fdbfbf4825fee,LG-333fdbfbf4825fee,test
105798,"#2, 4 ROCKER BOX LEAKING.",REMOVED & REPLACED GASKETS.,EC-3c4d4c483800e5e8,LG-3c4d4c483800e5e8,test
105799,LEFT ENGINE WOULD NOT START. LEFT ENGIEN COVER WAS NOT PUT O,"STARTED & RAN ENGINE L/H, ALL SYSTEMS W/IN PARAMETERS.",EC-cd45fe821e755f17,LG-cd45fe821e755f17,train
105800,#4 INTAKE TUBE GASKET LEAKING.,REMOVED & REPLACED GASKET.,EC-a0b89a0b51a7a26c,LG-4dcd0e6b51932d0b,dev
105801,#2 CYL NEEDS NEW GASKET ON ROCKER BOX.,REMOVED & REPLACED GASKET.,EC-270eada6f6a7f6f9,LG-270eada6f6a7f6f9,train
105802,"ON DOWN WIND, HAD REDUCTION IN POWER FOLLOWED BY ROUGH VIBRA","RAN A/C, ALL CHECKS GOOD. DOWN LOADED CARD DATA & FOUND",EC-162acf0030d50fdd,LG-162acf0030d50fdd,train
105803,"DURING TAXI, STARTED TO SMELL HEAVY FUMES, CO WARNING CAME O","RAN UP A/C, UNABLE TO DUPLICATE DISCREPANCY.",EC-96e23900424ff21d,LG-96e23900424ff21d,train
105804,CO LEVEL HIGH WARNING CAME ON WHILE TAXIING.,"RAN A/C, ALL CHECKS GOOD. NO CO WARNING.",EC-5064fcb34672210f,LG-5064fcb34672210f,train
105805,"OVERSPED PROP DURING MANUEVERS, 30 RPM.",DOWNLOADED CARD DATA & FOUND 2740 PEAK RPM. NO FURTHER,EC-d30899a8e9beb644,LG-d30899a8e9beb644,test
105806,#4 INTAKE GASKET LEAKING.,REMOVED & REPLACED GASKET.,EC-57acd94dcdde4ef3,LG-4285908bb8f7434c,train
105807,TAB ON #3 CYL AFT BAFFLE RIVETS SHEARED OFF.,REMOVED & REPLACED RIVETS.,EC-3257232787540a28,LG-3257232787540a28,train
105808,#3 CYL LOW COMPRESSION (48/80).,GROUND VALVES & STARTED GRINDING VALVE SEATS.,EC-af00fd554373f0f3,LG-af00fd554373f0f3,train
105809,"LOOSE RIVETS, R/H FWD BAFFLE SEAL.",REMOVED RIVETS & REPLACED W/ NUTS & SCREWS.,EC-674f9ff71ca91f36,LG-674f9ff71ca91f36,train
105810,#3 CYL LOW COMPRESSION (48/80).,"PERFORMED COMPRESSION TEST, FOUND #3 CYL @ 48 PSI. STAK",EC-af00fd554373f0f3,LG-af00fd554373f0f3,train
105811,#3 CYL LOW COMPRESSION (48/80).,FINISHED GROUNDING VALVE SEATS & FITTING VALVES INTO SE,EC-af00fd554373f0f3,LG-af00fd554373f0f3,train
105812,#3 CYL LOW COMPRESSION (48/80).,INSTALLED BAFFLES & ALL NECESSARY PARTS FOR #3 CYLINDER,EC-af00fd554373f0f3,LG-af00fd554373f0f3,train
105813,L/H ENGINE #2 INTAKE LEAKS.,REPLACED GASKET.,EC-655f8a78d000930a,LG-0e48eb423d7a05e3,test
105814,#4 ROCKER BOX COVER LEAKING.,REMOVED & REPLACED GASKET.,EC-212ec3c26c3c227b,LG-608d782c2258dd59,train
105815,#2 & 4 INTAKES LEAKING ON R/H ENGINE.,REMOVED & REPLACED GASKETS.,EC-7cbddf978b2b8f78,LG-4285908bb8f7434c,train
105816,"INTAKES 2, 3 & 4 LEAKING ON L/H ENGINE.",REMOVED & REPLACED GASKETS.,EC-f4c4e83928513c1e,LG-4285908bb8f7434c,train
105817,#1 INTAKE LEAKING.,REMOVED & REPLACED GASKET.,EC-3bfb71c5d2c84d08,LG-10956cdabbd1e3ce,dev
105818,#4 CYLINDER COMPRESSION @ 45/80.,OPS & LEAK CK'ED GOOD.,EC-4eca70928e6cc073,LG-4eca70928e6cc073,train
105819,#4 CYLINDER COMPRESSION @ 45/80.,FOUND EXHAUST VALVE BURNT & GUIDE WORN.,EC-4eca70928e6cc073,LG-4eca70928e6cc073,train
105820,#4 CYLINDER COMPRESSION @ 45/80.,STAKED VALVES. CYLINDER STAYED @ 45/80. REMOVED BAFFLES,EC-4eca70928e6cc073,LG-4eca70928e6cc073,train
105821,#4 CYLINDER COMPRESSION @ 45/80.,INSTALLED NEW CYL ASSY & TORQUED TO CASE. DRY TAPPET CL,EC-4eca70928e6cc073,LG-4eca70928e6cc073,train
105822,UNABLE TO START L/H ENGINE.,STARTED ENGINE & WARMED. INSTALLED ENGINE BLANKET.,EC-8374883815bc45db,LG-512ac75247ce7744,train
105823,L/H ENG #4 INTAKE GASKET LEAKING.,INSTALLED NEW INTAKE GASKET.,EC-c68fba7dca568c2c,LG-4285908bb8f7434c,train
105824,"R/H ENG #3, 4 INTAKE GASKETS LEAKING.",REMOVED & REPLACED INTAKE GASKETS.,EC-84267a3d248a3548,LG-4285908bb8f7434c,train
105825,ROCKER COVER SCREW MISSING.,INSTALLED ROCKER COVER SCREW ON #2 CYL.,EC-97e04ad0f404cd85,LG-ea79c13832bc7f5d,train
105826,EVIDENCE OF SEEPAGE @ #3 PUSH ROD EXHAUST TUBE.,LEAK CK GOOD.,EC-95294362451b9d95,LG-95294362451b9d95,train
105827,EVIDENCE OF SEEPAGE @ #3 PUSH ROD EXHAUST TUBE.,REPLACED EXHAUST PUSH ROD TUBE SEALS.,EC-95294362451b9d95,LG-95294362451b9d95,train
105828,#2 ROCKER COVER LEAKING.,REMOVED & REPLACED GASKET.,EC-c85bc86f75e7cd5b,LG-608d782c2258dd59,train
105829,#3 INTAKE LEAKING ON R/H ENGINE.,REMOVED & REPLACED GASKET.,EC-e8bee9035a1deeb3,LG-4285908bb8f7434c,train
105830,#3 ROCKER GASKET IS LEAKING.,REPLACED GASKET.,EC-cbe25f87b331073d,LG-608d782c2258dd59,train
105831,BOTH SIDE BAFFLES NEED BAFFLE PLUG PATCHES.,INSTALLED PATCHES.,EC-859377847847df96,LG-859377847847df96,dev
105832,#1 FRONT BAFFLE SEAL IS LOOSE.,SECURED BAFFLE SEAL W/ POP RIVETS.,EC-00b2a7665a151d7e,LG-d6ef4f51c04ca088,train
105833,#2 & 4 INTAKES LEAKING ON L/H ENGINE.,REMOVED & REPLACED GASKETS.,EC-f6ea10c44311f457,LG-4285908bb8f7434c,train
105834,ROUGH ENGINE.,"RAN A/C, WARMED TO OPERATING TEMPERATURE, NO DEFECTS NO",EC-2a4b9a2d6e9d17a1,LG-2a4b9a2d6e9d17a1,train
105835,"DURING RUN UP, L/H MAG DROP OUTSIDE OF STANDARDS. WAS ABLE T","RAN UP A/C, AT MULTIPLE POWER SETTINGS, NO DEFECTS NOTE",EC-839ddaf317eb9331,LG-839ddaf317eb9331,train
105836,"DURING START UP, ENGINE STARTED BUT RAN VERY ROUGH & WOULD N","RAN A/C, CONFIRMED DISCREP. PERFORMED COMPRESSION CK",EC-7ef8ea84e1137102,LG-7ef8ea84e1137102,train
105837,"DURING START UP, ENGINE STARTED BUT RAN VERY ROUGH & WOULD N",DISASSEMBLED EXHAUST VALVES & SPRINGS. REAMED EXHAUST G,EC-7ef8ea84e1137102,LG-7ef8ea84e1137102,train
105838,"BAFFLE TIE ROD BROKEN, LEFT SIDE.",REPLACED BAFFLE TIE ROD.,EC-45882b09f235ad7f,LG-45882b09f235ad7f,train
105839,OIL PRESSURE READ 100-105 PSI IN TRAFFIC PATTERN.,"COMPLETED ENGINE ASSEMBLY, SERVICED W/ OIL.",EC-a5c3a55cd982edf2,LG-a5c3a55cd982edf2,train
105840,OIL PRESSURE READ 100-105 PSI IN TRAFFIC PATTERN.,DISASSEMBLED ENGINE TO ALLOW ACCESS TO ACCESSORY CASE.,EC-a5c3a55cd982edf2,LG-a5c3a55cd982edf2,train
105841,OIL PRESSURE READ 100-105 PSI IN TRAFFIC PATTERN.,INSTALLED SERVICEABLE ACCESSORY CASE. TORQUED TO ENGINE,EC-a5c3a55cd982edf2,LG-a5c3a55cd982edf2,train
105842,OIL PRESSURE READ 100-105 PSI IN TRAFFIC PATTERN.,"RAN A/C, OPS & LEAK CK GOOD. OIL PRESSURE 89 PSI @ FULL",EC-a5c3a55cd982edf2,LG-a5c3a55cd982edf2,train
105843,"ON FLIGHT, L/H ALT INDICATES ZERO.","RAN A/C, ALTERNATORS CK NORMALLY.",EC-5f44bdbd85b08b84,LG-5f44bdbd85b08b84,train
105844,CYL #2 INTAKE GASKET LEAKING.,REPLACED GASKET.,EC-804e232273da2515,LG-4285908bb8f7434c,train
105845,#3 CYL EXHAUST PUSH ROD SHROUD NEEDS NEW ADEL CLAMP.,REMOVED & REPLACED CLAMP.,EC-9dbfa430b16e335f,LG-9dbfa430b16e335f,train
105846,NEED BOTH PUSH ROD SHROUD TUBE SEALS.,REMOVED 2 PUSH ROD SHROUD TUBE SEALS FROM OVERHAUL KIT.,EC-bf22c5575f204b76,LG-bf22c5575f204b76,train
105847,"ENGINE RAN ROUDH, IDLE LOW, WOULDN'T GO TO FULL POWER.",GROUND & LAPPED INTAKE VALVE & SEAT. INSTALLED CYL NUTS,EC-b90645b1edc1808d,LG-b90645b1edc1808d,train
105848,"ENGINE RAN ROUDH, IDLE LOW, WOULDN'T GO TO FULL POWER.","PERFORMED COMPRESSION TEST, FOUND #3 CYL TO HAVE LOW CO",EC-b90645b1edc1808d,LG-b90645b1edc1808d,train
105849,"ENGINE RAN ROUDH, IDLE LOW, WOULDN'T GO TO FULL POWER.",FINISHED CYLINDER INSTALLATION. PERFORMED DRY TAPPET CL,EC-b90645b1edc1808d,LG-b90645b1edc1808d,train
105850,"R/H ENG #2, 3, 4 INTAKE GASKETS LEAKING.",REPLACED GASKETS.,EC-8b88702f1064fe9f,LG-4285908bb8f7434c,train
105851,"L/H ENG #2, 3, 4 INTAKE GASKETS ARE LEAKING.",REPLACED GASKETS.,EC-36c441e25010fe07,LG-4285908bb8f7434c,train
105852,R/H ENG #4 CYL COMPRESSION 40/80.,REMOVED CYLINDER. DRAINED & CLEANED LIFTERS.,EC-904863c2f579efcf,LG-904863c2f579efcf,train
105853,R/H ENG #4 CYL COMPRESSION 40/80.,INSTALLED NEW CYL ASSY. BEGAN INSTALLING BAFFLES.,EC-904863c2f579efcf,LG-904863c2f579efcf,train
105854,R/H ENG #3 CYL COMPRESSION 59/80.,REMOVED BAFFLES & CYLINDER. DRAINED & CLEANED LIFTERS.,EC-44f3bac690f8f865,LG-44f3bac690f8f865,train
105855,R/H ENG #3 CYL COMPRESSION 59/80.,INSTALLED NEW CYLINDER ASSY. BEGAN INSTALLING BAFFLES.,EC-44f3bac690f8f865,LG-44f3bac690f8f865,train
105856,R/H ENG #3 CYL COMPRESSION 59/80.,COMPLETED INSTALLATION OF BAFFLES & EXHAUST SYSTEM. RAN,EC-44f3bac690f8f865,LG-44f3bac690f8f865,train
105857,R/H ENG #4 CYL COMPRESSION 40/80.,"COMPLETED INSTALLATION OF BAFFLES & EXHAUST. RAN ENG, O",EC-904863c2f579efcf,LG-904863c2f579efcf,train
105858,L/H BAFFLE PLUG BROKEN.,REMOVED & REPLACED W/ NEW PLUG.,EC-dc468dcb2c7c8097,LG-4f4b2505bd6b2b3d,train
105859,"DURING ENGINE START, ENGINE WAS RUNNING VERY ROUGH. WENT THR",LEAK & OPS CK GOOD.,EC-7de070540b98aad2,LG-7de070540b98aad2,train
105860,"DURING ENGINE START, ENGINE WAS RUNNING VERY ROUGH. WENT THR","RAN UP A/C, CONFIRMED DISCREP. REVIEWED FDM DATA, FOUND",EC-7de070540b98aad2,LG-7de070540b98aad2,train
105861,"DURING ENGINE START, ENGINE WAS RUNNING VERY ROUGH. WENT THR","REAMED REMAINING CYL EXHAUST GUIDES & REASSEMBLED, INST",EC-7de070540b98aad2,LG-7de070540b98aad2,train
105862,SNIFFLER VALVES DIRTY.,CLEANED SNIFFLER VALVES.,EC-1243a6854d2a786a,LG-5027701bd7fa9f57,train
105863,#2 INTAKE LEAKING.,REMOVED & REPLACED GASKET.,EC-9e293c9950113443,LG-10956cdabbd1e3ce,dev
105864,FRONT CRANKSHAFT OIL PLUG LEAKING.,LEAK CK GOOD.,EC-578c15d7af91c04e,LG-86ac37e5325d282b,dev
105865,BAFFLE TIE ON R/H BOTTOM SIDE BROKEN.,REMOVED & REPLACED BAFFLE TIE.,EC-c284e0839a53b29b,LG-c284e0839a53b29b,train
105866,FRONT CRANKSHAFT OIL PLUG LEAKING.,"REMOVED PROP, REMOVED & REPLACED FWD CRANKSHAFT SEAL. R",EC-578c15d7af91c04e,LG-86ac37e5325d282b,dev
105867,#1 INTAKE LEAKING.,REMOVED & REPLACED GASKET.,EC-3bfb71c5d2c84d08,LG-10956cdabbd1e3ce,dev
105868,#3 INTAKE GASKET LEAKING.,INSTALLED NEW GASKET.,EC-12a267bf8b1d91a6,LG-4285908bb8f7434c,train
105869,BAFFLE PLUGS TANGS BROKEN.,INSTALLED NEW BAFFLE PLUGS.,EC-1ab0f7d9a503a9fb,LG-f2dc3aca82f35297,train
105870,#3 INTAKE LEAKING ON R/H ENGINE.,REMOVED & REPLACED GASKET.,EC-e8bee9035a1deeb3,LG-4285908bb8f7434c,train
105871,#4 INTAKE LEAKING ON L/H ENGINE.,REMOVED & REPLACED GASKET.,EC-3fd1e88fe4572cdd,LG-4285908bb8f7434c,train
105872,SNIFFLER VALVES DIRTY.,CLEANED BOTH SNIFFLER VALVES.,EC-1243a6854d2a786a,LG-5027701bd7fa9f57,train
105873,#2 INTAKE LEAKING.,REMOVED & REPLACED GASKET.,EC-9e293c9950113443,LG-10956cdabbd1e3ce,dev
105874,"ENGINE RUNNING ROUGH ON TAKEOFF, CRUISE, CLIMB. WENT THROUGH","GROUND RAN A/C, COULD NOT DUPLICATE DISCREP. MAINTENANC",EC-01b81c73a4b6983a,LG-01b81c73a4b6983a,test
105875,COMPRESSOR WASH REQUIRED.,REMOVED R/H P3 FILTER & CAPPED LINES.,EC-3306908772d7bd9b,LG-3306908772d7bd9b,train
105876,COMPRESSOR WASH REQUIRED.,REMOVED L/H P3 FILTER & CAPPED LINES.,EC-3306908772d7bd9b,LG-3306908772d7bd9b,train
105877,"ENGINE STARTED NORMAL & IDLED NORMAL, BUT WHEN BROUGHT UP TO","DISASSEMBLED BAFFLES, INSPECTED & FOUND #1, 3 EXHAUST V",EC-dbca31829501f8dd,LG-dbca31829501f8dd,test
105878,MISSING HARDWARE ON R/H BAFFLE & MUFFLER.,REPLACED MISSING HARDWARE ON MUFFLER BAFFLE.,EC-f578d26f6280d721,LG-f578d26f6280d721,train
105879,#4 INTAKE TUBE LEAKING @ SUMP.,LEAK CK GOOD.,EC-61566a381acff4b5,LG-ff56f1d17f324185,dev
105880,#4 INTAKE TUBE LEAKING @ SUMP.,SWEDGED INTAKE IAW LYCOMING DIRECT DRIVE MANUAL. INSTAL,EC-61566a381acff4b5,LG-ff56f1d17f324185,dev
105881,L/H ENG #3 INTAKE LEAKING.,REMOVED & REPLACED INTAKE GASKET.,EC-73622e3ba7ce4fb6,LG-4285908bb8f7434c,train
105882,R/H ENG #3 ROCKER BOX COVER GASKET LEAKING.,REMOVED & REPLACED GASKET W/ NEW SILICONE GASKET.,EC-97928bc17df34b22,LG-608d782c2258dd59,train
105883,CYL #2 SUSPECTED OIL LEAK AT BASE.,LEAK CK GOOD.,EC-b6acc49f8ec5b334,LG-b6acc49f8ec5b334,train
105884,CYL #2 SUSPECTED OIL LEAK AT BASE.,RETORQUED #2 CYL BASE NUTS.,EC-b6acc49f8ec5b334,LG-b6acc49f8ec5b334,train
105885,MULTIPLE ZIP TIES ON ENGINE MOUNT.,REMOVED TIES & INSTALLED LACING CORD.,EC-215330a34bab1dd3,LG-215330a34bab1dd3,dev
105886,"DURING PREFLIGHT, FOUND OIL LEAKING OUT FROM L/H SIDE OF ENG",FOUND OIL LEAKING FROM #2 & 4 ROCKER COVERS. REPLACED R,EC-4c70f593802f4c11,LG-4c70f593802f4c11,train
105887,#2 CYL INTAKE TUBE BOLT BROKEN.,REMOVED BROKEN BOLT.,EC-4113d9299fe0c160,LG-4113d9299fe0c160,train
105888,SPARK PLUG BAFFLE PLUGS MISSING.,INSTALLED NEW PLUGS.,EC-32c97b206b111469,LG-32c97b206b111469,train
105889,#1 CYL CRACKED.,FOR ENGINE REPLACEMENT.,EC-7cc45c95a789d348,LG-e3b964f842fc4352,test
105890,#4 INTAKE LEAKING.,REMOVED & REPLACED GASKET.,EC-66d79f80174da74e,LG-10956cdabbd1e3ce,dev
105891,INTAKE #4 LEAKING ON R/H ENGINE.,REMOVED & REPLACED GASKET.,EC-9cccd4d633f76874,LG-4285908bb8f7434c,train
105892,"INTAKES 2, 3 & 4 LEAKING ON L/H ENGINE.",REMOVED & REPLACED GASKETS.,EC-f4c4e83928513c1e,LG-4285908bb8f7434c,train
105893,"AFTER LANDING, BROUGHT POWER TO IDLE, RPM GOT AS LOW AS 530,","PERFORMED GROUND RUN, ENGINE OPERATED GOOD. NO DEFECTS",EC-9ea2fb51d4540e97,LG-9ea2fb51d4540e97,train
105894,CYL 3 OR 4 HAS A STUCK EXHAUST VALVE.,RAN UP A/C & INSTALLED COWL. OPS & LEAK CK GOOD.,EC-2f32e01168ddc5aa,LG-2f32e01168ddc5aa,train
105895,CYL 3 OR 4 HAS A STUCK EXHAUST VALVE.,"PERFORMED COMPRESSION TEST, VERIFIED #4 CYL HAS ZERO CO",EC-2f32e01168ddc5aa,LG-2f32e01168ddc5aa,train
105896,CYL 3 OR 4 HAS A STUCK EXHAUST VALVE.,REAMED #4 CYL EXHAUST GUIDE. DRY TAPPET CLEARANCE CK GO,EC-2f32e01168ddc5aa,LG-2f32e01168ddc5aa,train
105897,#3 INTAKE TUBE GASKET LEAKING.,INSTALLED NEW GASKET.,EC-fba2d9977e3db1f2,LG-4dcd0e6b51932d0b,dev
105898,#1 & 3 ROCKER BOX COVER GASKETS LEAKING.,INSTALLED NEW GASKETS.,EC-5c9f700a45c3a38a,LG-608d782c2258dd59,train
105899,ACCESSORY HOUSING/VACUUM ADAPTER GASKET LEAKING.,INSTALLED NEW GASKET.,EC-8de642acf2970867,LG-8de642acf2970867,train
105900,AIRCRAFT IN GRAFTON. FLAMES ON START UP & BURNED/SOOTED COWL,"DROVE TO GRAFTON & INSPECTED A/C, MUFFLER & AIR INTAKE",EC-0b571a90005649d3,LG-0b571a90005649d3,train
105901,R/H ENG #3 INTAKE LEAKING.,REPLACED GASKET.,EC-bf90f47baf1aeb81,LG-4285908bb8f7434c,train
105902,L/H ENG #3 INTAKE LEAKING.,REMOVED & REPLACED INTAKE GASKET.,EC-73622e3ba7ce4fb6,LG-4285908bb8f7434c,train
105903,R/H ENGINE #3 ROCKER COVER LEAKING.,REPLACED ROCKER COVER GASKET.,EC-b1c2f1d621dd5729,LG-608d782c2258dd59,train
105904,#2 INTAKE LEAKING.,REMOVED & REPLACED GASKET.,EC-9e293c9950113443,LG-10956cdabbd1e3ce,dev
105905,"BAFFLE BY CASE SPLIT, CRACKED.",FABRICATED BAFFLE CONNECTOR PLATE FROM LIKE MATERIAL &,EC-90352cddce158a4d,LG-90352cddce158a4d,train
105906,CYL #3 INTAKE GASKET LEAKING.,REMOVED & REPLACED GASKET.,EC-90da9829b3de9305,LG-4285908bb8f7434c,train
105907,LWR BOLT (O/B) FOR OIL COOLER FLANGE LOOSE CRACKED.,CLEANED & INSP - NO CRACKS. ASSEBLED BOLT BACK IN PLACE,EC-c09d3e263d78c817,LG-c09d3e263d78c817,train
105908,R/H ENGINE CYL #3 INTAKE GASKET LEAKING.,INSTALLED NEW GASKET.,EC-3db270d60609eb26,LG-4285908bb8f7434c,train
105909,LONG BAFFLE TIE ROD CRACKED.,REPLACED BAFFLE TIE ROD.,EC-0fb959a211614eb6,LG-0fb959a211614eb6,dev
105910,ENGINE VERY ROUGH AFTER START - DOES NOT RUN AT IDLE.,COMPLETED REASSEMBLY.,EC-246c7a2fd0baae09,LG-246c7a2fd0baae09,train
105911,ENGINE VERY ROUGH AFTER START - DOES NOT RUN AT IDLE.,"RAN A/C, OPS & LEAK CK GOOD.",EC-246c7a2fd0baae09,LG-246c7a2fd0baae09,train
105912,ENGINE VERY ROUGH AFTER START - DOES NOT RUN AT IDLE.,"RAN A/C, VERIFIED ENGINE RUNS ROUGH.",EC-246c7a2fd0baae09,LG-246c7a2fd0baae09,train
105913,ENGINE VERY ROUGH AFTER START - DOES NOT RUN AT IDLE.,"PERFORMED COMPRESSION TEST, FOUND #4 CYL 0/80. BORESCOP",EC-246c7a2fd0baae09,LG-246c7a2fd0baae09,train
105914,ENGINE VERY ROUGH AFTER START - DOES NOT RUN AT IDLE.,"REPLACED #4 CYL W/ NEW ASSY, TORQUED TO CASE. DRY TAPPE",EC-246c7a2fd0baae09,LG-246c7a2fd0baae09,train
105915,PILOT REQUIRES START ASSIST.,STARTED A/C.,EC-c27703bd16006732,LG-c27703bd16006732,dev
105916,MANUFACTURER REQUESTED CONNECTING ROD EXCHANGE.,CONTINUED REASSEMBLY.,EC-3aa041cf3ce19c04,LG-3aa041cf3ce19c04,train
105917,MANUFACTURER REQUESTED CONNECTING ROD EXCHANGE.,REMOVED COWL/EXHAUST-WIRING.,EC-3aa041cf3ce19c04,LG-3aa041cf3ce19c04,train
105918,MANUFACTURER REQUESTED CONNECTING ROD EXCHANGE.,REMOVED REMAINING BAFFLES. REMOVED CYLINDERS & CONNECTI,EC-3aa041cf3ce19c04,LG-3aa041cf3ce19c04,train
105919,MANUFACTURER REQUESTED CONNECTING ROD EXCHANGE.,BEGAN ASSY OF ENGINE BY INSTALLED NEW CONNECTING RODS &,EC-3aa041cf3ce19c04,LG-3aa041cf3ce19c04,train
105920,MANUFACTURER REQUESTED CONNECTING ROD EXCHANGE.,FOR COMPLETION OF ROCKER INSTALLATION. ASSY C,EC-3aa041cf3ce19c04,LG-3aa041cf3ce19c04,train
105921,"#3 EX, #4 IN, #4 EX PUSH ROD TIPS GALLED & ROCKER ARMS.",INSTALLED NEW PUSH RODS. WAITING ON ROCKER ARMS.,EC-a14845c9b55b1243,LG-a14845c9b55b1243,train
105922,"#3 EX, #4 IN, #4 EX PUSH ROD TIPS GALLED & ROCKER ARMS.",COMPLETED INSTALLATION OF ROCKER ARMS (DRY CLEARANCE OK,EC-a14845c9b55b1243,LG-a14845c9b55b1243,train
105923,ENGINE RUNS ROUGH ON RUN UP.,ENGINE RUN SMOOTH ON RUN UP. OPS & LEAK CK GOOD.,EC-1e19a39affaf4900,LG-1e19a39affaf4900,train
105924,ENGINE RUNS ROUGH ON RUN UP.,"REAMED ALL 4 EXHAUST VALVES, CLEARANCES CK'ED GOOD; CYL",EC-1e19a39affaf4900,LG-1e19a39affaf4900,train
105925,#2 INTAKE LEAKING.,REMOVED & REPLACED GASKET.,EC-9e293c9950113443,LG-10956cdabbd1e3ce,dev
105926,ENGINE WOULD SPUTTER WHEN GOING FROM IDLE TO FULL THROTTLE.,"RAN UP A/C, WARMED TO OPERATING TEMP. NO DEFECTS NOTED.",EC-4ab81bd2ac46de64,LG-4ab81bd2ac46de64,train
105927,"ROUGH RUNNING ENGINE IN FLIGHT. PARTIAL POWER LOSS, LITTLE T",REMOVED COWL & SPARK PLUG LEADS. OBSERVED CRACK ACROSS,EC-80b45b9edda9af9f,LG-80b45b9edda9af9f,train
105928,"ROUGH RUNNING ENGINE IN FLIGHT. PARTIAL POWER LOSS, LITTLE T",COMPLETED TRANSFERRING SERVICEABLE COMPONENTS. INSTALLE,EC-80b45b9edda9af9f,LG-80b45b9edda9af9f,train
105929,"ROUGH RUNNING ENGINE IN FLIGHT. PARTIAL POWER LOSS, LITTLE T",REMOVED ENGINE IAW  MM. STARTED TRANSFERRING COMP,EC-80b45b9edda9af9f,LG-80b45b9edda9af9f,train
105930,"ROUGH RUNNING ENGINE IN FLIGHT. PARTIAL POWER LOSS, LITTLE T",REMOVED SPARK PLUGS. SERVICED W/ 8 QTS MINERAL OIL. PRE,EC-80b45b9edda9af9f,LG-80b45b9edda9af9f,train
105931,"ROUGH RUNNING ENGINE IN FLIGHT. PARTIAL POWER LOSS, LITTLE T","COMPLETED ROUTING & SECURING LINES, WIRES, CABLES & HOS",EC-80b45b9edda9af9f,LG-80b45b9edda9af9f,train
105932,#4 CYL RUNS COLD & ENGINE SHAKES VIOLENTLY.,STARTED INSTALLATION OF NEW #4 CYLINDER. TORQUED BASE N,EC-a7393745edb399bf,LG-a7393745edb399bf,train
105933,#4 CYL RUNS COLD & ENGINE SHAKES VIOLENTLY.,"INSTALLED PUSH RODS, ROCKERS. TAPPET CLEARANCE CK'ED OK",EC-a7393745edb399bf,LG-a7393745edb399bf,train
105934,R/H GOVERNOR IS STILL LEAKING,ALSO FOUND LIFT RING BOLT LEAKING OIL ON ENGINE CASE. R,EC-0e4e7344e63000f5,LG-0e4e7344e63000f5,test
105935,NUT IS MISSING ON CYL #3 AFT BAFFLE MOUNT.,"REMOVED AFT CYL #3 BAFFLE, PATCHED BAFFLE IAW  SR",EC-e5a17bcae853194e,LG-e5a17bcae853194e,train
105936,R/H CARB HEAT SHROUD HAS A BROKEN TAB.,REMOVED & REPLACED CARB HEAT SHROUD.,EC-6f8a3ee7a69ec42c,LG-6f8a3ee7a69ec42c,dev
105937,#2 & 4 INTAKE GASKETS LEAKING (L/H ENGINE).,REMOVED & REPLACED W/ NEW GASKETS.,EC-45f28fdcb50d1398,LG-45f28fdcb50d1398,train
105938,"1, 2, 4 ROCKER COVER GASKETS LEAKING (L/H ENGINE).",REMOVED & REPLACED GASKETS.,EC-9eb0cfbe6d138e74,LG-608d782c2258dd59,train
105939,"ROUGHNESS ON R/H ENGINE. SUSPECT CARB ICE, BUT CARB HEAT DID",PERFORMED COMPRESSION CK - ALL CYLINDERS WERE W/IN LIMI,EC-693f267d1306c7cb,LG-693f267d1306c7cb,test
105940,2 & 4 INTAKES LEAKING.,REPLACED GASKETS.,EC-d372db8bbc7d7be3,LG-26ffbcbee302311b,test
105941,"IMMEDIATELY AFTER ENGINE START, HAD ENGINE ROUGHNESS.","RAN A/C, NO ROUGHNESS NOTED. ALL CHECKS GOOD.",EC-2e2525b1820f37ab,LG-2e2525b1820f37ab,train
105942,RIGHT ENGINE DIPSTICK TUBE SAFETY IS LOOSE.,TIGHTENED & RESAFETIED TUBE.,EC-15beeea5f3f60c1f,LG-15beeea5f3f60c1f,train
105943,RIGHT ENGINE CYL #3 ROCKER COVER GASKET LEAKING.,REMOVED & REPLACED GASKET.,EC-828b6cd26b8526bb,LG-608d782c2258dd59,train
105944,HIGH FREQUENCY VIBRATION FELT WHILE RUNNING UP AT 2000 RPM.,"RAN UP A/C, OPS & LEAK CK GOOD.",EC-2f586e1220d43d00,LG-2f586e1220d43d00,test
105945,HIGH FREQUENCY VIBRATION FELT WHILE RUNNING UP AT 2000 RPM.,FOUND NUMEROUS SPECKS OF NON-FERROUS METAL IN OIL. BEGA,EC-2f586e1220d43d00,LG-2f586e1220d43d00,test
105946,HIGH FREQUENCY VIBRATION FELT WHILE RUNNING UP AT 2000 RPM.,COMPLETED REMOVAL OF ENGINE. STARTED REMOVING BAFFLES &,EC-2f586e1220d43d00,LG-2f586e1220d43d00,test
105947,HIGH FREQUENCY VIBRATION FELT WHILE RUNNING UP AT 2000 RPM.,BEGAN TRANSFERRING BAFFLES & FITTINGS TO O/H ENGINE,EC-2f586e1220d43d00,LG-2f586e1220d43d00,test
105948,HIGH FREQUENCY VIBRATION FELT WHILE RUNNING UP AT 2000 RPM.,COMPLETED BUILD UP OF O/H ENGINE. INSTALLED ENGNIE TO A,EC-2f586e1220d43d00,LG-2f586e1220d43d00,test
105949,HIGH FREQUENCY VIBRATION FELT WHILE RUNNING UP AT 2000 RPM.,"COMPLETED INSTALLATION OF FUEL, OIL & ELECTRICAL LINES.",EC-2f586e1220d43d00,LG-2f586e1220d43d00,test
105950,HIGH FREQUENCY VIBRATION FELT WHILE RUNNING UP AT 2000 RPM.,"PRE-OILED OVERHAULED ENGINE. INSTALED SPARK PLUGS, LEAD",EC-2f586e1220d43d00,LG-2f586e1220d43d00,test
105951,HIGH FREQUENCY VIBRATION FELT WHILE RUNNING UP AT 2000 RPM.,INSTALLED  COWLING. PERFORMED GROUND RUN. ADJUSTED IDLE,EC-2f586e1220d43d00,LG-2f586e1220d43d00,test
105952,#3 INTAKE GASKET IS LEAKING.,REPLACED GASKET.,EC-17660b2a9cc00433,LG-4285908bb8f7434c,train
105953,L/H FWD BAFFLE SEAL LOOSE.,REATTACHED BAFFLE SEAL.,EC-fbfd4e96c3cddafd,LG-550468c14295fbc3,test
105954,#4 OIL RETURN LINE HOSE CLAMP IS LOOSE.,TIGHTENED LOOSE OIL RETURN LINE CLAMP.,EC-7ceb98762369efd4,LG-2875750fca9da4aa,test
105955,L/H #2 FRONT BAFFLE HAS 2 WORN SEALS.,FABRICATED NEW SEALS & SECURED.,EC-54967a12efd18641,LG-54967a12efd18641,train
105956,R/H ENGINE #3 INTAKE GASKET LEAKING.,REMOVED & REPLACED W/ NEW GASKET.,EC-a8b80bf440483e7d,LG-4285908bb8f7434c,train
105957,"L/H ENGINE, ALL 4 INTAKE GASKETS ARE LEAKING.",INSTALLED NEW INTAKE GASKETS.,EC-f0f174a9dcdc1ded,LG-f0f174a9dcdc1ded,dev
105958,SMALL AMOUNT OF METAL FOUND IN R/H ENGINE OIL FILTER.,"IAW LYCOMING SI 1492D, OIL CHANGE & FILTER INSP REQUIRE",EC-5dc4faa6d12174ae,LG-5dc4faa6d12174ae,train
105959,R/H AFT ENGINE BAFFLE MOUNTING SCREW LOOSE.,TIGHTENED SCREW.,EC-58c47616e68b4feb,LG-b1f33e2c59b03e11,train
105960,#3 INTAKE LEAKING ON L/H ENGINE.,REMOVED & REPLACED GASKET.,EC-d5214a798d419c0a,LG-4285908bb8f7434c,train
105961,#2 & 4 CYL INTAKE GASKETS ARE LEAKING.,REMOVED & REPLACED GASKETS.,EC-cee906d52f5ac528,LG-4285908bb8f7434c,train
105962,#4 INTAKE LEAKING.,REMOVED & REPLACED GASKET.,EC-66d79f80174da74e,LG-10956cdabbd1e3ce,dev
105963,L/H ENG #4 INTAKE LEAKING.,REMOVED & REPLACED W/ NEW GASKETS.,EC-8b51057e7821329a,LG-4285908bb8f7434c,train
105964,#3 INTAKE GASKET LEAKING.,INSTALLED NEW GASKET.,EC-12a267bf8b1d91a6,LG-4285908bb8f7434c,train
105965,#1 CYL FWD BAFFLE SEAL HAS COME LOOSE.,RESECURED SEAL.,EC-c3cb4cfbe750ade0,LG-c3cb4cfbe750ade0,train
105966,#1 CYL INTAKE GASKET IS LEAKING.,REMOVED & REPLACED GASKET.,EC-5ebfe41f0dfa2132,LG-4285908bb8f7434c,train
105967,"#2, 3 & 4 CYL ROCKER COVER GASKETS ARE LEAKING.",REMOVED & REPLACED GASKETS.,EC-11e037c449fc2c4d,LG-608d782c2258dd59,train
105968,#3 INTAKE LEAKING ON R/H ENGINE.,REMOVED & REPLACED GASKET.,EC-e8bee9035a1deeb3,LG-4285908bb8f7434c,train
105969,R/H ENG #3 & 4 INTAKE GASKETS ARE LEAKING.,INSTALLED NEW GASKETS.,EC-fff88296eb525bdc,LG-4285908bb8f7434c,train
105970,"3 ROCKERS & PUSH RODS SCORED (#2 IN, 2 EX, 3 EX).",REPLACED ROCKERS & PUSH RODS.,EC-25e98d90fadbaa6b,LG-25e98d90fadbaa6b,test
105971,"L/H ENG #4 CYL IS CRACKED, FOUND ON COMPRESSION TEST.","REMOVED ALL CYLINDERS, REINSTALLED 4 NEW CYLINDERS. TOR",EC-af3bc09b4c1daeb1,LG-af3bc09b4c1daeb1,train
105972,"L/H ENG #4 CYL IS CRACKED, FOUND ON COMPRESSION TEST.","INSTALLED REMAINING BAFFLES, INTAKE & EXHAUST. SERVICED",EC-af3bc09b4c1daeb1,LG-af3bc09b4c1daeb1,train
105973,"L/H ENG #4 CYL IS CRACKED, FOUND ON COMPRESSION TEST.","RAN A/C, OPS & LEAK CK GOOD. FOR BREAK",EC-af3bc09b4c1daeb1,LG-af3bc09b4c1daeb1,train
105974,"#1, 3, 4 INTAKE GASKETS LEAKING.",REMOVED & REPLACED GASKETS.,EC-363fe336e64294fc,LG-4285908bb8f7434c,train
105975,#2 INTAKE IS LEAKING.,REMOVED & REPLACED GASKET.,EC-8ec828272e86c6c2,LG-10956cdabbd1e3ce,dev
105976,"CYL #1, 3 ROCKER DRAIN LINES LEAKING.",TIGHTENED ROCKER DRAIN CLAMPS.,EC-9c7c37e41aa15f30,LG-2778b8b4bf7af73d,train
105977,ENGINE CHANGE REQUIRED.,COMPLETED INSTALLATION OF ENGINE & COMPONENTS. ROUTING,EC-3d74358db91a2ea8,LG-3d74358db91a2ea8,train
105978,ENGINE CHANGE REQUIRED.,REMOVED OLD ENGINE & HUNG OVERHAULED ENGINE,EC-3d74358db91a2ea8,LG-3d74358db91a2ea8,train
105979,ENGINE CHANGE REQUIRED.,RUN UP & LEAK CK GOOD. REINSTALLED COWLING.,EC-3d74358db91a2ea8,LG-3d74358db91a2ea8,train
105980,ENGINE CHANGE REQUIRED.,SET ALTERNATOR BELT TENSION & SAFETIED. PRE-OILED ENGIN,EC-3d74358db91a2ea8,LG-3d74358db91a2ea8,train
105981,BAFFLE TIE ROD IS CHAFING ON #4 OIL RETURN LINE.,REMOVED & REPLACED LINE. REPOSITIONED TIE ROD TO CREATE,EC-0c41120a1c9dde60,LG-0c41120a1c9dde60,dev
105982,CRANKSHAFT FRONT SEAL NEEDS TO BE REPLACED.,LEAK CK GOOD.,EC-be748391c5b6ecbd,LG-be748391c5b6ecbd,train
105983,"#1, 4 ROCKER BOX GASKET NEEDS TO BE REPLACED.",REPLACED GASKETS.,EC-717eb657fe7e2992,LG-717eb657fe7e2992,train
105984,CRANKSHAFT FRONT SEAL NEEDS TO BE REPLACED.,REPLACED FWD CRANKSHAFT SEAL.,EC-be748391c5b6ecbd,LG-be748391c5b6ecbd,train
105985,"CRACKS ON ENGINE BAFFLE, AFT OF #3 CYL.",STOP DRILLED CRACKS.,EC-d35a32f450ae5fe3,LG-d35a32f450ae5fe3,train
105986,"UPON ENGINE START, NOTICED ENGINE WAS RUNNING EXTREMELY ROUG","RAN UP A/C, CLEARED SPARK PLUGS. COULD NOT DUPLICATE DI",EC-006a01165ce39d8f,LG-006a01165ce39d8f,dev
105987,#1 CYL COMPRESSION LOW.,OPS & LEAK CK GOOD.,EC-985e228a3388ce3c,LG-773f22d292484073,test
105988,#1 CYL COMPRESSION LOW.,"REMOVED & REPLACED #1 CYLINDER, DUE TO BURNT EXHAUST VA",EC-985e228a3388ce3c,LG-773f22d292484073,test
105989,#3 AFT BAFFLE TAB IS LOOSE.,REMOVED BAFFLE. INSTALLED & TIGHTENED NEW HARDWARE. REI,EC-9a3bf8f0e6b0fffa,LG-f35be539f13f6d6f,train
105990,WRENCH ON CYL #1,REMOVED WRENCH FROM CYL #1,EC-72eb808a48fdea2d,LG-72eb808a48fdea2d,train
105991,CYL #4 INTAKE GASKETS IS LEAKING.,REMOVED & REPLACED GASKET.,EC-d5158cc2d90776a8,LG-4285908bb8f7434c,train
105992,"INLET SCREEN COWL PANEL RUBBER UNSECURE, L/H ENGINE.","SECURED PANEL SEALS, L/H SIDE PANELS.",EC-c740d0d9c1838d1b,LG-c740d0d9c1838d1b,train
105993,L/H ENGNIE O/B BULKHEAD HAS CRACK BY ATTACH HOLES FOR LOWER,FABRICATED DOUBLER OUT OF 2024 T3 .040 ALUMINUM & RIVET,EC-dc5e68ccc061867c,LG-dc5e68ccc061867c,train
105994,INTAKES #2 & 3 LEAKING ON R/H ENGINE.,REMOVED & REPLACED GASKETS.,EC-dabbe2adff9aed35,LG-4285908bb8f7434c,train
105995,"INTAKES #2, 3 & 4 LEAKING ON L/H ENGINE.",REMOVED & REPLACED GASKETS.,EC-c32b55c9566387e6,LG-4285908bb8f7434c,train
105996,"#2, 4 INTAKES LEAKING.",REMOVED & REPLACE GASKETS.,EC-26ffbcbee302311b,LG-26ffbcbee302311b,test
105997,"SCREW BEHIND DIPSTICK TUBE LOOSE, FOR BAFFLE.",TIGHTENED SCREW.,EC-c0b751bf8286e35f,LG-6722b40275ceea93,train
105998,#1 INTAKE LEAKING.,REPLACED GASKET.,EC-3bfb71c5d2c84d08,LG-10956cdabbd1e3ce,dev
105999,LOWER ROCKER BOX SCREWS LOOSE ON CYL 1 & 3.,TIGHTENED SCREWS.,EC-fe69da2812143111,LG-fe69da2812143111,train
106000,"ON ENGINE START UP, ENGINE MADE LOUD GRINDING NOISE, THAT DI","REMOVED ACCESSORY CASE & OIL SUMP. CLEANED OUT FOD, INS",EC-daaa87a0e6a08eec,LG-daaa87a0e6a08eec,train
106001,#2 INTAKE LEAKING.,REMOVED & REPLACED GASKET.,EC-9e293c9950113443,LG-10956cdabbd1e3ce,dev
106002,CYL #3 INTAKE GASKET IS LEAKING.,REPLACED GASKET.,EC-1074ea01820aa3a5,LG-4285908bb8f7434c,train
106003,#4 INTAKE LEAKING.,REPLACED INTAKE GASKET.,EC-66d79f80174da74e,LG-10956cdabbd1e3ce,dev
106004,"SCREW FOUND ON GROUND DURING PAD CK, THAT WAS NOT THERE DURI",REINSTALLED SCREW IN #4 ROCKER COVER.,EC-4edb36d80a925632,LG-4edb36d80a925632,train
106005,AUDIBLE RPM LOSS & ENGINE ROUGHNESS WHILE LEVELING IN DOWN W,"PERFORMED COMPRESSION CK: CYL #1-78, #2-75, #3-78, #4-7",EC-e365d344b50f1a35,LG-e365d344b50f1a35,train
106006,AIR BOX ELBOW HAS CRACK.,REMOVED ELBOW & REPLACED W/ SERVICEABLE.,EC-f01832b36bcd107e,LG-f01832b36bcd107e,train
106007,BAFFLE ABOVE CYL #1 IS CRACKED.,STOP DRILLED CRACK.,EC-9f80fd2108c01aa4,LG-ab88affdca25a745,train
106008,L/H ENGINE #4 INTAKE LEAKING.,REPLACED INTAKE GASKET.,EC-521eaa9c30bc1196,LG-4285908bb8f7434c,train
106009,R/H ENGINE CARB AIR BOX LOOSE.,TIGHTENED BOLTS & SAFETIED.,EC-f64c76d92478ca89,LG-f64c76d92478ca89,train
106010,#1 INTAKE LEAKING.,REMOVED & REPLACED GASKET.,EC-3bfb71c5d2c84d08,LG-10956cdabbd1e3ce,dev
106011,#4 INTAKE LEAKING.,REMOVED & REPLACED GASKET.,EC-66d79f80174da74e,LG-10956cdabbd1e3ce,dev
106012,SCREW MISSING ON AFT R/H BAFFLE.,INSTALLED NEW SCREW.,EC-e04a34772156f30e,LG-ac09d330d3a5d8db,dev
106013,"BAFFLE SCREW, BY OIL TUBE, LOOSE.",TIGHTENED SCREW.,EC-5a6d6e21d487ce4d,LG-5a6d6e21d487ce4d,dev
106014,BLACK FWD SEAL WEAR SPOTS FROM INTAKE.,APPLIED RED RTV TO WORN SPOTS.,EC-bb7009a6dc00447c,LG-bb7009a6dc00447c,train
106015,"FAULTY MAG ON RUN UP, RAN FAULTY MAG CK LIST 2 TIMES W/ SOME","PERFORMED GROUND RUN, NO DEFECTS NOTED. OPS CK'ED GOOD.",EC-0b939519c1fb67f8,LG-0b939519c1fb67f8,train
106016,ALTERNATE AIR BOX BUSHINGS ARE WORN.,REPLACED W/ SERVICEABLE AIR BOX.,EC-79a2492f0194065c,LG-79a2492f0194065c,train
106017,#1 ROCKER BOX GASKET LEAKING.,REMOVED & REPLACED GASKET.,EC-c6b280cd13380d08,LG-608d782c2258dd59,train
106018,"#3, 4 INTAKES LEAKING.",REPLACED GASKETS.,EC-febf907a945bf025,LG-26ffbcbee302311b,test
106019,#2 & 3 INTAKES LEAKING ON R/H ENGINE.,REMOVED & REPLACED GASKETS.,EC-b96df8ea2e0a0c8a,LG-4285908bb8f7434c,train
106020,ALL 4 INTAKES LEAKING ON L/H ENGINE.,REMOVED & REPLACED ALL GASKETS ON L/H ENGINE.,EC-e88874a3f0a62457,LG-20b885d243c3e1d4,train
106021,"LOW COMPRESSION ON CYLINDER #2, L/H ENGINE.",FOUND COMPRESSION BELOW 40/80 PSI & LEAKING OUT EXHAUST,EC-b1b42a92c60e1f6d,LG-128e4577464b4123,train
106022,"INTAKE GASKETS #3 & 4 CYL, LEAK.",REMOVED & REPLACED GASKETS.,EC-3f7c32e0dd114b03,LG-3f7c32e0dd114b03,train
106023,RPM HIT 2720 DURING FLIGHT.,INSP AS PER LYCOMING FOR LESS THAN 5% OVERSPEED,EC-9590ed301aa13da6,LG-9590ed301aa13da6,train
106024,#1 INTAKE GASKET LEAKING.,REMOVED & REPLACED GASKET.,EC-66c69e07864cfa3c,LG-4285908bb8f7434c,train
106025,R/H SIDE BAFFLING MISSING HARDWARE.,INSTALLED NEW HARDWARE.,EC-3e247c326bd910bf,LG-3e247c326bd910bf,train
106026,"L/H ENG, CYL #4 INTAKE LEAKING.",REMOVED & REPLACED GASKET.,EC-289b4b5fe0939b7f,LG-4285908bb8f7434c,train
106027,L/H ENG CYL #1 PRIMER LINE CHAFING ON INTAKE TUBE.,"REMOVED & REPLACED PRIMER LINE SLEEVE, NO DAMAGE NOTED.",EC-ba2318c67c85c24c,LG-5dd1a46dd92b4e76,dev
106028,FOD @ #2 CYLINDER,REMOVED TIE WRAP FOR FOD,EC-66566cec064d6d3c,LG-4e60e17f5d8b7163,dev
106029,FOD ON SIDE BATTERY CASE (ZIP TIE TAPED TO SIDE),REMOVED FOD,EC-e0d2903335d27033,LG-e0d2903335d27033,train
106030,R/H REAR ENGINE BAFFLE LOOSE.,TIGHTENED SCREWS.,EC-90dbba55a5325b2d,LG-898b9dc5dfa45f87,dev
106031,HARDWARE MISSING FROM AFT R/H BAFFLE.,"RETRIEVED MISSING HARDWARE, REINSTALLED BAFFLE SCREW. R",EC-7dbcea2bbcb41650,LG-c4711c42c3146697,train
106032,"NEED TO ADJUST MIXTURE, 150 RISE @ SHUT DOWN.",ADJUSTED AS NEEDED. OPS CK GOOD. SEASONAL ADJUSTMENT MA,EC-0f698bef972b265b,LG-0f698bef972b265b,train
106033,ALL CYLINDER ROCKER COVERS SCREWS ARE LOOSE.,TIGHTENED ALL SCREWS.,EC-b3bf67024702b9fe,LG-f40ff9615f91de7f,test
106034,#3 ROCKER COVER GASKET LEAKING ON L/H ENGINE.,REMOVED & REPLACED GASKET.,EC-2ca83df8d10cdfe2,LG-608d782c2258dd59,train
106035,#4 CYL INTAKE GASKET IS LEAKING.,REMOVED & REPLACED GASKET.,EC-8edc952c184ae07f,LG-4285908bb8f7434c,train
106036,#3 INTAKE LEAKING.,REPLACED GASKET.,EC-6f9c95f514a1077a,LG-10956cdabbd1e3ce,dev
106037,#2 INTAKE LEAKING.,REMOVED & REPLACED GASKET.,EC-9e293c9950113443,LG-10956cdabbd1e3ce,dev
106038,#2 INTAKE LEAKING.,REMOVED & REPLACED GASKET.,EC-9e293c9950113443,LG-10956cdabbd1e3ce,dev
106039,"BAFFLE SEALS ON #1, 4 CYLINDERS NEED TO BE SECURED.",SECURED BAFFLE SEALS.,EC-921ccef986140651,LG-4027e23bc430d933,train
106040,1 & 4 INTAKE LEAKING ON L/H ENGINE.,REPLACED GASKETS ON 1 & 4 INTAKES.,EC-3f9eb7962a80b429,LG-4285908bb8f7434c,train
106041,REMOVE SERVICEABLE ENGINE ASSY TO PREPARE FOR TRANSPORT FOR,REMOVED SERVICEABLE ENGINE ASSY; INCLUDING ENGINE MOUNT,EC-c228a893b5da1ce6,LG-c228a893b5da1ce6,train
106042,PROP STRIKE/SUDDEN STOPPAGE.,COMPLETED ENGINE INSTALL IAW  S MX MANUAL.,EC-e3ca58798f1b7c6a,LG-e3ca58798f1b7c6a,train
106043,PROP STRIKE/SUDDEN STOPPAGE.,"REMOVED ENGINE ASSY, INCLUDING MOUNT, HOSES, WIRING, AC",EC-e3ca58798f1b7c6a,LG-e3ca58798f1b7c6a,train
106044,R/H ENGINE #2 ROCKER COVER GASKET LEAKING.,REMOVED & REPLACED GASKET.,EC-0fda28bf8c34be41,LG-608d782c2258dd59,train
106045,SCREW MISSING FROM L/H FWD BAFFLE ON R/H ENGINE.,INSTALLED NEW HARDWARE.,EC-a26fe765357df60a,LG-a26fe765357df60a,test
106046,"ROCKER COVERS 1, 2 & 3 LEAKING ON L/H ENGINE.",REMOVED & REPLACED GASKETS.,EC-5c15820e2876811e,LG-608d782c2258dd59,train
106047,"R/H ENGINE #3, 4 CYLINDERS INTAKE GASKETS LEAKING.",REMOVED & REPLACED GASKETS.,EC-29eddfbad94a3839,LG-29eddfbad94a3839,train
106048,NOTICED AN ABNORMAL TICKING OR VIBRATION NOISE FROM ENGINE B,PERFORMED VISUAL INSP OF ENGINE & COMPRESSION,EC-a02ee6b5aa0106cd,LG-a02ee6b5aa0106cd,train
106049,OVERSPEED ENGINE BY 20 RPM FOR NO MORE THAN 10 SECONDS.,"REVIEWED FDM DATA & FOUND MAX OVERSPEED WAS 2617 RPM, W",EC-f6f362fcd551b5a9,LG-f6f362fcd551b5a9,train
106050,BAFFLE PLUGS NEED TO BE REPLACED.,REPLACED PLUGS.,EC-f7806905de18f2f5,LG-d671d8fdeb671d58,train
106051,#1 & 3 INTAKE GASKETS ARE LEAKING.,REPLACED GASKETS.,EC-c77e0b82a38eb53f,LG-4285908bb8f7434c,train
106052,"#2, 3 INTAKE LEAKING.",REMOVED & REPLACED GASKET.,EC-9f571e64c51d8eb4,LG-10956cdabbd1e3ce,dev
106053,LOW COMPRESSION ON CYL #3 (55).,OPS & LEAK CK GOOD.,EC-cf86233bacf1baeb,LG-cf86233bacf1baeb,train
106054,LOW COMPRESSION ON CYL #3 (55).,"REMOVED CYL, FOUND TO BE BURNT EXHAUST VALVE. INSTALLED",EC-cf86233bacf1baeb,LG-cf86233bacf1baeb,train
106055,"ENGINE BACK FIRED DURING START, FLAME CAME OUT ENGINE.","PERFORMED GROUND RUN, OPS CK'ED GOOD. INSPECTED INLET F",EC-a057dc804c0945d9,LG-a057dc804c0945d9,train
106056,#3 INTAKE GASKET LEAKING.,REMOVED & REPLACED W/ NEW GASKET.,EC-12a267bf8b1d91a6,LG-4285908bb8f7434c,train
106057,BAFFLE CRACKED ON #1 CYLILNDER.,STOP DRILLED CRACK.,EC-837651c48be28c4f,LG-837651c48be28c4f,train
106058,LOW COMPRESSION ON CYL #1.,FOUND TO HAVE 57/80 PSI COMP & BURNT EXHAUST VALVE. REM,EC-a5db750def52d15c,LG-128e4577464b4123,train
106059,BAFFLE ABOVE CYL #1 CRACKED.,STOP DRILLED CRACK.,EC-ae2239b3d3cf42f4,LG-ab88affdca25a745,train
106060,#3 ROCKER COVER GASKET LEAKING.,REMOVED & REPLACED GASKET W/ NEW.,EC-cd33c56b9090b89a,LG-608d782c2258dd59,train
106061,#1 & 3 ROCKER COVERS LEAKING.,REMOVED & REPLACED GASKETS.,EC-67b8282817b33e38,LG-608d782c2258dd59,train
106062,ALL ROCKER DRAIN LINES ARE SLIGHTLY LOOSE.,"TIGHTENED ALL LINES ""B"" NUT.",EC-07964ef8e0e4d2d6,LG-07964ef8e0e4d2d6,train
106063,#1 SDIE & FRONT BAFFLE SEALS ARE LOOSE.,SECURED BAFFLE SEALS W/ POP RIVETS.,EC-d478852df8096a81,LG-d478852df8096a81,train
106064,"R/H ENG #2, 3, 4 INTAKES LEAKING.",REPLACED INTAKE GASKETS.,EC-006d80c1a9fb0d13,LG-4285908bb8f7434c,train
106065,"#2, 4 CYL BAFFLE TIE ROD BOLT BROKEN.",REMOVED & REPLACED BOLT.,EC-bba33b7f2bc22ddf,LG-bba33b7f2bc22ddf,train
106066,BOLT FOR ALT SUPPORT NEEDS SAFETY WIRE.,SAFETIED BOLT.,EC-8c69dd8535661c8f,LG-8c69dd8535661c8f,dev
106067,R/H ENGINE RAN ROUGH IN CLIMB & CRUISE. SHUT OFF L/H MAG ON,RAN A/C. L/H & R/H ENIGNE MAGS CK GOOD. NO ROUGHNESS NO,EC-717e52b29e054dcb,LG-717e52b29e054dcb,train
106068,SCREW BEHIND OIL DIPSTICK TUBE LOOSE.,TIGHTENED SCREW.,EC-fec6a74e246506cb,LG-7258411586fd843f,train
106069,L/H UPPER BAFFLE LOOSE ABOVE #2 CYLINDER.,SECURED W/ RIVET.,EC-61ff32fbd08b7d20,LG-61ff32fbd08b7d20,train
106070,WORN SPOTS ON FWD LWR BAFFLE SEAL ABOVE INTAKE.,FILLED IN SPOTS W/ RTV.,EC-b881620c8d9efc93,LG-b881620c8d9efc93,train
106071,PAINT UNDER GROUND WIRE STRAP ON ENGINE.,REMOVED PAINT & CLEANED STRAP END.,EC-e0f5705459808ad3,LG-e0f5705459808ad3,dev
106072,"INNER BAFFLE TIE SPRING BROKEN, L/H SIDE.",REPLACED BAFFLE SPRING.,EC-c0b22fa455303f30,LG-c0b22fa455303f30,train
106073,"#3, 4 CYL ROCKER COVER GASKETS LEAK.",REMOVED #3 & 4 ROCKER COVERS. REMOVED OLD GASKETS & CLE,EC-9f3b184946a61332,LG-9f3b184946a61332,dev
106074,#3 INTAKE LEAKING.,REPLACED GASKET.,EC-6f9c95f514a1077a,LG-10956cdabbd1e3ce,dev
106075,COMPRESSION IS LOW #2 CYLINDER.,REINSTALLED CYLINDER TO ENGINE & TORQUE BASE NUTS TO SP,EC-d486e397d74b1674,LG-128e4577464b4123,train
106076,COMPRESSION IS LOW #2 CYLINDER.,REMOVED CYLINDER FROM ENGINE. FOUND EXHAUST VALVE WORN.,EC-d486e397d74b1674,LG-128e4577464b4123,train
106077,COMPRESSION IS LOW #2 CYLINDER.,RECONECTED OIL RETURN LINES. REINSTALLED BAFFLES. PERFO,EC-d486e397d74b1674,LG-128e4577464b4123,train
106078,SCREW BEHIND OIL TUBE FILTER LOOSE.,TIGHTENED SCREW.,EC-7ad49165626457dc,LG-7ad49165626457dc,dev
106079,ROD CHANGE PER LYCOMING.,DISASSEMBLED TOP END OF ENGINE.,EC-3648408cc5e3238c,LG-3648408cc5e3238c,dev
106080,#4 CYL PUSH ROD TUBE WASHER CORRODED.,REMOVED & REPLACED WASHER.,EC-d14e6abc8cdf0131,LG-d14e6abc8cdf0131,dev
106081,ROD CHANGE PER LYCOMING.,"HONED CYLINDERS, LAPPED VALVEDS, REAMED EXHAUST GUIDES.",EC-3648408cc5e3238c,LG-3648408cc5e3238c,dev
106082,ROD CHANGE PER LYCOMING.,CONTINUED ENGINE REASSEMBLY & BAFFLING. DRY TAPPET CLEA,EC-3648408cc5e3238c,LG-3648408cc5e3238c,dev
106083,ROD CHANGE PER LYCOMING.,"COMPLETED ENGINE REASSEMBLY. RAN A/C, OPS & LEAK CK GOO",EC-3648408cc5e3238c,LG-3648408cc5e3238c,dev
106084,AIR BOX GASKET REPLACEMENT.,N/A BY A/C MFG.,EC-4aa6e16b6fc5d99e,LG-4aa6e16b6fc5d99e,train
106085,L/H ENGINE #2 & 4 INTAKES LEAKING.,REPLACED GASKETS.,EC-603b22dcdb952fe3,LG-4285908bb8f7434c,train
106086,"R/H ENGINE #4 INTAKE LEAKING, AND #3 INTAKE.",REPLACED GASKET.,EC-3fd12f5460e599ff,LG-3fd12f5460e599ff,train
106087,INTAKE #3 LEAKING.,REMOVED & REPLACED GASKET.,EC-d53a252cce0f9ae5,LG-10956cdabbd1e3ce,dev
106088,BAFFLE SCREW MISSING ON #3 CYL BAFFLE.,REINSTALLED SCREW.,EC-330c413c14c80a79,LG-ac09d330d3a5d8db,dev
106089,"CYL #1, 2, 4 INTAKE GASKETS LEAKING.",REMOVED & REPLACED GASKETS.,EC-47ad4117e588d4c8,LG-4285908bb8f7434c,train
106090,#3 INTAKE LEAKS.,REPLACED GASKET.,EC-108dadca18c87100,LG-0e48eb423d7a05e3,test
106091,GROUNDING POINTS ON ENG & FIREWALL LOOSE.,TIGHTENED ALL BOLTS.,EC-25238a27175b7fcb,LG-25238a27175b7fcb,train
106092,FOUND ENGINE BAFFLES CRACKED.,COMPLETED BAFFLE REPAIR.,EC-978ed433d2dfe996,LG-978ed433d2dfe996,train
106093,FOUND ENGINE BAFFLES CRACKED.,BEGAN FABRICATING PATCHES.,EC-978ed433d2dfe996,LG-978ed433d2dfe996,train
106094,FOUND ENGINE BAFFLES CRACKED.,CONTINUED REPAIRING BAFFLES.,EC-978ed433d2dfe996,LG-978ed433d2dfe996,train
106095,"CRACKED FIN ON #4 CYLINDER, BETWEEN TOP SPARK PLUG HOLE & IN",DETERMINED CRACK TO BE REPAIRABLE BY INSTALLING FIN STA,EC-ed27fd0f30e10e0f,LG-ed27fd0f30e10e0f,train
106096,"CRACKED FIN ON #4 CYLINDER, BETWEEN TOP SPARK PLUG HOLE & IN",INSTALLED FIN STABILIZER IAW LYCOMING DIRECT DRIVE OVER,EC-ed27fd0f30e10e0f,LG-ed27fd0f30e10e0f,train
106097,BOTH BAFFLE PLUGS WORN.,REPLACED W/ NEW PLUGS.,EC-8c42875f4907c236,LG-d1ae1963cf7de664,dev
106098,#1 INTAKE GASKET LEAKING.,INSTALLED NEW INTAKE GASKET.,EC-66c69e07864cfa3c,LG-4285908bb8f7434c,train
106099,#3 EXHAUST SIDE PUSH ROD & ROCKER SCORED.,DRY TAPPET CLEARANCE GOOD.,EC-568992553c3fcd99,LG-568992553c3fcd99,train
106100,#2 CYLINDER CRACKED.,MAINTENANCE FLIGHT REQUIRED,EC-de75656da555a5a8,LG-e3b964f842fc4352,test
106101,#3 EXHAUST SIDE PUSH ROD & ROCKER SCORED.,ACQUIRED PARTS & SET IN PLACE.,EC-568992553c3fcd99,LG-568992553c3fcd99,train
106102,#2 CYLINDER CRACKED.,"REMOVED #2, 3, 4 CYLINDERS & BEGAN REPLACING W/ NEW CYL",EC-de75656da555a5a8,LG-e3b964f842fc4352,test
106103,#2 CYLINDER CRACKED.,"FINISHED REASSEMBLY OF CYLINDERS 2, 3, 4. DRY TAPPET CL",EC-de75656da555a5a8,LG-e3b964f842fc4352,test
106104,#3 INTAKE LEAKING ON R/H ENGINE.,REMOVED & REPLACED INTAKE GASKET.,EC-e8bee9035a1deeb3,LG-4285908bb8f7434c,train
106105,"INTAKES 2, 3 & 4 LEAKING ON L/H ENGINE.",REMOVED & REPLACED W/ NEW GASKETS.,EC-f4c4e83928513c1e,LG-4285908bb8f7434c,train
106106,L/H ENGINE #4 BAFFLE CRACKED.,REPLACED W/ REPAIRED BAFFLE.,EC-3f2a540afcbd2b5a,LG-e3b964f842fc4352,test
106107,R/H ENG #1 INTAKE TUBE GASKET LEAKING.,REMOVED & REPLACED GASKET.,EC-003b0fd1d779f901,LG-ae9ab1f2ace76196,train
106108,#3 EXHAUST PUSH ROD & ROCKER SCORED.,REMOVED & REPLACED W/ NEW PUSH ROD & ROCKER ARM. DRY TA,EC-87e535a9b2cbf9c5,LG-568992553c3fcd99,train
106109,INTAKES 2 & 4 LEAKING ON R/H ENGINE.,CLINDERS NEED TO BE REPLACED. ,EC-97caa6160c52c03f,LG-4285908bb8f7434c,train
106110,#4 EXHAUST PUSH ROD & ROCKER ARM SCORED.,REMOVED & REPLACED W/ NEW PUSH ROD & ROCKER. DRY TAPPET,EC-e51d59688a76a519,LG-568992553c3fcd99,train
106111,R/H ENG #3 CYL CRACKED BY LWR SPARK PLUG.,"REMOVED CYL #2, 3, 4; REPLACED W/ NEW CYLINDERS. BEGAN",EC-de1f9f991ad72960,LG-de1f9f991ad72960,train
106112,R/H ENG #3 CYL CRACKED BY LWR SPARK PLUG.,FINISHED INSTALLATION. INSTALLED NEW ROCKER & PUSH ROD,EC-de1f9f991ad72960,LG-de1f9f991ad72960,train
106113,R/H ENG #3 CYL CRACKED BY LWR SPARK PLUG.,"REMOVED EXHAUST & STARTED REMOVAL OF BAFFLES, O/B BAFFL",EC-de1f9f991ad72960,LG-de1f9f991ad72960,train
106114,R/H ENG #3 CYL CRACKED BY LWR SPARK PLUG.,CYLINDER CHANGE DONE IAW LYCOMING OVERHAUL MANUAL. MAIN,EC-de1f9f991ad72960,LG-de1f9f991ad72960,train
106115,#1 & 3 ROCKER COVERS LEAKING.,TIGHTENED LOOSE SCREWS.,EC-67b8282817b33e38,LG-608d782c2258dd59,train
106116,"DURING SHUT DOWN CHECKLIST, WHEN PUT THROTTLE IDLE, ENGINE S",TORQUED ENGINE MOUNTS. RAN UP ENGINE. OPS CK GOOD.,EC-32021a221ad112bd,LG-32021a221ad112bd,dev
106117,"DURING SHUT DOWN CHECKLIST, WHEN PUT THROTTLE IDLE, ENGINE S","PERFORMED RUN UP W/ COWL OFF, CAN STILL HEAR TAPPING &",EC-32021a221ad112bd,LG-32021a221ad112bd,dev
106118,"DURING SHUT DOWN CHECKLIST, WHEN PUT THROTTLE IDLE, ENGINE S","RAN UP ENGINE, ENGINE RUNS SMOOTH, MAG DROPS, EGT'S, CH",EC-32021a221ad112bd,LG-32021a221ad112bd,dev
106119,#2 INTAKE GASKET IS LEAKING.,"REPLACED GASKET, LEAK CK GOOD.",EC-53f353a420cf4fcc,LG-4285908bb8f7434c,train
106120,ENGINE OVERSPEED 2750 AT PEAK.,"REVIEWED FLIGHT DATA, VERIFIED 2740.3 PEAK OVERSPEED. C",EC-b8fe147b30cc430c,LG-b8fe147b30cc430c,train
106121,R/H ENG #3 CYL INTAKE GASKET LEAKING.,"REMOVED COWL, REMOVED & REPLACED GASKET. REINSTALLED CO",EC-404b45c368454ea1,LG-4285908bb8f7434c,train
106122,L/H ENG #3 & 4 CYL INTAKE GASKETS LEAKING.,"REMOVED COWL, REMOVED & REPLACED GASKETS. REINSTALLED C",EC-4806f7911e096a20,LG-4285908bb8f7434c,train
106123,#4 INTAKE LEAKING.,REMOVED & REPLACED GASKET.,EC-66d79f80174da74e,LG-10956cdabbd1e3ce,dev
106124,L/H ENGINE BAFFLE PLUG TABS BROKEN.,INSTALLED NEW BAFFLE PLUG.,EC-4df7f76eb22c05ba,LG-046b4833dae03ba2,test
106125,BAFFLE SCREW BEHIND OIL TUBE LOOSE.,TIGHTENED SCREW.,EC-f7bc869d0b5e5045,LG-f7bc869d0b5e5045,test
106126,"BAFFLE SEAL, ABOVE ENG INTAKE HAS WORN SPOTS.",INSTALLED BLACK RTV TO WORN AREAS.,EC-f4be308c95d473c8,LG-f4be308c95d473c8,train
106127,R/H REAR ENGINE BAFFLE SCREWS LOOSE.,INSTALLED NEW SCREWS IN BAFFLE ANCHOR.,EC-8133b5c008aa153e,LG-898b9dc5dfa45f87,dev
106128,#3 ROCKER COVER LEAKING ON R/H ENGINE.,INSTALLED NEW ROCKER BOX COVER GASKET.,EC-8966393e5fc21277,LG-608d782c2258dd59,train
106129,L/H ENG #1 CYLINDER CRACKED.,INSTALLED PUSH RODS & ROCKERS. DRY TAPPET CLEARANCE CK,EC-de8d101521f28815,LG-e3b964f842fc4352,test
106130,L/H ENG #1 CYLINDER CRACKED.,"REMOVED #1, 2, 3, 4 CYLINDERS. REPLACED W/ NEW CYLINDER",EC-de8d101521f28815,LG-e3b964f842fc4352,test
106131,L/H ENG #1 CYLINDER CRACKED.,"RAN UP A/C, OPS & LEAK CK GOOD. MAINTENANCE FLIGHT REQU",EC-de8d101521f28815,LG-e3b964f842fc4352,test
106132,R/H ENG #2 CYL PUSH ROD END & ROCKER SCORED.,REPLACED W/ NEW ROCKER & PUSH ROD. TAPPET CLEARANCE CK,EC-d511807dc008e00c,LG-d511807dc008e00c,test
106133,R/H ENGINE #1 CYL EXHAUST ROCKER WORN ON SHAFT.,REPLACED W/ NEW ROCKER & ROCKER SHAFT. TAPPET CLEARANCE,EC-add2db677f24d601,LG-add2db677f24d601,train
106134,R/H ENGINE #3 CYL EXHAUST ROCKER WORN ON SHAFT.,REPLACED W/ NEW ROCKER & ROCKER SHAFT. TAPPET CLEARANCE,EC-c5162431a24b6540,LG-add2db677f24d601,train
106135,"RIGHT ENGINE, LEFT MAG DROPPED 200+.","RAN A/C & CONFIRMED PROBLEM. R/H ENG, R/H MAG TIMING IS",EC-32c4a36f265884e6,LG-32c4a36f265884e6,train
106136,R/H REAR BAFFLE MISSING GROMMET.,INSTALLED GROMMET.,EC-e086218162f65e9c,LG-e086218162f65e9c,train
106137,BAFFLE PLUGS WORN.,REMOVED & REPLACED BAFFLE PLUGS. INSTALLED BAFFLE PATCH,EC-046718097e775a4a,LG-d1ae1963cf7de664,dev
106138,#4 INTAKE GASKET LEAKING.,REPLACED GASKET.,EC-57acd94dcdde4ef3,LG-4285908bb8f7434c,train
106139,#2 INTAKE LEAKING.,REMOVED & REPLACED GASKET.,EC-9e293c9950113443,LG-10956cdabbd1e3ce,dev
106140,#3 & 4 ROCKER COVERS LEAKING.,REMOVED & REPLACED ROCKER COVER GASKET.,EC-b083ca05c337f8b7,LG-608d782c2258dd59,train
106141,#1 CYL INTAKE BOLTS LOOSE.,TIGHTENED BOLTS.,EC-09fe41a3378c1c9f,LG-09fe41a3378c1c9f,test
106142,BOTH BAFFLE PLUGS ARE IN NEED OF REPLACEMENT.,INSTALLED NEW PLUGS.,EC-e5eec97e793ca5d4,LG-e5eec97e793ca5d4,train
106143,"ENG FWD LWR BLACK SEAL HAS WORN SPOTS, ABOVE AIR INTAKE.",SEALED AREAS W/ BLACK RTV.,EC-e880194cc629db88,LG-e880194cc629db88,train
106144,"RIVET LOOSE AT BAFFLE, AFT CENTER.",REPLACED RIVET W/ NEW.,EC-dac366a25718c46c,LG-dac366a25718c46c,train
106145,#4 COMPRESSION IS 20/80.,"REMOVED CYLINDER, FOUND EXHAUST VALVE TO BE BURNT. STAR",EC-492f8af4347639aa,LG-492f8af4347639aa,train
106146,#4 COMPRESSION IS 20/80.,"PERFORMED LIFTER INSP & TEST, NO DEFECTS. PERFORMED DRY",EC-492f8af4347639aa,LG-492f8af4347639aa,train
106147,#4 COMPRESSION IS 20/80.,REMOVED PISTON FROM CONNECTING ROD. INSPECTED PISTON PI,EC-492f8af4347639aa,LG-492f8af4347639aa,train
106148,#3 INTAKE GASKET LEAKING.,REMOVED BOTTOM COWLING. REMOVED & REPLACED GASKET W/ NE,EC-12a267bf8b1d91a6,LG-4285908bb8f7434c,train
106149,#3 INTAKE GASKET IS LEAKING.,REMOVED & REPLACED GASKET.,EC-17660b2a9cc00433,LG-4285908bb8f7434c,train
106150,"#3 AFT BAFFLE HAS A BROKEN BRACKET, BEHIND OIL FILLER TUBE.",REPLACED W/ REPAIRED BAFFLE.,EC-51af478b0c84d0bf,LG-51af478b0c84d0bf,train
106151,"L/H ENGINE #2, 4 INTAKE GASKETS LEAKING.",REMOVED & REPLACED GASKETS.,EC-9bd74c198fd44b71,LG-4285908bb8f7434c,train
106152,#3 CYL INTAKE TUBE NEEDS NEW GASKETS.,LEAK CK OK.,EC-772c86e6418c324b,LG-772c86e6418c324b,train
106153,#3 CYL INTAKE TUBE NEEDS NEW GASKETS.,REMOVED & REPLACED GASKETS.,EC-772c86e6418c324b,LG-772c86e6418c324b,train
106154,#2 CYL INTAKE LEAKING.,INSTALLED NEW GASKET.,EC-514eea05daaa3655,LG-4285908bb8f7434c,train
106155,#2 INTAKE LEAKING.,REMOVED & REPLACED GASKET.,EC-9e293c9950113443,LG-10956cdabbd1e3ce,dev
106156,BAFFLE PLUG DAMAGED.,INSTALLED PLUG.,EC-4d2f2e1b10ac5483,LG-a35b550497c9ab15,test
106157,BAFFLE PLUGS WORN.,REPLACED BOTH BAFFLE PLUGS.,EC-046718097e775a4a,LG-d1ae1963cf7de664,dev
106158,#2 INTAKE LEAKING.,REPLACED GASKET.,EC-9e293c9950113443,LG-10956cdabbd1e3ce,dev
106159,SCREW MISSING FROM #3 AFT BAFFLE.,REPLACED MISSING SCREW.,EC-7f234b8b6041db5b,LG-ac09d330d3a5d8db,dev
106160,#4 INTAKE GASKET LEAKING.,REMOVED & REPLACED GASKET.,EC-57acd94dcdde4ef3,LG-4285908bb8f7434c,train
106161,HARDWARE MISSING @ #3 BAFFLE.,INSTALLED NEW SCREW.,EC-ab9292aeac294999,LG-c4711c42c3146697,train
106162,CRACK ON #4 CYLINDER AFT BAFFLE.,STOP DRILLED CRACK.,EC-cb7d1acdb1797924,LG-cb7d1acdb1797924,train
106163,BAFFLE PLUGS WORN.,REMOVED & REPLACED BOTH BAFFLE PLUGS.,EC-046718097e775a4a,LG-d1ae1963cf7de664,dev
106164,CHT FLUCTUATING,REPLACED CHT PROBE. MX FLIGHT REQUIRED,EC-edfab9002d0cfdc2,LG-edfab9002d0cfdc2,train
106165,#2 INTAKE LEAKING.,REMOVED & REPLACED INTAKE GASKET.,EC-9e293c9950113443,LG-10956cdabbd1e3ce,dev
106166,L/H FWD ENGINE BAFFLE CRACKED.,STOP DRILLED CRACK.,EC-a1409826b25ba72d,LG-15f761dc9e6351d8,dev
106167,"DURING RUN UP, #2 CYL WAS COLD & ENGINE SHOCK VIOLENTLY (ENG",OPS & LEAK CK GOOD.,EC-17acdd01723bd167,LG-17acdd01723bd167,test
106168,"DURING RUN UP, #2 CYL WAS COLD & ENGINE SHOCK VIOLENTLY (ENG","FOUND #2 CYL EXHAUST VALVE TO BE STUCK. REAMED CYL #1,",EC-17acdd01723bd167,LG-17acdd01723bd167,test
106169,SAFETY DEPARTMENT WAS NOTIFIED OF POSSIBLE ENGINE OVERSPEED.,"REVIEWED FLIGHT DATA, VERIFIED MAX RPM INSP",EC-b53fd5e7bdcf8ca9,LG-b53fd5e7bdcf8ca9,test
