system,record_id,entity_coverage,dropped_entities,dropped_relations,prediction_found
raw,100593,1.0,0,0,True
raw,102033,1.0,0,0,True
raw,101149,1.0,0,0,True
raw,101313,1.0,0,0,True
raw,101585,1.0,0,0,True
raw,104924,1.0,0,0,True
raw,106079,1.0,0,0,True
raw,105931,1.0,0,0,True
raw,104757,1.0,0,0,True
raw,103586,1.0,0,0,True
raw,103548,1.0,0,0,True
raw,104692,1.0,0,0,True
raw,102024,1.0,0,0,True
raw,103929,1.0,0,0,True
raw,104265,1.0,0,0,True
raw,102906,1.0,0,0,True
raw,104548,1.0,0,0,True
raw,101168,1.0,0,0,True
raw,102993,1.0,0,0,True
raw,101893,1.0,0,0,True
raw,102772,1.0,0,0,True
raw,102259,1.0,0,0,True
raw,102158,1.0,0,0,True
raw,105204,1.0,0,0,True
raw,103248,1.0,0,0,True
raw,100864,1.0,0,0,True
raw,100865,1.0,0,0,True
raw,101636,1.0,0,0,True
raw,101849,1.0,0,0,True
raw,104993,1.0,0,0,True
raw,102708,1.0,0,0,True
raw,102630,1.0,0,0,True
raw,104153,1.0,0,0,True
raw,104844,1.0,0,0,True
raw,102095,1.0,0,0,True
raw,105838,1.0,0,0,True
raw,103997,1.0,0,0,True
raw,102815,1.0,0,0,True
raw,101183,1.0,0,0,True
raw,105259,1.0,0,0,True
raw,100903,1.0,0,0,True
raw,102021,1.0,0,0,True
raw,100082,1.0,0,0,True
raw,103944,1.0,0,0,True
raw,102766,1.0,0,0,True
raw,101308,1.0,0,0,True
raw,103559,1.0,0,0,True
raw,101187,1.0,0,0,True
raw,100919,1.0,0,0,True
raw,102201,1.0,0,0,True
raw,102979,1.0,0,0,True
raw,106164,1.0,0,0,True
raw,104639,1.0,0,0,True
raw,100036,1.0,0,0,True
raw,105436,1.0,0,0,True
raw,103889,1.0,0,0,True
raw,104645,1.0,0,0,True
raw,103365,1.0,0,0,True
raw,100025,1.0,0,0,True
raw,104961,1.0,0,0,True
raw,103452,1.0,0,0,True
raw,101451,1.0,0,0,True
raw,105198,1.0,0,0,True
raw,102717,1.0,0,0,True
raw,102655,1.0,0,0,True
raw,104749,1.0,0,0,True
raw,102055,1.0,0,0,True
raw,100914,1.0,0,0,True
raw,100681,1.0,0,0,True
raw,105291,1.0,0,0,True
raw,101103,1.0,0,0,True
raw,101055,1.0,0,0,True
raw,104393,1.0,0,0,True
raw,103819,1.0,0,0,True
raw,100995,1.0,0,0,True
raw,103656,1.0,0,0,True
raw,101233,1.0,0,0,True
raw,104558,1.0,0,0,True
raw,102561,1.0,0,0,True
raw,102412,1.0,0,0,True
raw,104868,1.0,0,0,True
raw,104526,1.0,0,0,True
raw,101623,1.0,0,0,True
raw,101422,1.0,0,0,True
raw,105585,1.0,0,0,True
raw,100771,1.0,0,0,True
raw,100525,1.0,0,0,True
raw,100453,1.0,0,0,True
raw,104028,1.0,0,0,True
raw,100822,1.0,0,0,True
raw,104035,1.0,0,0,True
raw,100559,1.0,0,0,True
raw,105567,1.0,0,0,True
raw,102787,1.0,0,0,True
raw,102284,1.0,0,0,True
raw,102190,1.0,0,0,True
raw,105787,1.0,0,0,True
raw,101139,1.0,0,0,True
raw,100068,1.0,0,0,True
raw,105284,1.0,0,0,True
raw,102001,1.0,0,0,True
raw,102265,1.0,0,0,True
raw,104569,1.0,0,0,True
raw,101000,1.0,0,0,True
raw,104846,1.0,0,0,True
raw,105839,1.0,0,0,True
raw,102000,1.0,0,0,True
raw,100250,1.0,0,0,True
raw,105854,1.0,0,0,True
raw,101891,1.0,0,0,True
raw,104433,1.0,0,0,True
raw,104128,1.0,0,0,True
raw,105282,1.0,0,0,True
raw,100555,1.0,0,0,True
raw,104432,1.0,0,0,True
raw,100519,1.0,0,0,True
raw,104582,1.0,0,0,True
raw,101002,1.0,0,0,True
raw,101060,1.0,0,0,True
raw,100089,1.0,0,0,True
raw,102749,1.0,0,0,True
raw,105887,1.0,0,0,True
raw,100879,1.0,0,0,True
raw,103098,1.0,0,0,True
raw,106135,1.0,0,0,True
raw,100659,1.0,0,0,True
raw,104116,1.0,0,0,True
raw,100316,1.0,0,0,True
raw,102386,1.0,0,0,True
raw,105684,1.0,0,0,True
raw,100113,1.0,0,0,True
raw,104780,1.0,0,0,True
raw,101632,1.0,0,0,True
raw,105071,1.0,0,0,True
raw,102077,1.0,0,0,True
raw,101253,1.0,0,0,True
raw,100009,1.0,0,0,True
raw,105271,1.0,0,0,True
raw,103927,1.0,0,0,True
raw,103235,1.0,0,0,True
raw,105454,1.0,0,0,True
raw,105113,1.0,0,0,True
raw,103510,1.0,0,0,True
raw,103487,1.0,0,0,True
raw,105217,1.0,0,0,True
raw,100522,1.0,0,0,True
raw,105993,1.0,0,0,True
raw,105470,1.0,0,0,True
raw,100187,1.0,0,0,True
raw,101938,1.0,0,0,True
raw,103960,1.0,0,0,True
raw,102486,1.0,0,0,True
raw,101803,1.0,0,0,True
raw,104860,1.0,0,0,True
raw,100165,1.0,0,0,True
raw,105600,1.0,0,0,True
raw,100667,1.0,0,0,True
raw,102740,1.0,0,0,True
raw,100238,1.0,0,0,True
raw,102871,1.0,0,0,True
raw,100767,1.0,0,0,True
raw,100032,1.0,0,0,True
raw,100797,1.0,0,0,True
raw,103634,1.0,0,0,True
raw,104784,1.0,0,0,True
raw,104643,1.0,0,0,True
raw,100269,1.0,0,0,True
raw,102222,1.0,0,0,True
raw,102775,1.0,0,0,True
raw,101032,1.0,0,0,True
raw,105965,1.0,0,0,True
raw,103620,1.0,0,0,True
raw,100296,1.0,0,0,True
raw,104342,1.0,0,0,True
raw,102356,1.0,0,0,True
raw,101759,1.0,0,0,True
raw,100358,1.0,0,0,True
raw,100159,1.0,0,0,True
raw,103156,1.0,0,0,True
raw,103580,1.0,0,0,True
raw,102592,1.0,0,0,True
raw,103354,1.0,0,0,True
raw,104440,1.0,0,0,True
raw,106126,1.0,0,0,True
raw,100634,1.0,0,0,True
raw,103516,1.0,0,0,True
raw,106014,1.0,0,0,True
raw,104019,1.0,0,0,True
raw,103319,1.0,0,0,True
raw,101560,1.0,0,0,True
raw,103954,1.0,0,0,True
raw,103519,1.0,0,0,True
raw,103550,1.0,0,0,True
raw,101787,1.0,0,0,True
raw,101814,1.0,0,0,True
raw,106012,1.0,0,0,True
raw,100176,1.0,0,0,True
raw,105432,1.0,0,0,True
raw,105926,1.0,0,0,True
raw,104969,1.0,0,0,True
raw,105014,1.0,0,0,True
raw,105894,1.0,0,0,True
raw,100338,1.0,0,0,True
raw,104527,1.0,0,0,True
raw,105040,1.0,0,0,True
raw,104152,1.0,0,0,True
raw,103211,1.0,0,0,True
raw,101745,1.0,0,0,True
raw,104204,1.0,0,0,True
raw,104673,1.0,0,0,True
raw,104345,1.0,0,0,True
raw,103492,1.0,0,0,True
raw,103242,1.0,0,0,True
raw,104510,1.0,0,0,True
raw,102969,1.0,0,0,True
raw,101596,1.0,0,0,True
raw,100963,1.0,0,0,True
raw,100208,1.0,0,0,True
raw,103275,1.0,0,0,True
raw,105544,1.0,0,0,True
raw,100952,1.0,0,0,True
raw,102376,1.0,0,0,True
raw,102319,1.0,0,0,True
raw,100606,1.0,0,0,True
raw,100625,1.0,0,0,True
raw,105225,1.0,0,0,True
raw,102382,1.0,0,0,True
raw,100661,1.0,0,0,True
raw,105789,1.0,0,0,True
raw,101790,1.0,0,0,True
raw,103026,1.0,0,0,True
raw,105846,1.0,0,0,True
raw,101947,1.0,0,0,True
raw,102211,1.0,0,0,True
raw,104761,1.0,0,0,True
raw,100526,1.0,0,0,True
raw,100852,1.0,0,0,True
raw,101654,1.0,0,0,True
raw,101385,1.0,0,0,True
raw,101895,1.0,0,0,True
raw,100374,1.0,0,0,True
raw,106090,1.0,0,0,True
raw,105629,1.0,0,0,True
raw,102941,1.0,0,0,True
raw,104779,1.0,0,0,True
raw,105365,1.0,0,0,True
raw,103737,1.0,0,0,True
raw,100239,1.0,0,0,True
raw,100251,1.0,0,0,True
raw,100083,1.0,0,0,True
raw,104896,1.0,0,0,True
raw,106047,1.0,0,0,True
raw,105984,1.0,0,0,True
raw,106025,1.0,0,0,True
raw,105452,1.0,0,0,True
raw,102989,1.0,0,0,True
raw,101857,1.0,0,0,True
raw,103385,1.0,0,0,True
raw,100866,1.0,0,0,True
raw,103875,1.0,0,0,True
raw,104238,1.0,0,0,True
raw,100261,1.0,0,0,True
raw,100563,1.0,0,0,True
raw,104478,1.0,0,0,True
raw,103416,1.0,0,0,True
raw,101877,1.0,0,0,True
raw,101616,1.0,0,0,True
raw,101161,1.0,0,0,True
raw,104712,1.0,0,0,True
raw,101140,1.0,0,0,True
raw,104193,1.0,0,0,True
raw,104935,1.0,0,0,True
raw,103809,1.0,0,0,True
raw,106039,1.0,0,0,True
raw,100544,1.0,0,0,True
raw,104811,1.0,0,0,True
raw,104635,1.0,0,0,True
raw,103197,1.0,0,0,True
raw,100093,1.0,0,0,True
raw,102784,1.0,0,0,True
raw,103884,1.0,0,0,True
raw,104519,1.0,0,0,True
raw,101890,1.0,0,0,True
raw,103995,1.0,0,0,True
raw,103640,1.0,0,0,True
raw,103127,1.0,0,0,True
raw,102267,1.0,0,0,True
raw,103587,1.0,0,0,True
raw,100152,1.0,0,0,True
raw,105422,1.0,0,0,True
raw,103362,1.0,0,0,True
raw,101332,1.0,0,0,True
raw,104560,1.0,0,0,True
raw,104272,1.0,0,0,True
raw,102646,1.0,0,0,True
raw,103685,1.0,0,0,True
raw,101871,1.0,0,0,True
raw,101727,1.0,0,0,True
raw,103380,1.0,0,0,True
raw,104886,1.0,0,0,True
raw,101894,1.0,0,0,True
raw,105435,1.0,0,0,True
raw,104553,1.0,0,0,True
raw,105804,1.0,0,0,True
raw,100812,1.0,0,0,True
raw,101902,1.0,0,0,True
raw,100071,1.0,0,0,True
raw,105729,1.0,0,0,True
raw,105319,1.0,0,0,True
raw,100011,1.0,0,0,True
raw,105017,1.0,0,0,True
raw,105067,1.0,0,0,True
raw,101710,1.0,0,0,True
raw,101471,1.0,0,0,True
raw,100976,1.0,0,0,True
raw,100066,1.0,0,0,True
raw,104760,1.0,0,0,True
raw,104074,1.0,0,0,True
raw,105913,1.0,0,0,True
raw,101081,1.0,0,0,True
raw,105893,1.0,0,0,True
raw,100063,1.0,0,0,True
raw,105802,1.0,0,0,True
raw,100450,1.0,0,0,True
raw,102827,1.0,0,0,True
raw,104517,1.0,0,0,True
raw,102453,1.0,0,0,True
raw,101870,1.0,0,0,True
raw,101016,1.0,0,0,True
raw,106049,1.0,0,0,True
raw,103543,1.0,0,0,True
raw,103044,1.0,0,0,True
raw,101095,1.0,0,0,True
raw,105018,1.0,0,0,True
raw,104164,1.0,0,0,True
raw,101839,1.0,0,0,True
raw,103023,1.0,0,0,True
raw,101079,1.0,0,0,True
raw,103788,1.0,0,0,True
raw,101114,1.0,0,0,True
raw,105778,1.0,0,0,True
raw,101078,1.0,0,0,True
raw,103039,1.0,0,0,True
raw,105176,1.0,0,0,True
raw,104317,1.0,0,0,True
raw,102952,1.0,0,0,True
raw,101549,1.0,0,0,True
raw,105805,1.0,0,0,True
raw,104365,1.0,0,0,True
raw,105944,1.0,0,0,True
raw,104661,1.0,0,0,True
raw,105803,1.0,0,0,True
raw,101369,1.0,0,0,True
raw,102022,1.0,0,0,True
raw,101667,1.0,0,0,True
raw,101007,1.0,0,0,True
raw,104473,1.0,0,0,True
raw,106005,1.0,0,0,True
raw,106067,1.0,0,0,True
raw,104980,1.0,0,0,True
raw,104107,1.0,0,0,True
raw,105469,1.0,0,0,True
raw,105082,1.0,0,0,True
raw,102759,1.0,0,0,True
raw,100288,1.0,0,0,True
raw,105311,1.0,0,0,True
raw,105686,1.0,0,0,True
raw,105941,1.0,0,0,True
raw,105758,1.0,0,0,True
raw,103425,1.0,0,0,True
raw,104680,1.0,0,0,True
raw,106015,1.0,0,0,True
raw,105848,1.0,0,0,True
raw,105137,1.0,0,0,True
raw,102411,1.0,0,0,True
raw,105482,1.0,0,0,True
raw,104091,1.0,0,0,True
raw,103030,1.0,0,0,True
raw,105651,1.0,0,0,True
raw,101310,1.0,0,0,True
raw,101582,1.0,0,0,True
raw,100546,1.0,0,0,True
raw,102306,1.0,0,0,True
raw,105685,1.0,0,0,True
raw,102946,1.0,0,0,True
raw,102004,1.0,0,0,True
raw,104041,1.0,0,0,True
raw,105158,1.0,0,0,True
raw,105810,1.0,0,0,True
raw,103905,1.0,0,0,True
raw,105214,1.0,0,0,True
raw,105080,1.0,0,0,True
raw,104090,1.0,0,0,True
raw,104599,1.0,0,0,True
raw,101630,1.0,0,0,True
raw,105021,1.0,0,0,True
raw,104649,1.0,0,0,True
raw,100594,1.0,0,0,True
raw,104570,1.0,0,0,True
raw,104678,1.0,0,0,True
raw,100856,1.0,0,0,True
raw,106146,1.0,0,0,True
raw,104122,1.0,0,0,True
raw,103024,1.0,0,0,True
raw,101738,1.0,0,0,True
raw,101670,1.0,0,0,True
raw,104178,1.0,0,0,True
raw,103630,1.0,0,0,True
raw,101645,1.0,0,0,True
raw,105283,1.0,0,0,True
raw,101644,1.0,0,0,True
raw,100157,1.0,0,0,True
raw,102410,1.0,0,0,True
raw,103079,1.0,0,0,True
raw,105690,1.0,0,0,True
raw,104962,1.0,0,0,True
raw,103763,1.0,0,0,True
raw,101428,1.0,0,0,True
raw,100038,1.0,0,0,True
raw,100618,1.0,0,0,True
raw,102027,1.0,0,0,True
raw,104959,1.0,0,0,True
raw,104964,1.0,0,0,True
raw,104963,1.0,0,0,True
raw,101231,1.0,0,0,True
raw,101455,1.0,0,0,True
raw,102557,1.0,0,0,True
raw,100257,1.0,0,0,True
raw,105945,1.0,0,0,True
raw,100001,1.0,0,0,True
raw,101042,1.0,0,0,True
raw,100458,1.0,0,0,True
raw,105379,1.0,0,0,True
raw,105433,1.0,0,0,True
raw,100003,1.0,0,0,True
raw,101254,1.0,0,0,True
raw,105842,1.0,0,0,True
raw,104802,1.0,0,0,True
raw,105947,1.0,0,0,True
raw,101037,1.0,0,0,True
raw,101255,1.0,0,0,True
raw,104777,1.0,0,0,True
raw,102002,1.0,0,0,True
raw,101342,1.0,0,0,True
raw,105731,1.0,0,0,True
raw,102707,1.0,0,0,True
raw,105641,1.0,0,0,True
raw,104175,1.0,0,0,True
raw,105958,1.0,0,0,True
raw,104259,1.0,0,0,True
raw,105258,1.0,0,0,True
raw,105138,1.0,0,0,True
raw,105911,1.0,0,0,True
raw,104474,1.0,0,0,True
raw,101541,1.0,0,0,True
raw,105742,1.0,0,0,True
raw,100718,1.0,0,0,True
raw,104182,1.0,0,0,True
raw,100067,1.0,0,0,True
raw,105950,1.0,0,0,True
raw,101612,1.0,0,0,True
raw,104823,1.0,0,0,True
raw,104329,1.0,0,0,True
raw,103327,1.0,0,0,True
raw,101562,1.0,0,0,True
raw,104658,1.0,0,0,True
raw,105593,1.0,0,0,True
raw,105634,1.0,0,0,True
raw,105946,1.0,0,0,True
raw,105949,1.0,0,0,True
raw,105468,1.0,0,0,True
raw,105948,1.0,0,0,True
raw,105951,1.0,0,0,True
raw,105228,1.0,0,0,True
raw,102165,1.0,0,0,True
raw,104923,1.0,0,0,True
raw,105055,1.0,0,0,True
raw,105314,1.0,0,0,True
raw,104121,1.0,0,0,True
raw,105471,1.0,0,0,True
raw,105986,1.0,0,0,True
raw,100913,1.0,0,0,True
raw,105762,1.0,0,0,True
raw,105447,1.0,0,0,True
raw,103123,1.0,0,0,True
raw,105255,1.0,0,0,True
raw,103705,1.0,0,0,True
raw,104545,1.0,0,0,True
raw,101739,1.0,0,0,True
raw,104572,1.0,0,0,True
raw,104245,1.0,0,0,True
raw,100207,1.0,0,0,True
raw,104825,1.0,0,0,True
raw,101581,1.0,0,0,True
raw,102031,1.0,0,0,True
raw,105730,1.0,0,0,True
raw,105322,1.0,0,0,True
raw,105849,1.0,0,0,True
raw,105874,1.0,0,0,True
raw,103041,1.0,0,0,True
raw,104908,1.0,0,0,True
raw,100908,1.0,0,0,True
raw,100473,1.0,0,0,True
raw,104487,1.0,0,0,True
raw,101039,1.0,0,0,True
raw,100917,1.0,0,0,True
raw,104647,1.0,0,0,True
raw,103424,1.0,0,0,True
raw,100029,1.0,0,0,True
raw,105102,1.0,0,0,True
raw,105635,1.0,0,0,True
raw,105338,1.0,0,0,True
raw,105895,1.0,0,0,True
raw,105847,1.0,0,0,True
raw,103509,1.0,0,0,True
raw,100030,1.0,0,0,True
raw,104648,1.0,0,0,True
raw,102789,1.0,0,0,True
raw,104568,1.0,0,0,True
raw,104087,1.0,0,0,True
raw,104566,1.0,0,0,True
raw,103322,1.0,0,0,True
raw,104488,1.0,0,0,True
raw,100617,1.0,0,0,True
raw,105123,1.0,0,0,True
raw,101459,1.0,0,0,True
raw,102959,1.0,0,0,True
raw,103631,1.0,0,0,True
raw,104486,1.0,0,0,True
raw,106118,1.0,0,0,True
raw,105295,1.0,0,0,True
raw,105669,1.0,0,0,True
raw,105312,1.0,0,0,True
raw,101757,1.0,0,0,True
raw,100762,1.0,0,0,True
raw,103791,1.0,0,0,True
raw,103813,1.0,0,0,True
raw,100697,1.0,0,0,True
raw,102721,1.0,0,0,True
raw,104083,1.0,0,0,True
raw,105279,1.0,0,0,True
raw,105834,1.0,0,0,True
raw,106055,1.0,0,0,True
raw,105973,1.0,0,0,True
raw,102023,1.0,0,0,True
raw,104109,1.0,0,0,True
raw,103962,1.0,0,0,True
raw,100457,1.0,0,0,True
raw,103961,1.0,0,0,True
raw,105387,1.0,0,0,True
raw,105757,1.0,0,0,True
raw,103293,1.0,0,0,True
raw,102932,1.0,0,0,True
raw,105579,1.0,0,0,True
raw,105081,1.0,0,0,True
raw,101716,1.0,0,0,True
raw,102788,1.0,0,0,True
raw,103963,1.0,0,0,True
raw,101920,1.0,0,0,True
raw,105386,1.0,0,0,True
raw,105693,1.0,0,0,True
raw,101580,1.0,0,0,True
raw,105625,1.0,0,0,True
raw,101551,1.0,0,0,True
raw,102281,1.0,0,0,True
raw,106145,1.0,0,0,True
raw,105461,1.0,0,0,True
raw,103965,1.0,0,0,True
raw,105020,1.0,0,0,True
raw,101093,1.0,0,0,True
raw,100940,1.0,0,0,True
raw,101675,1.0,0,0,True
raw,103632,1.0,0,0,True
raw,100942,1.0,0,0,True
raw,102025,1.0,0,0,True
raw,104485,1.0,0,0,True
raw,106147,1.0,0,0,True
raw,102028,1.0,0,0,True
raw,104483,1.0,0,0,True
raw,103454,1.0,0,0,True
raw,105691,1.0,0,0,True
raw,103906,1.0,0,0,True
raw,105924,1.0,0,0,True
raw,100941,1.0,0,0,True
raw,106021,1.0,0,0,True
raw,106053,1.0,0,0,True
raw,105777,1.0,0,0,True
raw,101184,1.0,0,0,True
raw,104936,1.0,0,0,True
raw,105820,1.0,0,0,True
raw,104771,1.0,0,0,True
raw,105347,1.0,0,0,True
raw,102966,1.0,0,0,True
raw,103959,1.0,0,0,True
raw,105553,1.0,0,0,True
raw,104585,1.0,0,0,True
raw,102930,1.0,0,0,True
raw,106116,1.0,0,0,True
raw,105987,1.0,0,0,True
raw,103112,1.0,0,0,True
raw,105247,1.0,0,0,True
raw,105345,1.0,0,0,True
raw,103952,1.0,0,0,True
raw,103950,1.0,0,0,True
raw,102282,1.0,0,0,True
raw,104567,1.0,0,0,True
raw,100149,1.0,0,0,True
raw,101579,1.0,0,0,True
raw,101439,1.0,0,0,True
raw,105722,1.0,0,0,True
raw,104894,1.0,0,0,True
raw,104369,1.0,0,0,True
raw,105147,1.0,0,0,True
raw,105689,1.0,0,0,True
raw,103478,1.0,0,0,True
raw,102047,1.0,0,0,True
raw,102920,1.0,0,0,True
raw,105818,1.0,0,0,True
raw,103529,1.0,0,0,True
raw,104699,1.0,0,0,True
raw,102026,1.0,0,0,True
raw,101138,1.0,0,0,True
raw,105344,1.0,0,0,True
raw,102143,1.0,0,0,True
raw,105253,1.0,0,0,True
raw,102915,1.0,0,0,True
raw,104977,1.0,0,0,True
raw,103527,1.0,0,0,True
raw,102911,1.0,0,0,True
raw,102357,1.0,0,0,True
raw,103696,1.0,0,0,True
raw,105027,1.0,0,0,True
raw,101688,1.0,0,0,True
raw,104108,1.0,0,0,True
raw,102045,1.0,0,0,True
raw,105747,1.0,0,0,True
raw,103469,1.0,0,0,True
raw,102378,1.0,0,0,True
raw,101929,1.0,0,0,True
raw,105741,1.0,0,0,True
raw,105058,1.0,0,0,True
raw,104127,1.0,0,0,True
raw,103945,1.0,0,0,True
raw,103165,1.0,0,0,True
raw,102657,1.0,0,0,True
raw,100536,1.0,0,0,True
raw,103736,1.0,0,0,True
raw,105841,1.0,0,0,True
raw,105910,1.0,0,0,True
raw,105840,1.0,0,0,True
raw,101122,1.0,0,0,True
raw,101416,1.0,0,0,True
raw,100534,1.0,0,0,True
raw,100064,1.0,0,0,True
raw,100537,1.0,0,0,True
raw,105430,1.0,0,0,True
raw,103213,1.0,0,0,True
raw,103019,1.0,0,0,True
raw,106120,1.0,0,0,True
raw,100998,1.0,0,0,True
raw,104957,1.0,0,0,True
raw,103687,1.0,0,0,True
raw,103277,1.0,0,0,True
raw,104143,1.0,0,0,True
raw,105226,1.0,0,0,True
raw,100535,1.0,0,0,True
raw,101381,1.0,0,0,True
raw,101730,1.0,0,0,True
raw,102257,1.0,0,0,True
raw,105478,1.0,0,0,True
raw,101172,1.0,0,0,True
raw,104037,1.0,0,0,True
raw,101879,1.0,0,0,True
raw,100989,1.0,0,0,True
raw,104177,1.0,0,0,True
raw,100130,1.0,0,0,True
raw,101881,1.0,0,0,True
raw,104197,1.0,0,0,True
raw,105620,1.0,0,0,True
raw,104129,1.0,0,0,True
raw,103557,1.0,0,0,True
raw,105293,1.0,0,0,True
raw,100200,1.0,0,0,True
raw,102235,1.0,0,0,True
raw,105912,1.0,0,0,True
raw,102238,1.0,0,0,True
raw,104459,1.0,0,0,True
raw,103867,1.0,0,0,True
raw,104627,1.0,0,0,True
raw,105448,1.0,0,0,True
raw,101811,1.0,0,0,True
raw,105336,1.0,0,0,True
raw,103135,1.0,0,0,True
raw,104372,1.0,0,0,True
raw,100002,1.0,0,0,True
raw,105133,1.0,0,0,True
raw,104937,1.0,0,0,True
raw,105446,1.0,0,0,True
raw,102349,1.0,0,0,True
raw,104494,1.0,0,0,True
raw,105294,1.0,0,0,True
raw,102234,1.0,0,0,True
raw,103583,1.0,0,0,True
raw,105900,1.0,0,0,True
raw,101635,1.0,0,0,True
raw,106032,1.0,0,0,True
raw,103040,1.0,0,0,True
raw,104620,1.0,0,0,True
raw,103015,1.0,0,0,True
raw,104754,1.0,0,0,True
raw,105914,1.0,0,0,True
raw,104682,1.0,0,0,True
raw,103566,1.0,0,0,True
raw,102039,1.0,0,0,True
raw,101040,1.0,0,0,True
raw,103637,1.0,0,0,True
raw,104139,1.0,0,0,True
raw,105726,1.0,0,0,True
raw,103193,1.0,0,0,True
raw,105599,1.0,0,0,True
raw,104081,1.0,0,0,True
raw,100992,1.0,0,0,True
raw,104145,1.0,0,0,True
raw,100062,1.0,0,0,True
raw,101038,1.0,0,0,True
raw,104753,1.0,0,0,True
raw,101094,1.0,0,0,True
raw,104574,1.0,0,0,True
raw,100426,1.0,0,0,True
raw,104174,1.0,0,0,True
raw,103201,1.0,0,0,True
raw,104575,1.0,0,0,True
raw,102036,1.0,0,0,True
raw,106117,1.0,0,0,True
raw,101613,1.0,0,0,True
raw,104914,1.0,0,0,True
raw,100136,1.0,0,0,True
raw,101620,1.0,0,0,True
raw,106099,1.0,0,0,True
raw,104472,1.0,0,0,True
raw,100874,1.0,0,0,True
raw,103957,1.0,0,0,True
raw,105331,1.0,0,0,True
raw,102130,1.0,0,0,True
raw,100853,1.0,0,0,True
raw,100101,1.0,0,0,True
raw,106096,1.0,0,0,True
raw,100910,1.0,0,0,True
raw,104258,1.0,0,0,True
raw,101633,1.0,0,0,True
raw,101457,1.0,0,0,True
raw,104084,1.0,0,0,True
raw,104492,1.0,0,0,True
raw,105837,1.0,0,0,True
raw,103196,1.0,0,0,True
raw,104904,1.0,0,0,True
raw,105883,1.0,0,0,True
raw,105619,1.0,0,0,True
raw,102123,1.0,0,0,True
raw,104096,1.0,0,0,True
raw,100700,1.0,0,0,True
raw,105980,1.0,0,0,True
raw,105877,1.0,0,0,True
raw,101557,1.0,0,0,True
raw,102814,1.0,0,0,True
raw,101944,1.0,0,0,True
raw,106000,1.0,0,0,True
raw,104493,1.0,0,0,True
raw,105546,1.0,0,0,True
raw,104100,1.0,0,0,True
raw,104826,1.0,0,0,True
raw,103389,1.0,0,0,True
raw,104590,1.0,0,0,True
raw,105384,1.0,0,0,True
raw,105563,1.0,0,0,True
raw,104907,1.0,0,0,True
raw,105343,1.0,0,0,True
raw,103195,1.0,0,0,True
raw,100131,1.0,0,0,True
raw,100199,1.0,0,0,True
raw,103859,1.0,0,0,True
raw,104240,1.0,0,0,True
raw,104405,1.0,0,0,True
raw,105342,1.0,0,0,True
raw,106114,1.0,0,0,True
raw,104381,1.0,0,0,True
raw,103233,1.0,0,0,True
raw,105334,1.0,0,0,True
raw,103860,1.0,0,0,True
raw,105907,1.0,0,0,True
raw,101629,1.0,0,0,True
raw,104636,1.0,0,0,True
raw,101432,1.0,0,0,True
raw,104082,1.0,0,0,True
raw,104251,1.0,0,0,True
raw,103360,1.0,0,0,True
raw,101631,1.0,0,0,True
raw,105332,1.0,0,0,True
raw,104247,1.0,0,0,True
raw,104910,1.0,0,0,True
raw,104241,1.0,0,0,True
raw,104086,1.0,0,0,True
raw,103806,1.0,0,0,True
raw,102603,1.0,0,0,True
raw,104909,1.0,0,0,True
raw,100099,1.0,0,0,True
raw,101041,1.0,0,0,True
raw,104981,1.0,0,0,True
raw,105836,1.0,0,0,True
raw,105328,1.0,0,0,True
raw,105329,1.0,0,0,True
raw,105538,1.0,0,0,True
raw,103194,1.0,0,0,True
raw,104246,1.0,0,0,True
raw,100400,1.0,0,0,True
raw,103528,1.0,0,0,True
raw,105618,1.0,0,0,True
raw,104573,1.0,0,0,True
raw,105826,1.0,0,0,True
raw,104571,1.0,0,0,True
raw,105578,1.0,0,0,True
raw,101417,1.0,0,0,True
raw,100873,1.0,0,0,True
raw,105417,1.0,0,0,True
raw,103388,1.0,0,0,True
raw,104371,1.0,0,0,True
raw,105972,1.0,0,0,True
raw,103299,1.0,0,0,True
raw,100098,1.0,0,0,True
raw,105088,1.0,0,0,True
raw,105421,1.0,0,0,True
raw,103053,1.0,0,0,True
raw,103384,1.0,0,0,True
raw,105106,1.0,0,0,True
raw,102821,1.0,0,0,True
raw,103072,1.0,0,0,True
raw,102800,1.0,0,0,True
raw,102545,1.0,0,0,True
raw,100916,1.0,0,0,True
raw,103325,1.0,0,0,True
raw,101071,1.0,0,0,True
raw,105763,1.0,0,0,True
raw,100206,1.0,0,0,True
raw,103531,1.0,0,0,True
raw,105749,1.0,0,0,True
raw,103805,1.0,0,0,True
raw,105739,1.0,0,0,True
raw,100065,1.0,0,0,True
raw,101634,1.0,0,0,True
raw,101046,1.0,0,0,True
raw,105464,1.0,0,0,True
raw,104085,1.0,0,0,True
raw,105252,1.0,0,0,True
raw,104768,1.0,0,0,True
raw,103942,1.0,0,0,True
raw,101327,1.0,0,0,True
raw,104652,1.0,0,0,True
raw,102507,1.0,0,0,True
raw,102931,1.0,0,0,True
raw,101676,1.0,0,0,True
raw,105335,1.0,0,0,True
raw,104829,1.0,0,0,True
raw,102167,1.0,0,0,True
raw,104622,1.0,0,0,True
raw,102144,1.0,0,0,True
raw,105346,1.0,0,0,True
raw,105971,1.0,0,0,True
raw,105930,1.0,0,0,True
raw,105671,1.0,0,0,True
raw,100151,1.0,0,0,True
raw,104185,1.0,0,0,True
raw,105110,1.0,0,0,True
raw,102967,1.0,0,0,True
raw,105221,1.0,0,0,True
raw,100384,1.0,0,0,True
raw,102328,1.0,0,0,True
raw,105927,1.0,0,0,True
raw,102933,1.0,0,0,True
raw,105592,1.0,0,0,True
raw,105463,1.0,0,0,True
raw,103756,1.0,0,0,True
raw,105668,1.0,0,0,True
raw,104489,1.0,0,0,True
raw,102867,1.0,0,0,True
raw,104144,1.0,0,0,True
raw,104619,1.0,0,0,True
raw,103175,1.0,0,0,True
raw,104770,1.0,0,0,True
raw,100696,1.0,0,0,True
raw,104769,1.0,0,0,True
raw,105678,1.0,0,0,True
raw,105821,1.0,0,0,True
raw,103329,1.0,0,0,True
raw,100039,1.0,0,0,True
raw,105667,1.0,0,0,True
raw,105304,1.0,0,0,True
raw,104671,1.0,0,0,True
raw,105743,1.0,0,0,True
raw,102526,1.0,0,0,True
raw,104416,1.0,0,0,True
raw,100543,1.0,0,0,True
raw,101496,1.0,0,0,True
raw,102730,1.0,0,0,True
raw,100135,1.0,0,0,True
raw,101080,1.0,0,0,True
raw,100160,1.0,0,0,True
raw,105539,1.0,0,0,True
raw,101792,1.0,0,0,True
raw,105268,1.0,0,0,True
raw,103116,1.0,0,0,True
raw,105929,1.0,0,0,True
raw,104848,1.0,0,0,True
raw,102731,1.0,0,0,True
raw,103181,1.0,0,0,True
raw,101232,1.0,0,0,True
raw,101933,1.0,0,0,True
raw,101174,1.0,0,0,True
raw,100792,1.0,0,0,True
raw,101162,1.0,0,0,True
raw,100545,1.0,0,0,True
raw,105864,1.0,0,0,True
raw,104895,1.0,0,0,True
raw,104364,1.0,0,0,True
raw,104310,1.0,0,0,True
raw,101458,1.0,0,0,True
raw,105988,1.0,0,0,True
raw,104714,1.0,0,0,True
raw,105979,1.0,0,0,True
raw,103054,1.0,0,0,True
raw,104370,1.0,0,0,True
raw,100385,1.0,0,0,True
raw,103462,1.0,0,0,True
raw,105423,1.0,0,0,True
raw,105819,1.0,0,0,True
raw,105721,1.0,0,0,True
raw,103106,1.0,0,0,True
raw,104338,1.0,0,0,True
raw,103386,1.0,0,0,True
raw,105555,1.0,0,0,True
raw,104976,1.0,0,0,True
raw,105248,1.0,0,0,True
raw,104818,1.0,0,0,True
raw,103530,1.0,0,0,True
raw,105723,1.0,0,0,True
raw,105090,1.0,0,0,True
raw,102943,1.0,0,0,True
raw,104893,1.0,0,0,True
raw,105982,1.0,0,0,True
raw,105649,1.0,0,0,True
raw,103830,1.0,0,0,True
raw,104701,1.0,0,0,True
raw,103459,1.0,0,0,True
raw,104491,1.0,0,0,True
raw,104490,1.0,0,0,True
raw,106168,1.0,0,0,True
raw,102551,1.0,0,0,True
raw,105182,1.0,0,0,True
raw,100909,1.0,0,0,True
raw,105637,1.0,0,0,True
raw,103976,1.0,0,0,True
raw,104772,1.0,0,0,True
raw,100076,1.0,0,0,True
raw,105670,1.0,0,0,True
raw,106076,1.0,0,0,True
raw,105861,1.0,0,0,True
raw,100911,1.0,0,0,True
raw,104703,1.0,0,0,True
raw,100876,1.0,0,0,True
raw,105860,1.0,0,0,True
raw,100531,1.0,0,0,True
raw,105720,1.0,0,0,True
raw,102477,1.0,0,0,True
raw,103129,1.0,0,0,True
raw,106054,1.0,0,0,True
raw,104634,1.0,0,0,True
raw,103008,1.0,0,0,True
raw,105702,1.0,0,0,True
raw,101686,1.0,0,0,True
raw,103549,1.0,0,0,True
raw,100778,1.0,0,0,True
raw,105811,1.0,0,0,True
raw,101935,1.0,0,0,True
raw,105598,1.0,0,0,True
raw,105748,1.0,0,0,True
raw,104373,1.0,0,0,True
raw,101603,1.0,0,0,True
raw,103812,1.0,0,0,True
raw,102732,1.0,0,0,True
raw,101340,1.0,0,0,True
raw,105353,1.0,0,0,True
raw,102283,1.0,0,0,True
raw,100854,1.0,0,0,True
raw,102957,1.0,0,0,True
raw,102121,1.0,0,0,True
raw,103313,1.0,0,0,True
raw,103699,1.0,0,0,True
raw,100232,1.0,0,0,True
raw,104630,1.0,0,0,True
raw,103752,1.0,0,0,True
raw,105554,1.0,0,0,True
raw,101083,1.0,0,0,True
raw,105808,1.0,0,0,True
raw,102474,1.0,0,0,True
raw,102733,1.0,0,0,True
raw,103458,1.0,0,0,True
raw,102734,1.0,0,0,True
raw,102515,1.0,0,0,True
raw,105719,1.0,0,0,True
raw,101646,1.0,0,0,True
raw,105526,1.0,0,0,True
raw,103446,1.0,0,0,True
raw,105596,1.0,0,0,True
raw,105696,1.0,0,0,True
raw,105483,1.0,0,0,True
raw,105052,1.0,0,0,True
raw,102145,1.0,0,0,True
raw,103698,1.0,0,0,True
raw,101024,1.0,0,0,True
raw,105494,1.0,0,0,True
raw,100116,1.0,0,0,True
raw,102917,1.0,0,0,True
raw,104812,1.0,0,0,True
raw,101053,1.0,0,0,True
raw,105321,1.0,0,0,True
raw,106131,1.0,0,0,True
raw,101031,1.0,0,0,True
raw,105886,1.0,0,0,True
raw,105562,1.0,0,0,True
raw,100554,1.0,0,0,True
raw,105534,1.0,0,0,True
raw,101717,1.0,0,0,True
raw,100412,1.0,0,0,True
raw,100411,1.0,0,0,True
raw,104452,1.0,0,0,True
raw,105879,1.0,0,0,True
raw,105602,1.0,0,0,True
raw,101136,1.0,0,0,True
raw,104362,1.0,0,0,True
raw,105303,1.0,0,0,True
raw,101687,1.0,0,0,True
raw,104690,1.0,0,0,True
raw,101778,1.0,0,0,True
raw,106027,1.0,0,0,True
raw,105853,1.0,0,0,True
raw,105855,1.0,0,0,True
raw,105261,1.0,0,0,True
raw,104064,1.0,0,0,True
raw,104888,1.0,0,0,True
raw,103697,1.0,0,0,True
raw,102384,1.0,0,0,True
raw,106075,1.0,0,0,True
raw,105323,1.0,0,0,True
raw,105484,1.0,0,0,True
raw,102217,1.0,0,0,True
raw,106077,1.0,0,0,True
raw,101741,1.0,0,0,True
raw,105737,1.0,0,0,True
raw,103862,1.0,0,0,True
raw,100163,1.0,0,0,True
raw,102942,1.0,0,0,True
raw,104852,1.0,0,0,True
raw,101456,1.0,0,0,True
raw,105486,1.0,0,0,True
raw,105173,1.0,0,0,True
raw,105060,1.0,0,0,True
raw,100486,1.0,0,0,True
raw,102767,1.0,0,0,True
raw,102963,1.0,0,0,True
raw,103273,1.0,0,0,True
raw,103951,1.0,0,0,True
raw,103949,1.0,0,0,True
raw,102146,1.0,0,0,True
raw,102046,1.0,0,0,True
raw,104704,1.0,0,0,True
raw,100231,1.0,0,0,True
raw,100275,1.0,0,0,True
raw,103390,1.0,0,0,True
raw,105812,1.0,0,0,True
raw,102048,1.0,0,0,True
raw,103694,1.0,0,0,True
raw,103094,1.0,0,0,True
raw,105485,1.0,0,0,True
raw,101358,1.0,0,0,True
raw,105492,1.0,0,0,True
raw,105856,1.0,0,0,True
raw,102735,1.0,0,0,True
raw,101934,1.0,0,0,True
raw,104689,1.0,0,0,True
raw,105601,1.0,0,0,True
raw,104700,1.0,0,0,True
raw,101262,1.0,0,0,True
raw,106152,1.0,0,0,True
raw,104702,1.0,0,0,True
raw,104412,1.0,0,0,True
raw,104413,1.0,0,0,True
raw,104414,1.0,0,0,True
raw,104415,1.0,0,0,True
raw,101244,1.0,0,0,True
raw,103272,1.0,0,0,True
raw,104960,1.0,0,0,True
raw,105571,1.0,0,0,True
raw,101487,1.0,0,0,True
raw,102396,1.0,0,0,True
raw,101274,1.0,0,0,True
raw,106059,1.0,0,0,True
raw,104101,1.0,0,0,True
raw,104236,1.0,0,0,True
raw,100367,1.0,0,0,True
raw,100010,1.0,0,0,True
raw,103306,1.0,0,0,True
raw,101347,1.0,0,0,True
raw,101142,1.0,0,0,True
raw,102611,1.0,0,0,True
raw,104624,1.0,0,0,True
raw,101962,1.0,0,0,True
raw,104180,1.0,0,0,True
raw,104591,1.0,0,0,True
raw,105097,1.0,0,0,True
raw,101158,1.0,0,0,True
raw,100929,1.0,0,0,True
raw,106033,1.0,0,0,True
raw,100584,1.0,0,0,True
raw,105281,1.0,0,0,True
raw,100977,1.0,0,0,True
raw,103224,1.0,0,0,True
raw,100466,1.0,0,0,True
raw,103190,1.0,0,0,True
raw,104315,1.0,0,0,True
raw,100567,1.0,0,0,True
raw,100028,1.0,0,0,True
raw,102638,1.0,0,0,True
raw,104314,1.0,0,0,True
raw,106002,1.0,0,0,True
raw,101248,1.0,0,0,True
raw,103099,1.0,0,0,True
raw,103607,1.0,0,0,True
raw,104738,1.0,0,0,True
raw,101469,1.0,0,0,True
raw,105506,1.0,0,0,True
raw,104665,1.0,0,0,True
raw,104513,1.0,0,0,True
raw,100733,1.0,0,0,True
raw,101045,1.0,0,0,True
raw,104046,1.0,0,0,True
raw,100705,1.0,0,0,True
raw,105616,1.0,0,0,True
raw,100164,1.0,0,0,True
raw,101134,1.0,0,0,True
raw,100117,1.0,0,0,True
raw,100730,1.0,0,0,True
raw,105254,1.0,0,0,True
raw,105073,1.0,0,0,True
raw,102663,1.0,0,0,True
raw,103911,1.0,0,0,True
raw,103782,1.0,0,0,True
raw,100557,1.0,0,0,True
raw,100921,1.0,0,0,True
raw,104446,1.0,0,0,True
raw,102948,1.0,0,0,True
raw,103301,1.0,0,0,True
raw,102918,1.0,0,0,True
raw,102156,1.0,0,0,True
raw,100875,1.0,0,0,True
raw,105797,1.0,0,0,True
raw,102576,1.0,0,0,True
raw,103596,1.0,0,0,True
raw,102689,1.0,0,0,True
raw,100040,1.0,0,0,True
raw,104294,1.0,0,0,True
raw,105348,1.0,0,0,True
raw,106140,1.0,0,0,True
raw,103986,1.0,0,0,True
raw,104166,1.0,0,0,True
raw,103220,1.0,0,0,True
raw,105954,1.0,0,0,True
raw,104427,1.0,0,0,True
raw,105063,1.0,0,0,True
raw,103215,1.0,0,0,True
raw,102660,1.0,0,0,True
raw,105932,1.0,0,0,True
raw,100987,1.0,0,0,True
raw,104723,1.0,0,0,True
raw,105375,1.0,0,0,True
raw,105211,1.0,0,0,True
raw,100413,1.0,0,0,True
raw,101488,1.0,0,0,True
raw,101756,1.0,0,0,True
raw,100226,1.0,0,0,True
raw,102713,1.0,0,0,True
raw,105307,1.0,0,0,True
raw,105439,1.0,0,0,True
raw,102640,1.0,0,0,True
raw,102383,1.0,0,0,True
raw,102798,1.0,0,0,True
raw,105659,1.0,0,0,True
raw,106136,1.0,0,0,True
raw,105923,1.0,0,0,True
raw,100092,1.0,0,0,True
raw,102098,1.0,0,0,True
raw,105019,1.0,0,0,True
raw,104063,1.0,0,0,True
raw,104308,1.0,0,0,True
raw,104443,1.0,0,0,True
raw,100891,1.0,0,0,True
raw,103442,1.0,0,0,True
raw,101364,1.0,0,0,True
raw,100967,1.0,0,0,True
raw,101795,1.0,0,0,True
raw,100203,1.0,0,0,True
raw,105999,1.0,0,0,True
raw,103206,1.0,0,0,True
raw,105208,1.0,0,0,True
raw,104515,1.0,0,0,True
raw,105001,1.0,0,0,True
raw,102330,1.0,0,0,True
raw,105308,1.0,0,0,True
raw,106026,1.0,0,0,True
raw,101373,1.0,0,0,True
raw,104659,1.0,0,0,True
raw,103323,1.0,0,0,True
raw,102461,1.0,0,0,True
raw,104499,1.0,0,0,True
raw,101241,1.0,0,0,True
raw,104183,1.0,0,0,True
raw,100073,1.0,0,0,True
raw,105148,1.0,0,0,True
raw,100417,1.0,0,0,True
raw,105414,1.0,0,0,True
raw,103863,1.0,0,0,True
raw,104471,1.0,0,0,True
raw,105549,1.0,0,0,True
raw,101215,1.0,0,0,True
raw,103346,1.0,0,0,True
raw,101498,1.0,0,0,True
raw,102169,1.0,0,0,True
raw,101561,1.0,0,0,True
raw,104450,1.0,0,0,True
raw,103420,1.0,0,0,True
raw,100333,1.0,0,0,True
raw,104291,1.0,0,0,True
raw,101427,1.0,0,0,True
raw,105480,1.0,0,0,True
raw,102999,1.0,0,0,True
raw,104889,1.0,0,0,True
raw,102593,1.0,0,0,True
raw,101575,1.0,0,0,True
raw,100344,1.0,0,0,True
raw,101516,1.0,0,0,True
raw,104357,1.0,0,0,True
raw,100266,1.0,0,0,True
raw,100286,1.0,0,0,True
raw,105590,1.0,0,0,True
raw,105518,1.0,0,0,True
raw,103038,1.0,0,0,True
raw,102375,1.0,0,0,True
raw,103708,1.0,0,0,True
raw,103505,1.0,0,0,True
raw,104724,1.0,0,0,True
raw,105276,1.0,0,0,True
raw,105402,1.0,0,0,True
raw,100915,1.0,0,0,True
raw,102908,1.0,0,0,True
raw,103461,1.0,0,0,True
raw,100150,1.0,0,0,True
raw,101217,1.0,0,0,True
raw,100759,1.0,0,0,True
raw,100652,1.0,0,0,True
raw,100440,1.0,0,0,True
raw,100646,1.0,0,0,True
raw,100820,1.0,0,0,True
raw,103100,1.0,0,0,True
raw,101337,1.0,0,0,True
raw,104115,1.0,0,0,True
raw,105639,1.0,0,0,True
raw,105075,1.0,0,0,True
raw,106013,1.0,0,0,True
raw,100811,1.0,0,0,True
raw,102536,1.0,0,0,True
raw,102029,1.0,0,0,True
raw,105983,1.0,0,0,True
raw,103238,1.0,0,0,True
raw,105004,1.0,0,0,True
raw,105966,1.0,0,0,True
raw,105177,1.0,0,0,True
raw,103315,1.0,0,0,True
raw,100260,1.0,0,0,True
raw,105142,1.0,0,0,True
raw,105724,1.0,0,0,True
raw,102079,1.0,0,0,True
raw,103948,1.0,0,0,True
raw,103817,1.0,0,0,True
raw,100736,1.0,0,0,True
raw,101986,1.0,0,0,True
raw,102958,1.0,0,0,True
raw,103144,1.0,0,0,True
raw,101904,1.0,0,0,True
raw,102581,1.0,0,0,True
raw,101930,1.0,0,0,True
raw,102286,1.0,0,0,True
raw,103822,1.0,0,0,True
raw,103105,1.0,0,0,True
raw,100179,1.0,0,0,True
raw,100264,1.0,0,0,True
raw,100293,1.0,0,0,True
raw,105529,1.0,0,0,True
raw,104952,1.0,0,0,True
raw,104595,1.0,0,0,True
raw,105498,1.0,0,0,True
raw,100014,1.0,0,0,True
raw,106101,1.0,0,0,True
raw,102401,1.0,0,0,True
raw,105467,1.0,0,0,True
raw,103126,1.0,0,0,True
raw,102172,1.0,0,0,True
raw,105843,1.0,0,0,True
raw,101474,1.0,0,0,True
raw,105796,1.0,0,0,True
raw,103056,1.0,0,0,True
raw,101243,1.0,0,0,True
raw,105928,1.0,0,0,True
raw,105503,1.0,0,0,True
raw,103397,1.0,0,0,True
raw,104484,1.0,0,0,True
raw,102185,1.0,0,0,True
raw,100031,1.0,0,0,True
raw,103930,1.0,0,0,True
raw,101087,1.0,0,0,True
raw,100490,1.0,0,0,True
raw,101440,1.0,0,0,True
raw,102539,1.0,0,0,True
raw,105866,1.0,0,0,True
raw,101842,1.0,0,0,True
raw,103542,1.0,0,0,True
raw,101220,1.0,0,0,True
raw,102296,1.0,0,0,True
raw,101880,1.0,0,0,True
raw,100337,1.0,0,0,True
raw,101690,1.0,0,0,True
raw,102301,1.0,0,0,True
raw,101535,1.0,0,0,True
raw,104898,1.0,0,0,True
raw,103113,1.0,0,0,True
raw,105330,1.0,0,0,True
raw,102980,1.0,0,0,True
raw,102865,1.0,0,0,True
raw,100924,1.0,0,0,True
raw,105473,1.0,0,0,True
raw,100589,1.0,0,0,True
raw,100459,1.0,0,0,True
raw,105692,1.0,0,0,True
raw,101355,1.0,0,0,True
raw,101683,1.0,0,0,True
raw,101924,1.0,0,0,True
raw,104730,1.0,0,0,True
raw,104807,1.0,0,0,True
raw,101401,1.0,0,0,True
raw,100077,1.0,0,0,True
raw,100823,1.0,0,0,True
raw,100680,1.0,0,0,True
raw,104539,1.0,0,0,True
raw,105388,1.0,0,0,True
raw,103375,1.0,0,0,True
raw,100719,1.0,0,0,True
raw,100598,1.0,0,0,True
raw,100643,1.0,0,0,True
raw,101282,1.0,0,0,True
raw,100127,1.0,0,0,True
raw,103480,1.0,0,0,True
raw,104302,1.0,0,0,True
raw,100648,1.0,0,0,True
raw,103562,1.0,0,0,True
raw,105145,1.0,0,0,True
raw,100757,1.0,0,0,True
raw,106023,1.0,0,0,True
raw,104939,1.0,0,0,True
raw,100345,1.0,0,0,True
raw,100727,1.0,0,0,True
raw,103974,1.0,0,0,True
raw,100201,1.0,0,0,True
raw,104614,1.0,0,0,True
raw,104290,1.0,0,0,True
raw,101744,1.0,0,0,True
raw,104441,1.0,0,0,True
raw,106162,1.0,0,0,True
raw,104663,1.0,0,0,True
raw,104155,1.0,0,0,True
raw,100574,1.0,0,0,True
raw,103271,1.0,0,0,True
raw,103938,1.0,0,0,True
raw,105174,1.0,0,0,True
raw,102189,1.0,0,0,True
raw,105859,1.0,0,0,True
raw,105852,1.0,0,0,True
raw,101412,1.0,0,0,True
raw,104211,1.0,0,0,True
raw,100611,1.0,0,0,True
raw,101829,1.0,0,0,True
raw,103274,1.0,0,0,True
raw,103457,1.0,0,0,True
raw,103421,1.0,0,0,True
raw,102619,1.0,0,0,True
raw,105502,1.0,0,0,True
raw,105896,1.0,0,0,True
raw,103515,1.0,0,0,True
raw,104946,1.0,0,0,True
raw,104333,1.0,0,0,True
raw,100493,1.0,0,0,True
raw,102686,1.0,0,0,True
raw,102489,1.0,0,0,True
raw,100050,1.0,0,0,True
raw,100982,1.0,0,0,True
raw,105594,1.0,0,0,True
raw,104326,1.0,0,0,True
raw,101349,1.0,0,0,True
raw,104060,1.0,0,0,True
raw,104419,1.0,0,0,True
raw,102916,1.0,0,0,True
raw,101742,1.0,0,0,True
raw,103502,1.0,0,0,True
raw,104157,1.0,0,0,True
raw,105605,1.0,0,0,True
raw,105202,1.0,0,0,True
raw,105320,1.0,0,0,True
raw,103289,1.0,0,0,True
raw,100839,1.0,0,0,True
raw,105104,1.0,0,0,True
raw,100566,1.0,0,0,True
raw,103703,1.0,0,0,True
raw,100124,1.0,0,0,True
raw,105537,1.0,0,0,True
raw,104353,1.0,0,0,True
raw,102826,1.0,0,0,True
raw,104292,1.0,0,0,True
raw,104192,1.0,0,0,True
raw,100793,1.0,0,0,True
raw,106040,1.0,0,0,True
raw,105718,1.0,0,0,True
raw,104831,1.0,0,0,True
raw,104707,1.0,0,0,True
raw,100660,1.0,0,0,True
raw,100779,1.0,0,0,True
raw,100377,1.0,0,0,True
raw,104971,1.0,0,0,True
raw,100561,1.0,0,0,True
raw,101362,1.0,0,0,True
raw,101179,1.0,0,0,True
raw,101486,1.0,0,0,True
raw,103832,1.0,0,0,True
raw,105835,1.0,0,0,True
raw,106167,1.0,0,0,True
raw,104306,1.0,0,0,True
raw,101430,1.0,0,0,True
raw,102318,1.0,0,0,True
raw,101460,1.0,0,0,True
raw,100607,1.0,0,0,True
raw,101247,1.0,0,0,True
raw,104781,1.0,0,0,True
raw,106125,1.0,0,0,True
raw,100339,1.0,0,0,True
raw,103890,1.0,0,0,True
raw,104795,1.0,0,0,True
raw,103768,1.0,0,0,True
raw,105404,1.0,0,0,True
raw,103912,1.0,0,0,True
raw,100154,1.0,0,0,True
raw,105459,1.0,0,0,True
raw,102697,1.0,0,0,True
raw,100508,1.0,0,0,True
raw,103379,1.0,0,0,True
raw,106157,1.0,0,0,True
raw,102406,1.0,0,0,True
raw,100035,1.0,0,0,True
raw,102307,1.0,0,0,True
raw,100678,1.0,0,0,True
raw,105169,1.0,0,0,True
raw,101884,1.0,0,0,True
raw,100959,1.0,0,0,True
raw,101538,1.0,0,0,True
raw,104994,1.0,0,0,True
raw,101376,1.0,0,0,True
raw,102971,1.0,0,0,True
raw,103266,1.0,0,0,True
raw,103199,1.0,0,0,True
raw,101285,1.0,0,0,True
raw,100511,1.0,0,0,True
raw,102583,1.0,0,0,True
raw,101908,1.0,0,0,True
raw,105732,1.0,0,0,True
raw,104792,1.0,0,0,True
raw,102420,1.0,0,0,True
raw,102805,1.0,0,0,True
raw,106098,1.0,0,0,True
raw,105595,1.0,0,0,True
raw,106080,1.0,0,0,True
raw,105580,1.0,0,0,True
raw,105236,1.0,0,0,True
raw,103994,1.0,0,0,True
raw,103453,1.0,0,0,True
raw,101545,1.0,0,0,True
raw,100291,1.0,0,0,True
raw,105493,1.0,0,0,True
raw,104638,1.0,0,0,True
raw,104132,1.0,0,0,True
raw,101514,1.0,0,0,True
raw,100069,1.0,0,0,True
raw,100278,1.0,0,0,True
raw,105267,1.0,0,0,True
raw,101776,1.0,0,0,True
raw,105023,1.0,0,0,True
raw,102309,1.0,0,0,True
raw,103432,1.0,0,0,True
raw,102983,1.0,0,0,True
raw,105617,1.0,0,0,True
raw,100754,1.0,0,0,True
raw,103943,1.0,0,0,True
raw,104110,1.0,0,0,True
raw,100078,1.0,0,0,True
raw,100855,1.0,0,0,True
raw,105942,1.0,0,0,True
raw,102627,1.0,0,0,True
raw,101251,1.0,0,0,True
raw,103575,1.0,0,0,True
raw,101992,1.0,0,0,True
raw,102271,1.0,0,0,True
raw,102439,1.0,0,0,True
raw,101936,1.0,0,0,True
raw,100054,1.0,0,0,True
raw,103742,1.0,0,0,True
raw,106119,1.0,0,0,True
raw,101578,1.0,0,0,True
raw,104411,1.0,0,0,True
raw,103254,1.0,0,0,True
raw,105784,1.0,0,0,True
raw,105187,1.0,0,0,True
raw,101810,1.0,0,0,True
raw,101850,1.0,0,0,True
raw,104401,1.0,0,0,True
raw,102616,1.0,0,0,True
raw,104979,1.0,0,0,True
raw,104885,1.0,0,0,True
raw,105491,1.0,0,0,True
raw,100892,1.0,0,0,True
raw,103090,1.0,0,0,True
raw,100985,1.0,0,0,True
raw,103059,1.0,0,0,True
raw,103803,1.0,0,0,True
raw,104790,1.0,0,0,True
raw,100172,1.0,0,0,True
raw,105556,1.0,0,0,True
raw,101312,1.0,0,0,True
raw,103358,1.0,0,0,True
raw,103297,1.0,0,0,True
raw,105997,1.0,0,0,True
raw,101956,1.0,0,0,True
raw,105434,1.0,0,0,True
raw,100729,1.0,0,0,True
raw,102568,1.0,0,0,True
raw,101015,1.0,0,0,True
raw,105183,1.0,0,0,True
raw,105658,1.0,0,0,True
raw,103729,1.0,0,0,True
raw,100270,1.0,0,0,True
raw,101668,1.0,0,0,True
raw,102159,1.0,0,0,True
raw,100688,1.0,0,0,True
raw,105640,1.0,0,0,True
raw,102763,1.0,0,0,True
raw,101896,1.0,0,0,True
raw,104554,1.0,0,0,True
raw,106058,1.0,0,0,True
raw,100492,1.0,0,0,True
raw,104857,1.0,0,0,True
raw,102914,1.0,0,0,True
raw,103310,1.0,0,0,True
raw,100714,1.0,0,0,True
raw,105767,1.0,0,0,True
raw,101791,1.0,0,0,True
raw,100170,1.0,0,0,True
raw,100109,1.0,0,0,True
raw,100019,1.0,0,0,True
raw,101967,1.0,0,0,True
raw,105233,1.0,0,0,True
raw,100889,1.0,0,0,True
raw,102220,1.0,0,0,True
raw,101860,1.0,0,0,True
raw,102520,1.0,0,0,True
raw,104677,1.0,0,0,True
raw,101647,1.0,0,0,True
raw,101017,1.0,0,0,True
raw,104430,1.0,0,0,True
raw,100438,1.0,0,0,True
raw,106048,1.0,0,0,True
raw,105341,1.0,0,0,True
raw,102064,1.0,0,0,True
raw,102176,1.0,0,0,True
raw,101923,1.0,0,0,True
raw,100276,1.0,0,0,True
raw,104045,1.0,0,0,True
raw,103489,1.0,0,0,True
raw,105760,1.0,0,0,True
rules,100593,1.0,0,0,True
rules,102033,1.0,0,0,True
rules,101149,1.0,0,0,True
rules,101313,1.0,0,0,True
rules,101585,1.0,0,0,True
rules,104924,1.0,0,0,True
rules,106079,1.0,0,0,True
rules,105931,1.0,0,0,True
rules,104757,1.0,0,0,True
rules,103586,1.0,0,0,True
rules,103548,1.0,0,0,True
rules,104692,1.0,0,0,True
rules,102024,1.0,0,0,True
rules,103929,1.0,0,0,True
rules,104265,1.0,0,0,True
rules,102906,1.0,0,0,True
rules,104548,1.0,0,0,True
rules,101168,1.0,0,0,True
rules,102993,1.0,0,0,True
rules,101893,1.0,0,0,True
rules,102772,1.0,0,0,True
rules,102259,1.0,0,0,True
rules,102158,1.0,0,0,True
rules,105204,1.0,0,0,True
rules,103248,1.0,0,0,True
rules,100864,1.0,0,0,True
rules,100865,1.0,0,0,True
rules,101636,1.0,0,0,True
rules,101849,1.0,0,0,True
rules,104993,1.0,0,0,True
rules,102708,1.0,0,0,True
rules,102630,1.0,0,0,True
rules,104153,1.0,0,0,True
rules,104844,1.0,0,0,True
rules,102095,1.0,0,0,True
rules,105838,1.0,0,0,True
rules,103997,1.0,0,0,True
rules,102815,1.0,0,0,True
rules,101183,1.0,0,0,True
rules,105259,1.0,0,0,True
rules,100903,1.0,0,0,True
rules,102021,1.0,0,0,True
rules,100082,1.0,0,0,True
rules,103944,1.0,0,0,True
rules,102766,1.0,0,0,True
rules,101308,1.0,0,0,True
rules,103559,1.0,0,0,True
rules,101187,1.0,0,0,True
rules,100919,1.0,0,0,True
rules,102201,1.0,0,0,True
rules,102979,1.0,0,0,True
rules,106164,1.0,0,0,True
rules,104639,1.0,0,0,True
rules,100036,1.0,0,0,True
rules,105436,1.0,0,0,True
rules,103889,1.0,0,0,True
rules,104645,1.0,0,0,True
rules,103365,1.0,0,0,True
rules,100025,1.0,0,0,True
rules,104961,1.0,0,0,True
rules,103452,1.0,0,0,True
rules,101451,1.0,0,0,True
rules,105198,1.0,0,0,True
rules,102717,1.0,0,0,True
rules,102655,1.0,0,0,True
rules,104749,1.0,0,0,True
rules,102055,1.0,0,0,True
rules,100914,1.0,0,0,True
rules,100681,1.0,0,0,True
rules,105291,1.0,0,0,True
rules,101103,1.0,0,0,True
rules,101055,1.0,0,0,True
rules,104393,1.0,0,0,True
rules,103819,1.0,0,0,True
rules,100995,1.0,0,0,True
rules,103656,1.0,0,0,True
rules,101233,1.0,0,0,True
rules,104558,1.0,0,0,True
rules,102561,1.0,0,0,True
rules,102412,1.0,0,0,True
rules,104868,1.0,0,0,True
rules,104526,1.0,0,0,True
rules,101623,1.0,0,0,True
rules,101422,1.0,0,0,True
rules,105585,1.0,0,0,True
rules,100771,1.0,0,0,True
rules,100525,1.0,0,0,True
rules,100453,1.0,0,0,True
rules,104028,1.0,0,0,True
rules,100822,1.0,0,0,True
rules,104035,1.0,0,0,True
rules,100559,1.0,0,0,True
rules,105567,1.0,0,0,True
rules,102787,1.0,0,0,True
rules,102284,1.0,0,0,True
rules,102190,1.0,0,0,True
rules,105787,1.0,0,0,True
rules,101139,1.0,0,0,True
rules,100068,1.0,0,0,True
rules,105284,1.0,0,0,True
rules,102001,1.0,0,0,True
rules,102265,1.0,0,0,True
rules,104569,1.0,0,0,True
rules,101000,1.0,0,0,True
rules,104846,1.0,0,0,True
rules,105839,1.0,0,0,True
rules,102000,1.0,0,0,True
rules,100250,1.0,0,0,True
rules,105854,1.0,0,0,True
rules,101891,1.0,0,0,True
rules,104433,1.0,0,0,True
rules,104128,1.0,0,0,True
rules,105282,1.0,0,0,True
rules,100555,1.0,0,0,True
rules,104432,1.0,0,0,True
rules,100519,1.0,0,0,True
rules,104582,1.0,0,0,True
rules,101002,1.0,0,0,True
rules,101060,1.0,0,0,True
rules,100089,1.0,0,0,True
rules,102749,1.0,0,0,True
rules,105887,1.0,0,0,True
rules,100879,1.0,0,0,True
rules,103098,1.0,0,0,True
rules,106135,1.0,0,0,True
rules,100659,1.0,0,0,True
rules,104116,1.0,0,0,True
rules,100316,1.0,0,0,True
rules,102386,1.0,0,0,True
rules,105684,1.0,0,0,True
rules,100113,1.0,0,0,True
rules,104780,1.0,0,0,True
rules,101632,1.0,0,0,True
rules,105071,1.0,0,0,True
rules,102077,1.0,0,0,True
rules,101253,1.0,0,0,True
rules,100009,1.0,0,0,True
rules,105271,1.0,0,0,True
rules,103927,1.0,0,0,True
rules,103235,1.0,0,0,True
rules,105454,1.0,0,0,True
rules,105113,1.0,0,0,True
rules,103510,1.0,0,0,True
rules,103487,1.0,0,0,True
rules,105217,1.0,0,0,True
rules,100522,1.0,0,0,True
rules,105993,1.0,0,0,True
rules,105470,1.0,0,0,True
rules,100187,1.0,0,0,True
rules,101938,1.0,0,0,True
rules,103960,1.0,0,0,True
rules,102486,1.0,0,0,True
rules,101803,1.0,0,0,True
rules,104860,1.0,0,0,True
rules,100165,1.0,0,0,True
rules,105600,1.0,0,0,True
rules,100667,1.0,0,0,True
rules,102740,1.0,0,0,True
rules,100238,1.0,0,0,True
rules,102871,1.0,0,0,True
rules,100767,1.0,0,0,True
rules,100032,1.0,0,0,True
rules,100797,1.0,0,0,True
rules,103634,1.0,0,0,True
rules,104784,1.0,0,0,True
rules,104643,1.0,0,0,True
rules,100269,1.0,0,0,True
rules,102222,1.0,0,0,True
rules,102775,1.0,0,0,True
rules,101032,1.0,0,0,True
rules,105965,1.0,0,0,True
rules,103620,1.0,0,0,True
rules,100296,1.0,0,0,True
rules,104342,1.0,0,0,True
rules,102356,1.0,0,0,True
rules,101759,1.0,0,0,True
rules,100358,1.0,0,0,True
rules,100159,1.0,0,0,True
rules,103156,1.0,0,0,True
rules,103580,1.0,0,0,True
rules,102592,1.0,0,0,True
rules,103354,1.0,0,0,True
rules,104440,1.0,0,0,True
rules,106126,1.0,0,0,True
rules,100634,1.0,0,0,True
rules,103516,1.0,0,0,True
rules,106014,1.0,0,0,True
rules,104019,1.0,0,0,True
rules,103319,1.0,0,0,True
rules,101560,1.0,0,0,True
rules,103954,1.0,0,0,True
rules,103519,1.0,0,0,True
rules,103550,1.0,0,0,True
rules,101787,1.0,0,0,True
rules,101814,1.0,0,0,True
rules,106012,1.0,0,0,True
rules,100176,1.0,0,0,True
rules,105432,1.0,0,0,True
rules,105926,1.0,0,0,True
rules,104969,1.0,0,0,True
rules,105014,1.0,0,0,True
rules,105894,1.0,0,0,True
rules,100338,1.0,0,0,True
rules,104527,1.0,0,0,True
rules,105040,1.0,0,0,True
rules,104152,1.0,0,0,True
rules,103211,1.0,0,0,True
rules,101745,1.0,0,0,True
rules,104204,1.0,0,0,True
rules,104673,1.0,0,0,True
rules,104345,1.0,0,0,True
rules,103492,1.0,0,0,True
rules,103242,1.0,0,0,True
rules,104510,1.0,0,0,True
rules,102969,1.0,0,0,True
rules,101596,1.0,0,0,True
rules,100963,1.0,0,0,True
rules,100208,1.0,0,0,True
rules,103275,1.0,0,0,True
rules,105544,1.0,0,0,True
rules,100952,1.0,0,0,True
rules,102376,1.0,0,0,True
rules,102319,1.0,0,0,True
rules,100606,1.0,0,0,True
rules,100625,1.0,0,0,True
rules,105225,1.0,0,0,True
rules,102382,1.0,0,0,True
rules,100661,1.0,0,0,True
rules,105789,1.0,0,0,True
rules,101790,1.0,0,0,True
rules,103026,1.0,0,0,True
rules,105846,1.0,0,0,True
rules,101947,1.0,0,0,True
rules,102211,1.0,0,0,True
rules,104761,1.0,0,0,True
rules,100526,1.0,0,0,True
rules,100852,1.0,0,0,True
rules,101654,1.0,0,0,True
rules,101385,1.0,0,0,True
rules,101895,1.0,0,0,True
rules,100374,1.0,0,0,True
rules,106090,1.0,0,0,True
rules,105629,1.0,0,0,True
rules,102941,1.0,0,0,True
rules,104779,1.0,0,0,True
rules,105365,1.0,0,0,True
rules,103737,1.0,0,0,True
rules,100239,1.0,0,0,True
rules,100251,1.0,0,0,True
rules,100083,1.0,0,0,True
rules,104896,1.0,0,0,True
rules,106047,1.0,0,0,True
rules,105984,1.0,0,0,True
rules,106025,1.0,0,0,True
rules,105452,1.0,0,0,True
rules,102989,1.0,0,0,True
rules,101857,1.0,0,0,True
rules,103385,1.0,0,0,True
rules,100866,1.0,0,0,True
rules,103875,1.0,0,0,True
rules,104238,1.0,0,0,True
rules,100261,1.0,0,0,True
rules,100563,1.0,0,0,True
rules,104478,1.0,0,0,True
rules,103416,1.0,0,0,True
rules,101877,1.0,0,0,True
rules,101616,1.0,0,0,True
rules,101161,1.0,0,0,True
rules,104712,1.0,0,0,True
rules,101140,1.0,0,0,True
rules,104193,1.0,0,0,True
rules,104935,1.0,0,0,True
rules,103809,1.0,0,0,True
rules,106039,1.0,0,0,True
rules,100544,1.0,0,0,True
rules,104811,1.0,0,0,True
rules,104635,1.0,0,0,True
rules,103197,1.0,0,0,True
rules,100093,1.0,0,0,True
rules,102784,1.0,0,0,True
rules,103884,1.0,0,0,True
rules,104519,1.0,0,0,True
rules,101890,1.0,0,0,True
rules,103995,1.0,0,0,True
rules,103640,1.0,0,0,True
rules,103127,1.0,0,0,True
rules,102267,1.0,0,0,True
rules,103587,1.0,0,0,True
rules,100152,1.0,0,0,True
rules,105422,1.0,0,0,True
rules,103362,1.0,0,0,True
rules,101332,1.0,0,0,True
rules,104560,1.0,0,0,True
rules,104272,1.0,0,0,True
rules,102646,1.0,0,0,True
rules,103685,1.0,0,0,True
rules,101871,1.0,0,0,True
rules,101727,1.0,0,0,True
rules,103380,1.0,0,0,True
rules,104886,1.0,0,0,True
rules,101894,1.0,0,0,True
rules,105435,1.0,0,0,True
rules,104553,1.0,0,0,True
rules,105804,1.0,0,0,True
rules,100812,1.0,0,0,True
rules,101902,1.0,0,0,True
rules,100071,1.0,0,0,True
rules,105729,1.0,0,0,True
rules,105319,1.0,0,0,True
rules,100011,1.0,0,0,True
rules,105017,1.0,0,0,True
rules,105067,1.0,0,0,True
rules,101710,1.0,0,0,True
rules,101471,1.0,0,0,True
rules,100976,1.0,0,0,True
rules,100066,1.0,0,0,True
rules,104760,1.0,0,0,True
rules,104074,1.0,0,0,True
rules,105913,1.0,0,0,True
rules,101081,1.0,0,0,True
rules,105893,1.0,0,0,True
rules,100063,1.0,0,0,True
rules,105802,1.0,0,0,True
rules,100450,1.0,0,0,True
rules,102827,1.0,0,0,True
rules,104517,1.0,0,0,True
rules,102453,1.0,0,0,True
rules,101870,1.0,0,0,True
rules,101016,1.0,0,0,True
rules,106049,1.0,0,0,True
rules,103543,1.0,0,0,True
rules,103044,1.0,0,0,True
rules,101095,1.0,0,0,True
rules,105018,1.0,0,0,True
rules,104164,1.0,0,0,True
rules,101839,1.0,0,0,True
rules,103023,1.0,0,0,True
rules,101079,1.0,0,0,True
rules,103788,1.0,0,0,True
rules,101114,1.0,0,0,True
rules,105778,1.0,0,0,True
rules,101078,1.0,0,0,True
rules,103039,1.0,0,0,True
rules,105176,1.0,0,0,True
rules,104317,1.0,0,0,True
rules,102952,1.0,0,0,True
rules,101549,1.0,0,0,True
rules,105805,1.0,0,0,True
rules,104365,1.0,0,0,True
rules,105944,1.0,0,0,True
rules,104661,1.0,0,0,True
rules,105803,1.0,0,0,True
rules,101369,1.0,0,0,True
rules,102022,1.0,0,0,True
rules,101667,1.0,0,0,True
rules,101007,1.0,0,0,True
rules,104473,1.0,0,0,True
rules,106005,1.0,0,0,True
rules,106067,1.0,0,0,True
rules,104980,1.0,0,0,True
rules,104107,1.0,0,0,True
rules,105469,1.0,0,0,True
rules,105082,1.0,0,0,True
rules,102759,1.0,0,0,True
rules,100288,1.0,0,0,True
rules,105311,1.0,0,0,True
rules,105686,1.0,0,0,True
rules,105941,1.0,0,0,True
rules,105758,1.0,0,0,True
rules,103425,1.0,0,0,True
rules,104680,1.0,0,0,True
rules,106015,1.0,0,0,True
rules,105848,1.0,0,0,True
rules,105137,1.0,0,0,True
rules,102411,1.0,0,0,True
rules,105482,1.0,0,0,True
rules,104091,1.0,0,0,True
rules,103030,1.0,0,0,True
rules,105651,1.0,0,0,True
rules,101310,1.0,0,0,True
rules,101582,1.0,0,0,True
rules,100546,1.0,0,0,True
rules,102306,1.0,0,0,True
rules,105685,1.0,0,0,True
rules,102946,1.0,0,0,True
rules,102004,1.0,0,0,True
rules,104041,1.0,0,0,True
rules,105158,1.0,0,0,True
rules,105810,1.0,0,0,True
rules,103905,1.0,0,0,True
rules,105214,1.0,0,0,True
rules,105080,1.0,0,0,True
rules,104090,1.0,0,0,True
rules,104599,1.0,0,0,True
rules,101630,1.0,0,0,True
rules,105021,1.0,0,0,True
rules,104649,1.0,0,0,True
rules,100594,1.0,0,0,True
rules,104570,1.0,0,0,True
rules,104678,1.0,0,0,True
rules,100856,1.0,0,0,True
rules,106146,1.0,0,0,True
rules,104122,1.0,0,0,True
rules,103024,1.0,0,0,True
rules,101738,1.0,0,0,True
rules,101670,1.0,0,0,True
rules,104178,1.0,0,0,True
rules,103630,1.0,0,0,True
rules,101645,1.0,0,0,True
rules,105283,1.0,0,0,True
rules,101644,1.0,0,0,True
rules,100157,1.0,0,0,True
rules,102410,1.0,0,0,True
rules,103079,1.0,0,0,True
rules,105690,1.0,0,0,True
rules,104962,1.0,0,0,True
rules,103763,1.0,0,0,True
rules,101428,1.0,0,0,True
rules,100038,1.0,0,0,True
rules,100618,1.0,0,0,True
rules,102027,1.0,0,0,True
rules,104959,1.0,0,0,True
rules,104964,1.0,0,0,True
rules,104963,1.0,0,0,True
rules,101231,1.0,0,0,True
rules,101455,1.0,0,0,True
rules,102557,1.0,0,0,True
rules,100257,1.0,0,0,True
rules,105945,1.0,0,0,True
rules,100001,1.0,0,0,True
rules,101042,1.0,0,0,True
rules,100458,1.0,0,0,True
rules,105379,1.0,0,0,True
rules,105433,1.0,0,0,True
rules,100003,1.0,0,0,True
rules,101254,1.0,0,0,True
rules,105842,1.0,0,0,True
rules,104802,1.0,0,0,True
rules,105947,1.0,0,0,True
rules,101037,1.0,0,0,True
rules,101255,1.0,0,0,True
rules,104777,1.0,0,0,True
rules,102002,1.0,0,0,True
rules,101342,1.0,0,0,True
rules,105731,1.0,0,0,True
rules,102707,1.0,0,0,True
rules,105641,1.0,0,0,True
rules,104175,1.0,0,0,True
rules,105958,1.0,0,0,True
rules,104259,1.0,0,0,True
rules,105258,1.0,0,0,True
rules,105138,1.0,0,0,True
rules,105911,1.0,0,0,True
rules,104474,1.0,0,0,True
rules,101541,1.0,0,0,True
rules,105742,1.0,0,0,True
rules,100718,1.0,0,0,True
rules,104182,1.0,0,0,True
rules,100067,1.0,0,0,True
rules,105950,1.0,0,0,True
rules,101612,1.0,0,0,True
rules,104823,1.0,0,0,True
rules,104329,1.0,0,0,True
rules,103327,1.0,0,0,True
rules,101562,1.0,0,0,True
rules,104658,1.0,0,0,True
rules,105593,1.0,0,0,True
rules,105634,1.0,0,0,True
rules,105946,1.0,0,0,True
rules,105949,1.0,0,0,True
rules,105468,1.0,0,0,True
rules,105948,1.0,0,0,True
rules,105951,1.0,0,0,True
rules,105228,1.0,0,0,True
rules,102165,1.0,0,0,True
rules,104923,1.0,0,0,True
rules,105055,1.0,0,0,True
rules,105314,1.0,0,0,True
rules,104121,1.0,0,0,True
rules,105471,1.0,0,0,True
rules,105986,1.0,0,0,True
rules,100913,1.0,0,0,True
rules,105762,1.0,0,0,True
rules,105447,1.0,0,0,True
rules,103123,1.0,0,0,True
rules,105255,1.0,0,0,True
rules,103705,1.0,0,0,True
rules,104545,1.0,0,0,True
rules,101739,1.0,0,0,True
rules,104572,1.0,0,0,True
rules,104245,1.0,0,0,True
rules,100207,1.0,0,0,True
rules,104825,1.0,0,0,True
rules,101581,1.0,0,0,True
rules,102031,1.0,0,0,True
rules,105730,1.0,0,0,True
rules,105322,1.0,0,0,True
rules,105849,1.0,0,0,True
rules,105874,1.0,0,0,True
rules,103041,1.0,0,0,True
rules,104908,1.0,0,0,True
rules,100908,1.0,0,0,True
rules,100473,1.0,0,0,True
rules,104487,1.0,0,0,True
rules,101039,1.0,0,0,True
rules,100917,1.0,0,0,True
rules,104647,1.0,0,0,True
rules,103424,1.0,0,0,True
rules,100029,1.0,0,0,True
rules,105102,1.0,0,0,True
rules,105635,1.0,0,0,True
rules,105338,1.0,0,0,True
rules,105895,1.0,0,0,True
rules,105847,1.0,0,0,True
rules,103509,1.0,0,0,True
rules,100030,1.0,0,0,True
rules,104648,1.0,0,0,True
rules,102789,1.0,0,0,True
rules,104568,1.0,0,0,True
rules,104087,1.0,0,0,True
rules,104566,1.0,0,0,True
rules,103322,1.0,0,0,True
rules,104488,1.0,0,0,True
rules,100617,1.0,0,0,True
rules,105123,1.0,0,0,True
rules,101459,1.0,0,0,True
rules,102959,1.0,0,0,True
rules,103631,1.0,0,0,True
rules,104486,1.0,0,0,True
rules,106118,1.0,0,0,True
rules,105295,1.0,0,0,True
rules,105669,1.0,0,0,True
rules,105312,1.0,0,0,True
rules,101757,1.0,0,0,True
rules,100762,1.0,0,0,True
rules,103791,1.0,0,0,True
rules,103813,1.0,0,0,True
rules,100697,1.0,0,0,True
rules,102721,1.0,0,0,True
rules,104083,1.0,0,0,True
rules,105279,1.0,0,0,True
rules,105834,1.0,0,0,True
rules,106055,1.0,0,0,True
rules,105973,1.0,0,0,True
rules,102023,1.0,0,0,True
rules,104109,1.0,0,0,True
rules,103962,1.0,0,0,True
rules,100457,1.0,0,0,True
rules,103961,1.0,0,0,True
rules,105387,1.0,0,0,True
rules,105757,1.0,0,0,True
rules,103293,1.0,0,0,True
rules,102932,1.0,0,0,True
rules,105579,1.0,0,0,True
rules,105081,1.0,0,0,True
rules,101716,1.0,0,0,True
rules,102788,1.0,0,0,True
rules,103963,1.0,0,0,True
rules,101920,1.0,0,0,True
rules,105386,1.0,0,0,True
rules,105693,1.0,0,0,True
rules,101580,1.0,0,0,True
rules,105625,1.0,0,0,True
rules,101551,1.0,0,0,True
rules,102281,1.0,0,0,True
rules,106145,1.0,0,0,True
rules,105461,1.0,0,0,True
rules,103965,1.0,0,0,True
rules,105020,1.0,0,0,True
rules,101093,1.0,0,0,True
rules,100940,1.0,0,0,True
rules,101675,1.0,0,0,True
rules,103632,1.0,0,0,True
rules,100942,1.0,0,0,True
rules,102025,1.0,0,0,True
rules,104485,1.0,0,0,True
rules,106147,1.0,0,0,True
rules,102028,1.0,0,0,True
rules,104483,1.0,0,0,True
rules,103454,1.0,0,0,True
rules,105691,1.0,0,0,True
rules,103906,1.0,0,0,True
rules,105924,1.0,0,0,True
rules,100941,1.0,0,0,True
rules,106021,1.0,0,0,True
rules,106053,1.0,0,0,True
rules,105777,1.0,0,0,True
rules,101184,1.0,0,0,True
rules,104936,1.0,0,0,True
rules,105820,1.0,0,0,True
rules,104771,1.0,0,0,True
rules,105347,1.0,0,0,True
rules,102966,1.0,0,0,True
rules,103959,1.0,0,0,True
rules,105553,1.0,0,0,True
rules,104585,1.0,0,0,True
rules,102930,1.0,0,0,True
rules,106116,1.0,0,0,True
rules,105987,1.0,0,0,True
rules,103112,1.0,0,0,True
rules,105247,1.0,0,0,True
rules,105345,1.0,0,0,True
rules,103952,1.0,0,0,True
rules,103950,1.0,0,0,True
rules,102282,1.0,0,0,True
rules,104567,1.0,0,0,True
rules,100149,1.0,0,0,True
rules,101579,1.0,0,0,True
rules,101439,1.0,0,0,True
rules,105722,1.0,0,0,True
rules,104894,1.0,0,0,True
rules,104369,1.0,0,0,True
rules,105147,1.0,0,0,True
rules,105689,1.0,0,0,True
rules,103478,1.0,0,0,True
rules,102047,1.0,0,0,True
rules,102920,1.0,0,0,True
rules,105818,1.0,0,0,True
rules,103529,1.0,0,0,True
rules,104699,1.0,0,0,True
rules,102026,1.0,0,0,True
rules,101138,1.0,0,0,True
rules,105344,1.0,0,0,True
rules,102143,1.0,0,0,True
rules,105253,1.0,0,0,True
rules,102915,1.0,0,0,True
rules,104977,1.0,0,0,True
rules,103527,1.0,0,0,True
rules,102911,1.0,0,0,True
rules,102357,1.0,0,0,True
rules,103696,1.0,0,0,True
rules,105027,1.0,0,0,True
rules,101688,1.0,0,0,True
rules,104108,1.0,0,0,True
rules,102045,1.0,0,0,True
rules,105747,1.0,0,0,True
rules,103469,1.0,0,0,True
rules,102378,1.0,0,0,True
rules,101929,1.0,0,0,True
rules,105741,1.0,0,0,True
rules,105058,1.0,0,0,True
rules,104127,1.0,0,0,True
rules,103945,1.0,0,0,True
rules,103165,1.0,0,0,True
rules,102657,1.0,0,0,True
rules,100536,1.0,0,0,True
rules,103736,1.0,0,0,True
rules,105841,1.0,0,0,True
rules,105910,1.0,0,0,True
rules,105840,1.0,0,0,True
rules,101122,1.0,0,0,True
rules,101416,1.0,0,0,True
rules,100534,1.0,0,0,True
rules,100064,1.0,0,0,True
rules,100537,1.0,0,0,True
rules,105430,1.0,0,0,True
rules,103213,1.0,0,0,True
rules,103019,1.0,0,0,True
rules,106120,1.0,0,0,True
rules,100998,1.0,0,0,True
rules,104957,1.0,0,0,True
rules,103687,1.0,0,0,True
rules,103277,1.0,0,0,True
rules,104143,1.0,0,0,True
rules,105226,1.0,0,0,True
rules,100535,1.0,0,0,True
rules,101381,1.0,0,0,True
rules,101730,1.0,0,0,True
rules,102257,1.0,0,0,True
rules,105478,1.0,0,0,True
rules,101172,1.0,0,0,True
rules,104037,1.0,0,0,True
rules,101879,1.0,0,0,True
rules,100989,1.0,0,0,True
rules,104177,1.0,0,0,True
rules,100130,1.0,0,0,True
rules,101881,1.0,0,0,True
rules,104197,1.0,0,0,True
rules,105620,1.0,0,0,True
rules,104129,1.0,0,0,True
rules,103557,1.0,0,0,True
rules,105293,1.0,0,0,True
rules,100200,1.0,0,0,True
rules,102235,1.0,0,0,True
rules,105912,1.0,0,0,True
rules,102238,1.0,0,0,True
rules,104459,1.0,0,0,True
rules,103867,1.0,0,0,True
rules,104627,1.0,0,0,True
rules,105448,1.0,0,0,True
rules,101811,1.0,0,0,True
rules,105336,1.0,0,0,True
rules,103135,1.0,0,0,True
rules,104372,1.0,0,0,True
rules,100002,1.0,0,0,True
rules,105133,1.0,0,0,True
rules,104937,1.0,0,0,True
rules,105446,1.0,0,0,True
rules,102349,1.0,0,0,True
rules,104494,1.0,0,0,True
rules,105294,1.0,0,0,True
rules,102234,1.0,0,0,True
rules,103583,1.0,0,0,True
rules,105900,1.0,0,0,True
rules,101635,1.0,0,0,True
rules,106032,1.0,0,0,True
rules,103040,1.0,0,0,True
rules,104620,1.0,0,0,True
rules,103015,1.0,0,0,True
rules,104754,1.0,0,0,True
rules,105914,1.0,0,0,True
rules,104682,1.0,0,0,True
rules,103566,1.0,0,0,True
rules,102039,1.0,0,0,True
rules,101040,1.0,0,0,True
rules,103637,1.0,0,0,True
rules,104139,1.0,0,0,True
rules,105726,1.0,0,0,True
rules,103193,1.0,0,0,True
rules,105599,1.0,0,0,True
rules,104081,1.0,0,0,True
rules,100992,1.0,0,0,True
rules,104145,1.0,0,0,True
rules,100062,1.0,0,0,True
rules,101038,1.0,0,0,True
rules,104753,1.0,0,0,True
rules,101094,1.0,0,0,True
rules,104574,1.0,0,0,True
rules,100426,1.0,0,0,True
rules,104174,1.0,0,0,True
rules,103201,1.0,0,0,True
rules,104575,1.0,0,0,True
rules,102036,1.0,0,0,True
rules,106117,1.0,0,0,True
rules,101613,1.0,0,0,True
rules,104914,1.0,0,0,True
rules,100136,1.0,0,0,True
rules,101620,1.0,0,0,True
rules,106099,1.0,0,0,True
rules,104472,1.0,0,0,True
rules,100874,1.0,0,0,True
rules,103957,1.0,0,0,True
rules,105331,1.0,0,0,True
rules,102130,1.0,0,0,True
rules,100853,1.0,0,0,True
rules,100101,1.0,0,0,True
rules,106096,1.0,0,0,True
rules,100910,1.0,0,0,True
rules,104258,1.0,0,0,True
rules,101633,1.0,0,0,True
rules,101457,1.0,0,0,True
rules,104084,1.0,0,0,True
rules,104492,1.0,0,0,True
rules,105837,1.0,0,0,True
rules,103196,1.0,0,0,True
rules,104904,1.0,0,0,True
rules,105883,1.0,0,0,True
rules,105619,1.0,0,0,True
rules,102123,1.0,0,0,True
rules,104096,1.0,0,0,True
rules,100700,1.0,0,0,True
rules,105980,1.0,0,0,True
rules,105877,1.0,0,0,True
rules,101557,1.0,0,0,True
rules,102814,1.0,0,0,True
rules,101944,1.0,0,0,True
rules,106000,1.0,0,0,True
rules,104493,1.0,0,0,True
rules,105546,1.0,0,0,True
rules,104100,1.0,0,0,True
rules,104826,1.0,0,0,True
rules,103389,1.0,0,0,True
rules,104590,1.0,0,0,True
rules,105384,1.0,0,0,True
rules,105563,1.0,0,0,True
rules,104907,1.0,0,0,True
rules,105343,1.0,0,0,True
rules,103195,1.0,0,0,True
rules,100131,1.0,0,0,True
rules,100199,1.0,0,0,True
rules,103859,1.0,0,0,True
rules,104240,1.0,0,0,True
rules,104405,1.0,0,0,True
rules,105342,1.0,0,0,True
rules,106114,1.0,0,0,True
rules,104381,1.0,0,0,True
rules,103233,1.0,0,0,True
rules,105334,1.0,0,0,True
rules,103860,1.0,0,0,True
rules,105907,1.0,0,0,True
rules,101629,1.0,0,0,True
rules,104636,1.0,0,0,True
rules,101432,1.0,0,0,True
rules,104082,1.0,0,0,True
rules,104251,1.0,0,0,True
rules,103360,1.0,0,0,True
rules,101631,1.0,0,0,True
rules,105332,1.0,0,0,True
rules,104247,1.0,0,0,True
rules,104910,1.0,0,0,True
rules,104241,1.0,0,0,True
rules,104086,1.0,0,0,True
rules,103806,1.0,0,0,True
rules,102603,1.0,0,0,True
rules,104909,1.0,0,0,True
rules,100099,1.0,0,0,True
rules,101041,1.0,0,0,True
rules,104981,1.0,0,0,True
rules,105836,1.0,0,0,True
rules,105328,1.0,0,0,True
rules,105329,1.0,0,0,True
rules,105538,1.0,0,0,True
rules,103194,1.0,0,0,True
rules,104246,1.0,0,0,True
rules,100400,1.0,0,0,True
rules,103528,1.0,0,0,True
rules,105618,1.0,0,0,True
rules,104573,1.0,0,0,True
rules,105826,1.0,0,0,True
rules,104571,1.0,0,0,True
rules,105578,1.0,0,0,True
rules,101417,1.0,0,0,True
rules,100873,1.0,0,0,True
rules,105417,1.0,0,0,True
rules,103388,1.0,0,0,True
rules,104371,1.0,0,0,True
rules,105972,1.0,0,0,True
rules,103299,1.0,0,0,True
rules,100098,1.0,0,0,True
rules,105088,1.0,0,0,True
rules,105421,1.0,0,0,True
rules,103053,1.0,0,0,True
rules,103384,1.0,0,0,True
rules,105106,1.0,0,0,True
rules,102821,1.0,0,0,True
rules,103072,1.0,0,0,True
rules,102800,1.0,0,0,True
rules,102545,1.0,0,0,True
rules,100916,1.0,0,0,True
rules,103325,1.0,0,0,True
rules,101071,1.0,0,0,True
rules,105763,1.0,0,0,True
rules,100206,1.0,0,0,True
rules,103531,1.0,0,0,True
rules,105749,1.0,0,0,True
rules,103805,1.0,0,0,True
rules,105739,1.0,0,0,True
rules,100065,1.0,0,0,True
rules,101634,1.0,0,0,True
rules,101046,1.0,0,0,True
rules,105464,1.0,0,0,True
rules,104085,1.0,0,0,True
rules,105252,1.0,0,0,True
rules,104768,1.0,0,0,True
rules,103942,1.0,0,0,True
rules,101327,1.0,0,0,True
rules,104652,1.0,0,0,True
rules,102507,1.0,0,0,True
rules,102931,1.0,0,0,True
rules,101676,1.0,0,0,True
rules,105335,1.0,0,0,True
rules,104829,1.0,0,0,True
rules,102167,1.0,0,0,True
rules,104622,1.0,0,0,True
rules,102144,1.0,0,0,True
rules,105346,1.0,0,0,True
rules,105971,1.0,0,0,True
rules,105930,1.0,0,0,True
rules,105671,1.0,0,0,True
rules,100151,1.0,0,0,True
rules,104185,1.0,0,0,True
rules,105110,1.0,0,0,True
rules,102967,1.0,0,0,True
rules,105221,1.0,0,0,True
rules,100384,1.0,0,0,True
rules,102328,1.0,0,0,True
rules,105927,1.0,0,0,True
rules,102933,1.0,0,0,True
rules,105592,1.0,0,0,True
rules,105463,1.0,0,0,True
rules,103756,1.0,0,0,True
rules,105668,1.0,0,0,True
rules,104489,1.0,0,0,True
rules,102867,1.0,0,0,True
rules,104144,1.0,0,0,True
rules,104619,1.0,0,0,True
rules,103175,1.0,0,0,True
rules,104770,1.0,0,0,True
rules,100696,1.0,0,0,True
rules,104769,1.0,0,0,True
rules,105678,1.0,0,0,True
rules,105821,1.0,0,0,True
rules,103329,1.0,0,0,True
rules,100039,1.0,0,0,True
rules,105667,1.0,0,0,True
rules,105304,1.0,0,0,True
rules,104671,1.0,0,0,True
rules,105743,1.0,0,0,True
rules,102526,1.0,0,0,True
rules,104416,1.0,0,0,True
rules,100543,1.0,0,0,True
rules,101496,1.0,0,0,True
rules,102730,1.0,0,0,True
rules,100135,1.0,0,0,True
rules,101080,1.0,0,0,True
rules,100160,1.0,0,0,True
rules,105539,1.0,0,0,True
rules,101792,1.0,0,0,True
rules,105268,1.0,0,0,True
rules,103116,1.0,0,0,True
rules,105929,1.0,0,0,True
rules,104848,1.0,0,0,True
rules,102731,1.0,0,0,True
rules,103181,1.0,0,0,True
rules,101232,1.0,0,0,True
rules,101933,1.0,0,0,True
rules,101174,1.0,0,0,True
rules,100792,1.0,0,0,True
rules,101162,1.0,0,0,True
rules,100545,1.0,0,0,True
rules,105864,1.0,0,0,True
rules,104895,1.0,0,0,True
rules,104364,1.0,0,0,True
rules,104310,1.0,0,0,True
rules,101458,1.0,0,0,True
rules,105988,1.0,0,0,True
rules,104714,1.0,0,0,True
rules,105979,1.0,0,0,True
rules,103054,1.0,0,0,True
rules,104370,1.0,0,0,True
rules,100385,1.0,0,0,True
rules,103462,1.0,0,0,True
rules,105423,1.0,0,0,True
rules,105819,1.0,0,0,True
rules,105721,1.0,0,0,True
rules,103106,1.0,0,0,True
rules,104338,1.0,0,0,True
rules,103386,1.0,0,0,True
rules,105555,1.0,0,0,True
rules,104976,1.0,0,0,True
rules,105248,1.0,0,0,True
rules,104818,1.0,0,0,True
rules,103530,1.0,0,0,True
rules,105723,1.0,0,0,True
rules,105090,1.0,0,0,True
rules,102943,1.0,0,0,True
rules,104893,1.0,0,0,True
rules,105982,1.0,0,0,True
rules,105649,1.0,0,0,True
rules,103830,1.0,0,0,True
rules,104701,1.0,0,0,True
rules,103459,1.0,0,0,True
rules,104491,1.0,0,0,True
rules,104490,1.0,0,0,True
rules,106168,1.0,0,0,True
rules,102551,1.0,0,0,True
rules,105182,1.0,0,0,True
rules,100909,1.0,0,0,True
rules,105637,1.0,0,0,True
rules,103976,1.0,0,0,True
rules,104772,1.0,0,0,True
rules,100076,1.0,0,0,True
rules,105670,1.0,0,0,True
rules,106076,1.0,0,0,True
rules,105861,1.0,0,0,True
rules,100911,1.0,0,0,True
rules,104703,1.0,0,0,True
rules,100876,1.0,0,0,True
rules,105860,1.0,0,0,True
rules,100531,1.0,0,0,True
rules,105720,1.0,0,0,True
rules,102477,1.0,0,0,True
rules,103129,1.0,0,0,True
rules,106054,1.0,0,0,True
rules,104634,1.0,0,0,True
rules,103008,1.0,0,0,True
rules,105702,1.0,0,0,True
rules,101686,1.0,0,0,True
rules,103549,1.0,0,0,True
rules,100778,1.0,0,0,True
rules,105811,1.0,0,0,True
rules,101935,1.0,0,0,True
rules,105598,1.0,0,0,True
rules,105748,1.0,0,0,True
rules,104373,1.0,0,0,True
rules,101603,1.0,0,0,True
rules,103812,1.0,0,0,True
rules,102732,1.0,0,0,True
rules,101340,1.0,0,0,True
rules,105353,1.0,0,0,True
rules,102283,1.0,0,0,True
rules,100854,1.0,0,0,True
rules,102957,1.0,0,0,True
rules,102121,1.0,0,0,True
rules,103313,1.0,0,0,True
rules,103699,1.0,0,0,True
rules,100232,1.0,0,0,True
rules,104630,1.0,0,0,True
rules,103752,1.0,0,0,True
rules,105554,1.0,0,0,True
rules,101083,1.0,0,0,True
rules,105808,1.0,0,0,True
rules,102474,1.0,0,0,True
rules,102733,1.0,0,0,True
rules,103458,1.0,0,0,True
rules,102734,1.0,0,0,True
rules,102515,1.0,0,0,True
rules,105719,1.0,0,0,True
rules,101646,1.0,0,0,True
rules,105526,1.0,0,0,True
rules,103446,1.0,0,0,True
rules,105596,1.0,0,0,True
rules,105696,1.0,0,0,True
rules,105483,1.0,0,0,True
rules,105052,1.0,0,0,True
rules,102145,1.0,0,0,True
rules,103698,1.0,0,0,True
rules,101024,1.0,0,0,True
rules,105494,1.0,0,0,True
rules,100116,1.0,0,0,True
rules,102917,1.0,0,0,True
rules,104812,1.0,0,0,True
rules,101053,1.0,0,0,True
rules,105321,1.0,0,0,True
rules,106131,1.0,0,0,True
rules,101031,1.0,0,0,True
rules,105886,1.0,0,0,True
rules,105562,1.0,0,0,True
rules,100554,1.0,0,0,True
rules,105534,1.0,0,0,True
rules,101717,1.0,0,0,True
rules,100412,1.0,0,0,True
rules,100411,1.0,0,0,True
rules,104452,1.0,0,0,True
rules,105879,1.0,0,0,True
rules,105602,1.0,0,0,True
rules,101136,1.0,0,0,True
rules,104362,1.0,0,0,True
rules,105303,1.0,0,0,True
rules,101687,1.0,0,0,True
rules,104690,1.0,0,0,True
rules,101778,1.0,0,0,True
rules,106027,1.0,0,0,True
rules,105853,1.0,0,0,True
rules,105855,1.0,0,0,True
rules,105261,1.0,0,0,True
rules,104064,1.0,0,0,True
rules,104888,1.0,0,0,True
rules,103697,1.0,0,0,True
rules,102384,1.0,0,0,True
rules,106075,1.0,0,0,True
rules,105323,1.0,0,0,True
rules,105484,1.0,0,0,True
rules,102217,1.0,0,0,True
rules,106077,1.0,0,0,True
rules,101741,1.0,0,0,True
rules,105737,1.0,0,0,True
rules,103862,1.0,0,0,True
rules,100163,1.0,0,0,True
rules,102942,1.0,0,0,True
rules,104852,1.0,0,0,True
rules,101456,1.0,0,0,True
rules,105486,1.0,0,0,True
rules,105173,1.0,0,0,True
rules,105060,1.0,0,0,True
rules,100486,1.0,0,0,True
rules,102767,1.0,0,0,True
rules,102963,1.0,0,0,True
rules,103273,1.0,0,0,True
rules,103951,1.0,0,0,True
rules,103949,1.0,0,0,True
rules,102146,1.0,0,0,True
rules,102046,1.0,0,0,True
rules,104704,1.0,0,0,True
rules,100231,1.0,0,0,True
rules,100275,1.0,0,0,True
rules,103390,1.0,0,0,True
rules,105812,1.0,0,0,True
rules,102048,1.0,0,0,True
rules,103694,1.0,0,0,True
rules,103094,1.0,0,0,True
rules,105485,1.0,0,0,True
rules,101358,1.0,0,0,True
rules,105492,1.0,0,0,True
rules,105856,1.0,0,0,True
rules,102735,1.0,0,0,True
rules,101934,1.0,0,0,True
rules,104689,1.0,0,0,True
rules,105601,1.0,0,0,True
rules,104700,1.0,0,0,True
rules,101262,1.0,0,0,True
rules,106152,1.0,0,0,True
rules,104702,1.0,0,0,True
rules,104412,1.0,0,0,True
rules,104413,1.0,0,0,True
rules,104414,1.0,0,0,True
rules,104415,1.0,0,0,True
rules,101244,1.0,0,0,True
rules,103272,1.0,0,0,True
rules,104960,1.0,0,0,True
rules,105571,1.0,0,0,True
rules,101487,1.0,0,0,True
rules,102396,1.0,0,0,True
rules,101274,1.0,0,0,True
rules,106059,1.0,0,0,True
rules,104101,1.0,0,0,True
rules,104236,1.0,0,0,True
rules,100367,1.0,0,0,True
rules,100010,1.0,0,0,True
rules,103306,1.0,0,0,True
rules,101347,1.0,0,0,True
rules,101142,1.0,0,0,True
rules,102611,1.0,0,0,True
rules,104624,1.0,0,0,True
rules,101962,1.0,0,0,True
rules,104180,1.0,0,0,True
rules,104591,1.0,0,0,True
rules,105097,1.0,0,0,True
rules,101158,1.0,0,0,True
rules,100929,1.0,0,0,True
rules,106033,1.0,0,0,True
rules,100584,1.0,0,0,True
rules,105281,1.0,0,0,True
rules,100977,1.0,0,0,True
rules,103224,1.0,0,0,True
rules,100466,1.0,0,0,True
rules,103190,1.0,0,0,True
rules,104315,1.0,0,0,True
rules,100567,1.0,0,0,True
rules,100028,1.0,0,0,True
rules,102638,1.0,0,0,True
rules,104314,1.0,0,0,True
rules,106002,1.0,0,0,True
rules,101248,1.0,0,0,True
rules,103099,1.0,0,0,True
rules,103607,1.0,0,0,True
rules,104738,1.0,0,0,True
rules,101469,1.0,0,0,True
rules,105506,1.0,0,0,True
rules,104665,1.0,0,0,True
rules,104513,1.0,0,0,True
rules,100733,1.0,0,0,True
rules,101045,1.0,0,0,True
rules,104046,1.0,0,0,True
rules,100705,1.0,0,0,True
rules,105616,1.0,0,0,True
rules,100164,1.0,0,0,True
rules,101134,1.0,0,0,True
rules,100117,1.0,0,0,True
rules,100730,1.0,0,0,True
rules,105254,1.0,0,0,True
rules,105073,1.0,0,0,True
rules,102663,1.0,0,0,True
rules,103911,1.0,0,0,True
rules,103782,1.0,0,0,True
rules,100557,1.0,0,0,True
rules,100921,1.0,0,0,True
rules,104446,1.0,0,0,True
rules,102948,1.0,0,0,True
rules,103301,1.0,0,0,True
rules,102918,1.0,0,0,True
rules,102156,1.0,0,0,True
rules,100875,1.0,0,0,True
rules,105797,1.0,0,0,True
rules,102576,1.0,0,0,True
rules,103596,1.0,0,0,True
rules,102689,1.0,0,0,True
rules,100040,1.0,0,0,True
rules,104294,1.0,0,0,True
rules,105348,1.0,0,0,True
rules,106140,1.0,0,0,True
rules,103986,1.0,0,0,True
rules,104166,1.0,0,0,True
rules,103220,1.0,0,0,True
rules,105954,1.0,0,0,True
rules,104427,1.0,0,0,True
rules,105063,1.0,0,0,True
rules,103215,1.0,0,0,True
rules,102660,1.0,0,0,True
rules,105932,1.0,0,0,True
rules,100987,1.0,0,0,True
rules,104723,1.0,0,0,True
rules,105375,1.0,0,0,True
rules,105211,1.0,0,0,True
rules,100413,1.0,0,0,True
rules,101488,1.0,0,0,True
rules,101756,1.0,0,0,True
rules,100226,1.0,0,0,True
rules,102713,1.0,0,0,True
rules,105307,1.0,0,0,True
rules,105439,1.0,0,0,True
rules,102640,1.0,0,0,True
rules,102383,1.0,0,0,True
rules,102798,1.0,0,0,True
rules,105659,1.0,0,0,True
rules,106136,1.0,0,0,True
rules,105923,1.0,0,0,True
rules,100092,1.0,0,0,True
rules,102098,1.0,0,0,True
rules,105019,1.0,0,0,True
rules,104063,1.0,0,0,True
rules,104308,1.0,0,0,True
rules,104443,1.0,0,0,True
rules,100891,1.0,0,0,True
rules,103442,1.0,0,0,True
rules,101364,1.0,0,0,True
rules,100967,1.0,0,0,True
rules,101795,1.0,0,0,True
rules,100203,1.0,0,0,True
rules,105999,1.0,0,0,True
rules,103206,1.0,0,0,True
rules,105208,1.0,0,0,True
rules,104515,1.0,0,0,True
rules,105001,1.0,0,0,True
rules,102330,1.0,0,0,True
rules,105308,1.0,0,0,True
rules,106026,1.0,0,0,True
rules,101373,1.0,0,0,True
rules,104659,1.0,0,0,True
rules,103323,1.0,0,0,True
rules,102461,1.0,0,0,True
rules,104499,1.0,0,0,True
rules,101241,1.0,0,0,True
rules,104183,1.0,0,0,True
rules,100073,1.0,0,0,True
rules,105148,1.0,0,0,True
rules,100417,1.0,0,0,True
rules,105414,1.0,0,0,True
rules,103863,1.0,0,0,True
rules,104471,1.0,0,0,True
rules,105549,1.0,0,0,True
rules,101215,1.0,0,0,True
rules,103346,1.0,0,0,True
rules,101498,1.0,0,0,True
rules,102169,1.0,0,0,True
rules,101561,1.0,0,0,True
rules,104450,1.0,0,0,True
rules,103420,1.0,0,0,True
rules,100333,1.0,0,0,True
rules,104291,1.0,0,0,True
rules,101427,1.0,0,0,True
rules,105480,1.0,0,0,True
rules,102999,1.0,0,0,True
rules,104889,1.0,0,0,True
rules,102593,1.0,0,0,True
rules,101575,1.0,0,0,True
rules,100344,1.0,0,0,True
rules,101516,1.0,0,0,True
rules,104357,1.0,0,0,True
rules,100266,1.0,0,0,True
rules,100286,1.0,0,0,True
rules,105590,1.0,0,0,True
rules,105518,1.0,0,0,True
rules,103038,1.0,0,0,True
rules,102375,1.0,0,0,True
rules,103708,1.0,0,0,True
rules,103505,1.0,0,0,True
rules,104724,1.0,0,0,True
rules,105276,1.0,0,0,True
rules,105402,1.0,0,0,True
rules,100915,1.0,0,0,True
rules,102908,1.0,0,0,True
rules,103461,1.0,0,0,True
rules,100150,1.0,0,0,True
rules,101217,1.0,0,0,True
rules,100759,1.0,0,0,True
rules,100652,1.0,0,0,True
rules,100440,1.0,0,0,True
rules,100646,1.0,0,0,True
rules,100820,1.0,0,0,True
rules,103100,1.0,0,0,True
rules,101337,1.0,0,0,True
rules,104115,1.0,0,0,True
rules,105639,1.0,0,0,True
rules,105075,1.0,0,0,True
rules,106013,1.0,0,0,True
rules,100811,1.0,0,0,True
rules,102536,1.0,0,0,True
rules,102029,1.0,0,0,True
rules,105983,1.0,0,0,True
rules,103238,1.0,0,0,True
rules,105004,1.0,0,0,True
rules,105966,1.0,0,0,True
rules,105177,1.0,0,0,True
rules,103315,1.0,0,0,True
rules,100260,1.0,0,0,True
rules,105142,1.0,0,0,True
rules,105724,1.0,0,0,True
rules,102079,1.0,0,0,True
rules,103948,1.0,0,0,True
rules,103817,1.0,0,0,True
rules,100736,1.0,0,0,True
rules,101986,1.0,0,0,True
rules,102958,1.0,0,0,True
rules,103144,1.0,0,0,True
rules,101904,1.0,0,0,True
rules,102581,1.0,0,0,True
rules,101930,1.0,0,0,True
rules,102286,1.0,0,0,True
rules,103822,1.0,0,0,True
rules,103105,1.0,0,0,True
rules,100179,1.0,0,0,True
rules,100264,1.0,0,0,True
rules,100293,1.0,0,0,True
rules,105529,1.0,0,0,True
rules,104952,1.0,0,0,True
rules,104595,1.0,0,0,True
rules,105498,1.0,0,0,True
rules,100014,1.0,0,0,True
rules,106101,1.0,0,0,True
rules,102401,1.0,0,0,True
rules,105467,1.0,0,0,True
rules,103126,1.0,0,0,True
rules,102172,1.0,0,0,True
rules,105843,1.0,0,0,True
rules,101474,1.0,0,0,True
rules,105796,1.0,0,0,True
rules,103056,1.0,0,0,True
rules,101243,1.0,0,0,True
rules,105928,1.0,0,0,True
rules,105503,1.0,0,0,True
rules,103397,1.0,0,0,True
rules,104484,1.0,0,0,True
rules,102185,1.0,0,0,True
rules,100031,1.0,0,0,True
rules,103930,1.0,0,0,True
rules,101087,1.0,0,0,True
rules,100490,1.0,0,0,True
rules,101440,1.0,0,0,True
rules,102539,1.0,0,0,True
rules,105866,1.0,0,0,True
rules,101842,1.0,0,0,True
rules,103542,1.0,0,0,True
rules,101220,1.0,0,0,True
rules,102296,1.0,0,0,True
rules,101880,1.0,0,0,True
rules,100337,1.0,0,0,True
rules,101690,1.0,0,0,True
rules,102301,1.0,0,0,True
rules,101535,1.0,0,0,True
rules,104898,1.0,0,0,True
rules,103113,1.0,0,0,True
rules,105330,1.0,0,0,True
rules,102980,1.0,0,0,True
rules,102865,1.0,0,0,True
rules,100924,1.0,0,0,True
rules,105473,1.0,0,0,True
rules,100589,1.0,0,0,True
rules,100459,1.0,0,0,True
rules,105692,1.0,0,0,True
rules,101355,1.0,0,0,True
rules,101683,1.0,0,0,True
rules,101924,1.0,0,0,True
rules,104730,1.0,0,0,True
rules,104807,1.0,0,0,True
rules,101401,1.0,0,0,True
rules,100077,1.0,0,0,True
rules,100823,1.0,0,0,True
rules,100680,1.0,0,0,True
rules,104539,1.0,0,0,True
rules,105388,1.0,0,0,True
rules,103375,1.0,0,0,True
rules,100719,1.0,0,0,True
rules,100598,1.0,0,0,True
rules,100643,1.0,0,0,True
rules,101282,1.0,0,0,True
rules,100127,1.0,0,0,True
rules,103480,1.0,0,0,True
rules,104302,1.0,0,0,True
rules,100648,1.0,0,0,True
rules,103562,1.0,0,0,True
rules,105145,1.0,0,0,True
rules,100757,1.0,0,0,True
rules,106023,1.0,0,0,True
rules,104939,1.0,0,0,True
rules,100345,1.0,0,0,True
rules,100727,1.0,0,0,True
rules,103974,1.0,0,0,True
rules,100201,1.0,0,0,True
rules,104614,1.0,0,0,True
rules,104290,1.0,0,0,True
rules,101744,1.0,0,0,True
rules,104441,1.0,0,0,True
rules,106162,1.0,0,0,True
rules,104663,1.0,0,0,True
rules,104155,1.0,0,0,True
rules,100574,1.0,0,0,True
rules,103271,1.0,0,0,True
rules,103938,1.0,0,0,True
rules,105174,1.0,0,0,True
rules,102189,1.0,0,0,True
rules,105859,1.0,0,0,True
rules,105852,1.0,0,0,True
rules,101412,1.0,0,0,True
rules,104211,1.0,0,0,True
rules,100611,1.0,0,0,True
rules,101829,1.0,0,0,True
rules,103274,1.0,0,0,True
rules,103457,1.0,0,0,True
rules,103421,1.0,0,0,True
rules,102619,1.0,0,0,True
rules,105502,1.0,0,0,True
rules,105896,1.0,0,0,True
rules,103515,1.0,0,0,True
rules,104946,1.0,0,0,True
rules,104333,1.0,0,0,True
rules,100493,1.0,0,0,True
rules,102686,1.0,0,0,True
rules,102489,1.0,0,0,True
rules,100050,1.0,0,0,True
rules,100982,1.0,0,0,True
rules,105594,1.0,0,0,True
rules,104326,1.0,0,0,True
rules,101349,1.0,0,0,True
rules,104060,1.0,0,0,True
rules,104419,1.0,0,0,True
rules,102916,1.0,0,0,True
rules,101742,1.0,0,0,True
rules,103502,1.0,0,0,True
rules,104157,1.0,0,0,True
rules,105605,1.0,0,0,True
rules,105202,1.0,0,0,True
rules,105320,1.0,0,0,True
rules,103289,1.0,0,0,True
rules,100839,1.0,0,0,True
rules,105104,1.0,0,0,True
rules,100566,1.0,0,0,True
rules,103703,1.0,0,0,True
rules,100124,1.0,0,0,True
rules,105537,1.0,0,0,True
rules,104353,1.0,0,0,True
rules,102826,1.0,0,0,True
rules,104292,1.0,0,0,True
rules,104192,1.0,0,0,True
rules,100793,1.0,0,0,True
rules,106040,1.0,0,0,True
rules,105718,1.0,0,0,True
rules,104831,1.0,0,0,True
rules,104707,1.0,0,0,True
rules,100660,1.0,0,0,True
rules,100779,1.0,0,0,True
rules,100377,1.0,0,0,True
rules,104971,1.0,0,0,True
rules,100561,1.0,0,0,True
rules,101362,1.0,0,0,True
rules,101179,1.0,0,0,True
rules,101486,1.0,0,0,True
rules,103832,1.0,0,0,True
rules,105835,1.0,0,0,True
rules,106167,1.0,0,0,True
rules,104306,1.0,0,0,True
rules,101430,1.0,0,0,True
rules,102318,1.0,0,0,True
rules,101460,1.0,0,0,True
rules,100607,1.0,0,0,True
rules,101247,1.0,0,0,True
rules,104781,1.0,0,0,True
rules,106125,1.0,0,0,True
rules,100339,1.0,0,0,True
rules,103890,1.0,0,0,True
rules,104795,1.0,0,0,True
rules,103768,1.0,0,0,True
rules,105404,1.0,0,0,True
rules,103912,1.0,0,0,True
rules,100154,1.0,0,0,True
rules,105459,1.0,0,0,True
rules,102697,1.0,0,0,True
rules,100508,1.0,0,0,True
rules,103379,1.0,0,0,True
rules,106157,1.0,0,0,True
rules,102406,1.0,0,0,True
rules,100035,1.0,0,0,True
rules,102307,1.0,0,0,True
rules,100678,1.0,0,0,True
rules,105169,1.0,0,0,True
rules,101884,1.0,0,0,True
rules,100959,1.0,0,0,True
rules,101538,1.0,0,0,True
rules,104994,1.0,0,0,True
rules,101376,1.0,0,0,True
rules,102971,1.0,0,0,True
rules,103266,1.0,0,0,True
rules,103199,1.0,0,0,True
rules,101285,1.0,0,0,True
rules,100511,1.0,0,0,True
rules,102583,1.0,0,0,True
rules,101908,1.0,0,0,True
rules,105732,1.0,0,0,True
rules,104792,1.0,0,0,True
rules,102420,1.0,0,0,True
rules,102805,1.0,0,0,True
rules,106098,1.0,0,0,True
rules,105595,1.0,0,0,True
rules,106080,1.0,0,0,True
rules,105580,1.0,0,0,True
rules,105236,1.0,0,0,True
rules,103994,1.0,0,0,True
rules,103453,1.0,0,0,True
rules,101545,1.0,0,0,True
rules,100291,1.0,0,0,True
rules,105493,1.0,0,0,True
rules,104638,1.0,0,0,True
rules,104132,1.0,0,0,True
rules,101514,1.0,0,0,True
rules,100069,1.0,0,0,True
rules,100278,1.0,0,0,True
rules,105267,1.0,0,0,True
rules,101776,1.0,0,0,True
rules,105023,1.0,0,0,True
rules,102309,1.0,0,0,True
rules,103432,1.0,0,0,True
rules,102983,1.0,0,0,True
rules,105617,1.0,0,0,True
rules,100754,1.0,0,0,True
rules,103943,1.0,0,0,True
rules,104110,1.0,0,0,True
rules,100078,1.0,0,0,True
rules,100855,1.0,0,0,True
rules,105942,1.0,0,0,True
rules,102627,1.0,0,0,True
rules,101251,1.0,0,0,True
rules,103575,1.0,0,0,True
rules,101992,1.0,0,0,True
rules,102271,1.0,0,0,True
rules,102439,1.0,0,0,True
rules,101936,1.0,0,0,True
rules,100054,1.0,0,0,True
rules,103742,1.0,0,0,True
rules,106119,1.0,0,0,True
rules,101578,1.0,0,0,True
rules,104411,1.0,0,0,True
rules,103254,1.0,0,0,True
rules,105784,1.0,0,0,True
rules,105187,1.0,0,0,True
rules,101810,1.0,0,0,True
rules,101850,1.0,0,0,True
rules,104401,1.0,0,0,True
rules,102616,1.0,0,0,True
rules,104979,1.0,0,0,True
rules,104885,1.0,0,0,True
rules,105491,1.0,0,0,True
rules,100892,1.0,0,0,True
rules,103090,1.0,0,0,True
rules,100985,1.0,0,0,True
rules,103059,1.0,0,0,True
rules,103803,1.0,0,0,True
rules,104790,1.0,0,0,True
rules,100172,1.0,0,0,True
rules,105556,1.0,0,0,True
rules,101312,1.0,0,0,True
rules,103358,1.0,0,0,True
rules,103297,1.0,0,0,True
rules,105997,1.0,0,0,True
rules,101956,1.0,0,0,True
rules,105434,1.0,0,0,True
rules,100729,1.0,0,0,True
rules,102568,1.0,0,0,True
rules,101015,1.0,0,0,True
rules,105183,1.0,0,0,True
rules,105658,1.0,0,0,True
rules,103729,1.0,0,0,True
rules,100270,1.0,0,0,True
rules,101668,1.0,0,0,True
rules,102159,1.0,0,0,True
rules,100688,1.0,0,0,True
rules,105640,1.0,0,0,True
rules,102763,1.0,0,0,True
rules,101896,1.0,0,0,True
rules,104554,1.0,0,0,True
rules,106058,1.0,0,0,True
rules,100492,1.0,0,0,True
rules,104857,1.0,0,0,True
rules,102914,1.0,0,0,True
rules,103310,1.0,0,0,True
rules,100714,1.0,0,0,True
rules,105767,1.0,0,0,True
rules,101791,1.0,0,0,True
rules,100170,1.0,0,0,True
rules,100109,1.0,0,0,True
rules,100019,1.0,0,0,True
rules,101967,1.0,0,0,True
rules,105233,1.0,0,0,True
rules,100889,1.0,0,0,True
rules,102220,1.0,0,0,True
rules,101860,1.0,0,0,True
rules,102520,1.0,0,0,True
rules,104677,1.0,0,0,True
rules,101647,1.0,0,0,True
rules,101017,1.0,0,0,True
rules,104430,1.0,0,0,True
rules,100438,1.0,0,0,True
rules,106048,1.0,0,0,True
rules,105341,1.0,0,0,True
rules,102064,1.0,0,0,True
rules,102176,1.0,0,0,True
rules,101923,1.0,0,0,True
rules,100276,1.0,0,0,True
rules,104045,1.0,0,0,True
rules,103489,1.0,0,0,True
rules,105760,1.0,0,0,True
byt5,100593,1.0,0,0,True
byt5,102033,1.0,0,0,True
byt5,101149,1.0,0,0,True
byt5,101313,1.0,0,0,True
byt5,101585,1.0,0,0,True
byt5,104924,1.0,0,0,True
byt5,106079,1.0,0,0,True
byt5,105931,1.0,0,0,True
byt5,104757,1.0,0,0,True
byt5,103586,1.0,0,0,True
byt5,103548,1.0,0,0,True
byt5,104692,1.0,0,0,True
byt5,102024,1.0,0,0,True
byt5,103929,1.0,0,0,True
byt5,104265,1.0,0,0,True
byt5,102906,1.0,0,0,True
byt5,104548,1.0,0,0,True
byt5,101168,1.0,0,0,True
byt5,102993,1.0,0,0,True
byt5,101893,1.0,0,0,True
byt5,102772,1.0,0,0,True
byt5,102259,1.0,0,0,True
byt5,102158,1.0,0,0,True
byt5,105204,1.0,0,0,True
byt5,103248,1.0,0,0,True
byt5,100864,1.0,0,0,True
byt5,100865,1.0,0,0,True
byt5,101636,1.0,0,0,True
byt5,101849,1.0,0,0,True
byt5,104993,1.0,0,0,True
byt5,102708,1.0,0,0,True
byt5,102630,1.0,0,0,True
byt5,104153,1.0,0,0,True
byt5,104844,1.0,0,0,True
byt5,102095,1.0,0,0,True
byt5,105838,1.0,0,0,True
byt5,103997,1.0,0,0,True
byt5,102815,1.0,0,0,True
byt5,101183,1.0,0,0,True
byt5,105259,1.0,0,0,True
byt5,100903,1.0,0,0,True
byt5,102021,1.0,0,0,True
byt5,100082,1.0,0,0,True
byt5,103944,1.0,0,0,True
byt5,102766,1.0,0,0,True
byt5,101308,1.0,0,0,True
byt5,103559,1.0,0,0,True
byt5,101187,1.0,0,0,True
byt5,100919,1.0,0,0,True
byt5,102201,1.0,0,0,True
byt5,102979,1.0,0,0,True
byt5,106164,1.0,0,0,True
byt5,104639,1.0,0,0,True
byt5,100036,1.0,0,0,True
byt5,105436,1.0,0,0,True
byt5,103889,1.0,0,0,True
byt5,104645,1.0,0,0,True
byt5,103365,1.0,0,0,True
byt5,100025,1.0,0,0,True
byt5,104961,1.0,0,0,True
byt5,103452,1.0,0,0,True
byt5,101451,1.0,0,0,True
byt5,105198,1.0,0,0,True
byt5,102717,1.0,0,0,True
byt5,102655,1.0,0,0,True
byt5,104749,1.0,0,0,True
byt5,102055,1.0,0,0,True
byt5,100914,1.0,0,0,True
byt5,100681,1.0,0,0,True
byt5,105291,1.0,0,0,True
byt5,101103,1.0,0,0,True
byt5,101055,1.0,0,0,True
byt5,104393,1.0,0,0,True
byt5,103819,1.0,0,0,True
byt5,100995,1.0,0,0,True
byt5,103656,1.0,0,0,True
byt5,101233,1.0,0,0,True
byt5,104558,1.0,0,0,True
byt5,102561,1.0,0,0,True
byt5,102412,1.0,0,0,True
byt5,104868,1.0,0,0,True
byt5,104526,1.0,0,0,True
byt5,101623,1.0,0,0,True
byt5,101422,1.0,0,0,True
byt5,105585,1.0,0,0,True
byt5,100771,1.0,0,0,True
byt5,100525,1.0,0,0,True
byt5,100453,1.0,0,0,True
byt5,104028,1.0,0,0,True
byt5,100822,1.0,0,0,True
byt5,104035,1.0,0,0,True
byt5,100559,1.0,0,0,True
byt5,105567,1.0,0,0,True
byt5,102787,1.0,0,0,True
byt5,102284,1.0,0,0,True
byt5,102190,1.0,0,0,True
byt5,105787,1.0,0,0,True
byt5,101139,1.0,0,0,True
byt5,100068,1.0,0,0,True
byt5,105284,1.0,0,0,True
byt5,102001,1.0,0,0,True
byt5,102265,1.0,0,0,True
byt5,104569,1.0,0,0,True
byt5,101000,1.0,0,0,True
byt5,104846,1.0,0,0,True
byt5,105839,1.0,0,0,True
byt5,102000,1.0,0,0,True
byt5,100250,1.0,0,0,True
byt5,105854,1.0,0,0,True
byt5,101891,1.0,0,0,True
byt5,104433,1.0,0,0,True
byt5,104128,1.0,0,0,True
byt5,105282,1.0,0,0,True
byt5,100555,1.0,0,0,True
byt5,104432,1.0,0,0,True
byt5,100519,1.0,0,0,True
byt5,104582,1.0,0,0,True
byt5,101002,1.0,0,0,True
byt5,101060,1.0,0,0,True
byt5,100089,1.0,0,0,True
byt5,102749,1.0,0,0,True
byt5,105887,1.0,0,0,True
byt5,100879,1.0,0,0,True
byt5,103098,1.0,0,0,True
byt5,106135,1.0,0,0,True
byt5,100659,1.0,0,0,True
byt5,104116,0.8125,3,0,True
byt5,100316,1.0,0,0,True
byt5,102386,1.0,0,0,True
byt5,105684,1.0,0,0,True
byt5,100113,1.0,0,0,True
byt5,104780,1.0,0,0,True
byt5,101632,1.0,0,0,True
byt5,105071,1.0,0,0,True
byt5,102077,1.0,0,0,True
byt5,101253,1.0,0,0,True
byt5,100009,1.0,0,0,True
byt5,105271,1.0,0,0,True
byt5,103927,1.0,0,0,True
byt5,103235,1.0,0,0,True
byt5,105454,1.0,0,0,True
byt5,105113,1.0,0,0,True
byt5,103510,1.0,0,0,True
byt5,103487,1.0,0,0,True
byt5,105217,1.0,0,0,True
byt5,100522,1.0,0,0,True
byt5,105993,1.0,0,0,True
byt5,105470,1.0,0,0,True
byt5,100187,1.0,0,0,True
byt5,101938,1.0,0,0,True
byt5,103960,1.0,0,0,True
byt5,102486,1.0,0,0,True
byt5,101803,1.0,0,0,True
byt5,104860,1.0,0,0,True
byt5,100165,1.0,0,0,True
byt5,105600,1.0,0,0,True
byt5,100667,1.0,0,0,True
byt5,102740,1.0,0,0,True
byt5,100238,1.0,0,0,True
byt5,102871,1.0,0,0,True
byt5,100767,1.0,0,0,True
byt5,100032,1.0,0,0,True
byt5,100797,1.0,0,0,True
byt5,103634,1.0,0,0,True
byt5,104784,1.0,0,0,True
byt5,104643,1.0,0,0,True
byt5,100269,1.0,0,0,True
byt5,102222,1.0,0,0,True
byt5,102775,1.0,0,0,True
byt5,101032,1.0,0,0,True
byt5,105965,1.0,0,0,True
byt5,103620,1.0,0,0,True
byt5,100296,1.0,0,0,True
byt5,104342,1.0,0,0,True
byt5,102356,1.0,0,0,True
byt5,101759,1.0,0,0,True
byt5,100358,1.0,0,0,True
byt5,100159,1.0,0,0,True
byt5,103156,1.0,0,0,True
byt5,103580,1.0,0,0,True
byt5,102592,1.0,0,0,True
byt5,103354,1.0,0,0,True
byt5,104440,1.0,0,0,True
byt5,106126,1.0,0,0,True
byt5,100634,1.0,0,0,True
byt5,103516,1.0,0,0,True
byt5,106014,1.0,0,0,True
byt5,104019,1.0,0,0,True
byt5,103319,1.0,0,0,True
byt5,101560,1.0,0,0,True
byt5,103954,1.0,0,0,True
byt5,103519,1.0,0,0,True
byt5,103550,1.0,0,0,True
byt5,101787,1.0,0,0,True
byt5,101814,1.0,0,0,True
byt5,106012,1.0,0,0,True
byt5,100176,1.0,0,0,True
byt5,105432,1.0,0,0,True
byt5,105926,1.0,0,0,True
byt5,104969,1.0,0,0,True
byt5,105014,1.0,0,0,True
byt5,105894,1.0,0,0,True
byt5,100338,1.0,0,0,True
byt5,104527,1.0,0,0,True
byt5,105040,1.0,0,0,True
byt5,104152,1.0,0,0,True
byt5,103211,1.0,0,0,True
byt5,101745,1.0,0,0,True
byt5,104204,1.0,0,0,True
byt5,104673,1.0,0,0,True
byt5,104345,1.0,0,0,True
byt5,103492,1.0,0,0,True
byt5,103242,1.0,0,0,True
byt5,104510,1.0,0,0,True
byt5,102969,1.0,0,0,True
byt5,101596,1.0,0,0,True
byt5,100963,1.0,0,0,True
byt5,100208,1.0,0,0,True
byt5,103275,1.0,0,0,True
byt5,105544,1.0,0,0,True
byt5,100952,1.0,0,0,True
byt5,102376,1.0,0,0,True
byt5,102319,1.0,0,0,True
byt5,100606,1.0,0,0,True
byt5,100625,1.0,0,0,True
byt5,105225,1.0,0,0,True
byt5,102382,1.0,0,0,True
byt5,100661,1.0,0,0,True
byt5,105789,1.0,0,0,True
byt5,101790,1.0,0,0,True
byt5,103026,1.0,0,0,True
byt5,105846,1.0,0,0,True
byt5,101947,1.0,0,0,True
byt5,102211,1.0,0,0,True
byt5,104761,1.0,0,0,True
byt5,100526,1.0,0,0,True
byt5,100852,1.0,0,0,True
byt5,101654,1.0,0,0,True
byt5,101385,1.0,0,0,True
byt5,101895,1.0,0,0,True
byt5,100374,1.0,0,0,True
byt5,106090,1.0,0,0,True
byt5,105629,1.0,0,0,True
byt5,102941,1.0,0,0,True
byt5,104779,1.0,0,0,True
byt5,105365,1.0,0,0,True
byt5,103737,1.0,0,0,True
byt5,100239,1.0,0,0,True
byt5,100251,1.0,0,0,True
byt5,100083,1.0,0,0,True
byt5,104896,1.0,0,0,True
byt5,106047,1.0,0,0,True
byt5,105984,1.0,0,0,True
byt5,106025,1.0,0,0,True
byt5,105452,1.0,0,0,True
byt5,102989,1.0,0,0,True
byt5,101857,1.0,0,0,True
byt5,103385,1.0,0,0,True
byt5,100866,1.0,0,0,True
byt5,103875,1.0,0,0,True
byt5,104238,1.0,0,0,True
byt5,100261,1.0,0,0,True
byt5,100563,1.0,0,0,True
byt5,104478,1.0,0,0,True
byt5,103416,1.0,0,0,True
byt5,101877,1.0,0,0,True
byt5,101616,1.0,0,0,True
byt5,101161,1.0,0,0,True
byt5,104712,1.0,0,0,True
byt5,101140,1.0,0,0,True
byt5,104193,1.0,0,0,True
byt5,104935,1.0,0,0,True
byt5,103809,1.0,0,0,True
byt5,106039,1.0,0,0,True
byt5,100544,1.0,0,0,True
byt5,104811,1.0,0,0,True
byt5,104635,1.0,0,0,True
byt5,103197,1.0,0,0,True
byt5,100093,1.0,0,0,True
byt5,102784,1.0,0,0,True
byt5,103884,1.0,0,0,True
byt5,104519,1.0,0,0,True
byt5,101890,1.0,0,0,True
byt5,103995,1.0,0,0,True
byt5,103640,1.0,0,0,True
byt5,103127,1.0,0,0,True
byt5,102267,1.0,0,0,True
byt5,103587,1.0,0,0,True
byt5,100152,1.0,0,0,True
byt5,105422,1.0,0,0,True
byt5,103362,1.0,0,0,True
byt5,101332,1.0,0,0,True
byt5,104560,1.0,0,0,True
byt5,104272,1.0,0,0,True
byt5,102646,1.0,0,0,True
byt5,103685,1.0,0,0,True
byt5,101871,1.0,0,0,True
byt5,101727,1.0,0,0,True
byt5,103380,1.0,0,0,True
byt5,104886,1.0,0,0,True
byt5,101894,1.0,0,0,True
byt5,105435,1.0,0,0,True
byt5,104553,1.0,0,0,True
byt5,105804,1.0,0,0,True
byt5,100812,0.7142857142857143,2,0,True
byt5,101902,1.0,0,0,True
byt5,100071,1.0,0,0,True
byt5,105729,1.0,0,0,True
byt5,105319,1.0,0,0,True
byt5,100011,1.0,0,0,True
byt5,105017,1.0,0,0,True
byt5,105067,1.0,0,0,True
byt5,101710,1.0,0,0,True
byt5,101471,1.0,0,0,True
byt5,100976,1.0,0,0,True
byt5,100066,1.0,0,0,True
byt5,104760,1.0,0,0,True
byt5,104074,1.0,0,0,True
byt5,105913,1.0,0,0,True
byt5,101081,1.0,0,0,True
byt5,105893,1.0,0,0,True
byt5,100063,1.0,0,0,True
byt5,105802,1.0,0,0,True
byt5,100450,1.0,0,0,True
byt5,102827,1.0,0,0,True
byt5,104517,1.0,0,0,True
byt5,102453,1.0,0,0,True
byt5,101870,1.0,0,0,True
byt5,101016,1.0,0,0,True
byt5,106049,1.0,0,0,True
byt5,103543,1.0,0,0,True
byt5,103044,1.0,0,0,True
byt5,101095,1.0,0,0,True
byt5,105018,1.0,0,0,True
byt5,104164,1.0,0,0,True
byt5,101839,1.0,0,0,True
byt5,103023,1.0,0,0,True
byt5,101079,1.0,0,0,True
byt5,103788,1.0,0,0,True
byt5,101114,1.0,0,0,True
byt5,105778,1.0,0,0,True
byt5,101078,1.0,0,0,True
byt5,103039,1.0,0,0,True
byt5,105176,1.0,0,0,True
byt5,104317,1.0,0,0,True
byt5,102952,1.0,0,0,True
byt5,101549,1.0,0,0,True
byt5,105805,1.0,0,0,True
byt5,104365,1.0,0,0,True
byt5,105944,1.0,0,0,True
byt5,104661,1.0,0,0,True
byt5,105803,1.0,0,0,True
byt5,101369,1.0,0,0,True
byt5,102022,1.0,0,0,True
byt5,101667,1.0,0,0,True
byt5,101007,1.0,0,0,True
byt5,104473,1.0,0,0,True
byt5,106005,1.0,0,0,True
byt5,106067,1.0,0,0,True
byt5,104980,1.0,0,0,True
byt5,104107,1.0,0,0,True
byt5,105469,1.0,0,0,True
byt5,105082,1.0,0,0,True
byt5,102759,1.0,0,0,True
byt5,100288,1.0,0,0,True
byt5,105311,1.0,0,0,True
byt5,105686,1.0,0,0,True
byt5,105941,1.0,0,0,True
byt5,105758,1.0,0,0,True
byt5,103425,1.0,0,0,True
byt5,104680,1.0,0,0,True
byt5,106015,1.0,0,0,True
byt5,105848,1.0,0,0,True
byt5,105137,1.0,0,0,True
byt5,102411,1.0,0,0,True
byt5,105482,1.0,0,0,True
byt5,104091,1.0,0,0,True
byt5,103030,1.0,0,0,True
byt5,105651,1.0,0,0,True
byt5,101310,1.0,0,0,True
byt5,101582,1.0,0,0,True
byt5,100546,1.0,0,0,True
byt5,102306,1.0,0,0,True
byt5,105685,1.0,0,0,True
byt5,102946,1.0,0,0,True
byt5,102004,1.0,0,0,True
byt5,104041,1.0,0,0,True
byt5,105158,1.0,0,0,True
byt5,105810,1.0,0,0,True
byt5,103905,1.0,0,0,True
byt5,105214,1.0,0,0,True
byt5,105080,1.0,0,0,True
byt5,104090,1.0,0,0,True
byt5,104599,1.0,0,0,True
byt5,101630,1.0,0,0,True
byt5,105021,1.0,0,0,True
byt5,104649,1.0,0,0,True
byt5,100594,1.0,0,0,True
byt5,104570,1.0,0,0,True
byt5,104678,1.0,0,0,True
byt5,100856,1.0,0,0,True
byt5,106146,1.0,0,0,True
byt5,104122,1.0,0,0,True
byt5,103024,1.0,0,0,True
byt5,101738,1.0,0,0,True
byt5,101670,1.0,0,0,True
byt5,104178,1.0,0,0,True
byt5,103630,1.0,0,0,True
byt5,101645,1.0,0,0,True
byt5,105283,1.0,0,0,True
byt5,101644,1.0,0,0,True
byt5,100157,1.0,0,0,True
byt5,102410,1.0,0,0,True
byt5,103079,1.0,0,0,True
byt5,105690,1.0,0,0,True
byt5,104962,1.0,0,0,True
byt5,103763,1.0,0,0,True
byt5,101428,1.0,0,0,True
byt5,100038,1.0,0,0,True
byt5,100618,1.0,0,0,True
byt5,102027,1.0,0,0,True
byt5,104959,1.0,0,0,True
byt5,104964,1.0,0,0,True
byt5,104963,1.0,0,0,True
byt5,101231,1.0,0,0,True
byt5,101455,1.0,0,0,True
byt5,102557,1.0,0,0,True
byt5,100257,1.0,0,0,True
byt5,105945,1.0,0,0,True
byt5,100001,1.0,0,0,True
byt5,101042,1.0,0,0,True
byt5,100458,1.0,0,0,True
byt5,105379,1.0,0,0,True
byt5,105433,1.0,0,0,True
byt5,100003,1.0,0,0,True
byt5,101254,1.0,0,0,True
byt5,105842,1.0,0,0,True
byt5,104802,1.0,0,0,True
byt5,105947,1.0,0,0,True
byt5,101037,1.0,0,0,True
byt5,101255,1.0,0,0,True
byt5,104777,1.0,0,0,True
byt5,102002,1.0,0,0,True
byt5,101342,1.0,0,0,True
byt5,105731,1.0,0,0,True
byt5,102707,1.0,0,0,True
byt5,105641,1.0,0,0,True
byt5,104175,1.0,0,0,True
byt5,105958,1.0,0,0,True
byt5,104259,1.0,0,0,True
byt5,105258,1.0,0,0,True
byt5,105138,1.0,0,0,True
byt5,105911,1.0,0,0,True
byt5,104474,1.0,0,0,True
byt5,101541,1.0,0,0,True
byt5,105742,1.0,0,0,True
byt5,100718,1.0,0,0,True
byt5,104182,1.0,0,0,True
byt5,100067,1.0,0,0,True
byt5,105950,1.0,0,0,True
byt5,101612,1.0,0,0,True
byt5,104823,1.0,0,0,True
byt5,104329,1.0,0,0,True
byt5,103327,1.0,0,0,True
byt5,101562,1.0,0,0,True
byt5,104658,1.0,0,0,True
byt5,105593,1.0,0,0,True
byt5,105634,1.0,0,0,True
byt5,105946,1.0,0,0,True
byt5,105949,1.0,0,0,True
byt5,105468,1.0,0,0,True
byt5,105948,1.0,0,0,True
byt5,105951,1.0,0,0,True
byt5,105228,1.0,0,0,True
byt5,102165,1.0,0,0,True
byt5,104923,1.0,0,0,True
byt5,105055,1.0,0,0,True
byt5,105314,1.0,0,0,True
byt5,104121,1.0,0,0,True
byt5,105471,1.0,0,0,True
byt5,105986,1.0,0,0,True
byt5,100913,1.0,0,0,True
byt5,105762,1.0,0,0,True
byt5,105447,1.0,0,0,True
byt5,103123,1.0,0,0,True
byt5,105255,1.0,0,0,True
byt5,103705,1.0,0,0,True
byt5,104545,1.0,0,0,True
byt5,101739,1.0,0,0,True
byt5,104572,1.0,0,0,True
byt5,104245,1.0,0,0,True
byt5,100207,1.0,0,0,True
byt5,104825,1.0,0,0,True
byt5,101581,1.0,0,0,True
byt5,102031,1.0,0,0,True
byt5,105730,1.0,0,0,True
byt5,105322,1.0,0,0,True
byt5,105849,1.0,0,0,True
byt5,105874,1.0,0,0,True
byt5,103041,1.0,0,0,True
byt5,104908,1.0,0,0,True
byt5,100908,1.0,0,0,True
byt5,100473,1.0,0,0,True
byt5,104487,1.0,0,0,True
byt5,101039,1.0,0,0,True
byt5,100917,1.0,0,0,True
byt5,104647,1.0,0,0,True
byt5,103424,1.0,0,0,True
byt5,100029,1.0,0,0,True
byt5,105102,1.0,0,0,True
byt5,105635,1.0,0,0,True
byt5,105338,1.0,0,0,True
byt5,105895,1.0,0,0,True
byt5,105847,1.0,0,0,True
byt5,103509,1.0,0,0,True
byt5,100030,1.0,0,0,True
byt5,104648,1.0,0,0,True
byt5,102789,1.0,0,0,True
byt5,104568,1.0,0,0,True
byt5,104087,1.0,0,0,True
byt5,104566,1.0,0,0,True
byt5,103322,1.0,0,0,True
byt5,104488,1.0,0,0,True
byt5,100617,1.0,0,0,True
byt5,105123,1.0,0,0,True
byt5,101459,1.0,0,0,True
byt5,102959,1.0,0,0,True
byt5,103631,1.0,0,0,True
byt5,104486,1.0,0,0,True
byt5,106118,1.0,0,0,True
byt5,105295,1.0,0,0,True
byt5,105669,1.0,0,0,True
byt5,105312,1.0,0,0,True
byt5,101757,1.0,0,0,True
byt5,100762,1.0,0,0,True
byt5,103791,1.0,0,0,True
byt5,103813,1.0,0,0,True
byt5,100697,1.0,0,0,True
byt5,102721,1.0,0,0,True
byt5,104083,1.0,0,0,True
byt5,105279,1.0,0,0,True
byt5,105834,1.0,0,0,True
byt5,106055,1.0,0,0,True
byt5,105973,1.0,0,0,True
byt5,102023,1.0,0,0,True
byt5,104109,1.0,0,0,True
byt5,103962,1.0,0,0,True
byt5,100457,1.0,0,0,True
byt5,103961,1.0,0,0,True
byt5,105387,1.0,0,0,True
byt5,105757,1.0,0,0,True
byt5,103293,1.0,0,0,True
byt5,102932,1.0,0,0,True
byt5,105579,1.0,0,0,True
byt5,105081,1.0,0,0,True
byt5,101716,1.0,0,0,True
byt5,102788,1.0,0,0,True
byt5,103963,1.0,0,0,True
byt5,101920,1.0,0,0,True
byt5,105386,1.0,0,0,True
byt5,105693,1.0,0,0,True
byt5,101580,1.0,0,0,True
byt5,105625,1.0,0,0,True
byt5,101551,1.0,0,0,True
byt5,102281,1.0,0,0,True
byt5,106145,1.0,0,0,True
byt5,105461,1.0,0,0,True
byt5,103965,1.0,0,0,True
byt5,105020,1.0,0,0,True
byt5,101093,1.0,0,0,True
byt5,100940,1.0,0,0,True
byt5,101675,1.0,0,0,True
byt5,103632,1.0,0,0,True
byt5,100942,1.0,0,0,True
byt5,102025,1.0,0,0,True
byt5,104485,1.0,0,0,True
byt5,106147,1.0,0,0,True
byt5,102028,1.0,0,0,True
byt5,104483,1.0,0,0,True
byt5,103454,1.0,0,0,True
byt5,105691,1.0,0,0,True
byt5,103906,1.0,0,0,True
byt5,105924,1.0,0,0,True
byt5,100941,1.0,0,0,True
byt5,106021,1.0,0,0,True
byt5,106053,1.0,0,0,True
byt5,105777,1.0,0,0,True
byt5,101184,1.0,0,0,True
byt5,104936,1.0,0,0,True
byt5,105820,1.0,0,0,True
byt5,104771,1.0,0,0,True
byt5,105347,1.0,0,0,True
byt5,102966,1.0,0,0,True
byt5,103959,1.0,0,0,True
byt5,105553,1.0,0,0,True
byt5,104585,1.0,0,0,True
byt5,102930,1.0,0,0,True
byt5,106116,1.0,0,0,True
byt5,105987,1.0,0,0,True
byt5,103112,1.0,0,0,True
byt5,105247,1.0,0,0,True
byt5,105345,1.0,0,0,True
byt5,103952,1.0,0,0,True
byt5,103950,1.0,0,0,True
byt5,102282,1.0,0,0,True
byt5,104567,1.0,0,0,True
byt5,100149,1.0,0,0,True
byt5,101579,1.0,0,0,True
byt5,101439,1.0,0,0,True
byt5,105722,1.0,0,0,True
byt5,104894,1.0,0,0,True
byt5,104369,1.0,0,0,True
byt5,105147,1.0,0,0,True
byt5,105689,1.0,0,0,True
byt5,103478,1.0,0,0,True
byt5,102047,1.0,0,0,True
byt5,102920,1.0,0,0,True
byt5,105818,1.0,0,0,True
byt5,103529,1.0,0,0,True
byt5,104699,1.0,0,0,True
byt5,102026,1.0,0,0,True
byt5,101138,1.0,0,0,True
byt5,105344,1.0,0,0,True
byt5,102143,1.0,0,0,True
byt5,105253,1.0,0,0,True
byt5,102915,1.0,0,0,True
byt5,104977,1.0,0,0,True
byt5,103527,1.0,0,0,True
byt5,102911,1.0,0,0,True
byt5,102357,1.0,0,0,True
byt5,103696,1.0,0,0,True
byt5,105027,1.0,0,0,True
byt5,101688,1.0,0,0,True
byt5,104108,1.0,0,0,True
byt5,102045,1.0,0,0,True
byt5,105747,1.0,0,0,True
byt5,103469,1.0,0,0,True
byt5,102378,1.0,0,0,True
byt5,101929,1.0,0,0,True
byt5,105741,1.0,0,0,True
byt5,105058,1.0,0,0,True
byt5,104127,1.0,0,0,True
byt5,103945,1.0,0,0,True
byt5,103165,1.0,0,0,True
byt5,102657,1.0,0,0,True
byt5,100536,1.0,0,0,True
byt5,103736,1.0,0,0,True
byt5,105841,1.0,0,0,True
byt5,105910,1.0,0,0,True
byt5,105840,1.0,0,0,True
byt5,101122,1.0,0,0,True
byt5,101416,1.0,0,0,True
byt5,100534,1.0,0,0,True
byt5,100064,1.0,0,0,True
byt5,100537,1.0,0,0,True
byt5,105430,1.0,0,0,True
byt5,103213,1.0,0,0,True
byt5,103019,1.0,0,0,True
byt5,106120,1.0,0,0,True
byt5,100998,1.0,0,0,True
byt5,104957,1.0,0,0,True
byt5,103687,1.0,0,0,True
byt5,103277,1.0,0,0,True
byt5,104143,1.0,0,0,True
byt5,105226,1.0,0,0,True
byt5,100535,1.0,0,0,True
byt5,101381,1.0,0,0,True
byt5,101730,1.0,0,0,True
byt5,102257,1.0,0,0,True
byt5,105478,1.0,0,0,True
byt5,101172,1.0,0,0,True
byt5,104037,1.0,0,0,True
byt5,101879,1.0,0,0,True
byt5,100989,1.0,0,0,True
byt5,104177,1.0,0,0,True
byt5,100130,1.0,0,0,True
byt5,101881,1.0,0,0,True
byt5,104197,1.0,0,0,True
byt5,105620,1.0,0,0,True
byt5,104129,1.0,0,0,True
byt5,103557,1.0,0,0,True
byt5,105293,1.0,0,0,True
byt5,100200,1.0,0,0,True
byt5,102235,1.0,0,0,True
byt5,105912,1.0,0,0,True
byt5,102238,1.0,0,0,True
byt5,104459,1.0,0,0,True
byt5,103867,1.0,0,0,True
byt5,104627,1.0,0,0,True
byt5,105448,1.0,0,0,True
byt5,101811,1.0,0,0,True
byt5,105336,1.0,0,0,True
byt5,103135,1.0,0,0,True
byt5,104372,1.0,0,0,True
byt5,100002,1.0,0,0,True
byt5,105133,1.0,0,0,True
byt5,104937,1.0,0,0,True
byt5,105446,1.0,0,0,True
byt5,102349,1.0,0,0,True
byt5,104494,1.0,0,0,True
byt5,105294,1.0,0,0,True
byt5,102234,1.0,0,0,True
byt5,103583,1.0,0,0,True
byt5,105900,1.0,0,0,True
byt5,101635,1.0,0,0,True
byt5,106032,1.0,0,0,True
byt5,103040,1.0,0,0,True
byt5,104620,1.0,0,0,True
byt5,103015,1.0,0,0,True
byt5,104754,1.0,0,0,True
byt5,105914,1.0,0,0,True
byt5,104682,1.0,0,0,True
byt5,103566,1.0,0,0,True
byt5,102039,1.0,0,0,True
byt5,101040,1.0,0,0,True
byt5,103637,1.0,0,0,True
byt5,104139,1.0,0,0,True
byt5,105726,1.0,0,0,True
byt5,103193,1.0,0,0,True
byt5,105599,1.0,0,0,True
byt5,104081,1.0,0,0,True
byt5,100992,1.0,0,0,True
byt5,104145,1.0,0,0,True
byt5,100062,1.0,0,0,True
byt5,101038,1.0,0,0,True
byt5,104753,1.0,0,0,True
byt5,101094,1.0,0,0,True
byt5,104574,1.0,0,0,True
byt5,100426,1.0,0,0,True
byt5,104174,1.0,0,0,True
byt5,103201,1.0,0,0,True
byt5,104575,1.0,0,0,True
byt5,102036,1.0,0,0,True
byt5,106117,1.0,0,0,True
byt5,101613,1.0,0,0,True
byt5,104914,1.0,0,0,True
byt5,100136,1.0,0,0,True
byt5,101620,1.0,0,0,True
byt5,106099,1.0,0,0,True
byt5,104472,1.0,0,0,True
byt5,100874,1.0,0,0,True
byt5,103957,1.0,0,0,True
byt5,105331,1.0,0,0,True
byt5,102130,1.0,0,0,True
byt5,100853,1.0,0,0,True
byt5,100101,1.0,0,0,True
byt5,106096,1.0,0,0,True
byt5,100910,1.0,0,0,True
byt5,104258,1.0,0,0,True
byt5,101633,1.0,0,0,True
byt5,101457,1.0,0,0,True
byt5,104084,1.0,0,0,True
byt5,104492,1.0,0,0,True
byt5,105837,1.0,0,0,True
byt5,103196,1.0,0,0,True
byt5,104904,1.0,0,0,True
byt5,105883,1.0,0,0,True
byt5,105619,1.0,0,0,True
byt5,102123,1.0,0,0,True
byt5,104096,1.0,0,0,True
byt5,100700,1.0,0,0,True
byt5,105980,1.0,0,0,True
byt5,105877,1.0,0,0,True
byt5,101557,1.0,0,0,True
byt5,102814,1.0,0,0,True
byt5,101944,1.0,0,0,True
byt5,106000,1.0,0,0,True
byt5,104493,1.0,0,0,True
byt5,105546,1.0,0,0,True
byt5,104100,1.0,0,0,True
byt5,104826,1.0,0,0,True
byt5,103389,1.0,0,0,True
byt5,104590,1.0,0,0,True
byt5,105384,1.0,0,0,True
byt5,105563,1.0,0,0,True
byt5,104907,1.0,0,0,True
byt5,105343,1.0,0,0,True
byt5,103195,1.0,0,0,True
byt5,100131,1.0,0,0,True
byt5,100199,1.0,0,0,True
byt5,103859,1.0,0,0,True
byt5,104240,1.0,0,0,True
byt5,104405,1.0,0,0,True
byt5,105342,1.0,0,0,True
byt5,106114,1.0,0,0,True
byt5,104381,1.0,0,0,True
byt5,103233,1.0,0,0,True
byt5,105334,1.0,0,0,True
byt5,103860,1.0,0,0,True
byt5,105907,1.0,0,0,True
byt5,101629,1.0,0,0,True
byt5,104636,1.0,0,0,True
byt5,101432,1.0,0,0,True
byt5,104082,1.0,0,0,True
byt5,104251,1.0,0,0,True
byt5,103360,1.0,0,0,True
byt5,101631,1.0,0,0,True
byt5,105332,1.0,0,0,True
byt5,104247,1.0,0,0,True
byt5,104910,1.0,0,0,True
byt5,104241,1.0,0,0,True
byt5,104086,1.0,0,0,True
byt5,103806,1.0,0,0,True
byt5,102603,1.0,0,0,True
byt5,104909,1.0,0,0,True
byt5,100099,1.0,0,0,True
byt5,101041,1.0,0,0,True
byt5,104981,1.0,0,0,True
byt5,105836,1.0,0,0,True
byt5,105328,1.0,0,0,True
byt5,105329,1.0,0,0,True
byt5,105538,1.0,0,0,True
byt5,103194,1.0,0,0,True
byt5,104246,1.0,0,0,True
byt5,100400,1.0,0,0,True
byt5,103528,1.0,0,0,True
byt5,105618,1.0,0,0,True
byt5,104573,1.0,0,0,True
byt5,105826,1.0,0,0,True
byt5,104571,1.0,0,0,True
byt5,105578,1.0,0,0,True
byt5,101417,1.0,0,0,True
byt5,100873,1.0,0,0,True
byt5,105417,1.0,0,0,True
byt5,103388,1.0,0,0,True
byt5,104371,1.0,0,0,True
byt5,105972,1.0,0,0,True
byt5,103299,1.0,0,0,True
byt5,100098,1.0,0,0,True
byt5,105088,1.0,0,0,True
byt5,105421,1.0,0,0,True
byt5,103053,1.0,0,0,True
byt5,103384,1.0,0,0,True
byt5,105106,1.0,0,0,True
byt5,102821,1.0,0,0,True
byt5,103072,1.0,0,0,True
byt5,102800,1.0,0,0,True
byt5,102545,1.0,0,0,True
byt5,100916,1.0,0,0,True
byt5,103325,1.0,0,0,True
byt5,101071,1.0,0,0,True
byt5,105763,1.0,0,0,True
byt5,100206,1.0,0,0,True
byt5,103531,1.0,0,0,True
byt5,105749,1.0,0,0,True
byt5,103805,1.0,0,0,True
byt5,105739,1.0,0,0,True
byt5,100065,1.0,0,0,True
byt5,101634,1.0,0,0,True
byt5,101046,1.0,0,0,True
byt5,105464,1.0,0,0,True
byt5,104085,1.0,0,0,True
byt5,105252,1.0,0,0,True
byt5,104768,1.0,0,0,True
byt5,103942,1.0,0,0,True
byt5,101327,1.0,0,0,True
byt5,104652,1.0,0,0,True
byt5,102507,1.0,0,0,True
byt5,102931,1.0,0,0,True
byt5,101676,1.0,0,0,True
byt5,105335,1.0,0,0,True
byt5,104829,1.0,0,0,True
byt5,102167,1.0,0,0,True
byt5,104622,1.0,0,0,True
byt5,102144,1.0,0,0,True
byt5,105346,1.0,0,0,True
byt5,105971,1.0,0,0,True
byt5,105930,1.0,0,0,True
byt5,105671,1.0,0,0,True
byt5,100151,1.0,0,0,True
byt5,104185,1.0,0,0,True
byt5,105110,1.0,0,0,True
byt5,102967,1.0,0,0,True
byt5,105221,1.0,0,0,True
byt5,100384,1.0,0,0,True
byt5,102328,1.0,0,0,True
byt5,105927,1.0,0,0,True
byt5,102933,1.0,0,0,True
byt5,105592,1.0,0,0,True
byt5,105463,1.0,0,0,True
byt5,103756,1.0,0,0,True
byt5,105668,1.0,0,0,True
byt5,104489,1.0,0,0,True
byt5,102867,1.0,0,0,True
byt5,104144,1.0,0,0,True
byt5,104619,1.0,0,0,True
byt5,103175,1.0,0,0,True
byt5,104770,1.0,0,0,True
byt5,100696,1.0,0,0,True
byt5,104769,1.0,0,0,True
byt5,105678,1.0,0,0,True
byt5,105821,1.0,0,0,True
byt5,103329,1.0,0,0,True
byt5,100039,1.0,0,0,True
byt5,105667,1.0,0,0,True
byt5,105304,1.0,0,0,True
byt5,104671,1.0,0,0,True
byt5,105743,1.0,0,0,True
byt5,102526,1.0,0,0,True
byt5,104416,1.0,0,0,True
byt5,100543,1.0,0,0,True
byt5,101496,1.0,0,0,True
byt5,102730,1.0,0,0,True
byt5,100135,1.0,0,0,True
byt5,101080,1.0,0,0,True
byt5,100160,1.0,0,0,True
byt5,105539,1.0,0,0,True
byt5,101792,1.0,0,0,True
byt5,105268,1.0,0,0,True
byt5,103116,1.0,0,0,True
byt5,105929,1.0,0,0,True
byt5,104848,1.0,0,0,True
byt5,102731,1.0,0,0,True
byt5,103181,1.0,0,0,True
byt5,101232,1.0,0,0,True
byt5,101933,1.0,0,0,True
byt5,101174,1.0,0,0,True
byt5,100792,1.0,0,0,True
byt5,101162,1.0,0,0,True
byt5,100545,1.0,0,0,True
byt5,105864,1.0,0,0,True
byt5,104895,1.0,0,0,True
byt5,104364,1.0,0,0,True
byt5,104310,1.0,0,0,True
byt5,101458,1.0,0,0,True
byt5,105988,1.0,0,0,True
byt5,104714,1.0,0,0,True
byt5,105979,1.0,0,0,True
byt5,103054,1.0,0,0,True
byt5,104370,1.0,0,0,True
byt5,100385,1.0,0,0,True
byt5,103462,1.0,0,0,True
byt5,105423,1.0,0,0,True
byt5,105819,1.0,0,0,True
byt5,105721,1.0,0,0,True
byt5,103106,1.0,0,0,True
byt5,104338,1.0,0,0,True
byt5,103386,1.0,0,0,True
byt5,105555,1.0,0,0,True
byt5,104976,1.0,0,0,True
byt5,105248,1.0,0,0,True
byt5,104818,1.0,0,0,True
byt5,103530,1.0,0,0,True
byt5,105723,1.0,0,0,True
byt5,105090,1.0,0,0,True
byt5,102943,1.0,0,0,True
byt5,104893,1.0,0,0,True
byt5,105982,1.0,0,0,True
byt5,105649,1.0,0,0,True
byt5,103830,1.0,0,0,True
byt5,104701,1.0,0,0,True
byt5,103459,1.0,0,0,True
byt5,104491,1.0,0,0,True
byt5,104490,1.0,0,0,True
byt5,106168,1.0,0,0,True
byt5,102551,1.0,0,0,True
byt5,105182,1.0,0,0,True
byt5,100909,1.0,0,0,True
byt5,105637,1.0,0,0,True
byt5,103976,1.0,0,0,True
byt5,104772,1.0,0,0,True
byt5,100076,1.0,0,0,True
byt5,105670,1.0,0,0,True
byt5,106076,1.0,0,0,True
byt5,105861,1.0,0,0,True
byt5,100911,1.0,0,0,True
byt5,104703,1.0,0,0,True
byt5,100876,1.0,0,0,True
byt5,105860,1.0,0,0,True
byt5,100531,1.0,0,0,True
byt5,105720,1.0,0,0,True
byt5,102477,1.0,0,0,True
byt5,103129,1.0,0,0,True
byt5,106054,1.0,0,0,True
byt5,104634,1.0,0,0,True
byt5,103008,1.0,0,0,True
byt5,105702,1.0,0,0,True
byt5,101686,1.0,0,0,True
byt5,103549,1.0,0,0,True
byt5,100778,1.0,0,0,True
byt5,105811,1.0,0,0,True
byt5,101935,1.0,0,0,True
byt5,105598,1.0,0,0,True
byt5,105748,1.0,0,0,True
byt5,104373,1.0,0,0,True
byt5,101603,1.0,0,0,True
byt5,103812,1.0,0,0,True
byt5,102732,1.0,0,0,True
byt5,101340,1.0,0,0,True
byt5,105353,1.0,0,0,True
byt5,102283,1.0,0,0,True
byt5,100854,1.0,0,0,True
byt5,102957,1.0,0,0,True
byt5,102121,1.0,0,0,True
byt5,103313,1.0,0,0,True
byt5,103699,1.0,0,0,True
byt5,100232,1.0,0,0,True
byt5,104630,1.0,0,0,True
byt5,103752,1.0,0,0,True
byt5,105554,1.0,0,0,True
byt5,101083,1.0,0,0,True
byt5,105808,1.0,0,0,True
byt5,102474,1.0,0,0,True
byt5,102733,1.0,0,0,True
byt5,103458,1.0,0,0,True
byt5,102734,1.0,0,0,True
byt5,102515,1.0,0,0,True
byt5,105719,1.0,0,0,True
byt5,101646,1.0,0,0,True
byt5,105526,1.0,0,0,True
byt5,103446,1.0,0,0,True
byt5,105596,1.0,0,0,True
byt5,105696,1.0,0,0,True
byt5,105483,1.0,0,0,True
byt5,105052,1.0,0,0,True
byt5,102145,1.0,0,0,True
byt5,103698,1.0,0,0,True
byt5,101024,1.0,0,0,True
byt5,105494,1.0,0,0,True
byt5,100116,1.0,0,0,True
byt5,102917,1.0,0,0,True
byt5,104812,1.0,0,0,True
byt5,101053,1.0,0,0,True
byt5,105321,1.0,0,0,True
byt5,106131,1.0,0,0,True
byt5,101031,1.0,0,0,True
byt5,105886,1.0,0,0,True
byt5,105562,1.0,0,0,True
byt5,100554,1.0,0,0,True
byt5,105534,1.0,0,0,True
byt5,101717,1.0,0,0,True
byt5,100412,1.0,0,0,True
byt5,100411,1.0,0,0,True
byt5,104452,1.0,0,0,True
byt5,105879,1.0,0,0,True
byt5,105602,1.0,0,0,True
byt5,101136,1.0,0,0,True
byt5,104362,1.0,0,0,True
byt5,105303,1.0,0,0,True
byt5,101687,1.0,0,0,True
byt5,104690,1.0,0,0,True
byt5,101778,1.0,0,0,True
byt5,106027,1.0,0,0,True
byt5,105853,1.0,0,0,True
byt5,105855,1.0,0,0,True
byt5,105261,1.0,0,0,True
byt5,104064,1.0,0,0,True
byt5,104888,1.0,0,0,True
byt5,103697,1.0,0,0,True
byt5,102384,1.0,0,0,True
byt5,106075,1.0,0,0,True
byt5,105323,1.0,0,0,True
byt5,105484,1.0,0,0,True
byt5,102217,1.0,0,0,True
byt5,106077,1.0,0,0,True
byt5,101741,1.0,0,0,True
byt5,105737,1.0,0,0,True
byt5,103862,1.0,0,0,True
byt5,100163,1.0,0,0,True
byt5,102942,1.0,0,0,True
byt5,104852,1.0,0,0,True
byt5,101456,1.0,0,0,True
byt5,105486,1.0,0,0,True
byt5,105173,1.0,0,0,True
byt5,105060,1.0,0,0,True
byt5,100486,1.0,0,0,True
byt5,102767,1.0,0,0,True
byt5,102963,1.0,0,0,True
byt5,103273,1.0,0,0,True
byt5,103951,1.0,0,0,True
byt5,103949,1.0,0,0,True
byt5,102146,1.0,0,0,True
byt5,102046,1.0,0,0,True
byt5,104704,1.0,0,0,True
byt5,100231,1.0,0,0,True
byt5,100275,1.0,0,0,True
byt5,103390,1.0,0,0,True
byt5,105812,1.0,0,0,True
byt5,102048,1.0,0,0,True
byt5,103694,1.0,0,0,True
byt5,103094,1.0,0,0,True
byt5,105485,1.0,0,0,True
byt5,101358,1.0,0,0,True
byt5,105492,1.0,0,0,True
byt5,105856,1.0,0,0,True
byt5,102735,1.0,0,0,True
byt5,101934,1.0,0,0,True
byt5,104689,1.0,0,0,True
byt5,105601,1.0,0,0,True
byt5,104700,1.0,0,0,True
byt5,101262,1.0,0,0,True
byt5,106152,1.0,0,0,True
byt5,104702,1.0,0,0,True
byt5,104412,1.0,0,0,True
byt5,104413,1.0,0,0,True
byt5,104414,1.0,0,0,True
byt5,104415,1.0,0,0,True
byt5,101244,1.0,0,0,True
byt5,103272,1.0,0,0,True
byt5,104960,1.0,0,0,True
byt5,105571,1.0,0,0,True
byt5,101487,1.0,0,0,True
byt5,102396,1.0,0,0,True
byt5,101274,1.0,0,0,True
byt5,106059,1.0,0,0,True
byt5,104101,1.0,0,0,True
byt5,104236,1.0,0,0,True
byt5,100367,1.0,0,0,True
byt5,100010,1.0,0,0,True
byt5,103306,1.0,0,0,True
byt5,101347,1.0,0,0,True
byt5,101142,1.0,0,0,True
byt5,102611,1.0,0,0,True
byt5,104624,1.0,0,0,True
byt5,101962,1.0,0,0,True
byt5,104180,1.0,0,0,True
byt5,104591,1.0,0,0,True
byt5,105097,1.0,0,0,True
byt5,101158,1.0,0,0,True
byt5,100929,1.0,0,0,True
byt5,106033,1.0,0,0,True
byt5,100584,1.0,0,0,True
byt5,105281,1.0,0,0,True
byt5,100977,1.0,0,0,True
byt5,103224,1.0,0,0,True
byt5,100466,1.0,0,0,True
byt5,103190,1.0,0,0,True
byt5,104315,1.0,0,0,True
byt5,100567,1.0,0,0,True
byt5,100028,1.0,0,0,True
byt5,102638,1.0,0,0,True
byt5,104314,1.0,0,0,True
byt5,106002,1.0,0,0,True
byt5,101248,1.0,0,0,True
byt5,103099,1.0,0,0,True
byt5,103607,1.0,0,0,True
byt5,104738,1.0,0,0,True
byt5,101469,1.0,0,0,True
byt5,105506,1.0,0,0,True
byt5,104665,1.0,0,0,True
byt5,104513,1.0,0,0,True
byt5,100733,1.0,0,0,True
byt5,101045,1.0,0,0,True
byt5,104046,1.0,0,0,True
byt5,100705,1.0,0,0,True
byt5,105616,1.0,0,0,True
byt5,100164,1.0,0,0,True
byt5,101134,1.0,0,0,True
byt5,100117,1.0,0,0,True
byt5,100730,1.0,0,0,True
byt5,105254,1.0,0,0,True
byt5,105073,1.0,0,0,True
byt5,102663,1.0,0,0,True
byt5,103911,1.0,0,0,True
byt5,103782,1.0,0,0,True
byt5,100557,1.0,0,0,True
byt5,100921,1.0,0,0,True
byt5,104446,1.0,0,0,True
byt5,102948,1.0,0,0,True
byt5,103301,1.0,0,0,True
byt5,102918,1.0,0,0,True
byt5,102156,1.0,0,0,True
byt5,100875,1.0,0,0,True
byt5,105797,1.0,0,0,True
byt5,102576,1.0,0,0,True
byt5,103596,1.0,0,0,True
byt5,102689,1.0,0,0,True
byt5,100040,1.0,0,0,True
byt5,104294,1.0,0,0,True
byt5,105348,1.0,0,0,True
byt5,106140,1.0,0,0,True
byt5,103986,1.0,0,0,True
byt5,104166,1.0,0,0,True
byt5,103220,1.0,0,0,True
byt5,105954,1.0,0,0,True
byt5,104427,1.0,0,0,True
byt5,105063,1.0,0,0,True
byt5,103215,1.0,0,0,True
byt5,102660,1.0,0,0,True
byt5,105932,1.0,0,0,True
byt5,100987,1.0,0,0,True
byt5,104723,1.0,0,0,True
byt5,105375,1.0,0,0,True
byt5,105211,1.0,0,0,True
byt5,100413,1.0,0,0,True
byt5,101488,1.0,0,0,True
byt5,101756,1.0,0,0,True
byt5,100226,1.0,0,0,True
byt5,102713,1.0,0,0,True
byt5,105307,1.0,0,0,True
byt5,105439,1.0,0,0,True
byt5,102640,1.0,0,0,True
byt5,102383,1.0,0,0,True
byt5,102798,1.0,0,0,True
byt5,105659,1.0,0,0,True
byt5,106136,1.0,0,0,True
byt5,105923,1.0,0,0,True
byt5,100092,1.0,0,0,True
byt5,102098,1.0,0,0,True
byt5,105019,1.0,0,0,True
byt5,104063,1.0,0,0,True
byt5,104308,1.0,0,0,True
byt5,104443,1.0,0,0,True
byt5,100891,1.0,0,0,True
byt5,103442,1.0,0,0,True
byt5,101364,1.0,0,0,True
byt5,100967,1.0,0,0,True
byt5,101795,1.0,0,0,True
byt5,100203,1.0,0,0,True
byt5,105999,1.0,0,0,True
byt5,103206,1.0,0,0,True
byt5,105208,1.0,0,0,True
byt5,104515,1.0,0,0,True
byt5,105001,1.0,0,0,True
byt5,102330,1.0,0,0,True
byt5,105308,1.0,0,0,True
byt5,106026,1.0,0,0,True
byt5,101373,1.0,0,0,True
byt5,104659,1.0,0,0,True
byt5,103323,1.0,0,0,True
byt5,102461,1.0,0,0,True
byt5,104499,1.0,0,0,True
byt5,101241,1.0,0,0,True
byt5,104183,1.0,0,0,True
byt5,100073,1.0,0,0,True
byt5,105148,1.0,0,0,True
byt5,100417,1.0,0,0,True
byt5,105414,1.0,0,0,True
byt5,103863,1.0,0,0,True
byt5,104471,1.0,0,0,True
byt5,105549,1.0,0,0,True
byt5,101215,1.0,0,0,True
byt5,103346,1.0,0,0,True
byt5,101498,1.0,0,0,True
byt5,102169,1.0,0,0,True
byt5,101561,1.0,0,0,True
byt5,104450,1.0,0,0,True
byt5,103420,1.0,0,0,True
byt5,100333,1.0,0,0,True
byt5,104291,1.0,0,0,True
byt5,101427,1.0,0,0,True
byt5,105480,1.0,0,0,True
byt5,102999,1.0,0,0,True
byt5,104889,1.0,0,0,True
byt5,102593,1.0,0,0,True
byt5,101575,1.0,0,0,True
byt5,100344,1.0,0,0,True
byt5,101516,1.0,0,0,True
byt5,104357,1.0,0,0,True
byt5,100266,1.0,0,0,True
byt5,100286,1.0,0,0,True
byt5,105590,1.0,0,0,True
byt5,105518,1.0,0,0,True
byt5,103038,1.0,0,0,True
byt5,102375,1.0,0,0,True
byt5,103708,1.0,0,0,True
byt5,103505,1.0,0,0,True
byt5,104724,1.0,0,0,True
byt5,105276,1.0,0,0,True
byt5,105402,1.0,0,0,True
byt5,100915,1.0,0,0,True
byt5,102908,1.0,0,0,True
byt5,103461,1.0,0,0,True
byt5,100150,1.0,0,0,True
byt5,101217,1.0,0,0,True
byt5,100759,1.0,0,0,True
byt5,100652,1.0,0,0,True
byt5,100440,1.0,0,0,True
byt5,100646,1.0,0,0,True
byt5,100820,1.0,0,0,True
byt5,103100,1.0,0,0,True
byt5,101337,1.0,0,0,True
byt5,104115,1.0,0,0,True
byt5,105639,1.0,0,0,True
byt5,105075,1.0,0,0,True
byt5,106013,1.0,0,0,True
byt5,100811,1.0,0,0,True
byt5,102536,1.0,0,0,True
byt5,102029,1.0,0,0,True
byt5,105983,1.0,0,0,True
byt5,103238,1.0,0,0,True
byt5,105004,1.0,0,0,True
byt5,105966,1.0,0,0,True
byt5,105177,1.0,0,0,True
byt5,103315,1.0,0,0,True
byt5,100260,1.0,0,0,True
byt5,105142,1.0,0,0,True
byt5,105724,1.0,0,0,True
byt5,102079,1.0,0,0,True
byt5,103948,1.0,0,0,True
byt5,103817,1.0,0,0,True
byt5,100736,1.0,0,0,True
byt5,101986,1.0,0,0,True
byt5,102958,1.0,0,0,True
byt5,103144,1.0,0,0,True
byt5,101904,1.0,0,0,True
byt5,102581,1.0,0,0,True
byt5,101930,1.0,0,0,True
byt5,102286,1.0,0,0,True
byt5,103822,1.0,0,0,True
byt5,103105,1.0,0,0,True
byt5,100179,1.0,0,0,True
byt5,100264,1.0,0,0,True
byt5,100293,1.0,0,0,True
byt5,105529,1.0,0,0,True
byt5,104952,1.0,0,0,True
byt5,104595,1.0,0,0,True
byt5,105498,1.0,0,0,True
byt5,100014,1.0,0,0,True
byt5,106101,1.0,0,0,True
byt5,102401,1.0,0,0,True
byt5,105467,1.0,0,0,True
byt5,103126,1.0,0,0,True
byt5,102172,1.0,0,0,True
byt5,105843,1.0,0,0,True
byt5,101474,1.0,0,0,True
byt5,105796,1.0,0,0,True
byt5,103056,1.0,0,0,True
byt5,101243,1.0,0,0,True
byt5,105928,1.0,0,0,True
byt5,105503,1.0,0,0,True
byt5,103397,1.0,0,0,True
byt5,104484,1.0,0,0,True
byt5,102185,1.0,0,0,True
byt5,100031,1.0,0,0,True
byt5,103930,1.0,0,0,True
byt5,101087,1.0,0,0,True
byt5,100490,1.0,0,0,True
byt5,101440,1.0,0,0,True
byt5,102539,1.0,0,0,True
byt5,105866,1.0,0,0,True
byt5,101842,1.0,0,0,True
byt5,103542,1.0,0,0,True
byt5,101220,1.0,0,0,True
byt5,102296,1.0,0,0,True
byt5,101880,1.0,0,0,True
byt5,100337,1.0,0,0,True
byt5,101690,1.0,0,0,True
byt5,102301,1.0,0,0,True
byt5,101535,1.0,0,0,True
byt5,104898,1.0,0,0,True
byt5,103113,1.0,0,0,True
byt5,105330,1.0,0,0,True
byt5,102980,1.0,0,0,True
byt5,102865,1.0,0,0,True
byt5,100924,1.0,0,0,True
byt5,105473,1.0,0,0,True
byt5,100589,1.0,0,0,True
byt5,100459,1.0,0,0,True
byt5,105692,1.0,0,0,True
byt5,101355,1.0,0,0,True
byt5,101683,1.0,0,0,True
byt5,101924,1.0,0,0,True
byt5,104730,1.0,0,0,True
byt5,104807,1.0,0,0,True
byt5,101401,1.0,0,0,True
byt5,100077,1.0,0,0,True
byt5,100823,1.0,0,0,True
byt5,100680,1.0,0,0,True
byt5,104539,1.0,0,0,True
byt5,105388,1.0,0,0,True
byt5,103375,1.0,0,0,True
byt5,100719,1.0,0,0,True
byt5,100598,1.0,0,0,True
byt5,100643,1.0,0,0,True
byt5,101282,1.0,0,0,True
byt5,100127,1.0,0,0,True
byt5,103480,1.0,0,0,True
byt5,104302,1.0,0,0,True
byt5,100648,1.0,0,0,True
byt5,103562,1.0,0,0,True
byt5,105145,1.0,0,0,True
byt5,100757,1.0,0,0,True
byt5,106023,1.0,0,0,True
byt5,104939,1.0,0,0,True
byt5,100345,1.0,0,0,True
byt5,100727,1.0,0,0,True
byt5,103974,1.0,0,0,True
byt5,100201,1.0,0,0,True
byt5,104614,1.0,0,0,True
byt5,104290,1.0,0,0,True
byt5,101744,1.0,0,0,True
byt5,104441,1.0,0,0,True
byt5,106162,1.0,0,0,True
byt5,104663,1.0,0,0,True
byt5,104155,1.0,0,0,True
byt5,100574,1.0,0,0,True
byt5,103271,1.0,0,0,True
byt5,103938,1.0,0,0,True
byt5,105174,1.0,0,0,True
byt5,102189,1.0,0,0,True
byt5,105859,1.0,0,0,True
byt5,105852,1.0,0,0,True
byt5,101412,1.0,0,0,True
byt5,104211,1.0,0,0,True
byt5,100611,1.0,0,0,True
byt5,101829,1.0,0,0,True
byt5,103274,1.0,0,0,True
byt5,103457,1.0,0,0,True
byt5,103421,1.0,0,0,True
byt5,102619,1.0,0,0,True
byt5,105502,1.0,0,0,True
byt5,105896,1.0,0,0,True
byt5,103515,1.0,0,0,True
byt5,104946,1.0,0,0,True
byt5,104333,1.0,0,0,True
byt5,100493,1.0,0,0,True
byt5,102686,1.0,0,0,True
byt5,102489,1.0,0,0,True
byt5,100050,1.0,0,0,True
byt5,100982,1.0,0,0,True
byt5,105594,1.0,0,0,True
byt5,104326,1.0,0,0,True
byt5,101349,1.0,0,0,True
byt5,104060,1.0,0,0,True
byt5,104419,1.0,0,0,True
byt5,102916,1.0,0,0,True
byt5,101742,1.0,0,0,True
byt5,103502,1.0,0,0,True
byt5,104157,1.0,0,0,True
byt5,105605,1.0,0,0,True
byt5,105202,1.0,0,0,True
byt5,105320,1.0,0,0,True
byt5,103289,1.0,0,0,True
byt5,100839,1.0,0,0,True
byt5,105104,1.0,0,0,True
byt5,100566,1.0,0,0,True
byt5,103703,1.0,0,0,True
byt5,100124,1.0,0,0,True
byt5,105537,1.0,0,0,True
byt5,104353,1.0,0,0,True
byt5,102826,1.0,0,0,True
byt5,104292,1.0,0,0,True
byt5,104192,1.0,0,0,True
byt5,100793,1.0,0,0,True
byt5,106040,1.0,0,0,True
byt5,105718,1.0,0,0,True
byt5,104831,1.0,0,0,True
byt5,104707,1.0,0,0,True
byt5,100660,1.0,0,0,True
byt5,100779,1.0,0,0,True
byt5,100377,1.0,0,0,True
byt5,104971,1.0,0,0,True
byt5,100561,1.0,0,0,True
byt5,101362,1.0,0,0,True
byt5,101179,1.0,0,0,True
byt5,101486,1.0,0,0,True
byt5,103832,1.0,0,0,True
byt5,105835,1.0,0,0,True
byt5,106167,1.0,0,0,True
byt5,104306,1.0,0,0,True
byt5,101430,1.0,0,0,True
byt5,102318,1.0,0,0,True
byt5,101460,1.0,0,0,True
byt5,100607,1.0,0,0,True
byt5,101247,1.0,0,0,True
byt5,104781,1.0,0,0,True
byt5,106125,1.0,0,0,True
byt5,100339,1.0,0,0,True
byt5,103890,1.0,0,0,True
byt5,104795,1.0,0,0,True
byt5,103768,1.0,0,0,True
byt5,105404,1.0,0,0,True
byt5,103912,1.0,0,0,True
byt5,100154,1.0,0,0,True
byt5,105459,1.0,0,0,True
byt5,102697,1.0,0,0,True
byt5,100508,1.0,0,0,True
byt5,103379,1.0,0,0,True
byt5,106157,1.0,0,0,True
byt5,102406,1.0,0,0,True
byt5,100035,1.0,0,0,True
byt5,102307,1.0,0,0,True
byt5,100678,1.0,0,0,True
byt5,105169,1.0,0,0,True
byt5,101884,1.0,0,0,True
byt5,100959,1.0,0,0,True
byt5,101538,1.0,0,0,True
byt5,104994,1.0,0,0,True
byt5,101376,1.0,0,0,True
byt5,102971,1.0,0,0,True
byt5,103266,1.0,0,0,True
byt5,103199,1.0,0,0,True
byt5,101285,1.0,0,0,True
byt5,100511,1.0,0,0,True
byt5,102583,1.0,0,0,True
byt5,101908,1.0,0,0,True
byt5,105732,1.0,0,0,True
byt5,104792,1.0,0,0,True
byt5,102420,1.0,0,0,True
byt5,102805,1.0,0,0,True
byt5,106098,1.0,0,0,True
byt5,105595,1.0,0,0,True
byt5,106080,1.0,0,0,True
byt5,105580,1.0,0,0,True
byt5,105236,1.0,0,0,True
byt5,103994,1.0,0,0,True
byt5,103453,1.0,0,0,True
byt5,101545,1.0,0,0,True
byt5,100291,1.0,0,0,True
byt5,105493,1.0,0,0,True
byt5,104638,1.0,0,0,True
byt5,104132,1.0,0,0,True
byt5,101514,1.0,0,0,True
byt5,100069,1.0,0,0,True
byt5,100278,1.0,0,0,True
byt5,105267,1.0,0,0,True
byt5,101776,1.0,0,0,True
byt5,105023,1.0,0,0,True
byt5,102309,1.0,0,0,True
byt5,103432,1.0,0,0,True
byt5,102983,1.0,0,0,True
byt5,105617,1.0,0,0,True
byt5,100754,1.0,0,0,True
byt5,103943,1.0,0,0,True
byt5,104110,1.0,0,0,True
byt5,100078,1.0,0,0,True
byt5,100855,1.0,0,0,True
byt5,105942,1.0,0,0,True
byt5,102627,1.0,0,0,True
byt5,101251,1.0,0,0,True
byt5,103575,1.0,0,0,True
byt5,101992,1.0,0,0,True
byt5,102271,1.0,0,0,True
byt5,102439,1.0,0,0,True
byt5,101936,1.0,0,0,True
byt5,100054,1.0,0,0,True
byt5,103742,1.0,0,0,True
byt5,106119,1.0,0,0,True
byt5,101578,1.0,0,0,True
byt5,104411,1.0,0,0,True
byt5,103254,1.0,0,0,True
byt5,105784,1.0,0,0,True
byt5,105187,1.0,0,0,True
byt5,101810,1.0,0,0,True
byt5,101850,1.0,0,0,True
byt5,104401,1.0,0,0,True
byt5,102616,1.0,0,0,True
byt5,104979,1.0,0,0,True
byt5,104885,1.0,0,0,True
byt5,105491,1.0,0,0,True
byt5,100892,1.0,0,0,True
byt5,103090,1.0,0,0,True
byt5,100985,1.0,0,0,True
byt5,103059,1.0,0,0,True
byt5,103803,1.0,0,0,True
byt5,104790,1.0,0,0,True
byt5,100172,1.0,0,0,True
byt5,105556,1.0,0,0,True
byt5,101312,1.0,0,0,True
byt5,103358,1.0,0,0,True
byt5,103297,1.0,0,0,True
byt5,105997,1.0,0,0,True
byt5,101956,1.0,0,0,True
byt5,105434,1.0,0,0,True
byt5,100729,1.0,0,0,True
byt5,102568,1.0,0,0,True
byt5,101015,1.0,0,0,True
byt5,105183,1.0,0,0,True
byt5,105658,1.0,0,0,True
byt5,103729,1.0,0,0,True
byt5,100270,1.0,0,0,True
byt5,101668,1.0,0,0,True
byt5,102159,1.0,0,0,True
byt5,100688,1.0,0,0,True
byt5,105640,1.0,0,0,True
byt5,102763,1.0,0,0,True
byt5,101896,1.0,0,0,True
byt5,104554,1.0,0,0,True
byt5,106058,1.0,0,0,True
byt5,100492,1.0,0,0,True
byt5,104857,1.0,0,0,True
byt5,102914,1.0,0,0,True
byt5,103310,1.0,0,0,True
byt5,100714,1.0,0,0,True
byt5,105767,1.0,0,0,True
byt5,101791,1.0,0,0,True
byt5,100170,1.0,0,0,True
byt5,100109,1.0,0,0,True
byt5,100019,1.0,0,0,True
byt5,101967,1.0,0,0,True
byt5,105233,1.0,0,0,True
byt5,100889,1.0,0,0,True
byt5,102220,1.0,0,0,True
byt5,101860,1.0,0,0,True
byt5,102520,1.0,0,0,True
byt5,104677,1.0,0,0,True
byt5,101647,1.0,0,0,True
byt5,101017,1.0,0,0,True
byt5,104430,1.0,0,0,True
byt5,100438,1.0,0,0,True
byt5,106048,1.0,0,0,True
byt5,105341,1.0,0,0,True
byt5,102064,1.0,0,0,True
byt5,102176,1.0,0,0,True
byt5,101923,1.0,0,0,True
byt5,100276,1.0,0,0,True
byt5,104045,1.0,0,0,True
byt5,103489,1.0,0,0,True
byt5,105760,1.0,0,0,True
selective_byt5,100593,1.0,0,0,True
selective_byt5,102033,1.0,0,0,True
selective_byt5,101149,1.0,0,0,True
selective_byt5,101313,1.0,0,0,True
selective_byt5,101585,1.0,0,0,True
selective_byt5,104924,1.0,0,0,True
selective_byt5,106079,1.0,0,0,True
selective_byt5,105931,1.0,0,0,True
selective_byt5,104757,1.0,0,0,True
selective_byt5,103586,1.0,0,0,True
selective_byt5,103548,1.0,0,0,True
selective_byt5,104692,1.0,0,0,True
selective_byt5,102024,1.0,0,0,True
selective_byt5,103929,1.0,0,0,True
selective_byt5,104265,1.0,0,0,True
selective_byt5,102906,1.0,0,0,True
selective_byt5,104548,1.0,0,0,True
selective_byt5,101168,1.0,0,0,True
selective_byt5,102993,1.0,0,0,True
selective_byt5,101893,1.0,0,0,True
selective_byt5,102772,1.0,0,0,True
selective_byt5,102259,1.0,0,0,True
selective_byt5,102158,1.0,0,0,True
selective_byt5,105204,1.0,0,0,True
selective_byt5,103248,1.0,0,0,True
selective_byt5,100864,1.0,0,0,True
selective_byt5,100865,1.0,0,0,True
selective_byt5,101636,1.0,0,0,True
selective_byt5,101849,1.0,0,0,True
selective_byt5,104993,1.0,0,0,True
selective_byt5,102708,1.0,0,0,True
selective_byt5,102630,1.0,0,0,True
selective_byt5,104153,1.0,0,0,True
selective_byt5,104844,1.0,0,0,True
selective_byt5,102095,1.0,0,0,True
selective_byt5,105838,1.0,0,0,True
selective_byt5,103997,1.0,0,0,True
selective_byt5,102815,1.0,0,0,True
selective_byt5,101183,1.0,0,0,True
selective_byt5,105259,1.0,0,0,True
selective_byt5,100903,1.0,0,0,True
selective_byt5,102021,1.0,0,0,True
selective_byt5,100082,1.0,0,0,True
selective_byt5,103944,1.0,0,0,True
selective_byt5,102766,1.0,0,0,True
selective_byt5,101308,1.0,0,0,True
selective_byt5,103559,1.0,0,0,True
selective_byt5,101187,1.0,0,0,True
selective_byt5,100919,1.0,0,0,True
selective_byt5,102201,1.0,0,0,True
selective_byt5,102979,1.0,0,0,True
selective_byt5,106164,1.0,0,0,True
selective_byt5,104639,1.0,0,0,True
selective_byt5,100036,1.0,0,0,True
selective_byt5,105436,1.0,0,0,True
selective_byt5,103889,1.0,0,0,True
selective_byt5,104645,1.0,0,0,True
selective_byt5,103365,1.0,0,0,True
selective_byt5,100025,1.0,0,0,True
selective_byt5,104961,1.0,0,0,True
selective_byt5,103452,1.0,0,0,True
selective_byt5,101451,1.0,0,0,True
selective_byt5,105198,1.0,0,0,True
selective_byt5,102717,1.0,0,0,True
selective_byt5,102655,1.0,0,0,True
selective_byt5,104749,1.0,0,0,True
selective_byt5,102055,1.0,0,0,True
selective_byt5,100914,1.0,0,0,True
selective_byt5,100681,1.0,0,0,True
selective_byt5,105291,1.0,0,0,True
selective_byt5,101103,1.0,0,0,True
selective_byt5,101055,1.0,0,0,True
selective_byt5,104393,1.0,0,0,True
selective_byt5,103819,1.0,0,0,True
selective_byt5,100995,1.0,0,0,True
selective_byt5,103656,1.0,0,0,True
selective_byt5,101233,1.0,0,0,True
selective_byt5,104558,1.0,0,0,True
selective_byt5,102561,1.0,0,0,True
selective_byt5,102412,1.0,0,0,True
selective_byt5,104868,1.0,0,0,True
selective_byt5,104526,1.0,0,0,True
selective_byt5,101623,1.0,0,0,True
selective_byt5,101422,1.0,0,0,True
selective_byt5,105585,1.0,0,0,True
selective_byt5,100771,1.0,0,0,True
selective_byt5,100525,1.0,0,0,True
selective_byt5,100453,1.0,0,0,True
selective_byt5,104028,1.0,0,0,True
selective_byt5,100822,1.0,0,0,True
selective_byt5,104035,1.0,0,0,True
selective_byt5,100559,1.0,0,0,True
selective_byt5,105567,1.0,0,0,True
selective_byt5,102787,1.0,0,0,True
selective_byt5,102284,1.0,0,0,True
selective_byt5,102190,1.0,0,0,True
selective_byt5,105787,1.0,0,0,True
selective_byt5,101139,1.0,0,0,True
selective_byt5,100068,1.0,0,0,True
selective_byt5,105284,1.0,0,0,True
selective_byt5,102001,1.0,0,0,True
selective_byt5,102265,1.0,0,0,True
selective_byt5,104569,1.0,0,0,True
selective_byt5,101000,1.0,0,0,True
selective_byt5,104846,1.0,0,0,True
selective_byt5,105839,1.0,0,0,True
selective_byt5,102000,1.0,0,0,True
selective_byt5,100250,1.0,0,0,True
selective_byt5,105854,1.0,0,0,True
selective_byt5,101891,1.0,0,0,True
selective_byt5,104433,1.0,0,0,True
selective_byt5,104128,1.0,0,0,True
selective_byt5,105282,1.0,0,0,True
selective_byt5,100555,1.0,0,0,True
selective_byt5,104432,1.0,0,0,True
selective_byt5,100519,1.0,0,0,True
selective_byt5,104582,1.0,0,0,True
selective_byt5,101002,1.0,0,0,True
selective_byt5,101060,1.0,0,0,True
selective_byt5,100089,1.0,0,0,True
selective_byt5,102749,1.0,0,0,True
selective_byt5,105887,1.0,0,0,True
selective_byt5,100879,1.0,0,0,True
selective_byt5,103098,1.0,0,0,True
selective_byt5,106135,1.0,0,0,True
selective_byt5,100659,1.0,0,0,True
selective_byt5,104116,1.0,0,0,True
selective_byt5,100316,1.0,0,0,True
selective_byt5,102386,1.0,0,0,True
selective_byt5,105684,1.0,0,0,True
selective_byt5,100113,1.0,0,0,True
selective_byt5,104780,1.0,0,0,True
selective_byt5,101632,1.0,0,0,True
selective_byt5,105071,1.0,0,0,True
selective_byt5,102077,1.0,0,0,True
selective_byt5,101253,1.0,0,0,True
selective_byt5,100009,1.0,0,0,True
selective_byt5,105271,1.0,0,0,True
selective_byt5,103927,1.0,0,0,True
selective_byt5,103235,1.0,0,0,True
selective_byt5,105454,1.0,0,0,True
selective_byt5,105113,1.0,0,0,True
selective_byt5,103510,1.0,0,0,True
selective_byt5,103487,1.0,0,0,True
selective_byt5,105217,1.0,0,0,True
selective_byt5,100522,1.0,0,0,True
selective_byt5,105993,1.0,0,0,True
selective_byt5,105470,1.0,0,0,True
selective_byt5,100187,1.0,0,0,True
selective_byt5,101938,1.0,0,0,True
selective_byt5,103960,1.0,0,0,True
selective_byt5,102486,1.0,0,0,True
selective_byt5,101803,1.0,0,0,True
selective_byt5,104860,1.0,0,0,True
selective_byt5,100165,1.0,0,0,True
selective_byt5,105600,1.0,0,0,True
selective_byt5,100667,1.0,0,0,True
selective_byt5,102740,1.0,0,0,True
selective_byt5,100238,1.0,0,0,True
selective_byt5,102871,1.0,0,0,True
selective_byt5,100767,1.0,0,0,True
selective_byt5,100032,1.0,0,0,True
selective_byt5,100797,1.0,0,0,True
selective_byt5,103634,1.0,0,0,True
selective_byt5,104784,1.0,0,0,True
selective_byt5,104643,1.0,0,0,True
selective_byt5,100269,1.0,0,0,True
selective_byt5,102222,1.0,0,0,True
selective_byt5,102775,1.0,0,0,True
selective_byt5,101032,1.0,0,0,True
selective_byt5,105965,1.0,0,0,True
selective_byt5,103620,1.0,0,0,True
selective_byt5,100296,1.0,0,0,True
selective_byt5,104342,1.0,0,0,True
selective_byt5,102356,1.0,0,0,True
selective_byt5,101759,1.0,0,0,True
selective_byt5,100358,1.0,0,0,True
selective_byt5,100159,1.0,0,0,True
selective_byt5,103156,1.0,0,0,True
selective_byt5,103580,1.0,0,0,True
selective_byt5,102592,1.0,0,0,True
selective_byt5,103354,1.0,0,0,True
selective_byt5,104440,1.0,0,0,True
selective_byt5,106126,1.0,0,0,True
selective_byt5,100634,1.0,0,0,True
selective_byt5,103516,1.0,0,0,True
selective_byt5,106014,1.0,0,0,True
selective_byt5,104019,1.0,0,0,True
selective_byt5,103319,1.0,0,0,True
selective_byt5,101560,1.0,0,0,True
selective_byt5,103954,1.0,0,0,True
selective_byt5,103519,1.0,0,0,True
selective_byt5,103550,1.0,0,0,True
selective_byt5,101787,1.0,0,0,True
selective_byt5,101814,1.0,0,0,True
selective_byt5,106012,1.0,0,0,True
selective_byt5,100176,1.0,0,0,True
selective_byt5,105432,1.0,0,0,True
selective_byt5,105926,1.0,0,0,True
selective_byt5,104969,1.0,0,0,True
selective_byt5,105014,1.0,0,0,True
selective_byt5,105894,1.0,0,0,True
selective_byt5,100338,1.0,0,0,True
selective_byt5,104527,1.0,0,0,True
selective_byt5,105040,1.0,0,0,True
selective_byt5,104152,1.0,0,0,True
selective_byt5,103211,1.0,0,0,True
selective_byt5,101745,1.0,0,0,True
selective_byt5,104204,1.0,0,0,True
selective_byt5,104673,1.0,0,0,True
selective_byt5,104345,1.0,0,0,True
selective_byt5,103492,1.0,0,0,True
selective_byt5,103242,1.0,0,0,True
selective_byt5,104510,1.0,0,0,True
selective_byt5,102969,1.0,0,0,True
selective_byt5,101596,1.0,0,0,True
selective_byt5,100963,1.0,0,0,True
selective_byt5,100208,1.0,0,0,True
selective_byt5,103275,1.0,0,0,True
selective_byt5,105544,1.0,0,0,True
selective_byt5,100952,1.0,0,0,True
selective_byt5,102376,1.0,0,0,True
selective_byt5,102319,1.0,0,0,True
selective_byt5,100606,1.0,0,0,True
selective_byt5,100625,1.0,0,0,True
selective_byt5,105225,1.0,0,0,True
selective_byt5,102382,1.0,0,0,True
selective_byt5,100661,1.0,0,0,True
selective_byt5,105789,1.0,0,0,True
selective_byt5,101790,1.0,0,0,True
selective_byt5,103026,1.0,0,0,True
selective_byt5,105846,1.0,0,0,True
selective_byt5,101947,1.0,0,0,True
selective_byt5,102211,1.0,0,0,True
selective_byt5,104761,1.0,0,0,True
selective_byt5,100526,1.0,0,0,True
selective_byt5,100852,1.0,0,0,True
selective_byt5,101654,1.0,0,0,True
selective_byt5,101385,1.0,0,0,True
selective_byt5,101895,1.0,0,0,True
selective_byt5,100374,1.0,0,0,True
selective_byt5,106090,1.0,0,0,True
selective_byt5,105629,1.0,0,0,True
selective_byt5,102941,1.0,0,0,True
selective_byt5,104779,1.0,0,0,True
selective_byt5,105365,1.0,0,0,True
selective_byt5,103737,1.0,0,0,True
selective_byt5,100239,1.0,0,0,True
selective_byt5,100251,1.0,0,0,True
selective_byt5,100083,1.0,0,0,True
selective_byt5,104896,1.0,0,0,True
selective_byt5,106047,1.0,0,0,True
selective_byt5,105984,1.0,0,0,True
selective_byt5,106025,1.0,0,0,True
selective_byt5,105452,1.0,0,0,True
selective_byt5,102989,1.0,0,0,True
selective_byt5,101857,1.0,0,0,True
selective_byt5,103385,1.0,0,0,True
selective_byt5,100866,1.0,0,0,True
selective_byt5,103875,1.0,0,0,True
selective_byt5,104238,1.0,0,0,True
selective_byt5,100261,1.0,0,0,True
selective_byt5,100563,1.0,0,0,True
selective_byt5,104478,1.0,0,0,True
selective_byt5,103416,1.0,0,0,True
selective_byt5,101877,1.0,0,0,True
selective_byt5,101616,1.0,0,0,True
selective_byt5,101161,1.0,0,0,True
selective_byt5,104712,1.0,0,0,True
selective_byt5,101140,1.0,0,0,True
selective_byt5,104193,1.0,0,0,True
selective_byt5,104935,1.0,0,0,True
selective_byt5,103809,1.0,0,0,True
selective_byt5,106039,1.0,0,0,True
selective_byt5,100544,1.0,0,0,True
selective_byt5,104811,1.0,0,0,True
selective_byt5,104635,1.0,0,0,True
selective_byt5,103197,1.0,0,0,True
selective_byt5,100093,1.0,0,0,True
selective_byt5,102784,1.0,0,0,True
selective_byt5,103884,1.0,0,0,True
selective_byt5,104519,1.0,0,0,True
selective_byt5,101890,1.0,0,0,True
selective_byt5,103995,1.0,0,0,True
selective_byt5,103640,1.0,0,0,True
selective_byt5,103127,1.0,0,0,True
selective_byt5,102267,1.0,0,0,True
selective_byt5,103587,1.0,0,0,True
selective_byt5,100152,1.0,0,0,True
selective_byt5,105422,1.0,0,0,True
selective_byt5,103362,1.0,0,0,True
selective_byt5,101332,1.0,0,0,True
selective_byt5,104560,1.0,0,0,True
selective_byt5,104272,1.0,0,0,True
selective_byt5,102646,1.0,0,0,True
selective_byt5,103685,1.0,0,0,True
selective_byt5,101871,1.0,0,0,True
selective_byt5,101727,1.0,0,0,True
selective_byt5,103380,1.0,0,0,True
selective_byt5,104886,1.0,0,0,True
selective_byt5,101894,1.0,0,0,True
selective_byt5,105435,1.0,0,0,True
selective_byt5,104553,1.0,0,0,True
selective_byt5,105804,1.0,0,0,True
selective_byt5,100812,1.0,0,0,True
selective_byt5,101902,1.0,0,0,True
selective_byt5,100071,1.0,0,0,True
selective_byt5,105729,1.0,0,0,True
selective_byt5,105319,1.0,0,0,True
selective_byt5,100011,1.0,0,0,True
selective_byt5,105017,1.0,0,0,True
selective_byt5,105067,1.0,0,0,True
selective_byt5,101710,1.0,0,0,True
selective_byt5,101471,1.0,0,0,True
selective_byt5,100976,1.0,0,0,True
selective_byt5,100066,1.0,0,0,True
selective_byt5,104760,1.0,0,0,True
selective_byt5,104074,1.0,0,0,True
selective_byt5,105913,1.0,0,0,True
selective_byt5,101081,1.0,0,0,True
selective_byt5,105893,1.0,0,0,True
selective_byt5,100063,1.0,0,0,True
selective_byt5,105802,1.0,0,0,True
selective_byt5,100450,1.0,0,0,True
selective_byt5,102827,1.0,0,0,True
selective_byt5,104517,1.0,0,0,True
selective_byt5,102453,1.0,0,0,True
selective_byt5,101870,1.0,0,0,True
selective_byt5,101016,1.0,0,0,True
selective_byt5,106049,1.0,0,0,True
selective_byt5,103543,1.0,0,0,True
selective_byt5,103044,1.0,0,0,True
selective_byt5,101095,1.0,0,0,True
selective_byt5,105018,1.0,0,0,True
selective_byt5,104164,1.0,0,0,True
selective_byt5,101839,1.0,0,0,True
selective_byt5,103023,1.0,0,0,True
selective_byt5,101079,1.0,0,0,True
selective_byt5,103788,1.0,0,0,True
selective_byt5,101114,1.0,0,0,True
selective_byt5,105778,1.0,0,0,True
selective_byt5,101078,1.0,0,0,True
selective_byt5,103039,1.0,0,0,True
selective_byt5,105176,1.0,0,0,True
selective_byt5,104317,1.0,0,0,True
selective_byt5,102952,1.0,0,0,True
selective_byt5,101549,1.0,0,0,True
selective_byt5,105805,1.0,0,0,True
selective_byt5,104365,1.0,0,0,True
selective_byt5,105944,1.0,0,0,True
selective_byt5,104661,1.0,0,0,True
selective_byt5,105803,1.0,0,0,True
selective_byt5,101369,1.0,0,0,True
selective_byt5,102022,1.0,0,0,True
selective_byt5,101667,1.0,0,0,True
selective_byt5,101007,1.0,0,0,True
selective_byt5,104473,1.0,0,0,True
selective_byt5,106005,1.0,0,0,True
selective_byt5,106067,1.0,0,0,True
selective_byt5,104980,1.0,0,0,True
selective_byt5,104107,1.0,0,0,True
selective_byt5,105469,1.0,0,0,True
selective_byt5,105082,1.0,0,0,True
selective_byt5,102759,1.0,0,0,True
selective_byt5,100288,1.0,0,0,True
selective_byt5,105311,1.0,0,0,True
selective_byt5,105686,1.0,0,0,True
selective_byt5,105941,1.0,0,0,True
selective_byt5,105758,1.0,0,0,True
selective_byt5,103425,1.0,0,0,True
selective_byt5,104680,1.0,0,0,True
selective_byt5,106015,1.0,0,0,True
selective_byt5,105848,1.0,0,0,True
selective_byt5,105137,1.0,0,0,True
selective_byt5,102411,1.0,0,0,True
selective_byt5,105482,1.0,0,0,True
selective_byt5,104091,1.0,0,0,True
selective_byt5,103030,1.0,0,0,True
selective_byt5,105651,1.0,0,0,True
selective_byt5,101310,1.0,0,0,True
selective_byt5,101582,1.0,0,0,True
selective_byt5,100546,1.0,0,0,True
selective_byt5,102306,1.0,0,0,True
selective_byt5,105685,1.0,0,0,True
selective_byt5,102946,1.0,0,0,True
selective_byt5,102004,1.0,0,0,True
selective_byt5,104041,1.0,0,0,True
selective_byt5,105158,1.0,0,0,True
selective_byt5,105810,1.0,0,0,True
selective_byt5,103905,1.0,0,0,True
selective_byt5,105214,1.0,0,0,True
selective_byt5,105080,1.0,0,0,True
selective_byt5,104090,1.0,0,0,True
selective_byt5,104599,1.0,0,0,True
selective_byt5,101630,1.0,0,0,True
selective_byt5,105021,1.0,0,0,True
selective_byt5,104649,1.0,0,0,True
selective_byt5,100594,1.0,0,0,True
selective_byt5,104570,1.0,0,0,True
selective_byt5,104678,1.0,0,0,True
selective_byt5,100856,1.0,0,0,True
selective_byt5,106146,1.0,0,0,True
selective_byt5,104122,1.0,0,0,True
selective_byt5,103024,1.0,0,0,True
selective_byt5,101738,1.0,0,0,True
selective_byt5,101670,1.0,0,0,True
selective_byt5,104178,1.0,0,0,True
selective_byt5,103630,1.0,0,0,True
selective_byt5,101645,1.0,0,0,True
selective_byt5,105283,1.0,0,0,True
selective_byt5,101644,1.0,0,0,True
selective_byt5,100157,1.0,0,0,True
selective_byt5,102410,1.0,0,0,True
selective_byt5,103079,1.0,0,0,True
selective_byt5,105690,1.0,0,0,True
selective_byt5,104962,1.0,0,0,True
selective_byt5,103763,1.0,0,0,True
selective_byt5,101428,1.0,0,0,True
selective_byt5,100038,1.0,0,0,True
selective_byt5,100618,1.0,0,0,True
selective_byt5,102027,1.0,0,0,True
selective_byt5,104959,1.0,0,0,True
selective_byt5,104964,1.0,0,0,True
selective_byt5,104963,1.0,0,0,True
selective_byt5,101231,1.0,0,0,True
selective_byt5,101455,1.0,0,0,True
selective_byt5,102557,1.0,0,0,True
selective_byt5,100257,1.0,0,0,True
selective_byt5,105945,1.0,0,0,True
selective_byt5,100001,1.0,0,0,True
selective_byt5,101042,1.0,0,0,True
selective_byt5,100458,1.0,0,0,True
selective_byt5,105379,1.0,0,0,True
selective_byt5,105433,1.0,0,0,True
selective_byt5,100003,1.0,0,0,True
selective_byt5,101254,1.0,0,0,True
selective_byt5,105842,1.0,0,0,True
selective_byt5,104802,1.0,0,0,True
selective_byt5,105947,1.0,0,0,True
selective_byt5,101037,1.0,0,0,True
selective_byt5,101255,1.0,0,0,True
selective_byt5,104777,1.0,0,0,True
selective_byt5,102002,1.0,0,0,True
selective_byt5,101342,1.0,0,0,True
selective_byt5,105731,1.0,0,0,True
selective_byt5,102707,1.0,0,0,True
selective_byt5,105641,1.0,0,0,True
selective_byt5,104175,1.0,0,0,True
selective_byt5,105958,1.0,0,0,True
selective_byt5,104259,1.0,0,0,True
selective_byt5,105258,1.0,0,0,True
selective_byt5,105138,1.0,0,0,True
selective_byt5,105911,1.0,0,0,True
selective_byt5,104474,1.0,0,0,True
selective_byt5,101541,1.0,0,0,True
selective_byt5,105742,1.0,0,0,True
selective_byt5,100718,1.0,0,0,True
selective_byt5,104182,1.0,0,0,True
selective_byt5,100067,1.0,0,0,True
selective_byt5,105950,1.0,0,0,True
selective_byt5,101612,1.0,0,0,True
selective_byt5,104823,1.0,0,0,True
selective_byt5,104329,1.0,0,0,True
selective_byt5,103327,1.0,0,0,True
selective_byt5,101562,1.0,0,0,True
selective_byt5,104658,1.0,0,0,True
selective_byt5,105593,1.0,0,0,True
selective_byt5,105634,1.0,0,0,True
selective_byt5,105946,1.0,0,0,True
selective_byt5,105949,1.0,0,0,True
selective_byt5,105468,1.0,0,0,True
selective_byt5,105948,1.0,0,0,True
selective_byt5,105951,1.0,0,0,True
selective_byt5,105228,1.0,0,0,True
selective_byt5,102165,1.0,0,0,True
selective_byt5,104923,1.0,0,0,True
selective_byt5,105055,1.0,0,0,True
selective_byt5,105314,1.0,0,0,True
selective_byt5,104121,1.0,0,0,True
selective_byt5,105471,1.0,0,0,True
selective_byt5,105986,1.0,0,0,True
selective_byt5,100913,1.0,0,0,True
selective_byt5,105762,1.0,0,0,True
selective_byt5,105447,1.0,0,0,True
selective_byt5,103123,1.0,0,0,True
selective_byt5,105255,1.0,0,0,True
selective_byt5,103705,1.0,0,0,True
selective_byt5,104545,1.0,0,0,True
selective_byt5,101739,1.0,0,0,True
selective_byt5,104572,1.0,0,0,True
selective_byt5,104245,1.0,0,0,True
selective_byt5,100207,1.0,0,0,True
selective_byt5,104825,1.0,0,0,True
selective_byt5,101581,1.0,0,0,True
selective_byt5,102031,1.0,0,0,True
selective_byt5,105730,1.0,0,0,True
selective_byt5,105322,1.0,0,0,True
selective_byt5,105849,1.0,0,0,True
selective_byt5,105874,1.0,0,0,True
selective_byt5,103041,1.0,0,0,True
selective_byt5,104908,1.0,0,0,True
selective_byt5,100908,1.0,0,0,True
selective_byt5,100473,1.0,0,0,True
selective_byt5,104487,1.0,0,0,True
selective_byt5,101039,1.0,0,0,True
selective_byt5,100917,1.0,0,0,True
selective_byt5,104647,1.0,0,0,True
selective_byt5,103424,1.0,0,0,True
selective_byt5,100029,1.0,0,0,True
selective_byt5,105102,1.0,0,0,True
selective_byt5,105635,1.0,0,0,True
selective_byt5,105338,1.0,0,0,True
selective_byt5,105895,1.0,0,0,True
selective_byt5,105847,1.0,0,0,True
selective_byt5,103509,1.0,0,0,True
selective_byt5,100030,1.0,0,0,True
selective_byt5,104648,1.0,0,0,True
selective_byt5,102789,1.0,0,0,True
selective_byt5,104568,1.0,0,0,True
selective_byt5,104087,1.0,0,0,True
selective_byt5,104566,1.0,0,0,True
selective_byt5,103322,1.0,0,0,True
selective_byt5,104488,1.0,0,0,True
selective_byt5,100617,1.0,0,0,True
selective_byt5,105123,1.0,0,0,True
selective_byt5,101459,1.0,0,0,True
selective_byt5,102959,1.0,0,0,True
selective_byt5,103631,1.0,0,0,True
selective_byt5,104486,1.0,0,0,True
selective_byt5,106118,1.0,0,0,True
selective_byt5,105295,1.0,0,0,True
selective_byt5,105669,1.0,0,0,True
selective_byt5,105312,1.0,0,0,True
selective_byt5,101757,1.0,0,0,True
selective_byt5,100762,1.0,0,0,True
selective_byt5,103791,1.0,0,0,True
selective_byt5,103813,1.0,0,0,True
selective_byt5,100697,1.0,0,0,True
selective_byt5,102721,1.0,0,0,True
selective_byt5,104083,1.0,0,0,True
selective_byt5,105279,1.0,0,0,True
selective_byt5,105834,1.0,0,0,True
selective_byt5,106055,1.0,0,0,True
selective_byt5,105973,1.0,0,0,True
selective_byt5,102023,1.0,0,0,True
selective_byt5,104109,1.0,0,0,True
selective_byt5,103962,1.0,0,0,True
selective_byt5,100457,1.0,0,0,True
selective_byt5,103961,1.0,0,0,True
selective_byt5,105387,1.0,0,0,True
selective_byt5,105757,1.0,0,0,True
selective_byt5,103293,1.0,0,0,True
selective_byt5,102932,1.0,0,0,True
selective_byt5,105579,1.0,0,0,True
selective_byt5,105081,1.0,0,0,True
selective_byt5,101716,1.0,0,0,True
selective_byt5,102788,1.0,0,0,True
selective_byt5,103963,1.0,0,0,True
selective_byt5,101920,1.0,0,0,True
selective_byt5,105386,1.0,0,0,True
selective_byt5,105693,1.0,0,0,True
selective_byt5,101580,1.0,0,0,True
selective_byt5,105625,1.0,0,0,True
selective_byt5,101551,1.0,0,0,True
selective_byt5,102281,1.0,0,0,True
selective_byt5,106145,1.0,0,0,True
selective_byt5,105461,1.0,0,0,True
selective_byt5,103965,1.0,0,0,True
selective_byt5,105020,1.0,0,0,True
selective_byt5,101093,1.0,0,0,True
selective_byt5,100940,1.0,0,0,True
selective_byt5,101675,1.0,0,0,True
selective_byt5,103632,1.0,0,0,True
selective_byt5,100942,1.0,0,0,True
selective_byt5,102025,1.0,0,0,True
selective_byt5,104485,1.0,0,0,True
selective_byt5,106147,1.0,0,0,True
selective_byt5,102028,1.0,0,0,True
selective_byt5,104483,1.0,0,0,True
selective_byt5,103454,1.0,0,0,True
selective_byt5,105691,1.0,0,0,True
selective_byt5,103906,1.0,0,0,True
selective_byt5,105924,1.0,0,0,True
selective_byt5,100941,1.0,0,0,True
selective_byt5,106021,1.0,0,0,True
selective_byt5,106053,1.0,0,0,True
selective_byt5,105777,1.0,0,0,True
selective_byt5,101184,1.0,0,0,True
selective_byt5,104936,1.0,0,0,True
selective_byt5,105820,1.0,0,0,True
selective_byt5,104771,1.0,0,0,True
selective_byt5,105347,1.0,0,0,True
selective_byt5,102966,1.0,0,0,True
selective_byt5,103959,1.0,0,0,True
selective_byt5,105553,1.0,0,0,True
selective_byt5,104585,1.0,0,0,True
selective_byt5,102930,1.0,0,0,True
selective_byt5,106116,1.0,0,0,True
selective_byt5,105987,1.0,0,0,True
selective_byt5,103112,1.0,0,0,True
selective_byt5,105247,1.0,0,0,True
selective_byt5,105345,1.0,0,0,True
selective_byt5,103952,1.0,0,0,True
selective_byt5,103950,1.0,0,0,True
selective_byt5,102282,1.0,0,0,True
selective_byt5,104567,1.0,0,0,True
selective_byt5,100149,1.0,0,0,True
selective_byt5,101579,1.0,0,0,True
selective_byt5,101439,1.0,0,0,True
selective_byt5,105722,1.0,0,0,True
selective_byt5,104894,1.0,0,0,True
selective_byt5,104369,1.0,0,0,True
selective_byt5,105147,1.0,0,0,True
selective_byt5,105689,1.0,0,0,True
selective_byt5,103478,1.0,0,0,True
selective_byt5,102047,1.0,0,0,True
selective_byt5,102920,1.0,0,0,True
selective_byt5,105818,1.0,0,0,True
selective_byt5,103529,1.0,0,0,True
selective_byt5,104699,1.0,0,0,True
selective_byt5,102026,1.0,0,0,True
selective_byt5,101138,1.0,0,0,True
selective_byt5,105344,1.0,0,0,True
selective_byt5,102143,1.0,0,0,True
selective_byt5,105253,1.0,0,0,True
selective_byt5,102915,1.0,0,0,True
selective_byt5,104977,1.0,0,0,True
selective_byt5,103527,1.0,0,0,True
selective_byt5,102911,1.0,0,0,True
selective_byt5,102357,1.0,0,0,True
selective_byt5,103696,1.0,0,0,True
selective_byt5,105027,1.0,0,0,True
selective_byt5,101688,1.0,0,0,True
selective_byt5,104108,1.0,0,0,True
selective_byt5,102045,1.0,0,0,True
selective_byt5,105747,1.0,0,0,True
selective_byt5,103469,1.0,0,0,True
selective_byt5,102378,1.0,0,0,True
selective_byt5,101929,1.0,0,0,True
selective_byt5,105741,1.0,0,0,True
selective_byt5,105058,1.0,0,0,True
selective_byt5,104127,1.0,0,0,True
selective_byt5,103945,1.0,0,0,True
selective_byt5,103165,1.0,0,0,True
selective_byt5,102657,1.0,0,0,True
selective_byt5,100536,1.0,0,0,True
selective_byt5,103736,1.0,0,0,True
selective_byt5,105841,1.0,0,0,True
selective_byt5,105910,1.0,0,0,True
selective_byt5,105840,1.0,0,0,True
selective_byt5,101122,1.0,0,0,True
selective_byt5,101416,1.0,0,0,True
selective_byt5,100534,1.0,0,0,True
selective_byt5,100064,1.0,0,0,True
selective_byt5,100537,1.0,0,0,True
selective_byt5,105430,1.0,0,0,True
selective_byt5,103213,1.0,0,0,True
selective_byt5,103019,1.0,0,0,True
selective_byt5,106120,1.0,0,0,True
selective_byt5,100998,1.0,0,0,True
selective_byt5,104957,1.0,0,0,True
selective_byt5,103687,1.0,0,0,True
selective_byt5,103277,1.0,0,0,True
selective_byt5,104143,1.0,0,0,True
selective_byt5,105226,1.0,0,0,True
selective_byt5,100535,1.0,0,0,True
selective_byt5,101381,1.0,0,0,True
selective_byt5,101730,1.0,0,0,True
selective_byt5,102257,1.0,0,0,True
selective_byt5,105478,1.0,0,0,True
selective_byt5,101172,1.0,0,0,True
selective_byt5,104037,1.0,0,0,True
selective_byt5,101879,1.0,0,0,True
selective_byt5,100989,1.0,0,0,True
selective_byt5,104177,1.0,0,0,True
selective_byt5,100130,1.0,0,0,True
selective_byt5,101881,1.0,0,0,True
selective_byt5,104197,1.0,0,0,True
selective_byt5,105620,1.0,0,0,True
selective_byt5,104129,1.0,0,0,True
selective_byt5,103557,1.0,0,0,True
selective_byt5,105293,1.0,0,0,True
selective_byt5,100200,1.0,0,0,True
selective_byt5,102235,1.0,0,0,True
selective_byt5,105912,1.0,0,0,True
selective_byt5,102238,1.0,0,0,True
selective_byt5,104459,1.0,0,0,True
selective_byt5,103867,1.0,0,0,True
selective_byt5,104627,1.0,0,0,True
selective_byt5,105448,1.0,0,0,True
selective_byt5,101811,1.0,0,0,True
selective_byt5,105336,1.0,0,0,True
selective_byt5,103135,1.0,0,0,True
selective_byt5,104372,1.0,0,0,True
selective_byt5,100002,1.0,0,0,True
selective_byt5,105133,1.0,0,0,True
selective_byt5,104937,1.0,0,0,True
selective_byt5,105446,1.0,0,0,True
selective_byt5,102349,1.0,0,0,True
selective_byt5,104494,1.0,0,0,True
selective_byt5,105294,1.0,0,0,True
selective_byt5,102234,1.0,0,0,True
selective_byt5,103583,1.0,0,0,True
selective_byt5,105900,1.0,0,0,True
selective_byt5,101635,1.0,0,0,True
selective_byt5,106032,1.0,0,0,True
selective_byt5,103040,1.0,0,0,True
selective_byt5,104620,1.0,0,0,True
selective_byt5,103015,1.0,0,0,True
selective_byt5,104754,1.0,0,0,True
selective_byt5,105914,1.0,0,0,True
selective_byt5,104682,1.0,0,0,True
selective_byt5,103566,1.0,0,0,True
selective_byt5,102039,1.0,0,0,True
selective_byt5,101040,1.0,0,0,True
selective_byt5,103637,1.0,0,0,True
selective_byt5,104139,1.0,0,0,True
selective_byt5,105726,1.0,0,0,True
selective_byt5,103193,1.0,0,0,True
selective_byt5,105599,1.0,0,0,True
selective_byt5,104081,1.0,0,0,True
selective_byt5,100992,1.0,0,0,True
selective_byt5,104145,1.0,0,0,True
selective_byt5,100062,1.0,0,0,True
selective_byt5,101038,1.0,0,0,True
selective_byt5,104753,1.0,0,0,True
selective_byt5,101094,1.0,0,0,True
selective_byt5,104574,1.0,0,0,True
selective_byt5,100426,1.0,0,0,True
selective_byt5,104174,1.0,0,0,True
selective_byt5,103201,1.0,0,0,True
selective_byt5,104575,1.0,0,0,True
selective_byt5,102036,1.0,0,0,True
selective_byt5,106117,1.0,0,0,True
selective_byt5,101613,1.0,0,0,True
selective_byt5,104914,1.0,0,0,True
selective_byt5,100136,1.0,0,0,True
selective_byt5,101620,1.0,0,0,True
selective_byt5,106099,1.0,0,0,True
selective_byt5,104472,1.0,0,0,True
selective_byt5,100874,1.0,0,0,True
selective_byt5,103957,1.0,0,0,True
selective_byt5,105331,1.0,0,0,True
selective_byt5,102130,1.0,0,0,True
selective_byt5,100853,1.0,0,0,True
selective_byt5,100101,1.0,0,0,True
selective_byt5,106096,1.0,0,0,True
selective_byt5,100910,1.0,0,0,True
selective_byt5,104258,1.0,0,0,True
selective_byt5,101633,1.0,0,0,True
selective_byt5,101457,1.0,0,0,True
selective_byt5,104084,1.0,0,0,True
selective_byt5,104492,1.0,0,0,True
selective_byt5,105837,1.0,0,0,True
selective_byt5,103196,1.0,0,0,True
selective_byt5,104904,1.0,0,0,True
selective_byt5,105883,1.0,0,0,True
selective_byt5,105619,1.0,0,0,True
selective_byt5,102123,1.0,0,0,True
selective_byt5,104096,1.0,0,0,True
selective_byt5,100700,1.0,0,0,True
selective_byt5,105980,1.0,0,0,True
selective_byt5,105877,1.0,0,0,True
selective_byt5,101557,1.0,0,0,True
selective_byt5,102814,1.0,0,0,True
selective_byt5,101944,1.0,0,0,True
selective_byt5,106000,1.0,0,0,True
selective_byt5,104493,1.0,0,0,True
selective_byt5,105546,1.0,0,0,True
selective_byt5,104100,1.0,0,0,True
selective_byt5,104826,1.0,0,0,True
selective_byt5,103389,1.0,0,0,True
selective_byt5,104590,1.0,0,0,True
selective_byt5,105384,1.0,0,0,True
selective_byt5,105563,1.0,0,0,True
selective_byt5,104907,1.0,0,0,True
selective_byt5,105343,1.0,0,0,True
selective_byt5,103195,1.0,0,0,True
selective_byt5,100131,1.0,0,0,True
selective_byt5,100199,1.0,0,0,True
selective_byt5,103859,1.0,0,0,True
selective_byt5,104240,1.0,0,0,True
selective_byt5,104405,1.0,0,0,True
selective_byt5,105342,1.0,0,0,True
selective_byt5,106114,1.0,0,0,True
selective_byt5,104381,1.0,0,0,True
selective_byt5,103233,1.0,0,0,True
selective_byt5,105334,1.0,0,0,True
selective_byt5,103860,1.0,0,0,True
selective_byt5,105907,1.0,0,0,True
selective_byt5,101629,1.0,0,0,True
selective_byt5,104636,1.0,0,0,True
selective_byt5,101432,1.0,0,0,True
selective_byt5,104082,1.0,0,0,True
selective_byt5,104251,1.0,0,0,True
selective_byt5,103360,1.0,0,0,True
selective_byt5,101631,1.0,0,0,True
selective_byt5,105332,1.0,0,0,True
selective_byt5,104247,1.0,0,0,True
selective_byt5,104910,1.0,0,0,True
selective_byt5,104241,1.0,0,0,True
selective_byt5,104086,1.0,0,0,True
selective_byt5,103806,1.0,0,0,True
selective_byt5,102603,1.0,0,0,True
selective_byt5,104909,1.0,0,0,True
selective_byt5,100099,1.0,0,0,True
selective_byt5,101041,1.0,0,0,True
selective_byt5,104981,1.0,0,0,True
selective_byt5,105836,1.0,0,0,True
selective_byt5,105328,1.0,0,0,True
selective_byt5,105329,1.0,0,0,True
selective_byt5,105538,1.0,0,0,True
selective_byt5,103194,1.0,0,0,True
selective_byt5,104246,1.0,0,0,True
selective_byt5,100400,1.0,0,0,True
selective_byt5,103528,1.0,0,0,True
selective_byt5,105618,1.0,0,0,True
selective_byt5,104573,1.0,0,0,True
selective_byt5,105826,1.0,0,0,True
selective_byt5,104571,1.0,0,0,True
selective_byt5,105578,1.0,0,0,True
selective_byt5,101417,1.0,0,0,True
selective_byt5,100873,1.0,0,0,True
selective_byt5,105417,1.0,0,0,True
selective_byt5,103388,1.0,0,0,True
selective_byt5,104371,1.0,0,0,True
selective_byt5,105972,1.0,0,0,True
selective_byt5,103299,1.0,0,0,True
selective_byt5,100098,1.0,0,0,True
selective_byt5,105088,1.0,0,0,True
selective_byt5,105421,1.0,0,0,True
selective_byt5,103053,1.0,0,0,True
selective_byt5,103384,1.0,0,0,True
selective_byt5,105106,1.0,0,0,True
selective_byt5,102821,1.0,0,0,True
selective_byt5,103072,1.0,0,0,True
selective_byt5,102800,1.0,0,0,True
selective_byt5,102545,1.0,0,0,True
selective_byt5,100916,1.0,0,0,True
selective_byt5,103325,1.0,0,0,True
selective_byt5,101071,1.0,0,0,True
selective_byt5,105763,1.0,0,0,True
selective_byt5,100206,1.0,0,0,True
selective_byt5,103531,1.0,0,0,True
selective_byt5,105749,1.0,0,0,True
selective_byt5,103805,1.0,0,0,True
selective_byt5,105739,1.0,0,0,True
selective_byt5,100065,1.0,0,0,True
selective_byt5,101634,1.0,0,0,True
selective_byt5,101046,1.0,0,0,True
selective_byt5,105464,1.0,0,0,True
selective_byt5,104085,1.0,0,0,True
selective_byt5,105252,1.0,0,0,True
selective_byt5,104768,1.0,0,0,True
selective_byt5,103942,1.0,0,0,True
selective_byt5,101327,1.0,0,0,True
selective_byt5,104652,1.0,0,0,True
selective_byt5,102507,1.0,0,0,True
selective_byt5,102931,1.0,0,0,True
selective_byt5,101676,1.0,0,0,True
selective_byt5,105335,1.0,0,0,True
selective_byt5,104829,1.0,0,0,True
selective_byt5,102167,1.0,0,0,True
selective_byt5,104622,1.0,0,0,True
selective_byt5,102144,1.0,0,0,True
selective_byt5,105346,1.0,0,0,True
selective_byt5,105971,1.0,0,0,True
selective_byt5,105930,1.0,0,0,True
selective_byt5,105671,1.0,0,0,True
selective_byt5,100151,1.0,0,0,True
selective_byt5,104185,1.0,0,0,True
selective_byt5,105110,1.0,0,0,True
selective_byt5,102967,1.0,0,0,True
selective_byt5,105221,1.0,0,0,True
selective_byt5,100384,1.0,0,0,True
selective_byt5,102328,1.0,0,0,True
selective_byt5,105927,1.0,0,0,True
selective_byt5,102933,1.0,0,0,True
selective_byt5,105592,1.0,0,0,True
selective_byt5,105463,1.0,0,0,True
selective_byt5,103756,1.0,0,0,True
selective_byt5,105668,1.0,0,0,True
selective_byt5,104489,1.0,0,0,True
selective_byt5,102867,1.0,0,0,True
selective_byt5,104144,1.0,0,0,True
selective_byt5,104619,1.0,0,0,True
selective_byt5,103175,1.0,0,0,True
selective_byt5,104770,1.0,0,0,True
selective_byt5,100696,1.0,0,0,True
selective_byt5,104769,1.0,0,0,True
selective_byt5,105678,1.0,0,0,True
selective_byt5,105821,1.0,0,0,True
selective_byt5,103329,1.0,0,0,True
selective_byt5,100039,1.0,0,0,True
selective_byt5,105667,1.0,0,0,True
selective_byt5,105304,1.0,0,0,True
selective_byt5,104671,1.0,0,0,True
selective_byt5,105743,1.0,0,0,True
selective_byt5,102526,1.0,0,0,True
selective_byt5,104416,1.0,0,0,True
selective_byt5,100543,1.0,0,0,True
selective_byt5,101496,1.0,0,0,True
selective_byt5,102730,1.0,0,0,True
selective_byt5,100135,1.0,0,0,True
selective_byt5,101080,1.0,0,0,True
selective_byt5,100160,1.0,0,0,True
selective_byt5,105539,1.0,0,0,True
selective_byt5,101792,1.0,0,0,True
selective_byt5,105268,1.0,0,0,True
selective_byt5,103116,1.0,0,0,True
selective_byt5,105929,1.0,0,0,True
selective_byt5,104848,1.0,0,0,True
selective_byt5,102731,1.0,0,0,True
selective_byt5,103181,1.0,0,0,True
selective_byt5,101232,1.0,0,0,True
selective_byt5,101933,1.0,0,0,True
selective_byt5,101174,1.0,0,0,True
selective_byt5,100792,1.0,0,0,True
selective_byt5,101162,1.0,0,0,True
selective_byt5,100545,1.0,0,0,True
selective_byt5,105864,1.0,0,0,True
selective_byt5,104895,1.0,0,0,True
selective_byt5,104364,1.0,0,0,True
selective_byt5,104310,1.0,0,0,True
selective_byt5,101458,1.0,0,0,True
selective_byt5,105988,1.0,0,0,True
selective_byt5,104714,1.0,0,0,True
selective_byt5,105979,1.0,0,0,True
selective_byt5,103054,1.0,0,0,True
selective_byt5,104370,1.0,0,0,True
selective_byt5,100385,1.0,0,0,True
selective_byt5,103462,1.0,0,0,True
selective_byt5,105423,1.0,0,0,True
selective_byt5,105819,1.0,0,0,True
selective_byt5,105721,1.0,0,0,True
selective_byt5,103106,1.0,0,0,True
selective_byt5,104338,1.0,0,0,True
selective_byt5,103386,1.0,0,0,True
selective_byt5,105555,1.0,0,0,True
selective_byt5,104976,1.0,0,0,True
selective_byt5,105248,1.0,0,0,True
selective_byt5,104818,1.0,0,0,True
selective_byt5,103530,1.0,0,0,True
selective_byt5,105723,1.0,0,0,True
selective_byt5,105090,1.0,0,0,True
selective_byt5,102943,1.0,0,0,True
selective_byt5,104893,1.0,0,0,True
selective_byt5,105982,1.0,0,0,True
selective_byt5,105649,1.0,0,0,True
selective_byt5,103830,1.0,0,0,True
selective_byt5,104701,1.0,0,0,True
selective_byt5,103459,1.0,0,0,True
selective_byt5,104491,1.0,0,0,True
selective_byt5,104490,1.0,0,0,True
selective_byt5,106168,1.0,0,0,True
selective_byt5,102551,1.0,0,0,True
selective_byt5,105182,1.0,0,0,True
selective_byt5,100909,1.0,0,0,True
selective_byt5,105637,1.0,0,0,True
selective_byt5,103976,1.0,0,0,True
selective_byt5,104772,1.0,0,0,True
selective_byt5,100076,1.0,0,0,True
selective_byt5,105670,1.0,0,0,True
selective_byt5,106076,1.0,0,0,True
selective_byt5,105861,1.0,0,0,True
selective_byt5,100911,1.0,0,0,True
selective_byt5,104703,1.0,0,0,True
selective_byt5,100876,1.0,0,0,True
selective_byt5,105860,1.0,0,0,True
selective_byt5,100531,1.0,0,0,True
selective_byt5,105720,1.0,0,0,True
selective_byt5,102477,1.0,0,0,True
selective_byt5,103129,1.0,0,0,True
selective_byt5,106054,1.0,0,0,True
selective_byt5,104634,1.0,0,0,True
selective_byt5,103008,1.0,0,0,True
selective_byt5,105702,1.0,0,0,True
selective_byt5,101686,1.0,0,0,True
selective_byt5,103549,1.0,0,0,True
selective_byt5,100778,1.0,0,0,True
selective_byt5,105811,1.0,0,0,True
selective_byt5,101935,1.0,0,0,True
selective_byt5,105598,1.0,0,0,True
selective_byt5,105748,1.0,0,0,True
selective_byt5,104373,1.0,0,0,True
selective_byt5,101603,1.0,0,0,True
selective_byt5,103812,1.0,0,0,True
selective_byt5,102732,1.0,0,0,True
selective_byt5,101340,1.0,0,0,True
selective_byt5,105353,1.0,0,0,True
selective_byt5,102283,1.0,0,0,True
selective_byt5,100854,1.0,0,0,True
selective_byt5,102957,1.0,0,0,True
selective_byt5,102121,1.0,0,0,True
selective_byt5,103313,1.0,0,0,True
selective_byt5,103699,1.0,0,0,True
selective_byt5,100232,1.0,0,0,True
selective_byt5,104630,1.0,0,0,True
selective_byt5,103752,1.0,0,0,True
selective_byt5,105554,1.0,0,0,True
selective_byt5,101083,1.0,0,0,True
selective_byt5,105808,1.0,0,0,True
selective_byt5,102474,1.0,0,0,True
selective_byt5,102733,1.0,0,0,True
selective_byt5,103458,1.0,0,0,True
selective_byt5,102734,1.0,0,0,True
selective_byt5,102515,1.0,0,0,True
selective_byt5,105719,1.0,0,0,True
selective_byt5,101646,1.0,0,0,True
selective_byt5,105526,1.0,0,0,True
selective_byt5,103446,1.0,0,0,True
selective_byt5,105596,1.0,0,0,True
selective_byt5,105696,1.0,0,0,True
selective_byt5,105483,1.0,0,0,True
selective_byt5,105052,1.0,0,0,True
selective_byt5,102145,1.0,0,0,True
selective_byt5,103698,1.0,0,0,True
selective_byt5,101024,1.0,0,0,True
selective_byt5,105494,1.0,0,0,True
selective_byt5,100116,1.0,0,0,True
selective_byt5,102917,1.0,0,0,True
selective_byt5,104812,1.0,0,0,True
selective_byt5,101053,1.0,0,0,True
selective_byt5,105321,1.0,0,0,True
selective_byt5,106131,1.0,0,0,True
selective_byt5,101031,1.0,0,0,True
selective_byt5,105886,1.0,0,0,True
selective_byt5,105562,1.0,0,0,True
selective_byt5,100554,1.0,0,0,True
selective_byt5,105534,1.0,0,0,True
selective_byt5,101717,1.0,0,0,True
selective_byt5,100412,1.0,0,0,True
selective_byt5,100411,1.0,0,0,True
selective_byt5,104452,1.0,0,0,True
selective_byt5,105879,1.0,0,0,True
selective_byt5,105602,1.0,0,0,True
selective_byt5,101136,1.0,0,0,True
selective_byt5,104362,1.0,0,0,True
selective_byt5,105303,1.0,0,0,True
selective_byt5,101687,1.0,0,0,True
selective_byt5,104690,1.0,0,0,True
selective_byt5,101778,1.0,0,0,True
selective_byt5,106027,1.0,0,0,True
selective_byt5,105853,1.0,0,0,True
selective_byt5,105855,1.0,0,0,True
selective_byt5,105261,1.0,0,0,True
selective_byt5,104064,1.0,0,0,True
selective_byt5,104888,1.0,0,0,True
selective_byt5,103697,1.0,0,0,True
selective_byt5,102384,1.0,0,0,True
selective_byt5,106075,1.0,0,0,True
selective_byt5,105323,1.0,0,0,True
selective_byt5,105484,1.0,0,0,True
selective_byt5,102217,1.0,0,0,True
selective_byt5,106077,1.0,0,0,True
selective_byt5,101741,1.0,0,0,True
selective_byt5,105737,1.0,0,0,True
selective_byt5,103862,1.0,0,0,True
selective_byt5,100163,1.0,0,0,True
selective_byt5,102942,1.0,0,0,True
selective_byt5,104852,1.0,0,0,True
selective_byt5,101456,1.0,0,0,True
selective_byt5,105486,1.0,0,0,True
selective_byt5,105173,1.0,0,0,True
selective_byt5,105060,1.0,0,0,True
selective_byt5,100486,1.0,0,0,True
selective_byt5,102767,1.0,0,0,True
selective_byt5,102963,1.0,0,0,True
selective_byt5,103273,1.0,0,0,True
selective_byt5,103951,1.0,0,0,True
selective_byt5,103949,1.0,0,0,True
selective_byt5,102146,1.0,0,0,True
selective_byt5,102046,1.0,0,0,True
selective_byt5,104704,1.0,0,0,True
selective_byt5,100231,1.0,0,0,True
selective_byt5,100275,1.0,0,0,True
selective_byt5,103390,1.0,0,0,True
selective_byt5,105812,1.0,0,0,True
selective_byt5,102048,1.0,0,0,True
selective_byt5,103694,1.0,0,0,True
selective_byt5,103094,1.0,0,0,True
selective_byt5,105485,1.0,0,0,True
selective_byt5,101358,1.0,0,0,True
selective_byt5,105492,1.0,0,0,True
selective_byt5,105856,1.0,0,0,True
selective_byt5,102735,1.0,0,0,True
selective_byt5,101934,1.0,0,0,True
selective_byt5,104689,1.0,0,0,True
selective_byt5,105601,1.0,0,0,True
selective_byt5,104700,1.0,0,0,True
selective_byt5,101262,1.0,0,0,True
selective_byt5,106152,1.0,0,0,True
selective_byt5,104702,1.0,0,0,True
selective_byt5,104412,1.0,0,0,True
selective_byt5,104413,1.0,0,0,True
selective_byt5,104414,1.0,0,0,True
selective_byt5,104415,1.0,0,0,True
selective_byt5,101244,1.0,0,0,True
selective_byt5,103272,1.0,0,0,True
selective_byt5,104960,1.0,0,0,True
selective_byt5,105571,1.0,0,0,True
selective_byt5,101487,1.0,0,0,True
selective_byt5,102396,1.0,0,0,True
selective_byt5,101274,1.0,0,0,True
selective_byt5,106059,1.0,0,0,True
selective_byt5,104101,1.0,0,0,True
selective_byt5,104236,1.0,0,0,True
selective_byt5,100367,1.0,0,0,True
selective_byt5,100010,1.0,0,0,True
selective_byt5,103306,1.0,0,0,True
selective_byt5,101347,1.0,0,0,True
selective_byt5,101142,1.0,0,0,True
selective_byt5,102611,1.0,0,0,True
selective_byt5,104624,1.0,0,0,True
selective_byt5,101962,1.0,0,0,True
selective_byt5,104180,1.0,0,0,True
selective_byt5,104591,1.0,0,0,True
selective_byt5,105097,1.0,0,0,True
selective_byt5,101158,1.0,0,0,True
selective_byt5,100929,1.0,0,0,True
selective_byt5,106033,1.0,0,0,True
selective_byt5,100584,1.0,0,0,True
selective_byt5,105281,1.0,0,0,True
selective_byt5,100977,1.0,0,0,True
selective_byt5,103224,1.0,0,0,True
selective_byt5,100466,1.0,0,0,True
selective_byt5,103190,1.0,0,0,True
selective_byt5,104315,1.0,0,0,True
selective_byt5,100567,1.0,0,0,True
selective_byt5,100028,1.0,0,0,True
selective_byt5,102638,1.0,0,0,True
selective_byt5,104314,1.0,0,0,True
selective_byt5,106002,1.0,0,0,True
selective_byt5,101248,1.0,0,0,True
selective_byt5,103099,1.0,0,0,True
selective_byt5,103607,1.0,0,0,True
selective_byt5,104738,1.0,0,0,True
selective_byt5,101469,1.0,0,0,True
selective_byt5,105506,1.0,0,0,True
selective_byt5,104665,1.0,0,0,True
selective_byt5,104513,1.0,0,0,True
selective_byt5,100733,1.0,0,0,True
selective_byt5,101045,1.0,0,0,True
selective_byt5,104046,1.0,0,0,True
selective_byt5,100705,1.0,0,0,True
selective_byt5,105616,1.0,0,0,True
selective_byt5,100164,1.0,0,0,True
selective_byt5,101134,1.0,0,0,True
selective_byt5,100117,1.0,0,0,True
selective_byt5,100730,1.0,0,0,True
selective_byt5,105254,1.0,0,0,True
selective_byt5,105073,1.0,0,0,True
selective_byt5,102663,1.0,0,0,True
selective_byt5,103911,1.0,0,0,True
selective_byt5,103782,1.0,0,0,True
selective_byt5,100557,1.0,0,0,True
selective_byt5,100921,1.0,0,0,True
selective_byt5,104446,1.0,0,0,True
selective_byt5,102948,1.0,0,0,True
selective_byt5,103301,1.0,0,0,True
selective_byt5,102918,1.0,0,0,True
selective_byt5,102156,1.0,0,0,True
selective_byt5,100875,1.0,0,0,True
selective_byt5,105797,1.0,0,0,True
selective_byt5,102576,1.0,0,0,True
selective_byt5,103596,1.0,0,0,True
selective_byt5,102689,1.0,0,0,True
selective_byt5,100040,1.0,0,0,True
selective_byt5,104294,1.0,0,0,True
selective_byt5,105348,1.0,0,0,True
selective_byt5,106140,1.0,0,0,True
selective_byt5,103986,1.0,0,0,True
selective_byt5,104166,1.0,0,0,True
selective_byt5,103220,1.0,0,0,True
selective_byt5,105954,1.0,0,0,True
selective_byt5,104427,1.0,0,0,True
selective_byt5,105063,1.0,0,0,True
selective_byt5,103215,1.0,0,0,True
selective_byt5,102660,1.0,0,0,True
selective_byt5,105932,1.0,0,0,True
selective_byt5,100987,1.0,0,0,True
selective_byt5,104723,1.0,0,0,True
selective_byt5,105375,1.0,0,0,True
selective_byt5,105211,1.0,0,0,True
selective_byt5,100413,1.0,0,0,True
selective_byt5,101488,1.0,0,0,True
selective_byt5,101756,1.0,0,0,True
selective_byt5,100226,1.0,0,0,True
selective_byt5,102713,1.0,0,0,True
selective_byt5,105307,1.0,0,0,True
selective_byt5,105439,1.0,0,0,True
selective_byt5,102640,1.0,0,0,True
selective_byt5,102383,1.0,0,0,True
selective_byt5,102798,1.0,0,0,True
selective_byt5,105659,1.0,0,0,True
selective_byt5,106136,1.0,0,0,True
selective_byt5,105923,1.0,0,0,True
selective_byt5,100092,1.0,0,0,True
selective_byt5,102098,1.0,0,0,True
selective_byt5,105019,1.0,0,0,True
selective_byt5,104063,1.0,0,0,True
selective_byt5,104308,1.0,0,0,True
selective_byt5,104443,1.0,0,0,True
selective_byt5,100891,1.0,0,0,True
selective_byt5,103442,1.0,0,0,True
selective_byt5,101364,1.0,0,0,True
selective_byt5,100967,1.0,0,0,True
selective_byt5,101795,1.0,0,0,True
selective_byt5,100203,1.0,0,0,True
selective_byt5,105999,1.0,0,0,True
selective_byt5,103206,1.0,0,0,True
selective_byt5,105208,1.0,0,0,True
selective_byt5,104515,1.0,0,0,True
selective_byt5,105001,1.0,0,0,True
selective_byt5,102330,1.0,0,0,True
selective_byt5,105308,1.0,0,0,True
selective_byt5,106026,1.0,0,0,True
selective_byt5,101373,1.0,0,0,True
selective_byt5,104659,1.0,0,0,True
selective_byt5,103323,1.0,0,0,True
selective_byt5,102461,1.0,0,0,True
selective_byt5,104499,1.0,0,0,True
selective_byt5,101241,1.0,0,0,True
selective_byt5,104183,1.0,0,0,True
selective_byt5,100073,1.0,0,0,True
selective_byt5,105148,1.0,0,0,True
selective_byt5,100417,1.0,0,0,True
selective_byt5,105414,1.0,0,0,True
selective_byt5,103863,1.0,0,0,True
selective_byt5,104471,1.0,0,0,True
selective_byt5,105549,1.0,0,0,True
selective_byt5,101215,1.0,0,0,True
selective_byt5,103346,1.0,0,0,True
selective_byt5,101498,1.0,0,0,True
selective_byt5,102169,1.0,0,0,True
selective_byt5,101561,1.0,0,0,True
selective_byt5,104450,1.0,0,0,True
selective_byt5,103420,1.0,0,0,True
selective_byt5,100333,1.0,0,0,True
selective_byt5,104291,1.0,0,0,True
selective_byt5,101427,1.0,0,0,True
selective_byt5,105480,1.0,0,0,True
selective_byt5,102999,1.0,0,0,True
selective_byt5,104889,1.0,0,0,True
selective_byt5,102593,1.0,0,0,True
selective_byt5,101575,1.0,0,0,True
selective_byt5,100344,1.0,0,0,True
selective_byt5,101516,1.0,0,0,True
selective_byt5,104357,1.0,0,0,True
selective_byt5,100266,1.0,0,0,True
selective_byt5,100286,1.0,0,0,True
selective_byt5,105590,1.0,0,0,True
selective_byt5,105518,1.0,0,0,True
selective_byt5,103038,1.0,0,0,True
selective_byt5,102375,1.0,0,0,True
selective_byt5,103708,1.0,0,0,True
selective_byt5,103505,1.0,0,0,True
selective_byt5,104724,1.0,0,0,True
selective_byt5,105276,1.0,0,0,True
selective_byt5,105402,1.0,0,0,True
selective_byt5,100915,1.0,0,0,True
selective_byt5,102908,1.0,0,0,True
selective_byt5,103461,1.0,0,0,True
selective_byt5,100150,1.0,0,0,True
selective_byt5,101217,1.0,0,0,True
selective_byt5,100759,1.0,0,0,True
selective_byt5,100652,1.0,0,0,True
selective_byt5,100440,1.0,0,0,True
selective_byt5,100646,1.0,0,0,True
selective_byt5,100820,1.0,0,0,True
selective_byt5,103100,1.0,0,0,True
selective_byt5,101337,1.0,0,0,True
selective_byt5,104115,1.0,0,0,True
selective_byt5,105639,1.0,0,0,True
selective_byt5,105075,1.0,0,0,True
selective_byt5,106013,1.0,0,0,True
selective_byt5,100811,1.0,0,0,True
selective_byt5,102536,1.0,0,0,True
selective_byt5,102029,1.0,0,0,True
selective_byt5,105983,1.0,0,0,True
selective_byt5,103238,1.0,0,0,True
selective_byt5,105004,1.0,0,0,True
selective_byt5,105966,1.0,0,0,True
selective_byt5,105177,1.0,0,0,True
selective_byt5,103315,1.0,0,0,True
selective_byt5,100260,1.0,0,0,True
selective_byt5,105142,1.0,0,0,True
selective_byt5,105724,1.0,0,0,True
selective_byt5,102079,1.0,0,0,True
selective_byt5,103948,1.0,0,0,True
selective_byt5,103817,1.0,0,0,True
selective_byt5,100736,1.0,0,0,True
selective_byt5,101986,1.0,0,0,True
selective_byt5,102958,1.0,0,0,True
selective_byt5,103144,1.0,0,0,True
selective_byt5,101904,1.0,0,0,True
selective_byt5,102581,1.0,0,0,True
selective_byt5,101930,1.0,0,0,True
selective_byt5,102286,1.0,0,0,True
selective_byt5,103822,1.0,0,0,True
selective_byt5,103105,1.0,0,0,True
selective_byt5,100179,1.0,0,0,True
selective_byt5,100264,1.0,0,0,True
selective_byt5,100293,1.0,0,0,True
selective_byt5,105529,1.0,0,0,True
selective_byt5,104952,1.0,0,0,True
selective_byt5,104595,1.0,0,0,True
selective_byt5,105498,1.0,0,0,True
selective_byt5,100014,1.0,0,0,True
selective_byt5,106101,1.0,0,0,True
selective_byt5,102401,1.0,0,0,True
selective_byt5,105467,1.0,0,0,True
selective_byt5,103126,1.0,0,0,True
selective_byt5,102172,1.0,0,0,True
selective_byt5,105843,1.0,0,0,True
selective_byt5,101474,1.0,0,0,True
selective_byt5,105796,1.0,0,0,True
selective_byt5,103056,1.0,0,0,True
selective_byt5,101243,1.0,0,0,True
selective_byt5,105928,1.0,0,0,True
selective_byt5,105503,1.0,0,0,True
selective_byt5,103397,1.0,0,0,True
selective_byt5,104484,1.0,0,0,True
selective_byt5,102185,1.0,0,0,True
selective_byt5,100031,1.0,0,0,True
selective_byt5,103930,1.0,0,0,True
selective_byt5,101087,1.0,0,0,True
selective_byt5,100490,1.0,0,0,True
selective_byt5,101440,1.0,0,0,True
selective_byt5,102539,1.0,0,0,True
selective_byt5,105866,1.0,0,0,True
selective_byt5,101842,1.0,0,0,True
selective_byt5,103542,1.0,0,0,True
selective_byt5,101220,1.0,0,0,True
selective_byt5,102296,1.0,0,0,True
selective_byt5,101880,1.0,0,0,True
selective_byt5,100337,1.0,0,0,True
selective_byt5,101690,1.0,0,0,True
selective_byt5,102301,1.0,0,0,True
selective_byt5,101535,1.0,0,0,True
selective_byt5,104898,1.0,0,0,True
selective_byt5,103113,1.0,0,0,True
selective_byt5,105330,1.0,0,0,True
selective_byt5,102980,1.0,0,0,True
selective_byt5,102865,1.0,0,0,True
selective_byt5,100924,1.0,0,0,True
selective_byt5,105473,1.0,0,0,True
selective_byt5,100589,1.0,0,0,True
selective_byt5,100459,1.0,0,0,True
selective_byt5,105692,1.0,0,0,True
selective_byt5,101355,1.0,0,0,True
selective_byt5,101683,1.0,0,0,True
selective_byt5,101924,1.0,0,0,True
selective_byt5,104730,1.0,0,0,True
selective_byt5,104807,1.0,0,0,True
selective_byt5,101401,1.0,0,0,True
selective_byt5,100077,1.0,0,0,True
selective_byt5,100823,1.0,0,0,True
selective_byt5,100680,1.0,0,0,True
selective_byt5,104539,1.0,0,0,True
selective_byt5,105388,1.0,0,0,True
selective_byt5,103375,1.0,0,0,True
selective_byt5,100719,1.0,0,0,True
selective_byt5,100598,1.0,0,0,True
selective_byt5,100643,1.0,0,0,True
selective_byt5,101282,1.0,0,0,True
selective_byt5,100127,1.0,0,0,True
selective_byt5,103480,1.0,0,0,True
selective_byt5,104302,1.0,0,0,True
selective_byt5,100648,1.0,0,0,True
selective_byt5,103562,1.0,0,0,True
selective_byt5,105145,1.0,0,0,True
selective_byt5,100757,1.0,0,0,True
selective_byt5,106023,1.0,0,0,True
selective_byt5,104939,1.0,0,0,True
selective_byt5,100345,1.0,0,0,True
selective_byt5,100727,1.0,0,0,True
selective_byt5,103974,1.0,0,0,True
selective_byt5,100201,1.0,0,0,True
selective_byt5,104614,1.0,0,0,True
selective_byt5,104290,1.0,0,0,True
selective_byt5,101744,1.0,0,0,True
selective_byt5,104441,1.0,0,0,True
selective_byt5,106162,1.0,0,0,True
selective_byt5,104663,1.0,0,0,True
selective_byt5,104155,1.0,0,0,True
selective_byt5,100574,1.0,0,0,True
selective_byt5,103271,1.0,0,0,True
selective_byt5,103938,1.0,0,0,True
selective_byt5,105174,1.0,0,0,True
selective_byt5,102189,1.0,0,0,True
selective_byt5,105859,1.0,0,0,True
selective_byt5,105852,1.0,0,0,True
selective_byt5,101412,1.0,0,0,True
selective_byt5,104211,1.0,0,0,True
selective_byt5,100611,1.0,0,0,True
selective_byt5,101829,1.0,0,0,True
selective_byt5,103274,1.0,0,0,True
selective_byt5,103457,1.0,0,0,True
selective_byt5,103421,1.0,0,0,True
selective_byt5,102619,1.0,0,0,True
selective_byt5,105502,1.0,0,0,True
selective_byt5,105896,1.0,0,0,True
selective_byt5,103515,1.0,0,0,True
selective_byt5,104946,1.0,0,0,True
selective_byt5,104333,1.0,0,0,True
selective_byt5,100493,1.0,0,0,True
selective_byt5,102686,1.0,0,0,True
selective_byt5,102489,1.0,0,0,True
selective_byt5,100050,1.0,0,0,True
selective_byt5,100982,1.0,0,0,True
selective_byt5,105594,1.0,0,0,True
selective_byt5,104326,1.0,0,0,True
selective_byt5,101349,1.0,0,0,True
selective_byt5,104060,1.0,0,0,True
selective_byt5,104419,1.0,0,0,True
selective_byt5,102916,1.0,0,0,True
selective_byt5,101742,1.0,0,0,True
selective_byt5,103502,1.0,0,0,True
selective_byt5,104157,1.0,0,0,True
selective_byt5,105605,1.0,0,0,True
selective_byt5,105202,1.0,0,0,True
selective_byt5,105320,1.0,0,0,True
selective_byt5,103289,1.0,0,0,True
selective_byt5,100839,1.0,0,0,True
selective_byt5,105104,1.0,0,0,True
selective_byt5,100566,1.0,0,0,True
selective_byt5,103703,1.0,0,0,True
selective_byt5,100124,1.0,0,0,True
selective_byt5,105537,1.0,0,0,True
selective_byt5,104353,1.0,0,0,True
selective_byt5,102826,1.0,0,0,True
selective_byt5,104292,1.0,0,0,True
selective_byt5,104192,1.0,0,0,True
selective_byt5,100793,1.0,0,0,True
selective_byt5,106040,1.0,0,0,True
selective_byt5,105718,1.0,0,0,True
selective_byt5,104831,1.0,0,0,True
selective_byt5,104707,1.0,0,0,True
selective_byt5,100660,1.0,0,0,True
selective_byt5,100779,1.0,0,0,True
selective_byt5,100377,1.0,0,0,True
selective_byt5,104971,1.0,0,0,True
selective_byt5,100561,1.0,0,0,True
selective_byt5,101362,1.0,0,0,True
selective_byt5,101179,1.0,0,0,True
selective_byt5,101486,1.0,0,0,True
selective_byt5,103832,1.0,0,0,True
selective_byt5,105835,1.0,0,0,True
selective_byt5,106167,1.0,0,0,True
selective_byt5,104306,1.0,0,0,True
selective_byt5,101430,1.0,0,0,True
selective_byt5,102318,1.0,0,0,True
selective_byt5,101460,1.0,0,0,True
selective_byt5,100607,1.0,0,0,True
selective_byt5,101247,1.0,0,0,True
selective_byt5,104781,1.0,0,0,True
selective_byt5,106125,1.0,0,0,True
selective_byt5,100339,1.0,0,0,True
selective_byt5,103890,1.0,0,0,True
selective_byt5,104795,1.0,0,0,True
selective_byt5,103768,1.0,0,0,True
selective_byt5,105404,1.0,0,0,True
selective_byt5,103912,1.0,0,0,True
selective_byt5,100154,1.0,0,0,True
selective_byt5,105459,1.0,0,0,True
selective_byt5,102697,1.0,0,0,True
selective_byt5,100508,1.0,0,0,True
selective_byt5,103379,1.0,0,0,True
selective_byt5,106157,1.0,0,0,True
selective_byt5,102406,1.0,0,0,True
selective_byt5,100035,1.0,0,0,True
selective_byt5,102307,1.0,0,0,True
selective_byt5,100678,1.0,0,0,True
selective_byt5,105169,1.0,0,0,True
selective_byt5,101884,1.0,0,0,True
selective_byt5,100959,1.0,0,0,True
selective_byt5,101538,1.0,0,0,True
selective_byt5,104994,1.0,0,0,True
selective_byt5,101376,1.0,0,0,True
selective_byt5,102971,1.0,0,0,True
selective_byt5,103266,1.0,0,0,True
selective_byt5,103199,1.0,0,0,True
selective_byt5,101285,1.0,0,0,True
selective_byt5,100511,1.0,0,0,True
selective_byt5,102583,1.0,0,0,True
selective_byt5,101908,1.0,0,0,True
selective_byt5,105732,1.0,0,0,True
selective_byt5,104792,1.0,0,0,True
selective_byt5,102420,1.0,0,0,True
selective_byt5,102805,1.0,0,0,True
selective_byt5,106098,1.0,0,0,True
selective_byt5,105595,1.0,0,0,True
selective_byt5,106080,1.0,0,0,True
selective_byt5,105580,1.0,0,0,True
selective_byt5,105236,1.0,0,0,True
selective_byt5,103994,1.0,0,0,True
selective_byt5,103453,1.0,0,0,True
selective_byt5,101545,1.0,0,0,True
selective_byt5,100291,1.0,0,0,True
selective_byt5,105493,1.0,0,0,True
selective_byt5,104638,1.0,0,0,True
selective_byt5,104132,1.0,0,0,True
selective_byt5,101514,1.0,0,0,True
selective_byt5,100069,1.0,0,0,True
selective_byt5,100278,1.0,0,0,True
selective_byt5,105267,1.0,0,0,True
selective_byt5,101776,1.0,0,0,True
selective_byt5,105023,1.0,0,0,True
selective_byt5,102309,1.0,0,0,True
selective_byt5,103432,1.0,0,0,True
selective_byt5,102983,1.0,0,0,True
selective_byt5,105617,1.0,0,0,True
selective_byt5,100754,1.0,0,0,True
selective_byt5,103943,1.0,0,0,True
selective_byt5,104110,1.0,0,0,True
selective_byt5,100078,1.0,0,0,True
selective_byt5,100855,1.0,0,0,True
selective_byt5,105942,1.0,0,0,True
selective_byt5,102627,1.0,0,0,True
selective_byt5,101251,1.0,0,0,True
selective_byt5,103575,1.0,0,0,True
selective_byt5,101992,1.0,0,0,True
selective_byt5,102271,1.0,0,0,True
selective_byt5,102439,1.0,0,0,True
selective_byt5,101936,1.0,0,0,True
selective_byt5,100054,1.0,0,0,True
selective_byt5,103742,1.0,0,0,True
selective_byt5,106119,1.0,0,0,True
selective_byt5,101578,1.0,0,0,True
selective_byt5,104411,1.0,0,0,True
selective_byt5,103254,1.0,0,0,True
selective_byt5,105784,1.0,0,0,True
selective_byt5,105187,1.0,0,0,True
selective_byt5,101810,1.0,0,0,True
selective_byt5,101850,1.0,0,0,True
selective_byt5,104401,1.0,0,0,True
selective_byt5,102616,1.0,0,0,True
selective_byt5,104979,1.0,0,0,True
selective_byt5,104885,1.0,0,0,True
selective_byt5,105491,1.0,0,0,True
selective_byt5,100892,1.0,0,0,True
selective_byt5,103090,1.0,0,0,True
selective_byt5,100985,1.0,0,0,True
selective_byt5,103059,1.0,0,0,True
selective_byt5,103803,1.0,0,0,True
selective_byt5,104790,1.0,0,0,True
selective_byt5,100172,1.0,0,0,True
selective_byt5,105556,1.0,0,0,True
selective_byt5,101312,1.0,0,0,True
selective_byt5,103358,1.0,0,0,True
selective_byt5,103297,1.0,0,0,True
selective_byt5,105997,1.0,0,0,True
selective_byt5,101956,1.0,0,0,True
selective_byt5,105434,1.0,0,0,True
selective_byt5,100729,1.0,0,0,True
selective_byt5,102568,1.0,0,0,True
selective_byt5,101015,1.0,0,0,True
selective_byt5,105183,1.0,0,0,True
selective_byt5,105658,1.0,0,0,True
selective_byt5,103729,1.0,0,0,True
selective_byt5,100270,1.0,0,0,True
selective_byt5,101668,1.0,0,0,True
selective_byt5,102159,1.0,0,0,True
selective_byt5,100688,1.0,0,0,True
selective_byt5,105640,1.0,0,0,True
selective_byt5,102763,1.0,0,0,True
selective_byt5,101896,1.0,0,0,True
selective_byt5,104554,1.0,0,0,True
selective_byt5,106058,1.0,0,0,True
selective_byt5,100492,1.0,0,0,True
selective_byt5,104857,1.0,0,0,True
selective_byt5,102914,1.0,0,0,True
selective_byt5,103310,1.0,0,0,True
selective_byt5,100714,1.0,0,0,True
selective_byt5,105767,1.0,0,0,True
selective_byt5,101791,1.0,0,0,True
selective_byt5,100170,1.0,0,0,True
selective_byt5,100109,1.0,0,0,True
selective_byt5,100019,1.0,0,0,True
selective_byt5,101967,1.0,0,0,True
selective_byt5,105233,1.0,0,0,True
selective_byt5,100889,1.0,0,0,True
selective_byt5,102220,1.0,0,0,True
selective_byt5,101860,1.0,0,0,True
selective_byt5,102520,1.0,0,0,True
selective_byt5,104677,1.0,0,0,True
selective_byt5,101647,1.0,0,0,True
selective_byt5,101017,1.0,0,0,True
selective_byt5,104430,1.0,0,0,True
selective_byt5,100438,1.0,0,0,True
selective_byt5,106048,1.0,0,0,True
selective_byt5,105341,1.0,0,0,True
selective_byt5,102064,1.0,0,0,True
selective_byt5,102176,1.0,0,0,True
selective_byt5,101923,1.0,0,0,True
selective_byt5,100276,1.0,0,0,True
selective_byt5,104045,1.0,0,0,True
selective_byt5,103489,1.0,0,0,True
selective_byt5,105760,1.0,0,0,True
rules_then_byt5,100593,1.0,0,0,True
rules_then_byt5,102033,1.0,0,0,True
rules_then_byt5,101149,1.0,0,0,True
rules_then_byt5,101313,1.0,0,0,True
rules_then_byt5,101585,1.0,0,0,True
rules_then_byt5,104924,1.0,0,0,True
rules_then_byt5,106079,1.0,0,0,True
rules_then_byt5,105931,1.0,0,0,True
rules_then_byt5,104757,1.0,0,0,True
rules_then_byt5,103586,1.0,0,0,True
rules_then_byt5,103548,1.0,0,0,True
rules_then_byt5,104692,1.0,0,0,True
rules_then_byt5,102024,1.0,0,0,True
rules_then_byt5,103929,1.0,0,0,True
rules_then_byt5,104265,1.0,0,0,True
rules_then_byt5,102906,1.0,0,0,True
rules_then_byt5,104548,1.0,0,0,True
rules_then_byt5,101168,1.0,0,0,True
rules_then_byt5,102993,1.0,0,0,True
rules_then_byt5,101893,1.0,0,0,True
rules_then_byt5,102772,1.0,0,0,True
rules_then_byt5,102259,1.0,0,0,True
rules_then_byt5,102158,1.0,0,0,True
rules_then_byt5,105204,1.0,0,0,True
rules_then_byt5,103248,1.0,0,0,True
rules_then_byt5,100864,1.0,0,0,True
rules_then_byt5,100865,1.0,0,0,True
rules_then_byt5,101636,1.0,0,0,True
rules_then_byt5,101849,1.0,0,0,True
rules_then_byt5,104993,1.0,0,0,True
rules_then_byt5,102708,1.0,0,0,True
rules_then_byt5,102630,1.0,0,0,True
rules_then_byt5,104153,1.0,0,0,True
rules_then_byt5,104844,1.0,0,0,True
rules_then_byt5,102095,1.0,0,0,True
rules_then_byt5,105838,1.0,0,0,True
rules_then_byt5,103997,1.0,0,0,True
rules_then_byt5,102815,1.0,0,0,True
rules_then_byt5,101183,1.0,0,0,True
rules_then_byt5,105259,1.0,0,0,True
rules_then_byt5,100903,1.0,0,0,True
rules_then_byt5,102021,1.0,0,0,True
rules_then_byt5,100082,1.0,0,0,True
rules_then_byt5,103944,1.0,0,0,True
rules_then_byt5,102766,1.0,0,0,True
rules_then_byt5,101308,1.0,0,0,True
rules_then_byt5,103559,1.0,0,0,True
rules_then_byt5,101187,1.0,0,0,True
rules_then_byt5,100919,1.0,0,0,True
rules_then_byt5,102201,1.0,0,0,True
rules_then_byt5,102979,1.0,0,0,True
rules_then_byt5,106164,1.0,0,0,True
rules_then_byt5,104639,1.0,0,0,True
rules_then_byt5,100036,1.0,0,0,True
rules_then_byt5,105436,1.0,0,0,True
rules_then_byt5,103889,1.0,0,0,True
rules_then_byt5,104645,1.0,0,0,True
rules_then_byt5,103365,1.0,0,0,True
rules_then_byt5,100025,1.0,0,0,True
rules_then_byt5,104961,1.0,0,0,True
rules_then_byt5,103452,1.0,0,0,True
rules_then_byt5,101451,1.0,0,0,True
rules_then_byt5,105198,1.0,0,0,True
rules_then_byt5,102717,1.0,0,0,True
rules_then_byt5,102655,1.0,0,0,True
rules_then_byt5,104749,1.0,0,0,True
rules_then_byt5,102055,1.0,0,0,True
rules_then_byt5,100914,1.0,0,0,True
rules_then_byt5,100681,1.0,0,0,True
rules_then_byt5,105291,1.0,0,0,True
rules_then_byt5,101103,1.0,0,0,True
rules_then_byt5,101055,1.0,0,0,True
rules_then_byt5,104393,1.0,0,0,True
rules_then_byt5,103819,1.0,0,0,True
rules_then_byt5,100995,1.0,0,0,True
rules_then_byt5,103656,1.0,0,0,True
rules_then_byt5,101233,1.0,0,0,True
rules_then_byt5,104558,1.0,0,0,True
rules_then_byt5,102561,1.0,0,0,True
rules_then_byt5,102412,1.0,0,0,True
rules_then_byt5,104868,1.0,0,0,True
rules_then_byt5,104526,1.0,0,0,True
rules_then_byt5,101623,1.0,0,0,True
rules_then_byt5,101422,1.0,0,0,True
rules_then_byt5,105585,1.0,0,0,True
rules_then_byt5,100771,1.0,0,0,True
rules_then_byt5,100525,1.0,0,0,True
rules_then_byt5,100453,1.0,0,0,True
rules_then_byt5,104028,1.0,0,0,True
rules_then_byt5,100822,1.0,0,0,True
rules_then_byt5,104035,1.0,0,0,True
rules_then_byt5,100559,1.0,0,0,True
rules_then_byt5,105567,1.0,0,0,True
rules_then_byt5,102787,1.0,0,0,True
rules_then_byt5,102284,1.0,0,0,True
rules_then_byt5,102190,1.0,0,0,True
rules_then_byt5,105787,1.0,0,0,True
rules_then_byt5,101139,1.0,0,0,True
rules_then_byt5,100068,1.0,0,0,True
rules_then_byt5,105284,1.0,0,0,True
rules_then_byt5,102001,1.0,0,0,True
rules_then_byt5,102265,1.0,0,0,True
rules_then_byt5,104569,1.0,0,0,True
rules_then_byt5,101000,1.0,0,0,True
rules_then_byt5,104846,1.0,0,0,True
rules_then_byt5,105839,1.0,0,0,True
rules_then_byt5,102000,1.0,0,0,True
rules_then_byt5,100250,1.0,0,0,True
rules_then_byt5,105854,1.0,0,0,True
rules_then_byt5,101891,1.0,0,0,True
rules_then_byt5,104433,1.0,0,0,True
rules_then_byt5,104128,1.0,0,0,True
rules_then_byt5,105282,1.0,0,0,True
rules_then_byt5,100555,1.0,0,0,True
rules_then_byt5,104432,1.0,0,0,True
rules_then_byt5,100519,1.0,0,0,True
rules_then_byt5,104582,1.0,0,0,True
rules_then_byt5,101002,1.0,0,0,True
rules_then_byt5,101060,1.0,0,0,True
rules_then_byt5,100089,1.0,0,0,True
rules_then_byt5,102749,1.0,0,0,True
rules_then_byt5,105887,1.0,0,0,True
rules_then_byt5,100879,1.0,0,0,True
rules_then_byt5,103098,1.0,0,0,True
rules_then_byt5,106135,1.0,0,0,True
rules_then_byt5,100659,1.0,0,0,True
rules_then_byt5,104116,0.9375,1,0,True
rules_then_byt5,100316,1.0,0,0,True
rules_then_byt5,102386,1.0,0,0,True
rules_then_byt5,105684,1.0,0,0,True
rules_then_byt5,100113,1.0,0,0,True
rules_then_byt5,104780,1.0,0,0,True
rules_then_byt5,101632,1.0,0,0,True
rules_then_byt5,105071,1.0,0,0,True
rules_then_byt5,102077,1.0,0,0,True
rules_then_byt5,101253,1.0,0,0,True
rules_then_byt5,100009,1.0,0,0,True
rules_then_byt5,105271,1.0,0,0,True
rules_then_byt5,103927,1.0,0,0,True
rules_then_byt5,103235,1.0,0,0,True
rules_then_byt5,105454,1.0,0,0,True
rules_then_byt5,105113,1.0,0,0,True
rules_then_byt5,103510,1.0,0,0,True
rules_then_byt5,103487,1.0,0,0,True
rules_then_byt5,105217,1.0,0,0,True
rules_then_byt5,100522,1.0,0,0,True
rules_then_byt5,105993,1.0,0,0,True
rules_then_byt5,105470,1.0,0,0,True
rules_then_byt5,100187,1.0,0,0,True
rules_then_byt5,101938,1.0,0,0,True
rules_then_byt5,103960,1.0,0,0,True
rules_then_byt5,102486,1.0,0,0,True
rules_then_byt5,101803,1.0,0,0,True
rules_then_byt5,104860,1.0,0,0,True
rules_then_byt5,100165,1.0,0,0,True
rules_then_byt5,105600,1.0,0,0,True
rules_then_byt5,100667,1.0,0,0,True
rules_then_byt5,102740,1.0,0,0,True
rules_then_byt5,100238,1.0,0,0,True
rules_then_byt5,102871,1.0,0,0,True
rules_then_byt5,100767,1.0,0,0,True
rules_then_byt5,100032,1.0,0,0,True
rules_then_byt5,100797,1.0,0,0,True
rules_then_byt5,103634,1.0,0,0,True
rules_then_byt5,104784,1.0,0,0,True
rules_then_byt5,104643,1.0,0,0,True
rules_then_byt5,100269,1.0,0,0,True
rules_then_byt5,102222,1.0,0,0,True
rules_then_byt5,102775,1.0,0,0,True
rules_then_byt5,101032,1.0,0,0,True
rules_then_byt5,105965,1.0,0,0,True
rules_then_byt5,103620,1.0,0,0,True
rules_then_byt5,100296,1.0,0,0,True
rules_then_byt5,104342,1.0,0,0,True
rules_then_byt5,102356,1.0,0,0,True
rules_then_byt5,101759,1.0,0,0,True
rules_then_byt5,100358,1.0,0,0,True
rules_then_byt5,100159,1.0,0,0,True
rules_then_byt5,103156,1.0,0,0,True
rules_then_byt5,103580,1.0,0,0,True
rules_then_byt5,102592,1.0,0,0,True
rules_then_byt5,103354,1.0,0,0,True
rules_then_byt5,104440,1.0,0,0,True
rules_then_byt5,106126,1.0,0,0,True
rules_then_byt5,100634,1.0,0,0,True
rules_then_byt5,103516,1.0,0,0,True
rules_then_byt5,106014,1.0,0,0,True
rules_then_byt5,104019,1.0,0,0,True
rules_then_byt5,103319,1.0,0,0,True
rules_then_byt5,101560,1.0,0,0,True
rules_then_byt5,103954,1.0,0,0,True
rules_then_byt5,103519,1.0,0,0,True
rules_then_byt5,103550,1.0,0,0,True
rules_then_byt5,101787,1.0,0,0,True
rules_then_byt5,101814,1.0,0,0,True
rules_then_byt5,106012,1.0,0,0,True
rules_then_byt5,100176,1.0,0,0,True
rules_then_byt5,105432,1.0,0,0,True
rules_then_byt5,105926,1.0,0,0,True
rules_then_byt5,104969,1.0,0,0,True
rules_then_byt5,105014,1.0,0,0,True
rules_then_byt5,105894,1.0,0,0,True
rules_then_byt5,100338,1.0,0,0,True
rules_then_byt5,104527,1.0,0,0,True
rules_then_byt5,105040,1.0,0,0,True
rules_then_byt5,104152,1.0,0,0,True
rules_then_byt5,103211,1.0,0,0,True
rules_then_byt5,101745,1.0,0,0,True
rules_then_byt5,104204,1.0,0,0,True
rules_then_byt5,104673,1.0,0,0,True
rules_then_byt5,104345,1.0,0,0,True
rules_then_byt5,103492,1.0,0,0,True
rules_then_byt5,103242,1.0,0,0,True
rules_then_byt5,104510,1.0,0,0,True
rules_then_byt5,102969,1.0,0,0,True
rules_then_byt5,101596,1.0,0,0,True
rules_then_byt5,100963,1.0,0,0,True
rules_then_byt5,100208,1.0,0,0,True
rules_then_byt5,103275,1.0,0,0,True
rules_then_byt5,105544,1.0,0,0,True
rules_then_byt5,100952,1.0,0,0,True
rules_then_byt5,102376,1.0,0,0,True
rules_then_byt5,102319,1.0,0,0,True
rules_then_byt5,100606,1.0,0,0,True
rules_then_byt5,100625,1.0,0,0,True
rules_then_byt5,105225,1.0,0,0,True
rules_then_byt5,102382,1.0,0,0,True
rules_then_byt5,100661,1.0,0,0,True
rules_then_byt5,105789,1.0,0,0,True
rules_then_byt5,101790,1.0,0,0,True
rules_then_byt5,103026,1.0,0,0,True
rules_then_byt5,105846,1.0,0,0,True
rules_then_byt5,101947,1.0,0,0,True
rules_then_byt5,102211,1.0,0,0,True
rules_then_byt5,104761,1.0,0,0,True
rules_then_byt5,100526,1.0,0,0,True
rules_then_byt5,100852,1.0,0,0,True
rules_then_byt5,101654,1.0,0,0,True
rules_then_byt5,101385,1.0,0,0,True
rules_then_byt5,101895,1.0,0,0,True
rules_then_byt5,100374,1.0,0,0,True
rules_then_byt5,106090,1.0,0,0,True
rules_then_byt5,105629,1.0,0,0,True
rules_then_byt5,102941,1.0,0,0,True
rules_then_byt5,104779,1.0,0,0,True
rules_then_byt5,105365,1.0,0,0,True
rules_then_byt5,103737,1.0,0,0,True
rules_then_byt5,100239,1.0,0,0,True
rules_then_byt5,100251,1.0,0,0,True
rules_then_byt5,100083,1.0,0,0,True
rules_then_byt5,104896,1.0,0,0,True
rules_then_byt5,106047,1.0,0,0,True
rules_then_byt5,105984,1.0,0,0,True
rules_then_byt5,106025,1.0,0,0,True
rules_then_byt5,105452,1.0,0,0,True
rules_then_byt5,102989,1.0,0,0,True
rules_then_byt5,101857,1.0,0,0,True
rules_then_byt5,103385,1.0,0,0,True
rules_then_byt5,100866,1.0,0,0,True
rules_then_byt5,103875,1.0,0,0,True
rules_then_byt5,104238,1.0,0,0,True
rules_then_byt5,100261,1.0,0,0,True
rules_then_byt5,100563,1.0,0,0,True
rules_then_byt5,104478,1.0,0,0,True
rules_then_byt5,103416,1.0,0,0,True
rules_then_byt5,101877,1.0,0,0,True
rules_then_byt5,101616,1.0,0,0,True
rules_then_byt5,101161,1.0,0,0,True
rules_then_byt5,104712,1.0,0,0,True
rules_then_byt5,101140,1.0,0,0,True
rules_then_byt5,104193,1.0,0,0,True
rules_then_byt5,104935,1.0,0,0,True
rules_then_byt5,103809,1.0,0,0,True
rules_then_byt5,106039,1.0,0,0,True
rules_then_byt5,100544,1.0,0,0,True
rules_then_byt5,104811,1.0,0,0,True
rules_then_byt5,104635,1.0,0,0,True
rules_then_byt5,103197,1.0,0,0,True
rules_then_byt5,100093,1.0,0,0,True
rules_then_byt5,102784,1.0,0,0,True
rules_then_byt5,103884,1.0,0,0,True
rules_then_byt5,104519,1.0,0,0,True
rules_then_byt5,101890,1.0,0,0,True
rules_then_byt5,103995,1.0,0,0,True
rules_then_byt5,103640,1.0,0,0,True
rules_then_byt5,103127,1.0,0,0,True
rules_then_byt5,102267,1.0,0,0,True
rules_then_byt5,103587,1.0,0,0,True
rules_then_byt5,100152,1.0,0,0,True
rules_then_byt5,105422,1.0,0,0,True
rules_then_byt5,103362,1.0,0,0,True
rules_then_byt5,101332,1.0,0,0,True
rules_then_byt5,104560,1.0,0,0,True
rules_then_byt5,104272,1.0,0,0,True
rules_then_byt5,102646,1.0,0,0,True
rules_then_byt5,103685,1.0,0,0,True
rules_then_byt5,101871,1.0,0,0,True
rules_then_byt5,101727,1.0,0,0,True
rules_then_byt5,103380,1.0,0,0,True
rules_then_byt5,104886,1.0,0,0,True
rules_then_byt5,101894,1.0,0,0,True
rules_then_byt5,105435,1.0,0,0,True
rules_then_byt5,104553,1.0,0,0,True
rules_then_byt5,105804,1.0,0,0,True
rules_then_byt5,100812,0.7142857142857143,2,0,True
rules_then_byt5,101902,1.0,0,0,True
rules_then_byt5,100071,1.0,0,0,True
rules_then_byt5,105729,1.0,0,0,True
rules_then_byt5,105319,1.0,0,0,True
rules_then_byt5,100011,1.0,0,0,True
rules_then_byt5,105017,1.0,0,0,True
rules_then_byt5,105067,1.0,0,0,True
rules_then_byt5,101710,1.0,0,0,True
rules_then_byt5,101471,1.0,0,0,True
rules_then_byt5,100976,1.0,0,0,True
rules_then_byt5,100066,1.0,0,0,True
rules_then_byt5,104760,1.0,0,0,True
rules_then_byt5,104074,1.0,0,0,True
rules_then_byt5,105913,1.0,0,0,True
rules_then_byt5,101081,1.0,0,0,True
rules_then_byt5,105893,1.0,0,0,True
rules_then_byt5,100063,1.0,0,0,True
rules_then_byt5,105802,1.0,0,0,True
rules_then_byt5,100450,1.0,0,0,True
rules_then_byt5,102827,1.0,0,0,True
rules_then_byt5,104517,1.0,0,0,True
rules_then_byt5,102453,1.0,0,0,True
rules_then_byt5,101870,1.0,0,0,True
rules_then_byt5,101016,1.0,0,0,True
rules_then_byt5,106049,1.0,0,0,True
rules_then_byt5,103543,1.0,0,0,True
rules_then_byt5,103044,1.0,0,0,True
rules_then_byt5,101095,1.0,0,0,True
rules_then_byt5,105018,1.0,0,0,True
rules_then_byt5,104164,1.0,0,0,True
rules_then_byt5,101839,1.0,0,0,True
rules_then_byt5,103023,1.0,0,0,True
rules_then_byt5,101079,1.0,0,0,True
rules_then_byt5,103788,1.0,0,0,True
rules_then_byt5,101114,1.0,0,0,True
rules_then_byt5,105778,1.0,0,0,True
rules_then_byt5,101078,1.0,0,0,True
rules_then_byt5,103039,1.0,0,0,True
rules_then_byt5,105176,1.0,0,0,True
rules_then_byt5,104317,1.0,0,0,True
rules_then_byt5,102952,1.0,0,0,True
rules_then_byt5,101549,1.0,0,0,True
rules_then_byt5,105805,1.0,0,0,True
rules_then_byt5,104365,1.0,0,0,True
rules_then_byt5,105944,1.0,0,0,True
rules_then_byt5,104661,1.0,0,0,True
rules_then_byt5,105803,1.0,0,0,True
rules_then_byt5,101369,1.0,0,0,True
rules_then_byt5,102022,1.0,0,0,True
rules_then_byt5,101667,1.0,0,0,True
rules_then_byt5,101007,1.0,0,0,True
rules_then_byt5,104473,1.0,0,0,True
rules_then_byt5,106005,1.0,0,0,True
rules_then_byt5,106067,1.0,0,0,True
rules_then_byt5,104980,1.0,0,0,True
rules_then_byt5,104107,1.0,0,0,True
rules_then_byt5,105469,1.0,0,0,True
rules_then_byt5,105082,1.0,0,0,True
rules_then_byt5,102759,1.0,0,0,True
rules_then_byt5,100288,1.0,0,0,True
rules_then_byt5,105311,1.0,0,0,True
rules_then_byt5,105686,1.0,0,0,True
rules_then_byt5,105941,1.0,0,0,True
rules_then_byt5,105758,1.0,0,0,True
rules_then_byt5,103425,1.0,0,0,True
rules_then_byt5,104680,1.0,0,0,True
rules_then_byt5,106015,1.0,0,0,True
rules_then_byt5,105848,1.0,0,0,True
rules_then_byt5,105137,1.0,0,0,True
rules_then_byt5,102411,1.0,0,0,True
rules_then_byt5,105482,1.0,0,0,True
rules_then_byt5,104091,1.0,0,0,True
rules_then_byt5,103030,1.0,0,0,True
rules_then_byt5,105651,1.0,0,0,True
rules_then_byt5,101310,1.0,0,0,True
rules_then_byt5,101582,1.0,0,0,True
rules_then_byt5,100546,1.0,0,0,True
rules_then_byt5,102306,1.0,0,0,True
rules_then_byt5,105685,1.0,0,0,True
rules_then_byt5,102946,1.0,0,0,True
rules_then_byt5,102004,1.0,0,0,True
rules_then_byt5,104041,1.0,0,0,True
rules_then_byt5,105158,1.0,0,0,True
rules_then_byt5,105810,1.0,0,0,True
rules_then_byt5,103905,1.0,0,0,True
rules_then_byt5,105214,1.0,0,0,True
rules_then_byt5,105080,1.0,0,0,True
rules_then_byt5,104090,1.0,0,0,True
rules_then_byt5,104599,1.0,0,0,True
rules_then_byt5,101630,1.0,0,0,True
rules_then_byt5,105021,1.0,0,0,True
rules_then_byt5,104649,1.0,0,0,True
rules_then_byt5,100594,1.0,0,0,True
rules_then_byt5,104570,1.0,0,0,True
rules_then_byt5,104678,1.0,0,0,True
rules_then_byt5,100856,1.0,0,0,True
rules_then_byt5,106146,1.0,0,0,True
rules_then_byt5,104122,1.0,0,0,True
rules_then_byt5,103024,1.0,0,0,True
rules_then_byt5,101738,1.0,0,0,True
rules_then_byt5,101670,1.0,0,0,True
rules_then_byt5,104178,1.0,0,0,True
rules_then_byt5,103630,1.0,0,0,True
rules_then_byt5,101645,1.0,0,0,True
rules_then_byt5,105283,1.0,0,0,True
rules_then_byt5,101644,1.0,0,0,True
rules_then_byt5,100157,1.0,0,0,True
rules_then_byt5,102410,1.0,0,0,True
rules_then_byt5,103079,1.0,0,0,True
rules_then_byt5,105690,1.0,0,0,True
rules_then_byt5,104962,1.0,0,0,True
rules_then_byt5,103763,1.0,0,0,True
rules_then_byt5,101428,1.0,0,0,True
rules_then_byt5,100038,1.0,0,0,True
rules_then_byt5,100618,1.0,0,0,True
rules_then_byt5,102027,1.0,0,0,True
rules_then_byt5,104959,1.0,0,0,True
rules_then_byt5,104964,1.0,0,0,True
rules_then_byt5,104963,1.0,0,0,True
rules_then_byt5,101231,1.0,0,0,True
rules_then_byt5,101455,1.0,0,0,True
rules_then_byt5,102557,1.0,0,0,True
rules_then_byt5,100257,1.0,0,0,True
rules_then_byt5,105945,1.0,0,0,True
rules_then_byt5,100001,1.0,0,0,True
rules_then_byt5,101042,1.0,0,0,True
rules_then_byt5,100458,1.0,0,0,True
rules_then_byt5,105379,1.0,0,0,True
rules_then_byt5,105433,1.0,0,0,True
rules_then_byt5,100003,1.0,0,0,True
rules_then_byt5,101254,1.0,0,0,True
rules_then_byt5,105842,1.0,0,0,True
rules_then_byt5,104802,1.0,0,0,True
rules_then_byt5,105947,1.0,0,0,True
rules_then_byt5,101037,1.0,0,0,True
rules_then_byt5,101255,1.0,0,0,True
rules_then_byt5,104777,1.0,0,0,True
rules_then_byt5,102002,1.0,0,0,True
rules_then_byt5,101342,1.0,0,0,True
rules_then_byt5,105731,1.0,0,0,True
rules_then_byt5,102707,1.0,0,0,True
rules_then_byt5,105641,1.0,0,0,True
rules_then_byt5,104175,1.0,0,0,True
rules_then_byt5,105958,1.0,0,0,True
rules_then_byt5,104259,1.0,0,0,True
rules_then_byt5,105258,1.0,0,0,True
rules_then_byt5,105138,1.0,0,0,True
rules_then_byt5,105911,1.0,0,0,True
rules_then_byt5,104474,1.0,0,0,True
rules_then_byt5,101541,1.0,0,0,True
rules_then_byt5,105742,1.0,0,0,True
rules_then_byt5,100718,1.0,0,0,True
rules_then_byt5,104182,1.0,0,0,True
rules_then_byt5,100067,1.0,0,0,True
rules_then_byt5,105950,1.0,0,0,True
rules_then_byt5,101612,1.0,0,0,True
rules_then_byt5,104823,1.0,0,0,True
rules_then_byt5,104329,1.0,0,0,True
rules_then_byt5,103327,1.0,0,0,True
rules_then_byt5,101562,1.0,0,0,True
rules_then_byt5,104658,1.0,0,0,True
rules_then_byt5,105593,1.0,0,0,True
rules_then_byt5,105634,1.0,0,0,True
rules_then_byt5,105946,1.0,0,0,True
rules_then_byt5,105949,1.0,0,0,True
rules_then_byt5,105468,1.0,0,0,True
rules_then_byt5,105948,1.0,0,0,True
rules_then_byt5,105951,1.0,0,0,True
rules_then_byt5,105228,1.0,0,0,True
rules_then_byt5,102165,1.0,0,0,True
rules_then_byt5,104923,1.0,0,0,True
rules_then_byt5,105055,1.0,0,0,True
rules_then_byt5,105314,1.0,0,0,True
rules_then_byt5,104121,1.0,0,0,True
rules_then_byt5,105471,1.0,0,0,True
rules_then_byt5,105986,1.0,0,0,True
rules_then_byt5,100913,1.0,0,0,True
rules_then_byt5,105762,1.0,0,0,True
rules_then_byt5,105447,1.0,0,0,True
rules_then_byt5,103123,1.0,0,0,True
rules_then_byt5,105255,1.0,0,0,True
rules_then_byt5,103705,1.0,0,0,True
rules_then_byt5,104545,1.0,0,0,True
rules_then_byt5,101739,1.0,0,0,True
rules_then_byt5,104572,1.0,0,0,True
rules_then_byt5,104245,1.0,0,0,True
rules_then_byt5,100207,1.0,0,0,True
rules_then_byt5,104825,1.0,0,0,True
rules_then_byt5,101581,1.0,0,0,True
rules_then_byt5,102031,1.0,0,0,True
rules_then_byt5,105730,1.0,0,0,True
rules_then_byt5,105322,1.0,0,0,True
rules_then_byt5,105849,1.0,0,0,True
rules_then_byt5,105874,1.0,0,0,True
rules_then_byt5,103041,1.0,0,0,True
rules_then_byt5,104908,1.0,0,0,True
rules_then_byt5,100908,1.0,0,0,True
rules_then_byt5,100473,1.0,0,0,True
rules_then_byt5,104487,1.0,0,0,True
rules_then_byt5,101039,1.0,0,0,True
rules_then_byt5,100917,1.0,0,0,True
rules_then_byt5,104647,1.0,0,0,True
rules_then_byt5,103424,1.0,0,0,True
rules_then_byt5,100029,1.0,0,0,True
rules_then_byt5,105102,1.0,0,0,True
rules_then_byt5,105635,1.0,0,0,True
rules_then_byt5,105338,1.0,0,0,True
rules_then_byt5,105895,1.0,0,0,True
rules_then_byt5,105847,1.0,0,0,True
rules_then_byt5,103509,1.0,0,0,True
rules_then_byt5,100030,1.0,0,0,True
rules_then_byt5,104648,1.0,0,0,True
rules_then_byt5,102789,1.0,0,0,True
rules_then_byt5,104568,1.0,0,0,True
rules_then_byt5,104087,1.0,0,0,True
rules_then_byt5,104566,1.0,0,0,True
rules_then_byt5,103322,1.0,0,0,True
rules_then_byt5,104488,1.0,0,0,True
rules_then_byt5,100617,1.0,0,0,True
rules_then_byt5,105123,1.0,0,0,True
rules_then_byt5,101459,1.0,0,0,True
rules_then_byt5,102959,1.0,0,0,True
rules_then_byt5,103631,1.0,0,0,True
rules_then_byt5,104486,1.0,0,0,True
rules_then_byt5,106118,1.0,0,0,True
rules_then_byt5,105295,1.0,0,0,True
rules_then_byt5,105669,1.0,0,0,True
rules_then_byt5,105312,1.0,0,0,True
rules_then_byt5,101757,1.0,0,0,True
rules_then_byt5,100762,1.0,0,0,True
rules_then_byt5,103791,1.0,0,0,True
rules_then_byt5,103813,1.0,0,0,True
rules_then_byt5,100697,1.0,0,0,True
rules_then_byt5,102721,1.0,0,0,True
rules_then_byt5,104083,1.0,0,0,True
rules_then_byt5,105279,1.0,0,0,True
rules_then_byt5,105834,1.0,0,0,True
rules_then_byt5,106055,1.0,0,0,True
rules_then_byt5,105973,1.0,0,0,True
rules_then_byt5,102023,1.0,0,0,True
rules_then_byt5,104109,1.0,0,0,True
rules_then_byt5,103962,1.0,0,0,True
rules_then_byt5,100457,1.0,0,0,True
rules_then_byt5,103961,1.0,0,0,True
rules_then_byt5,105387,1.0,0,0,True
rules_then_byt5,105757,1.0,0,0,True
rules_then_byt5,103293,1.0,0,0,True
rules_then_byt5,102932,1.0,0,0,True
rules_then_byt5,105579,1.0,0,0,True
rules_then_byt5,105081,1.0,0,0,True
rules_then_byt5,101716,1.0,0,0,True
rules_then_byt5,102788,1.0,0,0,True
rules_then_byt5,103963,1.0,0,0,True
rules_then_byt5,101920,1.0,0,0,True
rules_then_byt5,105386,1.0,0,0,True
rules_then_byt5,105693,1.0,0,0,True
rules_then_byt5,101580,1.0,0,0,True
rules_then_byt5,105625,1.0,0,0,True
rules_then_byt5,101551,1.0,0,0,True
rules_then_byt5,102281,1.0,0,0,True
rules_then_byt5,106145,1.0,0,0,True
rules_then_byt5,105461,1.0,0,0,True
rules_then_byt5,103965,1.0,0,0,True
rules_then_byt5,105020,1.0,0,0,True
rules_then_byt5,101093,1.0,0,0,True
rules_then_byt5,100940,1.0,0,0,True
rules_then_byt5,101675,1.0,0,0,True
rules_then_byt5,103632,1.0,0,0,True
rules_then_byt5,100942,1.0,0,0,True
rules_then_byt5,102025,1.0,0,0,True
rules_then_byt5,104485,1.0,0,0,True
rules_then_byt5,106147,1.0,0,0,True
rules_then_byt5,102028,1.0,0,0,True
rules_then_byt5,104483,1.0,0,0,True
rules_then_byt5,103454,1.0,0,0,True
rules_then_byt5,105691,1.0,0,0,True
rules_then_byt5,103906,1.0,0,0,True
rules_then_byt5,105924,1.0,0,0,True
rules_then_byt5,100941,1.0,0,0,True
rules_then_byt5,106021,1.0,0,0,True
rules_then_byt5,106053,1.0,0,0,True
rules_then_byt5,105777,1.0,0,0,True
rules_then_byt5,101184,1.0,0,0,True
rules_then_byt5,104936,1.0,0,0,True
rules_then_byt5,105820,1.0,0,0,True
rules_then_byt5,104771,1.0,0,0,True
rules_then_byt5,105347,1.0,0,0,True
rules_then_byt5,102966,1.0,0,0,True
rules_then_byt5,103959,1.0,0,0,True
rules_then_byt5,105553,1.0,0,0,True
rules_then_byt5,104585,1.0,0,0,True
rules_then_byt5,102930,1.0,0,0,True
rules_then_byt5,106116,1.0,0,0,True
rules_then_byt5,105987,1.0,0,0,True
rules_then_byt5,103112,1.0,0,0,True
rules_then_byt5,105247,1.0,0,0,True
rules_then_byt5,105345,1.0,0,0,True
rules_then_byt5,103952,1.0,0,0,True
rules_then_byt5,103950,1.0,0,0,True
rules_then_byt5,102282,1.0,0,0,True
rules_then_byt5,104567,1.0,0,0,True
rules_then_byt5,100149,1.0,0,0,True
rules_then_byt5,101579,1.0,0,0,True
rules_then_byt5,101439,1.0,0,0,True
rules_then_byt5,105722,1.0,0,0,True
rules_then_byt5,104894,1.0,0,0,True
rules_then_byt5,104369,1.0,0,0,True
rules_then_byt5,105147,1.0,0,0,True
rules_then_byt5,105689,1.0,0,0,True
rules_then_byt5,103478,1.0,0,0,True
rules_then_byt5,102047,1.0,0,0,True
rules_then_byt5,102920,1.0,0,0,True
rules_then_byt5,105818,1.0,0,0,True
rules_then_byt5,103529,1.0,0,0,True
rules_then_byt5,104699,1.0,0,0,True
rules_then_byt5,102026,1.0,0,0,True
rules_then_byt5,101138,1.0,0,0,True
rules_then_byt5,105344,1.0,0,0,True
rules_then_byt5,102143,1.0,0,0,True
rules_then_byt5,105253,1.0,0,0,True
rules_then_byt5,102915,1.0,0,0,True
rules_then_byt5,104977,1.0,0,0,True
rules_then_byt5,103527,1.0,0,0,True
rules_then_byt5,102911,1.0,0,0,True
rules_then_byt5,102357,1.0,0,0,True
rules_then_byt5,103696,1.0,0,0,True
rules_then_byt5,105027,1.0,0,0,True
rules_then_byt5,101688,1.0,0,0,True
rules_then_byt5,104108,1.0,0,0,True
rules_then_byt5,102045,1.0,0,0,True
rules_then_byt5,105747,1.0,0,0,True
rules_then_byt5,103469,1.0,0,0,True
rules_then_byt5,102378,1.0,0,0,True
rules_then_byt5,101929,1.0,0,0,True
rules_then_byt5,105741,1.0,0,0,True
rules_then_byt5,105058,1.0,0,0,True
rules_then_byt5,104127,1.0,0,0,True
rules_then_byt5,103945,1.0,0,0,True
rules_then_byt5,103165,1.0,0,0,True
rules_then_byt5,102657,1.0,0,0,True
rules_then_byt5,100536,1.0,0,0,True
rules_then_byt5,103736,1.0,0,0,True
rules_then_byt5,105841,1.0,0,0,True
rules_then_byt5,105910,1.0,0,0,True
rules_then_byt5,105840,1.0,0,0,True
rules_then_byt5,101122,1.0,0,0,True
rules_then_byt5,101416,1.0,0,0,True
rules_then_byt5,100534,1.0,0,0,True
rules_then_byt5,100064,1.0,0,0,True
rules_then_byt5,100537,1.0,0,0,True
rules_then_byt5,105430,1.0,0,0,True
rules_then_byt5,103213,1.0,0,0,True
rules_then_byt5,103019,1.0,0,0,True
rules_then_byt5,106120,1.0,0,0,True
rules_then_byt5,100998,1.0,0,0,True
rules_then_byt5,104957,1.0,0,0,True
rules_then_byt5,103687,1.0,0,0,True
rules_then_byt5,103277,1.0,0,0,True
rules_then_byt5,104143,1.0,0,0,True
rules_then_byt5,105226,1.0,0,0,True
rules_then_byt5,100535,1.0,0,0,True
rules_then_byt5,101381,1.0,0,0,True
rules_then_byt5,101730,1.0,0,0,True
rules_then_byt5,102257,1.0,0,0,True
rules_then_byt5,105478,1.0,0,0,True
rules_then_byt5,101172,1.0,0,0,True
rules_then_byt5,104037,1.0,0,0,True
rules_then_byt5,101879,1.0,0,0,True
rules_then_byt5,100989,1.0,0,0,True
rules_then_byt5,104177,1.0,0,0,True
rules_then_byt5,100130,1.0,0,0,True
rules_then_byt5,101881,1.0,0,0,True
rules_then_byt5,104197,1.0,0,0,True
rules_then_byt5,105620,1.0,0,0,True
rules_then_byt5,104129,1.0,0,0,True
rules_then_byt5,103557,1.0,0,0,True
rules_then_byt5,105293,1.0,0,0,True
rules_then_byt5,100200,1.0,0,0,True
rules_then_byt5,102235,1.0,0,0,True
rules_then_byt5,105912,1.0,0,0,True
rules_then_byt5,102238,1.0,0,0,True
rules_then_byt5,104459,1.0,0,0,True
rules_then_byt5,103867,1.0,0,0,True
rules_then_byt5,104627,1.0,0,0,True
rules_then_byt5,105448,1.0,0,0,True
rules_then_byt5,101811,1.0,0,0,True
rules_then_byt5,105336,1.0,0,0,True
rules_then_byt5,103135,1.0,0,0,True
rules_then_byt5,104372,1.0,0,0,True
rules_then_byt5,100002,1.0,0,0,True
rules_then_byt5,105133,1.0,0,0,True
rules_then_byt5,104937,1.0,0,0,True
rules_then_byt5,105446,1.0,0,0,True
rules_then_byt5,102349,1.0,0,0,True
rules_then_byt5,104494,1.0,0,0,True
rules_then_byt5,105294,1.0,0,0,True
rules_then_byt5,102234,1.0,0,0,True
rules_then_byt5,103583,1.0,0,0,True
rules_then_byt5,105900,1.0,0,0,True
rules_then_byt5,101635,1.0,0,0,True
rules_then_byt5,106032,1.0,0,0,True
rules_then_byt5,103040,1.0,0,0,True
rules_then_byt5,104620,1.0,0,0,True
rules_then_byt5,103015,1.0,0,0,True
rules_then_byt5,104754,1.0,0,0,True
rules_then_byt5,105914,1.0,0,0,True
rules_then_byt5,104682,1.0,0,0,True
rules_then_byt5,103566,1.0,0,0,True
rules_then_byt5,102039,1.0,0,0,True
rules_then_byt5,101040,1.0,0,0,True
rules_then_byt5,103637,1.0,0,0,True
rules_then_byt5,104139,1.0,0,0,True
rules_then_byt5,105726,1.0,0,0,True
rules_then_byt5,103193,1.0,0,0,True
rules_then_byt5,105599,1.0,0,0,True
rules_then_byt5,104081,1.0,0,0,True
rules_then_byt5,100992,1.0,0,0,True
rules_then_byt5,104145,1.0,0,0,True
rules_then_byt5,100062,1.0,0,0,True
rules_then_byt5,101038,1.0,0,0,True
rules_then_byt5,104753,1.0,0,0,True
rules_then_byt5,101094,1.0,0,0,True
rules_then_byt5,104574,1.0,0,0,True
rules_then_byt5,100426,1.0,0,0,True
rules_then_byt5,104174,1.0,0,0,True
rules_then_byt5,103201,1.0,0,0,True
rules_then_byt5,104575,1.0,0,0,True
rules_then_byt5,102036,1.0,0,0,True
rules_then_byt5,106117,1.0,0,0,True
rules_then_byt5,101613,1.0,0,0,True
rules_then_byt5,104914,1.0,0,0,True
rules_then_byt5,100136,1.0,0,0,True
rules_then_byt5,101620,1.0,0,0,True
rules_then_byt5,106099,1.0,0,0,True
rules_then_byt5,104472,1.0,0,0,True
rules_then_byt5,100874,1.0,0,0,True
rules_then_byt5,103957,1.0,0,0,True
rules_then_byt5,105331,1.0,0,0,True
rules_then_byt5,102130,1.0,0,0,True
rules_then_byt5,100853,1.0,0,0,True
rules_then_byt5,100101,1.0,0,0,True
rules_then_byt5,106096,1.0,0,0,True
rules_then_byt5,100910,1.0,0,0,True
rules_then_byt5,104258,1.0,0,0,True
rules_then_byt5,101633,1.0,0,0,True
rules_then_byt5,101457,1.0,0,0,True
rules_then_byt5,104084,1.0,0,0,True
rules_then_byt5,104492,1.0,0,0,True
rules_then_byt5,105837,1.0,0,0,True
rules_then_byt5,103196,1.0,0,0,True
rules_then_byt5,104904,1.0,0,0,True
rules_then_byt5,105883,1.0,0,0,True
rules_then_byt5,105619,1.0,0,0,True
rules_then_byt5,102123,1.0,0,0,True
rules_then_byt5,104096,1.0,0,0,True
rules_then_byt5,100700,1.0,0,0,True
rules_then_byt5,105980,1.0,0,0,True
rules_then_byt5,105877,1.0,0,0,True
rules_then_byt5,101557,1.0,0,0,True
rules_then_byt5,102814,1.0,0,0,True
rules_then_byt5,101944,1.0,0,0,True
rules_then_byt5,106000,1.0,0,0,True
rules_then_byt5,104493,1.0,0,0,True
rules_then_byt5,105546,1.0,0,0,True
rules_then_byt5,104100,1.0,0,0,True
rules_then_byt5,104826,1.0,0,0,True
rules_then_byt5,103389,1.0,0,0,True
rules_then_byt5,104590,1.0,0,0,True
rules_then_byt5,105384,1.0,0,0,True
rules_then_byt5,105563,1.0,0,0,True
rules_then_byt5,104907,1.0,0,0,True
rules_then_byt5,105343,1.0,0,0,True
rules_then_byt5,103195,1.0,0,0,True
rules_then_byt5,100131,1.0,0,0,True
rules_then_byt5,100199,1.0,0,0,True
rules_then_byt5,103859,1.0,0,0,True
rules_then_byt5,104240,1.0,0,0,True
rules_then_byt5,104405,1.0,0,0,True
rules_then_byt5,105342,1.0,0,0,True
rules_then_byt5,106114,1.0,0,0,True
rules_then_byt5,104381,1.0,0,0,True
rules_then_byt5,103233,1.0,0,0,True
rules_then_byt5,105334,1.0,0,0,True
rules_then_byt5,103860,1.0,0,0,True
rules_then_byt5,105907,1.0,0,0,True
rules_then_byt5,101629,1.0,0,0,True
rules_then_byt5,104636,1.0,0,0,True
rules_then_byt5,101432,1.0,0,0,True
rules_then_byt5,104082,1.0,0,0,True
rules_then_byt5,104251,1.0,0,0,True
rules_then_byt5,103360,1.0,0,0,True
rules_then_byt5,101631,1.0,0,0,True
rules_then_byt5,105332,1.0,0,0,True
rules_then_byt5,104247,1.0,0,0,True
rules_then_byt5,104910,1.0,0,0,True
rules_then_byt5,104241,1.0,0,0,True
rules_then_byt5,104086,1.0,0,0,True
rules_then_byt5,103806,1.0,0,0,True
rules_then_byt5,102603,1.0,0,0,True
rules_then_byt5,104909,1.0,0,0,True
rules_then_byt5,100099,1.0,0,0,True
rules_then_byt5,101041,1.0,0,0,True
rules_then_byt5,104981,1.0,0,0,True
rules_then_byt5,105836,1.0,0,0,True
rules_then_byt5,105328,1.0,0,0,True
rules_then_byt5,105329,1.0,0,0,True
rules_then_byt5,105538,1.0,0,0,True
rules_then_byt5,103194,1.0,0,0,True
rules_then_byt5,104246,1.0,0,0,True
rules_then_byt5,100400,1.0,0,0,True
rules_then_byt5,103528,1.0,0,0,True
rules_then_byt5,105618,1.0,0,0,True
rules_then_byt5,104573,1.0,0,0,True
rules_then_byt5,105826,1.0,0,0,True
rules_then_byt5,104571,1.0,0,0,True
rules_then_byt5,105578,1.0,0,0,True
rules_then_byt5,101417,1.0,0,0,True
rules_then_byt5,100873,1.0,0,0,True
rules_then_byt5,105417,1.0,0,0,True
rules_then_byt5,103388,1.0,0,0,True
rules_then_byt5,104371,1.0,0,0,True
rules_then_byt5,105972,1.0,0,0,True
rules_then_byt5,103299,1.0,0,0,True
rules_then_byt5,100098,1.0,0,0,True
rules_then_byt5,105088,1.0,0,0,True
rules_then_byt5,105421,1.0,0,0,True
rules_then_byt5,103053,1.0,0,0,True
rules_then_byt5,103384,1.0,0,0,True
rules_then_byt5,105106,1.0,0,0,True
rules_then_byt5,102821,1.0,0,0,True
rules_then_byt5,103072,1.0,0,0,True
rules_then_byt5,102800,1.0,0,0,True
rules_then_byt5,102545,1.0,0,0,True
rules_then_byt5,100916,1.0,0,0,True
rules_then_byt5,103325,1.0,0,0,True
rules_then_byt5,101071,1.0,0,0,True
rules_then_byt5,105763,1.0,0,0,True
rules_then_byt5,100206,1.0,0,0,True
rules_then_byt5,103531,1.0,0,0,True
rules_then_byt5,105749,1.0,0,0,True
rules_then_byt5,103805,1.0,0,0,True
rules_then_byt5,105739,1.0,0,0,True
rules_then_byt5,100065,1.0,0,0,True
rules_then_byt5,101634,1.0,0,0,True
rules_then_byt5,101046,1.0,0,0,True
rules_then_byt5,105464,1.0,0,0,True
rules_then_byt5,104085,1.0,0,0,True
rules_then_byt5,105252,1.0,0,0,True
rules_then_byt5,104768,1.0,0,0,True
rules_then_byt5,103942,1.0,0,0,True
rules_then_byt5,101327,1.0,0,0,True
rules_then_byt5,104652,1.0,0,0,True
rules_then_byt5,102507,1.0,0,0,True
rules_then_byt5,102931,1.0,0,0,True
rules_then_byt5,101676,1.0,0,0,True
rules_then_byt5,105335,1.0,0,0,True
rules_then_byt5,104829,1.0,0,0,True
rules_then_byt5,102167,1.0,0,0,True
rules_then_byt5,104622,1.0,0,0,True
rules_then_byt5,102144,1.0,0,0,True
rules_then_byt5,105346,1.0,0,0,True
rules_then_byt5,105971,1.0,0,0,True
rules_then_byt5,105930,1.0,0,0,True
rules_then_byt5,105671,1.0,0,0,True
rules_then_byt5,100151,1.0,0,0,True
rules_then_byt5,104185,1.0,0,0,True
rules_then_byt5,105110,1.0,0,0,True
rules_then_byt5,102967,1.0,0,0,True
rules_then_byt5,105221,1.0,0,0,True
rules_then_byt5,100384,1.0,0,0,True
rules_then_byt5,102328,1.0,0,0,True
rules_then_byt5,105927,1.0,0,0,True
rules_then_byt5,102933,1.0,0,0,True
rules_then_byt5,105592,1.0,0,0,True
rules_then_byt5,105463,1.0,0,0,True
rules_then_byt5,103756,1.0,0,0,True
rules_then_byt5,105668,1.0,0,0,True
rules_then_byt5,104489,1.0,0,0,True
rules_then_byt5,102867,1.0,0,0,True
rules_then_byt5,104144,1.0,0,0,True
rules_then_byt5,104619,1.0,0,0,True
rules_then_byt5,103175,1.0,0,0,True
rules_then_byt5,104770,1.0,0,0,True
rules_then_byt5,100696,1.0,0,0,True
rules_then_byt5,104769,1.0,0,0,True
rules_then_byt5,105678,1.0,0,0,True
rules_then_byt5,105821,1.0,0,0,True
rules_then_byt5,103329,1.0,0,0,True
rules_then_byt5,100039,1.0,0,0,True
rules_then_byt5,105667,1.0,0,0,True
rules_then_byt5,105304,1.0,0,0,True
rules_then_byt5,104671,1.0,0,0,True
rules_then_byt5,105743,1.0,0,0,True
rules_then_byt5,102526,1.0,0,0,True
rules_then_byt5,104416,1.0,0,0,True
rules_then_byt5,100543,1.0,0,0,True
rules_then_byt5,101496,1.0,0,0,True
rules_then_byt5,102730,1.0,0,0,True
rules_then_byt5,100135,1.0,0,0,True
rules_then_byt5,101080,1.0,0,0,True
rules_then_byt5,100160,1.0,0,0,True
rules_then_byt5,105539,1.0,0,0,True
rules_then_byt5,101792,1.0,0,0,True
rules_then_byt5,105268,1.0,0,0,True
rules_then_byt5,103116,1.0,0,0,True
rules_then_byt5,105929,1.0,0,0,True
rules_then_byt5,104848,1.0,0,0,True
rules_then_byt5,102731,1.0,0,0,True
rules_then_byt5,103181,1.0,0,0,True
rules_then_byt5,101232,1.0,0,0,True
rules_then_byt5,101933,1.0,0,0,True
rules_then_byt5,101174,1.0,0,0,True
rules_then_byt5,100792,1.0,0,0,True
rules_then_byt5,101162,1.0,0,0,True
rules_then_byt5,100545,1.0,0,0,True
rules_then_byt5,105864,1.0,0,0,True
rules_then_byt5,104895,1.0,0,0,True
rules_then_byt5,104364,1.0,0,0,True
rules_then_byt5,104310,1.0,0,0,True
rules_then_byt5,101458,1.0,0,0,True
rules_then_byt5,105988,1.0,0,0,True
rules_then_byt5,104714,1.0,0,0,True
rules_then_byt5,105979,1.0,0,0,True
rules_then_byt5,103054,1.0,0,0,True
rules_then_byt5,104370,1.0,0,0,True
rules_then_byt5,100385,1.0,0,0,True
rules_then_byt5,103462,1.0,0,0,True
rules_then_byt5,105423,1.0,0,0,True
rules_then_byt5,105819,1.0,0,0,True
rules_then_byt5,105721,1.0,0,0,True
rules_then_byt5,103106,1.0,0,0,True
rules_then_byt5,104338,1.0,0,0,True
rules_then_byt5,103386,1.0,0,0,True
rules_then_byt5,105555,1.0,0,0,True
rules_then_byt5,104976,1.0,0,0,True
rules_then_byt5,105248,1.0,0,0,True
rules_then_byt5,104818,1.0,0,0,True
rules_then_byt5,103530,1.0,0,0,True
rules_then_byt5,105723,1.0,0,0,True
rules_then_byt5,105090,1.0,0,0,True
rules_then_byt5,102943,1.0,0,0,True
rules_then_byt5,104893,1.0,0,0,True
rules_then_byt5,105982,1.0,0,0,True
rules_then_byt5,105649,1.0,0,0,True
rules_then_byt5,103830,1.0,0,0,True
rules_then_byt5,104701,1.0,0,0,True
rules_then_byt5,103459,1.0,0,0,True
rules_then_byt5,104491,1.0,0,0,True
rules_then_byt5,104490,1.0,0,0,True
rules_then_byt5,106168,1.0,0,0,True
rules_then_byt5,102551,1.0,0,0,True
rules_then_byt5,105182,1.0,0,0,True
rules_then_byt5,100909,1.0,0,0,True
rules_then_byt5,105637,1.0,0,0,True
rules_then_byt5,103976,1.0,0,0,True
rules_then_byt5,104772,1.0,0,0,True
rules_then_byt5,100076,1.0,0,0,True
rules_then_byt5,105670,1.0,0,0,True
rules_then_byt5,106076,1.0,0,0,True
rules_then_byt5,105861,1.0,0,0,True
rules_then_byt5,100911,1.0,0,0,True
rules_then_byt5,104703,1.0,0,0,True
rules_then_byt5,100876,1.0,0,0,True
rules_then_byt5,105860,1.0,0,0,True
rules_then_byt5,100531,1.0,0,0,True
rules_then_byt5,105720,1.0,0,0,True
rules_then_byt5,102477,1.0,0,0,True
rules_then_byt5,103129,1.0,0,0,True
rules_then_byt5,106054,1.0,0,0,True
rules_then_byt5,104634,1.0,0,0,True
rules_then_byt5,103008,1.0,0,0,True
rules_then_byt5,105702,1.0,0,0,True
rules_then_byt5,101686,1.0,0,0,True
rules_then_byt5,103549,1.0,0,0,True
rules_then_byt5,100778,1.0,0,0,True
rules_then_byt5,105811,1.0,0,0,True
rules_then_byt5,101935,1.0,0,0,True
rules_then_byt5,105598,1.0,0,0,True
rules_then_byt5,105748,1.0,0,0,True
rules_then_byt5,104373,1.0,0,0,True
rules_then_byt5,101603,1.0,0,0,True
rules_then_byt5,103812,1.0,0,0,True
rules_then_byt5,102732,1.0,0,0,True
rules_then_byt5,101340,1.0,0,0,True
rules_then_byt5,105353,1.0,0,0,True
rules_then_byt5,102283,1.0,0,0,True
rules_then_byt5,100854,1.0,0,0,True
rules_then_byt5,102957,1.0,0,0,True
rules_then_byt5,102121,1.0,0,0,True
rules_then_byt5,103313,1.0,0,0,True
rules_then_byt5,103699,1.0,0,0,True
rules_then_byt5,100232,1.0,0,0,True
rules_then_byt5,104630,1.0,0,0,True
rules_then_byt5,103752,1.0,0,0,True
rules_then_byt5,105554,1.0,0,0,True
rules_then_byt5,101083,1.0,0,0,True
rules_then_byt5,105808,1.0,0,0,True
rules_then_byt5,102474,1.0,0,0,True
rules_then_byt5,102733,1.0,0,0,True
rules_then_byt5,103458,1.0,0,0,True
rules_then_byt5,102734,1.0,0,0,True
rules_then_byt5,102515,1.0,0,0,True
rules_then_byt5,105719,1.0,0,0,True
rules_then_byt5,101646,1.0,0,0,True
rules_then_byt5,105526,1.0,0,0,True
rules_then_byt5,103446,1.0,0,0,True
rules_then_byt5,105596,1.0,0,0,True
rules_then_byt5,105696,1.0,0,0,True
rules_then_byt5,105483,1.0,0,0,True
rules_then_byt5,105052,1.0,0,0,True
rules_then_byt5,102145,1.0,0,0,True
rules_then_byt5,103698,1.0,0,0,True
rules_then_byt5,101024,1.0,0,0,True
rules_then_byt5,105494,1.0,0,0,True
rules_then_byt5,100116,1.0,0,0,True
rules_then_byt5,102917,1.0,0,0,True
rules_then_byt5,104812,1.0,0,0,True
rules_then_byt5,101053,1.0,0,0,True
rules_then_byt5,105321,1.0,0,0,True
rules_then_byt5,106131,1.0,0,0,True
rules_then_byt5,101031,1.0,0,0,True
rules_then_byt5,105886,1.0,0,0,True
rules_then_byt5,105562,1.0,0,0,True
rules_then_byt5,100554,1.0,0,0,True
rules_then_byt5,105534,1.0,0,0,True
rules_then_byt5,101717,1.0,0,0,True
rules_then_byt5,100412,1.0,0,0,True
rules_then_byt5,100411,1.0,0,0,True
rules_then_byt5,104452,1.0,0,0,True
rules_then_byt5,105879,1.0,0,0,True
rules_then_byt5,105602,1.0,0,0,True
rules_then_byt5,101136,1.0,0,0,True
rules_then_byt5,104362,1.0,0,0,True
rules_then_byt5,105303,1.0,0,0,True
rules_then_byt5,101687,1.0,0,0,True
rules_then_byt5,104690,1.0,0,0,True
rules_then_byt5,101778,1.0,0,0,True
rules_then_byt5,106027,1.0,0,0,True
rules_then_byt5,105853,1.0,0,0,True
rules_then_byt5,105855,1.0,0,0,True
rules_then_byt5,105261,1.0,0,0,True
rules_then_byt5,104064,1.0,0,0,True
rules_then_byt5,104888,1.0,0,0,True
rules_then_byt5,103697,1.0,0,0,True
rules_then_byt5,102384,1.0,0,0,True
rules_then_byt5,106075,1.0,0,0,True
rules_then_byt5,105323,1.0,0,0,True
rules_then_byt5,105484,1.0,0,0,True
rules_then_byt5,102217,1.0,0,0,True
rules_then_byt5,106077,1.0,0,0,True
rules_then_byt5,101741,1.0,0,0,True
rules_then_byt5,105737,1.0,0,0,True
rules_then_byt5,103862,1.0,0,0,True
rules_then_byt5,100163,1.0,0,0,True
rules_then_byt5,102942,1.0,0,0,True
rules_then_byt5,104852,1.0,0,0,True
rules_then_byt5,101456,1.0,0,0,True
rules_then_byt5,105486,1.0,0,0,True
rules_then_byt5,105173,1.0,0,0,True
rules_then_byt5,105060,1.0,0,0,True
rules_then_byt5,100486,1.0,0,0,True
rules_then_byt5,102767,1.0,0,0,True
rules_then_byt5,102963,1.0,0,0,True
rules_then_byt5,103273,1.0,0,0,True
rules_then_byt5,103951,1.0,0,0,True
rules_then_byt5,103949,1.0,0,0,True
rules_then_byt5,102146,1.0,0,0,True
rules_then_byt5,102046,1.0,0,0,True
rules_then_byt5,104704,1.0,0,0,True
rules_then_byt5,100231,1.0,0,0,True
rules_then_byt5,100275,1.0,0,0,True
rules_then_byt5,103390,1.0,0,0,True
rules_then_byt5,105812,1.0,0,0,True
rules_then_byt5,102048,1.0,0,0,True
rules_then_byt5,103694,1.0,0,0,True
rules_then_byt5,103094,1.0,0,0,True
rules_then_byt5,105485,1.0,0,0,True
rules_then_byt5,101358,1.0,0,0,True
rules_then_byt5,105492,1.0,0,0,True
rules_then_byt5,105856,1.0,0,0,True
rules_then_byt5,102735,1.0,0,0,True
rules_then_byt5,101934,1.0,0,0,True
rules_then_byt5,104689,1.0,0,0,True
rules_then_byt5,105601,1.0,0,0,True
rules_then_byt5,104700,1.0,0,0,True
rules_then_byt5,101262,1.0,0,0,True
rules_then_byt5,106152,1.0,0,0,True
rules_then_byt5,104702,1.0,0,0,True
rules_then_byt5,104412,1.0,0,0,True
rules_then_byt5,104413,1.0,0,0,True
rules_then_byt5,104414,1.0,0,0,True
rules_then_byt5,104415,1.0,0,0,True
rules_then_byt5,101244,1.0,0,0,True
rules_then_byt5,103272,1.0,0,0,True
rules_then_byt5,104960,1.0,0,0,True
rules_then_byt5,105571,1.0,0,0,True
rules_then_byt5,101487,1.0,0,0,True
rules_then_byt5,102396,1.0,0,0,True
rules_then_byt5,101274,1.0,0,0,True
rules_then_byt5,106059,1.0,0,0,True
rules_then_byt5,104101,1.0,0,0,True
rules_then_byt5,104236,1.0,0,0,True
rules_then_byt5,100367,1.0,0,0,True
rules_then_byt5,100010,1.0,0,0,True
rules_then_byt5,103306,1.0,0,0,True
rules_then_byt5,101347,1.0,0,0,True
rules_then_byt5,101142,1.0,0,0,True
rules_then_byt5,102611,1.0,0,0,True
rules_then_byt5,104624,1.0,0,0,True
rules_then_byt5,101962,1.0,0,0,True
rules_then_byt5,104180,1.0,0,0,True
rules_then_byt5,104591,1.0,0,0,True
rules_then_byt5,105097,1.0,0,0,True
rules_then_byt5,101158,1.0,0,0,True
rules_then_byt5,100929,1.0,0,0,True
rules_then_byt5,106033,1.0,0,0,True
rules_then_byt5,100584,1.0,0,0,True
rules_then_byt5,105281,1.0,0,0,True
rules_then_byt5,100977,1.0,0,0,True
rules_then_byt5,103224,1.0,0,0,True
rules_then_byt5,100466,1.0,0,0,True
rules_then_byt5,103190,1.0,0,0,True
rules_then_byt5,104315,1.0,0,0,True
rules_then_byt5,100567,1.0,0,0,True
rules_then_byt5,100028,1.0,0,0,True
rules_then_byt5,102638,1.0,0,0,True
rules_then_byt5,104314,1.0,0,0,True
rules_then_byt5,106002,1.0,0,0,True
rules_then_byt5,101248,1.0,0,0,True
rules_then_byt5,103099,1.0,0,0,True
rules_then_byt5,103607,1.0,0,0,True
rules_then_byt5,104738,1.0,0,0,True
rules_then_byt5,101469,1.0,0,0,True
rules_then_byt5,105506,1.0,0,0,True
rules_then_byt5,104665,1.0,0,0,True
rules_then_byt5,104513,1.0,0,0,True
rules_then_byt5,100733,1.0,0,0,True
rules_then_byt5,101045,1.0,0,0,True
rules_then_byt5,104046,1.0,0,0,True
rules_then_byt5,100705,1.0,0,0,True
rules_then_byt5,105616,1.0,0,0,True
rules_then_byt5,100164,1.0,0,0,True
rules_then_byt5,101134,1.0,0,0,True
rules_then_byt5,100117,1.0,0,0,True
rules_then_byt5,100730,1.0,0,0,True
rules_then_byt5,105254,1.0,0,0,True
rules_then_byt5,105073,1.0,0,0,True
rules_then_byt5,102663,1.0,0,0,True
rules_then_byt5,103911,1.0,0,0,True
rules_then_byt5,103782,1.0,0,0,True
rules_then_byt5,100557,1.0,0,0,True
rules_then_byt5,100921,1.0,0,0,True
rules_then_byt5,104446,1.0,0,0,True
rules_then_byt5,102948,1.0,0,0,True
rules_then_byt5,103301,1.0,0,0,True
rules_then_byt5,102918,1.0,0,0,True
rules_then_byt5,102156,1.0,0,0,True
rules_then_byt5,100875,1.0,0,0,True
rules_then_byt5,105797,1.0,0,0,True
rules_then_byt5,102576,1.0,0,0,True
rules_then_byt5,103596,1.0,0,0,True
rules_then_byt5,102689,1.0,0,0,True
rules_then_byt5,100040,1.0,0,0,True
rules_then_byt5,104294,1.0,0,0,True
rules_then_byt5,105348,1.0,0,0,True
rules_then_byt5,106140,1.0,0,0,True
rules_then_byt5,103986,1.0,0,0,True
rules_then_byt5,104166,1.0,0,0,True
rules_then_byt5,103220,1.0,0,0,True
rules_then_byt5,105954,1.0,0,0,True
rules_then_byt5,104427,1.0,0,0,True
rules_then_byt5,105063,1.0,0,0,True
rules_then_byt5,103215,1.0,0,0,True
rules_then_byt5,102660,1.0,0,0,True
rules_then_byt5,105932,1.0,0,0,True
rules_then_byt5,100987,1.0,0,0,True
rules_then_byt5,104723,1.0,0,0,True
rules_then_byt5,105375,1.0,0,0,True
rules_then_byt5,105211,1.0,0,0,True
rules_then_byt5,100413,1.0,0,0,True
rules_then_byt5,101488,1.0,0,0,True
rules_then_byt5,101756,1.0,0,0,True
rules_then_byt5,100226,1.0,0,0,True
rules_then_byt5,102713,1.0,0,0,True
rules_then_byt5,105307,1.0,0,0,True
rules_then_byt5,105439,1.0,0,0,True
rules_then_byt5,102640,1.0,0,0,True
rules_then_byt5,102383,1.0,0,0,True
rules_then_byt5,102798,1.0,0,0,True
rules_then_byt5,105659,1.0,0,0,True
rules_then_byt5,106136,1.0,0,0,True
rules_then_byt5,105923,1.0,0,0,True
rules_then_byt5,100092,1.0,0,0,True
rules_then_byt5,102098,1.0,0,0,True
rules_then_byt5,105019,1.0,0,0,True
rules_then_byt5,104063,1.0,0,0,True
rules_then_byt5,104308,1.0,0,0,True
rules_then_byt5,104443,1.0,0,0,True
rules_then_byt5,100891,1.0,0,0,True
rules_then_byt5,103442,1.0,0,0,True
rules_then_byt5,101364,1.0,0,0,True
rules_then_byt5,100967,1.0,0,0,True
rules_then_byt5,101795,1.0,0,0,True
rules_then_byt5,100203,1.0,0,0,True
rules_then_byt5,105999,1.0,0,0,True
rules_then_byt5,103206,1.0,0,0,True
rules_then_byt5,105208,1.0,0,0,True
rules_then_byt5,104515,1.0,0,0,True
rules_then_byt5,105001,1.0,0,0,True
rules_then_byt5,102330,1.0,0,0,True
rules_then_byt5,105308,1.0,0,0,True
rules_then_byt5,106026,1.0,0,0,True
rules_then_byt5,101373,1.0,0,0,True
rules_then_byt5,104659,1.0,0,0,True
rules_then_byt5,103323,1.0,0,0,True
rules_then_byt5,102461,1.0,0,0,True
rules_then_byt5,104499,1.0,0,0,True
rules_then_byt5,101241,1.0,0,0,True
rules_then_byt5,104183,1.0,0,0,True
rules_then_byt5,100073,1.0,0,0,True
rules_then_byt5,105148,1.0,0,0,True
rules_then_byt5,100417,1.0,0,0,True
rules_then_byt5,105414,1.0,0,0,True
rules_then_byt5,103863,1.0,0,0,True
rules_then_byt5,104471,1.0,0,0,True
rules_then_byt5,105549,1.0,0,0,True
rules_then_byt5,101215,1.0,0,0,True
rules_then_byt5,103346,1.0,0,0,True
rules_then_byt5,101498,1.0,0,0,True
rules_then_byt5,102169,1.0,0,0,True
rules_then_byt5,101561,1.0,0,0,True
rules_then_byt5,104450,1.0,0,0,True
rules_then_byt5,103420,1.0,0,0,True
rules_then_byt5,100333,1.0,0,0,True
rules_then_byt5,104291,1.0,0,0,True
rules_then_byt5,101427,1.0,0,0,True
rules_then_byt5,105480,1.0,0,0,True
rules_then_byt5,102999,1.0,0,0,True
rules_then_byt5,104889,1.0,0,0,True
rules_then_byt5,102593,1.0,0,0,True
rules_then_byt5,101575,1.0,0,0,True
rules_then_byt5,100344,1.0,0,0,True
rules_then_byt5,101516,1.0,0,0,True
rules_then_byt5,104357,1.0,0,0,True
rules_then_byt5,100266,1.0,0,0,True
rules_then_byt5,100286,1.0,0,0,True
rules_then_byt5,105590,1.0,0,0,True
rules_then_byt5,105518,1.0,0,0,True
rules_then_byt5,103038,1.0,0,0,True
rules_then_byt5,102375,1.0,0,0,True
rules_then_byt5,103708,1.0,0,0,True
rules_then_byt5,103505,1.0,0,0,True
rules_then_byt5,104724,1.0,0,0,True
rules_then_byt5,105276,1.0,0,0,True
rules_then_byt5,105402,1.0,0,0,True
rules_then_byt5,100915,1.0,0,0,True
rules_then_byt5,102908,1.0,0,0,True
rules_then_byt5,103461,1.0,0,0,True
rules_then_byt5,100150,1.0,0,0,True
rules_then_byt5,101217,1.0,0,0,True
rules_then_byt5,100759,1.0,0,0,True
rules_then_byt5,100652,1.0,0,0,True
rules_then_byt5,100440,1.0,0,0,True
rules_then_byt5,100646,1.0,0,0,True
rules_then_byt5,100820,1.0,0,0,True
rules_then_byt5,103100,1.0,0,0,True
rules_then_byt5,101337,1.0,0,0,True
rules_then_byt5,104115,1.0,0,0,True
rules_then_byt5,105639,1.0,0,0,True
rules_then_byt5,105075,1.0,0,0,True
rules_then_byt5,106013,1.0,0,0,True
rules_then_byt5,100811,1.0,0,0,True
rules_then_byt5,102536,1.0,0,0,True
rules_then_byt5,102029,1.0,0,0,True
rules_then_byt5,105983,1.0,0,0,True
rules_then_byt5,103238,1.0,0,0,True
rules_then_byt5,105004,1.0,0,0,True
rules_then_byt5,105966,1.0,0,0,True
rules_then_byt5,105177,1.0,0,0,True
rules_then_byt5,103315,1.0,0,0,True
rules_then_byt5,100260,1.0,0,0,True
rules_then_byt5,105142,1.0,0,0,True
rules_then_byt5,105724,1.0,0,0,True
rules_then_byt5,102079,1.0,0,0,True
rules_then_byt5,103948,1.0,0,0,True
rules_then_byt5,103817,1.0,0,0,True
rules_then_byt5,100736,1.0,0,0,True
rules_then_byt5,101986,1.0,0,0,True
rules_then_byt5,102958,1.0,0,0,True
rules_then_byt5,103144,1.0,0,0,True
rules_then_byt5,101904,1.0,0,0,True
rules_then_byt5,102581,1.0,0,0,True
rules_then_byt5,101930,1.0,0,0,True
rules_then_byt5,102286,1.0,0,0,True
rules_then_byt5,103822,1.0,0,0,True
rules_then_byt5,103105,1.0,0,0,True
rules_then_byt5,100179,1.0,0,0,True
rules_then_byt5,100264,1.0,0,0,True
rules_then_byt5,100293,1.0,0,0,True
rules_then_byt5,105529,1.0,0,0,True
rules_then_byt5,104952,1.0,0,0,True
rules_then_byt5,104595,1.0,0,0,True
rules_then_byt5,105498,1.0,0,0,True
rules_then_byt5,100014,1.0,0,0,True
rules_then_byt5,106101,1.0,0,0,True
rules_then_byt5,102401,1.0,0,0,True
rules_then_byt5,105467,1.0,0,0,True
rules_then_byt5,103126,1.0,0,0,True
rules_then_byt5,102172,1.0,0,0,True
rules_then_byt5,105843,1.0,0,0,True
rules_then_byt5,101474,1.0,0,0,True
rules_then_byt5,105796,1.0,0,0,True
rules_then_byt5,103056,1.0,0,0,True
rules_then_byt5,101243,1.0,0,0,True
rules_then_byt5,105928,1.0,0,0,True
rules_then_byt5,105503,1.0,0,0,True
rules_then_byt5,103397,1.0,0,0,True
rules_then_byt5,104484,1.0,0,0,True
rules_then_byt5,102185,1.0,0,0,True
rules_then_byt5,100031,1.0,0,0,True
rules_then_byt5,103930,1.0,0,0,True
rules_then_byt5,101087,1.0,0,0,True
rules_then_byt5,100490,1.0,0,0,True
rules_then_byt5,101440,1.0,0,0,True
rules_then_byt5,102539,1.0,0,0,True
rules_then_byt5,105866,1.0,0,0,True
rules_then_byt5,101842,1.0,0,0,True
rules_then_byt5,103542,1.0,0,0,True
rules_then_byt5,101220,1.0,0,0,True
rules_then_byt5,102296,1.0,0,0,True
rules_then_byt5,101880,1.0,0,0,True
rules_then_byt5,100337,1.0,0,0,True
rules_then_byt5,101690,1.0,0,0,True
rules_then_byt5,102301,1.0,0,0,True
rules_then_byt5,101535,1.0,0,0,True
rules_then_byt5,104898,1.0,0,0,True
rules_then_byt5,103113,1.0,0,0,True
rules_then_byt5,105330,1.0,0,0,True
rules_then_byt5,102980,1.0,0,0,True
rules_then_byt5,102865,1.0,0,0,True
rules_then_byt5,100924,1.0,0,0,True
rules_then_byt5,105473,1.0,0,0,True
rules_then_byt5,100589,1.0,0,0,True
rules_then_byt5,100459,1.0,0,0,True
rules_then_byt5,105692,1.0,0,0,True
rules_then_byt5,101355,1.0,0,0,True
rules_then_byt5,101683,1.0,0,0,True
rules_then_byt5,101924,1.0,0,0,True
rules_then_byt5,104730,1.0,0,0,True
rules_then_byt5,104807,1.0,0,0,True
rules_then_byt5,101401,1.0,0,0,True
rules_then_byt5,100077,1.0,0,0,True
rules_then_byt5,100823,1.0,0,0,True
rules_then_byt5,100680,1.0,0,0,True
rules_then_byt5,104539,1.0,0,0,True
rules_then_byt5,105388,1.0,0,0,True
rules_then_byt5,103375,1.0,0,0,True
rules_then_byt5,100719,1.0,0,0,True
rules_then_byt5,100598,1.0,0,0,True
rules_then_byt5,100643,1.0,0,0,True
rules_then_byt5,101282,1.0,0,0,True
rules_then_byt5,100127,1.0,0,0,True
rules_then_byt5,103480,1.0,0,0,True
rules_then_byt5,104302,1.0,0,0,True
rules_then_byt5,100648,1.0,0,0,True
rules_then_byt5,103562,1.0,0,0,True
rules_then_byt5,105145,1.0,0,0,True
rules_then_byt5,100757,1.0,0,0,True
rules_then_byt5,106023,1.0,0,0,True
rules_then_byt5,104939,1.0,0,0,True
rules_then_byt5,100345,1.0,0,0,True
rules_then_byt5,100727,1.0,0,0,True
rules_then_byt5,103974,1.0,0,0,True
rules_then_byt5,100201,1.0,0,0,True
rules_then_byt5,104614,1.0,0,0,True
rules_then_byt5,104290,1.0,0,0,True
rules_then_byt5,101744,1.0,0,0,True
rules_then_byt5,104441,1.0,0,0,True
rules_then_byt5,106162,1.0,0,0,True
rules_then_byt5,104663,1.0,0,0,True
rules_then_byt5,104155,1.0,0,0,True
rules_then_byt5,100574,1.0,0,0,True
rules_then_byt5,103271,1.0,0,0,True
rules_then_byt5,103938,1.0,0,0,True
rules_then_byt5,105174,1.0,0,0,True
rules_then_byt5,102189,1.0,0,0,True
rules_then_byt5,105859,1.0,0,0,True
rules_then_byt5,105852,1.0,0,0,True
rules_then_byt5,101412,1.0,0,0,True
rules_then_byt5,104211,1.0,0,0,True
rules_then_byt5,100611,1.0,0,0,True
rules_then_byt5,101829,1.0,0,0,True
rules_then_byt5,103274,1.0,0,0,True
rules_then_byt5,103457,1.0,0,0,True
rules_then_byt5,103421,1.0,0,0,True
rules_then_byt5,102619,1.0,0,0,True
rules_then_byt5,105502,1.0,0,0,True
rules_then_byt5,105896,1.0,0,0,True
rules_then_byt5,103515,1.0,0,0,True
rules_then_byt5,104946,1.0,0,0,True
rules_then_byt5,104333,1.0,0,0,True
rules_then_byt5,100493,1.0,0,0,True
rules_then_byt5,102686,1.0,0,0,True
rules_then_byt5,102489,1.0,0,0,True
rules_then_byt5,100050,1.0,0,0,True
rules_then_byt5,100982,1.0,0,0,True
rules_then_byt5,105594,1.0,0,0,True
rules_then_byt5,104326,1.0,0,0,True
rules_then_byt5,101349,1.0,0,0,True
rules_then_byt5,104060,1.0,0,0,True
rules_then_byt5,104419,1.0,0,0,True
rules_then_byt5,102916,1.0,0,0,True
rules_then_byt5,101742,1.0,0,0,True
rules_then_byt5,103502,1.0,0,0,True
rules_then_byt5,104157,1.0,0,0,True
rules_then_byt5,105605,1.0,0,0,True
rules_then_byt5,105202,1.0,0,0,True
rules_then_byt5,105320,1.0,0,0,True
rules_then_byt5,103289,1.0,0,0,True
rules_then_byt5,100839,1.0,0,0,True
rules_then_byt5,105104,1.0,0,0,True
rules_then_byt5,100566,1.0,0,0,True
rules_then_byt5,103703,1.0,0,0,True
rules_then_byt5,100124,1.0,0,0,True
rules_then_byt5,105537,1.0,0,0,True
rules_then_byt5,104353,1.0,0,0,True
rules_then_byt5,102826,1.0,0,0,True
rules_then_byt5,104292,1.0,0,0,True
rules_then_byt5,104192,1.0,0,0,True
rules_then_byt5,100793,1.0,0,0,True
rules_then_byt5,106040,1.0,0,0,True
rules_then_byt5,105718,1.0,0,0,True
rules_then_byt5,104831,1.0,0,0,True
rules_then_byt5,104707,1.0,0,0,True
rules_then_byt5,100660,1.0,0,0,True
rules_then_byt5,100779,1.0,0,0,True
rules_then_byt5,100377,1.0,0,0,True
rules_then_byt5,104971,1.0,0,0,True
rules_then_byt5,100561,1.0,0,0,True
rules_then_byt5,101362,1.0,0,0,True
rules_then_byt5,101179,1.0,0,0,True
rules_then_byt5,101486,1.0,0,0,True
rules_then_byt5,103832,1.0,0,0,True
rules_then_byt5,105835,1.0,0,0,True
rules_then_byt5,106167,1.0,0,0,True
rules_then_byt5,104306,1.0,0,0,True
rules_then_byt5,101430,1.0,0,0,True
rules_then_byt5,102318,1.0,0,0,True
rules_then_byt5,101460,1.0,0,0,True
rules_then_byt5,100607,1.0,0,0,True
rules_then_byt5,101247,1.0,0,0,True
rules_then_byt5,104781,1.0,0,0,True
rules_then_byt5,106125,1.0,0,0,True
rules_then_byt5,100339,1.0,0,0,True
rules_then_byt5,103890,1.0,0,0,True
rules_then_byt5,104795,1.0,0,0,True
rules_then_byt5,103768,1.0,0,0,True
rules_then_byt5,105404,1.0,0,0,True
rules_then_byt5,103912,1.0,0,0,True
rules_then_byt5,100154,1.0,0,0,True
rules_then_byt5,105459,1.0,0,0,True
rules_then_byt5,102697,1.0,0,0,True
rules_then_byt5,100508,1.0,0,0,True
rules_then_byt5,103379,1.0,0,0,True
rules_then_byt5,106157,1.0,0,0,True
rules_then_byt5,102406,1.0,0,0,True
rules_then_byt5,100035,1.0,0,0,True
rules_then_byt5,102307,1.0,0,0,True
rules_then_byt5,100678,1.0,0,0,True
rules_then_byt5,105169,1.0,0,0,True
rules_then_byt5,101884,1.0,0,0,True
rules_then_byt5,100959,1.0,0,0,True
rules_then_byt5,101538,1.0,0,0,True
rules_then_byt5,104994,1.0,0,0,True
rules_then_byt5,101376,1.0,0,0,True
rules_then_byt5,102971,1.0,0,0,True
rules_then_byt5,103266,1.0,0,0,True
rules_then_byt5,103199,1.0,0,0,True
rules_then_byt5,101285,1.0,0,0,True
rules_then_byt5,100511,1.0,0,0,True
rules_then_byt5,102583,1.0,0,0,True
rules_then_byt5,101908,1.0,0,0,True
rules_then_byt5,105732,1.0,0,0,True
rules_then_byt5,104792,1.0,0,0,True
rules_then_byt5,102420,1.0,0,0,True
rules_then_byt5,102805,1.0,0,0,True
rules_then_byt5,106098,1.0,0,0,True
rules_then_byt5,105595,1.0,0,0,True
rules_then_byt5,106080,1.0,0,0,True
rules_then_byt5,105580,1.0,0,0,True
rules_then_byt5,105236,1.0,0,0,True
rules_then_byt5,103994,1.0,0,0,True
rules_then_byt5,103453,1.0,0,0,True
rules_then_byt5,101545,1.0,0,0,True
rules_then_byt5,100291,1.0,0,0,True
rules_then_byt5,105493,1.0,0,0,True
rules_then_byt5,104638,1.0,0,0,True
rules_then_byt5,104132,1.0,0,0,True
rules_then_byt5,101514,1.0,0,0,True
rules_then_byt5,100069,1.0,0,0,True
rules_then_byt5,100278,1.0,0,0,True
rules_then_byt5,105267,1.0,0,0,True
rules_then_byt5,101776,1.0,0,0,True
rules_then_byt5,105023,1.0,0,0,True
rules_then_byt5,102309,1.0,0,0,True
rules_then_byt5,103432,1.0,0,0,True
rules_then_byt5,102983,1.0,0,0,True
rules_then_byt5,105617,1.0,0,0,True
rules_then_byt5,100754,1.0,0,0,True
rules_then_byt5,103943,1.0,0,0,True
rules_then_byt5,104110,1.0,0,0,True
rules_then_byt5,100078,1.0,0,0,True
rules_then_byt5,100855,1.0,0,0,True
rules_then_byt5,105942,1.0,0,0,True
rules_then_byt5,102627,1.0,0,0,True
rules_then_byt5,101251,1.0,0,0,True
rules_then_byt5,103575,1.0,0,0,True
rules_then_byt5,101992,1.0,0,0,True
rules_then_byt5,102271,1.0,0,0,True
rules_then_byt5,102439,1.0,0,0,True
rules_then_byt5,101936,1.0,0,0,True
rules_then_byt5,100054,1.0,0,0,True
rules_then_byt5,103742,1.0,0,0,True
rules_then_byt5,106119,1.0,0,0,True
rules_then_byt5,101578,1.0,0,0,True
rules_then_byt5,104411,1.0,0,0,True
rules_then_byt5,103254,1.0,0,0,True
rules_then_byt5,105784,1.0,0,0,True
rules_then_byt5,105187,1.0,0,0,True
rules_then_byt5,101810,1.0,0,0,True
rules_then_byt5,101850,1.0,0,0,True
rules_then_byt5,104401,1.0,0,0,True
rules_then_byt5,102616,1.0,0,0,True
rules_then_byt5,104979,1.0,0,0,True
rules_then_byt5,104885,1.0,0,0,True
rules_then_byt5,105491,1.0,0,0,True
rules_then_byt5,100892,1.0,0,0,True
rules_then_byt5,103090,1.0,0,0,True
rules_then_byt5,100985,1.0,0,0,True
rules_then_byt5,103059,1.0,0,0,True
rules_then_byt5,103803,1.0,0,0,True
rules_then_byt5,104790,1.0,0,0,True
rules_then_byt5,100172,1.0,0,0,True
rules_then_byt5,105556,1.0,0,0,True
rules_then_byt5,101312,1.0,0,0,True
rules_then_byt5,103358,1.0,0,0,True
rules_then_byt5,103297,1.0,0,0,True
rules_then_byt5,105997,1.0,0,0,True
rules_then_byt5,101956,1.0,0,0,True
rules_then_byt5,105434,1.0,0,0,True
rules_then_byt5,100729,1.0,0,0,True
rules_then_byt5,102568,1.0,0,0,True
rules_then_byt5,101015,1.0,0,0,True
rules_then_byt5,105183,1.0,0,0,True
rules_then_byt5,105658,1.0,0,0,True
rules_then_byt5,103729,1.0,0,0,True
rules_then_byt5,100270,1.0,0,0,True
rules_then_byt5,101668,1.0,0,0,True
rules_then_byt5,102159,1.0,0,0,True
rules_then_byt5,100688,1.0,0,0,True
rules_then_byt5,105640,1.0,0,0,True
rules_then_byt5,102763,1.0,0,0,True
rules_then_byt5,101896,1.0,0,0,True
rules_then_byt5,104554,1.0,0,0,True
rules_then_byt5,106058,1.0,0,0,True
rules_then_byt5,100492,1.0,0,0,True
rules_then_byt5,104857,1.0,0,0,True
rules_then_byt5,102914,1.0,0,0,True
rules_then_byt5,103310,1.0,0,0,True
rules_then_byt5,100714,1.0,0,0,True
rules_then_byt5,105767,1.0,0,0,True
rules_then_byt5,101791,1.0,0,0,True
rules_then_byt5,100170,1.0,0,0,True
rules_then_byt5,100109,1.0,0,0,True
rules_then_byt5,100019,1.0,0,0,True
rules_then_byt5,101967,1.0,0,0,True
rules_then_byt5,105233,1.0,0,0,True
rules_then_byt5,100889,1.0,0,0,True
rules_then_byt5,102220,1.0,0,0,True
rules_then_byt5,101860,1.0,0,0,True
rules_then_byt5,102520,1.0,0,0,True
rules_then_byt5,104677,1.0,0,0,True
rules_then_byt5,101647,1.0,0,0,True
rules_then_byt5,101017,1.0,0,0,True
rules_then_byt5,104430,1.0,0,0,True
rules_then_byt5,100438,1.0,0,0,True
rules_then_byt5,106048,1.0,0,0,True
rules_then_byt5,105341,1.0,0,0,True
rules_then_byt5,102064,1.0,0,0,True
rules_then_byt5,102176,1.0,0,0,True
rules_then_byt5,101923,1.0,0,0,True
rules_then_byt5,100276,1.0,0,0,True
rules_then_byt5,104045,1.0,0,0,True
rules_then_byt5,103489,1.0,0,0,True
rules_then_byt5,105760,1.0,0,0,True
