ident,text,items,faults,actions
100001,"engine idle override killed engine . tried to adjust idle several times , wouldn ' t adjust .",engine,wouldn ' t adjust; killed,tried to adjust
100002,engine idle override killed engine . removed and replaced fuel servo,engine; fuel servo,,removed; replaced
100003,"engine idle override killed engine . aircraft was run up , set idle speed , mixture ok , no leaks no",engine; aircraft,killed,run up; set idle speed
100004,"had engine choke and briefly lose power on departure . full throttle . performed engine run up , found cylinder 2 lower plug fouled .",engine; throttle; cylinder; plug,fouled; choke; briefly lose,run up
100005,number 2 and 4 cylinder rocker cover gaskets are leaking . removed and replaced gaskets .,cylinder; rocker cover gaskets; gaskets,leaking,removed; replaced
100006,rocker box cover screws loose all cylinder . tightened screws .,rocker box cover screws; cylinder; screws,loose,tightened
100007,induction tube hose clamps loose all cylinder . tightened hose clamps .,induction tube; hose clamps; cylinder,loose,tightened
100008,number 3 intake is leaking . removed and replaced gasket .,intake; gasket,leaking,removed; replaced
100009,number 2 intake is leaking . removed and replaced number 2 intake gasket .,intake; intake gasket,leaking,removed; replaced
100010,number 4 rocker cover is leaking . removed and replaced number 4 rocker cover gasket .,rocker cover; rocker cover gasket,leaking,removed; replaced
100011,"holding short of runway , after completion of run up , engine . performed engine run up , adjusted idle and cleaned spark",engine; spark,,run up; adjusted; cleaned
100012,left-hand rear engine baffle cracked . stop drilled crack .,engine; baffle,cracked; crack,stop drilled
100013,induction tube hose clamps loose all cyls . tightened hose clamps .,induction tube; hose clamps,loose,tightened
100014,"number 1 , 2 and 3 rocker box cover gaskets leaking . installed new rocker box cover gaskets .",rocker box cover gaskets,leaking,installed
100015,number 2 rocker cover gasket leaking . removed and replaced number 2 rocker cover gasket .,rocker cover gasket,leaking,removed; replaced
100016,number 1 and 3 rocker cover gasket leaking . removed and replaced number 1 and 3 rocker cover gasket .,rocker cover gasket,leaking,removed; replaced
100017,rocker box cover screws loose . tightened screws .,rocker box cover screws; screws,loose,tightened
100018,number 1 engine baffle cracked . fabricated patch of like material and riveted in accordance with,engine; baffle; patch; like material,cracked,fabricated
100019,number 1 intake gasket leaking . replaced with new gasket .,intake gasket; gasket,leaking,replaced
100020,rocker cover for cylinder number 1 is leaking . replaced rocker cover .,rocker cover; cylinder,leaking,replaced
100021,cylinder number 4 intake leaking . replaced gasket . leak check good .,cylinder; intake; gasket,leaking,replaced; leak check
100022,number 2 and 4 cylinder rocker cover gaskets leaking . removed and replaced rocker cover gaskets . cleaned leaks,cylinder; rocker cover gaskets,leaking; leaks,removed; replaced; cleaned
100023,rocker box cover screws are loose . tightened screws .,rocker box cover screws; screws,loose,tightened
100024,induction tube hose clamps loose all cylinder . tightened hose clamps .,induction tube; hose clamps; cylinder,loose,tightened
100025,"number 1 intake gasket leaking . removed intake tube , found tube to be cracked . removed",intake gasket; intake tube; tube,cracked; leaking,removed
100026,induction tube hose clamps loose all cyls . tightened hose clamps .,induction tube; hose clamps,loose,tightened
100027,right-hand magneto blast tube fell off . removed right-hand aft baffle to facilitate repair . fabricated,magneto blast tube; baffle,fell off,removed; repair; fabricated
100028,"on start up , engine began to run rough . ran engine at 1200 rp . inspected cylinder 1 , 2 and 4 in accordance with - checked ok . removed",engine; cylinder,run rough,ran; inspected; checked; removed
100029,"on start up , engine began to run rough . ran engine at 1200 rp . performed compression check , cylinder number 3 indicated zero psi .",engine; cylinder,run rough,ran; compression check
100030,"on start up , engine began to run rough . ran engine at 1200 rp . completed baffle install , oil filler tube , spark plugs .",engine; baffle; oil filler tube; spark plugs,run rough,ran; install
100031,number 4 rocker cover gasket leaking . replaced gasket .,rocker cover gasket; gasket,leaking,replaced
100032,right engine number 4 air baffle is cracked . removed and replaced number 4 air baffle .,engine; air baffle,cracked,removed; replaced
100033,right-hand engine forward alternator attach bolt loose . secured alternator attach bolt and resafetied .,engine; alternator; attach bolt,loose,secured; resafetied
100034,left-hand engine number 4 aft baffle cracked in multiple places . replaced baffle assembly .,engine; baffle; baffle assembly,cracked,replaced
100035,"right engine , all valve covers are leaking . removed and replaced all rocker gaskets .",engine; valve covers; rocker gaskets,leaking,removed; replaced
100036,left-hand engine all 4 rocker cover gaskets leaking . replaced all rocker cover gaskets .,engine; rocker cover gaskets,leaking,replaced
100037,"left-hand engine number 2 intake leaking . removed tube , found to be cracked . removed tube from co",engine; intake; tube,cracked; leaking,removed
100038,"in flight , engine became rough . discovered right magneto inoperable . e . ran aircraft , mags check good . power and leak check good .",engine; magneto; aircraft,inoperable; became rough,ran; mags check; power and leak check
100039,"in flight , engine became rough . discovered right magneto inoperable . e . removed number 3 cylinder , disconnected fuel distributor line to g",engine; magneto; cylinder; fuel distributor line,inoperable; became rough,removed; disconnected
100040,"in flight , engine became rough . discovered right magneto inoperable . e . reassembled engine , number 3 cylinder dry tappet clearance check g",engine; magneto; cylinder,inoperable; became rough,reassembled; dry tappet clearance check
100041,number 4 intake leaking . removed and replaced number 4 intake gasket .,intake; intake gasket,leaking,removed; replaced
100042,number 3 rocker cover gasket leaking . removed and replaced number 3 rocker cover gasket .,rocker cover gasket,leaking,removed; replaced
100043,top left-hand baffle has a crack . stop drilled crack .,baffle,crack,stop drilled
100044,oil dipstick oil stick is loose . removed and replaced dipstick .,oil dipstick oil stick; oil stick; dipstick,loose,removed; replaced
100045,number 3 brake missing screw . replaced screw .,brake; screw,missing,replaced
100046,baffle seals on right-hand side are torn . applied silicone to torn areas .,baffle seals; silicone,torn,applied
100047,number 2 and 4 rocker covers are leaking . removed and replaced number 2 and 4 rocker cover gaskets .,rocker covers; rocker cover gaskets,leaking,removed; replaced
100048,number 3 aft baffle bracket loose . removed and replaced missing rivets with screws and nuts .,baffle bracket; rivets; screws; nuts,loose; missing,removed; replaced
100049,number 4 cylinder rocker cover is leaking . removed and replaced gasket .,cylinder; rocker cover; gasket,leaking,removed; replaced
100050,"number 1 , 2 , and 6 cowl mounts are torn . removed and replaced mounts .",cowl mounts; mounts,torn,removed; replaced
100051,number 4 intake leaking . removed and replaced gasket .,intake; gasket,leaking,removed; replaced
100052,number 2 and 4 rocker covers leaking . removed and replaced gaskets .,rocker covers; gaskets,leaking,removed; replaced
100053,number 4 intake is leaking . replaced gasket and inspected intake tube .,intake; gasket; intake tube,leaking,replaced; inspected
100054,"during idle check on run up , engine quit . restart engine . adjusted idle setting , idle indicating 650 rpm during r",engine,quit,restart; adjusted
100055,left-hand baffle plug worn . removed and replaced plug .,baffle plug; plug,worn,removed; replaced
100056,number 1 rocker cover leaking . removed and replaced gasket .,rocker cover; gasket,leaking,removed; replaced
100057,left-hand engine number 2 and 4 side baffle seals loose . secured seals .,engine; baffle seals; seals,loose,secured
100058,right-hand engine number 3 aft baffle seal is loose . secured baffle seal .,engine; baffle seal,loose,secured
100059,number 3 rocker cover gasket torn . removed and replaced number 3 rocker cover gasket .,rocker cover gasket,torn,removed; replaced
100060,number 4 rocker cover gasket torn . removed and replaced number 4 rocker cover gasket .,rocker cover gasket,torn,removed; replaced
100061,number 1 rocker cover gasket leaking . removed and replaced rocker cover with new .,rocker cover gasket; rocker cover,leaking,removed; replaced
100062,during ground run pilot noticed high oil pressure engine . adjusted engine oil pressure relief valve .,oil pressure engine; engine; oil pressure relief valve,,adjusted
100063,"during ground run pilot noticed high oil pressure engine . aircraft was ground ran to full power , oil pressure checked ok .",engine; aircraft,high,ground ran; checked
100064,student couldn ' t start aircraft . started aircraft for student .,aircraft,,started
100065,"vacuum tube and oil cooler line are rubbing together . moved adel clamp and applied 2 zip ties , no defects noted",vacuum tube; oil cooler line; adel clamp; 2 zip ties,rubbing together,moved; applied
100066,"after landing , aircraft idle at 970 rpm . adjusted idle setting by lowering . idle setting within ma",aircraft,,adjusted
100067,fuel pressure 32 - 33 with jumps into red . cleaned transducer ground path . fuel pressure checked good,transducer ground path,jumps into red,cleaned; fuel pressure checked
100068,right-hand engine number 2 intake leaks . replaced gasket .,engine; intake; gasket,leaks,replaced
100069,left-hand engine number 4 cylinder baffle cracked . stop drilled crack .,engine; cylinder; baffle,cracked; crack,stop drilled
100070,right-hand engine number 4 cylinder baffle cracked . stop drilled crack .,engine; cylinder; baffle,cracked; crack,stop drilled
100071,"last daily shutdown idle over ride speed check - engine rpm . ran aircraft , adjusted idle speed . checks good .",engine; aircraft,,idle over ride speed check; ran; adjusted; checks
100072,number 2 and 4 side baffle brace broken . fabricated brace from like material and installed .,baffle brace; brace; like material,broken,fabricated; installed
100073,number 4 cylinder intake gasket is leaking . removed and replaced gasket .,cylinder; intake gasket; gasket,leaking,removed; replaced
100074,number 4 rocker box cover gasket leaking . removed and replaced rocker cover gasket .,rocker box cover gasket; rocker cover gasket,leaking,removed; replaced
100075,baffle plug hole worn . installed patch and new plug .,baffle plug hole; patch; plug,worn,installed
100076,"engine started running rough and vibrating a lot . ran aircraft , operations and leak check good .",engine; aircraft,started running rough; vibrating,ran; operations; leak check
100077,engine started running rough and vibrating a lot . ran aircraft . confirmed discrepancy . found number 3 cylinder had very l,engine; aircraft; cylinder,started running rough; vibrating,ran; confirmed
100078,engine started running rough and vibrating a lot . completed reassembly of number 3 cylinder assembly . installed new inta,engine; cylinder assembly,started running rough; vibrating,completed reassembly; installed
100079,engine started running rough and vibrating a lot . removed number 3 cylinder . installed serviceable cylinder assembly . torqued,engine; cylinder; cylinder assembly,started running rough; vibrating,removed; installed; torqued
100080,"engine started running rough and vibrating a lot . disassembled number 1 , 2 , 4 exhaust valves , reamed guides in accordance with",engine; exhaust valves,started running rough; vibrating,disassembled; reamed
100081,number 2 intake leaks . replaced gasket .,intake; gasket,leaks,replaced
100082,number 4 intake leaks . replaced gasket .,intake; gasket,leaks,replaced
100083,number 3 intake tube gasket is leaking . replaced gasket .,intake tube gasket; gasket,leaking,replaced
100084,number 3 and 4 rocker cover gaskets are leaking . replaced gaskets .,rocker cover gaskets; gaskets,leaking,replaced
100085,"engine would not start . started engine , leaned mixture to clean spark plugs . ma",engine; spark plugs,would not start,started; leaned; leaned mixture
100086,number 2 intake is leaking . removed and replaced number 2 intake gasket .,intake; intake gasket,leaking,removed; replaced
100087,"top front right-hand baffle , baffle seal rivet pulled through . drilled out rivet and installed screw and nut to attach right-hand",baffle; baffle seal rivet; rivet; screw; nut,pulled through,drilled out; installed
100088,rocker box cover screws loose . tightened screws .,rocker box cover screws; screws,loose,tightened
100089,number 2 induction tube gasket leaking . removed and replaced number 2 induction tube gasket .,induction tube gasket,leaking,removed; replaced
100090,number 2 and 4 rocker covers are leaking . removed and replaced gaskets .,rocker covers; gaskets,leaking,removed; replaced
100091,number 1 intake leaking . removed and replaced number 1 intake gasket with new .,intake; intake gasket,leaking,removed; replaced
100092,number 3 and 4 rocker covers leaking . removed and replaced number 3 and 4 rocker cover gaskets with new .,rocker covers; rocker cover gaskets,leaking,removed; replaced
100093,number 1 rocker cover is leaking . removed and replaced rocker cover gasket .,rocker cover; rocker cover gasket,leaking,removed; replaced
100094,left-hand engine number 4 cylinder intake gasket is leaking . removed and replaced number 4 intake gasket with new .,engine; cylinder; intake gasket,leaking,removed; replaced
100095,rocker box cover screws loose . tightened screws .,rocker box cover screws; screws,loose,tightened
100096,number 4 rocker cover leaking . removed and replaced number 4 rocker cover gasket .,rocker cover; rocker cover gasket,leaking,removed; replaced
100097,number 2 oil return line hose clamp is loose . tightened hose clamp .,oil return line; hose clamp,loose,tightened
100098,rough running engine on start . engine ran smoother as it war . finished reaming all 4 exhaust valve guides . installed,engine; exhaust valve guides,rough running,finished reaming; installed
100099,"rough running engine on start . engine ran smoother as it war . removed cowling , removed all spark plugs . reamed number 3 exhaust",engine; cowling; spark plugs; exhaust,rough running,removed; reamed
100100,number 3 rocker cover is leaking . removed and replaced gasket .,rocker cover; gasket,leaking,removed; replaced
100101,"oil found on entire right side of fuselage . removed cowling , cleaned engine , performed engine run u",oil; fuselage; cowling; engine,,removed; cleaned
100102,right-hand engine number 4 cylinder baffle bolt missing . installed new bolt .,engine; cylinder; baffle bolt; bolt,missing,installed
100103,"right-hand engine number 1 and 4 rocker covers leaking . removed and replaced right-hand rocker cover gaskets , 1 and 4 .",engine; rocker covers; rocker cover gaskets,leaking,removed; replaced
100104,"left-hand engine number 1 and 3 rocker covers leaking . removed and replaced left-hand engine rocker cover gaskets , 1 and",engine; rocker covers; rocker cover gaskets,leaking,removed; replaced
100105,engine died during magneto check . started aircraft using flooded start procedure and ran aircraft to,engine; aircraft,died,started; ran
100106,number 3 rocker cover gasket leaking . removed and replaced number 3 rocker cover gasket .,rocker cover gasket,leaking,removed; replaced
100107,"number 2 , 4 rocker cover gasket leaking . removed and replaced number 2 and 4 rocker cover gaskets .",rocker cover gasket; rocker cover gaskets,leaking,removed; replaced
100108,number 2 and 4 cylinder oil return line clamps loose . tightened clamps .,cylinder; oil return line; clamps,loose,tightened
100109,right-hand engine number 2 intake gasket leaking . removed and replaced gasket .,engine; intake gasket; gasket,leaking,removed; replaced
100110,baffle seals under both propeller governors are loose . resecured baffle seals .,baffle seals; propeller governors,loose,resecured
100111,left-hand engine number 4 aft baffle cracked in multiple places . installed repaired baffling .,engine; baffle; baffling,cracked,installed
100112,left-hand engine number 4 aft baffle cracked in multiple places . removed baffle and swapped accessories .,engine; baffle; accessories,cracked,removed; swapped
100113,number 2 intake is leaking . removed and replaced intake gasket .,intake; intake gasket,leaking,removed; replaced
100114,number 1 left-hand intake has large gouge . removed and replaced number 1 left-hand intake pipe with serviceable pi,intake; intake pipe,gouge,removed; replaced
100115,left-hand engine number 3 rocker cover leaking . removed and replaced left-hand engine number 3 rocker cover gasket .,engine; rocker cover; rocker cover gasket,leaking,removed; replaced
100116,number 2 cylinder has low compression . removed rocker cover and staked intake valve . passed comp,cylinder; rocker cover; intake valve,low,removed; staked
100117,number 4 rocker cover is leaking . replaced gasket .,rocker cover; gasket,leaking,replaced
100118,left-hand side of engine forward rubber seal loose . secured baffle seal .,engine; rubber seal; baffle seal,loose,secured
100119,number 1 and 3 rocker cover gaskets are leaking . removed and replaced gaskets .,rocker cover gaskets; gaskets,leaking,removed; replaced
100120,right-hand baffle front side has a crack . stop drilled crack and fabricated patch with like material .,baffle; patch; like material,crack,stop drilled; fabricated
100121,cylinder number 4 intake is leaking . replaced intake gasket .,cylinder; intake; intake gasket,leaking,replaced
100122,number 2 intake is leaking . removed and replaced number 2 intake gasket .,intake; intake gasket,leaking,removed; replaced
100123,number 4 rocker cover is leaking . removed and replaced number 4 rocker gasket .,rocker cover; rocker gasket,leaking,removed; replaced
100124,right-hand engine number 4 cylinder intake gasket is leaking . installed new number 4 intake gasket .,engine; cylinder; intake gasket,leaking,installed
100125,screw is missing on number 3 cylinder baffle . installed new screw .,screw; cylinder; baffle,missing,installed
100126,right-hand front baffle seal loose . resecured right-hand front baffle seal .,baffle seal,loose,resecured
100127,"top back left-hand corner baffle is cracked . stop drilled crack , fabricated patch with like material .",corner baffle; patch; like material,cracked; crack,stop drilled; fabricated
100128,number 2 cylinder intake gasket is leaking . removed and replaced gasket .,cylinder; intake gasket; gasket,leaking,removed; replaced
100129,number 2 and 3 rocker cover gaskets are leaking . removed and replaced gaskets .,rocker cover gaskets; gaskets,leaking,removed; replaced
100130,engine started running rough shortly after takeoff and landed . ran engine briefly and noted that engine was not running,engine,not running; started running rough shortly,ran
100131,"engine started running rough shortly after takeoff and landed . freed exhaust valve , inspected and found to be serviceabl",engine; exhaust valve,started running rough shortly,freed; inspected
100132,number 1 and 3 intakes leaking . removed and replaced number 1 and 3 rocker cover gaskets .,intakes; rocker cover gaskets,leaking,removed; replaced
100133,number 2 and 4 rocker cover leaking . removed and replaced rocker cover gaskets .,rocker cover; rocker cover gaskets,leaking,removed; replaced
100134,right-hand aft baffle mount rivets are sheared . disconnected lines and wires to remove baffle . removed ba,baffle mount; rivets; lines; wires; baffle,sheared,disconnected; remove; removed
100135,"cht needle bounces and had engine run rough momentarily . removed and replaced cht probe . insp engine , no defects n",cht needle; engine; cht probe,bounces; run rough momentarily,removed; replaced; insp
100136,noted wear on engine mount caused by engine breather support . operations and leak check good .,engine mount; engine breather support,wear,operations; leak check
100137,noted wear on engine mount caused by engine breather support . finished installation of engine .,engine mount; engine breather support; engine,wear,finished installation
100138,"noted wear on engine mount caused by engine breather support . removed engine . replaced engine mount , torqued engine m",engine mount; engine breather support; engine,wear,removed; replaced; torqued
100139,"left-hand engine number 2 , 3 and 4 intakes are leaking . replaced all 3 gaskets .",engine; intakes; gaskets,leaking,replaced
100140,left-hand engine number 3 rocker cover is leaking . removed and replaced gasket .,engine; rocker cover; gasket,leaking,removed; replaced
100141,right-hand engine number 2 and 4 rocker covers are leaking . replaced number 2 and 4 rocker covers .,engine; rocker covers,leaking,replaced
100142,right-hand engine number 3 and 4 intake tubes are leaking . replaced number 3 and 4 intake gaskets .,engine; intake tubes; intake gaskets,leaking,replaced
100143,"left-hand engine , left aft baffle angle bracket is cracked . removed brace , stop drilled crack . installed with large a",engine; baffle angle bracket; brace,cracked; crack,removed; stop drilled; installed
100144,rocker box cover screws loose . retorqued screws .,rocker box cover screws; screws,loose,
100145,number 2 rocker box cover gasket leaking . installed new number 2 rocker box cover gasket .,rocker box cover gasket,leaking,installed
100146,number 4 rocker cover gasket leaking . installed new number 4 rocker box cover gasket .,rocker cover gasket; rocker box cover gasket,leaking,installed
100147,left brake linings are worn out . replaced brake linings .,brake linings,worn,replaced
100148,right engine number 3 rocker cover is leaking . removed and replaced number 3 rocker cover .,engine; rocker cover,leaking,removed; replaced
100149,engine overspeed up to 3400 rpm at termination of an auto . leak check good .,engine,overspeed,leak check
100150,engine overspeed up to 3400 rpm at termination of an auto . began valve train overspeed insp .,engine; valve train,overspeed,overspeed insp
100151,engine overspeed up to 3400 rpm at termination of an auto . began engine overspeed insp in accordance with . identified and corr,engine,overspeed,identified
100152,engine overspeed up to 3400 rpm at termination of an auto . finished valve train overspeed insp . was complet,engine; valve train,overspeed,overspeed insp
100153,number 2 rocker cover gasket leaking . replaced gasket .,rocker cover gasket; gasket,leaking,replaced
100154,"number 2 cylinder has low compression . performed engine run up to operating temperatures , perf",cylinder; engine,low,run up
100155,number 2 rocker box cover screws loose . retorqued screws .,rocker box cover screws; screws,loose,
100156,number 3 baffle button plug bad . installed new button plug .,baffle button plug; button plug,bad,installed
100157,"right-hand engine rough in flight . ran aircraft , couldn ' t duplicate discrepancy . no defects noted d",engine; aircraft,rough,ran
100158,number 1 and 3 rocker covers are leaking . removed and replaced 1 and 3 rocker covers .,rocker covers,leaking,removed; replaced
100159,right-hand forward baffle seal loose . resecured baffle seal .,baffle seal,loose,resecured
100160,"while taxiing , engine quit . found number 4 intake was leaking . removed and replaced intake",engine; intake,quit; leaking,removed; replaced
100161,"right-hand engine , forward inboard baffle has small crack . stop drilled crack .",engine; baffle,crack,stop drilled
100162,"both engs , all rocker covers loose . tightened all screws for rocker covers .",engs; rocker covers; screws,loose,tightened
100163,left-hand engine needs to be removed to facilitate repair . operations and leak checked good .,engine,,removed; repair; operations and leak checked
100164,right-hand engine needs to be removed to facilitate repair . operations and leak checked good .,engine,,removed; repair; operations and leak checked
100165,right-hand engine needs to be removed to facilitate repair . installed right-hand engine to airframe .,engine; airframe,,removed; repair; installed
100166,right-hand engine needs to be removed to facilitate repair . finished installing nacelle wiring .,engine; nacelle wiring,,removed; repair; finished installing
100167,left-hand engine needs to be removed to facilitate repair . finished reinstall of nacelle wiring .,engine; nacelle wiring,,removed; repair; finished reinstall
100168,right-hand engine needs to be removed to facilitate repair . continued wiring and engine control installation .,engine,,removed; repair; continued wiring; control installation
100169,left-hand engine needs to be removed to facilitate repair . preserved cylinders . prepared engine for storage .,engine; cylinders,,removed; repair; preserved; prepared
100170,right-hand engine needs to be removed to facilitate repair . sealed control cable and electrical harness at firewall .,engine; control cable; electrical harness; firewall,,removed; repair; sealed
100171,"left-hand engine needs to be removed to facilitate repair . installed and timed magnetos . routed , connected wiring and",engine; magnetos; wiring,,removed; repair; installed; timed; routed; connected
100172,left-hand engine needs to be removed to facilitate repair . unpacked engine from pallet . installed engine assembly to a,engine; pallet; engine assembly,,removed; repair; unpacked; installed
100173,"left-hand engine needs to be removed to facilitate repair . ran wiring through firewall , ran cables through firewal",engine; firewall; cables; firewal,,removed; repair; ran
100174,"left-hand engine needs to be removed to facilitate repair . routed and secured wiring , fuel and oil lines , control cabl",engine; wiring; fuel and oil lines,,removed; repair; routed; secured
100175,left-hand engine needs to be removed to facilitate repair . sealed control cable and electrical harness at firewall . r,engine; control cable; electrical harness; firewall,,removed; repair; sealed
100176,"left-hand engine needs to be removed to facilitate repair . cleaned plugs , serviced oil . ran left-hand engine , all indica",engine; plugs; oil,,removed; repair; cleaned; serviced; ran
100177,"left-hand engine needs to be removed to facilitate repair . removed left engine , prop / moun t assembly .",engine; prop / moun t assembly,,removed; repair
100178,left-hand engine needs to be removed to facilitate repair . removed oil sump and accessory case . inspected in accordance with,engine; oil sump; accessory case,,removed; repair; inspected
100179,right-hand engine needs to be removed to facilitate repair . started wiring installation and control cable installatio,engine; control cable,,removed; repair; started wiring installation
100180,right-hand engine needs to be removed to facilitate repair . continued wiring and control cable routing . connected cow,engine; control cable; cow,,removed; repair; continued wiring; connected
100181,right-hand engine needs to be removed to facilitate repair . connected wiring and secured . attached and rigged engine co,engine; wiring,,removed; repair; connected; secured; attached; rigged
100182,"right-hand engine needs to be removed to facilitate repair . cleaned plugs , serviced oil . ran engine , all indication",engine; plugs; oil,,removed; repair; cleaned; serviced; ran
100183,right-hand engine needs to be removed to facilitate repair . removed right-hand engine / prop / moun t assembly . preserved cyls . pal,engine; engine / prop / moun t assembly; / prop / moun t assembly; cyls,,removed; repair; preserved
100184,remove engine to facilitate firewall repair . removed engine .,engine,,remove; firewall repair; removed
100185,reinstall engine after repair to firewall . installed engine after repair to firewall was completed,engine; firewall,,reinstall; installed
100186,reinstall engine after repair to firewall . firewall repaired by odegaard wings .,engine; firewall; odegaard wings,,reinstall; repaired
100187,number 2 and 4 intake gasket leaking . removed and replaced number 2 and 4 intake gaskets .,intake gasket; intake gaskets,leaking,removed; replaced
100188,number 2 intake leaking . removed and replaced intake gasket .,intake; intake gasket,leaking,removed; replaced
100189,number 3 rocker cover leaking . removed and replaced number 3 rocker cover gasket .,rocker cover; rocker cover gasket,leaking,removed; replaced
100190,aft baffle screw loose . tightened baffle screw .,baffle screw,loose,tightened
100191,number 4 rear engine baffle cracked . stop drilled crack .,engine; baffle,cracked; crack,stop drilled
100192,induction tube hose clamps loose all cyls . tightened hose clamps .,induction tube; hose clamps,loose,tightened
100193,number 3 cylinder exhaust seal leaking . removed and replaced seal .,cylinder; exhaust seal; seal,leaking,removed; replaced
100194,felt on number 1 and 3 baffle coming loose . prepped area and applied sealant .,baffle; sealant,coming loose,prepped; applied
100195,engine baffle buttons worn . removed and replaced engine baffle buttons on left-hand and right-hand .,engine; baffle buttons,worn,removed; replaced
100196,missing screw on number 3 rocker cover . installed new screw .,screw; rocker cover,missing,installed
100197,number 2 and 4 intakes are leaking . removed and replaced intake gaskets .,intakes; intake gaskets,leaking,removed; replaced
100198,number 2 rocker cover gasket leaking . removed and replaced rocker cover gasket .,rocker cover gasket,leaking,removed; replaced
100199,"engine runs rough after start . engine shutdown when power t . started aircraft , verified engine runs very rough . number 3 egt wa",engine; aircraft; egt,runs rough; shutdown; runs very rough,started; verified
100200,engine runs rough after start . engine shutdown when power t . performed service instruction 388 c on all 4 cylinders . reamed exhaust va,engine; cylinders; exhaust va,runs rough; shutdown when,performed; reamed
100201,"lacing cord loose on scat tubing plus ignition lead to frame , right-hand service instruction . replaced both lacings .",lacing cord; scat tubing; ignition lead; frame; lacings,loose,replaced
100202,all rocker cover screws are loose on left-hand engine . tightened all screws .,rocker cover screws; engine; screws,loose,tightened
100203,number 2 intake leaking on right-hand engine . removed and replaced number 2 intake gasket on right-hand engine .,intake; engine; intake gasket,leaking,removed; replaced
100204,"intakes 2 , number and 4 leaking on left-hand engine . removed and replaced intake gasket 2 , 3 and 4 on left-hand engine",intakes; engine; intake gasket,leaking,removed; replaced
100205,rocker covers 2 and 4 leaking on right-hand engine . removed and replaced number 2 and 4 rocker cover gaskets on right-hand e,rocker covers; engine; rocker cover gaskets,leaking,removed; replaced
100206,"on right engine start , engine ran very rough . removed and replaced number 3 cylinder assembly . reamed 1 , 2 , 4 exhaust",engine; cylinder assembly; exhaust,ran very rough,removed; replaced; reamed
100207,"on right engine start , engine ran very rough . ran engine , number 3 cylinder no egt . pulled propeller through 4 compre",engine; cylinder; propeller,no egt; ran very rough,ran; pulled
100208,number 2 intake is leaking . removed and replaced intake gaskets .,intake; intake gaskets,leaking,removed; replaced
100209,cylinder number 2 intake gasket is leaking . removed and replaced cylinder number 2 intake gasket .,cylinder; intake gasket,leaking,removed; replaced
100210,cylinder number 2 and 3 rocker covers leaking . removed and replaced cylinder number 2 and 3 rocker cover gaskets .,cylinder; rocker covers; rocker cover gaskets,leaking,removed; replaced
100211,"cylinder number 3 aft baffle inboard screw bracket rivets are sheared off . removed cylinder number 3 aft baffle , replaced broken fasteners and",cylinder; baffle; screw bracket; rivets; fasteners,sheared; broken,removed; replaced
100212,number 3 rocker cover leaking . removed and replaced rocker cover with new .,rocker cover,leaking,removed; replaced
100213,number 2 and 4 rocker cover gaskets leaking . removed and replaced gaskets .,rocker cover gaskets; gaskets,leaking,removed; replaced
100214,right-hand engine number 2 intake is leaking . removed and replaced gasket .,engine; intake; gasket,leaking,removed; replaced
100215,left-hand engine number 4 rocker cover gasket leaking . removed and replaced gasket .,engine; rocker cover gasket; gasket,leaking,removed; replaced
100216,"right-hand engine , all 4 rocker cover gaskets seeping . removed and replaced all gaskets .",engine; rocker cover gaskets; gaskets,seeping,removed; replaced
100217,right-hand rear engine baffle screw missing . installed new screw .,engine; baffle screw; screw,missing,installed
100218,rocker box cover screws loose all cyls . retorqued screws .,rocker box cover screws; cyls; screws,loose,
100219,induction tube hose clamps loose all cyls . tightened hose clamps .,induction tube; hose clamps,loose,tightened
100220,number 2 intake leaking . removed and replaced number 2 intake gasket .,intake; intake gasket,leaking,removed; replaced
100221,number 4 rocker cover is leaking . removed and replaced rocker cover gasket .,rocker cover; rocker cover gasket,leaking,removed; replaced
100222,induction tube hose clamps loose all cylinder . tightened hose clamps .,induction tube; hose clamps; cylinder,loose,tightened
100223,number 2 and 4 rocker box cover screws loose . retorqued number 2 and 4 rocker box cover screws .,rocker box cover screws,loose,
100224,left-hand engine number 1 intake leaking . removed and replaced left-hand number 1 intake gasket .,engine; intake; intake gasket,leaking,removed; replaced
100225,right-hand engine number 2 and 1 intake leaking . removed and replaced right-hand engine intake gaskets 1 and 2 .,engine; intake; intake gaskets,leaking,removed; replaced
100226,right-hand forward upper baffle seal is loose . replaced baffle seal .,upper baffle seal; baffle seal,loose,replaced
100227,number 4 rocker cover is leaking . removed and replaced gasket .,rocker cover; gasket,leaking,removed; replaced
100228,rocker box cover screws loose . retorque rocker box cover screws .,rocker box cover screws,loose,
100229,number 4 rocker gasket leaking . replaced rocker gasket .,rocker gasket,leaking,replaced
100230,number 2 rocker cover is leaking . removed and replaced rocker cover gasket .,rocker cover; rocker cover gasket,leaking,removed; replaced
100231,"number 4 cylinder has no compression . installed new gasket , leak check good .",cylinder; gasket,no compression,installed; leak check
100232,"number 4 cylinder has no compression . inspected valves , found no defects . ran aircraft and rechecked",cylinder; valves; aircraft,no compression,inspected; ran; rechecked
100233,screw missing on number 3 baffle . replaced screw .,screw; baffle,missing,replaced
100234,number 2 rocker cover is leaking . replaced gasket .,rocker cover; gasket,leaking,replaced
100235,induction tube hose clamps loose . tightened hose clamps .,induction tube; hose clamps,loose,tightened
100236,right-hand engine cylinder number 3 intake is leaking . replaced intake gasket .,engine; cylinder; intake; intake gasket,leaking,replaced
100237,left-hand engine number 4 induction tube gasket leaking . replaced intake gasket .,engine; induction tube gasket; intake gasket,leaking,replaced
100238,left-hand engine cylinder number 1 forward baffle seal is loose . resecured number 1 forward baffle seal .,engine; cylinder; baffle seal,loose,resecured
100239,"left-hand engine number 1 , 2 and 3 rocker box covers leaking . replaced rocker cover gaskets .",engine; rocker box covers; rocker cover gaskets,leaking,replaced
100240,right-hand engine number 2 intake tube gasket is leaking . installed new number 2 intake tube gasket .,engine; intake tube gasket,leaking,installed
100241,right-hand engine all rocker cover gaskets leaking . installed new right-hand engine rocker box cover gaskets .,engine; rocker cover gaskets; rocker box cover gaskets,leaking,installed
100242,aft baffle bracket rivets sheared . resecured baffle bracket .,baffle bracket; rivets,sheared,resecured
100243,number 3 aft baffle is worn through at inboard cylinder wrap . removed worn piece . fabricated replacement from like ma,baffle; cylinder wrap; piece,worn through; worn,removed; fabricated; fabricated replacement
100244,front right-hand baffle side has a crack by screw . stop drilled crack .,baffle; screw,crack,stop drilled
100245,front right-hand baffle worn through from muffler shroud . removed baffle .,baffle; muffler shroud,worn,removed
100246,front right-hand baffle worn through from muffler shroud . fabricated patch with like materials . riveted in accordance with,baffle; muffler shroud; patch; like materials,worn,fabricated
100247,"number 2 , 3 and 4 rocker gaskets leaking . replaced number 2 , 3 and 4 rocker gaskets . leak check good .",rocker gaskets,leaking,replaced; leak check
100248,number 3 aft baffle cracked in several places . installed new baffle .,baffle,cracked,installed
100249,number 3 aft baffle cracked in several places . removed right-hand rear baffle .,baffle,cracked,removed
100250,screw missing in number 4 rocker cover . installed and torqued new screw in number 4 rocker box cover . r,screw; rocker cover; rocker box cover,missing,installed; torqued
100251,number 2 intake is leaking . replaced gasket .,intake; gasket,leaking,replaced
100252,bracket securing oil line to number 2 cylinder broken . removed and replaced bracket .,bracket; oil line; cylinder,broken,removed; replaced
100253,remove engine to facilitate firewall repair . removed engine to facilitate repair by odegaard wings .,engine; odegaard wings,,remove; firewall repair; removed; repair
100254,remove engine to facilitate firewall repair . reinstalled engine in accordance with maintenance man,engine,,remove; firewall repair; repair; reinstalled
100255,number 2 rocker cover gasket leaking . removed and replaced number 2 rocker cover gasket .,rocker cover gasket,leaking,removed; replaced
100256,number 2 and 4 rocker covers are leaking . removed and replaced gaskets .,rocker covers; gaskets,leaking,removed; replaced
100257,"doing max perform takeoff at 3200 , manifold pressure won ' t go any higher than 24 . requires maintenance flight to verify discrepancy",,won ' t go any higher,maintenance flight
100258,"rocker cover gaskets 1 , 3 and 4 leaking . removed and replaced rocker cover gaskets 1 , 3 and 4 .",rocker cover gaskets,leaking,removed; replaced
100259,number 2 and 4 cylinder rocker cover gaskets leaking . removed and replaced number 2 and 4 gaskets .,cylinder; rocker cover gaskets; gaskets,leaking,removed; replaced
100260,"number 1 , 2 and 3 rocker box cover screws loose . tightened screws .",rocker box cover screws; screws,loose,tightened
100261,number 1 and 3 rocker covers leaking . removed and replaced number 1 and 3 rocker cover gaskets .,rocker covers; rocker cover gaskets,leaking,removed; replaced
100262,rocker box cover screws loose all cylinder . tightened screws .,rocker box cover screws; cylinder; screws,loose,tightened
100263,induction tube hose clamps loose all cylinder . tightened hose clamps .,induction tube; hose clamps; cylinder,loose,tightened
100264,number 3 intake leaking at clamp . readjusted and tightened clamp .,intake; clamp,leaking,readjusted; tightened
100265,number 2 intake gasket leaking . removed and replaced intake gasket with new .,intake gasket,leaking,removed; replaced
100266,"rivet pulled through baffle seal , number 1 cylinder . removed old rivet and installed new rivet .",rivet; baffle seal; cylinder,pulled through,removed; installed
100267,number 3 rocker cover leaking . removed and replaced gasket .,rocker cover; gasket,leaking,removed; replaced
100268,left-hand engine inboard baffle interconnect rod broken . removed and replaced baffle interconnect rod .,engine; baffle interconnect rod,broken,removed; replaced
100269,number 2 induction tube hose clamp broken . installed new hose clamp .,induction tube; hose clamp,broken,installed
100270,"number 1 , 2 , 3 cylinder intake gaskets leaking . installed new intake gaskets .",cylinder; intake gaskets,leaking,installed
100271,number 4 rocker cover is leaking . removed and replaced number 4 rocker cover gasket .,rocker cover; rocker cover gasket,leaking,removed; replaced
100272,aft right-hand baffle has missing rivet . removed and replaced rivet .,baffle; rivet,missing,removed; replaced
100273,number 2 and 4 rocker covers leaking . removed and replaced number 2 and 4 rocker cover gaskets .,rocker covers; rocker cover gaskets,leaking,removed; replaced
100274,ring gear has too many damaged teeth . removed propeller and installed serviceable ring gear assembly . in,ring gear; propeller; ring gear assembly,too many damaged,removed; installed
100275,number 3 cylinder oil return line been chafing on wire bundle . leak check good .,cylinder; oil return line; wire bundle,chafing,leak check
100276,number 3 cylinder oil return line been chafing on wire bundle . removed and replaced oil return line .,cylinder; oil return line; wire bundle,chafing,removed; replaced
100277,right-hand side back baffle is cracked and bracket rivets broken . removed right-hand side baffle off engine .,baffle; bracket; rivets; engine,cracked; broken,removed
100278,right-hand side back baffle is cracked and bracket rivets broken . replaced baffle with serviceable baffle .,baffle; bracket; rivets,cracked; broken,replaced
100279,number 1 rocker cover leaking . removed and replaced rocker cover gasket .,rocker cover; rocker cover gasket,leaking,removed; replaced
100280,right-hand engine cylinder number 3 aft baffle is cracked . stop drilled crack in right-hand engine number 3 aft baffle .,engine; cylinder; baffle,cracked; crack,stop drilled
100281,left-hand engine cylinder number 4 aft baffle stiffener is cracked . removed and replaced cracked stiffener .,engine; cylinder; baffle stiffener; stiffener,cracked,removed; replaced
100282,cylinder number 2 and 3 intakes are leaking . removed and replaced cylinder number 2 and 3 intake gaskets .,cylinder; intakes; intake gaskets,leaking,removed; replaced
100283,right-hand forward upper baffle seal needs to be resecured . installed pop rivet to resecure right-hand forward baffle seal .,upper baffle seal; pop rivet; baffle seal,,resecured; installed; resecure
100284,number 1 intake is leaking . removed and replaced number 1 intake gasket .,intake; intake gasket,leaking,removed; replaced
100285,rocker covers 2 and 3 leaking . removed and replaced rocker cover gaskets 2 and 3 .,rocker covers; rocker cover gaskets,leaking,removed; replaced
100286,number 2 induction tube gasket leaking . installed new number 2 induction tube gasket .,induction tube gasket,leaking,installed
100287,number 2 and 3 rocker box cover gaskets leaking . installed new rocker box cover gaskets .,rocker box cover gaskets,leaking,installed
100288,"during entry to 180 degree auto , when collective lowered to . inspected throttle linkage , collective linkage , no disc",throttle linkage; collective linkage,,inspected
100289,"cap screw missing , left-hand engine number 4 baffle . installed new screw .",cap screw; engine; baffle; screw,missing,installed
100290,number 4 rocker cover leaking . removed and replaced number 4 rocker cover gasket .,rocker cover; rocker cover gasket,leaking,removed; replaced
100291,all rocker covers have loose screws . tightened all covers .,rocker covers; screws; covers,loose,tightened
100292,right-hand engine number 3 intake leaking . removed and replaced number 3 intake gasket with new .,engine; intake; intake gasket,leaking,removed; replaced
100293,hardware missing on right-hand engine number 4 rocker cover . installed new screw into number 4 rocker cover .,hardware; engine; rocker cover; screw,missing,installed
100294,number 4 intake gasket leaking . replaced gasket .,intake gasket; gasket,leaking,replaced
100295,right engine number 2 rocker cover leaking . removed and replaced number 2 rocker cover .,engine; rocker cover,leaking,removed; replaced
100296,number 1 and 3 rocker box cover screws loose . tightened screws .,rocker box cover screws; screws,loose,tightened
100297,number 2 and 4 induction tube gaskets leaking . installed new number 2 and 4 induction tube gaskets .,induction tube gaskets,leaking,installed
100298,all screws for rocker covers are loose . tightened all screws .,screws; rocker covers,loose,tightened
100299,number 1 and 4 intakes leaking . removed and replaced intake gaskets 1 and 4 .,intakes; intake gaskets,leaking,removed; replaced
100300,induction tube hose clamps loose all cyls . tightened hose clamps .,induction tube; hose clamps,loose,tightened
100301,right-hand rear baffle mounting screw loose . tightened right-hand rear baffle mounting screw .,baffle mounting screw,loose,tightened
100302,left-hand baffle plug missing . installed patch fabricated out of like material . instal,baffle plug; patch; like material,missing,installed; fabricated
100303,number 3 intake leaking . removed and replaced number 3 intake gasket .,intake; intake gasket,leaking,removed; replaced
100304,engine inspection panel missing screw . reinstalled screw,engine; inspection panel; screw,missing,reinstalled
100305,number 1 rocker cover is leaking . removed and replaced rocker cover gasket .,rocker cover; rocker cover gasket,leaking,removed; replaced
100306,cylinder number 2 and 3 intakes are leaking . replaced cylinder number 2 and 3 intake gaskets .,cylinder; intakes; intake gaskets,leaking,replaced
100307,number 2 intake gasket leaking . removed and replaced intake gasket with new .,intake gasket,leaking,removed; replaced
100308,"number 2 , 3 and 4 rocker box cover screws loose . tightened screws .",rocker box cover screws; screws,loose,tightened
100309,starter ring gear missing teeth . removed and replaced starter ring gear . resafety wired pr,starter ring gear,missing,removed; replaced; resafety; resafety wired
100310,number 2 and 4 intake gaskets leaking . removed and replaced number 2 and 4 intake gaskets with new .,intake gaskets,leaking,removed; replaced
100311,both baffle plugs worn . replaced both baffle plugs .,baffle plugs,worn,replaced
100312,number 1 rocker leaking . removed and replaced number 1 rocker cover gasket .,rocker; rocker cover gasket,leaking,removed; replaced
100313,right-hand forward baffle missing screw . installed new screw .,baffle; screw,missing,installed
100314,oil psi switch wiring grommet is missing . installed new grommet .,oil psi switch wiring grommet; grommet,missing,installed
100315,number 4 intake leaking . replaced gasket .,intake; gasket,leaking,replaced
100316,number 2 rocker cover leaking . removed and replaced number 2 rocker cover gasket .,rocker cover; rocker cover gasket,leaking,removed; replaced
100317,rocker covers 2 and 3 leaking . removed and replaced number 2 and 3 rocker cover gaskets .,rocker covers; rocker cover gaskets,leaking,removed; replaced
100318,"back left-hand top baffle is cracked . fabricated patch , installed patch . rivet in accordance with standard reference material",baffle; patch; rivet,cracked,fabricated; installed
100319,"left-hand forward engine baffle cracked . stop drilled crack , fabricated patch . riveted in accordance with",engine; baffle; patch,cracked; crack,stop drilled; fabricated
100320,left-hand and right-hand spark plug through hole plugs need to be replaced . installed new engine baffle button plugs .,spark plug; hole plugs; engine; baffle button plugs,,replaced; installed
100321,number 2 rocker cover leaking . removed and replaced number 2 rocker cover gasket .,rocker cover; rocker cover gasket,leaking,removed; replaced
100322,left-hand forward engine baffle blast tube blocked . removed blockage,engine; baffle blast tube; blockage,blocked,removed
100323,right-hand engine 2 and 3 intakes leaking . replaced number 2 and 3 intake gaskets .,engine; intakes; intake gaskets,leaking,replaced
100324,number 3 rocker cover leaking on right-hand engine . replaced number 3 rocker cover gasket .,rocker cover; engine; rocker cover gasket,leaking,replaced
100325,"left-hand engine intakes 1 , 2 and 4 leaking . removed and replaced 1 , 2 and 4 intake gaskets with new .",engine; intakes; intake gaskets,leaking,removed; replaced
100326,number 2 intake is leaking . removed and replaced intake gasket .,intake; intake gasket,leaking,removed; replaced
100327,right-hand baffle plug needs to be changed . removed and replaced baffle plug .,baffle plug,,changed; removed; replaced
100328,number 3 intake is leaking . removed and replaced number 3 intake gasket .,intake; intake gasket,leaking,removed; replaced
100329,left-hand bottom baffle wire holder is broken . removed and replaced lower left-hand baffle tie rod .,baffle wire holder; baffle tie rod,broken,removed; replaced
100330,number 4 cylinder intake gasket leaking . removed and replaced intake gasket .,cylinder; intake gasket,leaking,removed; replaced
100331,spark plug baffle plug is worn . installed new baffle plug .,spark plug; baffle plug,worn,installed
100332,number 2 intake is leaking . removed and replaced intake gasket . cleaned fuel stains i,intake; intake gasket; fuel stains,leaking,removed; replaced; cleaned
100333,number 3 rocker cover gasket leaking . removed and replaced gasket .,rocker cover gasket; gasket,leaking,removed; replaced
100334,number 2 rocker cover gasket leaking . removed and replaced number 2 rocker cover gasket .,rocker cover gasket,leaking,removed; replaced
100335,"number 2 cylinder , left engine intake is leaking . removed and replaced number 2 intake gasket .",cylinder; engine; intake; intake gasket,leaking,removed; replaced
100336,right-hand engine number 4 cylinder intake gasket is leaking . replaced gasket .,engine; cylinder; intake gasket; gasket,leaking,replaced
100337,right-hand engine number 1 cylinder side baffle seal is torn . removed and replaced seal .,engine; cylinder; baffle seal; seal,torn,removed; replaced
100338,right-hand engine number 3 cylinder aft baffle seal is out of place . resecured baffle seal .,engine; cylinder; baffle seal,out of place,resecured
100339,"left-hand side baffle cracked . patched with like material . riveting in accordance with , chapter",baffle; like material,cracked,patched
100340,"left-hand deflector baffle is cracked . patched with like material . riveting in accordance with , chapter",baffle; like material,cracked,patched
100341,number 2 and 4 rocker covers are leaking . replaced rocker cover gaskets .,rocker covers; rocker cover gaskets,leaking,replaced
100342,engine baffle buttons worn . removed old baffle buttons and installed new ones on left-hand,engine; baffle buttons,worn,removed; installed
100343,number 4 intake gasket is leaking . replaced gasket .,intake gasket; gasket,leaking,replaced
100344,lower right baffle spring is broken . replaced with new baffle spring .,baffle spring,broken,replaced
100345,"right-hand back baffle bracket screws are loose . removed baffle , installed new bracket screws and reinstal",baffle bracket; screws; baffle; bracket screws,loose,removed; installed
100346,both baffle plugs bad . removed and replaced both baffle plugs .,baffle plugs,bad,removed; replaced
100347,number 2 rocker cover leaking . removed and replaced number 2 rocker cover gasket .,rocker cover; rocker cover gasket,leaking,removed; replaced
100348,number 3 rocker cover leaking . removed and replaced number 3 rocker cover gasket .,rocker cover; rocker cover gasket,leaking,removed; replaced
100349,cylinder number 3 back baffle screw missing . installed cylinder number 3 back baffle screw .,cylinder; baffle screw,missing,installed
100350,spiral wrap on rocker oil return lines number 1 and 3 requires repla . removed and replaced spiral wrap on rocker return lines number,spiral wrap; rocker oil return lines; rocker return lines,,repla; removed; replaced
100351,left-hand engine rocker box cover screws loose . tightened down screws .,engine; rocker box cover screws; screws,loose,tightened; tightened down
100352,right-hand engine rocker box cover screws loose . tightened down screws .,engine; rocker box cover screws; screws,loose,tightened; tightened down
100353,right-hand engine number 2 intake gasket leaks . removed and replaced intake gasket .,engine; intake gasket,leaks,removed; replaced
100354,number 4 induction tube gasket leaking . replaced number 4 induction tube gasket .,induction tube gasket,leaking,replaced
100355,number 2 and 4 rocker box cover gaskets leaking . replaced number 2 and 4 rocker cover gaskets,rocker box cover gaskets; rocker cover gaskets,leaking,replaced
100356,number 1 intake gasket leaking . removed and replaced number 1 intake gasket with new .,intake gasket,leaking,removed; replaced
100357,number 4 rocker cover leaking . removed and replaced number 4 rocker cover gasket with new .,rocker cover; rocker cover gasket,leaking,removed; replaced
100358,number 1 intake is leaking . removed and replaced intake tube .,intake; intake tube,leaking,removed; replaced
100359,engine baffle plug missing . installed new baffle plug on left-hand side of engine .,engine; baffle plug,missing,installed
100360,cylinder number 1 rocker cover gasket leaking . removed and replaced rocker cover gasket .,cylinder; rocker cover gasket,leaking,removed; replaced
100361,number 2 intake is leaking . removed and replaced intake gasket .,intake; intake gasket,leaking,removed; replaced
100362,cylinder number 2 rocker cover leaking . removed and replaced rocker cover gasket .,cylinder; rocker cover; rocker cover gasket,leaking,removed; replaced
100363,right-hand engine number 3 and 2 intakes leaking . removed and replaced gasket .,engine; intakes; gasket,leaking,removed; replaced
100364,right-hand engine number 3 rocker cover is leaking . removed and replaced gasket .,engine; rocker cover; gasket,leaking,removed; replaced
100365,number 2 and 3 intakes on left-hand engine are leaking . replaced number 2 and 3 intake gaskets on left-hand engine .,intakes; engine; intake gaskets,leaking,replaced
100366,number 2 cylinder intake gasket leaking . removed and replaced gasket .,cylinder; intake gasket; gasket,leaking,removed; replaced
100367,number 2 cylinder inner intake push rod seal leaking . replaced inner and outer push rod tube seals and rocker cov,cylinder; intake push rod seal; push rod tube seals; rocker cov,leaking,replaced
100368,number 2 rocker cover gasket leaking . removed and replaced number 2 rocker cover gasket .,rocker cover gasket,leaking,removed; replaced
100369,number 3 rocker cover gasket leaking . removed and replaced number 3 rocker cover gasket .,rocker cover gasket,leaking,removed; replaced
100370,forward push rod seal leaking at engine on number 3 cylinder . removed and replaced number 3 cylinder forward push rod tube seals .,push rod seal; engine; cylinder; push rod tube seals,leaking,removed; replaced
100371,cylinder number 1 baffle cracked at screw support and forward baffle below number 1 . fabricated patches of like material and riveted in accordance with,cylinder; baffle; screw support; like material,cracked,fabricated; riveted
100372,right-hand baffle seal loose forward upper . resecured baffle seal .,baffle seal; upper,loose,resecured
100373,baffle seal has hole in it . repaired hole in seal .,baffle seal; hole; seal,,repaired
100374,front baffle rubbing on muffler . applied high temperature sealant to separate and secure baffle .,baffle; muffler; high temperature sealant,rubbing,applied; secure
100375,number 2 intake leaking . replaced gasket .,intake; gasket,leaking,replaced
100376,number 3 cylinder has valve sticking . installed remaining items .,cylinder; valve; remaining items,sticking,installed
100377,"number 3 cylinder has valve sticking . removed cylinder , installed repaired cylinder , two - 28 push rods",cylinder; valve; 28 push rods,sticking,removed; installed
100378,number 4 cylinder intake gasket is leaking . removed and replaced gasket .,cylinder; intake gasket; gasket,leaking,removed; replaced
100379,number 2 intake is leaking . removed and replaced intake gasket .,intake; intake gasket,leaking,removed; replaced
100380,"number 2 , 4 rocker cover is leaking . removed and replaced rocker cover gaskets .",rocker cover; rocker cover gaskets,leaking,removed; replaced
100381,number 2 and 3 intakes are leaking . removed and replaced gaskets .,intakes; gaskets,leaking,removed; replaced
100382,number 3 cylinder aft baffle missing screw . installed new screw .,cylinder; baffle; screw,missing,installed
100383,number 4 rocker cover is leaking . replaced gasket .,rocker cover; gasket,leaking,replaced
100384,"engine rough on start , suspect stuck valve . insp ' d , found number 3 cylinder exhaust valve stuck open , contacte",engine; valve; cylinder; exhaust valve,stuck; rough,insp
100385,"engine rough on start , suspect stuck valve . torqued cylinder base , installed remaining lines , tubes , baf",engine; valve; cylinder base; remaining lines; tubes,stuck; rough,torqued; installed
100386,number 3 forward push rod tube leaking at engine . removed and replaced number 3 forward push rod tube seals . leak che,push rod tube; engine; push rod tube seals,leaking; leak,removed; replaced
100387,cylinder number 3 intake tube leaking at sump connector hose . tightened clamps .,cylinder; intake tube; sump connector hose; clamps,leaking,tightened
100388,"cylinder number 3 aft baffle mount rivets are sheared . removed baffle , repaired mount and reinstalled .",cylinder; baffle mount; rivets; baffle; mount,sheared,removed; repaired; reinstalled
100389,number 2 cylinder baffle seal needs to be resecured . resecured number 2 baffle seal .,cylinder; baffle seal,,resecured
100390,number 3 intake gasket leaks . replaced gasket .,intake gasket; gasket,leaks,replaced
100391,"screw missing for right-hand side of baffling , behind dipstick . removed dipstick , installed screw , installed and safetied",screw; baffling; dipstick,missing,removed; installed; safetied
100392,right-hand number 4 side baffle missing bolts . installed new bolts .,baffle; bolts,missing,installed
100393,left engine number 3 drain hose clamp against baffle . repositioned drain tube clamps to clear baffle .,engine; drain hose clamp; baffle; drain tube clamps; clamps,,repositioned
100394,number 4 intake leaking . removed and replaced number 4 intake gasket .,intake; intake gasket,leaking,removed; replaced
100395,number 2 rocker cover leaking . removed and replaced number 2 rocker cover gasket .,rocker cover; rocker cover gasket,leaking,removed; replaced
100396,cylinder number 2 and 4 intakes are leaking . replaced intake gaskets .,cylinder; intakes; intake gaskets,leaking,replaced
100397,cylinder number 3 aft baffle mount loose . removed baffle and found baffle almost worn through at af,cylinder; baffle mount; baffle,loose,removed
100398,number 3 rocker cover requires new gasket . installed new gasket .,rocker cover; gasket,,installed
100399,number 4 intake leaking . removed and replaced gasket .,intake; gasket,leaking,removed; replaced
100400,"severe knocking , vibrations on start up . inspected , compressions indicated normal . removed cowl ,",cowl,knocking; vibrations,inspected; removed
100401,number 2 intake leaking . removed and replaced number 2 intake gasket .,intake; intake gasket,leaking,removed; replaced
100402,cylinder number 2 and 4 intakes are leaking . replaced intake gaskets .,cylinder; intakes; intake gaskets,leaking,replaced
100403,oil return line clamps loose . tightened oil return line clamps .,oil return line; clamps,loose,tightened
100404,"loose cable safety baffle bolts , cylinder number 2 . tightened and resecured .",cable; baffle bolts; cylinder,loose,tightened; resecured
100405,number 1 and 3 cylinder fuel injector lines standoff loose by oil filler tube . tightened screw .,cylinder; fuel injector lines; standoff; oil filler tube; screw,loose,tightened
100406,right-hand engine number 4 intake is leaking . replaced gasket .,engine; intake; gasket,leaking,replaced
100407,left-hand engine number 3 intake is leaking . removed and replaced gasket .,engine; intake; gasket,leaking,removed; replaced
100408,left-hand engine all 4 rocker covers are leaking . removed and replaced gaskets .,engine; rocker covers; gaskets,leaking,removed; replaced
100409,right-hand engine all 4 rocker covers are leaking . removed and replaced gaskets .,engine; rocker covers; gaskets,leaking,removed; replaced
100410,right-hand engine number 2 and 4 rocker oil return lines are leaking . tightened clamps .,engine; rocker oil return lines; clamps,leaking,tightened
100411,replace left-hand engine torquemeter hoses . leak checked good .,engine; hoses,,replace; leak checked
100412,replace right-hand engine torquemeter hoses . leak checked good .,engine; hoses,,replace; leak checked
100413,replace left-hand engine torquemeter hoses . replaced pressure hose .,engine; hoses; pressure hose,,replace; replaced
100414,replace right-hand engine torquemeter hoses . installed pressure hose .,engine; hoses; pressure hose,,replace; installed
100415,replace left-hand engine torquemeter hoses . replaced vent hose for torquemeter .,engine; hoses; vent hose,,replace; replaced
100416,replace right-hand engine torquemeter hoses . replaced vent hoses for torquemeter .,engine; hoses; vent hoses,,replace; replaced
100417,right-hand rear engine baffle support broken . installed new baffle support .,engine; baffle support,broken,installed
100418,left-hand forward engine baffle cracked . installed patch of like material and riveted in accordance with,engine; baffle; patch; like material,cracked,installed
100419,number 3 rocker cover gasket leaking . removed and replaced number 3 rocker cover gasket .,rocker cover gasket,leaking,removed; replaced
100420,number 3 rocker cover gasket leaking . removed and replaced number 3 rocker cover gasket .,rocker cover gasket,leaking,removed; replaced
100421,number 3 intake leaking . replaced gasket .,intake; gasket,leaking,replaced
100422,number 2 rocker cover leaking . replaced gasket .,rocker cover; gasket,leaking,replaced
100423,engine is timed out . removed engine in accordance with maintenance manual .,engine,timed out,removed
100424,engine is timed out . removed baffling and components from old engine and started,engine; baffling,timed out,removed; started
100425,engine is timed out . installed engine . performed pre - oil and installed spark p,engine; spark p,timed out,installed; pre - oil
100426,"engine is timed out . engine run up , leak check good .",engine,timed out,engine run up; leak check
100427,cylinder number 3 rocker cover is leaking . removed and replaced rocker cover gasket .,cylinder; rocker cover; rocker cover gasket,leaking,removed; replaced
100428,left-hand upper baffle for cylinder number 4 plug hole is enlarged . installed patch made of like material and riveted in accordance with ces,upper baffle; cylinder; plug hole; patch; like material,enlarged,installed
100429,right-hand inner cylinder baffle tie rod is installed incorrectly . tie rod broke while repositioning . removed and replaced r,inner cylinder; cylinder; baffle tie rod; tie rod,broke,installed; repositioning; removed; replaced
100430,number 2 and 4 rocker covers are leaking . removed and replaced gaskets .,rocker covers; gaskets,leaking,removed; replaced
100431,"forward lower baffle , right-hand side , is cracked . stop drilled crack and installed wide area washer to dist",baffle; wide area washer,cracked; crack,stop drilled; installed
100432,number 2 and 3 rocker covers leaking . removed and replaced number 2 and 3 rocker cover gaskets .,rocker covers; rocker cover gaskets,leaking,removed; replaced
100433,"left-hand aft upper baffle cracked . stop drilled crack , fabricated patch and installed patch .",upper baffle; patch,cracked; crack,stop drilled; fabricated; installed
100434,number 3 intake gasket leaking . removed and replaced number 3 intake gasket .,intake gasket,leaking,removed; replaced
100435,number 2 rocker cover leaking . removed and replaced number 2 rocker cover gasket .,rocker cover; rocker cover gasket,leaking,removed; replaced
100436,number 1 and 3 rocker cover gaskets leaking . removed and replaced number 1 and 3 rocker cover gaskets .,rocker cover gaskets,leaking,removed; replaced
100437,right-hand forward baffle seal torn . repaired hole in baffle seal .,baffle seal; hole,torn,repaired
100438,cylinder number 2 and 4 intakes are leaking . replaced cylinder number 2 and 4 intake pipe gaskets .,cylinder; intakes; intake pipe gaskets,leaking,replaced
100439,number 2 cylinder rocker cover gasket is leaking . removed and replaced number 2 rocker cover gasket with new .,cylinder; rocker cover gasket,leaking,removed; replaced
100440,number 2 and 4 intake gaskets leaking . replaced gaskets .,intake gaskets; gaskets,leaking,replaced
100441,intakes 2 and 4 leaking on left-hand engine . removed and replaced intake gaskets 2 and 4 on left-hand engine .,intakes; engine; intake gaskets,leaking,removed; replaced
100442,"intakes 2 , 3 and 4 leaking on right-hand engine . removed and replaced intake gaskets number 2 , 3 and 4 on right-hand engi",intakes; engine; intake gaskets,leaking,removed; replaced
100443,number 2 induction tube gasket leaking . installed new number 2 induction tube gasket .,induction tube gasket,leaking,installed
100444,"left-hand engine missing screw and nut on baffle by oil fill tube . replaced screw , washers and nut .",engine; screw; nut; baffle; oil fill tube; washers,missing,replaced
100445,right-hand engine number 3 baffle cracked by upper number 1 baffle attachment . repaired baffling by fabricating attachment of like mat,engine; baffle; baffle attachment; baffling; like mat,cracked,repaired
100446,number 2 cylinder intake gasket leaking . replaced intake gasket .,cylinder; intake gasket,leaking,replaced
100447,number 1 rocker cover gasket is leaking . removed and replaced gasket .,rocker cover gasket; gasket,leaking,removed; replaced
100448,number 3 intake is leaking . removed and replaced gasket .,intake; gasket,leaking,removed; replaced
100449,left-hand back top baffle is cracked . fabricated patch and installed .,baffle; patch,cracked,fabricated; installed
100450,"engine idle at 1700 rpm during shutdown . no rise in rpm on m . adjusted idle speeds and mixture rise , operations check good .",engine,no rise,adjusted; operations check
100451,number 4 rocker cover is leaking . removed and replaced rocker cover gasket .,rocker cover; rocker cover gasket,leaking,removed; replaced
100452,"cylinder number 3 exhaust push rod tube seal leaking at case . repositioned seal , leak persists . disassembled and replac",cylinder; exhaust push rod tube seal; case; seal,leaking,repositioned; disassembled
100453,"aircraft needs to be run up and checked for ferry flight . performed engine run up , serviced tire pressures . revie",aircraft,,run up; checked; serviced
100454,number 2 rocker box cover gasket leaking . installed new rocker box cover gasket .,rocker box cover gasket,leaking,installed
100455,number 4 intake leaking . removed and replaced number 4 intake gasket .,intake; intake gasket,leaking,removed; replaced
100456,number 4 cylinder intake gasket leaking . removed and replaced intake gasket .,cylinder; intake gasket,leaking,removed; replaced
100457,"pilot reported strong engine vibration during stop and go whil . ran engine , could not duplicate discrepancy . engine ope",engine,vibration,ran
100458,"no rise during mixture check . adjusted idle mixture , checks good .",,no rise,mixture check; adjusted; checks
100459,number 2 induction tube gasket is leaking . removed and replaced number 2 intake gasket .,induction tube gasket; intake gasket,leaking,removed; replaced
100460,number 2 rocker box cover gasket is leaking . removed and replaced number 2 rocker cover gasket .,rocker box cover gasket; rocker cover gasket,leaking,removed; replaced
100461,number 4 intake is leaking . removed and replaced intake gasket .,intake; intake gasket,leaking,removed; replaced
100462,left-hand baffle plug needs to be replaced . removed and replaced baffle plug .,baffle plug,,replaced; removed
100463,number 2 intake gasket leaking . removed and replaced intake gasket with new .,intake gasket,leaking,removed; replaced
100464,right-hand bottom baffle wire spring is broken . removed and replaced baffle and wire spring with new .,baffle wire spring; baffle; wire spring,broken,removed; replaced
100465,aft baffle bracket rivets sheared . replaced rivets on baffle bracket and reinstalled bafflin,baffle bracket; rivets; bafflin,sheared,replaced; reinstalled
100466,right-hand engine number 3 intake gasket leaking . replaced gasket .,engine; intake gasket; gasket,leaking,replaced
100467,left-hand engine number 2 intake gasket leaking . removed and replaced number 2 intake gasket .,engine; intake gasket,leaking,removed; replaced
100468,number 3 baffle plug is worn . removed and replaced plug .,baffle plug; plug,worn,removed; replaced
100469,number 1 and 4 rocker covers leaking . removed and replaced number 1 and 4 rocker gaskets .,rocker covers; rocker gaskets,leaking,removed; replaced
100470,number 4 intake is leaking . removed and replaced number 4 intake gasket .,intake; intake gasket,leaking,removed; replaced
100471,number 4 cylinder baffle is cracked . stop drilled crack .,cylinder; baffle,cracked; crack,stop drilled
100472,number 2 cylinder exhaust push rod tube has small dent . installed push rod shroud using new seals .,cylinder; exhaust push rod tube; push rod shroud; seals,,installed
100473,"number 4 cylinder has low compression , around 34 psi . tried staking valves , still no compression . inspected cy",cylinder; valves,low; no compression,tried staking; inspected
100474,number 2 cylinder exhaust push rod tube has small dent . canned and inspected serviceable push rod shroud tube fr,cylinder; exhaust push rod tube; push rod shroud tube,,canned; inspected
100475,number 1 intake leaking . removed and replaced number 1 intake gasket .,intake; intake gasket,leaking,removed; replaced
100476,induction tube hose clamps loose all cylinder . tightened hose clamps .,induction tube; hose clamps; cylinder,loose,tightened
100477,number 1 and 3 rocker cover gaskets are broken . removed and replaced rocker cover gaskets .,rocker cover gaskets,broken,removed; replaced
100478,"number 2 intake gasket leaking . removed and replaced intake gasket , cleaned leaks around",intake gasket,leaking; leaks,removed; replaced; cleaned
100479,number 2 and 3 cylinder rocker cover gasket leaking . removed and replaced rocker cover gasket . cleaned leaks a,cylinder; rocker cover gasket,leaking; leaks,removed; replaced; cleaned
100480,number 4 intake is leaking . removed and replaced gasket .,intake; gasket,leaking,removed; replaced
100481,all 4 rocker covers are leaking . removed and replaced gaskets .,rocker covers; gaskets,leaking,removed; replaced
100482,number 3 intake leaking . installed new intake gasket .,intake; intake gasket,leaking,installed
100483,induction tube hose clamps loose all cyls . tightened hose clamps .,induction tube; hose clamps,loose,tightened
100484,number 2 rocker cover leaking . removed and replaced number 2 rocker cover gasket .,rocker cover; rocker cover gasket,leaking,removed; replaced
100485,left-hand engine all intakes are leaking . removed and replaced gaskets .,engine; intakes; gaskets,leaking,removed; replaced
100486,"number 3 aft baffle tab has broken rivets , near oil filler tube . leak check good .",baffle tab; rivets; oil filler tube,broken,leak check
100487,"number 4 aft baffle attach plate broken . fabricated , painted and installed from like material and th",baffle attach plate; like material,broken,fabricated; painted; installed
100488,"number 3 aft baffle tab has broken rivets , near oil filler tube . removed baffle , replaced rivets and reinstalled baffle . l",baffle tab; rivets; oil filler tube; baffle,broken,removed; replaced; reinstalled
100489,number 2 rocker cover leaking . replaced rocker cover gasket .,rocker cover; rocker cover gasket,leaking,replaced
100490,number 3 rocker cover leaking . replaced rocker cover gasket .,rocker cover; rocker cover gasket,leaking,replaced
100491,number 2 intake leaking . removed and replaced number 2 intake gasket .,intake; intake gasket,leaking,removed; replaced
100492,right-hand aft cowl bracket rivet missing . installed new rivet .,cowl bracket; rivet,missing,installed
100493,number 3 and 4 rocker covers leaking . removed and replaced rocker cover gaskets .,rocker covers; rocker cover gaskets,leaking,removed; replaced
100494,"number 1 , 3 and 4 intake gaskets are leaking . replaced intake gaskets .",intake gaskets,leaking,replaced
100495,"intakes 1 , 2 , 3 and 4 leaking . removed and replaced 1 - 4 intake gaskets .",intakes; intake gaskets,leaking,removed; replaced
100496,left-hand forward engine baffle cracked . stop drilled crack .,engine; baffle,cracked; crack,stop drilled
100497,number 3 cylinder rocker cover gasket leaking . removed and replaced rocker cover gasket .,cylinder; rocker cover gasket,leaking,removed; replaced
100498,number 3 intake leaking . replaced gasket .,intake; gasket,leaking,replaced
100499,induction tube hose clamps loose . tightened hose clamps .,induction tube; hose clamps,loose,tightened
100500,aft left-hand engine baffle cracked . stop drilled crack .,engine; baffle,cracked; crack,stop drilled
100501,forward left-hand engine baffle cracked . stop drilled crack .,engine; baffle,cracked; crack,stop drilled
100502,all 4 rocker cover gaskets leaking . replaced all 4 rocker cover gaskets .,rocker cover gaskets,leaking,replaced
100503,number 2 cylinder intake gasket is leaking . removed and replaced gasket .,cylinder; intake gasket; gasket,leaking,removed; replaced
100504,cylinder number 4 intake gasket is leaking . removed and replaced cylinder number 4 intake gasket .,cylinder; intake gasket,leaking,removed; replaced
100505,number 3 intake leaking . removed and replaced number 3 intake gasket .,intake; intake gasket,leaking,removed; replaced
100506,number 4 rocker cover gasket is leaking . removed and replaced rocker cover gasket .,rocker cover gasket,leaking,removed; replaced
100507,number 3 rocker cover gasket leaking . removed and replaced number 3 rocker cover gasket .,rocker cover gasket,leaking,removed; replaced
100508,left engine number 2 intake gasket leaks . removed and replaced number 2 intake gasket .,engine; intake gasket,leaks,removed; replaced
100509,number 2 and 3 rocker gaskets leaking . replaced gaskets .,rocker gaskets; gaskets,leaking,replaced
100510,number 3 and 4 side baffle plugs have broken prongs . replaced plugs .,baffle plugs; prongs; plugs,broken,replaced
100511,"number 1 , 2 , 4 rocker cover gaskets leaking . removed and replaced number 1 , 2 , 4 rocker cover gaskets .",rocker cover gaskets,leaking,removed; replaced
100512,"right-hand engine , 1 , 2 , 4 intake gaskets are leaking . replaced all 3 gaskets .",engine; intake gaskets; 3 gaskets; gaskets,leaking,replaced
100513,baffle spark plug caps are worn out . installed new baffle caps .,baffle spark plug caps; baffle caps,worn,installed
100514,"number 2 and 4 intake gaskets are leaking , causing cht and egt variati . replaced number 2 and 4 intake tubes , flanges and gaskets .",intake gaskets; intake tubes; flanges; gaskets,leaking,replaced
100515,number 3 rocker cover gasket is torn . removed and replaced rocker cover gasket .,rocker cover gasket,torn,removed; replaced
100516,intakes 2 and 4 leaking . removed and replaced intake gaskets .,intakes; intake gaskets,leaking,removed; replaced
100517,number 1 rocker cover leaking . removed and replaced number 1 rocker cover gasket .,rocker cover; rocker cover gasket,leaking,removed; replaced
100518,number 4 cylinder intake gasket leaking . removed and replaced gasket .,cylinder; intake gasket; gasket,leaking,removed; replaced
100519,cylinder number 4 rocker cover gasket leaking . removed and replaced rocker cover gasket .,cylinder; rocker cover gasket,leaking,removed; replaced
100520,"intake pipe gasket leaking , cylinder number 2 , 3 and 4 . removed and replaced intake gaskets .",intake pipe gasket; cylinder; intake gaskets,leaking,removed; replaced
100521,oil cooler baffling cracked in lower inboard corner . fabricated patch from like material .,oil cooler; baffling; patch; like material,cracked,fabricated
100522,"right-hand side of engine , aft baffle cracked past stop drilled holes . fabricated patch from like material .",engine; baffle; holes; patch; like material,cracked,fabricated
100523,"started aircraft normally , battery still showing discharge . incre . started engine and performed run up , all indications norm",aircraft; battery; engine,still showing discharge,started; run up
100524,number 3 cylinder oil return line leaking on rubber hose section . tightened clamps on rubber hose section .,cylinder; oil return line; rubber hose section; clamps,leaking,tightened
100525,number 2 and 4 intake gasket leaking . removed and replaced intake gaskets .,intake gasket; intake gaskets,leaking,removed; replaced
100526,"number 1 , 2 , 3 cowl shock mounts torn . removed and replaced cowl shock mounts .",cowl shock mounts,torn,removed; replaced
100527,number 1 and 3 rocker cover gaskets leaking . removed and replaced rocker cover gaskets .,rocker cover gaskets,leaking,removed; replaced
100528,rocker box cover screws loose . retorqued screws .,rocker box cover screws; screws,loose,
100529,rocker box cover screws loose . retorqued screws .,rocker box cover screws; screws,loose,
100530,induction tube hose clamps loose all cylinder . tightened hose clamps .,induction tube; hose clamps; cylinder,loose,tightened
100531,number 1 cylinder baffle cracked . fabricated patch from . 032 of like material as baffle .,cylinder; baffle; patch; like material,cracked,fabricated
100532,scroll to pc flitter tube has excessive fretting under float . ordered line .,scroll; pc flitter tube; flitter tube; float; line,excessive fretting,
100533,scroll to pc flitter tube has excessive fretting under float . removed and replaced line .,scroll; pc flitter tube; flitter tube; line,excessive fretting,removed; replaced
100534,4 th stage nozzle has several cracks in it . prepped engine for installation and reinstalled in aircraft .,4 th stage nozzle; engine; aircraft,several cracks,prepped; reinstalled
100535,4 th stage nozzle has several cracks in it . removed engine from airframe . disassembled engine in accordance with r,4 th stage nozzle; engine; airframe,several cracks,removed; disassembled
100536,4 th stage nozzle has several cracks in it . removed turbine assembly . prepped loaner turb,4 th stage nozzle; turbine assembly; loaner turb,several cracks,removed; prepped
100537,4 th stage nozzle has several cracks in it . connected engine in accordance with rolls royce maintenance manual . performe,4 th stage nozzle; engine,several cracks,connected
100538,number 3 intake is leaking . removed and replaced intake gasket .,intake; intake gasket,leaking,removed; replaced
100539,cylinder number 4 rocker cover gasket leaking . removed and replaced rocker cover gasket .,cylinder; rocker cover gasket,leaking,removed; replaced
100540,"number 1 intake gasket leaks . very difficult to remove gasket , installed new gasket .",intake gasket; gasket,leaks,installed
100541,all rocker cover screws are loose . tightened screws .,rocker cover screws; screws,loose,tightened
100542,number 2 intake gasket leaking . removed and replaced intake gasket .,intake gasket,leaking,removed; replaced
100543,"number 2 cylinder inches missing inches on run up runs rough . cleaned , gapped and tested number 2 cylinder spark plugs - operations check go",cylinder; cylinder spark plugs,missing; runs rough,cleaned; gapped; tested; operations check
100544,number 2 cylinder inches missing inches on run up runs rough . performed compression check on number 2 cylinder - 78 / 80 and removed ro,cylinder,missing; runs rough,compression check; removed
100545,number 2 cylinder inches missing inches on run up runs rough . inspected and found number 2 exhaust valve tight . performed cle,cylinder; exhaust valve,missing; tight; runs rough,inspected
100546,"number 2 cylinder inches missing inches on run up runs rough . ran , operations ok . no roughness . egt - cht - static rpm - idl",cylinder,missing; runs rough,ran; operations
100547,number 2 intake gasket leaks . replaced gasket .,intake gasket; gasket,leaks,replaced
100548,baffle plug missing on engine . replaced plug .,baffle plug; engine; plug,missing,replaced
100549,number 3 intake leaking on right-hand engine . removed and replaced intake gasket with new .,intake; engine; intake gasket,leaking,removed; replaced
100550,number 1 and 2 intakes leaking on left-hand engine . removed and replaced number 1 and 2 gaskets with new .,intakes; engine; gaskets,leaking,removed; replaced
100551,number 1 and 3 rocker covers leaking on right-hand engine . removed and replaced number 1 and 3 gaskets with new .,rocker covers; engine; gaskets,leaking,removed; replaced
100552,number 2 induction tube gasket leaking . removed and replaced intake gasket .,induction tube gasket; intake gasket,leaking,removed; replaced
100553,rocker box cover screws loose all cyls . retorqued rocker box cover screws .,rocker box cover screws; cyls,loose,
100554,number 3 cylinder has no compression . run up and leak check good .,cylinder,no compression,run up; leak check
100555,number 3 cylinder has no compression . found leak from exhaust valve and exhaust valve contact on piston .,cylinder; exhaust valve; piston,no compression; leak; contact,found
100556,number 3 cylinder has no compression . completed install of cylinder . dry tappet clearance check feet,cylinder,no compression,completed install; dry tappet clearance check
100557,left-hand engine outboard baffle rod broken . removed and replaced baffle support rod .,engine; baffle rod; baffle support rod,broken,removed; replaced
100558,intakes number 3 and 4 leaking on right-hand engine . removed and replaced intake gaskets with new .,intakes; engine; intake gaskets,leaking,removed; replaced
100559,"intakes number 1 , 2 , 3 and 4 leaking on left-hand engine . removed and replaced intake tube gaskets .",intakes; engine; intake tube gaskets,leaking,removed; replaced
100560,rocker covers 3 and 4 leaking on left-hand engine . removed and replaced rocker cover gaskets .,rocker covers; engine; rocker cover gaskets,leaking,removed; replaced
100561,rocker covers number 2 and 4 leaking on right-hand engine . removed and replaced number 2 and 4 rocker cover gaskets .,rocker covers; engine; rocker cover gaskets,leaking,removed; replaced
100562,number 4 intake leaking . removed and replaced intake gasket . cleaned leaks around,intake; intake gasket,leaking; leaks,removed; replaced; cleaned
100563,number 2 rocker cover leaking . removed and replaced rocker cover gasket . cleaned leaks a,rocker cover; rocker cover gasket,leaking; leaks,removed; replaced; cleaned
100564,number 3 intake leaking . removed and replaced number 3 intake gasket .,intake; intake gasket,leaking,removed; replaced
100565,cylinder number 3 intake tube gasket leaking . removed and replaced intake gasket .,cylinder; intake tube gasket; intake gasket,leaking,removed; replaced
100566,cylinder number 1 oil return line chafing . removed and replaced oil drain line .,cylinder; oil return line; oil drain line,chafing,removed; replaced
100567,right-hand engine oil fill tube loose . tightened and resafetied filler tube .,engine; oil fill tube; filler tube,loose,tightened; resafetied
100568,engine baffle plug tabs broken . installed new engine baffle plugs .,engine; baffle plug; tabs; baffle plugs,broken,installed
100569,number 4 intake gasket leaking . removed and replaced number 4 intake gasket .,intake gasket,leaking,removed; replaced
100570,number 2 and 4 rocker cover gaskets leaking . removed and replaced number 2 and 4 gaskets .,rocker cover gaskets; gaskets,leaking,removed; replaced
100571,right-hand engine number 2 intake leaks . replaced gasket .,engine; intake; gasket,leaks,replaced
100572,left-hand engine number 2 intake leaks . removed and replaced gasket .,engine; intake; gasket,leaks,removed; replaced
100573,"all rocker covers , both engine , screws are loose . tightened all cover screws .",rocker covers; engine; screws; cover screws,loose,tightened
100574,"number 1 , 2 and 4 intakes leaking . removed and replaced intake gaskets .",intakes; intake gaskets,leaking,removed; replaced
100575,number 2 and 4 rocker covers leaking . removed and replaced rocker cover gaskets .,rocker covers; rocker cover gaskets,leaking,removed; replaced
100576,left-hand rear engine baffle cracked . stop drilled crack .,engine; baffle,cracked; crack,stop drilled
100577,"number 2 , 3 , 4 cylinder rocker cover gaskets leaking . removed and replaced rocker cover gaskets . cleaned leaks .",cylinder; rocker cover gaskets,leaking; leaks,removed; replaced; cleaned
100578,number 4 cylinder rocker drain line clamp loose and leaks noted . secured drain clamp and tightening . cleaned leaks in area,cylinder; rocker drain line; clamp; drain clamp,loose; leaks,secured; tightening; cleaned
100579,baffle bolt safeties are loose on number 1 and 3 cylinder . tightened screws and resafetied .,baffle bolt; baffle bolt safeties; safeties; cylinder; screws,loose,tightened; resafetied
100580,number 1 and 3 intake gaskets leaking . removed and replaced intake gaskets .,intake gaskets,leaking,removed; replaced
100581,number 3 intake gasket leaking . removed and replaced number 3 intake gasket .,intake gasket,leaking,removed; replaced
100582,number 4 rocker cover gasket leaking . removed and replaced number 4 rocker cover gasket .,rocker cover gasket,leaking,removed; replaced
100583,number 4 intake gasket leaking . removed and replaced intake gasket with new .,intake gasket,leaking,removed; replaced
100584,number 2 rocker cover gasket leaking . removed and replaced rocker cover with new .,rocker cover gasket; rocker cover,leaking,removed; replaced
100585,number 1 front baffle cracked . stop drilled crack .,baffle,cracked; crack,stop drilled
100586,all rocker covers have loose screws . tightened all screws .,rocker covers; screws,loose,tightened
100587,number 4 cylinder intake tube gasket leaking . removed and replaced intake gasket .,cylinder; intake tube gasket; intake gasket,leaking,removed; replaced
100588,right-hand engine number 1 intake is leaking . removed and replaced gaskets .,engine; intake; gaskets,leaking,removed; replaced
100589,"on left-hand engine number 2 , 3 and 4 intakes are leaking . removed and replaced gaskets .",engine; intakes; gaskets,leaking,removed; replaced
100590,number 2 intake leaking . removed and replaced number 2 intake gasket .,intake; intake gasket,leaking,removed; replaced
100591,number 4 induction tube gasket leaking . removed and replaced number 4 induction tube gasket .,induction tube gasket,leaking,removed; replaced
100592,all rocker cover screws loose . tightened all screws .,rocker cover screws; screws,loose,tightened
100593,"at 5500 feet , oat plus 7 , executed engine failure in flight and engine . removed and replaced number 2 intake gasket , checked propeller accumul",engine; intake gasket; propeller accumul,,removed; replaced; checked
100594,"at 5500 feet , oat plus 7 , executed engine failure in flight and engine . started and warmed right-hand engine , operations checked idle rpm , magneto check",engine,,started; warmed; operations checked; magneto check
100595,induction tube hose clamps loose all cyls . tightened hose clamps .,induction tube; hose clamps,loose,tightened
100596,number 2 intake gasket leaking . removed and replaced number 2 intake gasket .,intake gasket,leaking,removed; replaced
100597,"maintenance flight required for engine break - in , propeller rpm and to check . ran aircraft , determined to be caused by cold oil . complied with lycom",engine; propeller; aircraft; cold oil,break - in,maintenance flight; to check; ran; determined; complied
100598,"number 2 intake lube gasket leaking . removed and replaced intake gasket , cleaned area of leaks",intake lube gasket; intake gasket,leaking; leaks,removed; replaced; cleaned
100599,number 3 rocker cover gasket leaking . removed and replaced number 3 rocker cover gasket .,rocker cover gasket,leaking,removed; replaced
100600,number 4 intake gasket leaking . replaced gasket .,intake gasket; gasket,leaking,replaced
100601,number 3 rocker cover gasket leaking . replaced gasket .,rocker cover gasket; gasket,leaking,replaced
100602,number 4 rocker cover gasket leaking . replaced gasket .,rocker cover gasket; gasket,leaking,replaced
100603,throttle linkage dog bone has loose bearing . removed and replaced linkage .,throttle linkage dog bone; dog bone; bearing; linkage,loose,removed; replaced
100604,number 1 intake leaking . removed and replaced number 1 intake gasket .,intake; intake gasket,leaking,removed; replaced
100605,left-hand number 3 intake gasket leaking . removed and replaced gasket . leak check good .,intake gasket; gasket,leaking,removed; replaced; leak check
100606,"left-hand engine has all 4 rocker gaskets leaking . replaced gaskets , leak check good .",engine; rocker gaskets; gaskets,leaking,replaced; leak check
100607,"right-hand number 1 , 3 and 4 intake gaskets are leaking . removed and replaced gaskets , leak check good .",intake gaskets; gaskets,leaking,removed; replaced; leak check
100608,top left-hand baffle corner has a crack . stop drilled crack .,baffle corner,crack,stop drilled
100609,cylinder number 2 rocker cover is leaking . replaced gasket .,cylinder; rocker cover; gasket,leaking,replaced
100610,number 2 and 3 intakes leaking . removed and replaced number 2 and 3 intake gaskets .,intakes; intake gaskets,leaking,removed; replaced
100611,number 4 and 1 rocker covers leaking . removed and replaced rocker cover gaskets .,rocker covers; rocker cover gaskets,leaking,removed; replaced
100612,rocker box cover screws loose . tightened screws .,rocker box cover screws; screws,loose,tightened
100613,number 2 induction tube gasket leaking . replaced number 2 intake gasket .,induction tube gasket; intake gasket,leaking,replaced
100614,crack in right front baffle . stop drilled crack .,baffle,crack,stop drilled
100615,rocker cover number 2 and 3 leaking . removed and replaced number 2 and 3 rocker cover gaskets .,rocker cover; rocker cover gaskets,leaking,removed; replaced
100616,number 1 and 3 rocker covers leaking . removed and replaced gaskets .,rocker covers; gaskets,leaking,removed; replaced
100617,"number 2 cylinder has a stuck valve . checked valve guide clearance , check ok . cleaned spark",cylinder; valve; spark,stuck,checked; check; cleaned
100618,"idle rpm is low . adjusted idle rpm per specs , operations check good .",,low,adjusted; operations check
100619,"rocker covers number 1 , 2 and 3 leaking . removed and replaced rocker cover gaskets .",rocker covers; rocker cover gaskets,leaking,removed; replaced
100620,induction tube hose clamps loose all cyls . tightened hose clamps .,induction tube; hose clamps,loose,tightened
100621,right-hand rear engine baffle mounting bracket rivets broken . removed and replaced broken baffle mounting bracket rivet,engine; baffle mounting bracket; rivets; rivet,broken,removed; replaced
100622,number 3 intake leaking . removed and replaced number 3 intake gasket .,intake; intake gasket,leaking,removed; replaced
100623,rocker box cover screws loose . tightened screws .,rocker box cover screws; screws,loose,tightened
100624,number 4 induction tube gasket leaking . removed and replaced gasket .,induction tube gasket; gasket,leaking,removed; replaced
100625,number 2 intake gasket leaking . removed and replaced gasket with new .,intake gasket; gasket,leaking,removed; replaced
100626,number 1 intake is leaking . removed and replaced gasket .,intake; gasket,leaking,removed; replaced
100627,number 1 rocker gasket leaking . replaced gasket .,rocker gasket; gasket,leaking,replaced
100628,number 2 and 4 baffle plugs have several broken prongs . replaced button plugs .,baffle plugs; prongs; button plugs,broken,replaced
100629,number 2 intake gasket leaks . removed and replaced gasket .,intake gasket; gasket,leaks,removed; replaced
100630,"rocker cover gasket , cylinder number 2 , leaking . removed and replaced gasket . cleaned leaks in area .",rocker cover gasket; cylinder; gasket,leaking; leaks,removed; replaced; cleaned
100631,number 2 intake leaking on left engine . removed and replaced number 2 intake gasket on left-hand engine .,intake; engine; intake gasket,leaking,removed; replaced
100632,"engine baffle cracked at top rear center bracket , at engine . fabricated patch from like material and riveted in accordance with",engine; baffle; center bracket; patch; like material,cracked,fabricated
100633,number 4 intake gasket is leaking . replaced gasket .,intake gasket; gasket,leaking,replaced
100634,number 3 and 4 rocker gaskets are leaking . removed and replaced number 3 and 4 rocker cover gaskets .,rocker gaskets; rocker cover gaskets,leaking,removed; replaced
100635,"right-hand engine , left-hand forward baffle screw missing . installed new screw .",engine; baffle screw; screw,missing,installed
100636,right-hand engine number 3 induction tube gasket leaking . removed and replaced intake gasket with new .,engine; induction tube gasket; intake gasket,leaking,removed; replaced
100637,"left-hand engine , alternator cooling hose chafing against alternator inches bat inches cable . repositioned alternator cooling hose .",engine; alternator; cooling hose; inches bat inches cable,chafing,repositioned
100638,forward left-hand baffle is cracked below shroud air intake . fabricated patch out of like material and installed . rive,baffle; air intake; patch; like material,cracked,fabricated; installed
100639,"rear right-hand baffle rivets missing . removed baffle , replaced rivets , reinstalled baffle .",baffle; rivets,missing,removed; replaced; reinstalled
100640,"right-hand engine , left-hand rear baffle cracked . previously repaired by stop drilling crack .",engine; baffle,cracked; crack,repaired; stop drilling
100641,right-hand engine number 2 and 4 induction tube gaskets leaking . removed and replaced number 2 and 4 intake gaskets .,engine; induction tube gaskets; intake gaskets,leaking,removed; replaced
100642,"left-hand engine number 2 , 3 and 4 induction tube gaskets leaking . removed and replaced intake gaskets number 2 , 3 and 4 .",engine; induction tube gaskets; intake gaskets,leaking,removed; replaced
100643,"left-hand engine , all rocker box cover gaskets leaking . removed and replaced number 1 , 2 , 3 and 4 rocker cover gaskets .",engine; rocker box cover gaskets; rocker cover gaskets,leaking,removed; replaced
100644,"engine baffling cracked , right-hand side , above number 1 cylinder . cleaned up edges and installed .",engine; baffling; cylinder; edges,cracked,cleaned up; installed
100645,"firewall cracked by battery box . assembled , fitted , primed and painted bracket and installed",firewall; battery box; bracket,cracked,assembled; fitted; primed; painted; installed
100646,"engine baffling cracked , right-hand side , above number 1 cylinder . fabricated new right-hand baffle with like material .",engine; baffling; cylinder; baffle; like material,cracked,fabricated
100647,number 2 intake leaking . removed and replaced number 2 intake gasket .,intake; intake gasket,leaking,removed; replaced
100648,number 2 and 4 intake gaskets leaking . removed and replaced gaskets .,intake gaskets; gaskets,leaking,removed; replaced
100649,number 2 and 4 rocker gaskets are leaking . removed and replaced number 2 and 4 gaskets .,rocker gaskets; gaskets,leaking,removed; replaced
100650,number 3 exhaust inboard push rod seal is leaking . replaced inner and outer push rod seals on number 3 cylinder as well,exhaust; push rod seal; push rod seals; cylinder,leaking,replaced
100651,"intakes 2 , 3 and 4 leaking on right-hand engine . removed and replaced gaskets .",intakes; engine; gaskets,leaking,removed; replaced
100652,"intakes 2 , 3 and 4 leaking on left-hand engine . removed and replaced intake gaskets .",intakes; engine; intake gaskets,leaking,removed; replaced
100653,rocker cover 1 and 4 leaking on left-hand engine . removed and replaced rocker cover gaskets .,rocker cover; engine; rocker cover gaskets,leaking,removed; replaced
100654,number 3 rocker cover leaking . removed and replaced rocker cover gasket with new .,rocker cover; rocker cover gasket,leaking,removed; replaced
100655,number 2 intake leaking . removed and replaced number 2 intake gasket .,intake; intake gasket,leaking,removed; replaced
100656,number 2 and 4 rocker covers are leaking . removed and replaced rocker cover gaskets .,rocker covers; rocker cover gaskets,leaking,removed; replaced
100657,number 3 cylinder aft baffle is cracked . stop drilled crack .,cylinder; baffle,cracked; crack,stop drilled
100658,number 2 and 4 cylinder oil return line hose clamps loose . tightened clamps .,cylinder; oil return line; hose clamps; clamps,loose,tightened
100659,"mixture linkage loose , missing spring washer . replaced spring washers and safetied .",mixture linkage; spring washer; spring washers,loose; missing,replaced; safetied
100660,number 3 rocker cover leaking . removed and replaced rocker cover .,rocker cover,leaking,removed; replaced
100661,number 1 forward baffle is worn through . fabricated new section from like material as original and,baffle; section; like material,worn through,fabricated
100662,number 2 intake gasket leaking . removed and replaced number 2 intake gasket .,intake gasket,leaking,removed; replaced
100663,right-hand back baffle screw is missing . installed new screw .,baffle screw; screw,missing,installed
100664,number 2 intake gasket leaking . removed and replaced number 2 intake gasket .,intake gasket,leaking,removed; replaced
100665,number 1 and 3 rocker cover gaskets leaking . removed and replaced number 1 and 3 rocker cover gaskets .,rocker cover gaskets,leaking,removed; replaced
100666,"right-hand engine number 2 , 3 induction is leaking . removed and replaced number 2 , 3 induction tube gasket on right-hand e",engine; induction; induction tube gasket,leaking,removed; replaced
100667,number 3 and 4 rocker cover gaskets are broken . removed and replaced number 3 and 4 rocker cover gaskets .,rocker cover gaskets,broken,removed; replaced
100668,number 3 rocker cover gasket is torn . removed and replaced rocker cover gasket .,rocker cover gasket,torn,removed; replaced
100669,"number 1 , 3 and 4 rocker cover gaskets are torn . removed and replaced rocker cover gaskets .",rocker cover gaskets,torn,removed; replaced
100670,pilot couldn ' t remove dipstick . removed dipstick for pilot .,dipstick,,removed
100671,number 3 aft baffle grommet torn . installed new grommet .,baffle grommet; grommet,torn,installed
100672,number 3 and 4 rocker box cover gaskets leaking . removed and replaced number 3 and 4 rocker cover gaskets .,rocker box cover gaskets; rocker cover gaskets,leaking,removed; replaced
100673,number 2 and 4 intake gaskets leaking . removed and replaced gaskets .,intake gaskets; gaskets,leaking,removed; replaced
100674,number 1 and 3 intake gaskets leaking . removed and replaced number 1 and 3 intake gaskets with new .,intake gaskets,leaking,removed; replaced
100675,intakes 2 and 4 leaking on right-hand engine . removed and replaced intake gaskets .,intakes; engine; intake gaskets,leaking,removed; replaced
100676,"intakes 2 , 3 and 4 leaking on left-hand engine . removed and replaced intake gaskets .",intakes; engine; intake gaskets,leaking,removed; replaced
100677,rocker covers 3 and 4 leaking on left-hand engine . removed and replaced rocker cover gaskets .,rocker covers; engine; rocker cover gaskets,leaking,removed; replaced
100678,"rocker covers 1 , 2 and 3 leaking on right-hand engine . removed and replaced rocker cover gaskets .",rocker covers; engine; rocker cover gaskets,leaking,removed; replaced
100679,right-hand engine number 3 and 2 intakes leak . removed and replaced gaskets .,engine; intakes; gaskets,leak,removed; replaced
100680,number 3 intake is leaking on left-hand engine . removed and replaced gasket .,intake; engine; gasket,leaking,removed; replaced
100681,number 4 rocker cover gasket leaking . removed and replaced rocker cover gasket .,rocker cover gasket,leaking,removed; replaced
100682,rocker box cover screws loose . tightened screws .,rocker box cover screws; screws,loose,tightened
100683,number 2 rocker box cover gasket leaks . removed and replaced number 2 cover gasket .,rocker box cover gasket; cover gasket,leaks,removed; replaced
100684,"number 1 and 3 cylinder lower baffle is cracked . removed number 1 cylinder intake tube , removed and replaced baffle .",cylinder; baffle; intake tube,cracked,removed; replaced
100685,"number 1 intake tube was canned . installed new intake tube , o - ring and gasket .",intake tube; o - ring; gasket,,canned; installed
100686,left-hand number 2 intake gasket leaking . removed and replaced number 2 intake gasket with new .,intake gasket,leaking,removed; replaced
100687,right-hand engine number 2 and 3 intakes leaking . removed and replaced intake gaskets with new .,engine; intakes; intake gaskets,leaking,removed; replaced
100688,right-hand engine number 3 rocker cover gasket leaking . removed and replaced rocker cover gasket .,engine; rocker cover gasket,leaking,removed; replaced
100689,right-hand engine number 2 cylinder rocker cover gasket is split . replaced gasket .,engine; cylinder; rocker cover gasket; gasket,split,replaced
100690,right-hand engine number 4 induction tube gasket leaking . replaced number 4 right-hand intake tube gasket .,engine; induction tube gasket; intake tube gasket,leaking,replaced
100691,number 4 cylinder intake tube leaking . removed and replaced intake gasket .,cylinder; intake tube; intake gasket,leaking,removed; replaced
100692,number 2 intake is leaking . removed and replaced intake gasket .,intake; intake gasket,leaking,removed; replaced
100693,number 1 intake leaking . replaced gasket .,intake; gasket,leaking,replaced
100694,"number 2 exhaust dry lifter clearance is too tight . removed , inspected and determined to be serviceable push",exhaust,too tight,removed; inspected; determined
100695,number 2 exhaust lifter plunger assembly came apart when cleaned . removed plunger assembly from core engine,exhaust lifter plunger assembly; plunger assembly; engine,came apart,cleaned; removed
100696,engine runs rough on start . maintenance hand spun propeller and reported 1 cylinder . performed compression check and found number 3 exhaust valve st,engine; propeller; cylinder; exhaust valve,runs rough,hand spun; compression check
100697,engine runs rough on start . maintenance hand spun propeller and reported 1 cylinder . removed and replaced number 3 cylinder in accordance with lycoming overhaul manual .,engine; propeller; cylinder,runs rough,hand spun; removed; replaced
100698,right-hand engine number 3 induction tube gasket leaking . installed new number 3 induction tube gasket .,engine; induction tube gasket,leaking,installed
100699,baffle seal loose on left side of engine . secured baffle seal .,baffle seal; engine,loose,secured
100700,"left door would not latch . adjusted striker plate , door . operations check good .",left door; striker plate,would not latch,adjusted; operations check
100701,cylinder number 2 intake gasket leaking . removed and replaced intake gasket .,cylinder; intake gasket,leaking,removed; replaced
100702,"intakes 2 , 3 and 4 leaking on left-hand engine . replaced intake gaskets .",intakes; engine; intake gaskets,leaking,replaced
100703,baffle seals need to be resecured on both engines . resecured baffle seals .,baffle seals; engines,,resecured
100704,"intakes 2 , 3 and 4 leaking on right-hand engine . removed and replaced intake gaskets . cleaned area of leak",intakes; engine; intake gaskets,leaking; leak,removed; replaced; cleaned
100705,number 2 intake is leaking . removed and replaced gasket .,intake; gasket,leaking,removed; replaced
100706,number 2 rocker cover is leaking . removed and replaced gasket .,rocker cover; gasket,leaking,removed; replaced
100707,number 2 intake leaking . removed and replaced number 2 intake gasket .,intake; intake gasket,leaking,removed; replaced
100708,right-hand side cowl seal is loose . secured seal .,cowl seal; seal,loose,secured
100709,hardware missing on right-hand aft baffle . installed new hardware in aft right-hand baffle .,hardware; baffle,missing,installed
100710,hardware missing on right-hand aft baffle . installed new hardware on baffle .,hardware; baffle,missing,installed
100711,engine baffle plugs bad . installed new baffle plugs .,engine; baffle plugs,bad,installed
100712,number 2 rocker box cover gasket leaking . installed new number 2 rocker box cover gasket .,rocker box cover gasket,leaking,installed
100713,"cylinder number 1 and 3 intakes are leaking , left-hand engine . replaced intake gaskets .",cylinder; intakes; engine; intake gaskets,leaking,replaced
100714,right-hand engine cylinder number 2 intake is leaking . replaced right-hand cylinder number 2 intake gasket .,engine; cylinder; intake; intake gasket,leaking,replaced
100715,"cylinder number 2 intake is leaking , left-hand engine . replaced cylinder number 2 left-hand intake tube gasket .",cylinder; intake; engine; intake tube gasket,leaking,replaced
100716,right-hand engine corner bracket by propeller cable is cracked . removed and replaced bracket .,engine; corner bracket; propeller cable; bracket,cracked,removed; replaced
100717,"right-hand engine cylinder number 2 , 3 rocker covers are leaking . removed and replaced rocker cover gaskets .",engine; cylinder; rocker covers; rocker cover gaskets,leaking,removed; replaced
100718,"ran engine start checklist 3 times , tried cold start checklist 2 t . started engine using normal procedures , operations check good .",engine,,ran; tried; started; operations check
100719,cylinder number 4 intake is leaking . removed and replaced intake gasket .,cylinder; intake; intake gasket,leaking,removed; replaced
100720,cylinder number 1 / 3 baffle spring broken . replaced number 1 / 3 baffle spring .,cylinder; baffle spring,broken,replaced
100721,"rear right-hand baffle bracket rivets sheared . removed baffle , replaced rivets , reinstalled baffle .",baffle bracket; rivets; baffle,sheared,removed; replaced; reinstalled
100722,number 2 intake is leaking . removed and replaced number 2 intake gasket .,intake; intake gasket,leaking,removed; replaced
100723,"back right-hand baffle back bracket rivet head is sheared off . removed right-hand back baffle , installed bracket with screws . i",baffle; rivet head; bracket; screws,sheared,removed; installed
100724,"screw missing , aft baffle bracket . installed screw .",screw; baffle bracket,missing,installed
100725,screw missing on baffle above number 3 cylinder . installed screw .,screw; baffle; cylinder,missing,installed
100726,"baffle cracked above number 1 cylinder . removed baffle , stop drilled crack . fabricated patch , p",baffle; cylinder; patch,cracked; crack,removed; stop drilled; fabricated
100727,rear baffle plugs worn out . replaced both plugs with new .,baffle plugs; plugs,worn,replaced
100728,standoff needed for fuel line on top of engine . clamped standoff at push rod tube .,standoff; fuel line; engine; push rod tube,,clamped
100729,"right-hand baffle missing rivet on aft support bracket . removed baffle , repaired bracket and stripped oil cooler",baffle; rivet; support bracket; bracket; oil cooler,missing,removed; repaired; stripped
100730,right-hand engine number 4 intake gasket leaking . replaced right-hand number 4 intake gasket .,engine; intake gasket,leaking,replaced
100731,right-hand engine number 3 induction tube gasket leaking . replaced right-hand number 3 intake gasket .,engine; induction tube gasket; intake gasket,leaking,replaced
100732,"left-hand engine number 3 induction tube gasket leaking . replaced intake tube gasket , left-hand number 3 .",engine; induction tube gasket; intake tube gasket,leaking,replaced
100733,"right-hand engine , left-hand forward baffle and left-hand aft baffle missing screws . replaced right-hand engine , left-hand forward and left-hand aft baffle screws .",engine; baffle; screws; baffle screws,missing,replaced
100734,cylinder number 1 intake leaks . removed and replaced cylinder number 1 intake gasket .,cylinder; intake; intake gasket,leaks,removed; replaced
100735,"left-hand baffle , spark plug access plug worn tabs . removed and replaced broken baffle plug .",baffle; spark plug; access plug; tabs; baffle plug,worn; broken,removed; replaced
100736,cylinder number 2 intake is leaking . replaced intake gasket .,cylinder; intake; intake gasket,leaking,replaced
100737,number 3 and 4 rocker gaskets are leaking . replaced gaskets .,rocker gaskets; gaskets,leaking,replaced
100738,"aircraft won ' t start . attempted to start aircraft for pilot . battery was dead ,",aircraft,won ' t start,attempted to start
100739,"aircraft won ' t start . attempted to start aircraft for pilot , battery was dead .",aircraft,won ' t start,attempted to start
100740,"aircraft won ' t start . attempted to start aircraft for pilot , battery was dead .",aircraft,won ' t start,attempted to start
100741,"aircraft won ' t start . attempt to start aircraft for pilot , battery was dead . line",aircraft,dead; won ' t start,attempt to start
100742,intake 3 and 4 leaking on right-hand engine . replaced number 3 and 4 right-hand intake gaskets .,intake; engine; intake gaskets,leaking,replaced
100743,intakes 3 and 4 leaking on left-hand engine . replaced left-hand engine number 3 and 4 intake gaskets .,intakes; engine; intake gaskets,leaking,replaced
100744,right-hand side engine baffle hardware missing . installed new hardware on right-hand baffle .,engine; baffle hardware; new hardware; baffle,missing,installed
100745,front baffle on left-hand side has a crack . stop drilled crack .,baffle,crack,stop drilled
100746,"right-hand back baffle bracket is missing a rivet and baffle is crack . fabricated patch , installed and riveted in accordance with standard reference material 51",baffle bracket; rivet; baffle; patch,missing; crack,fabricated; installed; riveted
100747,number 4 cylinder intake gasket leaking . replaced cylinder number 4 intake gasket .,cylinder; intake gasket,leaking,replaced
100748,number 2 intake gasket leaking . removed and replaced intake gasket with new .,intake gasket,leaking,removed; replaced
100749,left-hand number 4 aft baffle cracked . stop drilled crack .,baffle,cracked; crack,stop drilled
100750,left-hand number 2 side baffle seal torn . removed and replaced seal .,baffle seal; seal,torn,removed; replaced
100751,left-hand number 1 side baffle seal loose . removed and replaced seal .,baffle seal; seal,loose,removed; replaced
100752,left-hand number 3 intake gasket is leaking . replaced intake gasket .,intake gasket,leaking,replaced
100753,left-hand rocker gaskets are leaking . replaced all rocker gaskets on left-hand engine .,rocker gaskets; engine,leaking,replaced
100754,left-hand number 1 intake inboard push rod tube seal is leaking . replaced push rod seals on number 1 intake tube .,intake; push rod tube seal; push rod seals; intake tube,leaking,replaced
100755,rocker box cover screw loose on all cyls . tightened rocker box cover screws .,rocker box cover screw; rocker box cover screws,loose,tightened
100756,"number 2 , 3 and 4 induction tube gaskets leaking . installed new induction tube gaskets .",induction tube gaskets,leaking,installed
100757,intake gasket cylinder number 3 and 4 leaking . removed and replaced intake gaskets .,intake gasket; cylinder; intake gaskets,leaking,removed; replaced
100758,number 4 induction tube gasket leaking . replaced gasket .,induction tube gasket; gasket,leaking,replaced
100759,engine baffles need new button plugs . replaced button plugs .,engine; baffles; button plugs,,replaced
100760,right-hand engine cylinder number 1 intake leaking . removed and replaced intake gasket with new .,engine; cylinder; intake; intake gasket,leaking,removed; replaced
100761,cylinder number 3 intake is leaking on left-hand engine . removed and replaced intake gasket with new .,cylinder; intake; engine; intake gasket,leaking,removed; replaced
100762,"climb out 1 or both engines ran very rough , tried leaning and . inspected left-hand and right-hand engines , no defects noted . ran engi",engines,ran very rough,inspected; ran
100763,intakes 2 and 4 leaking . removed and replaced intake gaskets .,intakes; intake gaskets,leaking,removed; replaced
100764,"forward engine hoist loop bolt is loose . removed , cleaned , sealed , installed and torqued bolt with n",engine; hoist loop bolt; bolt,loose,removed; cleaned; sealed; installed; torqued
100765,cylinder number 2 intake gasket leaking . replaced cylinder number 2 intake gasket .,cylinder; intake gasket,leaking,replaced
100766,"cylinder number 1 , 2 , 3 and 4 rocker cover gaskets leaking . replaced rocker cover gaskets .",cylinder; rocker cover gaskets,leaking,replaced
100767,oil cooler needs to be replaced . removed and replaced oil cooler,oil cooler,,replaced; removed
100768,number 2 induction tube hose clamp broken . removed and replaced clamp .,induction tube; hose clamp; clamp,broken,removed; replaced
100769,cylinder number 2 and 4 rocker cover gaskets leaking . tightened rocker cover screws .,cylinder; rocker cover gaskets; rocker cover screws,leaking,tightened
100770,right-hand engine number 3 induction tube gasket leaking . removed and replaced intake gasket .,engine; induction tube gasket; intake gasket,leaking,removed; replaced
100771,"number 3 intake inboard to engine thread stripped . drilled stripped hole , tapped and inserted helicoil .",intake; engine; thread; hole; helicoil,stripped,drilled; drilled stripped; tapped; inserted
100772,"left-hand engine number 3 induction tube gasket leaking . removed and replaced gasket . ran aircraft , leak check good .",engine; induction tube gasket; gasket; aircraft,leaking,removed; replaced; ran; leak check
100773,number 2 intake is leaking . removed and replaced number 2 intake gasket .,intake; intake gasket,leaking,removed; replaced
100774,number 1 cylinder intake gasket is leaking . replaced gasket .,cylinder; intake gasket; gasket,leaking,replaced
100775,number 3 cylinder rocker gasket is leaking . replaced gasket .,cylinder; rocker gasket; gasket,leaking,replaced
100776,right-hand baffle spring broken . removed and replaced baffle spring with new .,baffle spring,broken,removed; replaced
100777,"aft baffle bracket rivets pulling through . removed baffle from aircraft , removed and replaced loose rivet",baffle bracket; rivets; baffle; aircraft; rivet,loose; pulling through,removed; replaced
100778,engine top spine is leaking . leak check good .,engine; spine,leaking,leak check
100779,"engine top spine is leaking . removed bolt , cleaned , reinstalled bolt and torqued to sp",engine; spine; bolt,leaking,removed; cleaned; reinstalled; torqued
100780,all rocker covers need tightening . tightened all covers .,rocker covers; covers,,tightening; tightened
100781,number 3 rocker cover gasket leaking . removed and replaced gasket .,rocker cover gasket; gasket,leaking,removed; replaced
100782,left-hand engine number 2 intake leaking . removed and replaced intake gasket .,engine; intake; intake gasket,leaking,removed; replaced
100783,right-hand engine number 2 intake leaking . removed and replaced intake gasket .,engine; intake; intake gasket,leaking,removed; replaced
100784,cylinder number 1 baffle is cracked . stop drilled crack .,cylinder; baffle,cracked; crack,stop drilled
100785,"right-hand aft engine baffle cracked . removed right-hand aft engine baffle , stop drilled crack , fabrica",engine; baffle,cracked; crack,removed; stop drilled
100786,overboard battery and engine overboard vent tubes chafed . removed damaged portion of tubes .,battery; engine; vent tubes; tubes,chafed; damaged,removed
100787,all rocker cover screws loose . tightened screws .,rocker cover screws; screws,loose,tightened
100788,left-hand engine number 3 rocker shaft plug worn . replaced plugs .,engine; rocker shaft plug; plugs,worn,replaced
100789,right-hand engine number 3 intake is leaking . removed and replaced intake gasket .,engine; intake; intake gasket,leaking,removed; replaced
100790,left-hand engine number 3 rocker cover gasket leaking . removed and replaced gasket .,engine; rocker cover gasket; gasket,leaking,removed; replaced
100791,cylinder number 2 intake is leaking . removed and replaced intake gasket with new .,cylinder; intake; intake gasket,leaking,removed; replaced
100792,cylinder number 2 intake valve push rod inboard seal is leaking . leak check good .,cylinder; intake valve; push rod; seal,leaking,leak check
100793,"left-hand aft baffle cracked past stop drill . removed old patch , stop drilled crack . fabricated patch",baffle; patch,cracked; crack,removed; stop drilled; fabricated
100794,"cylinder number 2 intake valve push rod inboard seal is leaking . rotated push rod tube to reseat seal , torqued stud nut .",cylinder; intake valve; push rod; seal; push rod tube; stud nut,leaking,rotated; torqued
100795,number 2 intake gasket leaking . removed and replaced gasket .,intake gasket; gasket,leaking,removed; replaced
100796,number 4 valve cover gasket leaking . removed and replaced gasket with new .,valve cover gasket; gasket,leaking,removed; replaced
100797,all rocker covers on both engine screws loose . tightened all screws .,rocker covers; engine; screws,loose,tightened
100798,number 2 rocker cover leaking . removed and replaced gasket with new .,rocker cover; gasket,leaking,removed; replaced
100799,number 2 intake gasket leaking . removed and replaced gasket with new .,intake gasket; gasket,leaking,removed; replaced
100800,"number 2 , 3 and 4 induction tube gaskets leaking . installed new indication tube gaskets .",induction tube gaskets; indication tube gaskets,leaking,installed
100801,cylinder number 2 and 3 rocker cover gaskets leaking . replaced cylinder number 2 and 3 rocker cover gaskets .,cylinder; rocker cover gaskets,leaking,replaced
100802,left-hand rear engine baffle cracked . fabricated patch of like material and riveted in accordance with,engine; baffle; patch; like material,cracked,fabricated
100803,all egt wire probe standoffs are broken . removed and replaced standoffs .,egt wire probe standoffs; standoffs,broken,removed; replaced
100804,cylinder number 4 intake is leaking . removed and replaced gasket .,cylinder; intake; gasket,leaking,removed; replaced
100805,cylinder number 3 intake gasket leaking . replaced cylinder number 3 intake gasket .,cylinder; intake gasket,leaking,replaced
100806,front engine baffle screws chafing muffler shroud . installed proper length screws .,engine; baffle screws; muffler shroud,chafing,installed
100807,"lower oil cooler line needs to be repositioned . loosened line , repositioned line and retightened . leak chapter",oil cooler line; line,,repositioned; loosened; retightened; leak chapter
100808,cylinder number 2 intake gasket leaking . replaced cylinder number 2 intake gasket .,cylinder; intake gasket,leaking,replaced
100809,number 3 rocker cover is leaking . removed and replaced number 3 rocker gasket .,rocker cover; rocker gasket,leaking,removed; replaced
100810,cylinder number 4 rocker cover gasket leaking . removed and replaced cover gasket .,cylinder; rocker cover gasket; cover gasket,leaking,removed; replaced
100811,"rear right-hand engine baffle mount bracket rivets sheared . drilled out sheared rivet , installed new , repair done i",engine; baffle mount bracket; rivets; rivet,sheared,drilled out; installed; repair
100812,"slight power loss on takeoff . completed differential compression test number 1 - 76 , number 2 - 75 ,",,slight power loss,differential compression test
100813,slight power loss on takeoff . for billing purposes only,,slight power loss,
100814,number 2 intake leaking . removed and replaced number 2 intake gasket .,intake; intake gasket,leaking,removed; replaced
100815,right-hand baffle number 3 cylinder needs baffle screw . installed new fastener on baffle .,baffle; cylinder; baffle screw; fastener,,installed
100816,number 2 cylinder intake gasket leaking . removed and replaced intake gasket . cleaned existing leak,cylinder; intake gasket,leaking; leak,removed; replaced; cleaned
100817,"number 3 and 4 cylinder rocker cover gaskets leaking . removed and replaced rocker cover gaskets , cleaned area o",cylinder; rocker cover gaskets,leaking,removed; replaced; cleaned
100818,left-hand rear engine baffle cracked . stop drilled crack .,engine; baffle,cracked; crack,stop drilled
100819,number 2 induction tube gasket leaking . installed new number 2 induction tube gasket .,induction tube gasket,leaking,installed
100820,number 2 cylinder rocker cover gasket leaking . removed and replaced rocker cover gasket . cleared initial,cylinder; rocker cover gasket,leaking,removed; replaced; cleared initial
100821,number 2 intake is leaking . removed and replaced intake gasket .,intake; intake gasket,leaking,removed; replaced
100822,number 1 rocker cover is leaking . removed and replaced rocker cover gaskets .,rocker cover; rocker cover gaskets,leaking,removed; replaced
100823,top and bottom rudder covers are cracked . stop drilled cracks and filled with 2 part epoxy .,rudder covers; 2 part epoxy,cracked; cracks,stop drilled; filled
100824,number 4 induction tube gasket leaking . removed and replaced cylinder number 4 intake tube gasket .,induction tube gasket; cylinder; intake tube gasket,leaking,removed; replaced
100825,"front baffle by intake heat , around muffler shroud , is crack . removed muffler to gain access . began fabricating patch",baffle; intake heat; muffler shroud; muffler; patch,crack,removed; began fabricating
100826,cylinder number 2 rocker cover is leaking . replaced rocker cover gasket .,cylinder; rocker cover; rocker cover gasket,leaking,replaced
100827,forward baffle center section is worn through . removed worn section of baffle . fabricated new section,baffle center section; baffle; section,worn through; worn,removed; fabricated
100828,left-hand engine number 2 intake is leaking . removed and replaced intake gasket .,engine; intake; intake gasket,leaking,removed; replaced
100829,left-hand engine number 3 intake gasket leaking . removed and replaced left-hand engine number 3 intake gasket .,engine; intake gasket,leaking,removed; replaced
100830,"left-hand engine number 2 , 3 rocker covers are leaking . removed and replaced rocker cover gaskets .",engine; rocker covers; rocker cover gaskets,leaking,removed; replaced
100831,"number 3 rocker cover , rocker shaft plugs are broken . removed and replaced rocker shaft plugs .",rocker cover; rocker shaft plugs,broken,removed; replaced
100832,cylinder number 2 intake is leaking . replaced intake gasket .,cylinder; intake; intake gasket,leaking,replaced
100833,cylinder number 2 and 4 rocker covers are leaking . replaced rocker cover gasket .,cylinder; rocker covers; rocker cover gasket,leaking,replaced
100834,number 2 intake is leaking . removed and replaced gasket .,intake; gasket,leaking,removed; replaced
100835,engine is dirty . washed engine .,engine,dirty,washed
100836,number 1 and 3 intakes are leaking . removed and replaced intake gasket .,intakes; intake gasket,leaking,removed; replaced
100837,right-hand back baffle is missing a screw . installed new baffle screw .,baffle; screw; baffle screw,missing,installed
100838,right-hand front baffle seal rivet is broken . removed rivet and replaced with a screw .,baffle seal rivet; rivet; screw,broken,removed; replaced
100839,cylinder number 2 intake push rod tube inner seal is weeping . leak check good .,cylinder; intake push rod tube inner seal,weeping,leak check
100840,cylinder number 2 intake push rod tube inner seal is weeping . rotated push rod tube to reseat seal .,cylinder; intake push rod tube inner seal; push rod tube; seal,weeping,rotated
100841,"forward baffle is cracked under heat shroud air intake . stop drilled cracks , fabricated patch out of like mater",baffle; heat shroud air intake; patch; like mater,cracked; cracks,stop drilled; fabricated
100842,right-hand side of baffle is cracked . stop drilled crack .,baffle,cracked; crack,stop drilled
100843,number 4 rocker cover is leaking . removed and replaced rocker cover .,rocker cover,leaking,removed; replaced
100844,right-hand engine rocker cover screws loose . tightened screws .,engine; rocker cover screws; screws,loose,tightened
100845,right-hand engine cylinder number 3 intake is leaking . removed and replaced right-hand number 3 intake gasket .,engine; cylinder; intake; intake gasket,leaking,removed; replaced
100846,"number 2 , 3 rocker cover gaskets leaking . removed and replaced number 2 , 3 rocker cover gaskets . replaced",rocker cover gaskets,leaking,removed; replaced
100847,number 2 intake gasket leaking . removed and replaced intake gasket with new .,intake gasket,leaking,removed; replaced
100848,oil cooler hose requires repositioning . repositioned and tightened oil hose .,oil cooler hose; oil hose,,repositioning; repositioned; tightened
100849,number 1 and 2 rocker covers missing 2 screws . replaced screws .,rocker covers; screws,missing,replaced
100850,"number 2 , 3 and 4 rocker covers leak . removed and replaced rocker cover gaskets .",rocker covers; rocker cover gaskets,leak,removed; replaced
100851,left-hand baffle outboard tie rod is broken . removed and replaced left-hand baffle tie rod .,baffle; tie rod; baffle tie rod,broken,removed; replaced
100852,"left-hand rear baffle mount is loose . secured hardware , baffle checks good for security .",baffle mount; hardware,loose,secured; baffle checks
100853,engine idles very irratically below 1150 rpm . tried making several idle mixture adjustments . replaced,engine,idles very irratically,tried making several idle mixture adjustments; replaced
100854,engine idles very irratically below 1150 rpm . replaced fuel pump . problem persisted,engine; fuel pump,idles very irratically,replaced
100855,engine idles very irratically below 1150 rpm . retimed both mags . began replacement of fuel injectors,engine; mags; fuel injectors,idles very irratically,retimed; began replacement
100856,"engine idles very irratically below 1150 rpm . started engine in hangar , operations check good at and below 100",engine,idles very irratically,started; operations check
100857,top center baffle screw is hitting mount . inspected and determined scratch was negligible . blended,center baffle screw,scratch; hitting,inspected
100858,right-hand engine number 2 and 3 intake gaskets are leaking . installed new gaskets .,engine; intake gaskets; gaskets,leaking,installed
100859,number 2 and 3 rocker cover gaskets leaking . removed and replaced number 2 and 3 rocker cover gaskets .,rocker cover gaskets,leaking,removed; replaced
100860,number 3 baffle is missing screw on bracket . installed new screw .,baffle; screw; bracket,missing,installed
100861,"number 2 , 3 and 4 rocker covers are leaking . removed and replaced rocker cover gaskets .",rocker covers; rocker cover gaskets,leaking,removed; replaced
100862,number 2 intake gasket leaks . removed and replaced intake gasket .,intake gasket,leaks,removed; replaced
100863,"number 1 , 3 , 4 rocker cover gaskets leaking . removed and replaced rocker cover gaskets .",rocker cover gaskets,leaking,removed; replaced
100864,intake tube number 2 leaking . removed and replaced intake gasket number 2 .,intake tube; intake gasket,leaking,removed; replaced
100865,"rear right-hand engine baffle bracket rivets loose . removed baffle , installed new bracket hardware . reinsta",engine; baffle bracket; rivets; baffle; bracket hardware,loose,removed; installed
100866,number 1 intake has evidence of leaking . replaced gasket .,intake; gasket,leaking,replaced
100867,number 4 intake gasket is leaking . replaced gasket .,intake gasket; gasket,leaking,replaced
100868,cylinder number 2 and 4 intakes are leaking . removed and replaced intake gaskets .,cylinder; intakes; intake gaskets,leaking,removed; replaced
100869,number 2 induction tube gasket leaking . installed new induction tube gasket .,induction tube gasket,leaking,installed
100870,number 2 and 1 rocker covers leaking . removed and replaced rocker cover gaskets with new .,rocker covers; rocker cover gaskets,leaking,removed; replaced
100871,right-hand baffle spring broken . removed and replaced baffle spring with new .,baffle spring,broken,removed; replaced
100872,right-hand aft baffle cracked . inspected and found crack to have been previously repaire,baffle,cracked; crack,inspected
100873,felt vibration like stuck valve in flight . started disassembly for valve reaming .,valve,stuck; vibration,started disassembly; reaming
100874,felt vibration like stuck valve in flight . finished disassembly and began reaming exhaust valves .,valve; exhaust valves,stuck; vibration,finished disassembly; began reaming
100875,felt vibration like stuck valve in flight . finished reaming all 4 exhaust valve guides . began reas,valve; exhaust valve guides,stuck; vibration,finished reaming
100876,"felt vibration like stuck valve in flight . completed assembly of baffles , clamps , fuel supply hose , oi",valve; baffles; clamps; fuel supply hose,stuck; vibration,completed assembly
100877,number 2 intake on right-hand engine leaking . replaced gasket .,intake; engine; gasket,leaking,replaced
100878,number 2 and 4 intakes leaking on left-hand engine . removed and replaced gaskets .,intakes; engine; gaskets,leaking,removed; replaced
100879,number 2 rocker cover leaking on right-hand engine . removed and replaced gasket .,rocker cover; engine; gasket,leaking,removed; replaced
100880,right-hand baffle spring broken . removed and replaced baffle spring with new .,baffle spring,broken,removed; replaced
100881,aft baffle bracket missing rivets . installed new rivets in bracket in accordance with structural r,baffle bracket; rivets; bracket,missing,installed
100882,left-hand engine cylinder number 2 intake is leaking . replaced intake gasket .,engine; cylinder; intake; intake gasket,leaking,replaced
100883,right-hand engine number 3 cylinder intake is leaking . replaced intake gasket .,engine; cylinder; intake; intake gasket,leaking,replaced
100884,left-hand engine number 4 intake tube gasket leaking . replaced intake gasket .,engine; intake tube gasket; intake gasket,leaking,replaced
100885,right-hand engine cylinder number 1 primer line sleeve is torn . replaced torn primer line sleeve .,engine; cylinder; primer line sleeve,torn,replaced
100886,right-hand engine number 2 intake is leaking . removed and replaced gasket .,engine; intake; gasket,leaking,removed; replaced
100887,left-hand engine number 2 intake is leaking . removed and replaced number 2 intake gasket .,engine; intake; intake gasket,leaking,removed; replaced
100888,right-hand engine baffle seal under propeller governor is loose . resecured baffle seal .,engine; baffle seal; propeller governor,loose,resecured
100889,left-hand engine number 2 rocker cover is leaking . removed and replaced left-hand engine number 2 rocker cover gasket .,engine; rocker cover; rocker cover gasket,leaking,removed; replaced
100890,"screw missing , left-hand aft baffling , on engine behind dipstick tub . installed screw .",screw; baffling; engine; dipstick tub,missing,installed
100891,number 2 egt read high 100 - 150 degrees above other cyls . removed obstruction from number 2 cylinder injector nozzle . reinst,cyls; obstruction; cylinder; injector nozzle,,removed
100892,"left-hand engine , left-hand magneto had drop of 300 rpm on run up . leane . ran up aircraft , leaned mixture to clear fouled plug . magneto dr",engine; magneto; aircraft; plug,fouled,ran up; leaned mixture
100893,"leaking intake gaskets , cylinder number 2 and 3 . removed and replaced intake gaskets .",intake gaskets; cylinder,leaking,removed; replaced
100894,number 2 and 1 rocker covers are leaking . removed and replaced rocker gaskets .,rocker covers; rocker gaskets,leaking,removed; replaced
100895,"right-hand engine , left-hand side forward cowl seal is loose . secured seal .",engine; cowl seal; seal,loose,secured
100896,left-hand engine number 3 and 4 rocker covers are leaking . removed and replaced left-hand engine number 3 and 4 rocker cover gasket,engine; rocker covers; rocker cover gasket,leaking,removed; replaced
100897,right-hand engine number 3 and 4 rocker covers are leaking . removed and replaced right-hand engine number 3 and 4 rocker cover gasket,engine; rocker covers; rocker cover gasket,leaking,removed; replaced
100898,cylinder number 2 and 4 intake gaskets leaking . removed and replaced gaskets .,cylinder; intake gaskets; gaskets,leaking,removed; replaced
100899,cylinder number 3 rocker cover gasket leaking . removed and replaced gasket .,cylinder; rocker cover gasket; gasket,leaking,removed; replaced
100900,number 1 and 2 rocker covers leaking . removed and replaced 1 and 2 rocker cover gaskets .,rocker covers; rocker cover gaskets,leaking,removed; replaced
100901,cylinder number 1 intake is leaking . replaced gasket .,cylinder; intake; gasket,leaking,replaced
100902,"right-hand forward baffle seal needs to be secured . replaced baffle seal , found unserviceable .",baffle seal,unserviceable,secured; replaced
100903,back left-hand baffle has a crack . stop drilled crack .,baffle,crack,stop drilled
100904,number 2 intake is leaking . removed and replaced intake gasket .,intake; intake gasket,leaking,removed; replaced
100905,number 2 rocker cover leaking . removed and replaced number 2 rocker cover gasket .,rocker cover; rocker cover gasket,leaking,removed; replaced
100906,number 4 intake leaking . removed and replaced number 4 intake gasket .,intake; intake gasket,leaking,removed; replaced
100907,number 4 rocker cover leaking . removed and replaced number 4 rocker cover gasket .,rocker cover; rocker cover gasket,leaking,removed; replaced
100908,test flight needed for unusual vibration . for test flight .,,vibration,test flight
100909,"test flight needed for unusual vibration . removed , cleaned and installed number 1 and 3 fuel injector nozzles .",fuel injector nozzles,vibration,test flight; removed; cleaned; installed
100910,"test flight needed for unusual vibration . removed spark plugs , leads , side baffles , lower couplin",spark plugs; baffles,vibration,test flight; removed
100911,"test flight needed for unusual vibration . removed , cleaned , reinstalled number 2 , 4 fuel injector nozzles . o",fuel injector nozzles,vibration,test flight; removed; cleaned; reinstalled
100912,cylinder number 2 intake is leaking . removed and replaced gasket with new .,cylinder; intake; gasket,leaking,removed; replaced
100913,"no compression on number 4 cylinder . ran up aircraft 2 nd time , compressions about 20 psi .",cylinder; aircraft,no compression,ran up
100914,no compression on number 4 cylinder . staked valves . compression rose to 76 / 80 after staking,cylinder; valves,no compression,staked
100915,cylinder number 1 exhaust valve is sticking 40 / 80 . attempted to stake valve but compression remains at 40 /,cylinder; exhaust valve; valve,sticking,attempted to stake
100916,"cylinder number 1 exhaust valve is sticking 40 / 80 . ran aircraft , compressions remains low . disassembled as requ",cylinder; exhaust valve; aircraft,low; sticking,ran; disassembled
100917,cylinder number 1 exhaust valve is sticking 40 / 80 . completed cylinder installation in accordance with lycoming overhaul m,cylinder; exhaust valve,sticking,installation
100918,"number 3 cylinder baffle bracket rivets are loose on back side of baffl . removed baffle , reinstalled bracket . reinstalled baffle",cylinder; baffle bracket; rivets; baffl; baffle; bracket,loose,removed; reinstalled
100919,cylinder number 3 rocker cover gasket leaking . removed and replaced rocker cover gasket . cleaned leaks .,cylinder; rocker cover gasket,leaking; leaks,removed; replaced; cleaned
100920,"front rubber baffle chafing on starter ground wire . removed rubber baffle , trimmed as necessary and reinstall",rubber baffle; starter ground wire,chafing,removed; trimmed; reinstall
100921,"overspeed of 3300 in flight . compressions : number 1 - 79 , number 2 - 74 , number 3 - 77 , number 4 - 73 . complied with requireme",,overspeed,compressions; complied
100922,"number 2 , 4 rocker cover gaskets leaking . removed and replaced number 2 , 4 rocker cover gaskets .",rocker cover gaskets,leaking,removed; replaced
100923,left-hand engine number 4 intake leaking . replaced gasket .,engine; intake; gasket,leaking,replaced
100924,left-hand engine number 4 rocker cover leaking . replaced gasket .,engine; rocker cover; gasket,leaking,replaced
100925,right-hand engine number 4 intake leaking . removed and replaced number 4 intake gasket on right-hand engine .,engine; intake; intake gasket,leaking,removed; replaced
100926,right-hand engine ignition lead lacing core broken to oil rigged li . removed damaged lacing cord .,engine; ignition lead lacing core; lacing cord,broken; damaged,removed
100927,cylinder number 2 intake is leaking . replaced intake gasket .,cylinder; intake; intake gasket,leaking,replaced
100928,cylinder number 2 intake gasket leaking . removed and replaced gasket with new .,cylinder; intake gasket; gasket,leaking,removed; replaced
100929,ring gear teeth appear to be damaged . dressed ring gear teeth .,ring gear teeth,damaged,dressed
100930,"cylinder number 4 , 1 rocker cover gasket leaking . removed and replaced cylinder number 1 , 4 rocker cover gaskets .",cylinder; rocker cover gasket; rocker cover gaskets,leaking,removed; replaced
100931,number 2 cylinder intake gasket leaking . removed and replaced gasket .,cylinder; intake gasket; gasket,leaking,removed; replaced
100932,rocker cover for cylinder number 2 is leaking . removed and replaced rocker cover gasket .,rocker cover; cylinder; rocker cover gasket,leaking,removed; replaced
100933,number 3 intake gasket leaking . removed and replaced number 3 intake gasket .,intake gasket,leaking,removed; replaced
100934,number 4 rocker cover gasket leaking . removed and replaced number 4 rocker cover gasket .,rocker cover gasket,leaking,removed; replaced
100935,"rear baffle mount screw is loose , behind dipstick tube . removed dipstick tube to gain access . removed screw , in",baffle mount screw; dipstick tube; screw,loose,removed
100936,number 2 cylinder rocker cover leaking . removed and replaced gasket .,cylinder; rocker cover; gasket,leaking,removed; replaced
100937,number 2 cylinder intake gasket leaking . removed and replaced gasket .,cylinder; intake gasket; gasket,leaking,removed; replaced
100938,number 3 rocker cover leaking . removed and replaced number 3 rocker cover gasket .,rocker cover; rocker cover gasket,leaking,removed; replaced
100939,front right-hand baffle seal is not attached . found seal torn . removed and replaced baffle seal .,baffle seal; seal,not attached; torn,removed; replaced
100940,"engine ran rough . after rpm ' s were stab . performed ground run , operations checked good . decowled , remov",engine,ran rough,ground run; operations checked; decowled
100941,engine ran rough . after rpm ' s were stab . removed and replaced number 4 piston and cylinder assembly in accordance with lycoming di,engine; piston; cylinder assembly,ran rough,removed; replaced
100942,"engine ran rough . after rpm ' s were stab . ran up aircraft , operations and leak check good .",engine; aircraft,ran rough,ran up; operations; leak check
100943,screw missing behind number 3 baffle . replaced screw .,screw; baffle,missing,replaced
100944,"number 2 , 4 intakes leaking . removed and replaced intake gaskets .",intakes; intake gaskets,leaking,removed; replaced
100945,forward right-hand baffle seal is torn . removed and replaced baffle seal .,baffle seal,torn,removed; replaced
100946,number 3 cylinder intake gasket is leaking . removed and replaced gasket .,cylinder; intake gasket; gasket,leaking,removed; replaced
100947,oil cooler stand offs need adjustment . adjusted oil cooler stand offs .,oil cooler stand offs,,adjustment; adjusted
100948,"engine left-hand side baffle , middle mount rivets are loose . replaced loose rivets .",engine; baffle; rivets,loose,replaced
100949,"left-hand aft baffle cracked past stop drill . stop drilled crack , crack was previously patched .",baffle,cracked; crack,stop drilled; patched
100950,"rocker cover gaskets number 2 , 3 leaking . removed and replaced rocker cover gaskets .",rocker cover gaskets,leaking,removed; replaced
100951,number 2 cylinder rocker cover gasket leaking . removed and replaced rocker cover gasket .,cylinder; rocker cover gasket,leaking,removed; replaced
100952,"full power only results in 2640 rpm on left-hand engine and 2600 rpm . ran up aircraft , could not duplicate discrepancy . no defects",engine; aircraft,,ran up
100953,left-hand engine cylinder number 4 intake is leaking . removed and replaced gasket .,engine; cylinder; intake; gasket,leaking,removed; replaced
100954,right-hand engine cylinder number 3 and 4 baffle seals need to be installed correct . reinstalled right-hand engine cylinder number 3 and 4 baffle seals properly .,engine; cylinder; baffle seals,,installed; reinstalled
100955,left-hand engine cylinder number 4 aft and number 2 side baffle seal needs to be reattac . reinstalled left-hand engine cylinder number 4 aft and 2 side baffle seals,engine; cylinder; baffle seal; baffle seals,,reattac; reinstalled
100956,number 2 rocker cover leaking . removed and replaced number 2 rocker cover gasket .,rocker cover; rocker cover gasket,leaking,removed; replaced
100957,aft right-hand baffle screw loose . resecured loose baffle screw . removed and replaced screw .,baffle screw; screw,loose,resecured; removed; replaced
100958,number 4 rocker cover screws loose . tightened all rocker cover screws .,rocker cover screws,loose,tightened
100959,number 2 intake gasket is leaking . removed and replaced gasket .,intake gasket; gasket,leaking,removed; replaced
100960,number 2 cylinder rocker cover is missing a screw . installed new screw .,cylinder; rocker cover; screw,missing,installed
100961,right-hand engine number 2 rocker cover leaking . replaced gasket .,engine; rocker cover; gasket,leaking,replaced
100962,left-hand engine number 4 rocker cover is leaking . replaced gasket .,engine; rocker cover; gasket,leaking,replaced
100963,"right-hand engine , number 2 and 3 intakes are leaking . replaced number 2 and 3 gaskets .",engine; intakes; gaskets,leaking,replaced
100964,left-hand engine number 3 and 4 intakes are leaking . replaced gaskets on number 3 and 4 intakes .,engine; intakes; gaskets,leaking,replaced
100965,right-hand engine outboard top center baffle seal is loose . tightened baffle seal with pop rivets .,engine; center baffle seal; baffle seal; pop rivets,loose,tightened
100966,"left-hand engine , number 4 cylinder side baffle seal is coming loose . resecured baffle seal .",engine; cylinder; baffle seal,loose; coming loose,resecured
100967,"right-hand engine , number 3 cylinder rocker cover gasket is leaking . removed and replaced gasket .",engine; cylinder; rocker cover gasket; gasket,leaking,removed; replaced
100968,"right-hand engine , number 3 cylinder intake gasket is leaking . removed and replaced intake gasket .",engine; cylinder; intake gasket,leaking,removed; replaced
100969,"right-hand engine number 3 cylinder side baffle , both bolts missing . installed new bolts and washers .",engine; cylinder; baffle; bolts; washers,missing,installed
100970,right-hand rear baffle mounting screw loose . removed and replaced screw .,baffle mounting screw; screw,loose,removed; replaced
100971,number 1 rocker cover leaking . removed and replaced number 1 rocker cover gasket .,rocker cover; rocker cover gasket,leaking,removed; replaced
100972,number 4 intake is leaking . removed and replaced gasket .,intake; gasket,leaking,removed; replaced
100973,number 2 rocker cover leaking . removed and replaced gasket .,rocker cover; gasket,leaking,removed; replaced
100974,left-hand outboard lower baffle tie rod broken . removed and replaced tie rod .,baffle tie rod; tie rod,broken,removed; replaced
100975,left-hand forward front baffle missing rubber plug . replaced missing plug .,baffle; rubber plug; plug,missing,replaced
100976,"mixture control not hitting full rich . adjusted mixture , operations check good .",mixture control,not hitting,adjusted; operations check
100977,number 1 intake tube gasket leaking . replaced number 1 intake gasket .,intake tube gasket; intake gasket,leaking,replaced
100978,"1 , 2 and 3 intakes leaking on left-hand engine . removed and replaced intake gaskets .",intakes; engine; intake gaskets,leaking,removed; replaced
100979,"right-hand engine baffle tie rod is loose , left-hand side . tightened baffle support rod .",engine; baffle tie rod; baffle support rod,loose,tightened
100980,"right-hand engine , cylinder number 2 , 3 , 4 intakes are leaking . removed and replaced intake gaskets .",engine; cylinder; intakes; intake gaskets,leaking,removed; replaced
100981,"right-hand engine cylinder number 2 , 3 , 4 rocker covers are leaking . replaced rocker cover gaskets .",engine; cylinder; rocker covers; rocker cover gaskets,leaking,replaced
100982,left-hand engine cylinder number 3 rocker cover is leaking . removed and replaced rocker cover gasket .,engine; cylinder; rocker cover; rocker cover gasket,leaking,removed; replaced
100983,"right-hand engine , cylinder number 3 intake gasket is leaking . removed and replaced intake gasket with new .",engine; cylinder; intake gasket,leaking,removed; replaced
100984,"left-hand engine , cylinder number 2 , 3 and 4 intake gaskets are leaking . removed and replaced intake gaskets .",engine; cylinder; intake gaskets,leaking,removed; replaced
100985,"left-hand engine , cylinder number 2 and 3 rocker cover gaskets are leaking . removed and replaced gaskets with new .",engine; cylinder; rocker cover gaskets; gaskets,leaking,removed; replaced
100986,right-hand engine cylinder number 2 and 3 rocker cover gaskets are leaking . removed and replaced rocker cover gaskets with new .,engine; cylinder; rocker cover gaskets,leaking,removed; replaced
100987,cylinder number 4 rocker cover gasket leaking . removed and replaced cylinder number 4 rocker cover gasket .,cylinder; rocker cover gasket,leaking,removed; replaced
100988,rocker cover gasket cylinder number 3 leaking . removed and replaced rocker cover gasket .,rocker cover gasket; cylinder,leaking,removed; replaced
100989,starter inoperable . removed and replaced starter,starter,inoperable,removed; replaced
100990,number 2 and 4 rocker cover gaskets leaking . removed and replaced gaskets with new .,rocker cover gaskets; gaskets,leaking,removed; replaced
100991,number 2 induction tube gasket leaking . installed new number 2 induction tube gasket .,induction tube gasket,leaking,installed
100992,"lowest part of engine , rubbing diagonal . insp , no defects found . engine is not rubbing on diagon",lowest part; engine,not rubbing; rubbing diagonal,insp
100993,number 4 rocker gasket is leaking . replaced gasket .,rocker gasket; gasket,leaking,replaced
100994,number 3 inner exhaust push rod seal is leaking . replaced seals and lock washer .,exhaust push rod seal; seals; lock washer,leaking,replaced
100995,"aircraft will not make power . ran aircraft , found aircraft ran normally . static 2340 at 12 . 1 ground pressure",aircraft,will not make power; ran normally,ran
100996,number 1 intake is leaking . removed and replaced gasket .,intake; gasket,leaking,removed; replaced
100997,number 4 intake gasket leaking . replaced gasket .,intake gasket; gasket,leaking,replaced
100998,"aircraft died during idle check . ran aircraft , attempted to adjust idle mixture to correct 30",aircraft,died,ran; attempted to adjust
100999,number 3 intake leaking . removed and replaced number 3 intake gasket .,intake; intake gasket,leaking,removed; replaced
101000,"left-hand engine , number 2 intake is leaking . removed and replaced intake gaskets .",engine; intake; intake gaskets,leaking,removed; replaced
101001,number 2 and 3 rocker covers on left-hand engine are leaking . removed and replaced gaskets .,rocker covers; engine; gaskets,leaking,removed; replaced
101002,"left-hand engine , left aft baffle bracket is cracked . removed and replaced bracket .",engine; baffle bracket; bracket,cracked,removed; replaced
101003,"right-hand engine , number 2 and 4 rocker covers are leaking . installed new rocker box cover gaskets .",engine; rocker covers; rocker box cover gaskets,leaking,installed
101004,rocker gaskets are leaking all 4 . removed and replaced all 4 rocker cover gaskets .,rocker gaskets; rocker cover gaskets,leaking,removed; replaced
101005,"left-hand engine , cylinder number 3 intake gasket leaking . removed and replaced left-hand engine number 3 intake gasket .",engine; cylinder; intake gasket,leaking,removed; replaced
101006,number 3 intake gasket on right-hand engine leaking . removed and replaced number 3 intake gasket on right-hand engine .,intake gasket; engine,leaking,removed; replaced
101007,"engine shutdown when throttle was pulled to idle . adjusted idle setting to 690 rpm , mixture idle check go",engine; throttle,shutdown,adjusted; mixture idle check
101008,number 2 intake is leaking . removed and replaced gasket .,intake; gasket,leaking,removed; replaced
101009,right-hand engine baffle plug broken . installed new baffle plug .,engine; baffle plug,broken,installed
101010,cylinder number 2 intake is leaking . replaced intake gasket .,cylinder; intake; intake gasket,leaking,replaced
101011,right-hand rear baffle mount screw is missing . installed new screw .,baffle mount screw; screw,missing,installed
101012,forward baffle is cracked under heat shroud air intake . stop drilled crack .,baffle; heat shroud air intake,cracked; crack,stop drilled
101013,number 4 rocker cover is leaking . removed and replaced rocker gasket .,rocker cover; rocker gasket,leaking,removed; replaced
101014,cylinder number 4 rocker cover gasket leaking . removed and replaced rocker cover gasket .,cylinder; rocker cover gasket,leaking,removed; replaced
101015,baffle plug is missing . installed new plug .,baffle plug; plug,missing,installed
101016,"while adjusting mixture , aircraft would start to quit at 1450 . performed engine run . could not duplicate . no defects n",aircraft; engine,would start to quit,run
101017,number 1 and 3 side baffle cracked . replaced baffle .,baffle,cracked,replaced
101018,baffle screw missing at front of number 2 cylinder . replaced screw and barrel nut .,baffle screw; cylinder; screw; barrel nut,missing,replaced
101019,number 2 intake gasket leaks . replaced gasket .,intake gasket; gasket,leaks,replaced
101020,cylinder number 2 intake is leaking . removed and replaced gasket .,cylinder; intake; gasket,leaking,removed; replaced
101021,number 2 and 4 intake gaskets are leaking . removed and replaced intake gaskets with new .,intake gaskets,leaking,removed; replaced
101022,number 4 intake is leaking . removed and replaced gasket .,intake; gasket,leaking,removed; replaced
101023,left-hand engine number 1 rocker cover has damage . removed cover,engine; rocker cover; cover,damage,removed
101024,"number 1 left-hand engine , rocker cover has damage . operations and leak check good .",engine; rocker cover,damage,operations; leak check
101025,"left-hand engine number 1 rocker cover has damage . removed cover from core engine , insp and found to be serv",engine; rocker cover; cover; core engine,damage,removed; insp; found
101026,"number 1 left-hand engine , rocker cover has damage . found part of valve tube keeper broken off and part missi",engine; rocker cover; valve tube,damage; broken,
101027,"number 1 left-hand engine , rocker cover has damage . retrieved missing piece of tube keeper , inspected rocke",engine; rocker cover; tube keeper; rocke,damage; missing,retrieved; inspected
101028,engine baffle plugs worn . removed and replaced baffle plugs .,engine; baffle plugs,worn,removed; replaced
101029,number 4 intake gasket is leaking . removed and replaced number 4 intake gasket .,intake gasket,leaking,removed; replaced
101030,left-hand baffle spring is broken . removed and replaced baffle spring with new .,baffle spring,broken,removed; replaced
101031,"aircraft requires run up . ran up aircraft , set mixture , operations check good on magneto drop .",aircraft,,run up; ran up; set mixture; operations check
101032,right-hand engine number 3 intake tube gasket leaking . installed new intake tube gasket .,engine; intake tube gasket,leaking,installed
101033,"rocker cover 2 , 3 and 4 leaking on left-hand engine . removed and replaced rocker cover gaskets 2 , 3 and 4 on left-hand",rocker cover; engine; rocker cover gaskets,leaking,removed; replaced
101034,cylinder number 1 baffle is cracked . stop drilled crack .,cylinder; baffle,cracked; crack,stop drilled
101035,baffle seal loose over cylinder number 3 . resecured baffle seal .,baffle seal; cylinder,loose,resecured
101036,forward baffle is cracked by muffler shroud opening . fabricated patch out of like material and installed . rive,baffle; muffler shroud opening; patch; like material,cracked,fabricated; installed
101037,left engine backfired when brought to 1800 rpm . right magneto drop . pulled top and bottom plugs noting no significant oil or,engine; magneto; plugs,backfired; backfired when,pulled
101038,left engine backfired when brought to 1800 rpm . right magneto drop . serviced left engine with 8 quarts mineral oil . performed groun,engine; mineral oil,backfired; backfired when,serviced
101039,left engine backfired when brought to 1800 rpm . right magneto drop . inspected rocker box noting no discrepancies . cleaned and,engine; magneto; rocker box,backfired; backfired when,inspected; cleaned
101040,left engine backfired when brought to 1800 rpm . right magneto drop . ran left engine noting no number 4 egt and significant vibratio,engine; egt,no; backfired; backfired when; significant vibratio,ran
101041,"left engine backfired when brought to 1800 rpm . right magneto drop . removed number 4 cylinder assembly , installed serviceable cylinder assembly . dr",engine; cylinder assembly,backfired; backfired when,removed; installed
101042,mixture control not hitting full rich . adjusted mixture cable rigging . checks good .,mixture control; mixture cable rigging,not hitting,adjusted; checks
101043,number 2 intake is leaking . removed and replaced intake gasket .,intake; intake gasket,leaking,removed; replaced
101044,cylinder number 2 rocker cover gasket leaking . removed and replaced rocker cover gasket .,cylinder; rocker cover gasket,leaking,removed; replaced
101045,number 2 rocker cover gasket leaking . replaced number 2 rocker cover gasket .,rocker cover gasket,leaking,replaced
101046,"right-hand engine vibration with increasing power , no egt indictaed on number 3 c . removed right-hand number 3 cylinder , installed repaired cylinder assembly . dry ta",engine; cylinder; cylinder assembly,no egt indictaed; vibration,removed; installed
101047,number 2 intake leaking . removed and replaced number 2 intake gasket .,intake; intake gasket,leaking,removed; replaced
101048,right-hand rear engine baffle screw missing . installed new baffle screw .,engine; baffle screw,missing,installed
101049,number 2 intake is leaking . removed and replaced gasket .,intake; gasket,leaking,removed; replaced
101050,number 2 intake inboard bolt hole has damaged threads . repaired threads with tap .,intake; bolt hole; threads,damaged,repaired
101051,number 2 and 4 rocker gaskets are leaking . installed new rocker box cover gaskets .,rocker gaskets; rocker box cover gaskets,leaking,installed
101052,number 4 rocker cover gasket leaking . removed and replaced gasket .,rocker cover gasket; gasket,leaking,removed; replaced
101053,right-hand engine oil cooler baffle cracked . leak check good .,engine; oil cooler; baffle,cracked,leak check
101054,left-hand engine number 2 rocker cover is leaking . removed and replaced rocker gasket .,engine; rocker cover; rocker gasket,leaking,removed; replaced
101055,left-hand and right-hand oil dipstick tubes are loose . secured and safetied dipstick tubes .,oil dipstick tubes; dipstick tubes,loose,secured; safetied
101056,left-hand engine number 4 baffle has a cracked reinforcing brace . removed and replaced brace .,engine; baffle; reinforcing brace; brace,cracked,removed; replaced
101057,right-hand engine number 1 forward baffle is missing a bolt . installed bolt and self locking star washer .,engine; baffle; bolt; star washer,missing,installed; self locking
101058,right-hand engine oil cooler baffle cracked . removed cables and lines to remove baffle assembly . installed,engine; oil cooler; baffle; cables; lines; baffle assembly,cracked,removed; remove; installed
101059,"forward baffle under heat shroud intake is cracked . stop drilled crack , fabricated patch out of like materi",baffle; heat shroud intake; patch; like materi,cracked; crack,stop drilled; fabricated
101060,engine baffle plugs tangs broken . installed new engine baffle plugs .,engine; baffle plugs; baffle plugs tangs; tangs,broken,installed
101061,number 4 cylinder intake gasket is leaking . removed and replaced gasket .,cylinder; intake gasket; gasket,leaking,removed; replaced
101062,oil sump screen damaged . removed and replaced oil sump screen .,oil sump screen,damaged,removed; replaced
101063,"forward baffle , directly below alternator mount is cracked . stop drilled crack .",baffle; alternator mount,cracked; crack,stop drilled
101064,"right-hand baffle is cracked . stop drilled crack , fabricated patch and installed .",baffle; patch,cracked; crack,stop drilled; fabricated; installed
101065,right-hand engine number 2 cylinder rocker cover gasket is leaking . replaced gasket .,engine; cylinder; rocker cover gasket; gasket,leaking,replaced
101066,number 3 intake leaking on right-hand engine . removed and replaced number 3 intake gasket on right-hand engine .,intake; engine; intake gasket,leaking,removed; replaced
101067,right-hand rear engine baffle rivet broken . installed new rivets in accordance with,engine; baffle rivet; rivets,broken,installed
101068,number 4 cylinder aft baffle has 2 rivets sheared . removed rivets and installed screws and nuts . tightened .,cylinder; baffle; rivets; screws; nuts,sheared,removed; installed; tightened
101069,oil filler tube loose . tightened oil filler tube and resafetied .,oil filler tube,loose,tightened; resafetied
101070,corner patch on left-hand rear engine baffle cracked . fabricated and installed new patch .,corner patch; engine; baffle; patch,cracked,fabricated; installed
101071,alternator belt loose . tightened and safetied alternator bracket bolts . tension,alternator belt; alternator; bracket bolts,loose,tightened; safetied
101072,number 4 intake is leaking . removed and replaced gaskets .,intake; gaskets,leaking,removed; replaced
101073,spark plug baffle hole plugs are worn . removed and replaced plugs .,spark plug; baffle hole plugs; plugs,worn,removed; replaced
101074,baffle spark plug hole covers are worn . removed and replaced covers .,baffle spark plug hole covers; covers,worn,removed; replaced
101075,cylinder number 1 and 3 intakes are leaking . removed and replaced cylinder number 1 and 3 intake gaskets .,cylinder; intakes; intake gaskets,leaking,removed; replaced
101076,cylinder number 2 rocker cover gasket is leaking . removed and replaced cylinder number 2 rocker cover gasket .,cylinder; rocker cover gasket,leaking,removed; replaced
101077,right engine number 4 intake is leaking . removed and replaced intake gasket .,engine; intake; intake gasket,leaking,removed; replaced
101078,"propeller rpm reached 2720 , noticed and reduced it . complied with , no defects noted . no further action requir",propeller,,complied
101079,"on descent , exceeded max rpm , went up to 2800 . complied with , no defects noted . no further action requir",,exceeded,complied
101080,left-hand side baffle cracked in 2 places . removed and replaced baffle .,baffle,cracked,removed; replaced
101081,"idle override speed was 1300 . ran aircraft , adjusted idle speed . checks good .",aircraft,,ran; adjusted; checks
101082,"left-hand engine , number 4 intake leaking . removed and replaced gasket .",engine; intake; gasket,leaking,removed; replaced
101083,"right-hand engine number 4 cylinder compression check low . staked number 4 exhaust valve , compression",engine; cylinder; exhaust valve,low,compression check; staked
101084,right-hand all rocker covers leaking . removed and replaced all rocker cover gaskets .,rocker covers; rocker cover gaskets,leaking,removed; replaced
101085,"left-hand engine , cylinder 1 and 3 rocker covers are leaking . replaced rocker cover gaskets .",engine; cylinder; rocker covers; rocker cover gaskets,leaking,replaced
101086,right-hand engine cylinder number 3 intake is leaking . removed and replaced gasket . secured primer line .,engine; cylinder; intake; gasket; primer line,leaking,removed; replaced; secured
101087,sniffler valves are dirty . cleaned sniffler valves .,sniffler valves,dirty,cleaned
101088,number 3 cylinder aft baffle inner most baffle seal rivet is pulled throttle . refastened baffle .,cylinder; baffle inner; baffle seal rivet; throttle; baffle,,refastened
101089,number 4 intake is leaking . removed and replaced intake gasket with new .,intake; intake gasket,leaking,removed; replaced
101090,"after performing simulated engine failure , smoothly applied . ran up aircraft engine . engine runs smooth . magneto drops , idle",aircraft; engine,,applied; ran up
101091,cylinder number 4 rocker cover gasket is leaking . replaced gasket .,cylinder; rocker cover gasket; gasket,leaking,replaced
101092,cylinder number 2 intake gasket is leaking . removed and replaced cylinder number 2 intake gasket .,cylinder; intake gasket,leaking,removed; replaced
101093,"cylinder number 4 compression is 30 / 80 . staked exhaust valve , comp check . checked good .",cylinder; exhaust valve,,staked; comp check; checked
101094,experienced partial power loss during climb . for billing purposes only,,partial power loss,
101095,experienced partial power loss during climb . ground run and static full rpm checked 2300 - 2330 rpm . fahrenheit,,partial power loss,ground run; checked
101096,cylinder number 1 rocker cover gasket leaking . removed and replaced rocker cover gasket .,cylinder; rocker cover gasket,leaking,removed; replaced
101097,number 2 intake is leaking . removed and replaced gasket .,intake; gasket,leaking,removed; replaced
101098,baffle plugs are worn . removed and replaced plugs .,baffle plugs; plugs,worn,removed; replaced
101099,number 4 rocker cover is leaking . removed and replaced rocker cover gasket .,rocker cover; rocker cover gasket,leaking,removed; replaced
101100,"oil leak evidence on right-hand side of engine . ran aircraft , found number 3 cylinder exhaust valve push rod tube",oil; engine; aircraft; cylinder; exhaust valve; push rod tube,leak,ran
101101,"oil leak evidence on right-hand side of engine . washed engine , found cylinder oil return line clamps lo",oil; engine; cylinder; oil return line; clamps,leak,washed
101102,forward right-hand baffle seal needs to be reattached . removed and replaced baffle seal .,baffle seal,,reattached; removed; replaced
101103,"right-hand rear baffle bracket rivets sheared . removed baffle , reattached aft bracket . reinstalled baf",baffle bracket; rivets; baffle; bracket; baf,sheared,removed; reattached; reinstalled
101104,"intake gasket , cylinder number 4 , leaking . removed and replaced gasket .",intake gasket; cylinder; gasket,leaking,removed; replaced
101105,"left-hand engine , left-hand aft engine baffle chafed on cylinder . removed and replaced left-hand engine cylinder number 4 aft baffle .",engine; baffle; cylinder,chafed,removed; replaced
101106,engine baffle snap plug tab broken off . installed new engine baffle plugs .,engine; baffle snap plug; tab; baffle plugs,broken; broken off,installed
101107,number 1 rocker cover leaking . removed and replaced number 1 rocker cover gasket .,rocker cover; rocker cover gasket,leaking,removed; replaced
101108,left-hand engine number 3 and 4 rocker cover gaskets leaking . removed and replaced rocker gaskets with new .,engine; rocker cover gaskets; rocker gaskets,leaking,removed; replaced
101109,"right-hand engine cylinder number 3 intake gasket leaking . removed and replaced cylinder number 3 intake gasket , right-hand engine .",engine; cylinder; intake gasket,leaking,removed; replaced
101110,"rocker cover gaskets number 1 , 2 , 4 on right-hand engine leaking . removed and replaced right-hand engine rocker cover gaskets .",rocker cover gaskets; engine,leaking,removed; replaced
101111,number 3 intake leaking on left-hand engine . removed and replaced intake gasket .,intake; engine; intake gasket,leaking,removed; replaced
101112,left-hand engine number 2 intake leaks . replaced gasket .,engine; intake; gasket,leaks,replaced
101113,right-hand engine cylinder number 4 rocker cover gasket leaking . removed and replaced gasket .,engine; cylinder; rocker cover gasket; gasket,leaking,removed; replaced
101114,engine rpm reached 2760 for approximately 2 seconds . complied with lycoming no defects noted . no further acti,engine,,complied
101115,cylinder number 2 intake is leaking . replaced intake gaskets .,cylinder; intake; intake gaskets,leaking,replaced
101116,"left-hand engine , number 4 induction tube gasket leaking . removed and replaced intake gasket .",engine; induction tube gasket; intake gasket,leaking,removed; replaced
101117,right-hand engine number 3 cylinder intake gasket leaks . removed and replaced number 3 cylinder intake gasket .,engine; cylinder; intake gasket,leaks,removed; replaced
101118,left-hand engine number 2 intake gasket leaking . removed and replaced intake gasket with new .,engine; intake gasket,leaking,removed; replaced
101119,idle mixture needs adjustment . rerigged mixture arm in accordance with hmi .,mixture arm,,rerigged
101120,idle mixture needs adjustment . removed mixture arm and reindexed again . aircraft was started,mixture arm; aircraft,,removed; reindexed; started
101121,"idle mixture needs adjustment . reindexed mixture control . ran up aircraft , mixture rise sti",aircraft,,ran up
101122,"idle mixture needs adjustment . aircraft was ground ran by pilot , idle mixture and speed now c",aircraft,,ground ran
101123,"idle mixture needs adjustment . aircraft / was started , but would only run a few seconds . all",aircraft,,started
101124,cylinder number 2 intake pipe gasket leaking . removed and replaced intake gasket .,cylinder; intake pipe gasket; intake gasket,leaking,removed; replaced
101125,number 2 rocker cover leaking . removed and replaced number 2 rocker cover gasket .,rocker cover; rocker cover gasket,leaking,removed; replaced
101126,number 2 intake leaking . replaced gasket .,intake; gasket,leaking,replaced
101127,number 4 intake leaking . replaced gasket .,intake; gasket,leaking,replaced
101128,number 3 intake leaking on right-hand engine . replaced gasket .,intake; engine; gasket,leaking,replaced
101129,"number 3 intake leaking on left-hand engine . removed and replaced intake gasket , cylinder number 3 .",intake; engine; intake gasket; cylinder,leaking,removed; replaced
101130,number 2 and 3 rocker cover leaking on left-hand engine . removed and replaced rocker cover gaskets .,rocker cover; engine; rocker cover gaskets,leaking,removed; replaced
101131,"number 2 and 3 rocker cover gaskets leaking on right-hand engine . replaced number 2 and 3 rocker cover gaskets , right-hand .",rocker cover gaskets; engine,leaking,replaced
101132,"worn out thrust button , rocker shaft cylinder number 3 , left-hand engine . removed and replaced thrust buttons on cylinder number 3 .",thrust button; rocker shaft cylinder; engine; thrust buttons; cylinder,worn,removed; replaced
101133,cylinder number 1 rocker cover gasket is leaking . removed and replaced rocker cover gasket .,cylinder; rocker cover gasket,leaking,removed; replaced
101134,cylinder number 2 intake gasket is leaking . removed and replaced gasket .,cylinder; intake gasket; gasket,leaking,removed; replaced
101135,"left-hand engine number 1 , 2 and 4 intakes leaking . removed and replaced number 1 and 2 gaskets .",engine; intakes; gaskets,leaking,removed; replaced
101136,right-hand engine number 2 cylinder compression is low . installed rocker cover and gasket .,engine; cylinder; rocker cover; gasket,low,installed
101137,"left-hand engine number 1 , 2 and 4 intakes leaking . removed and replaced cylinder number 4 intake gasket .",engine; intakes; cylinder; intake gasket,leaking,removed; replaced
101138,right-hand engine number 2 cylinder compression is low . staked exhaust valve . pressure came up to 65 / 80 psi .,engine; cylinder; exhaust valve,low,staked
101139,number 2 forward baffle cracked . stop drilled crack .,baffle,cracked; crack,stop drilled
101140,number 4 rocker box cover gasket leaking . installed number 4 rocker box cover gasket .,rocker box cover gasket,leaking,installed
101141,baffle cracked aft of number 4 cylinder . fabricated patch and doubler of like material .,baffle; cylinder; patch; doubler; like material,cracked,fabricated
101142,baffle cracked aft of number 4 cylinder . installed patch and doubler in accordance with,baffle; cylinder; patch; doubler,cracked,installed
101143,back left-hand baffle is cracked . stop drilled crack .,baffle,cracked; crack,stop drilled
101144,number 4 intake is leaking . removed and replaced cylinder number 4 intake gasket .,intake; cylinder; intake gasket,leaking,removed; replaced
101145,left-hand baffle plug needs to be replaced . removed and replaced baffle plug .,baffle plug,,replaced; removed
101146,right-hand baffle spark plug access button worn . removed and replaced baffle button .,baffle spark plug; access button; baffle button,worn,removed; replaced
101147,rocker cover gasket cylinder number 2 and 3 leaking . replaced both rocker cover gaskets .,rocker cover gasket; cylinder; rocker cover gaskets,leaking,replaced
101148,"cylinder number 3 aft baffle screw loose . removed dipstick housing , removed oil cooler from baffl",cylinder; baffle screw; dipstick housing; oil cooler,loose,removed
101149,cylinder number 4 rocker cover is leaking . replaced rocker cover gasket .,cylinder; rocker cover; rocker cover gasket,leaking,replaced
101150,"dipstick tube loose . tightened dipstick tube , resafetied .",dipstick tube,loose,tightened; resafetied
101151,right-hand side baffle is missing a screw . installed new screw on baffle .,baffle; screw,missing,installed
101152,number 2 rocker cover is leaking . removed and replaced rocker cover gasket .,rocker cover; rocker cover gasket,leaking,removed; replaced
101153,right-hand back baffle bracket rivet head is missing . removed back baffle to gain access . removed rivets and re,baffle bracket; rivet head; baffle; rivets,missing,removed
101154,number 3 cylinder rocker cover gasket is leaking . removed gasket . during installation tore new gasket . re,cylinder; rocker cover gasket; gasket,tore; leaking,removed
101155,"1 , 2 , and 4 rocker covers are leaking . removed and replaced rocker gaskets .",rocker covers; rocker gaskets,leaking,removed; replaced
101156,both spark plug baffle plugs are worn . removed and replaced spark plug baffle plugs .,spark plug; baffle plugs; spark plug baffle plugs,worn,removed; replaced
101157,number 3 intake leaking on right-hand engine . removed and replaced number 3 intake gasket on right-hand engine .,intake; engine; intake gasket,leaking,removed; replaced
101158,number 4 intake leaking on left-hand engine . removed and replaced number 4 intake gasket on left-hand engine .,intake; engine; intake gasket,leaking,removed; replaced
101159,left-hand inner baffle spring is broken . removed and replaced baffle spring with new .,inner baffle spring; baffle spring,broken,removed; replaced
101160,"left-hand baffle requires patch . fabricated patch of like material , riveted and installed",baffle; patch; like material,,fabricated; riveted; installed
101161,"aft alternator mounting bolt eating into scroll mount . inspected mount , no defects noted .",alternator; mounting bolt; scroll mount,eating into,inspected
101162,excessive end play at throttle cable attachment . inspected throttle cable attachment . no defects noted .,throttle cable attachment,excessive end play,inspected
101163,number 1 intake is leaking . removed and replaced gasket .,intake; gasket,leaking,removed; replaced
101164,number 2 and 4 rocker covers are leaking . removed and replaced gaskets .,rocker covers; gaskets,leaking,removed; replaced
101165,cylinder number 2 rocker cover leaking . removed and replaced cylinder number 2 rocker cover gasket .,cylinder; rocker cover; rocker cover gasket,leaking,removed; replaced
101166,number 3 induction tube gasket leaking . installed new induction tube gasket .,induction tube gasket,leaking,installed
101167,number 2 induction tube gasket leaking . installed new induction tube gasket,induction tube gasket,leaking,installed
101168,number 1 intake leaking on left-hand engine . removed and replaced intake gasket .,intake; engine; intake gasket,leaking,removed; replaced
101169,number 1 and 2 intakes leaking on right-hand engine . removed and replaced intake gaskets .,intakes; engine; intake gaskets,leaking,removed; replaced
101170,number 2 induction tube gasket leaking . installed new induction tube gasket .,induction tube gasket,leaking,installed
101171,number 2 and 4 baffle outer tie and spring broken . installed new outer baffle tie .,baffle outer tie; spring; outer baffle tie,broken,installed
101172,number 2 and 4 baffle inner tie and spring out of place . reinstalled baffle tie in correct position .,baffle inner tie; spring; baffle tie,out of place,reinstalled
101173,number 2 rocker cover leaking . removed and replaced number 2 rocker cover gasket .,rocker cover; rocker cover gasket,leaking,removed; replaced
101174,"oil leak from left-hand engine . ran aircraft , leak check good .",oil; engine; aircraft,leak,ran; leak check
101175,oil leak from left-hand engine . tightened top bolts on top of case . washed engine .,oil; engine; bolts; case,leak,tightened; washed
101176,number 2 rocker cover is leaking on left-hand engine . removed and replaced rocker cover gasket .,rocker cover; engine; rocker cover gasket,leaking,removed; replaced
101177,number 2 rocker cover is leaking on right-hand engine . removed and replaced rocker cover gasket .,rocker cover; engine; rocker cover gasket,leaking,removed; replaced
101178,number 2 rocker cover thrust button on right-hand engine is broken . removed and replaced thrust button .,rocker cover thrust button; engine; thrust button,broken,removed; replaced
101179,number 2 rocker cover thrust buttons on left-hand engine are broken . removed and replaced thrust buttons .,rocker cover thrust buttons; engine; thrust buttons,broken,removed; replaced
101180,cylinder number 3 baffle screw secured to crankcase missing . installed new screw .,cylinder; baffle screw; crankcase; screw,missing,secured; installed
101181,rocker cover gasket cylinder number 3 leaking . removed and replaced number 2 rocker cover gasket .,rocker cover gasket; cylinder,leaking,removed; replaced
101182,baffle support on aft copilot side engine baffle loose . removed copilot side aft engine baffle . resecured baffl,baffle support; engine; baffle; copilot,loose,removed; resecured
101183,"after completing steep spirals at power idle , smoothly appli . maintenance flight is required",,,maintenance flight
101184,"after completing steep spirals at power idle , smoothly appli . performed ground run of aircraft , unable to duplicate discre",aircraft,,ground run
101185,right-hand engine number 3 cylinder loose baffle rubbing on oil return line cy . adjusted baffle support rod . tightened lock nuts after,engine; cylinder; baffle; oil return line; baffle support rod; lock nuts,loose; rubbing,adjusted; tightened
101186,cylinder number 2 intake is leaking . replaced intake gasket .,cylinder; intake; intake gasket,leaking,replaced
101187,right-hand engine number 3 intake is leaking . replaced with new gasket .,engine; intake; gasket,leaking,replaced
101188,"right-hand engine , left-hand forward baffle seal is gone . installed new baffle seal .",engine; baffle seal,gone,installed
101189,left-hand side baffle is cracked . replaced left-hand side baffle with serviceable part .,baffle; serviceable part,cracked,replaced
101190,plugs for engine baffling worn . replaced both plugs .,plugs; engine; baffling,worn,replaced
101191,"number 3 and 4 rocker covers leaking . removed and replaced number 3 rocker cover gasket , tightened sc",rocker covers; rocker cover gasket,leaking,removed; replaced; tightened
101192,right-hand engine number 2 baffle is missing a bolt . installed new screw .,engine; baffle; bolt; screw,missing,installed
101193,right-hand number 4 aft baffle cracked . stop drilled crack .,baffle,cracked; crack,stop drilled
101194,rocker box cover screws loose . retorqued screws .,rocker box cover screws; screws,loose,
101195,side baffle plugs have many missing fingers . removed and replaced plugs .,baffle plugs; fingers; plugs,missing,removed; replaced
101196,number 2 rocker cover is leaking . removed and replaced gasket .,rocker cover; gasket,leaking,removed; replaced
101197,"baffle screw , behind dipstick , is loose . removed dipstick , installed new screw . reinstalled dips",baffle screw; dipstick; screw; dips,loose,removed; installed; reinstalled
101198,number 2 and 4 cylinder rocker cover gaskets are leaking on right-hand engine . removed and replaced number 2 and 4 cylinder rocker cover gaskets on r,cylinder; rocker cover gaskets; engine,leaking,removed; replaced
101199,number 2 rocker cover leaking . removed and replaced rocker cover gasket .,rocker cover; rocker cover gasket,leaking,removed; replaced
101200,left-hand engine baffle seal above number 4 cylinder is torn . installed new seal .,engine; baffle seal; cylinder; seal,torn,installed
101201,"rocker cover gasket cylinder number 2 , right-hand engine , leaking . removed and replaced gasket .",rocker cover gasket; rocker cover gasket cylinder; cylinder; engine; gasket,leaking,removed; replaced
101202,"intake gasket cylinder number 3 , right-hand engine , leaking . removed and replaced intake gasket .",intake gasket; intake gasket cylinder; cylinder; engine,leaking,removed; replaced
101203,"cylinder number 3 , 4 rocker cover gaskets leaking on left-hand engine . removed and replaced rocker cover gaskets .",cylinder; rocker cover gaskets; engine,leaking,removed; replaced
101204,cylinder number 3 aft upper baffle seal is loose . resecured baffle seal .,cylinder; upper baffle seal; baffle seal,loose,resecured
101205,both baffle plugs are missing too many tabs . installed baffle plugs .,baffle plugs; tabs,missing,installed
101206,number 4 intake gasket leaking . replaced with new gasket .,intake gasket; gasket,leaking,replaced
101207,number 4 rocker cover gasket leaking . replaced with new gasket .,rocker cover gasket; gasket,leaking,replaced
101208,side baffle plugs are missing fingers . replaced with new plugs .,baffle plugs; fingers; plugs,missing,replaced
101209,number 2 and 4 rocker cover gaskets are leaking . removed and replaced rocker cover gaskets .,rocker cover gaskets,leaking,removed; replaced
101210,"left-hand number 1 , 2 and 3 rocker gaskets are leaking . replaced rocker gaskets .",rocker gaskets,leaking,replaced
101211,left-hand number 4 intake gasket leaking . removed and replaced number 4 intake gasket .,intake gasket,leaking,removed; replaced
101212,left-hand number 3 cylinder rocker shaft thrust buttons deteriorated . replaced buttons .,cylinder; rocker shaft thrust buttons; buttons,deteriorated,replaced
101213,"right-hand engine , right-hand rear engine baffle seal loose . reattached right-hand rear baffle .",engine; baffle seal; baffle,loose,reattached
101214,number 4 intake is leaking . removed and replaced gasket .,intake; gasket,leaking,removed; replaced
101215,number 3 rocker cover leaking . removed and replaced number 3 rocker gasket .,rocker cover; rocker gasket,leaking,removed; replaced
101216,number 2 and 4 rocker cover leaking . removed and replaced number 2 and 4 rocker cover gaskets .,rocker cover; rocker cover gaskets,leaking,removed; replaced
101217,rivets missing on engine data plate . installed rivets .,rivets; engine; data plate,missing,installed
101218,number 3 and 4 intakes leaking on left-hand engine . replaced gaskets .,intakes; engine; gaskets,leaking,replaced
101219,number 2 and 3 intakes leaking on right-hand engine . replaced gaskets on 2 and 3 .,intakes; engine; gaskets,leaking,replaced
101220,number 2 rocker cover leaking on right-hand engine . removed and replaced rocker cover gasket .,rocker cover; engine; rocker cover gasket,leaking,removed; replaced
101221,"number 2 , 3 and 4 rocker covers leaking on left-hand engine . removed and replaced rocker cover gaskets .",rocker covers; engine; rocker cover gaskets,leaking,removed; replaced
101222,rocker cover gasket cylinder number 2 leaking . removed and replaced rocker cover gasket .,rocker cover gasket; cylinder,leaking,removed; replaced
101223,number 2 and 4 rocker covers leaking on right-hand engine . tightened all rocker covers .,rocker covers; engine,leaking,tightened
101224,"crack on engine baffle , left side , by number 3 cylinder . installed baffle .",engine; baffle; cylinder,crack,installed
101225,"crack on engine baffle , left side , by number 3 cylinder . removed baffle , fabricated patch of like material , rive",engine; baffle; cylinder; patch; like material,crack,removed; fabricated
101226,left-hand baffle seal requires replacement . removed and replaced baffle seal with new .,baffle seal,,replacement; removed; replaced
101227,right-hand engine number 4 rocker cover leaks . removed and replaced right-hand engine number 4 rocker cover gasket .,engine; rocker cover; rocker cover gasket,leaks,removed; replaced
101228,right-hand engine number 1 and 4 intakes are leaking . removed and replaced right-hand engine number 1 and 4 intake gaskets .,engine; intakes; intake gaskets,leaking,removed; replaced
101229,left-hand engine cylinder number 3 rocker gasket is leaking . removed and replaced left-hand engine number 3 rocker cover gasket .,engine; cylinder; rocker gasket; rocker cover gasket,leaking,removed; replaced
101230,right-hand engine number 2 and 3 rocker covers are leaking . removed and replaced right-hand engine number 2 and 3 rocker cover gasket,engine; rocker covers; rocker cover gasket,leaking,removed; replaced
101231,right-hand engine number 4 cylinder has low compression 20 / 80 psi . compression 20 / 80 . staked exhaust valve with no affect . c,engine; cylinder; exhaust valve,low,staked
101232,right-hand engine number 4 cylinder has low compression 20 / 80 psi . removed and replaced number 4 cylinder in accordance with direct drive overhau,engine; cylinder,low,removed; replaced
101233,right-hand number 3 aft baffle seal is loose . resecured baffle seal .,baffle seal,loose,resecured
101234,left-hand number 2 intake gasket is leaking . removed and replaced gasket .,intake gasket; gasket,leaking,removed; replaced
101235,left-hand engine outboard baffle tie rod broken . replaced baffle tie rod .,engine; baffle tie rod,broken,replaced
101236,"number 4 intake gasket leaking , right-hand engine . removed and replaced gasket .",intake gasket; engine; gasket,leaking,removed; replaced
101237,right-hand number 2 side baffle seal is loose . removed and replaced baffle seal .,baffle seal,loose,removed; replaced
101238,number 2 and 4 intakes are leaking . removed and replaced intake gaskets .,intakes; intake gaskets,leaking,removed; replaced
101239,engine baffle cylinder number 3 mount bracket sheared rivet . removed and replaced rivets by removing baffle and reinstal,engine; baffle cylinder; mount bracket; rivet; rivets; baffle,sheared,removed; replaced; removing
101240,left-hand baffle plug hole is too large . installed baffle patch made out of like material .,baffle plug hole; baffle patch; like material,too large,installed
101241,number 3 and 4 intake leaking . removed and replaced gaskets .,intake; gaskets,leaking,removed; replaced
101242,"number 2 , 3 and 4 rocker covers leaking . removed and replaced gaskets .",rocker covers; gaskets,leaking,removed; replaced
101243,rivet sheared at right-hand aft baffle . removed baffle from aircraft . removed and replaced damaged riv,rivet; baffle; aircraft; riv,sheared; damaged,removed; replaced
101244,right-hand engine oil return lines are leaking . leak check good .,engine; oil return lines,leaking,leak check
101245,right-hand engine oil return lines are leaking . tightened clamps .,engine; oil return lines; clamps,leaking,tightened
101246,right-hand engine number 3 intake is leaking . removed and replaced gasket .,engine; intake; gasket,leaking,removed; replaced
101247,left-hand engine number 4 intake is leaking . removed and replaced gasket with new .,engine; intake; gasket,leaking,removed; replaced
101248,left-hand engine number 3 rocker cover is leaking . removed and replaced gasket with new .,engine; rocker cover; gasket,leaking,removed; replaced
101249,right-hand engine number 2 and 3 rocker covers are leaking . removed and replaced gaskets .,engine; rocker covers; gaskets,leaking,removed; replaced
101250,number 3 rocker cover is leaking . removed and replaced gasket .,rocker cover; gasket,leaking,removed; replaced
101251,number 3 intake is leaking . removed and replaced intake gasket with new .,intake; intake gasket,leaking,removed; replaced
101252,cylinder number 1 rocker cover gasket leaking . removed and replaced rocker cover gasket .,cylinder; rocker cover gasket,leaking,removed; replaced
101253,left-hand button plug is worn . removed and replaced button plug with new .,button plug,worn,removed; replaced
101254,"while taxiing , engine coughed and sputtered anytime rpms were b . engine ran smooth at different settings .",engine,coughed; sputtered,
101255,"while taxiing , engine coughed and sputtered anytime rpms were b . ran engine . noted discrepancy , rough engine below 1000",engine,coughed; sputtered; rough,ran
101256,cylinder number 2 intake pipe gasket leaking . removed and replaced intake gasket .,cylinder; intake pipe gasket; intake gasket,leaking,removed; replaced
101257,number 2 cylinder rocker cover gasket leaking . removed and replaced rocker gasket with new .,cylinder; rocker cover gasket; rocker gasket,leaking,removed; replaced
101258,right-hand engine oil cooler baffle cracked . replaced cracked baffle with serviceable baffle .,engine; oil cooler; baffle,cracked,replaced
101259,rocker cover gasket cylinder number 2 and 3 leaking . removed and replaced rocker cover gaskets .,rocker cover gasket; cylinder; rocker cover gaskets,leaking,removed; replaced
101260,intercylinder baffle support rod broken . removed and replaced intercylinder baffle rod .,intercylinder baffle support rod; baffle support rod; intercylinder baffle rod,broken,removed; replaced
101261,right-hand engine oil return like clamps are loose . tightened clamps .,engine; oil return; oil return like clamps; clamps,loose,tightened
101262,"right-hand engine baffle cracked by oil cooler . removed oil cooler , cleaned area - no cracking noted . r",engine; baffle; oil cooler,cracked,removed; cleaned
101263,"left-hand engine , cylinder number 3 rocker cover gasket is leaking . removed and replaced left-hand engine cylinder number 3 rocker cover gasket .",engine; cylinder; rocker cover gasket,leaking,removed; replaced
101264,cylinder number 3 rocker cover is missing a screw . installed new screw .,cylinder; rocker cover; screw,missing,installed
101265,number 2 rocker cover is leaking . removed and replaced gasket .,rocker cover; gasket,leaking,removed; replaced
101266,cylinder number 2 intake is leaking . removed and replaced number 2 intake gasket .,cylinder; intake; intake gasket,leaking,removed; replaced
101267,wiring holder broken on cylinder number 1 . removed and replaced anchor stand assembly .,wiring holder; cylinder; anchor stand assembly,broken,removed; replaced
101268,number 3 rocker cover gasket leaking . removed and replaced gasket .,rocker cover gasket; gasket,leaking,removed; replaced
101269,number 4 intake gasket leaking . replaced with new gasket .,intake gasket; gasket,leaking,replaced
101270,number 2 induction tube gasket leaking . replaced gasket .,induction tube gasket; gasket,leaking,replaced
101271,"hidden damage insp required for engine fire . performed hidden damage on affected area , no damage not",,,hidden damage insp; hidden damage
101272,number 2 intake is leaking . removed and replaced gasket with new .,intake; gasket,leaking,removed; replaced
101273,cylinder number 3 rocker cover is leaking . replaced rocker cover gasket .,cylinder; rocker cover; rocker cover gasket,leaking,replaced
101274,"number 2 and 1 intake , right-hand engine , leaking . removed and replaced gaskets .",intake; engine; gaskets,leaking,removed; replaced
101275,number 2 rocker cover is leaking . removed and replaced rocker cover gasket .,rocker cover; rocker cover gasket,leaking,removed; replaced
101276,"left-hand engine intake gasket , cylinder number 2 , leaking . removed and replaced gasket for left-hand engine cylinder number 2 intake .",engine; intake gasket; cylinder; gasket; intake,leaking,removed; replaced
101277,"left-hand engine cylinder number 1 , 2 and 3 rocker cover gaskets leaking . removed and replaced left-hand engine cylinder number 1 , 2 , 3 rocker cover ga",engine; cylinder; rocker cover gaskets,leaking,removed; replaced
101278,number 2 rocker cover is leaking . removed and replaced rocker cover gaskets on cylinder number 1 and 2 .,rocker cover; rocker cover gaskets; cylinder,leaking,removed; replaced
101279,number 2 rocker cover is leaking . removed and replaced gasket .,rocker cover; gasket,leaking,removed; replaced
101280,number 4 rocker cover is leaking . removed and replaced gasket .,rocker cover; gasket,leaking,removed; replaced
101281,number 6 cowl shock mount torn . removed and replaced cowl shock mount .,cowl shock mount,torn,removed; replaced
101282,number 2 intake leaking on left-hand engine . removed and replaced number 2 intake gasket .,intake; engine; intake gasket,leaking,removed; replaced
101283,number 3 rocker cover leaking on left-hand engine . removed and replaced number 3 rocker gasket .,rocker cover; engine; rocker gasket,leaking,removed; replaced
101284,rocker covers 1 and 3 leaking on right-hand engine . removed and replaced rocker gaskets .,rocker covers; engine; rocker gaskets,leaking,removed; replaced
101285,rocker cover gasket number 3 torn . removed and replaced rocker cover gasket .,rocker cover gasket,torn,removed; replaced
101286,left-hand and right-hand engine baffle plugs damaged . removed and replaced left-hand and right-hand engine baffle plugs .,engine; baffle plugs,damaged,removed; replaced
101287,left-hand engine number 4 cylinder intake gasket is leaking . removed and replaced gasket .,engine; cylinder; intake gasket; gasket,leaking,removed; replaced
101288,left-hand engine number 3 cylinder rocker cover gasket is leaking . removed and replaced gasket .,engine; cylinder; rocker cover gasket; gasket,leaking,removed; replaced
101289,number 3 intake tube rubbing on baffle . adjusted baffle .,intake tube; baffle,rubbing,adjusted
101290,number 2 intake tube leaks at cylinder . removed and replaced intake tube gasket and seal .,intake tube; cylinder; intake tube gasket; seal,leaks,removed; replaced
101291,loose engine ground . tightened engine ground cable .,engine; engine ground cable; ground cable,loose,tightened
101292,intake gasket cylinder number 4 leaking . removed and replaced intake gasket .,intake gasket; cylinder,leaking,removed; replaced
101293,rocker cover gasket cylinder number 4 leaking . removed and replaced rocker cover gasket .,rocker cover gasket; cylinder,leaking,removed; replaced
101294,baffle support steel rod cylinder number 2 and 4 missing . installed new baffle fastener for cylinder number 2 and 4 .,baffle support; cylinder; baffle fastener,missing,installed
101295,intake gaskets cylinder number 2 and number 4 leaking . removed and replaced intake gaskets .,intake gaskets; cylinder,leaking,removed; replaced
101296,"rocker cover gaskets , cylinder number 2 and 4 leaking . removed and replaced rocker cover gaskets .",rocker cover gaskets; cylinder,leaking,removed; replaced
101297,"number 3 cylinder aft baffle bracket loose . bracket secured to engine c . removed number 3 aft baffle , replaced screws in bracket . rein",cylinder; baffle bracket; bracket; engine; baffle; screws,loose,secured; removed; replaced
101298,right-hand baffle plug needs to be replaced . installed new baffle plug .,baffle plug,,replaced; installed
101299,number 3 rocker cover gasket is torn . installed new number 3 rocker box cover gasket .,rocker cover gasket; rocker box cover gasket,torn,installed
101300,number 2 rocker cover leaking . removed and replaced number 2 rocker cover gasket .,rocker cover; rocker cover gasket,leaking,removed; replaced
101301,number 3 intake is leaking . removed and replaced gasket .,intake; gasket,leaking,removed; replaced
101302,number 3 rocker cover is leaking . removed and replaced gasket .,rocker cover; gasket,leaking,removed; replaced
101303,rocker cover gasket number 3 torn . removed and replaced rocker cover gasket .,rocker cover gasket,torn,removed; replaced
101304,side baffle plugs are missing fingers . replaced with new plugs .,baffle plugs; fingers; plugs,missing,replaced
101305,left-hand engine number 2 and 4 rocker covers are leaking . removed and replaced rocker cover gaskets .,engine; rocker covers; rocker cover gaskets,leaking,removed; replaced
101306,rocker cover gaskets cylinder number 2 and 3 leaking . removed and replaced rocker cover gasket .,rocker cover gaskets; cylinder; rocker cover gasket,leaking,removed; replaced
101307,"intake tube leaking at connection point with oil sump cylinder number 4 . cleaned and performed engine run up , confirmed discrepanc",intake tube; oil sump cylinder; cylinder; engine,leaking,cleaned; run up; confirmed
101308,intake tube leaking at connection point with oil sump cylinder number 4 . reswaged intake pipe in accordance with lycoming overhaul manual and ins,intake tube; oil sump; cylinder; intake pipe,leaking,reswaged
101309,upper right-hand baffle seal loose . resecured baffle seal .,baffle seal,loose,resecured
101310,"right-hand engine running rough . engine was fine at low altitudes , o . ran up aircraft , no engine roughness noted . checked good at",engine; aircraft,running rough,ran up; checked
101311,cylinder number 4 aft baffle cracked . stop drilled crack on baffle .,cylinder; baffle,cracked; crack,stop drilled
101312,cylinder number 4 and 2 rocker cover gaskets leaking . removed and replaced rocker cover gaskets .,cylinder; rocker cover gaskets,leaking,removed; replaced
101313,intake number 2 leaking on left-hand engine . installed new intake gasket .,intake; engine; intake gasket,leaking,installed
101314,number 2 rocker shaft thrust plug broken . installed new rocker shaft thrust button .,rocker shaft thrust plug; rocker shaft thrust button,broken,installed
101315,"rocker covers 2 , 3 and 4 leaking on left-hand engine . installed new rocker box cover gaskets .",rocker covers; engine; rocker box cover gaskets,leaking,installed
101316,left rear baffle cracked on right-hand engine . removed and replaced left rear baffle on right-hand engine .,baffle; engine,cracked,removed; replaced
101317,number 2 intake gasket leaking . replaced gasket .,intake gasket; gasket,leaking,replaced
101318,number 3 rocker gasket is leaking . replaced rocker gasket .,rocker gasket,leaking,replaced
101319,left-hand engine cylinder number 2 and 3 intake gaskets leaking . removed and replaced intake gaskets .,engine; cylinder; intake gaskets,leaking,removed; replaced
101320,left-hand engine cylinder number 3 rocker cover gasket leaking . removed and replaced number 3 rocker cover gasket .,engine; cylinder; rocker cover gasket,leaking,removed; replaced
101321,"right-hand engine , cylinder number 3 rocker cover gasket leaking . removed and replaced number 3 rocker cover gasket .",engine; cylinder; rocker cover gasket,leaking,removed; replaced
101322,number 1 intake gasket leaking . replaced gasket .,intake gasket; gasket,leaking,replaced
101323,number 3 rocker cover gasket is leaking . removed and replaced gasket .,rocker cover gasket; gasket,leaking,removed; replaced
101324,rocker cover gasket on cylinder number 2 leaking . removed and replaced rocker cover gasket .,rocker cover gasket; cylinder,leaking,removed; replaced
101325,"sheared rivet on cylinder number 3 baffle , aft . replaced rivets with screws / washers / nuts .",rivet; cylinder; baffle; rivets; screws; washers / nuts,sheared,replaced
101326,number 2 and 4 cylinder rocker cover gaskets leaking . removed and replaced rocker cover gaskets .,cylinder; rocker cover gaskets,leaking,removed; replaced
101327,"cylinder number 3 intake tube flange leaking fuel , connection between t . reswaged intake tube in accordance with lycoming overhaul",cylinder; intake tube; fuel,leaking,reswaged
101328,number 1 rocker cover is leaking . removed and replaced rocker cover bracket .,rocker cover; rocker cover bracket,leaking,removed; replaced
101329,top baffle back side rivets missing . installed screws where rivets missing .,baffle; rivets; screws,missing,installed
101330,number 1 cylinder standoff is broken . removed and replaced plastic holder on standoff and resecu,cylinder; standoff; plastic holder,broken,removed; replaced
101331,number 2 and 3 rocker covers are leaking . removed and replaced rocker cover gaskets .,rocker covers; rocker cover gaskets,leaking,removed; replaced
101332,forward right-hand side engine baffle cracked . stop drilled crack in forward right-hand engine baffle .,engine; baffle,cracked; crack,stop drilled
101333,"cylinder number 1 , 2 intake gaskets are leaking . removed and replaced cylinder number 1 , 2 intake gaskets .",cylinder; intake gaskets,leaking,removed; replaced
101334,intake gasket cylinder number 4 leaking . removed and replaced intake gasket .,intake gasket; cylinder,leaking,removed; replaced
101335,rocker cover gasket cylinder number 2 leaking . removed and replaced rocker cover gasket .,rocker cover gasket; cylinder,leaking,removed; replaced
101336,number 3 intake leaking on left-hand engine . replaced gasket .,intake; engine; gasket,leaking,replaced
101337,baffle corner by cylinder number 4 cracked . stop drilled crack .,baffle corner; cylinder,cracked; crack,stop drilled
101338,"cylinder number 1 , 3 , 2 rocker cover gaskets leaking . removed and replaced rocker cover gaskets .",cylinder; rocker cover gaskets,leaking,removed; replaced
101339,"rear engine baffle bracket loose . removed baffle , installed new rivets to hold bracket . r",engine; baffle bracket; baffle; rivets; bracket,loose,removed; installed
101340,"engine overspeed to 3300 rpm . changed oil filter , checked sump screen , changed oil and",engine; oil filter; sump screen; oil,overspeed,changed; checked
101341,right-hand engine baffle screw missing . replaced screw .,engine; baffle screw; screw,missing,replaced
101342,"aircraft wouldn ' t start . started aircraft , checked ok .",aircraft,wouldn ' t start,started; checked
101343,number 3 intake leaking on right-hand engine . removed and replaced number 3 intake gasket on right-hand engine .,intake; engine; intake gasket,leaking,removed; replaced
101344,number 2 intake is leaking . replaced gasket .,intake; gasket,leaking,replaced
101345,number 2 rocker cover is leaking . removed and replaced gasket .,rocker cover; gasket,leaking,removed; replaced
101346,right-hand back baffle rivet head is sheared . completed reassembly .,baffle rivet head,sheared,completed reassembly
101347,"right-hand back baffle rivet head is sheared . removed back baffle , installed screws where rivets wher",baffle; screws; rivets,sheared,removed; installed
101348,"right-hand , left-hand engine baffle seal loose . resecured right-hand and left-hand baffle seal .",engine; baffle seal,loose,resecured
101349,"number 2 , 3 and 4 cylinder rocker cover gaskets leaking . removed and replaced rocker cover gaskets .",cylinder; rocker cover gaskets,leaking,removed; replaced
101350,left-hand number 2 and 3 rocker gaskets leaking . removed and replaced rocker cover gaskets .,rocker gaskets; rocker cover gaskets,leaking,removed; replaced
101351,right-hand number 2 and 4 rocker gaskets leaking . removed and replaced rocker cover gaskets .,rocker gaskets; rocker cover gaskets,leaking,removed; replaced
101352,number 2 rocker cover gasket leaking . removed and replaced rocker cover gasket .,rocker cover gasket,leaking,removed; replaced
101353,number 3 rocker cover gasket leaking . removed and replaced rocker cover gasket .,rocker cover gasket,leaking,removed; replaced
101354,number 3 rocker cover leaking on left-hand engine . removed and replaced gasket .,rocker cover; engine; gasket,leaking,removed; replaced
101355,number 2 intake leaking on left-hand engine . removed and replaced intake gasket .,intake; engine; intake gasket,leaking,removed; replaced
101356,right-hand engine number 2 and 4 cylinder rocker cover gaskets are leaking . removed and replaced gaskets .,engine; cylinder; rocker cover gaskets; gaskets,leaking,removed; replaced
101357,right-hand engine number 1 and 3 intake gaskets are leaking . removed and replaced intake gaskets on right-hand engine .,engine; intake gaskets,leaking,removed; replaced
101358,all 4 rocker gaskets are leaking . replaced with new rocker gaskets . leak check good .,rocker gaskets,leaking,replaced; leak check
101359,number 2 and 3 intake gaskets are leaking . replaced with new intake gaskets . leak check good .,intake gaskets,leaking,replaced; leak check
101360,"number 1 , 2 , 3 and 4 rocker cover gaskets leaking . removed and replaced rocker cover gaskets .",rocker cover gaskets,leaking,removed; replaced
101361,number 3 rocker cover is leaking . removed and replaced number 3 rocker cover gasket .,rocker cover; rocker cover gasket,leaking,removed; replaced
101362,number 2 and 3 intakes leaking on left-hand engine . removed and replaced gaskets .,intakes; engine; gaskets,leaking,removed; replaced
101363,right-hand engine number 2 rocker cover gasket leaking . removed and replaced gasket .,engine; rocker cover gasket; gasket,leaking,removed; replaced
101364,number 2 and 3 rocker covers leaking on left-hand engine . removed and replaced gaskets .,rocker covers; engine; gaskets,leaking,removed; replaced
101365,left-hand carb heat bracket loose . removed and replaced loose rivets .,carb heat bracket; rivets,loose,removed; replaced
101366,right-hand number 4 intake gasket is leaking . removed and replaced intake gasket .,intake gasket,leaking,removed; replaced
101367,number 3 rocker cover leaking . removed and replaced number 3 rocker cover gasket .,rocker cover; rocker cover gasket,leaking,removed; replaced
101368,number 1 rocker cover gasket leaking . removed and replaced rocker cover gasket .,rocker cover gasket,leaking,removed; replaced
101369,"mixture check fails - rpm 200 rise . ran aircraft , adjusted idle mixture in accordance with hmi , checks good .",aircraft,fails,mixture check; ran; adjusted; checks
101370,number 4 intake gasket is leaking . removed and replaced intake gasket .,intake gasket,leaking,removed; replaced
101371,aft baffle bracket missing screw . installed new screw on baffle .,baffle bracket; screw; baffle,missing,installed
101372,number 3 and 4 intake gaskets are leaking . replaced gaskets .,intake gaskets; gaskets,leaking,replaced
101373,number 2 intake gasket is leaking . removed and replaced gasket with new .,intake gasket; gasket,leaking,removed; replaced
101374,left-hand aft baffle cracked . stop drilled crack on aft baffle .,baffle,cracked; crack,stop drilled
101375,"rocker cover gaskets cylinder number 2 , 3 and 4 leaking . removed and replaced rocker cover gaskets .",rocker cover gaskets; cylinder,leaking,removed; replaced
101376,right-hand aft baffle support rivets sheared . removed baffle . drilled out sheared rivets . installed s,baffle support; rivets; baffle,sheared,removed; drilled out; installed
101377,top baffle is cracked . fabricated patches out of like material and installed . ri,baffle; patches; like material,cracked,fabricated; installed
101378,left-hand aft baffle is cracked . fabricated patch out of like material and installed . rive,baffle; patch; like material,cracked,fabricated; installed
101379,left-hand side baffle is cracked . procured serviceable side baffle - installed on pd number 2 .,baffle,cracked,procured; installed
101380,right-hand side baffle is cracked . patched right-hand side baffle with like material . riveting in accordance with,baffle; like material,cracked,patched
101381,induction air filter can be replaced . installed new filter . next due at 3961 . 3 tachometer .,induction air filter; filter,,replaced; installed
101382,both lower deflectors cracked . patched deflectors with like material .,deflectors; like material,cracked,patched
101383,forward left-hand baffle anti - chafe strip fell off . cleaned baffle and reinstalled anti - chafe strip .,baffle; baffle anti - chafe strip; anti - chafe strip,fell off,cleaned; reinstalled
101384,number 3 intake leaking . removed and replaced intake gasket .,intake; intake gasket,leaking,removed; replaced
101385,right-hand number 3 aft baffle cracked . stop drilled crack .,baffle,cracked; crack,stop drilled
101386,left-hand number 3 intake gasket leaking . removed and replaced intake gasket .,intake gasket,leaking,removed; replaced
101387,right-hand number 2 and 4 intake gaskets leaking . removed and replaced intake gaskets .,intake gaskets,leaking,removed; replaced
101388,left-hand all 4 rocker gaskets are leaking . removed and replaced all rocker cover gaskets .,rocker gaskets; rocker cover gaskets,leaking,removed; replaced
101389,right-hand engine all 4 rocker gaskets are leaking . removed and replaced all rocker cover gaskets .,engine; rocker gaskets; rocker cover gaskets,leaking,removed; replaced
101390,engine is dirty . washed engine .,engine,dirty,washed
101391,number 2 rocker cover is leaking . removed and replaced rocker cover gasket .,rocker cover; rocker cover gasket,leaking,removed; replaced
101392,"number 1 , 3 , 4 rocker covers are leaking . removed and replaced gaskets .",rocker covers; gaskets,leaking,removed; replaced
101393,"cylinder number 2 , 1 rocker cover gaskets leaking . replaced rocker cover gaskets .",cylinder; rocker cover gaskets,leaking,replaced
101394,rocker cover gasket from number 3 cylinder torn . removed and replaced with new gasket .,rocker cover gasket; cylinder; gasket,torn,removed; replaced
101395,"rear right-hand engine baffle bracket rivets sheared . removed rear right-hand engine baffle , installed new rivets to",engine; baffle bracket; rivets; baffle,sheared,removed; installed
101396,number 3 intake leaking . removed and replaced number 3 intake gasket .,intake; intake gasket,leaking,removed; replaced
101397,right-hand rear engine baffle screw loose . tightened screw .,engine; baffle screw; screw,loose,tightened
101398,engine is dirty . cleaned engine .,engine,dirty,cleaned
101399,number 2 intake is leaking . removed and replaced gasket .,intake; gasket,leaking,removed; replaced
101400,missing screw front baffle on right-hand side . installed new screw .,screw; baffle,missing,installed
101401,"number 1 , 2 and 4 rocker covers are leaking . removed and replaced gaskets .",rocker covers; gaskets,leaking,removed; replaced
101402,number 3 intake gasket is leaking . replaced gasket .,intake gasket; gasket,leaking,replaced
101403,number 2 and 3 rocker gasket leaking . removed and replaced gasket .,rocker gasket; gasket,leaking,removed; replaced
101404,rocker cover gasket number 3 cylinder leaking . removed and replaced rocker cover gasket .,rocker cover gasket; cylinder,leaking,removed; replaced
101405,"aft engine baffle by cylinder number 3 , support secured to engine case . removed and replaced rivets for engine baffle bracket by",engine; baffle; cylinder; support; engine case; case; rivets; baffle bracket,,secured; removed; replaced
101406,number 3 rocker cover leaking on left-hand engine . replaced gasket .,rocker cover; engine; gasket,leaking,replaced
101407,number 2 rocker cover leaking on right-hand engine . removed and replaced rocker cover gasket .,rocker cover; engine; rocker cover gasket,leaking,removed; replaced
101408,cylinder number 2 intake gasket leaking . removed and replaced gasket .,cylinder; intake gasket; gasket,leaking,removed; replaced
101409,cylinder number 1 rocker cover gasket leaking . removed and replaced rocker cover gasket .,cylinder; rocker cover gasket,leaking,removed; replaced
101410,rear right-hand engine baffle bracket cracked . removed rear right-hand engine baffle . fabricated new bracket,engine; baffle bracket; baffle; bracket,cracked,removed; fabricated
101411,right-hand rear engine baffle mounting screw missing . installed new screw .,engine; baffle mounting screw; screw,missing,installed
101412,number 2 and 4 rocker cover is leaking . removed and replaced rocker cover gaskets .,rocker cover; rocker cover gaskets,leaking,removed; replaced
101413,engine is dirty . washed engine .,engine,dirty,washed
101414,cylinder number 1 forward baffle is cracked . stop drilled cylinder number 1 forward baffle .,cylinder; baffle,cracked,stop drilled
101415,number 3 rocker cover is leaking . removed and replaced number 3 rocker cover gasket .,rocker cover; rocker cover gasket,leaking,removed; replaced
101416,student couldn ' t start aircraft . started aircraft .,aircraft,,started
101417,engine running rough at idle . ran aircraft and confirmed discrepancy .,engine; aircraft,running rough,ran; confirmed
101418,left-hand engine cylinder number 3 aft baffle cracked . stop drilled crack .,engine; cylinder; baffle,cracked; crack,stop drilled
101419,right-hand engine number 3 intake tube leaking . replaced gasket .,engine; intake tube; gasket,leaking,replaced
101420,"left-hand engine number 2 , 3 and 4 rocker box covers leaking . removed and replaced gaskets .",engine; rocker box covers; gaskets,leaking,removed; replaced
101421,impeller making contact with scroll . clearanced impeller to scroll by removing shim in lower,impeller; scroll; shim,,clearanced; removing
101422,right-hand engine number 2 cylinder intake gasket is leaking . removed and replaced gasket .,engine; cylinder; intake gasket; gasket,leaking,removed; replaced
101423,left-hand engine cylinder number rocker cover gasket leaking . removed and replaced gasket .,engine; cylinder; rocker cover gasket; gasket,leaking,removed; replaced
101424,"left-hand engine number 4 cylinder , aft upper support bracket cracked on baffle . removed and replaced bracket .",engine; cylinder; upper support bracket; baffle; bracket,cracked,removed; replaced
101425,"right-hand engine cylinder number 3 , 1 rocker cover gaskets leaking . removed and replaced right-hand engine cylinder number 1 , 3 rocker cover gasket",engine; cylinder; rocker cover gaskets; rocker cover gasket,leaking,removed; replaced
101426,number 2 and 4 rocker covers are leaking . removed and replaced gasket .,rocker covers; gasket,leaking,removed; replaced
101427,number 3 rocker cover gasket leaking . removed and replaced gasket with new .,rocker cover gasket; gasket,leaking,removed; replaced
101428,"on climb out , engine lost about 250 rpm . ran aircraft , could not duplicate problem .",engine; aircraft,lost,ran
101429,rocker cover gaskets cylinder number 2 and 4 leaking . removed and replaced rocker cover gaskets .,rocker cover gaskets; cylinder,leaking,removed; replaced
101430,"engine over ride speed was 1225 rpm . ran aircraft , adjusted idle speed , checks good .",engine; aircraft,,ran; adjusted; checks
101431,number 1 rocker cover is leaking . removed and replaced gasket .,rocker cover; gasket,leaking,removed; replaced
101432,cylinder number 3 exhaust gasket is 1 / 2 gone . replaced exhaust gasket .,cylinder; exhaust gasket,,replaced
101433,oil cooler lines lacing cord is falling apart . replaced lacing cord .,oil cooler lines; lacing cord,falling apart,replaced
101434,"right-hand engine cylinder number 4 , 3 intake gaskets leaking . removed and replaced gaskets .",engine; cylinder; intake gaskets; gaskets,leaking,removed; replaced
101435,"left-hand engine cylinder number 1 , 3 intake gaskets leaking . removed and replaced left-hand engine cylinder number 1 , 3 intake gaskets .",engine; cylinder; intake gaskets,leaking,removed; replaced
101436,"left-hand engine cylinder number 2 , 3 , 4 rocker cover gaskets leaking . removed and replaced left-hand / engine rocker cover gaskets .",engine; cylinder; rocker cover gaskets,leaking,removed; replaced
101437,right-hand engine all cylinder rocker cover gaskets leaking . removed and replaced all cylinder rocker cover gaskets on right-hand,engine; cylinder; rocker cover gaskets,leaking,removed; replaced
101438,cylinder number 4 intake gasket leaking . removed and replaced intake gasket with new .,cylinder; intake gasket,leaking,removed; replaced
101439,"right-hand engine number 3 cylinder has low compression 54 / 80 . ran aircraft , rechecked compression - now 65 / 80 .",engine; cylinder; aircraft,low,ran; rechecked
101440,right-hand engine number 2 and 3 rocker covers are leaking . removed and replaced number 2 and 3 rocker cover gaskets on right-hand e,engine; rocker covers; rocker cover gaskets,leaking,removed; replaced
101441,left-hand engine number 1 and 3 rocker covers are leaking . removed and replaced left-hand engine number 1 and 3 rocker cover gaskets .,engine; rocker covers; rocker cover gaskets,leaking,removed; replaced
101442,"right-hand engine number 4 cylinder aft baffle wire harness tab is cracke . removed cracked part , fabricated part with similar materi",engine; cylinder; baffle wire harness tab; part,cracked,removed; fabricated
101443,number 2 rocker cover is leaking . removed and replaced rocker cover with new .,rocker cover,leaking,removed; replaced
101444,number 4 rocker cover leaking . removed and replaced rocker cover gasket .,rocker cover; rocker cover gasket,leaking,removed; replaced
101445,"number 2 intake gasket is leaking . replaced with new gasket , leak check good .",intake gasket; gasket,leaking,replaced; leak check
101446,number 1 cylinder is missing a rocker cover screw . installed screw and checked all other screws - ok .,cylinder; rocker cover screw; screw; screws,missing,installed; checked
101447,intake gasket cylinder number 2 leaking . removed and replaced intake gasket .,intake gasket; cylinder,leaking,removed; replaced
101448,rocker cover gasket cylinder number 4 leaking . removed and replaced rocker cover gasket .,rocker cover gasket; cylinder,leaking,removed; replaced
101449,cylinder number 2 and 3 rocker covers are leaking . removed and replaced rocker cover gaskets .,cylinder; rocker covers; rocker cover gaskets,leaking,removed; replaced
101450,number 3 cylinder exhaust valve push rod tube appears to be leakin . cleaned area .,cylinder; exhaust valve; push rod tube,leakin,cleaned
101451,number 3 cylinder exhaust valve push rod tube appears to be leakin . leak check good .,cylinder; exhaust valve; push rod tube,leakin,leak check
101452,"intakes 2 , 3 and 4 leaking on right-hand engine . removed and replaced gaskets .",intakes; engine; gaskets,leaking,removed; replaced
101453,intakes 2 and 4 leaking on left-hand engine . removed and replaced intake gaskets .,intakes; engine; intake gaskets,leaking,removed; replaced
101454,"rocker covers 1 , 2 and 4 leaking on left-hand engine . removed and replaced rocker cover gaskets .",rocker covers; engine; rocker cover gaskets,leaking,removed; replaced
101455,number 3 cylinder on right-hand engine has low compression . run up and leak check good compression 75 / 80 .,cylinder; engine,low,run up; leak check
101456,"number 3 cylinder on right-hand engine has low compression . staked valves , reinstall cover with new gasket .",cylinder; engine; valves; cover; gasket,low,staked; reinstall
101457,number 3 cylinder on right-hand engine has low compression . number 3 cylinder pressure low even after engine run up . removed right-hand,cylinder; engine,low,removed
101458,"number 3 cylinder on right-hand engine has low compression . found leaky intake valve . disassembled cylinder , dresse",cylinder; engine; intake valve,low; leaky,disassembled
101459,number 3 cylinder on right-hand engine has low compression . dry tappet clearance check good with shorter push rod on int,cylinder; engine; push rod,low,dry tappet clearance check
101460,"number 3 cylinder on right-hand engine has low compression . honed cylinder , measured bore - check ok . cleaned piston , fi",cylinder; engine; piston,low,honed; measured; measured bore - check; cleaned
101461,"right-hand engine , number 1 intake is leaking . removed and replaced intake gasket .",engine; intake; intake gasket,leaking,removed; replaced
101462,"left-hand engine , number 2 intake tube gasket leaking . installed new intake tube gasket .",engine; intake tube gasket,leaking,installed
101463,aircraft would not start . started aircraft .,aircraft,would not start,started
101464,"cylinder number 2 , left-hand engine , intake gasket leaking . removed and replaced left-hand engine cylinder number 2 intake gasket .",cylinder; engine; intake gasket,leaking,removed; replaced
101465,"right-hand engine cylinder number 1 , 2 , 3 and 4 rocker covers leaking . removed and replaced right-hand engine rocker cover gaskets .",engine; cylinder; rocker covers; rocker cover gaskets,leaking,removed; replaced
101466,"left-hand engine , cylinder number 1 , 3 , 4 rocker cover gaskets leaking . removed and replaced left-hand engine cylinder number 1 , 3 and 4 rocker cover g",engine; cylinder; rocker cover gaskets; rocker cover,leaking,removed; replaced
101467,number 1 cylinder lower intake clamps are loose . adjusted both clamps to access better and tightened .,cylinder; intake clamps; clamps,loose,adjusted; tightened
101468,number 2 and 3 rocker covers leaking . removed and replaced gaskets .,rocker covers; gaskets,leaking,removed; replaced
101469,crack in aft engine baffle at oil cooler on right-hand engine . stop drilled crack .,engine; baffle; oil cooler,crack,stop drilled
101470,number 3 intake leaking on right-hand engine . removed and replaced number 3 intake gasket on right-hand engine .,intake; engine; intake gasket,leaking,removed; replaced
101471,"idle override low . pilot ran aircraft , adjusted idle speed . checks good .",aircraft,low,ran; adjusted; checks
101472,"number 1 , 3 and 4 cylinder rocker covers are leaking . replaced rocker cover gaskets , cylinder number 3 holes had to be t",cylinder; rocker covers; rocker cover gaskets; holes,leaking,replaced
101473,cylinder number 2 rocker cover gasket leaking . removed and replaced rocker cover gasket .,cylinder; rocker cover gasket,leaking,removed; replaced
101474,cylinder number 2 rocker cover gasket leaking . removed and replaced cylinder number 2 rocker cover gasket .,cylinder; rocker cover gasket,leaking,removed; replaced
101475,spark plug access hole on baffle cylinder number 4 elongated . fabricated patch around access hole and riveted,spark plug access hole; baffle cylinder; cylinder; patch; access hole,elongated,fabricated; riveted
101476,number 2 rocker cover is leaking . removed and replaced rocker cover gasket .,rocker cover; rocker cover gasket,leaking,removed; replaced
101477,cylinder number 2 intake gasket leaking . removed and replaced intake gasket .,cylinder; intake gasket,leaking,removed; replaced
101478,"number 2 , 4 rocker cover gaskets leaking . removed and replaced number 2 , 4 rocker cover gaskets .",rocker cover gaskets,leaking,removed; replaced
101479,intake gasket cylinder number 2 leaking . removed and replaced intake gasket .,intake gasket; cylinder,leaking,removed; replaced
101480,"rocker cover gaskets cylinder number 1 , 2 and 3 leaking . removed and replaced rocker cover gaskets .",rocker cover gaskets; cylinder,leaking,removed; replaced
101481,"front rubber baffle on engine , right-hand side , ripped from mountin . installed new rivet on baffle .",rubber baffle; engine; mountin; rivet; baffle,ripped,installed
101482,right-hand baffle has a crack . stop drilled crack .,baffle,crack,stop drilled
101483,cylinder number 4 intake is leaking . removed and replaced cylinder number 4 intake .,cylinder; intake,leaking,removed; replaced
101484,cylinder number 3 rocker cover is leaking . removed and replaced cylinder number 3 rocker cover gasket .,cylinder; rocker cover; rocker cover gasket,leaking,removed; replaced
101485,cylinder number 1 rocker cover gasket torn . removed and replaced rocker cover gasket .,cylinder; rocker cover gasket,torn,removed; replaced
101486,cylinder number 4 intake gasket leaking . removed and replaced intake gasket .,cylinder; intake gasket,leaking,removed; replaced
101487,cylinder number 1 and 3 rocker cover gaskets leaking . removed and replaced rocker cover gaskets .,cylinder; rocker cover gaskets,leaking,removed; replaced
101488,number 4 intake leaking on left-hand engine . replaced gasket .,intake; engine; gasket,leaking,replaced
101489,number 1 and 4 intakes leaking on right-hand engine . removed and replaced gaskets .,intakes; engine; gaskets,leaking,removed; replaced
101490,all rocker cover screws loose . tightened all screws .,rocker cover screws; screws,loose,tightened
101491,left-hand engine cylinder number 3 aft baffle is cracked . stop drilled crack .,engine; cylinder; baffle,cracked; crack,stop drilled
101492,left-hand engine cylinder number 1 and 3 inner cylinder baffle tie rod aft nut is mi . installed new nut .,engine; cylinder; baffle tie rod; nut,,installed
101493,"cylinder number 2 , 3 and 4 intake gaskets are leaking on left-hand engine . removed and replaced gaskets .",cylinder; intake gaskets; engine; gaskets,leaking,removed; replaced
101494,cylinder number 1 and 3 rocker cover gaskets are leaking on left-hand engine . removed and replaced cylinder number 3 rocker cover gaskets .,cylinder; rocker cover gaskets; engine,leaking,removed; replaced
101495,right-hand engine cylinder 1 and 3 rocker cover gaskets are leaking . removed and replaced right-hand engine cylinder number 1 and 3 rocker cover gask,engine; cylinder; rocker cover gaskets; rocker cover gask,leaking,removed; replaced
101496,cylinder number 3 intake pipe needs to be reswedged into sump . reswedged intake tube in accordance with lycoming overhaul,cylinder; intake pipe; sump; intake tube,,reswedged
101497,right-hand rear baffle mounting screw loose . tightened screw .,baffle mounting screw; screw,loose,tightened
101498,number 2 intake tube gasket leaking . installed new number 2 intake tube gasket .,intake tube gasket,leaking,installed
101499,number 1 intake leaking . replaced gasket .,intake; gasket,leaking,replaced
101500,number 2 intake gasket is leaking . replaced gasket .,intake gasket; gasket,leaking,replaced
101501,"number 2 , 3 , 4 rocker gaskets are leaking . replaced gaskets .",rocker gaskets; gaskets,leaking,replaced
101502,right-hand side baffle is cracked . fabricated patch with like materials . riveted in accordance with,baffle; patch; like materials,cracked,fabricated
101503,number 1 rocker cover is leaking . removed and replaced rocker cover gasket .,rocker cover; rocker cover gasket,leaking,removed; replaced
101504,number 2 forward lower baffle has crack . stop drilled crack .,baffle,crack,stop drilled
101505,number 4 intake leaking . removed and replaced gaskets .,intake; gaskets,leaking,removed; replaced
101506,number 2 intake leaking . removed and replaced number 2 intake gasket .,intake; intake gasket,leaking,removed; replaced
101507,number 2 rocker cover leaking . removed and replaced number 2 rocker cover gasket .,rocker cover; rocker cover gasket,leaking,removed; replaced
101508,number 3 rocker cover leaking . removed and replaced number 3 rocker cover gasket .,rocker cover; rocker cover gasket,leaking,removed; replaced
101509,cylinder number 4 rocker cover gasket is leaking . removed and replaced rocker cover gasket .,cylinder; rocker cover gasket,leaking,removed; replaced
101510,number 2 and 4 intake gaskets leaking . removed and replaced gaskets with new .,intake gaskets; gaskets,leaking,removed; replaced
101511,left-hand inter - cylinder baffle is loose . tightened tie rod .,cylinder; baffle; tie rod,loose,tightened
101512,left-hand side of engine baffle wire loose . installed new tie wire .,engine; baffle wire; tie wire,loose,installed
101513,left-hand engine cylinder number 2 intake gasket leaking . removed and replaced intake gasket .,engine; cylinder; intake gasket,leaking,removed; replaced
101514,right-hand engine cylinder number 3 intake gasket leaking . removed and replaced intake gasket .,engine; cylinder; intake gasket,leaking,removed; replaced
101515,"left-hand engine , right-hand back baffle is cracked . stop drilled crack .",engine; baffle,cracked; crack,stop drilled
101516,left-hand engine number 2 intake leaking . removed and replaced number 2 intake gasket .,engine; intake; intake gasket,leaking,removed; replaced
101517,left-hand engine number 3 rocker cover leaking . removed and replaced rocker cover gasket .,engine; rocker cover; rocker cover gasket,leaking,removed; replaced
101518,engine baffle behind alternator cracked . stop drilled crack .,engine; baffle; alternator,cracked; crack,stop drilled
101519,rocker cover gaskets number 2 and 4 leaking . removed and replaced rocker cover gaskets .,rocker cover gaskets,leaking,removed; replaced
101520,right-hand forward baffle is cracked . stop drilled crack .,baffle,cracked; crack,stop drilled
101521,number 3 rocker cover is leaking . removed and replaced gasket with new .,rocker cover; gasket,leaking,removed; replaced
101522,right-hand engine baffle screw missing . installed new screw .,engine; baffle screw; screw,missing,installed
101523,number 4 intake leaking on right-hand engine . removed and replaced number 4 intake gasket on right-hand engine .,intake; engine; intake gasket,leaking,removed; replaced
101524,forward baffle chafing on muffler shroud . repositioned baffle .,baffle; muffler shroud,chafing,repositioned
101525,cylinder number 4 intake is leaking . removed and replaced intake gasket .,cylinder; intake; intake gasket,leaking,removed; replaced
101526,number 1 rocker cover leaking . removed and replaced number 1 rocker cover gasket .,rocker cover; rocker cover gasket,leaking,removed; replaced
101527,number 3 rocker cover leaking . removed and replaced number 3 rocker cover gasket .,rocker cover; rocker cover gasket,leaking,removed; replaced
101528,number 3 intake gasket leaking . removed and replaced number 3 intake gasket .,intake gasket,leaking,removed; replaced
101529,cylinder number 4 rocker cover gasket leaking . removed and replaced cylinder number 4 rocker cover gasket .,cylinder; rocker cover gasket,leaking,removed; replaced
101530,right-hand engine number 4 baffle seal torn . removed and replaced baffle seal .,engine; baffle seal,torn,removed; replaced
101531,right-hand engine number 3 intake tube gasket leaking . removed and replaced gasket .,engine; intake tube gasket; gasket,leaking,removed; replaced
101532,right-hand engine number 1 and 3 baffle tie rod spacer loose . resecured baffle tie rod .,engine; baffle tie rod spacer; baffle tie rod,loose,resecured
101533,cylinder number 3 left-hand engine intake gasket leaking . removed and replaced cylinder number 3 left-hand engine intake gasket .,cylinder; engine; intake gasket,leaking,removed; replaced
101534,right-hand engine cylinder number 2 intake gasket leaking . removed and replaced right-hand engine cylinder number 2 intake gasket .,engine; cylinder; intake gasket,leaking,removed; replaced
101535,"cylinder number 3 aft baffle inboard mount rivets are sheared . removed baffle , replaced 2 mount rivets . reinstalled ba",cylinder; baffle; rivets; 2 mount rivets,sheared,removed; replaced; reinstalled
101536,left-hand engine cylinder number 4 intake is leaking . removed and replaced intake gasket .,engine; cylinder; intake; intake gasket,leaking,removed; replaced
101537,left-hand engine cylinder number 2 forward baffle seal is torn . removed and replaced baffle seal with new .,engine; cylinder; baffle seal,torn,removed; replaced
101538,right-hand engine forward cylinder number 2 baffle seal is torn . removed and replaced baffle seal with new .,engine; cylinder; baffle seal,torn,removed; replaced
101539,left-hand engine sniffler valve hose adel clamp rubber is worn out . removed and replaced adel clamp .,engine; sniffler valve; adel clamp,worn,removed; replaced
101540,"left-hand engine cylinder number 1 , 2 and 3 rocker covers are leaking . removed and replaced rocker cover gaskets .",engine; cylinder; rocker covers; rocker cover gaskets,leaking,removed; replaced
101541,"immediately after engine start , high pitched whine / squeal / wh . ran aircraft , engine function normal . no unusual noise noted",aircraft; engine,high pitched whine / squeal / wh,ran
101542,"cylinder number 4 , 3 rocker cover gaskets leaking . removed and replaced rocker cover gaskets .",cylinder; rocker cover gaskets,leaking,removed; replaced
101543,right-hand back baffle bracket rivet sheared off . installed new rivets .,baffle bracket; rivet; rivets,sheared; sheared off,installed
101544,left-hand back baffle has a crack . stop drilled crack .,baffle,crack,stop drilled
101545,number 1 intake is leaking . removed and replaced intake gasket .,intake; intake gasket,leaking,removed; replaced
101546,all rocker cover screws loose . tightened screws .,rocker cover screws; screws,loose,tightened
101547,adel clamp torn by right-hand engine mount . removed and replaced clamp .,adel clamp; engine mount; clamp,torn,removed; replaced
101548,rivnut stripped out on firewall for aft fuel filter . removed and replaced rivnut .,rivnut; firewall; fuel filter,stripped,removed; replaced
101549,"left engine n 1 rpm has 3 to 4 % uncommanded increase when engine . inspected external linkage , no problems noted .",engine; external linkage,uncommanded increase,inspected
101550,"tabs are broken off baffle plugs , left-hand and right-hand sides . replaced left-hand and right-hand baffle plugs .",tabs; baffle plugs,broken,replaced
101551,"engine quit when throttle was closed during shutdown prior . ran up aircraft , no defects noted .",engine; throttle; aircraft,quit,ran up
101552,"left-hand engine , left-hand baffle tie rod pulled through baffle . removed and replaced baffle .",engine; baffle tie rod; baffle,pulled through,removed; replaced
101553,left-hand engine number 2 intake gasket leaking . removed and replaced left-hand engine number 2 intake gasket .,engine; intake gasket,leaking,removed; replaced
101554,"baffle seal loose on left-hand / engine , number 4 aft baffle . secured baffle seal back on engine baffle .",baffle seal; engine; baffle,loose,secured
101555,baffle seal loose on right-hand engine number 1 side baffle . secured baffle seal back on engine baffle .,baffle seal; engine; baffle,loose,secured
101556,number 2 and 4 cylinder rocker cover gaskets are leaking . removed and replaced gaskets .,cylinder; rocker cover gaskets; gaskets,leaking,removed; replaced
101557,"right-hand engine burner can drain , rigid line is contacting bottom co . leak check good .",engine; burner can drain; line,,leak check
101558,"right-hand engine burner can drain , rigid line is contacting bottom co . loosen and adjusted lines ; pneumatic and drain lines . removed ca",engine; burner can drain; line; lines; drain lines,,loosen; adjusted; removed
101559,right-hand engine forward baffle seal loose . rescured baffle seal .,engine; baffle seal,loose,rescured
101560,rivets missing on engine data plate . replaced rivets .,rivets; engine; data plate,missing,replaced
101561,"after takeoff , rpm ' s were fluctuating and engine started to ru . ran aircraft , could not duplicate . removed cowling and inspect",engine; aircraft; cowling,fluctuating; started to ru,ran; removed; inspect
101562,oil leak noted on front engine section . no leak noted on run up .,engine section,oil leak,
101563,oil leak noted on front engine section . checked torque on front main bearing nuts and crankcase b,engine section; main bearing nuts; crankcase b,oil leak,checked
101564,cylinder number 1 intake gasket leaking . removed and replaced intake gasket .,cylinder; intake gasket,leaking,removed; replaced
101565,"cylinder number 2 , 3 and 4 rocker covers are leaking . removed and replaced gaskets .",cylinder; rocker covers; gaskets,leaking,removed; replaced
101566,forward baffle is chafing on exhaust shroud . repositioned baffle to clear muffler shroud .,baffle; exhaust shroud; muffler shroud,chafing,repositioned
101567,cylinder number 4 intake gasket leaking . removed and replaced cylinder number 4 intake gasket .,cylinder; intake gasket,leaking,removed; replaced
101568,forward engine baffle cracked behind alternator . stop drilled crack .,engine; baffle; alternator,cracked; crack,stop drilled
101569,"cylinder number 1 , 2 rocker cover gaskets leaking . removed and replaced gaskets .",cylinder; rocker cover gaskets; gaskets,leaking,removed; replaced
101570,right-hand rear engine baffle screw loose . tightened screw .,engine; baffle screw; screw,loose,tightened
101571,intakes number 2 and 4 leaking on left-hand engine . removed and replaced intake gaskets .,intakes; engine; intake gaskets,leaking,removed; replaced
101572,intake gasket cylinder number 2 leaking . removed and replaced intake gasket . torqued bolts to spec,intake gasket; cylinder; bolts,leaking,removed; replaced; torqued
101573,rocker cover gasket cylinder number 2 leaking . removed and replaced rocker cover gasket . tightened screw,rocker cover gasket; cylinder; screw,leaking,removed; replaced; tightened
101574,cylinder number 4 intake is leaking . replaced intake gasket .,cylinder; intake; intake gasket,leaking,replaced
101575,forward baffle is chafing on muffler heat shroud . repositioned baffle .,baffle; muffler heat shroud,chafing,repositioned
101576,number 2 rocker cover gasket leaking . removed and replaced number 2 rocker cover gasket .,rocker cover gasket,leaking,removed; replaced
101577,cylinder number 1 governor baffle seal is coming off . refastened baffle seal .,cylinder; governor baffle seal; baffle seal,coming off,refastened
101578,number 1 intake leaking . replaced intake gasket .,intake; intake gasket,leaking,replaced
101579,"on run up , left-hand magneto dropped 350 rpm . removed piston , cleaned and preserved number 2 cylinder . rocker oil",magneto; piston; cylinder; rocker oil,dropped,removed; cleaned; preserved
101580,"on run up , left-hand magneto dropped 350 rpm . removed number 4 cylinder , found oil control ring gap facing down .",magneto; cylinder; oil control ring,dropped,removed
101581,"on run up , left-hand magneto dropped 350 rpm . completed reassy of engine . added 8 quarts of mineral oil .",magneto; engine; mineral oil,dropped,completed reassy; added
101582,"on run up , left-hand magneto dropped 350 rpm . leak checked valves , honed cylinder , bore measure good . fahrenheit",magneto; valves; cylinder,dropped,leak checked; honed
101583,"cylinder number 1 intake tube is loose . replaced intake gaskets for cylinder number 1 , intake is secure .",cylinder; intake tube; intake gaskets; intake,loose,replaced; secure
101584,all 4 rocker covers have loose screws . tightened screws .,rocker covers; screws,loose,tightened
101585,cylinder number 4 baffle plug hole is enlarged . installed patch fabricated out of like material .,cylinder; baffle plug hole; patch; like material,enlarged,installed; fabricated
101586,cylinder number 2 rocker cover gasket leaking . removed and replaced cylinder number 2 rocker cover gasket .,cylinder; rocker cover gasket,leaking,removed; replaced
101587,cylinder number 4 intake is leaking . replaced intake gasket .,cylinder; intake; intake gasket,leaking,replaced
101588,cylinder 32 intake gasket is leaking . removed and replaced gasket with new .,cylinder; intake gasket; gasket,leaking,removed; replaced
101589,number 3 cylinder rocker cover gasket is leaking . removed and replaced gasket .,cylinder; rocker cover gasket; gasket,leaking,removed; replaced
101590,"forward baffle is cracked at heat shroud air intake . stop drilled cracks , fabricated patch out of like mater",baffle; heat shroud air intake; patch; like mater,cracked; cracks,stop drilled; fabricated
101591,cylinder number 2 intake gasket is leaking . removed and replaced intake gasket .,cylinder; intake gasket,leaking,removed; replaced
101592,rocker cover gasket number 3 leaking . removed and replaced rocker cover gasket .,rocker cover gasket,leaking,removed; replaced
101593,number 3 cylinder aft baffle screw is loose . tightened screw .,cylinder; baffle screw; screw,loose,tightened
101594,forward right-hand engine baffle seal loose . resecured baffle seal .,engine; baffle seal,loose,resecured
101595,number 4 rocker cover gasket is leaking . removed and replaced rocker cover gasket with new .,rocker cover gasket,leaking,removed; replaced
101596,oil line 90 degree adel clamp bracket is broken . removed and replaced broken bracket .,oil line; oil line 90 degree adel clamp bracket; 90 degree adel clamp bracket; adel clamp bracket; bracket,broken,removed; replaced
101597,cylinder number 4 rocker cover gasket needs to be replaced . removed and replaced cylinder number 4 rocker cover gasket and retappe,cylinder; rocker cover gasket,,replaced; removed
101598,cylinder number 2 and 3 intakes are leaking . removed and replaced intake gaskets .,cylinder; intakes; intake gaskets,leaking,removed; replaced
101599,both baffle plugs have too many tabs missing . removed and replaced baffle plugs .,baffle plugs; tabs,missing,removed; replaced
101600,cylinder number 2 and 4 rocker covers are leaking . removed and replaced rocker cover gaskets .,cylinder; rocker covers; rocker cover gaskets,leaking,removed; replaced
101601,"cylinder number 3 aft baffle inboard mount rivets sheared . removed baffle , replaced rivets and reinstalled baffle .",cylinder; baffle; rivets,sheared,removed; replaced; reinstalled
101602,number 3 and 4 intakes leaking . removed and replaced intake gaskets .,intakes; intake gaskets,leaking,removed; replaced
101603,"cylinder number 2 intake tube at sump has possible fuel leak . cleaned tube , ground run leak check good .",cylinder; intake tube; sump; fuel; tube,leak,cleaned; ground run leak check
101604,number 4 intake leaking . removed and replaced number 4 intake gasket .,intake; intake gasket,leaking,removed; replaced
101605,number 1 rocker cover leaking . removed and replaced number 1 rocker cover gasket .,rocker cover; rocker cover gasket,leaking,removed; replaced
101606,"rocker covers 1 , 2 and 4 leaking . removed and replaced rocker cover gaskets .",rocker covers; rocker cover gaskets,leaking,removed; replaced
101607,right-hand forward baffle seal loose . resecured baffle seal .,baffle seal,loose,resecured
101608,number 4 intake leaking . replaced gasket .,intake; gasket,leaking,replaced
101609,number 4 intake gasket leaking . removed and replaced gasket .,intake gasket; gasket,leaking,removed; replaced
101610,cylinder number 2 rocker cover leaking . removed and replaced rocker cover gasket .,cylinder; rocker cover; rocker cover gasket,leaking,removed; replaced
101611,"cylinder number 1 , 3 rocker cover gaskets leaking . removed and replaced rocker cover gaskets .",cylinder; rocker cover gaskets,leaking,removed; replaced
101612,"power at idle , engine quit . restarted and tested idle with full . ran up aircraft engine . adjusted idle speed . idle mixture chapter",engine; aircraft,quit,restarted; tested idle; ran up; adjusted; idle mixture chapter
101613,"during flight , right-hand cowl flap would not stay open . tightened bolt that attaches cowl flap levers and adjuste",cowl flap; bolt that attaches cowl flap levers; that attaches cowl flap levers,would not stay open,tightened
101614,right-hand baffle tie rod broken . removed and replaced baffle tie rod .,baffle tie rod,broken,removed; replaced
101615,number 2 intake leaking . replaced gasket .,intake; gasket,leaking,replaced
101616,left-hand engine number 2 intake gasket leaking . removed and replaced gasket .,engine; intake gasket; gasket,leaking,removed; replaced
101617,"number 1 cylinder exhaust stack is missing nut , right-hand . installed nut and washers .",cylinder; exhaust stack; nut; washers,missing,installed
101618,right-hand engine number 4 cylinder baffle seal is tearing off . installed new baffle seal .,engine; cylinder; baffle seal,tearing off,installed
101619,"right-hand engine top crankcase half bolt with engine hoist loop is leaking . removed bolt , cleaned , resealed with hi - temperature silicone and t",engine; crankcase half bolt; hoist loop; bolt; hi - temperature silicone,leaking,removed; cleaned; resealed
101620,"support from number 4 cylinder aft baffle to crankcase half is broken o . removed rod , repaired in accordance with , chapter 4 , sec 5 . rei",support; cylinder; baffle; crankcase half; rod,broken,removed; repaired
101621,baffle plug tangs broken off . installed new baffle plug .,baffle plug; tangs,broken; broken off,installed
101622,number 2 intake cylinder gasket leaking . removed and replaced intake gasket .,intake cylinder gasket; intake gasket,leaking,removed; replaced
101623,forward right-hand baffle seal loose . resecured baffle seal .,baffle seal,loose,resecured
101624,cylinder number 3 intake gasket leaking . removed and replaced intake gasket .,cylinder; intake gasket,leaking,removed; replaced
101625,right-hand baffle plug needs to be replaced . removed and replaced baffle plug .,baffle plug,,replaced; removed
101626,cylinder number 4 and 2 intake gaskets leaking . removed and replaced cylinder number 2 and 4 intake gaskets .,cylinder; intake gaskets,leaking,removed; replaced
101627,number 2 induction tube gasket leaking . installed new induction tube gasket .,induction tube gasket,leaking,installed
101628,right-hand forward baffle seal is loose . resecured right-hand baffle seal .,baffle seal,loose,resecured
101629,"on engine start , engine was unusually rough . attempted to le . maintenance flight required",engine,unusually rough,maintenance flight
101630,"on engine start , engine was unusually rough . attempted to le . magneto drops check good . compressions checked good .",engine,unusually rough,attempted to le; magneto drops check; compressions checked
101631,"on engine start , engine was unusually rough . attempted to le . started aircraft , engine ran very rough , then smoothed out .",engine; aircraft,unusually rough; ran very rough; smoothed out,started
101632,"on engine start , engine was unusually rough . attempted to le . installed oil and fuel lines , installed induction elbow .",engine; oil; fuel lines; induction elbow,unusually rough,installed
101633,"on engine start , engine was unusually rough . attempted to le . installed fuel flow transducer and began to route fuel li",engine; fuel flow transducer; fuel,unusually rough,installed
101634,"on engine start , engine was unusually rough . attempted to le . removed engine . began install of engine",engine,unusually rough,removed; began install
101635,"on engine start , engine was unusually rough . attempted to le . routed ignition leads . adjusted throttle and mixture cabl",engine; ignition leads; throttle,unusually rough,routed; adjusted
101636,right-hand forward baffle seal is loose . resecured baffle seal .,baffle seal,loose,resecured
101637,"aft baffle seal loose , right-hand side . resecured baffle seal .",baffle seal,loose,resecured
101638,cylinder number 2 and 4 rocker covers are leaking . removed and replaced rocker cover gaskets .,cylinder; rocker covers; rocker cover gaskets,leaking,removed; replaced
101639,"number 1 , 2 , 3 and 4 rocker cover gaskets leaking . removed and replaced rocker cover gaskets .",rocker cover gaskets,leaking,removed; replaced
101640,cylinder number 3 intake gasket leaking . removed and replaced intake gasket .,cylinder; intake gasket,leaking,removed; replaced
101641,number 4 intake leaking . installed new number 4 induction tube gasket .,intake; induction tube gasket,leaking,installed
101642,number 1 rocker cover is leaking . removed and replaced gasket .,rocker cover; gasket,leaking,removed; replaced
101643,number 2 induction tube gasket leaking . installed new number 2 induction tube gasket .,induction tube gasket,leaking,installed
101644,number 4 cylinder compression test was 35 / 80 . staked valves - no change in compression .,cylinder; valves,,staked
101645,number 4 cylinder compression test was 35 / 80 . ran up and leak checked - check good . compression check 79 / 80 .,cylinder,,ran up; leak checked; compression check
101646,number 4 cylinder compression test was 35 / 80 . number 2 and 4 oil drains connected . number 4 fuel injector line inst,cylinder; oil drains; fuel injector line,,connected
101647,"number 4 cylinder compression test was 35 / 80 . removed number 4 cylinder , included number 4 fuel injector line and number 2 and 4 oi",cylinder; fuel injector line,,removed
101648,right-hand forward baffle seal is loose . resecured .,baffle seal,loose,resecured
101649,"leaking intake tube cylinder number 4 , leak at attach point to oil sump . removed engine cowling .",intake tube; intake tube cylinder; cylinder; oil sump; engine; cowling,leaking; leak,removed
101650,"leaking intake tube cylinder number 4 , leak at attach point to oil sump . reswedged intake connector into sump . reinstalled cowli",intake tube; intake tube cylinder; cylinder; oil sump; intake connector; sump; cowli,leaking; leak,reswedged; reinstalled
101651,number 4 intake leaking . replaced intake gasket .,intake; intake gasket,leaking,replaced
101652,"right-hand engine wiring clamp , forward inboard , not attached . removed unused clamp from wire bundle .",engine; wiring clamp; clamp; wire bundle,not attached,removed
101653,"oil seep , right-hand engine tachometer generator . removed tachometer generator . fabricated extraction tool . rem",oil; oil seep; engine; extraction tool,,removed; fabricated
101654,cylinder number 2 oil return line was disconnected and fitting removed . leak check good .,cylinder; oil return line,,disconnected; fitting; fitting removed; removed; leak check
101655,number 1 - 3 outboard baffle tie worn through aft baffle . repositioned number 1 and 3 outboard baffle tie .,baffle tie; baffle,worn,repositioned
101656,"number 2 oil drain tube chafing on baffle . removed number 2 oil return line from cylinder head , removed rocke",oil drain tube; baffle; oil return line; cylinder head; rocke,chafing,removed
101657,"number 2 forward baffle cracked beyond stop drill . stop drilled crack , fabricated patch of like material and",baffle; patch; like material,cracked; crack,stop drilled; fabricated
101658,"rear baffle bracket at engine center broken at bolt . removed cracked bracket , fabricated new bracket from li",baffle bracket; engine; center; bolt; bracket,broken; cracked,removed; fabricated
101659,cylinder number 2 oil return line was disconnected and fitting removed . reinstalled 45 degree fitting and reattached cylinder head end,cylinder; oil return line; fitting; 45 degree fitting; cylinder head end,,disconnected; fitting removed; removed; reinstalled; reattached
101660,number 2 rocker cover leaking . removed and replaced rocker cover gasket .,rocker cover; rocker cover gasket,leaking,removed; replaced
101661,right-hand rear engine baffle screw loose . tightened screw .,engine; baffle screw; screw,loose,tightened
101662,number 3 intake leaking . replaced gasket .,intake; gasket,leaking,replaced
101663,right-hand forward engine baffle missing plug . replaced plug .,engine; baffle; plug,missing,replaced
101664,number 4 intake leaking . removed and replaced intake gasket .,intake; intake gasket,leaking,removed; replaced
101665,number 1 rocker cover leaking . removed and replaced rocker cover gasket .,rocker cover; rocker cover gasket,leaking,removed; replaced
101666,"cylinder number 2 , 3 and 4 rocker cover gaskets leaking . removed and replaced rocker cover gaskets .",cylinder; rocker cover gaskets,leaking,removed; replaced
101667,"failed override speed check , rpm dropped to 800 rpm and stabil . adjusted idle speed , ran up aircraft , operations check good .",aircraft,failed; rpm dropped,override speed check; adjusted; ran up; operations check
101668,"rocker cover gaskets number 2 , 3 torn . removed and replaced rocker cover gaskets .",rocker cover gaskets,torn,removed; replaced
101669,cylinder number 2 intake gasket leaking . removed and replaced intake gasket .,cylinder; intake gasket,leaking,removed; replaced
101670,"engine rpm was 1700 . ran up aircraft , adjusted idle speed . operations check good .",engine; aircraft,,ran up; adjusted; operations check
101671,right-hand baffle support rod for cylinder 1 and 3 broken . removed and replaced rod .,baffle support rod; cylinder; rod,broken,removed; replaced
101672,cylinder number 3 aft baffle has sheared rivet . removed aft baffle and oil psi line . replaced rivet . inst,cylinder; baffle; rivet; oil psi line,sheared,removed; replaced
101673,number 2 and 4 rocker cover gaskets leaking . removed and replaced rocker cover gaskets and safetied bolt,rocker cover gaskets; bolt,leaking,removed; replaced; safetied
101674,"baffle seal is torn , forward of number 2 cylinder on left-hand and right-hand engines . removed and replaced number 2 baffles seals on both engines .",baffle seal; cylinder; engines; baffles seals,torn,removed; replaced
101675,"number 3 cylinder right engine shows no egt . cleaned plugs number 3 cylinder , ran , checked ok .",cylinder; engine; plugs,no egt,cleaned; ran; checked
101676,"number 3 cylinder aft baffle on left-hand engine is cracked . fabricated and installed patch in accordance with , paragraph 4 - 53",cylinder; baffle; engine; patch,cracked,fabricated; installed
101677,number 4 intake gasket leaking . removed and replaced number 4 intake gasket .,intake gasket,leaking,removed; replaced
101678,number 2 rocker cover leaking . removed and replaced number 2 rocker cover gasket .,rocker cover; rocker cover gasket,leaking,removed; replaced
101679,cylinder number 2 intake gasket leaking . removed and replaced intake gasket .,cylinder; intake gasket,leaking,removed; replaced
101680,right-hand engine number 2 induction tube gasket leaking . installed new number 2 induction tube gasket .,engine; induction tube gasket,leaking,installed
101681,"rocker covers number 2 , 3 and 4 leaking on right-hand engine . installed new rocker box cover gaskets .",rocker covers; engine; rocker box cover gaskets,leaking,installed
101682,number 1 and 4 rocker covers leaking on left-hand engine . installed new number 1 and 4 rocker box cover gaskets .,rocker covers; engine; rocker box cover gaskets,leaking,installed
101683,number 2 intake leaking on left-hand engine . installed new number 2 intake gasket .,intake; engine; intake gasket,leaking,installed
101684,number 2 and 4 rocker covers leaking on left-hand engine . installed new rocker box cover gaskets .,rocker covers; engine; rocker box cover gaskets,leaking,installed
101685,rocker covers number 2 and 4 leaking on right-hand engine . installed new rocker box cover gaskets .,rocker covers; engine; rocker box cover gaskets,leaking,installed
101686,"number 3 cylinder on right-hand engine has low compression . borescoped cylinder , found exhaust valve to appear burn",cylinder; engine; exhaust valve,low,borescoped
101687,number 3 cylinder on right-hand engine has low compression . removed cylinder assembly . installed repaired cylinder assembly and pe,cylinder; engine; cylinder assembly,low,removed; installed
101688,"number 3 cylinder on right-hand engine has low compression . torqued base nuts to specs . reinstalled exhaust , intake",cylinder; engine; base nuts; exhaust; intake,low,torqued; reinstalled
101689,cylinder number 3 leaking intake tube at oil sump . removed engine cowling .,cylinder; intake tube; oil sump; engine; cowling,leaking,removed
101690,cylinder number 3 leaking intake tube at oil sump . reswedged number 3 intake tube in accordance with lycoming overhaul manual .,cylinder; intake tube; oil sump,leaking,reswedged
101691,"rocker cover gaskets cylinder number 2 , 3 and 4 leaking . removed and replaced rocker cover gaskets , cleaned leaks .",rocker cover gaskets; cylinder,leaking; leaks,removed; replaced; cleaned
101692,number 2 intake leaking . removed and replaced number 2 intake gasket .,intake; intake gasket,leaking,removed; replaced
101693,number 4 intake leaking . removed and replaced intake gasket .,intake; intake gasket,leaking,removed; replaced
101694,intake gasket number 4 leaking . removed and replaced intake gasket number 4 .,intake gasket,leaking,removed; replaced
101695,fod on top of engine . removed fod,fod; engine,,removed
101696,number 1 intake is leaking . removed and replaced gasket .,intake; gasket,leaking,removed; replaced
101697,baffle spark plug access plug worn . replaced plugs .,baffle spark plug; access plug; plugs,worn,replaced
101698,number 4 intake tube loose . removed and replaced number 4 intake gasket .,intake tube; intake gasket,loose,removed; replaced
101699,cylinder number 2 intake gasket leaking . removed and replaced gasket .,cylinder; intake gasket; gasket,leaking,removed; replaced
101700,cylinder number 2 and 4 rocker cover gaskets leaking . removed and replaced gaskets .,cylinder; rocker cover gaskets; gaskets,leaking,removed; replaced
101701,alternate air door is worn . removed and replaced air filter box with serviceable one .,air door; air filter box,worn,removed; replaced
101702,"cylinder number 1 baffle is cracked . stop drilled crack , fabricated patch out of like materi",cylinder; baffle; patch; like materi,cracked; crack,stop drilled; fabricated
101703,number 4 intake is leaking . removed and replaced gasket .,intake; gasket,leaking,removed; replaced
101704,cylinder number 2 and 3 rocker cover gaskets leaking . removed and replaced rocker cover gaskets .,cylinder; rocker cover gaskets,leaking,removed; replaced
101705,rocker cover gasket cylinder number 2 leaking . removed and replaced rocker cover gasket .,rocker cover gasket; cylinder,leaking,removed; replaced
101706,right-hand aft baffle is cracked by engine mount bolt hole . stop drilled crack .,baffle; engine mount bolt hole,cracked; crack,stop drilled
101707,center top baffle bracket is cracked . fabricated baffle bracket out of like material and instal,baffle bracket; like material,cracked,fabricated
101708,number 2 intake leaking . removed and replaced gasket .,intake; gasket,leaking,removed; replaced
101709,all engine rocker cover screws loose . tightened all screws .,engine; rocker cover screws; screws,loose,tightened
101710,"starter would turn twice , then cut off during start up . started aircraft , starter function normal .",starter; aircraft,would turn twice; cut off,started
101711,number 4 intake gasket is leaking . replaced gasket .,intake gasket; gasket,leaking,replaced
101712,number 4 rocker gasket is leaking . replaced gasket .,rocker gasket; gasket,leaking,replaced
101713,worn baffle plugs . removed and replaced baffle plugs .,baffle plugs,worn,removed; replaced
101714,rocker cover gaskets cylinder number 2 and 4 leaking . removed and replaced rocker cover gaskets .,rocker cover gaskets; cylinder,leaking,removed; replaced
101715,number 2 rocker cover gasket leaking . removed and replaced number 2 rocker cover gasket .,rocker cover gasket,leaking,removed; replaced
101716,"during go - around from a simulated engine failure , engine ran rough . ran aircraft , magneto drop , idle and idle mixture rise check good . a /",engine; aircraft,ran rough,ran; idle and idle mixture rise check
101717,left-hand engine number 4 cylinder has bad exhaust valve . operations check good on propeller governor .,engine; cylinder; exhaust valve; propeller governor,bad,operations check
101718,number 3 intake leaking on right-hand engine . removed and replaced number 3 intake gasket on right-hand engine .,intake; engine; intake gasket,leaking,removed; replaced
101719,number 1 and 3 rocker covers leaking on left-hand engine . removed and replaced rocker cover gaskets on left-hand engine .,rocker covers; engine; rocker cover gaskets,leaking,removed; replaced
101720,"left-hand engine number 4 cylinder has bad exhaust valve . reconnected all connections , attached propeller governor cable 1",engine; cylinder; exhaust valve; connections; propeller governor cable,bad,reconnected; attached
101721,"left-hand engine number 4 cylinder has bad exhaust valve . removed number 4 cylinder , installled serviceable cylinder assembly . t",engine; cylinder; exhaust valve; cylinder assembly,bad,removed; installled
101722,"left-hand engine , first stage compressor rotor has 1 . inspected , found to require repair . performed repair ia",engine; compressor rotor,,inspected; repair
101723,cylinder number 2 top baffle seal is loose . resecured baffle seal .,cylinder; baffle seal,loose,resecured
101724,intake gasket cylinder number 3 leaking . removed and replaced intake gasket .,intake gasket; cylinder,leaking,removed; replaced
101725,rocker cover gasket cylinder number 3 leaking . removed and replaced rocker cover gasket .,rocker cover gasket; cylinder,leaking,removed; replaced
101726,intake tube cylinder number 1 leaking around oil sump connection area . removed engine cowling .,intake tube; intake tube cylinder; cylinder; oil sump connection area; engine; cowling,leaking,removed
101727,intake tube cylinder number 1 leaking around oil sump connection area . swedged intake tube in accordance with lycoming overhaul,intake tube; intake tube cylinder; cylinder; oil sump connection area,leaking,swedged
101728,number 4 intake gasket leaking . replaced gasket .,intake gasket; gasket,leaking,replaced
101729,number 3 and 4 rocker gaskets leaking . removed and replaced gaskets .,rocker gaskets; gaskets,leaking,removed; replaced
101730,"engine overspeed to 2730 rpm for 1 second . removed sd card , downloaded data which indicated max rp",engine; sd card; data,overspeed,removed; downloaded
101731,number 2 rocker cover gasket is leaking . replaced gasket with new .,rocker cover gasket; gasket,leaking,replaced
101732,number 2 intake tube leaking at sump and cylinder . removed and replaced intake gasket with new . tightened sump,intake tube; sump; cylinder; intake gasket,leaking,removed; replaced; tightened
101733,cylinder number 4 rocker cover gasket leaking . removed and replaced cylinder number 4 rocker cover gasket .,cylinder; rocker cover gasket,leaking,removed; replaced
101734,cylinder number 4 rocker cover gasket leaking . removed and replaced cylinder number 4 rocker cover gasket .,cylinder; rocker cover gasket,leaking,removed; replaced
101735,"cylinder number 2 , 4 intake gaskets appear to be leaking . removed and replaced cylinder number 2 , 4 intake gaskets .",cylinder; intake gaskets,leaking,removed; replaced
101736,number 4 intake is leaking . removed and replaced gasket .,intake; gasket,leaking,removed; replaced
101737,number 3 and 2 rocker covers are leaking . removed and replaced number 2 and 3 rocker cover gaskets .,rocker covers; rocker cover gaskets,leaking,removed; replaced
101738,"high pitched squealing noise heard during flight . ran up aircraft , no squealing noise noted . operations check good .",aircraft,high pitched squealing noise,ran up; operations check
101739,low power available . helicopter required lmp to hover . inspected and found no defects . maintenance flight required,helicopter,low power,inspected; maintenance flight
101740,cylinder number 4 and 2 rocker cover gaskets leaking . removed and replaced rocker cover gaskets .,cylinder; rocker cover gaskets,leaking,removed; replaced
101741,number 1 cylinder rocker oil return line is chafing . leak check good .,cylinder; rocker oil return line,chafing,leak check
101742,number 1 cylinder rocker oil return line is chafing . removed and replaced oil line with new .,cylinder; rocker oil return line; oil line,chafing,removed; replaced
101743,number 2 and 4 rocker cover gaskets leaking . removed and replaced gaskets with new .,rocker cover gaskets; gaskets,leaking,removed; replaced
101744,baffle button plug is worn . removed and replaced plug with new .,baffle button plug; plug,worn,removed; replaced
101745,number 3 rocker cover gasket is torn . removed and replaced gasket with new .,rocker cover gasket; gasket,torn,removed; replaced
101746,cylinder number 2 intake gasket leaking . removed and replaced intake gasket .,cylinder; intake gasket,leaking,removed; replaced
101747,forward bottom engine baffle seal has holes in it . removed and replaced baffle .,engine; baffle seal; holes; baffle,,removed; replaced
101748,cylinder number 3 rocker cover gasket leaking . removed and replaced rocker cover gasket .,cylinder; rocker cover gasket,leaking,removed; replaced
101749,number 4 rocker cover gasket leaking . removed and replaced number 4 rocker cover gasket .,rocker cover gasket,leaking,removed; replaced
101750,oil cooler lower baffle seal is missing . applied high temperature silicone .,oil cooler; baffle seal; high temperature silicone,missing,applied
101751,number 2 rocker cover is leaking . removed and replaced cylinder number 2 rocker cover gasket .,rocker cover; cylinder; rocker cover gasket,leaking,removed; replaced
101752,left-hand engine will not start . started left-hand engine and performed magneto drop and run up proced,engine,will not start,started; run up proced
101753,cylinder number 1 rocker cover gasket leaking . removed and replaced rocker cover gasket .,cylinder; rocker cover gasket,leaking,removed; replaced
101754,number 2 intake leaking . replaced gasket .,intake; gasket,leaking,replaced
101755,number 1 and 2 rocker covers leaking . removed and replaced rocker cover gaskets .,rocker covers; rocker cover gaskets,leaking,removed; replaced
101756,engine died after landing . started aircraft using flooded start procedure . aircraft ran norm,engine; aircraft,died,started
101757,"engine had momentary overspeed to 2770 rpm . per lycoming , no further action required as ove",engine,overspeed,
101758,number 2 cylinder rocker cover screw is missing . installed new screw .,cylinder; rocker cover screw; screw,missing,installed
101759,number 1 rocker cover gasket leaking . installed new number 1 rocker box cover gasket .,rocker cover gasket; rocker box cover gasket,leaking,installed
101760,intake gasket cylinder number 2 leaking . removed and replaced intake gasket .,intake gasket; cylinder,leaking,removed; replaced
101761,rocker cover gasket cylinder number 2 leaking . removed and replaced rocker cover gasket .,rocker cover gasket; cylinder,leaking,removed; replaced
101762,number 3 intake gasket leaking . removed and replaced gasket .,intake gasket; gasket,leaking,removed; replaced
101763,number 3 intake leaking . removed and replaced number 3 intake gasket .,intake; intake gasket,leaking,removed; replaced
101764,right-hand baffle safety wire broken . secured with new safety wire and spiral wrap .,baffle safety wire; safety wire; spiral wrap,broken,secured
101765,left-hand baffle button plug is broken . installed new plug .,baffle button plug; plug,broken,installed
101766,number 2 intake leaking . removed and replaced intake gasket .,intake; intake gasket,leaking,removed; replaced
101767,"cylinder number 1 , 3 , 4 rocker covers are leaking . removed and replaced rocker cover gaskets .",cylinder; rocker covers; rocker cover gaskets,leaking,removed; replaced
101768,"case halves leaking on bottom forward portion . cleaned engine , ran aircraft , inspected and detected no leaks .",case halves; engine; aircraft,leaking,cleaned; ran; inspected
101769,number 1 intake is leaking . removed and replaced gasket .,intake; gasket,leaking,removed; replaced
101770,left-hand inboard baffle spring is broken . installed new spring .,baffle spring; spring,broken,installed
101771,rocker cover gasket cylinder number 2 leaking . dressed propeller .,rocker cover gasket; cylinder; propeller,leaking,dressed
101772,"intake gasket , cylinder number 2 , leaking . removed and replaced intake gasket .",intake gasket; cylinder,leaking,removed; replaced
101773,cylinder number 4 intake gasket is leaking . removed and replaced gasket with new .,cylinder; intake gasket; gasket,leaking,removed; replaced
101774,number 2 and 4 intakes are leaking on left-hand engine . replaced gaskets on 2 and 4 intakes .,intakes; engine; gaskets,leaking,replaced
101775,right-hand engine cylinder number 4 aft baffle bracket cracked . stop drilled crack .,engine; cylinder; baffle bracket,cracked; crack,stop drilled
101776,right-hand engine cylinder number 3 intake gasket leaking . removed and replaced cylinder number 3 intake gasket .,engine; cylinder; intake gasket,leaking,removed; replaced
101777,"left-hand engine , cylinder number 2 rocker cover leaking . removed and replaced left-hand engine cylinder number 2 rocker cover gasket .",engine; cylinder; rocker cover; rocker cover gasket,leaking,removed; replaced
101778,"left-hand engine rocker cover gaskets , cylinder 3 , leaking . removed and replaced left-hand engine rocker cover gasket .",engine; rocker cover gaskets; cylinder; rocker cover gasket,leaking,removed; replaced
101779,right-hand engine cylinder number 3 rocker cover gasket leaking . removed and replaced right-hand engine cylinder number 3 rocker cover gasket .,engine; cylinder; rocker cover gasket,leaking,removed; replaced
101780,number 2 induction tube gasket leaking . installed new induction tube gasket .,induction tube gasket,leaking,installed
101781,particle seperator has grass in it . cleaned grass out of particle seperator .,particle seperator; grass,,cleaned
101782,cylinder number 4 intake is leaking . installed new induction tube gasket .,cylinder; intake; induction tube gasket,leaking,installed
101783,"forward lower engine baffle cracked . removed engine baffle , stop drilled crack , fabricated p",engine; baffle,cracked; crack,removed; stop drilled; fabricated
101784,right-hand engine side baffle cracked . stop drilled crack .,engine; baffle,cracked; crack,stop drilled
101785,cylinder number 2 rocker cover gasket leaking . removed and replaced cylinder number 2 rocker cover gasket .,cylinder; rocker cover gasket,leaking,removed; replaced
101786,forward baffle near alternator is cracked . stop drilled crack .,baffle; alternator,cracked; crack,stop drilled
101787,both engine baffle buttons worn . replaced and installed 2 buttons .,engine; baffle buttons; 2 buttons; buttons,worn,replaced; installed
101788,all rocker cover screws loose and 1 missing . replaced missing screw and tightened all screws .,rocker cover screws; screw; screws,loose; missing,replaced; tightened
101789,cylinder number 4 intake is leaking . installed new induction tube gasket .,cylinder; intake; induction tube gasket,leaking,installed
101790,"during cruise , engine became incredibly rough . engine contin . ran aircraft and cylinder leak and operations checked good .",engine; aircraft; cylinder,became incredibly rough,ran; leak and operations checked
101791,"during cruise , engine became incredibly rough . engine contin . removed number 2 cylinder . found number 2 exhaust valve and guide galled .",engine; cylinder; exhaust valve; guide,became incredibly rough,removed; galled
101792,"during cruise , engine became incredibly rough . engine contin . completed installation of number 2 cylinder . serviced engine with 8",engine; cylinder,became incredibly rough,completed installation; serviced
101793,number 3 intake leaking . replaced intake gasket .,intake; intake gasket,leaking,replaced
101794,both baffle plugs worn . removed and replaced plugs .,baffle plugs; plugs,worn,removed; replaced
101795,"right-hand aft baffle cracked . disconnected oil pressure line , displaced oil cooler . fahrenheit",baffle; oil pressure line; oil cooler,cracked,disconnected; displaced
101796,rocker cover gasket cylinder number 1 leaking . removed and replaced rocker cover gasket .,rocker cover gasket; cylinder,leaking,removed; replaced
101797,number 4 rocker cover gasket leaking . removed and replaced number 4 rocker cover gasket .,rocker cover gasket,leaking,removed; replaced
101798,number 4 rocker cover gasket leaking . replaced gasket .,rocker cover gasket; gasket,leaking,replaced
101799,screw missing on number 4 rocker cover . installed new screw .,screw; rocker cover,missing,installed
101800,number 4 intake leaking . removed and replaced number 4 intake gasket .,intake; intake gasket,leaking,removed; replaced
101801,left-hand baffle plug lock tabs missing . installed new baffle plug .,baffle plug; tabs,missing,installed
101802,number 3 rocker cover is leaking . removed and replaced gasket .,rocker cover; gasket,leaking,removed; replaced
101803,number 2 intake leaking . replaced cylinder number 2 intake gasket .,intake; cylinder; intake gasket,leaking,replaced
101804,right-hand forward engine baffle seal loose . reattached baffle seal .,engine; baffle seal,loose,reattached
101805,number 2 induction tube gasket leaking . installed new number 2 induction tube gasket .,induction tube gasket,leaking,installed
101806,"right-hand rear engine baffle support bracket rivets broken . loosened oil cooler , oil pressure line . re - riveted baff",engine; baffle support bracket; rivets; oil cooler; oil pressure line; baff,broken,loosened; re; re - riveted; riveted
101807,number 2 and 4 intakes leaking . replaced gaskets on number 2 and 4 intakes .,intakes; gaskets,leaking,replaced
101808,number 3 intake leaking on right-hand engine . removed and replaced intake gasket .,intake; engine; intake gasket,leaking,removed; replaced
101809,"intakes 2 , 3 and 4 leaking on left-hand engine . removed and replaced intake gaskets .",intakes; engine; intake gaskets,leaking,removed; replaced
101810,lower left-hand forward baffle seal is loose . repaired baffle seal and secured .,baffle seal,loose,repaired; secured
101811,"climbing after takeoff , engine choked and backfired . performed engine run up , checked for normal operation at",engine,choked; backfired,run up; checked
101812,"lower front engine case half seam is leaking . reinstalled flywheel . reinstalled , torqued and safetied p",engine; case half seam; flywheel,leaking,reinstalled; torqued; safetied
101813,lower front engine case half seam is leaking . removed propeller and flywheel to gain access . cleaned forward cas,engine; case half seam; propeller; flywheel; cas,leaking,removed; cleaned
101814,number 4 intake tube leaking . removed and replaced intake gasket .,intake tube; intake gasket,leaking,removed; replaced
101815,number 1 rocker cover leaking . removed and replaced number 4 rocker cover gasket .,rocker cover; rocker cover gasket,leaking,removed; replaced
101816,left idler gear has spalling on fuel pump cam . installed serviceable gear .,idler gear; fuel pump cam; serviceable gear,,installed
101817,"left idler gear has spalling on fuel pump cam . inspected , found to be serviceable .",idler gear; fuel pump cam,spalling,inspected
101818,cylinder number 2 rocker cover gasket leaking . removed and replaced rocker cover gasket .,cylinder; rocker cover gasket,leaking,removed; replaced
101819,number 4 intake leaking . removed and replaced gasket .,intake; gasket,leaking,removed; replaced
101820,number 2 rocker cover leaking . removed and replaced rocker cover gasket .,rocker cover; rocker cover gasket,leaking,removed; replaced
101821,number 2 intake leaking . leak check good .,intake,leaking,leak check
101822,number 2 intake leaking . removed and replaced intake gasket .,intake; intake gasket,leaking,removed; replaced
101823,number 1 rocker cover leaking . removed and replaced number 1 rocker cover gasket .,rocker cover; rocker cover gasket,leaking,removed; replaced
101824,rocker cover gaskets number 3 and 2 are leaking . removed and replaced rocker cover gaskets .,rocker cover gaskets,leaking,removed; replaced
101825,"cylinder number 4 aft baffle cracked . removed and replaced aft baffle , installed new baffle spr",cylinder; baffle; baffle spr,cracked,removed; replaced; installed
101826,"left-hand engine baffle plug damaged . removed and replaced left-hand baffle plug , new cylinder number 4 aft baff",engine; baffle plug; cylinder; baff,damaged,removed; replaced
101827,right-hand number 4 intake gasket is leaking . removed and replaced gasket .,intake gasket; gasket,leaking,removed; replaced
101828,"cylinder number 2 , 3 , and 4 rocker cover gaskets leaking . removed and replaced rocker cover gaskets .",cylinder; rocker cover gaskets,leaking,removed; replaced
101829,cylinder number 2 intake gasket leaking . removed and replaced cylinder number 2 intake gasket .,cylinder; intake gasket,leaking,removed; replaced
101830,rocker cover gasket cylinder number 4 leaking . removed and replaced rocker cover gasket .,rocker cover gasket; cylinder,leaking,removed; replaced
101831,number 1 and 3 rocker covers leaking . removed and replaced rocker cover gaskets .,rocker covers; rocker cover gaskets,leaking,removed; replaced
101832,number 2 and 4 rocker covers leaking . removed and replaced rocker cover gaskets .,rocker covers; rocker cover gaskets,leaking,removed; replaced
101833,bolt missing from number 4 cylinder head . installed new screw .,bolt; cylinder head; screw,missing,installed
101834,"bolt missing from number 4 cylinder head . inspected , found no bolts missing from cylinder number 4 head . fou",bolt; cylinder head; cylinder; head,missing; no bolts missing,inspected
101835,number 2 and 3 intake leaking . removed and replaced number 2 and 3 intake gaskets .,intake; intake gaskets,leaking,removed; replaced
101836,number 2 rocker cover leaking . removed and replaced number 2 rocker cover gasket .,rocker cover; rocker cover gasket,leaking,removed; replaced
101837,number 2 induction tube gasket leaking . installed new induction tube gasket .,induction tube gasket,leaking,installed
101838,number 4 induction tube gasket leaking . installed new induction tube gasket .,induction tube gasket,leaking,installed
101839,right-hand engine reached 2770 rpm on takeoff . 2770 rpm is below lycoming overspeed threshold .,engine,,
101840,number 4 intake gasket leaking . replaced gasket .,intake gasket; gasket,leaking,replaced
101841,screw missing on number 2 rocker cover . replaced screw .,screw; rocker cover,missing,replaced
101842,number 3 and 4 rocker cover leaking . removed and replaced rocker cover gaskets .,rocker cover; rocker cover gaskets,leaking,removed; replaced
101843,number 3 and 1 cylinder intake gaskets leaking . replaced intake gaskets .,cylinder; intake gaskets,leaking,replaced
101844,crack in forward baffle center . stop drilled crack .,baffle center,crack,stop drilled
101845,forward lower baffle seal loose . resecured baffle seal .,baffle seal,loose,resecured
101846,cylinder number 2 intake gasket leaking . removed and replaced intake gasket .,cylinder; intake gasket,leaking,removed; replaced
101847,rocker cover gaskets cylinder number 1 and 2 leaking . removed and replaced rocker cover gaskets .,rocker cover gaskets; cylinder,leaking,removed; replaced
101848,"forward left-hand engine baffle cracked from heat air intake down . removed baffle , fabricated patch of like material . rive",engine; baffle; heat air intake down; patch; like material,cracked,removed; fabricated
101849,number 2 rocker cover gasket leaking . tightened rocker screws .,rocker cover gasket; rocker screws,leaking,tightened
101850,rocker cover gasket from cylinder number 2 leaking . removed and replaced gasket .,rocker cover gasket; cylinder; gasket,leaking,removed; replaced
101851,oil cooler has a gap from cowling and box on bottom . applied high temperature silicone sealant .,oil cooler; cowling; box; high temperature silicone sealant,,applied
101852,egt cylinder number 1 clamp loose . tightened clamp and secured with safety wire .,egt cylinder; cylinder; clamp; safety wire,loose,tightened; secured
101853,number 3 rocker cover leaking . removed and replaced number 3 rocker cover gasket .,rocker cover; rocker cover gasket,leaking,removed; replaced
101854,number 2 and 4 rocker cover leaking . removed and replaced rocker cover gaskets .,rocker cover; rocker cover gaskets,leaking,removed; replaced
101855,number 4 rocker cover gasket torn . removed and replaced rocker cover gasket .,rocker cover gasket,torn,removed; replaced
101856,number 4 intake leaking . removed and replaced number 4 intake gasket .,intake; intake gasket,leaking,removed; replaced
101857,left-hand engine baffle seal rivets loose . removed rivets and reinstalled new .,engine; baffle seal rivets; rivets,loose,removed; reinstalled
101858,right-hand rear engine baffle mounting screw missing and bracket rive . removed baffle and reattached bracket . replaced missing s,engine; baffle mounting screw; bracket; rive; baffle,missing,removed; reattached; replaced
101859,intake gaskets number 1 and 3 leaking . removed and replaced gaskets .,intake gaskets; gaskets,leaking,removed; replaced
101860,cylinder number 4 baffle plug teeth are broken . removed and replaced baffle plug .,cylinder; baffle plug,broken,removed; replaced
101861,"rocker cover gaskets on cylinder number 3 , 4 leaking . removed and replaced rocker cover gaskets .",rocker cover gaskets; cylinder,leaking,removed; replaced
101862,number 3 intake gasket is leaking . replaced gasket .,intake gasket; gasket,leaking,replaced
101863,number 1 side baffle cracked . repaired with riveted patch .,baffle; patch,cracked,repaired; riveted
101864,number 3 and 4 rocker gaskets leaking . removed and replaced rocker cover gaskets .,rocker gaskets; rocker cover gaskets,leaking,removed; replaced
101865,number 4 intake tube leaking . removed and replaced intake gasket .,intake tube; intake gasket,leaking,removed; replaced
101866,number 3 intake leaking on right-hand engine . removed and replaced gasket .,intake; engine; gasket,leaking,removed; replaced
101867,hardware missing on left-hand engine number 2 cylinder . installed new hardware .,hardware; engine; cylinder,missing,installed
101868,intakes 2 and 4 leaking on right-hand engine . removed and replaced number 2 and 4 intake gaskets .,intakes; engine; intake gaskets,leaking,removed; replaced
101869,muffler heat muff cracked . stop drilled crack and reinstalled .,muffler heat muff,cracked; crack,stop drilled; reinstalled
101870,fails mixture check - no rpm rise . adjusted idle speed and mixture to specs . operations check good .,,fails; no rpm rise,mixture check; adjusted; operations check
101871,intake gaskets cylinder number 2 and 4 leaking . removed and replaced intake gaskets .,intake gaskets; cylinder,leaking,removed; replaced
101872,number 4 intake gasket leaking . removed and replaced intake gasket .,intake gasket,leaking,removed; replaced
101873,number 2 induction tube gasket leaking . installed new induction tube gasket .,induction tube gasket,leaking,installed
101874,both baffle plugs bad . removed and replaced baffle plugs .,baffle plugs,bad,removed; replaced
101875,number 3 rocker cover leaking . removed and replaced rocker cover gasket .,rocker cover; rocker cover gasket,leaking,removed; replaced
101876,rocker cover gasket from cylinder number 2 leaking . removed and replaced rocker cover gaskets .,rocker cover gasket; cylinder; rocker cover gaskets,leaking,removed; replaced
101877,number 3 induction tube gasket leaking . replaced intake gasket .,induction tube gasket; intake gasket,leaking,replaced
101878,right-hand rear engine baffle mounting screw missing . installed new screw .,engine; baffle mounting screw; screw,missing,installed
101879,"ran smoothly after engine start lean procedure , then ran ver . ran aircraft and found engine running extremely rough , intermi",ver; aircraft; engine,running extremely rough,ran
101880,"ran smoothly after engine start lean procedure , then ran ver . installed new gaskets and seals , as well as , number 2 cylinder valve",gaskets; seals; cylinder; valve,,installed
101881,"ran smoothly after engine start lean procedure , then ran ver . removed injector nozzles , cleaned and reinstalled . perfor",ver; injector nozzles,,ran; removed; cleaned; reinstalled
101882,number 3 aft baffle cracked . stop drilled crack .,baffle,cracked; crack,stop drilled
101883,number 2 and 3 intake gaskets leaking . replaced gaskets .,intake gaskets; gaskets,leaking,replaced
101884,"right-hand and left-hand valve covers leaking . installed all new valve covers , both engines .",valve covers; engines,leaking,installed
101885,left-hand engine oil cooler to engine lifting eye bracket broken . installed serviceable bracket .,engine; oil cooler; lifting eye bracket; serviceable bracket,broken,installed
101886,"right-hand engine lifting eye bolt leaking oil . removed bolt , clean and sealant applied . reassembled .",engine; lifting eye bolt; oil; bolt; sealant,leaking,removed; clean; applied; reassembled
101887,number 2 intake leaking . removed and replaced intake gasket .,intake; intake gasket,leaking,removed; replaced
101888,right-hand engine number 4 cylinder baffle brace needs to be removed for can o . installed new brace .,engine; cylinder; baffle brace; brace,,removed; installed
101889,right-hand engine number 4 cylinder baffle brace needs to be removed for can o . removed brace as serviceable . part on order .,engine; cylinder; baffle brace; brace,,removed
101890,auto relight deferred . see,auto relight,,
101891,"left engine would not start . attempted normal and flooded . performed normal engine start , no discrepancy noted . l /",engine,would not start,attempted; performed normal engine start
101892,left-hand baffle plug damaged . installed new plug .,baffle plug; plug,damaged,installed
101893,cylinder number 2 baffle screw is missing . installed new screw .,cylinder; baffle screw; screw,missing,installed
101894,"engine hesitation / roughness 30 sec after takeoff . no further . ran aircraft , did not notice any roughness or hestitation .",engine; aircraft,hesitation; roughness,ran
101895,all valve covers leaking . installed all new valve cover gaskets .,valve covers; valve cover gaskets,leaking,installed
101896,number 2 and 4 intakes leaking . removed and replaced intake gaskets .,intakes; intake gaskets,leaking,removed; replaced
101897,cylinder number 2 and 3 rocker covers are leaking . installed new rocker cover gaskets .,cylinder; rocker covers; rocker cover gaskets,leaking,installed
101898,number 3 induction tube gasket leaking . installed new number 3 induction tube gasket .,induction tube gasket,leaking,installed
101899,number 2 and 4 intake gaskets are leaking . removed and replaced gaskets with new .,intake gaskets; gaskets,leaking,removed; replaced
101900,"leaking intake gasket , cylinder number 2 . removed and replaced intake gasket .",intake gasket; cylinder,leaking,removed; replaced
101901,"leaking rocker cover gasket , cylinder number 4 . removed and replaced rocker cover gasket .",rocker cover gasket; cylinder,leaking,removed; replaced
101902,"engine rpm of 2720 . complied with lycoming , less than 5 % requirements . no fur",engine,,complied
101903,cylinder number 3 rocker cover gasket is leaking . removed and replaced cylinder number 3 rocker cover gasket .,cylinder; rocker cover gasket,leaking,removed; replaced
101904,"crankshaft seal appears to be leaking . removed cowl , leak check good . reinstalled cowl .",crankshaft seal; cowl,leaking,removed; leak check; reinstalled
101905,crankshaft seal appears to be leaking . removed safety wire from propeller bolts . cleaned area . ran,crankshaft seal; safety wire; propeller bolts,leaking,removed; cleaned; ran
101906,crankshaft seal appears to be leaking . removed propeller . found crankshaft seal to be leaking . remo,crankshaft seal; propeller,leaking,removed
101907,cylinder number 2 and 4 intake gaskets leaking . removed and replaced intake gaskets .,cylinder; intake gaskets,leaking,removed; replaced
101908,"cylinder number 3 aft baffle screw is tight , but baffle is loose . removed oil filler tube , removed screw . tapped hole and c",cylinder; baffle screw; baffle; oil filler tube; screw; hole,tight; loose,removed; tapped
101909,cylinder number 4 intake gasket leaking . removed and replaced cylinder number 4 intake gasket .,cylinder; intake gasket,leaking,removed; replaced
101910,"rocker cover gaskets leaking , cylinder number 2 and 3 . removed and replaced rocker cover gaskets .",rocker cover gaskets; cylinder,leaking,removed; replaced
101911,number 4 intake leaking . removed and replaced number 4 intake gasket .,intake; intake gasket,leaking,removed; replaced
101912,number 2 and 4 intakes leaking . removed and replaced intake gaskets .,intakes; intake gaskets,leaking,removed; replaced
101913,engine baffle plugs bad . installed new baffle plugs .,engine; baffle plugs,bad,installed
101914,right-hand rear engine baffle mount screw loose . retightened screw .,engine; baffle mount screw; screw,loose,retightened
101915,left-hand baffle tie broken . installed new baffle tie .,baffle tie,broken,installed
101916,"cylinder number 2 , 3 rocker cover gaskets leaking . removed and replaced rocker cover gaskets .",cylinder; rocker cover gaskets,leaking,removed; replaced
101917,"center aft engine baffle cracked . removed baffle , drilled out rivets and removed cracked po",center; engine; baffle; rivets,cracked,removed; drilled out
101918,number 4 intake gasket leaking . replaced gasket .,intake gasket; gasket,leaking,replaced
101919,number 2 intake gasket is leaking . replaced gasket .,intake gasket; gasket,leaking,replaced
101920,"number 2 cylinder comperssion reading low . staked intake valve , compression now 76 / 80 .",cylinder; intake valve,low,staked
101921,"number 1 , 2 and 4 intakes leaking . removed and replaced intake gaskets .",intakes; intake gaskets,leaking,removed; replaced
101922,number 4 intake gasket leaking . replaced gasket .,intake gasket; gasket,leaking,replaced
101923,number 2 and 4 cylinder rocker cover screws are loose . tightened screws .,cylinder; rocker cover screws; screws,loose,tightened
101924,left-hand baffle plug hole is elongated . installed baffle plug doubler .,baffle plug hole; baffle plug doubler,elongated,installed
101925,cylinder number 2 intake gasket is leaking . installed new gasket on number 2 intake flange .,cylinder; intake gasket; gasket; intake flange,leaking,installed
101926,cylinder number 3 rocker cover gasket leaking . removed and replaced rocker cover gasket .,cylinder; rocker cover gasket,leaking,removed; replaced
101927,number 2 and 4 rocker cover gaskets are leaking . removed and replaced gaskets .,rocker cover gaskets; gaskets,leaking,removed; replaced
101928,number 2 cylinder intake leaks . replaced gasket .,cylinder; intake; gasket,leaks,replaced
101929,number 1 cylinder has low compression . leak check good .,cylinder,low,leak check
101930,number 1 cylinder has low compression . serviced with mineral oil .,cylinder; mineral oil,low,serviced
101931,"intake 2 , 3 and 4 leaking . removed and replaced intake gaskets .",intake; intake gaskets,leaking,removed; replaced
101932,engine baffle plugs damaged . removed and replaced both engine baffle plugs .,engine; baffle plugs,damaged,removed; replaced
101933,number 1 cylinder has low compression . borescoped engine and found exhaust valve burned .,cylinder; engine; exhaust valve,low; burned,borescoped
101934,number 1 cylinder has low compression . removed cylinder number 1 . removed piston . installed new piston . i,cylinder; piston,low,removed; installed
101935,"number 1 cylinder has low compression . removed air intake pipe . removed exhaust , removed number 1 ro",cylinder; air intake pipe; exhaust,low,removed
101936,"cylinder number 1 and 3 side baffle is cracked . fabricated patch of like material , installed using exis",cylinder; baffle; patch; like material,cracked,fabricated; installed
101937,cylinder number 2 exhaust tube elbow top bolt needs to be recotter pinn . removed and replaced loose cotter pin .,cylinder; exhaust tube; bolt; recotter pinn; cotter pin,loose,removed; replaced
101938,cylinder number 1 rocker cover gasket leaking . replaced rocker cover gasket .,cylinder; rocker cover gasket,leaking,replaced
101939,"rocker cover gaskets , cylinder number 2 and 4 , leaking . removed and replaced rocker cover gaskets .",rocker cover gaskets; cylinder,leaking,removed; replaced
101940,"aft baffle support cylinder number 3 has sheared rivet . removed baffle , installed new rivets , reinstalled baffl",baffle support; baffle support cylinder; rivet; baffle; rivets,sheared,removed; installed; reinstalled
101941,"baffling cracked , right-hand engine by number 4 cylinder . stop drilled cracked baffle .",baffling; engine; cylinder; baffle,cracked,stop drilled
101942,cylinder number 3 rocker cover gasket leaking . installed new gasket .,cylinder; rocker cover gasket; gasket,leaking,installed
101943,left-hand cooling baffle connecting rod broken . installed new connecting rod on cooling baffle .,connecting rod; baffle,broken,installed
101944,"right-hand cylinder cooling baffle contacting oil return line . tightened baffle connecting rod , no damage to oil retur",cylinder; baffle; oil return line; baffle connecting rod; oil retur,,tightened
101945,cylinder number 2 intake gasket leaking . removed and replaced intake gasket .,cylinder; intake gasket,leaking,removed; replaced
101946,"cylinder number 2 , 4 rocker cover gaskets leaking . removed and replaced rocker cover gaskets .",cylinder; rocker cover gaskets,leaking,removed; replaced
101947,"forward center engine baffle cracked . removed damaged baffle section , fabricated new section",engine; baffle; baffle section; section,cracked; damaged,removed; fabricated
101948,"cylinder number 2 , 3 and 4 rocker cover gaskets leaking . removed and replaced rocker cover gaskets .",cylinder; rocker cover gaskets,leaking,removed; replaced
101949,number 2 rocker cover leaking . replaced rocker cover gasket .,rocker cover; rocker cover gasket,leaking,replaced
101950,hardware missing on right-hand rear baffle . installed new hardware .,hardware; baffle,missing,installed
101951,number 2 induction tube gasket leaking . installed new number 2 induction tube gasket .,induction tube gasket,leaking,installed
101952,right-hand baffle seal by propeller governor loose . riveted baffle seal back onto baffle .,baffle seal; propeller governor; baffle,loose,riveted
101953,number 2 and 4 intake leaking . removed and replaced intake gaskets .,intake; intake gaskets,leaking,removed; replaced
101954,intake gasket cylinder number 4 leaking . removed and replaced intake gasket .,intake gasket; cylinder,leaking,removed; replaced
101955,intake gaskets cylinder number 1 and 3 leaking . removed and replaced intake gaskets .,intake gaskets; cylinder,leaking,removed; replaced
101956,"rocker cover gaskets cylinder number 3 , 4 , 1 leaking . replaced rocker cover gaskets .",rocker cover gaskets; cylinder,leaking,replaced
101957,"right-hand aft baffling rivets sheared . removed baffling , drilled out broken rivets . replaced b",baffling; rivets,sheared; broken,removed; drilled out; replaced
101958,"number 3 cylinder lower spark plug boss threads damaged . cleaned threads with 18 maintenance manual tap , inspected threads , threads",cylinder; spark plug boss threads; threads,damaged,cleaned; inspected
101959,right-hand baffle plug worn . removed and replaced right-hand baffle plug .,baffle plug,worn,removed; replaced
101960,left-hand forward baffle is cracked . removed and replaced baffle .,baffle,cracked,removed; replaced
101961,left-hand forward engine baffle cracked at corner . stop drilled end of crack .,engine; baffle; corner,cracked; crack,stop drilled
101962,number 2 intake gasket leaking . replaced number 2 intake gasket with new .,intake gasket,leaking,replaced
101963,number 4 bottom rocker cover screw won ' t tighten . cleaned threads in cylinder head and tightened screw .,rocker cover screw; threads; cylinder head; screw,won ' t tighten,cleaned; tightened
101964,number 2 and 3 intakes leaking on left-hand engine . replaced both number 2 and 3 intake gaskets .,intakes; engine; intake gaskets,leaking,replaced
101965,number 1 intake tube damaged . canned cylinder number 1 intake pipe from inventory item . removed,intake tube; cylinder; intake pipe; inventory item,damaged,canned; removed
101966,number 4 intake leaking on left-hand engine . removed and replaced number 4 intake gasket on left-hand engine .,intake; engine; intake gasket,leaking,removed; replaced
101967,"number 3 intake leaking on left-hand engine , along with number 2 . removed and replaced number 2 and 3 intake gaskets .",intake; engine; intake gaskets,leaking,removed; replaced
101968,"intakes 2 , 3 and 4 leaking . removed and replaced intake gaskets .",intakes; intake gaskets,leaking,removed; replaced
101969,number 2 intake gasket leaking . installed new intake gasket .,intake gasket,leaking,installed
101970,rocker cover gasket number 1 leaking . removed and replaced rocker cover gasket .,rocker cover gasket,leaking,removed; replaced
101971,forward lower engine baffle seal loose . resecured baffle seal on forward engine baffle .,engine; baffle seal; baffle,loose,resecured
101972,number 2 and 4 intakes on right-hand engine leaking . replaced intake gaskets .,intakes; engine; intake gaskets,leaking,replaced
101973,cylinder number 2 intake gasket is leaking . removed and replaced gasket with new .,cylinder; intake gasket; gasket,leaking,removed; replaced
101974,"right-hand baffle plug is missing . installed new plug , unable to locate existing plug .",baffle plug; plug,missing; unable to locate,installed
101975,left and right baffle plugs have several broken fingers . replaced baffle plugs .,baffle plugs,broken,replaced
101976,baffle plug worn . installed new baffle plug .,baffle plug,worn,installed
101977,rocker cover gaskets number 2 and 3 leaking . removed and replaced rocker gaskets .,rocker cover gaskets; rocker gaskets,leaking,removed; replaced
101978,left-hand engine baffle screw missing . installed new screw .,engine; baffle screw; screw,missing,installed
101979,right-hand engine baffle number 2 and 4 crosstie broken . installed new baffle crosstie .,engine; baffle; crosstie; baffle crosstie,broken,installed
101980,"right-hand engine number 2 , 3 and 4 rocker box covers leaking . removed and replaced rocker cover gaskets on right-hand engine .",engine; rocker box covers; rocker cover gaskets,leaking,removed; replaced
101981,cylinder number 3 rocker cover gasket leaking . installed new gasket .,cylinder; rocker cover gasket; gasket,leaking,installed
101982,"right-hand aft cooling baffling rivets sheared . removed aft baffle , installed new rivets . reattached af",rivets; baffle,sheared,removed; installed; reattached
101983,cylinder number 3 rocker cover gasket leaking . removed and replaced cylinder number 3 rocker cover gasket .,cylinder; rocker cover gasket,leaking,removed; replaced
101984,baffle plugs have broken fingers . replaced plugs .,baffle plugs; plugs,broken,replaced
101985,"cylinder number 2 , 4 rocker cover gaskets leaking . removed and replaced rocker cover gaskets .",cylinder; rocker cover gaskets,leaking,removed; replaced
101986,number 4 baffle cracked in front of oil cooler . upon further inspection determined to be a scratch .,baffle; oil cooler,cracked; scratch,further inspection
101987,cylinder number 2 and 3 rocker cover gaskets leaking . removed and replaced rocker cover gasket .,cylinder; rocker cover gaskets; rocker cover gasket,leaking,removed; replaced
101988,number 4 intake leaking on right-hand engine . removed and replaced intake gasket .,intake; engine; intake gasket,leaking,removed; replaced
101989,number 2 and 4 intakes leaking on left-hand engine . removed and replaced intake gaskets .,intakes; engine; intake gaskets,leaking,removed; replaced
101990,number 2 rocker cover leaking on right-hand engine . installed new rocker box cover gasket .,rocker cover; engine; rocker box cover gasket,leaking,installed
101991,number 3 rocker cover leaking on left-hand engine . removed and replaced rocker cover gasket .,rocker cover; engine; rocker cover gasket,leaking,removed; replaced
101992,"right-hand propeller shaft seal seeping . ran , leak checked ok .",propeller shaft seal,seeping,ran; leak checked
101993,right-hand propeller shaft seal seeping . installed new seal and gasket . torqued and safetied retainer,propeller shaft seal; seal; gasket; retainer,seeping,installed; torqued; safetied
101994,cylinder number 3 rocker cover gasket leaking . removed and replaced rocker cover gasket .,cylinder; rocker cover gasket,leaking,removed; replaced
101995,cylinder number 2 intake gasket leaking . removed and replaced intake gasket .,cylinder; intake gasket,leaking,removed; replaced
101996,left-hand baffle plug missing teeth . installed new plug .,baffle plug; plug,missing,installed
101997,number 2 and 4 intake gaskets are leaking . replaced gaskets .,intake gaskets; gaskets,leaking,replaced
101998,number 3 rocker cover gasket leaking . removed and replaced rocker cover gasket .,rocker cover gasket,leaking,removed; replaced
101999,cylinder number 1 intake gasket is leaking . removed and replaced gasket with new .,cylinder; intake gasket; gasket,leaking,removed; replaced
102000,left-hand inboard baffle spring is broken . removed and replaced spring with new .,baffle spring; spring,broken,removed; replaced
102001,cylinder number 1 rocker cover gasket leaking . removed and replaced gasket with new .,cylinder; rocker cover gasket; gasket,leaking,removed; replaced
102002,"engine failure while holding short . throttle was idle . ran aircraft . magneto , idle rpm and idle mixture check good . inspecte",engine; throttle; aircraft; magneto,failure,ran; idle mixture check; inspecte
102003,cylinder number 4 intake gasket is leaking . removed and replaced gasket with new .,cylinder; intake gasket; gasket,leaking,removed; replaced
102004,"cylinder number 4 has low compression . rechecked compressions after post run , operations check good .",cylinder,low,rechecked compressions; operations check
102005,number 2 intake gasket leaks . removed and replaced intake gasket .,intake gasket,leaks,removed; replaced
102006,number 2 rocker cover leaks . removed and replaced rocker cover gasket .,rocker cover; rocker cover gasket,leaks,removed; replaced
102007,number 4 intake leaking . replaced gasket .,intake; gasket,leaking,replaced
102008,all rocker covers have loose screws . tightened all screws .,rocker covers; screws,loose,tightened
102009,rivet sheared at right-hand aft baffle . removed and replaced sheared rivet .,rivet; baffle,sheared,removed; replaced
102010,"rivet sheared at right-hand aft baffle . replaced upper baffle material rivet , installed new scr",rivet; baffle; upper baffle material rivet,sheared,replaced; installed
102011,"rocker covers 2 , 3 and 4 leaking . removed rocker covers , cleaned mating surfaces , install",rocker covers; mating surfaces,leaking,removed; cleaned; install
102012,number 4 intake gasket leaking . removed and replaced intake gasket .,intake gasket,leaking,removed; replaced
102013,left-hand number 3 rocker cover leaking . for corrective action .,rocker cover,leaking,corrective action
102014,number 2 engine left rear baffle cracked at inter - cylinder connect . installed sheet metal doubler and stop drilled .,engine; baffle; cylinder; sheet metal doubler,cracked,installed; stop drilled
102015,number 2 rocker gasket is leaking . replaced gasket .,rocker gasket; gasket,leaking,replaced
102016,number 1 and 3 baffle tie wire loose . resecured tie wire .,baffle tie wire; tie wire,loose,resecured
102017,number 2 and 4 intake gaskets are leaking . replaced gaskets .,intake gaskets; gaskets,leaking,replaced
102018,"bolt missing connecting upper ends of number 3 and 4 aft baffles . installed new bolt , washer and nut .",bolt; connecting upper ends; upper ends; baffles; washer; nut,missing,installed
102019,right-hand rear engine baffle mounting screw loose . tightened screw .,engine; baffle mounting screw; screw,loose,tightened
102020,"cracked front upper right-hand side engine baffle on number 1 cylinder . removed old cracked patch , riveted new patch on baffle",engine; baffle; cylinder; patch,cracked,removed; riveted
102021,number 4 rocker gasket is leaking . replaced rocker gasket .,rocker gasket,leaking,replaced
102022,"on approach , engine roughness about 7 - 10 secs . adjusted mi . performed ground run , all systems operations checked good .",engine,roughness,adjusted; ground run; systems operations checked
102023,"on approach , engine roughness about 7 - 10 secs . adjusted mi . inspected engine , found cylinder number 2 intake leak . removed and r",engine; cylinder; intake,roughness; leak,adjusted; inspected; removed
102024,"performing ground ref man , throttle was at 1600 rpm , throttl . ran aircraft , engine ran very rough . number 2 and 3 egt ' s were much",throttle; throttl; aircraft; engine,ran very rough,ran
102025,"performing ground ref man , throttle was at 1600 rpm , throttl . inspected , found exhaust valve contacted piston . began",throttle; throttl; exhaust valve; piston,contacted,inspected
102026,"performing ground ref man , throttle was at 1600 rpm , throttl . reamed exhaust valve guides on number 1 , 2 and 4 cylinders in accordance with",throttle; throttl; exhaust valve guides; cylinders,,reamed
102027,"performing ground ref man , throttle was at 1600 rpm , throttl . ran engine , operations and leak check good . installed cowl and inches miner",throttle; throttl; engine; cowl,,ran; operations; leak check; installed
102028,"performing ground ref man , throttle was at 1600 rpm , throttl . installed baffles . direct drive overh",throttle; throttl; baffles,,installed
102029,"performing ground ref man , throttle was at 1600 rpm , throttl . removed number 3 aft cylinder ass and installed repaired cylinder assembly ki",throttle; throttl; cylinder ass; cylinder assembly,,removed; installed
102030,engine cowl dzus fasteners need retainers . installed fasteners .,engine; cowl dzus fasteners; retainers; fasteners,,installed
102031,"right-hand engine shutdown on landing , was able to restart and taxi . ran up engine , adjusted mixture and idle , operations check good .",engine,shutdown,ran up; adjusted; operations check
102032,number 2 intake on right-hand engine leaking . removed and replaced intake gasket .,intake; engine; intake gasket,leaking,removed; replaced
102033,right-hand engine number 3 rocker cover leaking . removed and replaced rocker cover gasket .,engine; rocker cover; rocker cover gasket,leaking,removed; replaced
102034,number 2 and 4 rocker cover on right-hand engine leaking . removed and replaced rocker cover gaskets .,rocker cover; engine; rocker cover gaskets,leaking,removed; replaced
102035,left-hand engine number 3 rocker cover leaking . removed and replaced rocker cover gasket on left-hand engine number 3 .,engine; rocker cover; rocker cover gasket,leaking,removed; replaced
102036,engine started and seemed to be running fine . suddenly engine . ground run checks good .,engine,,ground run checks
102037,engine started and seemed to be running fine . suddenly engine . removed all 4 injector nozzles . ultrasonically cleaned,engine; injector nozzles,,removed; ultrasonically cleaned; cleaned
102038,engine started and seemed to be running fine . suddenly engine . timed both mags to engine and torqued hold downs . ground,engine; mags; hold downs,,timed; torqued
102039,engine started and seemed to be running fine . suddenly engine . ground ran aircraft and found no rough engine . checked magneto timin,engine; aircraft; magneto timin,,ground ran; checked
102040,right-hand engine number 3 cylinder intake gasket is leaking . removed and replaced gasket .,engine; cylinder; intake gasket; gasket,leaking,removed; replaced
102041,right-hand engine number 4 cylinder intake gasket is leaking . removed and replaced gasket .,engine; cylinder; intake gasket; gasket,leaking,removed; replaced
102042,number 4 cylinder side baffle on left-hand engine is missing a bolt . installed new bolt .,cylinder; baffle; engine; bolt,missing,installed
102043,"left-hand engine , right-hand forward baffle seal is loose . removed and replaced baffle seal with new .",engine; baffle seal,loose,removed; replaced
102044,left-hand engine number 1 cylinder intake leaks . replaced gasket .,engine; cylinder; intake; gasket,leaks,replaced
102045,left-hand engine number 3 cylinder compression is low . run up leak check good .,engine; cylinder,low,run up leak check
102046,"left-hand engine number 3 cylinder compression is low . completed install of number 3 cylinder , lines and baffles .",engine; cylinder; lines; baffles,low,completed install
102047,left-hand engine number 3 cylinder compression is low . attempted staking valves - compression still 35 / 80 .,engine; cylinder; valves,low,attempted staking
102048,left-hand engine number 3 cylinder compression is low . removed baffles and lines . removed number 3 cylinder . installed repa,engine; cylinder; baffles; lines,low,removed; installed
102049,"right-hand engine number 1 cylinder intake gasket leaking , along with number 2 and 4 . removed and replaced right-hand intake gaskets .",engine; cylinder; intake gasket; intake gaskets,leaking,removed; replaced
102050,number 2 and 4 rocker covers leaking on left-hand engine . removed and replaced rocker cover gaskets on left-hand engine .,rocker covers; engine; rocker cover gaskets,leaking,removed; replaced
102051,all 4 valve covers leaking on right-hand engine . removed and replaced all 4 rocker cover gaskets on right-hand en,valve covers; engine; rocker cover gaskets,leaking,removed; replaced
102052,left baffle plug is worn . replaced plug .,baffle plug; plug,worn,replaced
102053,crack on oil cooler flange . stop drilled crack .,oil cooler flange,crack,stop drilled
102054,intakes 1 and 3 leaking . removed and replaced intake gasket .,intakes; intake gasket,leaking,removed; replaced
102055,cylinder number 4 rocker cover gasket is leaking . tightened screws .,cylinder; rocker cover gasket; screws,leaking,tightened
102056,cylinder number 1 and 3 bottom baffle is cracked at tie rod . fabricated patch of like material and installed in accordance with,cylinder; baffle; tie rod; patch; like material,cracked,fabricated; installed
102057,"number 3 cylinder rocker box cover screw missing . installed new screw , checked and tightened all rocker box c",cylinder; rocker box cover screw; screw; rocker box,missing,installed; checked; tightened
102058,number 4 intake leaking at oil sump . swaged tube .,intake; oil sump; tube,leaking,swaged
102059,number 4 intake leaking at oil sump . leak check good .,intake; oil sump,leaking,leak check
102060,cylinder number 2 intake gasket is leaking . removed and replaced intake gasket with new .,cylinder; intake gasket,leaking,removed; replaced
102061,intake gasket cylinder number 2 leaking . removed and replaced intake gasket .,intake gasket; cylinder,leaking,removed; replaced
102062,rocker cover gaskets cylinder number 2 and 4 leaking . removed and replaced rocker cover gaskets .,rocker cover gaskets; cylinder,leaking,removed; replaced
102063,aft engine baffle worn from rubbing . repositioned left baffle to clear from engine casing . d,engine; baffle; engine casing,worn; rubbing,repositioned
102064,number 1 cylinder baffle not behind cylinder nut - incorrect install . put in proper position .,cylinder; baffle; cylinder nut,not behind,incorrect install; put
102065,number 2 rocker cover leaking . removed and replaced rocker cover gasket .,rocker cover; rocker cover gasket,leaking,removed; replaced
102066,left-hand engine number 3 intake is leaking . replaced intake gasket .,engine; intake; intake gasket,leaking,replaced
102067,right-hand engine number 3 intake is leaking . replaced intake gasket .,engine; intake; intake gasket,leaking,replaced
102068,left-hand engine number 3 rocker cover is leaking . replaced rocker cover gasket .,engine; rocker cover; rocker cover gasket,leaking,replaced
102069,screw missing in number 3 side baffle . replaced screw .,screw; baffle,missing,replaced
102070,number 3 rocker cover gasket leaking . removed and replaced rocker cover gasket .,rocker cover gasket,leaking,removed; replaced
102071,number 2 rocker cover leaking . removed and replaced rocker cover gasket .,rocker cover; rocker cover gasket,leaking,removed; replaced
102072,"cooling baffle attachment bracket , behind oil fill tube , is . finished baffle install .",baffle attachment bracket; oil fill tube; baffle,,install
102073,engine cooling baffle seal loose on top left-hand side . reattached baffle seal on top left-hand side .,engine; baffle seal,loose,reattached
102074,"cooling baffle attachment bracket , behind oil fill tube , is . installed new bracket and started reinstalling baffle .",baffle attachment bracket; oil fill tube; bracket; baffle,,installed; started reinstalling
102075,number 1 rocker gasket seeping . installed fresh gasket .,rocker gasket; gasket,seeping,installed
102076,cylinder number 4 rocker cover gasket leaking . removed and replaced rocker cover gasket .,cylinder; rocker cover gasket,leaking,removed; replaced
102077,number 1 intake gasket torn . removed and replaced number 1 intake gasket .,intake gasket,torn,removed; replaced
102078,number 1 and 3 rocker gaskets leaking . removed and replaced rocker cover gaskets .,rocker gaskets; rocker cover gaskets,leaking,removed; replaced
102079,number 4 rocker gasket leaking . replaced rocker cover gasket .,rocker gasket; rocker cover gasket,leaking,replaced
102080,"number 3 push rod seals leaking . replaced seals , leak check good .",push rod seals; seals,leaking,replaced; leak check
102081,number 2 intake is leaking . removed and replaced gasket .,intake; gasket,leaking,removed; replaced
102082,number 4 rocker cover is leaking . removed and replaced gasket .,rocker cover; gasket,leaking,removed; replaced
102083,"number 1 intake is leaking at oil sump . cleaned , removed tube upper and reswaged lower tube in",intake; oil sump; tube upper; tube,leaking,cleaned; removed; reswaged
102084,number 4 intake gasket leaking . removed and replaced intake gasket .,intake gasket,leaking,removed; replaced
102085,number 4 rocker cover gasket leaking . removed and replaced rocker cover gasket .,rocker cover gasket,leaking,removed; replaced
102086,number 2 rocker cover gasket seeping . installed new rocker cover gasket .,rocker cover gasket,seeping,installed
102087,"rocker cover gasket , on cylinder number 3 , leaking . removed and replaced rocker cover gasket .",rocker cover gasket; cylinder,leaking,removed; replaced
102088,cylinder number 2 intake gasket leaking . removed and replaced intake gasket .,cylinder; intake gasket,leaking,removed; replaced
102089,throttle linkage at servo is sloppy . replaced throttle linkage arm .,throttle linkage; servo; throttle linkage arm,sloppy,replaced
102090,cylinder number 1 and 3 side baffle bolt is loose . tightened loose bolt and resafetied .,cylinder; baffle bolt; bolt,loose,tightened; resafetied
102091,engine aft right-hand ground strap needs to be secured . secured engine ground strap .,engine; ground strap; engine ground strap,,secured
102092,"cylinder number 1 and 3 bottom baffle is cracked . stop drilled crack , fabricated patch of like material and",cylinder; baffle; patch; like material,cracked; crack,stop drilled; fabricated
102093,right-hand engine number 2 and 4 side baffle seals are torn . installed fresh baffle seal .,engine; baffle seals; baffle seal,torn,installed
102094,"right-hand engine number 2 and 4 intake gaskets are leaking . removed and replaced intake gaskets , right-hand engine .",engine; intake gaskets,leaking,removed; replaced
102095,"number 2 and 4 intake gaskets are leaking , left-hand engine . removed and replaced intake gaskets , left-hand engine .",intake gaskets; engine,leaking,removed; replaced
102096,"number 2 , 3 and 4 rocker gaskets are leaking , left-hand engine . removed and replaced rocker gaskets , left-hand engine .",rocker gaskets; engine,leaking,removed; replaced
102097,"right-hand engine number 2 and 3 rocker gaskets are leaking . removed and replaced rocker cover gaskets , right-hand engine .",engine; rocker gaskets; rocker cover gaskets,leaking,removed; replaced
102098,screw behind oil filler tube loose . leak check ok .,screw; oil filler tube,loose,leak check
102099,"screw behind oil filler tube loose . removed oil filler tube , top oil cooler line , secured s",screw; oil filler tube; oil cooler line,loose,removed; secured
102100,spark plug cap loose on number 3 bottom spark plug . tightened cap on number 3 bottom spark plug .,spark plug cap; spark plug; cap,loose,tightened
102101,left-hand engine number 3 and 4 intakes are leaking . removed and replaced gaskets .,engine; intakes; gaskets,leaking,removed; replaced
102102,left-hand engine number 3 and 4 rocker covers are leaking . removed and replaced gaskets .,engine; rocker covers; gaskets,leaking,removed; replaced
102103,"right-hand engine cylinder number 2 , 3 , 4 intake gaskets leaking . removed and replaced right-hand engine intake gaskets .",engine; cylinder; intake gaskets,leaking,removed; replaced
102104,tool on top of engine between cylinders . removed tool,tool; engine; cylinders,,removed
102105,number 3 cylinder baffle is missing screw on bracket . installed new screw .,cylinder; baffle; screw; bracket,missing,installed
102106,cylinder number 2 rocker cover gasket damaged . removed and replaced rocker cover gasket .,cylinder; rocker cover gasket,damaged,removed; replaced
102107,number 2 intake leaking . replaced number 2 intake gasket .,intake; intake gasket,leaking,replaced
102108,"left-hand engine number 3 baffle aft seal loose . secured number 3 baffle seal , left-hand .",engine; baffle; seal; baffle seal,loose,secured
102109,number 2 and 4 side baffle seals torn on right-hand engine . repaired number 2 and 4 baffle seals on right-hand side .,baffle seals; engine,torn,repaired
102110,number 1 induction tube gasket leaking . replaced intake gasket .,induction tube gasket; intake gasket,leaking,replaced
102111,both left-hand and right-hand baffle plugs worn . installed new baffle plugs .,baffle plugs,worn,installed
102112,broken anchor assembly on number 1 cylinder . removed and replaced anchor assembly on number 1 cylinder .,anchor assembly; cylinder,broken,removed; replaced
102113,"number 2 cylinder forward baffle cracked . disassembled as required , determined baffle was previou",cylinder; baffle,cracked,disassembled; determined
102114,cylinder number 2 intake gasket leaking . removed and replaced gasket with new .,cylinder; intake gasket; gasket,leaking,removed; replaced
102115,number 2 and 3 rocker gaskets leaking . removed and replaced rocker gaskets .,rocker gaskets,leaking,removed; replaced
102116,number 3 and 4 intake gaskets are leaking . removed and replaced intake gaskets .,intake gaskets,leaking,removed; replaced
102117,right-hand engine number 2 stack broken off . removed and replaced stack .,engine; stack,broken,removed; replaced
102118,intake gasket number 4 is leaking . installed new intake gasket .,intake gasket,leaking,installed
102119,number 2 and 4 rocker cover gaskets leaking . removed and replaced rocker cover gaskets .,rocker cover gaskets,leaking,removed; replaced
102120,"screw missing on engine cooling baffle , right-hand side next to oil . installed new screw .",screw; engine; baffle; oil,missing,installed
102121,"during high speed roll , aircraft had strong vibration . ran and taxied aircraft . performed compression check . cleaned , ga",aircraft,vibration,ran; taxied; compression check; cleaned
102122,"number 2 and 3 intake gaskets leaking . replaced gaskets , leak check good .",intake gaskets; gaskets,leaking,replaced; leak check
102123,"after 20 inches manifold pressure , applied full throttle , started . warmed up both engines , operations checked both engines noting n",throttle; engines,,applied; started; warmed up; operations checked
102124,number 2 intake leaking . removed and replaced number 2 intake gasket .,intake; intake gasket,leaking,removed; replaced
102125,number 4 and 2 induction tube gasket leaking . removed and replaced intakes .,induction tube gasket; intakes,leaking,removed; replaced
102126,"cylinder number 2 , 3 , 4 intake gaskets leaking . removed and replaced intake gaskets .",cylinder; intake gaskets,leaking,removed; replaced
102127,"cylinder number 2 , 3 , 4 rocker cover gaskets leaking . removed and replaced rocker cover gaskets .",cylinder; rocker cover gaskets,leaking,removed; replaced
102128,cylinder number 4 intake gasket is leaking . removed and replaced gasket .,cylinder; intake gasket; gasket,leaking,removed; replaced
102129,cylinder number 1 wiring harness support bracket is broken . removed and replaced standoff .,cylinder; wiring harness support bracket; standoff,broken,removed; replaced
102130,"air induction elbow to servo boot is weeping fuel . removed , disassembled , cleaned and inspected boot , no def",air induction elbow,weeping fuel,removed; disassembled; cleaned; inspected
102131,number 3 cylinder rocker gasket seeping . installed fresh gasket .,cylinder; rocker gasket; gasket,seeping,installed
102132,number 2 intake gasket leaking . removed and replaced intake gasket .,intake gasket,leaking,removed; replaced
102133,"number 1 , 3 and 4 rocker covers leaking . removed and replaced rocker cover gaskets .",rocker covers; rocker cover gaskets,leaking,removed; replaced
102134,number 2 intake leaking . removed and replaced intake gasket .,intake; intake gasket,leaking,removed; replaced
102135,number 2 induction tube gasket leaking . installed new induction tube gasket .,induction tube gasket,leaking,installed
102136,number 2 intake leaking . replaced gasket .,intake; gasket,leaking,replaced
102137,2 baffle plugs needs to be replaced . replaced plugs .,baffle plugs; plugs,,replaced
102138,number 2 side baffle seal staples loose . tightened / recrimped staples .,baffle seal staples; staples,loose,tightened; recrimped
102139,number 2 and 4 rocker gaskets leaking . removed and replaced rocker cover gaskets . leak check good .,rocker gaskets; rocker cover gaskets,leaking,removed; replaced; leak check
102140,engine could not start . started both engines using normal procedures .,engine; both engines,could not start,started
102141,number 3 intake leaking . removed and replaced intake gasket .,intake; intake gasket,leaking,removed; replaced
102142,number 3 rocker cover leaking . removed and replaced rocker cover gasket .,rocker cover; rocker cover gasket,leaking,removed; replaced
102143,"number 4 cylinder compression 15 / 80 . ran aircraft , operations and leak check good .",cylinder; aircraft,,ran; operations; leak check
102144,number 4 cylinder compression 15 / 80 . serviced with 8 quarts mineral oil .,cylinder; mineral oil,,serviced
102145,"number 4 cylinder compression 15 / 80 . disconnected number 4 cylinder fuel and oil lines , intake , exhaust s",cylinder; fuel and oil lines; intake; exhaust s,,disconnected
102146,number 4 cylinder compression 15 / 80 . installed cylinder number 4 push rods and lifted assembly . reinstalled c,cylinder; push rods; lifted assembly,,installed; reinstalled
102147,cylinder number 2 intake gasket leaking . removed and replaced intake gasket .,cylinder; intake gasket,leaking,removed; replaced
102148,cowl shock mount number 7 damaged . removed and replaced cowl shock mount .,cowl shock mount,damaged,removed; replaced
102149,"right-hand aft baffle bracket screw missing . removed oil filler tube , located and reinstalled baffle s",baffle bracket; baffle bracket screw; oil filler tube; baffle s,missing,removed; located; reinstalled
102150,missing screw on left-hand engine number 3 baffle . replaced number 3 baffle screw on left-hand engine .,screw; engine; baffle; baffle screw,missing,replaced
102151,number 3 intake leaking on left-hand engine . removed and replaced number 3 intake gasket on left-hand engine .,intake; engine; intake gasket,leaking,removed; replaced
102152,"number 3 and 4 intake gaskets leaking , right-hand engine . removed and replaced right-hand engine intake gaskets .",intake gaskets; engine,leaking,removed; replaced
102153,intake gasket to cylinder number 1 is leaking . installed new intake gasket .,intake gasket; cylinder,leaking,installed
102154,number 4 intake leaking . removed and replaced number 4 intake gasket .,intake; intake gasket,leaking,removed; replaced
102155,number 4 rocker cover leaking . removed and replaced number 4 rocker cover gasket .,rocker cover; rocker cover gasket,leaking,removed; replaced
102156,cylinder number 4 rocker cover gasket is leaking . removed and replaced gasket with new .,cylinder; rocker cover gasket; gasket,leaking,removed; replaced
102157,cylinder number 2 intake gasket is leaking . removed and replaced intake gasket with new .,cylinder; intake gasket,leaking,removed; replaced
102158,cylinder number 4 intake gasket leaking . removed and replaced gasket .,cylinder; intake gasket; gasket,leaking,removed; replaced
102159,"intake gasket , cylinder number 2 , leaking . removed and replaced intake gasket .",intake gasket; cylinder,leaking,removed; replaced
102160,rocker cover gasket cylinder number 3 leaking . removed and replaced rocker cover gasket .,rocker cover gasket; cylinder,leaking,removed; replaced
102161,"right-hand aft baffle screw missing . located and reinstalled screw . removed oil filler tube , i",baffle screw; screw; oil filler tube,missing,located; reinstalled; removed
102162,"cylinder number 2 , 3 , 4 rocker cover gasket leaking . removed and replaced rocker cover gasket .",cylinder; rocker cover gasket,leaking,removed; replaced
102163,number 1 and 3 rocker gaskets leaking . removed and replaced rocker cover gaskets .,rocker gaskets; rocker cover gaskets,leaking,removed; replaced
102164,air inlet tube damaged . removed and replaced air inlet .,air inlet tube; air inlet,damaged,removed; replaced
102165,"while making right turn , climbing out - heard loud knock , co . inspected engine , cabin , m / r system - no defects noted .",engine; cabin; m / r system,loud knock,inspected
102166,left-hand engine tachometer generator leaks at seal . replaced seal in carrier .,engine; seal; carrier,leaks,replaced
102167,"left-hand engine tachometer generator leaks at seal . installed tachometer generator , leak checked ok .",engine; seal,leaks,installed; leak checked
102168,"left-hand engine tachometer generator leaks at seal . removed tachometer , cleaned old gasket . removed garlock seal",engine; seal; gasket; garlock seal,leaks,removed; cleaned
102169,"number 2 , 3 , and 4 intakes leaking on left-hand engine . installed new intake gaskets .",intakes; engine; intake gaskets,leaking,installed
102170,"intakes number 1 , 2 , 3 and 4 leaking on right-hand engine . installed new intake gaskets .",intakes; engine; intake gaskets,leaking,installed
102171,left-hand outboard baffle spring is broken . removed and replaced spring with new .,baffle spring; spring,broken,removed; replaced
102172,number 1 and 2 rocker cover gaskets leaking . removed and replaced rocker cover gaskets .,rocker cover gaskets,leaking,removed; replaced
102173,number 3 intake leaking . removed and replaced intake gasket .,intake; intake gasket,leaking,removed; replaced
102174,left-hand engine aft left-hand baffle at oil cooler cracked . installed repaired rear left-hand baffle .,engine; baffle; oil cooler,cracked,installed
102175,intakes number 3 and 4 leaking on left-hand engine . removed and replaced intake gaskets . torqued bolts to spe,intakes; engine; intake gaskets; bolts,leaking,removed; replaced; torqued
102176,"left-hand side engine number 2 , 3 , 4 intakes leaking . replaced gaskets .",engine; intakes; gaskets,leaking,replaced
102177,"crack in front engine baffle , left-hand side . stop drilled crack .",engine; baffle,crack,stop drilled
102178,"engine baffle seal torn , bottom right-hand corner . repaired and secured baffle seal .",engine; baffle seal; corner,torn,repaired; secured
102179,"number 2 , 3 and 4 rocker cover gaskets leaking , left-hand engine . removed and replaced gaskets .",rocker cover gaskets; engine; gaskets,leaking,removed; replaced
102180,"number 1 , 3 and 4 rocker cover gaskets leaking on right-hand engine . removed and replaced gaskets .",rocker cover gaskets; engine; gaskets,leaking,removed; replaced
102181,"left-hand number 3 intake gasket is leaking . removed and replaced number 3 intake gasket , left-hand engine .",intake gasket; engine,leaking,removed; replaced
102182,"right-hand number 2 and 3 intake gaskets leaking . removed and replaced number 2 and 3 intake gaskets , right-hand engine .",intake gaskets; engine,leaking,removed; replaced
102183,number 3 rocker box cover gasket leaking . installed new number 3 rocker box cover gasket .,rocker box cover gasket,leaking,installed
102184,number 2 rocker cover gasket leaking . removed and replaced rocker cover gasket .,rocker cover gasket,leaking,removed; replaced
102185,broken anchor standby assembly on number 3 cylinder . removed and replaced anchor standby assembly .,anchor standby assembly; cylinder,broken,removed; replaced
102186,top engine cooling fan baffle plugs worn out . removed and replaced baffle plugs .,engine; cooling fan; baffle plugs,worn,removed; replaced
102187,cylinder number 4 intake gasket leaking . removed and replaced intake gasket .,cylinder; intake gasket,leaking,removed; replaced
102188,number 3 cylinder rocker cover gasket leaking . removed and replaced rocker cover gasket .,cylinder; rocker cover gasket,leaking,removed; replaced
102189,"intake gaskets , cylinder number 2 and 4 , leaking . removed and replaced intake gaskets .",intake gaskets; cylinder,leaking,removed; replaced
102190,"rocker cover gasket , cylinder number 2 and 4 , leaking . removed and replaced rocker cover gaskets .",rocker cover gasket; cylinder; rocker cover gaskets,leaking,removed; replaced
102191,number 4 intake gasket is leaking . removed and replaced gasket with new .,intake gasket; gasket,leaking,removed; replaced
102192,"cylinder number 1 , 3 , 4 intake gaskets leaking . removed and replaced intake gaskets .",cylinder; intake gaskets,leaking,removed; replaced
102193,broken anchor assembly on number 2 cylinder . removed and replaced anchor assembly on number 2 cylinder .,anchor assembly; cylinder,broken,removed; replaced
102194,left-hand engine number 4 side baffle is missing a bolt . replaced missing bolt .,engine; baffle; bolt,missing,replaced
102195,intake number 2 and 4 leaking on right-hand engine . removed and replaced intake gaskets .,intake; engine; intake gaskets,leaking,removed; replaced
102196,"intake 1 , 2 , 3 and 4 leaking on left-hand engine . installed new intake gaskets .",intake; engine; intake gaskets,leaking,installed
102197,"rocker covers 2 , 3 and 4 leaking on right-hand engine . removed and replaced rocker cover gaskets .",rocker covers; engine; rocker cover gaskets,leaking,removed; replaced
102198,left-hand and right-hand aft number 4 baffles have cracks . stop drilled cracks .,baffles,cracks,stop drilled
102199,right-hand number 3 intake is leaking . removed and replaced right-hand number 3 intake gasket .,intake; intake gasket,leaking,removed; replaced
102200,left-hand number 4 intake gasket leaking . removed and replaced left-hand number 4 intake gasket .,intake gasket,leaking,removed; replaced
102201,left-hand engine number 1 and 3 baffle tie rod wearing on interbaffle . repositioned tie rod .,engine; baffle tie rod; interbaffle; tie rod,wearing,repositioned
102202,left-hand number 3 and 4 rocker cover gaskets leaking . removed and replaced left-hand number 3 and 4 rocker cover gaskets .,rocker cover gaskets,leaking,removed; replaced
102203,number 2 cylinder intake gasket is leaking . removed and replaced gasket .,cylinder; intake gasket; gasket,leaking,removed; replaced
102204,aircraft will not start . brought aircraft in hangar to warm up . aircraft started .,aircraft,will not start,brought; started
102205,2 and 4 intakes leaking . removed and replaced both intake gaskets .,intakes; intake gaskets,leaking,removed; replaced
102206,"number 2 rocker gasket is leaking . replaced gaskets , leak check good .",rocker gasket; gaskets,leaking,replaced; leak check
102207,screw loose on engine baffling . tightened screw .,screw; engine baffling,loose,tightened
102208,number 1 rocker gasket is leaking . replaced rocker seal .,rocker gasket; rocker seal,leaking,replaced
102209,left engine number 3 intake is leaking . removed and replaced intake gasket with new .,engine; intake; intake gasket,leaking,removed; replaced
102210,number 3 induction tube gasket leaking . installed new number 3 induction tube gasket .,induction tube gasket,leaking,installed
102211,cylinder number 3 and 4 rocker cover gaskets leaking . removed and replaced rocker cover gaskets .,cylinder; rocker cover gaskets,leaking,removed; replaced
102212,cylinder number 1 and 2 rocker cover gaskets leaking . removed and replaced rocker cover gaskets .,cylinder; rocker cover gaskets,leaking,removed; replaced
102213,cylinder number 3 rocker cover gasket leaking . removed and replaced rocker cover gasket .,cylinder; rocker cover gasket,leaking,removed; replaced
102214,"engine baffle , right-hand aft next to number 3 cylinder , needs to be screwed i . removed oil dipstick , installed baffle screw , reinstall",engine; baffle; cylinder; oil dipstick; baffle screw,,screwed; removed; installed; reinstall
102215,cylinder number 1 rocker cover gasket leaking . removed and replaced cylinder number 1 rocker cover gasket .,cylinder; rocker cover gasket,leaking,removed; replaced
102216,cylinder number 2 rocker cover gasket leaking . removed and replaced cylinder number 2 rocker cover gasket .,cylinder; rocker cover gasket,leaking,removed; replaced
102217,"oil leak on right-hand engine , backbone case seam . leak check good .",oil; engine; backbone case seam,leak,leak check
102218,"left-hand engine , left-hand baffle tie rod damaged . replaced tie rod with new .",engine; baffle tie rod; tie rod,damaged,replaced
102219,left-hand engine number 1 rocker box cover leaking . installed new rocker box cover gasket .,engine; rocker box cover; rocker box cover gasket,leaking,installed
102220,"oil leak on right-hand engine , backbone case seam . removed leaking bolt . cleaned and sealed . reinstalled bol",oil; engine; backbone case seam; bolt,leak; leaking,removed; cleaned; sealed; reinstalled
102221,number 1 intake gasket leaks . removed and replaced number 1 intake gasket .,intake gasket,leaks,removed; replaced
102222,right-hand engine left side aft baffle cracked . leak check good .,engine; baffle,cracked,leak check
102223,right-hand engine left side aft baffle cracked . disconnected oil line from baffle . removed and replaced b,engine; baffle; oil line,cracked,disconnected; removed; replaced
102224,right-hand engine all rocker cover gaskets leaking . removed and replaced all right-hand engine rocker cover gaskets .,engine; rocker cover gaskets,leaking,removed; replaced
102225,right-hand engine number 2 intake is leaking . installed new number 2 intake gasket .,engine; intake; intake gasket,leaking,installed
102226,"left-hand engine number 3 rocker cover is leaking . replaced gasket , cleaned area .",engine; rocker cover; gasket,leaking,replaced; cleaned
102227,number 4 intake is leaking . removed and replaced gasket .,intake; gasket,leaking,removed; replaced
102228,right-hand engine baffle plug missing . installed baffle plug hole doubler fabricated from like,engine; baffle plug; baffle plug hole doubler,missing,installed; fabricated
102229,cylinder number 1 intake gasket is leaking . removed and replaced intake gasket .,cylinder; intake gasket,leaking,removed; replaced
102230,number 2 intake is leaking . removed and replaced intake gasket .,intake; intake gasket,leaking,removed; replaced
102231,left-hand engine baffle plug missing . installed left-hand baffle plug doubler and new baffle plug .,engine; baffle plug; baffle plug doubler,missing,installed
102232,cylinder number 2 rocker cover gasket leaking . removed and replaced cylinder number 2 rocker cover gasket .,cylinder; rocker cover gasket,leaking,removed; replaced
102233,cowl shock mount number 1 torn . removed and replaced cowl shock mount .,cowl shock mount,torn,removed; replaced
102234,"at full power smoothly applied , engines would vibrate viol . ran engines - problem is on left-hand engine , running rather",engines would vibrate viol; engines; engine,,applied; ran
102235,"at full power smoothly applied , engines would vibrate viol . removed left-hand carburetor , installed carburetor",engines would vibrate viol; carburetor,,applied; removed; installed
102236,left-hand engine baffle screw missing . replaced engine baffle screw .,engine; baffle screw,missing,replaced
102237,number 2 cylinder intake gasket leaking . installed new intake gasket .,cylinder; intake gasket,leaking,installed
102238,"accessory pad behind alternator has bracket installed with not . found to be factory installed , no further action requir",accessory pad; alternator; bracket,,found
102239,number 4 intake leaking on left-hand engine . removed and replaced number 4 intake gasket on left-hand engine .,intake; engine; intake gasket,leaking,removed; replaced
102240,"intake leaking on right-hand engine , number 3 . removed and replaced number 3 intake gasket on right-hand engine .",intake; engine; intake gasket,leaking,removed; replaced
102241,number 3 rocker cover leaking on left-hand engine . removed and replaced number 3 rocker cover gasket on left-hand engine,rocker cover; engine; rocker cover gasket,leaking,removed; replaced
102242,"number 2 to number 4 cylinder baffle tie rod broken on left engine . removed broken end , rethreaded and secured tie rod .",cylinder; baffle tie rod; engine; tie rod,broken,removed; rethreaded; secured
102243,bolt with barrel at aft right-hand side of engine missing . installed new barrel nut and screw .,bolt; barrel; engine; barrel nut; screw,missing,installed
102244,right-hand engine number 3 cylinder intake gasket is leaking . removed and replaced gasket with new .,engine; cylinder; intake gasket; gasket,leaking,removed; replaced
102245,"bolt missing on number 4 cylinder baffle , right-hand engine . replaced missing bolt .",bolt; cylinder; baffle; engine,missing,replaced
102246,"rocker covers 2 , 3 , 4 leaking on left-hand engine . removed and replaced gaskets .",rocker covers; engine; gaskets,leaking,removed; replaced
102247,"right-hand engine , right-hand forward baffle cracked . removed baffle from engine , fabricated patch from like",engine; baffle; patch,cracked,removed; fabricated
102248,"intakes 2 , 3 and 4 leaking on left-hand engine . removed and replaced gaskets on intakes 2 , 3 , 4 . left-hand engi",intakes; engine; gaskets,leaking,removed; replaced
102249,"intakes 2 , 3 and 4 leaking on right-hand engine . removed and replaced gaskets on intakes 2 , 3 , 4 . right-hand engi",intakes; engine; gaskets,leaking,removed; replaced
102250,both engines have screws between cylinders on side baffles t . removed screws .,engines; screws; cylinders; baffles,,removed
102251,cylinder number 2 rocker cover gasket leaking . installed new rocker cover gasket .,cylinder; rocker cover gasket,leaking,installed
102252,number 4 cylinder intake gasket is leaking . removed and replaced gasket .,cylinder; intake gasket; gasket,leaking,removed; replaced
102253,number 3 cylinder rocker cover gasket is leaking . removed and replaced gasket .,cylinder; rocker cover gasket; gasket,leaking,removed; replaced
102254,number 2 rocker cover gasket is squeezed out . removed and replaced gasket .,rocker cover gasket; gasket,squeezed out,removed; replaced
102255,screw missing from right-hand aft baffle . replaced missing screw .,screw; baffle,missing,replaced
102256,number 4 rocker cover leaking . removed and replaced number 4 rocker gasket .,rocker cover; rocker gasket,leaking,removed; replaced
102257,"exceeded propeller limits , 2710 rpm for a few seconds . downloaded information and completed actions per .",propeller; information,exceeded,downloaded; completed actions
102258,number 3 rocker cover leaks . removed and replaced number 3 rocker cover gasket .,rocker cover; rocker cover gasket,leaks,removed; replaced
102259,baffle tie rod loose on left-hand side of right-hand engine . tightened tie rod .,baffle tie rod; engine; tie rod,loose,tightened
102260,crack in right-hand number 4 baffle bracket . crack has been previously stop drilled .,baffle bracket,crack,stop drilled
102261,"number 4 intake gasket leaking on right-hand engine . removed and replaced number 4 intake gasket , right-hand engine .",intake gasket; engine,leaking,removed; replaced
102262,number 3 intake gasket leaking on right-hand engine . removed and replaced number 3 intake gasket on right-hand engine .,intake gasket; engine,leaking,removed; replaced
102263,"number 3 intake gasket on left-hand engine is leaking . removed and replaced number 3 intake gasket , left-hand engine .",intake gasket; engine,leaking,removed; replaced
102264,"right-hand engine bleed air duct chafing on cowl . repositioned line , resafetied .",engine; bleed air duct; cowl; line,chafing,repositioned; resafetied
102265,"number 2 intake gasket leaking . replaced gasket , leak check good .",intake gasket; gasket,leaking,replaced; leak check
102266,number 2 and 3 rocker cover gaskets leaking . removed and replaced rocker cover gaskets . leak check good .,rocker cover gaskets,leaking,removed; replaced; leak check
102267,number 3 intake gasket leaking . replaced gasket .,intake gasket; gasket,leaking,replaced
102268,number 4 intake gasket is leaking . replaced gasket .,intake gasket; gasket,leaking,replaced
102269,"rocker cover gasket on cylinder number 3 , 4 leaking . removed and replaced rocker cover gaskets .",rocker cover gasket; cylinder; rocker cover gaskets,leaking,removed; replaced
102270,cylinder number 2 intake leaking on right-hand engine . removed and replaced intake gasket .,cylinder; intake; engine; intake gasket,leaking,removed; replaced
102271,"leaking rocker cover gaskets , cylinder number 3 and 4 . removed and replaced gaskets .",rocker cover gaskets; cylinder; gaskets,leaking,removed; replaced
102272,"engine aft baffle , next to number 3 cylinder , has sheared rivets . deriveted shear rivets . installed screws and nuts . reinst",engine; baffle; cylinder; rivets; shear rivets; screws; nuts,sheared,deriveted; installed
102273,"number 2 , 3 , 4 rocker gaskets leaking . removed and replaced rocker cover gaskets .",rocker gaskets; rocker cover gaskets,leaking,removed; replaced
102274,number 1 rocker cover gasket leaks . replaced gasket .,rocker cover gasket; gasket,leaks,replaced
102275,baffle cracked behind alternator . stop drilled and removed excess metal from cracked area .,baffle; alternator; excess metal,cracked,stop drilled; removed
102276,cylinder number 4 and 3 rocker cover gaskets leaking . installed new number 3 and 4 rocker box cover gasket .,cylinder; rocker cover gaskets; rocker box cover gasket,leaking,installed
102277,"3 , 2 and 4 intakes leaking on left-hand engine . installed new intake gaskets .",intakes; engine; intake gaskets,leaking,installed
102278,right-hand engine aft inboard baffle at oil cooler cracked . stop drilled cracks in baffle .,engine; baffle; oil cooler,cracked; cracks,stop drilled
102279,number 1 and 3 rocker covers leaking on left-hand engine . installed new rocker cover gaskets .,rocker covers; engine; rocker cover gaskets,leaking,installed
102280,number 1 and 3 cylinder side baffles cracked . fabricated patch of like material and riveted in accordance with,cylinder; baffles; patch; like material,cracked,fabricated
102281,"after engine start , engine ran rough but then smoked out . af . ran aircraft , magneto checks good and leak check good .",engine; aircraft,ran rough; smoked out,ran; magneto checks; leak check
102282,"after engine start , engine ran rough but then smoked out . af . removed both magnetos for inspection . no defects noted .",engine; magnetos,ran rough; smoked out,removed; inspection
102283,"after engine start , engine ran rough but then smoked out . af . installed right-hand engine side baffle , routed oil lines and se",engine; baffle; oil lines,ran rough; smoked out,installed; routed
102284,"after engine start , engine ran rough but then smoked out . af . installed both magnetos , timed and torqued to specs . inst",engine; magnetos,ran rough; smoked out,installed; timed; torqued
102285,"rocker cover gaskets number 2 , 4 are leaking . removed and replaced rocker cover gaskets .",rocker cover gaskets,leaking,removed; replaced
102286,"on run up , faulty magneto check procedures . ran aircraft , no defects noted . magneto drops 100 rpm .",magneto; aircraft,faulty,ran
102287,"leaking rocker cover gaskets , cylinder number 3 and 4 . removed and replaced rocker cover gaskets .",rocker cover gaskets; cylinder,leaking,removed; replaced
102288,number 4 cylinder rocker cover gasket leaking . removed and replaced rocker cover gasket .,cylinder; rocker cover gasket,leaking,removed; replaced
102289,"number 3 rocker cover leaking , left-hand . leak check good .",rocker cover,leaking,leak check
102290,number 3 rocker cover leaking on right-hand engine . leak check good .,rocker cover; engine,leaking,leak check
102291,number 2 and 3 intakes leaking on left-hand engine . replaced gaskets .,intakes; engine; gaskets,leaking,replaced
102292,left-hand baffle rod broken on left-hand engine . removed and replaced rod .,baffle rod; engine; rod,broken,removed; replaced
102293,"number 3 rocker cover leaking , left-hand . removed and replaced rocker cover gasket .",rocker cover; rocker cover gasket,leaking,removed; replaced
102294,number 2 and 3 intakes leaking on right-hand engine . removed and replaced intake gaskets .,intakes; engine; intake gaskets,leaking,removed; replaced
102295,number 3 rocker cover leaking on right-hand engine . removed and replaced rocker cover gasket .,rocker cover; engine; rocker cover gasket,leaking,removed; replaced
102296,number 2 and 3 intake gaskets leaking . removed and replaced intake gaskets . leak check good .,intake gaskets,leaking,removed; replaced; leak check
102297,number 2 and 4 intakes are leaking . removed and replaced intake gaskets .,intakes; intake gaskets,leaking,removed; replaced
102298,number 4 rocker cover leaking . removed and replaced rocker cover gasket .,rocker cover; rocker cover gasket,leaking,removed; replaced
102299,"number 3 and 2 rocker cover gaskets leak , right-hand engine . removed and replaced rocker cover gaskets .",rocker cover gaskets; engine,leak,removed; replaced
102300,"number 3 and 2 rocker cover gaskets leak , left-hand engine . removed and replaced rocker covers gaskets .",rocker cover gaskets; engine; rocker covers gaskets,leak,removed; replaced
102301,left-hand outboard baffle tie broken . removed and replaced baffle tie .,baffle tie,broken,removed; replaced
102302,"right-hand engine , left-hand baffle tie rod is broken . removed and replaced tie rod .",engine; baffle tie rod; tie rod,broken,removed; replaced
102303,right-hand engine number 3 and 4 cylinder intake gaskets are leaking . removed and replaced gaskets .,engine; cylinder; intake gaskets; gaskets,leaking,removed; replaced
102304,"right-hand engine number 4 cylinder aft baffle , aft baffle corner support bracket . stop drilled crack .",engine; cylinder; baffle; baffle corner support bracket,crack,stop drilled
102305,number 2 and 4 intake gaskets leaking . replaced gaskets .,intake gaskets; gaskets,leaking,replaced
102306,"overspeed propeller 2700 rpm for 3 seconds , noticed 2760 rpm max . reviewed fdm data , determined overspeed to be 2778 . complied with",propeller; fdm data,overspeed,reviewed; determined; complied
102307,"climbed to altitude and attempted descent back to altitude lea . review of fdm data showed momentary rpm of 2733 . 7 , comp",fdm data,,review
102308,right-hand engine number 2 cylinder forward baffle is missing a screw . installed new screw .,engine; cylinder; baffle; screw,missing,installed
102309,right-hand engine number 3 cylinder rocker cover gasket is leaking . installed new gasket .,engine; cylinder; rocker cover gasket; gasket,leaking,installed
102310,left-hand engine number 3 and 4 cylinder intake gaskets are leaking . installed new gaskets on number 3 and 4 intake pipes .,engine; cylinder; intake gaskets; gaskets; intake pipes,leaking,installed
102311,"left-hand engine number 2 , 3 and 4 cylinder rocker cover gaskets are leaking . installed new gaskets on 2 , 3 , 4 rocker covers .",engine; cylinder; rocker cover gaskets; gaskets; rocker covers,leaking,installed
102312,baffle plugs missing . installed new plugs .,baffle plugs; plugs,missing,installed
102313,cylinder number 2 intake gasket leaking . removed and replaced intake gasket .,cylinder; intake gasket,leaking,removed; replaced
102314,engine baffle rubber seal insecure at number 2 cylinder . attached / secured baffle rubber seal .,engine; baffle rubber seal; cylinder,,attached; secured
102315,cylinder number 2 intake gasket is leaking . removed and replaced gasket with new .,cylinder; intake gasket; gasket,leaking,removed; replaced
102316,"engine aft baffle cylinder number 3 area has sheared rivets on support . removed sheared rivets , installed screws and nuts on supp",engine; baffle cylinder; rivets; support; screws; nuts,sheared,removed; installed
102317,right-hand and left-hand side of front baffle seal torn . secured right-hand and left-hand baffle seal .,baffle seal,torn,secured
102318,number 1 cylinder side baffle is cracked . stop drilled crack .,cylinder; baffle,cracked; crack,stop drilled
102319,number 4 intake gasket tube is leaking at sump . ordered new intake tube at sump .,intake gasket tube; intake tube; sump,leaking,ordered
102320,number 4 intake gasket tube is leaking at sump . reswaged tube and reinstalled with new gasket . leak checked and,intake gasket tube; tube; gasket,leaking,reswaged; reinstalled; leak checked
102321,number 1 rocker cover leaking . removed and replaced rocker cover gasket .,rocker cover; rocker cover gasket,leaking,removed; replaced
102322,right-hand aft baffle plug bad . removed and replaced right-hand aft baffle plug .,baffle plug,bad,removed; replaced
102323,"left aft baffle screw loose , by number 4 rocker cover . tightened screw .",baffle screw; rocker cover; screw,loose,tightened
102324,"crack in engine cooling baffle , around landing light wire se . stop drilled crack .",engine; baffle; landing light wire se,crack,stop drilled
102325,"crack in engine cooling baffle , next to right-hand upper motor moun . ordered new baffle .",engine; baffle; upper motor moun,crack,ordered
102326,"crack in engine cooling baffle , next to right-hand upper motor moun . installed new number 3 aft baffle .",engine; baffle; upper motor moun,crack,installed
102327,number 3 induction tube gasket leaking . replaced gasket .,induction tube gasket; gasket,leaking,replaced
102328,"left-hand engine , left-hand aft baffle cracked , several places . leak check propeller oil line - good .",engine; baffle; propeller oil line,cracked,leak check
102329,"left-hand engine , left-hand aft baffle cracked , several places . replaced baffle with repaired assembly .",engine; baffle; assembly,cracked,replaced
102330,"intake gaskets from cylinder number 1 , 2 leaking . removed and replaced intake gaskets .",intake gaskets; cylinder,leaking,removed; replaced
102331,cylinder number 2 rocker cover gasket leaking . removed and replaced rocker cover gasket .,cylinder; rocker cover gasket,leaking,removed; replaced
102332,"intake gasket leaking , cylinder number 2 and 3 . removed and replaced intake gaskets .",intake gasket; cylinder; intake gaskets,leaking,removed; replaced
102333,"rocker cover gasket leaking , cylinder number 2 , 3 and 4 . removed and replaced rocker cover gaskets .",rocker cover gasket; cylinder; rocker cover gaskets,leaking,removed; replaced
102334,right-hand engine baffle plug bad . installed new baffle plug .,engine; baffle plug,bad,installed
102335,right-hand rear engine baffle screw missing . installed new screw .,engine; baffle screw; screw,missing,installed
102336,"cylinder number 2 , 1 intake gaskets leaking . removed and replaced intake gaskets .",cylinder; intake gaskets,leaking,removed; replaced
102337,"cylinder number 3 aft baffle support rivets sheared . disconnected oil pressure line , removed baffle , reattac",cylinder; baffle support; rivets; oil pressure line; baffle,sheared,disconnected; removed
102338,left-hand engine baffle plug bad . installed new baffle plug .,engine; baffle plug,bad,installed
102339,right-hand number 1 and 3 intake gaskets leaking . replaced gaskets .,intake gaskets; gaskets,leaking,replaced
102340,right-hand engine has 4 leaking rocker gaskets . removed and replaced all 4 rocker cover gaskets .,engine; rocker gaskets; rocker cover gaskets,leaking,removed; replaced
102341,"left-hand engine number 2 , 3 , 4 rocker gaskets are leaking . removed and replaced rocker cover gaskets .",engine; rocker gaskets; rocker cover gaskets,leaking,removed; replaced
102342,"left-hand engine , all 4 intake gaskets are leaking . removed and replaced all 4 intake gaskets .",engine; intake gaskets,leaking,removed; replaced
102343,"baffle seal torn , bottom left side . resecured baffle seal .",baffle seal,torn,resecured
102344,number 4 rocker cover gasket leaking . removed and replaced rocker cover gasket .,rocker cover gasket,leaking,removed; replaced
102345,number 4 intake on right-hand engine leaking . removed and replaced intake gasket .,intake; engine; intake gasket,leaking,removed; replaced
102346,intakes 2 and 4 leaking on left-hand engine . removed and replaced intake gaskets .,intakes; engine; intake gaskets,leaking,removed; replaced
102347,rocker cover number 1 leaking on left-hand engine . removed and replaced rocker cover gasket .,rocker cover; engine; rocker cover gasket,leaking,removed; replaced
102348,number 1 and 2 rocker covers leaking . replaced gaskets .,rocker covers; gaskets,leaking,replaced
102349,pilot reported slight fluctuations in right-hand engine during crui . removed cowling as required . inspected - set reset arm,engine; cowling,slight fluctuations,removed; inspected; set reset
102350,"number 2 rocker cover gasket leaking , right-hand engine . removed and replaced rocker cover gasket .",rocker cover gasket; engine,leaking,removed; replaced
102351,"number 2 intake gasket leaking , right-hand engine . removed and replaced number 2 intake gasket tube and flange .",intake gasket; engine; intake gasket tube,leaking,removed; replaced
102352,left-hand engine cylinder number 2 intake gasket leaking . removed and replaced left-hand engine cylinder number 2 intake gasket .,engine; cylinder; intake gasket,leaking,removed; replaced
102353,"cracked baffle number 3 cylinder , right-hand engine . stop drilled crack . repaired by patching . riveted in accordance with a",baffle; cylinder; engine,cracked; crack,stop drilled; repaired; patching
102354,"number 4 intake gasket leaking . replaced gasket , leak check good .",intake gasket; gasket,leaking,replaced; leak check
102355,front baffle seals are worn . applied high temperature rtv for chafe protection .,baffle seals; high temperature rtv,worn,applied; chafe protection
102356,maintenance flight required . tightened throttle interconnect .,throttle interconnect,,maintenance flight; tightened
102357,"maintenance flight required . adjusted idle rpm , operations check good . maintenance flight required .",,,maintenance flight; adjusted; operations check
102358,number 2 intake gasket leaking . removed and replaced number 2 intake gasket .,intake gasket,leaking,removed; replaced
102359,number 3 rocker cover gasket leaking . removed and replaced number 3 rocker cover gasket .,rocker cover gasket,leaking,removed; replaced
102360,"bottom baffle connecting rod broken , right-hand side . removed and replaced connecting rod .",baffle connecting rod; connecting rod,broken,removed; replaced
102361,number 4 cylinder rocker cover leaks . removed and replaced gasket .,cylinder; rocker cover; gasket,leaks,removed; replaced
102362,engine pan drain line cluster needs new adel clamps . replaced adel clamps as needed .,engine; pan drain line cluster; adel clamps,,replaced
102363,number 4 intake gasket leaking . removed and replaced intake gasket .,intake gasket,leaking,removed; replaced
102364,number 3 rocker cover gasket leaking . removed and replaced rocker cover gasket .,rocker cover gasket,leaking,removed; replaced
102365,number 2 cylinder rocker cover leaks . removed and replaced rocker cover .,cylinder; rocker cover,leaks,removed; replaced
102366,number 2 cylinder intake gasket is leaking . removed and replaced cylinder intake gasket .,cylinder; intake gasket,leaking,removed; replaced
102367,baffle plugs damaged . installed new baffle plugs .,baffle plugs,damaged,installed
102368,number 4 intake leaking . removed and replaced gasket .,intake; gasket,leaking,removed; replaced
102369,right-hand aft baffle bracket rivets loose . installed new baffle tab / rive ts . reinstalled baffle . re,baffle bracket; rivets; baffle tab; rive ts; baffle,loose,installed; reinstalled
102370,right-hand forward baffle is cracked . stop drilled crack .,baffle,cracked; crack,stop drilled
102371,intake gasket cylinder number 2 leaking . removed and replaced intake gasket .,intake gasket; cylinder,leaking,removed; replaced
102372,rocker cover gasket cylinder number 1 leaking . removed and replaced rocker cover gasket .,rocker cover gasket; cylinder,leaking,removed; replaced
102373,left-hand engine number 2 rocker cover leaking . removed and replaced gasket .,engine; rocker cover; gasket,leaking,removed; replaced
102374,right-hand engine number 3 cylinder rocker cover leaking . removed and replaced gasket .,engine; cylinder; rocker cover; gasket,leaking,removed; replaced
102375,left-hand engine number 3 cylinder intake gasket leaking . removed and replaced gasket .,engine; cylinder; intake gasket; gasket,leaking,removed; replaced
102376,right-hand engine number 2 and 4 intake gaskets leaking . removed and replaced gaskets .,engine; intake gaskets; gaskets,leaking,removed; replaced
102377,right-hand engine number 2 and 4 baffle tie rod broken . replaced tie rod .,engine; baffle tie rod; tie rod,broken,replaced
102378,"left-hand engine number 4 cylinder compression at 35 . staked exhaust valve , no change .",engine; cylinder; exhaust valve,,staked
102379,left-hand engine oil cooler mounting baffle cracked . stop drilled crack .,engine; oil cooler; mounting baffle,cracked; crack,stop drilled
102380,right-hand engine number 2 forward baffle screw and washer loose . replaced baffle screw and washer .,engine; baffle screw; washer,loose,replaced
102381,left-hand engine number 3 induction tube gasket leaking . installed new number 3 intake tube gasket .,engine; induction tube gasket; intake tube gasket,leaking,installed
102382,"left-hand engine number 4 cylinder compression at 35 . started to remove baffles , exhaust stack , intake tube ,",engine; cylinder; baffles; exhaust stack; intake tube,,started to remove
102383,"left-hand engine number 4 cylinder compression at 35 . installed rocker cover , side baffles , number 4 exhaust stack ,",engine; cylinder; rocker cover; baffles; exhaust stack,,installed
102384,"left-hand engine number 4 cylinder compression at 35 . removed number 4 cylinder assembly , oil cooler and installed repaired cy",engine; cylinder; cylinder assembly; oil cooler,,removed; installed
102385,number 1 rocker cover leaking . removed and replaced number 1 rocker cover gasket .,rocker cover; rocker cover gasket,leaking,removed; replaced
102386,baffle cracked at lower left bolt of oil cooler . stop drilled baffle .,baffle; bolt; oil cooler,cracked,stop drilled
102387,number 2 cylinder rocker cover gasket leaks . installed new rocker cover gasket .,cylinder; rocker cover gasket,leaks,installed
102388,"number 2 , 3 and 4 rocker cover gaskets leaking . removed and replaced number 2 , 3 and 4 rocker cover gaskets .",rocker cover gaskets,leaking,removed; replaced
102389,number 2 intake leaking . removed and replaced intake gasket .,intake; intake gasket,leaking,removed; replaced
102390,number 4 intake gasket leaking . removed and replaced number 4 intake gasket .,intake gasket,leaking,removed; replaced
102391,cylinder number 2 intake gasket is leaking . removed and replaced gasket with new .,cylinder; intake gasket; gasket,leaking,removed; replaced
102392,"cylinder number 1 , 3 rocker cover gaskets leaking . removed and replaced rocker cover gaskets .",cylinder; rocker cover gaskets,leaking,removed; replaced
102393,number 2 cylinder anchor assembly broken . removed and replaced number 2 cylinder anchor assembly .,cylinder; anchor assembly; cylinder anchor assembly,broken,removed; replaced
102394,number 4 intake leaking . removed and replaced gasket .,intake; gasket,leaking,removed; replaced
102395,number 3 rocker cover leaking . removed and replaced gasket .,rocker cover; gasket,leaking,removed; replaced
102396,cylinder number 4 and 3 rocker cover gaskets are leaking . removed and replaced rocker cover gaskets .,cylinder; rocker cover gaskets,leaking,removed; replaced
102397,number 3 and 4 intakes leaking on left-hand engine . removed and replaced intake gaskets .,intakes; engine; intake gaskets,leaking,removed; replaced
102398,"number 2 , 3 and 4 intakes leaking on right-hand engine . removed and replaced intake gaskets .",intakes; engine; intake gaskets,leaking,removed; replaced
102399,number 4 rocker cover leaking on right-hand engine . removed and replaced rocker cover gasket .,rocker cover; engine; rocker cover gasket,leaking,removed; replaced
102400,number 2 and 3 rocker covers leaking on left-hand engine . removed and replaced rocker cover gaskets .,rocker covers; engine; rocker cover gaskets,leaking,removed; replaced
102401,left-hand number 2 intake gasket leaking . replaced gasket .,intake gasket; gasket,leaking,replaced
102402,right-hand number 3 intake gasket is leaking . replaced gasket .,intake gasket; gasket,leaking,replaced
102403,left-hand number 2 side baffle seal torn . fastened with propeller rivet .,baffle seal; propeller rivet,torn,fastened
102404,right-hand number 2 and 3 rocker gaskets are leaking . replaced gaskets .,rocker gaskets; gaskets,leaking,replaced
102405,left-hand number 3 and 4 rocker gaskets leaking . replaced 3 and 4 cover gaskets .,rocker gaskets; cover gaskets,leaking,replaced
102406,"number 3 aft baffle , left-hand engine , cowl seal not sealing . removed and replaced baffle seal .",baffle; engine; cowl seal; baffle seal,not sealing,removed; replaced
102407,"cylinder number 2 , left-hand engine , intake gasket leaking . removed and replaced intake gasket .",cylinder; engine; intake gasket,leaking,removed; replaced
102408,right-hand engine cylinder number 1 rocker cover gasket leaking . removed and replaced rocker cover gasket .,engine; cylinder; rocker cover gasket,leaking,removed; replaced
102409,"rocker cover gaskets , left-hand engine cylinder number 2 , 3 , and 4 leaking . removed and replaced rocker cover gaskets .",rocker cover gaskets; engine; cylinder,leaking,removed; replaced
102410,"during run up , rpm would not increase past 1560 , regardless . ran aircraft , engine ran rough for first 2 seconds , then smo",aircraft; engine,would not increase; ran rough,ran
102411,"during run up , rpm would not increase past 1560 , regardless . ran aircraft , run up checked ok - including idle speed and mixtu",aircraft,would not increase,ran; run up checked
102412,"during run up , rpm would not increase past 1560 , regardless . removed rocker covers , checked exhaust valves for binding",rocker covers; exhaust valves,would not increase,removed; checked
102413,number 1 intake gasket is leaking . replaced gasket .,intake gasket; gasket,leaking,replaced
102414,number 1 front baffle seal torn . replaced section of seal .,baffle seal; seal,torn,replaced
102415,all 4 rocker gaskets are leaking . replaced all rocker gaskets .,rocker gaskets,leaking,replaced
102416,left-hand engine number 4 cylinder aft baffle is cracked . removed and replaced baffle .,engine; cylinder; baffle,cracked,removed; replaced
102417,"number 4 rocker cover gasket leaking , right-hand engine . removed and replaced number 4 rocker cover gasket .",rocker cover gasket; engine,leaking,removed; replaced
102418,"number 1 intake gasket leaking , right-hand engine . removed and replaced number 1 intake gaskets , right-hand engine .",intake gasket; engine; intake gaskets,leaking,removed; replaced
102419,number 2 intake gasket is leaking . replaced gasket .,intake gasket; gasket,leaking,replaced
102420,side baffle plug holes are worn too large . repaired with riveted patches .,baffle plug holes; patches,worn,repaired; riveted
102421,number 1 and 4 rocker cover gaskets leaking . removed and replaced number 1 and 4 rocker cover gaskets .,rocker cover gaskets,leaking,removed; replaced
102422,number 2 intake leaking . removed and replaced intake gasket .,intake; intake gasket,leaking,removed; replaced
102423,number 4 rocker cover leaking . removed and replaced number 4 rocker cover gasket .,rocker cover; rocker cover gasket,leaking,removed; replaced
102424,number 4 intake leaking . removed and replaced number 4 intake gasket . cleaned cylinder flange,intake; intake gasket; cylinder flange,leaking,removed; replaced; cleaned
102425,cylinder number 3 rocker cover gasket leaking . removed and replaced gasket .,cylinder; rocker cover gasket; gasket,leaking,removed; replaced
102426,right-hand baffle plug worn . installed new baffle plug .,baffle plug,worn,installed
102427,number 2 rocker cover gasket is leaking . removed and replaced number 2 rocker cover gasket .,rocker cover gasket,leaking,removed; replaced
102428,"screw missing on right-hand engine baffle , behind oil cooler . installed new screw , installed new gasket and safetied oi",screw; engine; baffle; oil cooler; gasket,missing,installed; safetied
102429,number 1 cylinder baffle cracked . stop drilled crack .,cylinder; baffle,cracked; crack,stop drilled
102430,sniffle valves dirty . cleaned both sniffle valves .,sniffle valves,dirty,cleaned
102431,number 4 rocker cover gasket leaking and number 2 rocker cover gasket leak . removed and replaced gaskets .,rocker cover gasket; gaskets,leaking; leak,removed; replaced
102432,"left-hand engine intake gasket leaking , cylinder number 4 . removed and replaced number 4 cylinder intake gasket .",engine; intake gasket; cylinder,leaking,removed; replaced
102433,right-hand engine number 3 cylinder rocker cover gasket leaking . removed and replaced number 3 cylinder rocker cover gasket .,engine; cylinder; rocker cover gasket,leaking,removed; replaced
102434,right-hand number 2 and 4 rocker gaskets are leaking . removed and replaced number 2 and 4 cylinder rocker cover gaskets on r,rocker gaskets; cylinder; rocker cover gaskets,leaking,removed; replaced
102435,"engine baffle on number 4 cylinder , rivets sheared off . removed sheared rivets , installed new rivets to engine",engine; baffle; cylinder; rivets,sheared,removed; installed
102436,number 4 intake leaking . removed and replaced intake gasket .,intake; intake gasket,leaking,removed; replaced
102437,cylinder number 2 rocker cover gasket leaking . removed and replaced rocker cover gasket .,cylinder; rocker cover gasket,leaking,removed; replaced
102438,number 4 intake gasket leaking . removed and replaced number 4 intake gasket .,intake gasket,leaking,removed; replaced
102439,right-hand baffle spring is disconnected . reconnected spring .,baffle spring; spring,,disconnected; reconnected
102440,left-hand baffle plug hole is elongated . installed baffle patch and plug .,baffle plug hole; baffle patch; plug,elongated,installed
102441,fod in engine intake . removed fod,fod; engine; intake,,removed
102442,wrench left on engine bolt . removed wrench,wrench; engine; bolt,,removed
102443,left-hand fuel placard is covered . un - covered placard,fuel placard; placard,,covered; un - covered
102444,"intake gasket , cylinder number 2 leaking . removed and replaced instake gasket .",intake gasket; cylinder; instake gasket,leaking,removed; replaced
102445,"rocker cover gasket , cylinder number 3 leaking . removed and replaced rocker cover gasket number 3 .",rocker cover gasket; cylinder,leaking,removed; replaced
102446,engine did not start . started aircraft normally .,engine; aircraft,did not start,started
102447,number 2 intake leaking . removed and replaced gasket .,intake; gasket,leaking,removed; replaced
102448,"right-hand number 1 , 2 , 3 rocker gaskets are leaking . replaced gaskets .",rocker gaskets; gaskets,leaking,replaced
102449,"right-hand number 2 , 3 , 4 intake gaskets are leaking . removed and replaced intake gaskets , right-hand engine .",intake gaskets; engine,leaking,removed; replaced
102450,"number 2 , 3 , 4 intake gaskets leaking , left-hand engine . removed and replaced intake gaskets on left-hand engine .",intake gaskets; engine,leaking,removed; replaced
102451,right-hand number 2 cylinder exhaust push rod seal leaking . replaced push rod seals and retainer on number 2 exhaust push rod t,cylinder; exhaust push rod seal; push rod seals; retainer; exhaust push rod,leaking,replaced
102452,"number 1 , 2 , 3 , 4 rocker cover gaskets leaking on left-hand engine . removed and replaced rocker cover gaskets , left-hand engine .",rocker cover gaskets; engine,leaking,removed; replaced
102453,"owner requests engine compressions done . performed engine compressions : number 1 - 75 , number 2 - 70 , number 3 - 70 , number 4 -",engine,,compressions
102454,bottom left baffle seal torn . secured baffle seal with safety wire .,baffle seal; safety wire,torn,secured
102455,"baffle seal torn , bottom right-hand side . secured baffle seal with safety wire .",baffle seal; safety wire,torn,secured
102456,"cylinder baffle chafing on oil return line , number 3 cylinder . repositioned cylinder baffle and applied spiral wrap to oil re",cylinder; baffle; oil return line; spiral wrap; oil re,chafing,repositioned; applied
102457,screw missing on number 3 baffle . replaced screw .,screw; baffle,missing,replaced
102458,number 4 cylinder intake gasket leaking on right-hand engine . removed and replaced number 4 cylinder intake gasket on right-hand engine .,cylinder; intake gasket; engine,leaking,removed; replaced
102459,"left engine number 2 intake gasket leaks . removed and replaced number 2 intake gasket , left-hand engine .",engine; intake gasket,leaks,removed; replaced
102460,left-hand engine number 1 intake gasket leaks . removed and replaced number 1 intake gasket and primer line clamp,engine; intake gasket; primer line; primer line clamp,leaks,removed; replaced
102461,left engine number 4 aft baffle reinforcement angle cracked . removed and replaced baffle reinforcement angle .,engine; baffle reinforcement angle,cracked,removed; replaced
102462,cylinder number 3 rocker drain line loose . tightened drain line .,cylinder; rocker drain line; drain line,loose,tightened
102463,"cylinder number 3 aft baffle support rivets sheared . removed baffle , reattached baffle support and reinstalled",cylinder; baffle support; rivets; baffle,sheared,removed; reattached; reinstalled
102464,number 4 intake leaking . replaced gasket .,intake; gasket,leaking,replaced
102465,number 2 intake gasket leaking . removed and replaced number 2 intake gasket .,intake gasket,leaking,removed; replaced
102466,number 2 induction tube gasket leaking . installed new number 2 induction gasket .,induction tube gasket; induction gasket,leaking,installed
102467,left-hand engine number 3 aft baffle cracked . stop drilled crack on number 3 aft baffle .,engine; baffle,cracked; crack,stop drilled
102468,"screw missing on number 4 baffle , right-hand engine . installed new baffle screw .",screw; baffle; engine; baffle screw,missing,installed
102469,"intake gasket , cylinder number 2 leaking , left-hand engine . removed and replaced intake gasket .",intake gasket; cylinder; engine,leaking,removed; replaced
102470,"number 1 rocker cover gasket leaking , right-hand engine . removed and replaced rocker cover gasket .",rocker cover gasket; engine,leaking,removed; replaced
102471,"engine cooling baffle cracked , front left-hand side , right-hand engine . stop drilled crack in baffle .",engine; baffle,cracked; crack,stop drilled
102472,"left-hand engine cylinder number 2 , 3 and 4 rocker cover gaskets leaking . removed and replaced rocker cover gaskets .",engine; cylinder; rocker cover gaskets,leaking,removed; replaced
102473,"number 3 and 2 intake gasket leaking , right-hand engine . removed and replaced number 2 and 3 intake gaskets and primer sleev",intake gasket; engine; intake gaskets; primer sleev,leaking,removed; replaced
102474,"bottom oil cooler line chafing on fuel pump , right-hand engine . inspected line and fuel pump , ok . installed rtv silicone",oil cooler line; fuel pump; engine; line; rtv silicone,chafing,inspected; installed
102475,"baffle tie rod chafing into number 3 oil return line , right-hand engine . tie rod and return lines ok . adjusted tie rod and return li",baffle tie rod; oil return line; engine; tie rod; return lines,chafing,adjusted
102476,"baffle tie rod chafing on number 2 and 4 oil return lines , right-hand engin . removed tie rod and found to be ok . inspected return line",baffle tie rod; oil return lines; tie rod; return line,chafing,removed; inspected
102477,"left-hand magneto on left-hand engine produced considerable vibration . ran aircraft , could not duplicate discrepancy . aircraft ok for furthe",magneto; engine; aircraft,vibration,ran
102478,"number 1 cylinder side baffle cracked . stop drilled crack , installed patch same material in accordance with a",cylinder; baffle; patch same material,cracked; crack,stop drilled; installed
102479,number 3 cylinder left-hand engine intake gasket leaking . replaced gasket .,cylinder; engine; intake gasket; gasket,leaking,replaced
102480,left-hand engine number 2 primer line clamp needs to be repositioned . repositioned line and replaced sleeve .,engine; primer line; primer line clamp; clamp; line; sleeve,,repositioned; replaced
102481,"number 3 , 4 rocker cover gasket leaking left-hand engine . removed and replaced number 3 , 4 rocker cover gaskets .",rocker cover gasket; engine; rocker cover gaskets,leaking,removed; replaced
102482,number 4 intake leaking . replaced gasket .,intake; gasket,leaking,replaced
102483,number 2 rocker cover leaking . replaced gasket .,rocker cover; gasket,leaking,replaced
102484,number 3 induction tube gasket leaking . installed new number 3 induction tube gasket .,induction tube gasket,leaking,installed
102485,number 2 rocker cover gasket leaking . removed and replaced number 2 rocker cover gasket .,rocker cover gasket,leaking,removed; replaced
102486,"rocker cover number 2 , 3 , 4 gaskets leaking . removed and replaced rocker cover gaskets .",rocker cover; gaskets; rocker cover gaskets,leaking,removed; replaced
102487,muffler missing nut . replaced nut .,muffler; nut,missing,replaced
102488,engine requires disassembly and inspection after propeller strike . patched lower right forward baffle .,engine; baffle,,disassembly; inspection; patched
102489,"engine requires disassembly and inspection after propeller strike . patched number 4 baffle , stop drilled crack .",engine; baffle,crack,disassembly; inspection; patched; stop drilled
102490,"engine requires disassembly and inspection after propeller strike . installed baffling on engine , installed intake tubes and",engine; baffling; intake tubes,,disassembly; inspection; installed
102491,engine requires disassembly and inspection after propeller strike . disassembled engine . sent crank in for r,engine; crank,,disassembly; inspection; disassembled; sent
102492,engine requires disassembly and inspection after propeller strike . installed crankshaft and new roller tappets . installed ca,engine; crankshaft; roller tappets,,disassembly; inspection; installed
102493,engine requires disassembly and inspection after propeller strike . started assembly of engine in accordance with direct drive manual . mea,engine,,disassembly; inspection; started assembly
102494,"engine requires disassembly and inspection after propeller strike . honed , cleaned and measured cylinders measure good . check feet",engine; cylinders,,disassembly; inspection; honed; cleaned; measured; check
102495,engine requires disassembly and inspection after propeller strike . installed all 4 pistons on connecting rods . installed p,engine; 4 pistons; pistons; connecting rods,,disassembly; inspection; installed
102496,engine requires disassembly and inspection after propeller strike . retorque case half . cleaned and installed necessary gears,engine; necessary gears,,disassembly; inspection; cleaned; installed
102497,"engine requires disassembly and inspection after propeller strike . installed accessory case and oil sump , inspected hydrauli",engine; accessory case; oil sump; hydrauli,,disassembly; inspection; installed; inspected
102498,"engine requires disassembly and inspection after propeller strike . installed fuel and oil pressure lines , mounted oil cooler",engine; fuel and oil pressure lines; oil pressure lines; oil cooler,,disassembly; inspection; installed; mounted
102499,number 2 intake is leaking . removed and replaced number 2 intake gasket .,intake; intake gasket,leaking,removed; replaced
102500,number 4 cylinder intake gasket leakage . replaced gasket .,cylinder; intake gasket; gasket,leakage,replaced
102501,right-hand baffle plug is worn . removed and replaced plug with new .,baffle plug; plug,worn,removed; replaced
102502,number 2 intake gasket leaking . removed and replaced number 2 intake gasket .,intake gasket,leaking,removed; replaced
102503,"top oil cooler line chafing on vacuum pump line . inspected both lines , found to be in airworthy conditio",oil cooler line; vacuum pump line; lines,chafing,inspected
102504,number 2 cylinder intake leaking . removed and replaced number 2 intake gasket .,cylinder; intake; intake gasket,leaking,removed; replaced
102505,number 2 cylinder rocker cover gasket leaking . removed and replaced number 2 rocker cover gasket .,cylinder; rocker cover gasket,leaking,removed; replaced
102506,cylinder number 2 intake gasket leaking . removed and replaced intake gasket .,cylinder; intake gasket,leaking,removed; replaced
102507,left engine number 2 egt inoperable . operations check good .,engine; egt,inoperable,operations check
102508,left engine number 2 egt inoperable . removed and replaced number 2 egt probe .,engine; egt; egt probe,inoperable,removed; replaced
102509,rocker covers 1 and 2 leaking on left-hand engine . removed and replaced gaskets .,rocker covers; engine; gaskets,leaking,removed; replaced
102510,"rocker covers 1 , 2 and 3 leaking on right-hand engine . removed and replaced gaskets .",rocker covers; engine; gaskets,leaking,removed; replaced
102511,number 4 rocker cover leaking on right-hand engine . removed and replaced number 4 rocker gasket .,rocker cover; engine; rocker gasket,leaking,removed; replaced
102512,adel clamps on fuel line to fuel control unit loose . removed and replaced adel clamps .,adel clamps; fuel line; fuel control unit,loose,removed; replaced
102513,number 1 and 3 rocker cover gaskets leaking . removed and replaced number 1 and 3 rocker cover gaskets .,rocker cover gaskets,leaking,removed; replaced
102514,number 4 intake gasket leaking . replaced gasket .,intake gasket; gasket,leaking,replaced
102515,"broken manifold psi line . removed and replaced manifold psi line , operations check good .",manifold psi line,broken,removed; replaced; operations check
102516,intake gasket to cylinder number 2 leaking . replaced gasket .,intake gasket; cylinder; gasket,leaking,replaced
102517,cylinder number 4 rocker cover gasket leaking . replaced gasket .,cylinder; rocker cover gasket; gasket,leaking,replaced
102518,number 4 cylinder intake gasket is leaking . removed and replaced cylinder number 4 intake gasket .,cylinder; intake gasket,leaking,removed; replaced
102519,number 1 and 4 cylinder rocker cover gaskets are leaking . removed and replaced rocker cover gaskets .,cylinder; rocker cover gaskets,leaking,removed; replaced
102520,"loose baffle screw , above oil filler tube . tightened screw .",baffle screw; oil filler tube; screw,loose,tightened
102521,number 4 spark plug access hole on baffle requires patch . installed patch .,spark plug access hole; baffle; patch,,installed
102522,number 4 intake gasket leaking . removed and replaced number 4 cylinder intake gasket .,intake gasket; cylinder,leaking,removed; replaced
102523,number 3 and 4 rocker covers leaking . removed and replaced number 3 and 4 cylinder rocker cover gaskets .,rocker covers; cylinder; rocker cover gaskets,leaking,removed; replaced
102524,number 1 and 2 rocker covers leaking . removed and replaced rocker cover gaskets .,rocker covers; rocker cover gaskets,leaking,removed; replaced
102525,number 2 intake is leaking . removed and replaced gasket .,intake; gasket,leaking,removed; replaced
102526,cylinder number 2 intake leaking in connection point to oil sump . leak check good .,cylinder; intake; oil sump,leaking,leak check
102527,cylinder number 2 intake leaking in connection point to oil sump . swaged intake tube attachment to oil sump . replaced int,cylinder; intake; oil sump; intake tube attachment,leaking,swaged; replaced
102528,loosely hanging front engine rubber baffle . secured baffle with rivet into required position .,engine; rubber baffle; baffle; rivet,,secured
102529,cylinder number 2 and 3 rocker cover gaskets leaking . leak check good .,cylinder; rocker cover gaskets,leaking,leak check
102530,cylinder number 2 and 4 intake gaskets leaking . removed and replaced intake gaskets .,cylinder; intake gaskets,leaking,removed; replaced
102531,cylinder number 2 and 3 rocker cover gaskets leaking . removed and replaced rocker cover gaskets .,cylinder; rocker cover gaskets,leaking,removed; replaced
102532,left-hand number 3 rocker cover gasket leaking . removed and replaced gasket .,rocker cover gasket; gasket,leaking,removed; replaced
102533,cylinder number 3 and 1 rocker cover gaskets leaking . removed and replaced rocker cover gaskets .,cylinder; rocker cover gaskets,leaking,removed; replaced
102534,right-hand engine cylinder number 3 rocker cover gasket leaking . replaced gasket .,engine; cylinder; rocker cover gasket; gasket,leaking,replaced
102535,right-hand engine oil cooler leaking . tightened lower fitting on oil cooler .,engine; oil cooler; fitting,leaking,tightened
102536,"number 3 intake gasket leaking , left-hand engine . removed and replaced intake gasket .",intake gasket; engine,leaking,removed; replaced
102537,"number 2 intake gasket leaking , left-hand engine . removed and replaced intake gasket .",intake gasket; engine,leaking,removed; replaced
102538,top lifting bracket case half bolt leaking oil . sealed leak by retorquing nut .,lifting bracket case half bolt; oil; retorquing nut,leaking; leak,sealed
102539,right-hand engine baffle cracked on left side of oil cooler . separated from side baffle and found crack to be previous,engine; baffle; oil cooler; side baffle,cracked; crack,separated
102540,"engine baffle chafing on number 3 oil return line , left-hand engine . adjusted oil return line to prevent engine baffle chafi",engine; baffle; oil return line; baffle chafi,chafing,adjusted
102541,start assist . started aircraft for pilot .,aircraft,,start assist; started
102542,"number 2 and 3 rocker covers leaking , left-hand engine . removed and replaced rocker cover gaskets .",rocker covers; engine; rocker cover gaskets,leaking,removed; replaced
102543,number 3 and 4 intakes leaking on right-hand engine . removed and replaced number 3 and 4 intake gaskets .,intakes; engine; intake gaskets,leaking,removed; replaced
102544,rocker box cover screws loose all cylinder . tightened screws .,rocker box cover screws; cylinder; screws,loose,tightened
102545,"number 3 and number 2 cylinder rocker drain lines have no torque seal . checked torque of b - nut , torque sealed .",cylinder; rocker drain lines; nut,no torque seal,checked torque; torque sealed
102546,number 2 intake gasket leaking . removed and replaced number 2 intake gasket .,intake gasket,leaking,removed; replaced
102547,"baffle seal loose , number 1 cylinder forward baffle . resecured baffle seal to forward baffle .",baffle seal; cylinder; baffle,loose,resecured
102548,right-hand number 4 side baffle is missing a bolt . installed bolt and washers .,baffle; bolt; washers,missing,installed
102549,left-hand number 3 rocker gasket is leaking . removed and replaced number 3 rocker cover gasket .,rocker gasket; rocker cover gasket,leaking,removed; replaced
102550,"left-hand engine baffle snap plug hole worn , right-hand side also . installed new striker plates . riveted in accordance with ,",engine; baffle snap plug hole; striker plates,worn,installed; riveted
102551,left-hand oil cooler support baffle cracked . leak check good on propeller governor line .,oil cooler; support baffle; propeller governor line,cracked,leak check
102552,all rocker covers both engs have loose screws . tightened all screws .,rocker covers; engs; screws,loose,tightened
102553,left-hand oil cooler support baffle cracked . replaced with serviceable baffle assembly .,oil cooler; support baffle; baffle assembly,cracked,replaced
102554,number 2 cylinder intake gasket leaking . removed and replaced number 2 cylinder intake gasket .,cylinder; intake gasket,leaking,removed; replaced
102555,number 2 cylinder standby assembly broken . removed and replaced number 2 cylinder anchor standby assembly .,cylinder; standby assembly; anchor standby assembly,broken,removed; replaced
102556,number 1 cylinder anchor standby assembly broken . removed and replaced number 1 cylinder anchor standby assembly .,cylinder; anchor standby assembly,broken,removed; replaced
102557,"number 4 cylinder , left-hand engine , has low compression . leak check good . operations check good .",cylinder; engine,low,leak check; operations check
102558,left-hand side of left-hand engine baffling connecting rod broken . removed and replaced rod .,engine; rod,broken,removed; replaced
102559,"number 4 cylinder , left-hand engine , has low compression . removed number 4 cylinder , baffles , oil lines and oil cooler . remove",cylinder; engine; baffles; oil lines; oil cooler,low,removed; remove
102560,"cylinder number 2 and 3 , on left-hand engine , rocker cover gaskets are leaking . removed and replaced rocker cover gaskets .",cylinder; engine; rocker cover gaskets,leaking,removed; replaced
102561,screw on right-hand aft baffle loose . resecured screw .,screw; baffle,loose,resecured
102562,starter front cap loose . secured and tightened starter front cap .,starter; cap; starter front cap,loose,secured; tightened
102563,number 3 and 2 rocker cover gaskets leaking . removed number 3 and 2 rocker cover gaskets and replaced .,rocker cover gaskets,leaking,removed; replaced
102564,number 2 and 4 intakes leaking . removed and replaced number 2 and 4 intake gaskets .,intakes; intake gaskets,leaking,removed; replaced
102565,"left-hand baffle plug hole is worn . installed patch , riveted in accordance with standard reference material .",baffle plug hole; patch,worn,installed; riveted
102566,1 baffle plug worn . removed and replaced baffle plug .,baffle plug,worn,removed; replaced
102567,intake boot is torn . replaced boot .,intake boot; boot,torn,replaced
102568,"left engine number 4 baffle cracked , near cooler . stop drilled crack .",engine; baffle; cooler,cracked; crack,stop drilled
102569,left engine baffle screw missing forward of number 2 cylinder . installed new screw and washers in left-hand engine baffle .,engine; baffle screw; cylinder; screw; washers; baffle,missing,installed
102570,"number 2 , 3 rocker cover gaskets leaking . replaced number 2 , 3 rocker cover gaskets .",rocker cover gaskets,leaking,replaced
102571,number 2 cylinder rocker cover leaking . replaced number 2 cylinder rocker cover gasket .,cylinder; rocker cover; rocker cover gasket,leaking,replaced
102572,"number 2 , 4 intake gaskets leaking . replaced number 2 , 4 intake gaskets .",intake gaskets,leaking,replaced
102573,"number 2 , 3 , 4 rocker cover gaskets leaking . replaced rocker cover gaskets .",rocker cover gaskets,leaking,replaced
102574,engine baffle tie rod broken . removed and replaced engine baffle tie rod .,engine; baffle tie rod,broken,removed; replaced
102575,left-hand aft engine baffle cracked . stop drilled crack .,engine; baffle,cracked; crack,stop drilled
102576,number 2 and 1 intake leaking . replaced number 1 intake gasket .,intake; intake gasket,leaking,replaced
102577,number 2 and 1 intake leaking . replaced number 2 intake gasket .,intake; intake gasket,leaking,replaced
102578,number 2 induction tube gasket leaking . removed and replaced number 2 induction tube gasket .,induction tube gasket,leaking,removed; replaced
102579,number 1 and 3 cylinder lower baffle patch is cracked . stop drilled crack .,cylinder; baffle patch,cracked; crack,stop drilled
102580,number 2 cylinder intake leaking . removed and replaced intake gasket .,cylinder; intake; intake gasket,leaking,removed; replaced
102581,"intake tube leaking , cylinder number 1 attachment point to oil sump . leak check good .",intake tube; cylinder; attachment point; oil sump,leaking,leak check
102582,"intake tube leaking , cylinder number 1 attachment point to oil sump . swaged intake tube attachment groove . installed new int",intake tube; cylinder; attachment point; oil sump; intake tube attachment groove,leaking,swaged; installed
102583,left-hand baffle has loose screw . adjusted baffle and tightened screws .,baffle; screw; screws,loose,adjusted; tightened
102584,cylinder number 4 intake gasket leaking . removed and replaced gasket .,cylinder; intake gasket; gasket,leaking,removed; replaced
102585,right-hand engine number 1 cylinder baffle cracked . stop drilled crack .,engine; cylinder; baffle,cracked; crack,stop drilled
102586,right-hand engine number 4 cylinder upper baffle seal loose . installed new rivet in baffle seal .,engine; cylinder; baffle seal; rivet,loose,installed
102587,"left-hand engine number 2 , 3 and 4 rocker box cover gaskets leaking . tightened all rocker box covers .",engine; rocker box cover gaskets; rocker box covers,leaking,tightened
102588,number 3 cylinder side baffle has loose hardware . removed and replaced baffle screw and washer .,cylinder; baffle; hardware; baffle screw; washer,loose,removed; replaced
102589,"engine cooling baffle missing screw , right-hand side . replaced missing screw on right-hand side of engine cooling ba",engine; baffle; screw,missing,replaced
102590,engine right-hand rear baffle screw loose . tightened screw .,engine; baffle screw; screw,loose,tightened
102591,number 3 and 4 cylinder rocker cover gaskets leaking . removed and replaced number 3 and 4 cylinder rocker cover gaskets .,cylinder; rocker cover gaskets,leaking,removed; replaced
102592,"number 1 cylinder baffle crack spreading beyond existing stop drill . stop drilled crack , fabricated patch from like material",cylinder; baffle; patch; like material,crack,stop drilled; fabricated
102593,cylinder number 3 rocker cover gasket leaking . removed and replaced number 3 rocker cover gasket .,cylinder; rocker cover gasket,leaking,removed; replaced
102594,number 4 induction tube gasket leaking . removed and replaced induction tube gasket .,induction tube gasket,leaking,removed; replaced
102595,left-hand engine baffle plug hole worn . installed baffle doubler in accordance with,engine; baffle plug hole; baffle doubler,worn,installed
102596,number 1 and 4 intakes leaking . removed and replaced intake gaskets .,intakes; intake gaskets,leaking,removed; replaced
102597,number 2 rocker cover leaking . removed and replaced number 2 rocker cover gasket with new .,rocker cover; rocker cover gasket,leaking,removed; replaced
102598,number 2 intake gasket is leaking . replaced gasket . leak check good .,intake gasket; gasket,leaking,replaced; leak check
102599,both baffle plugs worn . removed and replaced plugs .,baffle plugs; plugs,worn,removed; replaced
102600,"number 1 cylinder side baffle is cracked . stop drilled crack , fabricated patch of like material ,",cylinder; baffle; patch; like material,cracked; crack,stop drilled; fabricated
102601,fuel line support bracket at baffle support loose . tightened fuel line support bracket at baffle support .,fuel line support bracket; baffle support,loose,tightened
102602,"number 2 and 4 intake gaskets leaking . removed and replaced cylinder number 2 , 4 intake gaskets .",intake gaskets; cylinder,leaking,removed; replaced
102603,"engine overspeed . determined to be pilot induced momentary overspeed , no",engine,overspeed,determined
102604,number 4 intake leaks . replaced gasket .,intake; gasket,leaks,replaced
102605,number 1 rocker cover gasket leaking . replaced rocker cover gasket .,rocker cover gasket,leaking,replaced
102606,number 2 and 4 intakes leaking . removed and replaced intake gaskets .,intakes; intake gaskets,leaking,removed; replaced
102607,number 2 and 3 rocker cover leaking . removed and replaced rocker cover gaskets .,rocker cover; rocker cover gaskets,leaking,removed; replaced
102608,number 2 intake leaking . replaced gasket .,intake; gasket,leaking,replaced
102609,number 4 rocker cover gasket leaking . removed and replaced number 4 rocker cover gasket .,rocker cover gasket,leaking,removed; replaced
102610,"rivet missing on right-hand baffle hold down angle , behind oil cool . removed baffle , replaced missing rivet . installed baffl",rivet; baffle; oil cool,missing,removed; replaced; installed
102611,number 2 and 4 rocker gaskets are leaking . replaced gaskets .,rocker gaskets; gaskets,leaking,replaced
102612,"crack in engine cowling baffle , number 1 cylinder . stop drilled crack .",engine; cowling baffle; cylinder,crack,stop drilled
102613,number 1 and 2 rocker cover gaskets leaking . removed and replaced number 1 and 2 rocker cover gaskets .,rocker cover gaskets,leaking,removed; replaced
102614,number 2 and 3 rocker cover gaskets leaking . removed and replaced number 2 and 3 rocker cover gaskets .,rocker cover gaskets,leaking,removed; replaced
102615,cylinder number 2 and 3 rocker cover gaskets leaking . removed and replaced rocker cover gaskets .,cylinder; rocker cover gaskets,leaking,removed; replaced
102616,number 2 rocker gasket leaking . removed and replaced cylinder number 2 rocker gasket .,rocker gasket; cylinder,leaking,removed; replaced
102617,number 4 and 3 intakes leaking . removed and replaced intake gaskets .,intakes; intake gaskets,leaking,removed; replaced
102618,number 2 and 3 rocker covers leaking . removed and replaced rocker covers .,rocker covers,leaking,removed; replaced
102619,"did normal start and when it fired - engine ran rough for seve . could not duplicate discrepancy . ran up aircraft , performed magneto ,",engine; aircraft,ran rough,ran up
102620,left-hand engine number 2 cylinder intake gasket is leaking . replaced gasket .,engine; cylinder; intake gasket; gasket,leaking,replaced
102621,number 1 and 4 intake gaskets leaking on right-hand engine . removed and replaced number 1 and 4 intake gaskets on right-hand engine .,intake gaskets; engine,leaking,removed; replaced
102622,number 2 rocker cover gasket leaking . removed and replaced number 2 rocker cover gasket .,rocker cover gasket,leaking,removed; replaced
102623,"engine baffle support bracket has loose screws , number 3 cylinder . tightened loose screws on number 3 cylinder engine baffle .",engine; baffle support bracket; screws; cylinder; cylinder engine; baffle,loose,tightened
102624,cowl seal by number 2 cylinder needs to be reattached to baffling . resecured cowl seal to number 2 cylinder baffling with new fastener .,cowl seal; cylinder; baffling; cylinder baffling; fastener,,reattached; resecured
102625,number 2 intake gasket leaking . replaced gasket .,intake gasket; gasket,leaking,replaced
102626,number 4 intake gasket leaks . removed and replaced gasket .,intake gasket; gasket,leaks,removed; replaced
102627,number 2 rocker cover gasket leaks . removed and replaced gasket .,rocker cover gasket; gasket,leaks,removed; replaced
102628,number 2 intake leaking . removed and replaced gasket .,intake; gasket,leaking,removed; replaced
102629,number 2 rocker cover leaking . removed and replaced gasket .,rocker cover; gasket,leaking,removed; replaced
102630,hardware missing from right-hand aft side baffle . installed new hardware .,hardware; baffle,missing,installed
102631,number 3 rocker cover gasket leaking . installed new gasket .,rocker cover gasket; gasket,leaking,installed
102632,number 2 intake gasket leaking . removed and replaced number 2 intake gasket .,intake gasket,leaking,removed; replaced
102633,number 3 rocker cover gasket leaking . removed and replaced number 3 cylinder rocker cover gasket .,rocker cover gasket; cylinder,leaking,removed; replaced
102634,number 4 cylinder top spark plug access hole on engine baffle requires . installed spark plug access hole patch to number 4 cylinder,cylinder; spark plug access hole; engine; baffle; spark plug access hole patch,,installed
102635,3 each baffle screws missing . installed screws .,baffle screws; screws,missing,installed
102636,number 2 and 4 rocker cover gaskets leaking . removed and replaced number 2 and 4 rocker cover gaskets .,rocker cover gaskets,leaking,removed; replaced
102637,number 2 rocker cover gasket leaking . removed and replaced number 2 rocker cover gasket .,rocker cover gasket,leaking,removed; replaced
102638,"start assist . started aircraft for pilot , using normal procedures .",aircraft,,start assist; started
102639,number 2 intake is leaking . removed and replaced gasket .,intake; gasket,leaking,removed; replaced
102640,number 2 cylinder rocker cover gasket is leaking . removed and replaced gasket .,cylinder; rocker cover gasket; gasket,leaking,removed; replaced
102641,number 4 rocker gasket leaking . removed and replaced number 4 cylinder rocker cover gasket . leak check,rocker gasket; cylinder; rocker cover gasket,leaking,removed; replaced; leak check
102642,"crack on engine cooling baffle , number 1 cylinder . stop drilled crack .",engine; baffle; cylinder,crack,stop drilled
102643,number 2 intake gasket leaking . removed and replaced number 2 intake gasket .,intake gasket,leaking,removed; replaced
102644,number 1 rocker cover gasket leaking . removed and replaced number 1 rocker cover gasket .,rocker cover gasket,leaking,removed; replaced
102645,"screw loose on baffle , behind oil filler tube . removed and replaced baffle screw .",screw; baffle; oil filler tube; baffle screw,loose,removed; replaced
102646,"baffle seal , on bottom right side , needs to be secured . secured bottom right side baffle seal .",baffle seal,,secured
102647,left-hand baffle outboard spring is broken . removed and replaced spring with new .,baffle; spring,broken,removed; replaced
102648,left-hand baffle inboard spring has pulled through . drilled new hole into baffling and reinstalled spring .,baffle; spring; hole; baffling,pulled through,drilled; reinstalled
102649,number 2 and 4 rocker covers are leaking . removed and replaced gaskets .,rocker covers; gaskets,leaking,removed; replaced
102650,number 2 intake leaking . replaced intake gasket .,intake; intake gasket,leaking,replaced
102651,left-hand baffle plug worn . replaced baffle plug .,baffle plug,worn,replaced
102652,"number 2 , 3 and 4 rocker covers leaking . replaced rocker cover gaskets .",rocker covers; rocker cover gaskets,leaking,replaced
102653,number 2 and 3 rocker covers installed with baffle tube under covers . removed rocker covers . aligned brackets correctly . rein,rocker covers; baffle tube; covers,,installed; removed; aligned
102654,front and left-hand engine baffle cracked . stop drilled crack .,engine; baffle,cracked; crack,stop drilled
102655,number 4 intake gasket leaking . replaced number 4 intake gasket .,intake gasket,leaking,replaced
102656,"number 1 , 2 , 4 rocker cover gaskets leaking . replaced number 1 , 2 , 4 rocker cover gaskets .",rocker cover gaskets,leaking,replaced
102657,manifold psi gauge reads atmospheric pressure . inspected and found manifold psi line broken at ferrule .,manifold psi line; ferrule,broken,inspected; found
102658,"intake gaskets number 2 , 3 4 cyls are leaking on right-hand engine . removed and replaced intake gaskets .",intake gaskets; cyls; engine,leaking,removed; replaced
102659,left-hand engine broken baffle rod running along cylinder number 2 and 4 . removed and replaced left-hand engine baffle tie rod .,engine; baffle rod; cylinder; baffle tie rod,broken,removed; replaced
102660,cylinder number 2 and 3 left engine leaking intake gaskets . removed and replaced intake gaskets on number 2 and 3 cylinder of left-hand,cylinder; engine; intake gaskets,leaking,removed; replaced
102661,"rocker cover gaskets , cylinder number 2 and 4 right-hand engine , leaking . removed and replaced valve cover gaskets on right-hand engine .",rocker cover gaskets; cylinder; engine; valve cover gaskets,leaking,removed; replaced
102662,"left engine rocker cover gaskets cylinder number 2 , 3 and 4 leaking . removed and replaced valve cover gaskets on cylinder number 2 , 3 and 4",engine; rocker cover gaskets; rocker cover gaskets cylinder; cylinder; valve cover gaskets,leaking,removed; replaced
102663,number 3 and 4 rocker cover gaskets leaking . removed and replaced number 3 and 4 cylinder rocker cover gaskets .,rocker cover gaskets; cylinder,leaking,removed; replaced
102664,"cylinder number 2 intake gasket leaking , left-hand engine . removed and replaced intake gasket .",cylinder; intake gasket; engine,leaking,removed; replaced
102665,number 3 intake leaking on right-hand engine . removed and replaced number 3 intake gasket on right-hand engine .,intake; engine; intake gasket,leaking,removed; replaced
102666,"left-hand engine , number 3 cylinder rocker cover gasket leaking . removed and replaced rocker cover gasket .",engine; cylinder; rocker cover gasket,leaking,removed; replaced
102667,number 4 intake leaking . removed and replaced intake gasket .,intake; intake gasket,leaking,removed; replaced
102668,number 3 and 4 rocker covers leaking . removed and replaced rocker cover gaskets .,rocker covers; rocker cover gaskets,leaking,removed; replaced
102669,number 4 intake gasket leaks . replaced number 4 intake gasket with new .,intake gasket,leaks,replaced
102670,"right-hand engine number 2 intake leaking . removed and replaced number 2 intake gasket , right-hand engine .",engine; intake; intake gasket,leaking,removed; replaced
102671,"number 4 intake gasket leaking , right-hand engine . removed and replaced number 4 intake gasket on right-hand engine .",intake gasket; engine,leaking,removed; replaced
102672,"number 2 , 3 and 4 rocker cover gaskets leaking , right-hand engine . removed and replaced cylinder number 2 , 3 , 4 rocker cover gaskets .",rocker cover gaskets; engine; cylinder,leaking,removed; replaced
102673,"left-hand engine cylinder number 3 and 4 rocker cover gaskets leaking . removed and replaced left-hand cylinder number 3 , 4 rocker cover gaskets .",engine; cylinder; rocker cover gaskets,leaking,removed; replaced
102674,number 4 rocker cover gasket leaking . removed and replaced gasket .,rocker cover gasket; gasket,leaking,removed; replaced
102675,cylinder number 2 intake gasket leaking . removed and replaced intake gasket .,cylinder; intake gasket,leaking,removed; replaced
102676,number 3 cylinder baffle plug is missing . installed new baffle plug .,cylinder; baffle plug,missing,installed
102677,2 rivets missing from engine data plate . installed 2 new rivets on data plate .,rivets; engine; data plate,missing,installed
102678,baffle screw behind oil filler tube loose . removed and replaced baffle screw .,baffle screw; oil filler tube,loose,removed; replaced
102679,"number 2 and 3 rocker cover gaskets leaking . removed and replaced number 2 , 3 rocker cover gaskets .",rocker cover gaskets,leaking,removed; replaced
102680,start assist . started aircraft using normal procedures .,aircraft,,start assist; started
102681,pilot requests start assist . assisted start .,,,start assist; assisted start
102682,pilot requests start assist . assisted start .,,,start assist; assisted start
102683,start assist . assisted pilot starting aircraft .,aircraft,,start assist
102684,number 3 intake leaking on left-hand engine . removed and replaced number 3 intake gasket on left-hand engine .,intake; engine; intake gasket,leaking,removed; replaced
102685,"number 2 , 3 and 4 rockers leaking on left-hand engine . removed and replaced number 2 , 3 , 4 rocker cover gaskets on left-hand",rockers; engine; rocker cover gaskets,leaking,removed; replaced
102686,"number 2 , 3 , 4 rocker covers leaking on right-hand engine . removed and replaced number 2 , 3 , 4 rocker cover gaskets on right-hand",rocker covers; engine; rocker cover gaskets,leaking,removed; replaced
102687,"left-hand engine , right-hand rear baffle is cracked . stop drilled crack .",engine; baffle,cracked; crack,stop drilled
102688,"left-hand engine , left-hand rear baffle is cracked . removed and replaced cracked angle bracket .",engine; baffle; angle bracket,cracked,removed; replaced
102689,all 4 intakes leaking on right-hand engine . removed and replaced intake gaskets on all cyls .,intakes; engine; intake gaskets,leaking,removed; replaced
102690,all intakes on left-hand engine are leaking . removed and replaced all intake gaskets on all cyls .,intakes; engine; intake gaskets,leaking,removed; replaced
102691,left-hand engine carb airbox has sheared rivet on top forward side . removed and replaced damaged rivet .,engine; carb airbox; rivet,sheared; damaged,removed; replaced
102692,all 4 rocker covers leaking on right-hand engine . removed and replaced rocker cover gaskets on all cyls .,rocker covers; engine; rocker cover gaskets,leaking,removed; replaced
102693,all rocker covers on left-hand engine are leaking . removed and replaced rocker cover gaskets on all cyls .,rocker covers; engine; rocker cover gaskets,leaking,removed; replaced
102694,"left-hand engine carb airbox appears to have been on fire . upon further insp , found fire damage to carb air valve",engine; carb airbox; carb air valve,on fire,further insp
102695,number 4 rocker cover gasket leaking . removed and replaced rocker cover gasket .,rocker cover gasket,leaking,removed; replaced
102696,air intake tubing torn . removed and replaced air intake tube .,air intake tubing; air intake tube,torn,removed; replaced
102697,baffling support bracket broken on cylinder number 2 . fabricated new baffle support bracket on number 2 cylinder .,baffling support bracket; cylinder; baffle support bracket,broken,fabricated
102698,front right-hand engine baffling rivets sheared . removed and replaced rivets on front right-hand engine baffling .,engine; rivets; engine baffling,sheared,removed; replaced
102699,right-hand side engine baffling conection wire broken . installed new connection wire to right-hand engine baffling on bo,engine; baffling conection wire; connection wire; engine baffling,broken,installed
102700,"crack in baffling , top right-hand side of engine , next to engine mount bo . stop drilled crack in right-hand side engine baffling , next to",baffling; engine; engine mount bo; engine baffling,crack,stop drilled
102701,"crack in front of left-hand side of engine baffling , in front of number 2 c . stop drilled crack on left-hand side engine baffling in front of",engine baffling,crack,stop drilled
102702,number 2 rocker cover gasket leaking . removed and replaced number 2 rocker cover gasket .,rocker cover gasket,leaking,removed; replaced
102703,start assist . started aircraft using normal procedures .,aircraft,,start assist; started
102704,cylinder number 4 intake gasket leaking . removed and replaced intake gasket .,cylinder; intake gasket,leaking,removed; replaced
102705,"rocker cover gaskets cylinder number 1 , 3 and 4 leaking . removed and replaced rocker cover gaskets .",rocker cover gaskets; cylinder,leaking,removed; replaced
102706,baffling support bracket on cylinder number 2 cracked . removed and replaced support bracket .,baffling support bracket; cylinder; support bracket,cracked,removed; replaced
102707,"overspeed engine at 2840 rpm , over reved engine for 1 second . downloaded data from fdm card , highest rpm found was 28",engine; data; fdm card,overspeed; over reved,downloaded
102708,right-hand number 2 and 3 rocker gasket leaking . removed and replaced gaskets .,rocker gasket; gaskets,leaking,removed; replaced
102709,left-hand number 2 and 3 rocker gaskets are leaking . removed and replaced gaskets .,rocker gaskets; gaskets,leaking,removed; replaced
102710,right-hand number 3 intake gasket leaking . removed and replaced right-hand number 3 intake gasket .,intake gasket,leaking,removed; replaced
102711,left-hand intake gasket number 2 leaking . removed and replaced left-hand number 2 intake gasket .,intake gasket,leaking,removed; replaced
102712,"cylinder number 1 , 3 , 4 rocker cover gaskets leaking . removed and replaced rocker cover gaskets .",cylinder; rocker cover gaskets,leaking,removed; replaced
102713,"aircraft fails mixture override check . ran aircraft , mixture and idle checks good .",aircraft,fails,mixture override check; ran; mixture and idle checks
102714,number 4 rocker cover gasket leaking . removed and replaced number 4 rocker cover gasket .,rocker cover gasket,leaking,removed; replaced
102715,sniffler valves dirty . cleaned valves .,sniffler valves; valves,dirty,cleaned
102716,right-hand engine number 2 intake is leaking . replaced gasket .,engine; intake; gasket,leaking,replaced
102717,cylinder number 3 intake gasket leaking . removed and replaced gasket .,cylinder; intake gasket; gasket,leaking,removed; replaced
102718,cylinder number 4 rocker cover gasket leaking . removed and replaced number 4 cylinder rocker cover gasket .,cylinder; rocker cover gasket,leaking,removed; replaced
102719,number 3 intake leaking . removed and replaced intake gasket .,intake; intake gasket,leaking,removed; replaced
102720,number 3 rocker cover leaking . removed and replaced rocker cover gasket .,rocker cover; rocker cover gasket,leaking,removed; replaced
102721,"right-hand engine oil leak at filter housing after run up . replaced cover o - ring , ran , leak checked ok .",engine; filter housing; cover o - ring,oil leak,replaced; ran; leak checked
102722,"right-hand engine , right-hand exciter lead chafed on oil pressure tube . cleaned small scratch in pressure tube , repositioned cl",engine; exciter lead; oil pressure tube; pressure tube,chafed; scratch,cleaned; repositioned
102723,inter cylinder baffle cracked between number 1 and 3 cyls . removed and replaced baffle .,cylinder; baffle; cyls,cracked,removed; replaced
102724,number 2 and 4 intakes leaking . removed and replaced gaskets .,intakes; gaskets,leaking,removed; replaced
102725,number 2 and 3 rocker covers leaking . removed and replaced gaskets .,rocker covers; gaskets,leaking,removed; replaced
102726,number 2 intake leaking . removed and replaced intake gasket .,intake; intake gasket,leaking,removed; replaced
102727,number 1 rocker cover leaking . removed and replaced rocker cover gasket .,rocker cover; rocker cover gasket,leaking,removed; replaced
102728,number 4 intake gasket is leaking . replaced intake gasket .,intake gasket,leaking,replaced
102729,"number 3 intake gasket leaking , intake tube leaking at sump . replaced gasket and reswedged intake tube .",intake gasket; intake tube; gasket,leaking,replaced; reswedged
102730,"number 4 cylinder has low compression . ran aircraft , compression check still low .",cylinder; aircraft,low,ran; compression check
102731,number 4 cylinder has low compression . removed rocker cover and tried stacking exhaust valve . pr,cylinder; rocker cover; exhaust valve,low,removed; tried stacking
102732,number 4 cylinder has low compression . began disassembly of number 4 cylinder . removed intake and exhaust t,cylinder; intake; exhaust t,low,began disassembly; removed
102733,number 4 cylinder has low compression . completed removal of cylinder . removed and replaced exhaust va,cylinder; exhaust va,low,completed removal; removed; replaced
102734,"number 4 cylinder has low compression . reinstalled lifters , rockers , rocker shaft and push rod t",cylinder; lifters; rockers; rocker shaft; push rod,low,reinstalled
102735,"number 4 cylinder has low compression . installed number 4 aft baffle , new interconnecting rods , inst",cylinder; baffle; interconnecting rods,low,installed
102736,torn grommet top engine baffle aft middle small grommet . removed and replaced small grommet .,grommet; engine; baffle,torn,removed; replaced
102737,cylinder number 4 intake gasket is leaking . removed and replaced gasket with new .,cylinder; intake gasket; gasket,leaking,removed; replaced
102738,"number 2 and 4 intake gaskets leaking . replaced gaskets , leak check good .",intake gaskets; gaskets,leaking,replaced; leak check
102739,number 2 rocker cover gasket leaking . replaced number 2 rocker cover gasket . leak check good .,rocker cover gasket,leaking,replaced; leak check
102740,left-hand side baffle hole worn too large for baffle plug . installed patch on number 4 side baffle .,baffle; hole; baffle plug; patch,worn,installed
102741,cylinder number 2 intake gasket leaking . removed and replaced intake gasket .,cylinder; intake gasket,leaking,removed; replaced
102742,rocker cover gasket cylinder number 1 leaking . removed and replaced rocker cover gaskets .,rocker cover gasket; cylinder; rocker cover gaskets,leaking,removed; replaced
102743,baffle support rod cylinder number 2 and 4 broken . removed and replaced baffle support fastener .,baffle support rod; baffle support rod cylinder; cylinder; baffle support fastener,broken,removed; replaced
102744,"number 1 , 2 and 4 rocker covers are leaking . removed and replaced rocker cover gaskets .",rocker covers; rocker cover gaskets,leaking,removed; replaced
102745,baffle is cracked above number 1 cylinder . stop drilled crack and installed patch around cracked are,baffle; cylinder; patch,cracked; crack,stop drilled; installed
102746,number 2 rocker cover is leaking . removed and replaced rocker cover gasket .,rocker cover; rocker cover gasket,leaking,removed; replaced
102747,number 1 intake leaking . removed and replaced number 1 cylinder intake gasket .,intake; cylinder; intake gasket,leaking,removed; replaced
102748,number 3 rocker cover leaking . removed and replaced number 3 rocker cover gasket .,rocker cover; rocker cover gasket,leaking,removed; replaced
102749,"number 1 , 2 , 3 rocker covers are leaking . removed and replaced rocker cover gaskets .",rocker covers; rocker cover gaskets,leaking,removed; replaced
102750,number 2 rocker gasket leaking . replaced gasket .,rocker gasket; gasket,leaking,replaced
102751,cylinder number 4 intake gasket leaking . removed and replaced cylinder number 4 intake gasket .,cylinder; intake gasket,leaking,removed; replaced
102752,"cylinder number 1 , 3 rocker cover gaskets leaking . removed and replaced rocker cover gaskets .",cylinder; rocker cover gaskets,leaking,removed; replaced
102753,number 1 and 2 rocker cover gaskets leaking . removed and replaced rocker cover gaskets .,rocker cover gaskets,leaking,removed; replaced
102754,number 2 intake leaking . removed and replaced intake gaskets .,intake; intake gaskets,leaking,removed; replaced
102755,number 4 intake gasket leaks . removed and replaced number 4 cylinder intake gasket .,intake gasket; cylinder,leaks,removed; replaced
102756,number 3 rocker cover gasket leaks . removed and replaced number 3 cylinder rocker cover gasket .,rocker cover gasket; cylinder,leaks,removed; replaced
102757,"number 2 , 3 and 4 intake gaskets are leaking . replaced gaskets .",intake gaskets; gaskets,leaking,replaced
102758,baffle plugs have many missing fingers . installed 2 new baffle plugs .,baffle plugs; fingers,missing,installed
102759,"engine overspeed , 3275 rpm . inspected per lycoming , less than 5 % . no defect",engine,overspeed,inspected
102760,left and right baffle plugs are worn . removed and replaced baffle plug .,baffle plugs; baffle plug,worn,removed; replaced
102761,number 3 rocker cover gasket is leaking . removed and replaced rocker cover gasket .,rocker cover gasket,leaking,removed; replaced
102762,right-hand and left-hand front baffle seal needs to be secured . secured right-hand and left-hand front baffle seal .,baffle seal,,secured
102763,"number 1 , 3 and 4 valve cover gaskets leaking . removed and replaced number 1 , 3 and 4 valve cover gaskets .",valve cover gaskets,leaking,removed; replaced
102764,"rocker cover gaskets , cylinder number 2 and 3 , leaking . removed and replaced number 2 and 3 rocker cover gaskets .",rocker cover gaskets; cylinder,leaking,removed; replaced
102765,start assist . started aircraft using normal procedures .,aircraft,,start assist; started
102766,"number 3 , 2 , 4 rocker cover gaskets are leaking . removed and replaced number 2 , 3 , 4 cylinder rocker cover gaskets .",rocker cover gaskets; cylinder,leaking,removed; replaced
102767,cylinder number 1 intake leaking . intake tube also leaking at attachmen . leak check good .,cylinder; intake; intake tube,leaking,leak check
102768,"cylinder number 2 , 3 rocker cover gaskets leaking . removed and replaced cylinder number 2 , 3 rocker cover gaskets .",cylinder; rocker cover gaskets,leaking,removed; replaced
102769,cylinder number 1 intake leaking . intake tube also leaking at attachmen . removed and replaced cylinder number 1 intake gasket . swedged cylinder number 1,cylinder; intake; intake tube; intake gasket,leaking,removed; replaced; swedged
102770,number 3 and 2 rocker covers leaking . tightened screws .,rocker covers; screws,leaking,tightened
102771,number 3 intake leaking . removed and replaced number 3 cylinder intake gasket .,intake; cylinder; intake gasket,leaking,removed; replaced
102772,right-hand front top engine baffle rubber seal not attached . reattached right-hand top engine rubber baffle seal .,engine; baffle rubber seal; rubber baffle seal,not attached,reattached
102773,number 3 rocker cover gasket leaking . removed and replaced gasket .,rocker cover gasket; gasket,leaking,removed; replaced
102774,right-hand baffle plug needs patch . applied high temperature silicone in place of baffle patch .,baffle plug; patch; high temperature silicone; baffle patch,,applied
102775,"number 2 , 3 , 4 rocker cover screws loose on right-hand engine . tightened all screws on number 2 , 3 , 4 rocker covers .",rocker cover screws; engine; screws; rocker covers,loose,tightened
102776,"hardware missing on number 4 rocker cover , left-hand engine . replaced missing screw on left-hand engine number 4 rocker cover .",hardware; rocker cover; engine; screw,missing,replaced
102777,"screw missing on right-hand engine number 3 cylinder rocker cover . replaced missing screw on number 3 cylinder rocker cover , right-hand engine .",screw; engine; cylinder; rocker cover,missing,replaced
102778,particle seperator has grass in it . removed grass from particle seperator .,particle seperator; grass,,removed
102779,number 2 rocker gasket is leaking . removed and replaced rocker cover gasket .,rocker gasket; rocker cover gasket,leaking,removed; replaced
102780,number 4 intake leaking on right-hand engine . removed and replaced number 4 cylinder intake gasket .,intake; engine; cylinder; intake gasket,leaking,removed; replaced
102781,number 3 and 4 rocker covers leaking on right-hand engine . removed and replaced rocker cover gaskets .,rocker covers; engine; rocker cover gaskets,leaking,removed; replaced
102782,idle speed and mixture need to be adjusted . adjusted idle speed and mixture to within normal range . operations,,,adjusted; operations
102783,cylinder number 2 intake gasket leaking . removed and replaced number 2 cylinder intake gasket .,cylinder; intake gasket,leaking,removed; replaced
102784,"cylinder number 2 , 3 rocker cover gaskets leaking . removed and replaced rocker covers .",cylinder; rocker cover gaskets; rocker covers,leaking,removed; replaced
102785,"number 1 , 2 , 3 intakes leaking . removed and replaced intake gaskets .",intakes; intake gaskets,leaking,removed; replaced
102786,number 3 cylinder intake leaking . removed and replaced intake gasket .,cylinder; intake; intake gasket,leaking,removed; replaced
102787,cylinder number 2 rocker cover gasket leaking . removed and replaced number 2 cylinder rocker cover gasket .,cylinder; rocker cover gasket,leaking,removed; replaced
102788,idle rpm low . operations check good .,,low,operations check
102789,idle rpm low . adjusted rpm .,,low,adjusted
102790,right-hand baffle spring broken . removed and replaced spring .,baffle spring; spring,broken,removed; replaced
102791,cylinder number 4 rocker cover gasket leaking . removed and replaced number 4 cylinder rocker cover gasket .,cylinder; rocker cover gasket,leaking,removed; replaced
102792,"rivets sheared on aft baffling , behind cylinder number 3 . removed baffle from aircraft . removed and replaced rivets with s",rivets; baffling; cylinder; baffle; aircraft,sheared,removed; replaced
102793,cylinder number 2 and 3 rocker cover gasket leaking . removed and replaced number 2 and 3 cylinder rocker cover gaskets .,cylinder; rocker cover gasket; rocker cover gaskets,leaking,removed; replaced
102794,number 2 and 3 intake gaskets leaking . removed and replaced number 2 intake gasket .,intake gaskets; intake gasket,leaking,removed; replaced
102795,number 2 and 3 intake gaskets leaking . removed and replaced cylinder number 3 intake gasket .,intake gaskets; cylinder; intake gasket,leaking,removed; replaced
102796,number 2 rocker cover gasket leaking . removed and replaced cylinder number 2 rocker cover gasket .,rocker cover gasket; cylinder,leaking,removed; replaced
102797,number 2 intake bolt hole stripped . repaired bolt hole with heli - coil kit . reinstalled intake,intake bolt hole; bolt hole; heli - coil kit; intake,stripped,repaired; reinstalled
102798,oil cooler flange cracked . stop drilled crack .,oil cooler flange,cracked; crack,stop drilled
102799,cylinder number 2 and 4 rocker cover gaskets leaking . removed and replaced gaskets .,cylinder; rocker cover gaskets; gaskets,leaking,removed; replaced
102800,maintenance flight required to perform power check . performed ground run . operations check good . request maintenance flight fo,,,maintenance flight; power check; ground run; operations check
102801,cylinder number 4 intake gasket leaking . removed and replaced intake gasket .,cylinder; intake gasket,leaking,removed; replaced
102802,number 4 cylinder rocker cover gasket leaking . removed and replaced rocker cover gasket .,cylinder; rocker cover gasket,leaking,removed; replaced
102803,"intake gasket leaking on number 3 cylinder , left-hand engine . removed and replaced number 3 cylinder intake gasket .",intake gasket; cylinder; engine,leaking,removed; replaced
102804,"left-hand engine , aft baffling cracked behind cylinder number 4 . removed and replaced cylinder number 4 rear baffle .",engine; baffling; cylinder; baffle,cracked,removed; replaced
102805,number 3 intake leaking on right-hand engine . removed and replaced number 3 cylinder intake gasket on right-hand engine .,intake; engine; cylinder; intake gasket,leaking,removed; replaced
102806,"left-hand engine number 1 , 2 , 4 rocker cover gaskets leaking . removed and replaced number 1 , 2 and 4 gaskets .",engine; rocker cover gaskets; gaskets,leaking,removed; replaced
102807,number 1 and 2 rocker covers leaking on right-hand engine . removed and replaced number 1 and 2 rocker cover gaskets .,rocker covers; engine; rocker cover gaskets,leaking,removed; replaced
102808,number 3 rocker cover leaking . removed and replaced cylinder number 3 rocker cover gasket .,rocker cover; cylinder; rocker cover gasket,leaking,removed; replaced
102809,outboard clamp on number 4 cylinder push rod tube loose . removed and replaced push rod adel clamp .,clamp; cylinder; push rod tube; push rod adel clamp,loose,removed; replaced
102810,number 2 intake gasket leaking . removed and replaced intake gasket on number 2 cylinder .,intake gasket; cylinder,leaking,removed; replaced
102811,number 1 rocker cover gasket leaks . removed and replaced rocker cover gasket on number 1 cylinder .,rocker cover gasket; cylinder,leaks,removed; replaced
102812,number 4 intake leaking . replaced gasket .,intake; gasket,leaking,replaced
102813,number 3 rocker cover leaking . replaced gasket .,rocker cover; gasket,leaking,replaced
102814,"engine will not make enough power to hover higher that 2 feet , number . inspected number 1 intake tube , found to be loose . replaced u",engine; intake tube,loose; will not make enough,inspected; replaced
102815,"number 3 and 4 cylinder rocker covers leaking . removed and replaced cylinder number 3 , 4 rocker cover gaskets .",rocker covers; cylinder; rocker cover gaskets,leaking,removed; replaced
102816,number 2 and 3 rocker cover gaskets leaking . removed and replaced number 2 and 3 rocker cover gaskets .,rocker cover gaskets,leaking,removed; replaced
102817,number 4 cylinder baffle plug requires patch . fabricated patch and installed on number 4 baffle plug hole .,cylinder; baffle plug; patch; baffle plug hole,,fabricated; installed
102818,number 2 intake leaking . removed and replaced gasket .,intake; gasket,leaking,removed; replaced
102819,number 3 oil drain line has rub mark . removed and replaced oil drain line .,oil drain line; rub mark,,removed; replaced
102820,cylinder number 4 intake gasket leaking . removed and replaced intake gasket .,cylinder; intake gasket,leaking,removed; replaced
102821,test flight needed for hover power . cleaned sniffler valves . maintenance flight required .,hover power; sniffler valves,,test flight; cleaned; maintenance flight
102822,cylinder number 4 temperature probe loose . removed and replaced cht probe .,cylinder; temperature probe; cht probe,loose,removed; replaced
102823,number 1 and 4 intakes leaking . removed and replaced number 1 and 4 cylinder intake gaskets .,intakes; cylinder; intake gaskets,leaking,removed; replaced
102824,number 4 rocker cover leaking . removed and replaced number 4 cylinder rocker cover gasket .,rocker cover; cylinder; rocker cover gasket,leaking,removed; replaced
102825,"intake gaskets leaking , cylinder number 2 and 3 . removed and replaced number 2 and 3 cylinder intake gaskets .",intake gaskets; cylinder,leaking,removed; replaced
102826,"rocker cover gasket , cylinder number 3 , leaking . removed and replaced number 3 cylinder rocker cover gasket .",rocker cover gasket; cylinder,leaking,removed; replaced
102827,"noticed vibrations and engine roughness , also not producing fu . ran aircraft . magneto , idle rpm and idle mixture check good . no vibra",engine; aircraft; magneto,vibrations; roughness; not producing fu,ran; idle mixture check
102828,left-hand engine number 3 and 4 rocker covers are leaking . removed and replaced left-hand gaskets .,engine; rocker covers; gaskets,leaking,removed; replaced
102829,left-hand engine corner bracket on left-hand rear baffle is cracked . removed and replaced bracket .,engine; corner bracket; baffle; bracket,cracked,removed; replaced
102830,"leaking rocker cover gaskets , cylinder number 3 and 4 , right-hand engine . removed and replaced rocker gaskets on right-hand engine .",rocker cover gaskets; cylinder; engine; rocker gaskets,leaking,removed; replaced
102831,number 3 intake leaking . removed and replaced number 3 cylinder intake gasket .,intake; cylinder; intake gasket,leaking,removed; replaced
102832,number 1 rocker cover leaking . removed and replaced number 1 cylinder rocker cover gasket .,rocker cover; cylinder; rocker cover gasket,leaking,removed; replaced
102833,"front baffle seal on bottom left and bottom right sides , needs . secured bottom left and bottom right sides of front baffl",baffle seal; baffl,,secured
102834,number 4 rocker cover leaking . removed and replaced gasket .,rocker cover; gasket,leaking,removed; replaced
102835,number 2 cylinder rocker cover gasket leaking . removed and replaced number 2 cylinder rocker cover gasket .,cylinder; rocker cover gasket,leaking,removed; replaced
102836,upper right baffle seal needs to be secured . secured upper right baffle seal .,baffle seal,,secured
102837,number 2 rocker cover gasket leaking . removed and replaced cylinder number 2 rocker cover gasket .,rocker cover gasket; cylinder,leaking,removed; replaced
102838,number 2 intake has leak . removed and replaced intake gasket .,intake; intake gasket,leak,removed; replaced
102839,number 2 and 4 intakes leaking . removed and replaced intake gaskets .,intakes; intake gaskets,leaking,removed; replaced
102840,both oil coolers need to be cleaned . cleaned both oil coolers .,oil coolers,,cleaned
102841,number 2 intake gasket leaking . removed and replaced intake gasket .,intake gasket,leaking,removed; replaced
102842,"baffle , number 1 cylinder , requires patch . installed patch on number 1 cylinder baffle .",baffle; cylinder; patch,,installed
102843,"missing baffle plug , right-hand side , left-hand side need replacement . replaced baffle plugs .",baffle plug; baffle plugs,missing,replacement; replaced
102844,number 2 rocker cover gasket needs replacement . removed and replaced rocker cover gasket .,rocker cover gasket,,replacement; removed; replaced
102845,"front baffle seal needs to be secured , top left and right side . secured front baffle seals .",baffle seal; baffle seals,,secured
102846,"left-hand and right-hand baffle plug holes require patches . after further inspection , found plug holes to be ok .",baffle plug holes; plug holes,,patches; further inspection
102847,"number 1 and 2 intakes leaking . removed and replaced cylinder number 1 , 2 intake gaskets .",intakes; cylinder; intake gaskets,leaking,removed; replaced
102848,number 3 rocker cover leaking . removed and replaced cylinder number 3 rocker cover gasket .,rocker cover; cylinder; rocker cover gasket,leaking,removed; replaced
102849,number 2 intake leaking . removed and replaced intake gasket .,intake; intake gasket,leaking,removed; replaced
102850,number 2 and 4 rocker covers leaking . removed and replaced rocker cover gaskets .,rocker covers; rocker cover gaskets,leaking,removed; replaced
102851,number 2 intake gasket leaking . removed and replaced number 2 intake gasket .,intake gasket,leaking,removed; replaced
102852,found right baffle seal needs to be secured . secured baffle seal .,baffle seal,,secured
102853,oil cooler needs to be blown out . blew out oil cooler .,oil cooler,blown out,blew out
102854,number 2 rocker cover gasket leaking . removed and replaced rocker cover gasket .,rocker cover gasket,leaking,removed; replaced
102855,all rocker covers are leaking . replaced gaskets on all 4 rocker covers .,rocker covers; gaskets,leaking,replaced
102856,engine oil cooler can be cleaned externally . cleaned engine oil cooler .,engine; oil cooler,,cleaned
102857,m / r transmission oil cooler can be cleaned out externally . cleaned m / r transmission oil cooler .,m / r transmission oil cooler,,cleaned
102858,number 3 cylinder intake gasket leaking . removed and replaced number 3 cylinder intake gasket .,cylinder; intake gasket,leaking,removed; replaced
102859,"number 2 , 3 and 4 cylinder rocker cover gaskets leaking . removed and replaced gaskets .",cylinder; rocker cover gaskets; gaskets,leaking,removed; replaced
102860,"number 3 aft cylinder baffle cracked by oil cooler mount . stop drilled crack on aft cylinder number 3 baffle , near oil coole",cylinder; baffle; oil cooler mount; oil coole,cracked; crack,stop drilled
102861,stripped nut on c flange bolt . replaced hardware .,nut; c flange bolt; flange bolt; hardware,,stripped; replaced
102862,stripped nut on c flange bolt . filed off nut and removed .,nut; c flange bolt; flange bolt,,stripped; filed off; removed
102863,"number 1 , 2 , 3 and 4 intakes are leaking , right-hand engine . removed and replaced intake gaskets .",intakes; engine; intake gaskets,leaking,removed; replaced
102864,"right-hand engine rocker cover gaskets leaking , cylinder number 1 and 3 . removed and replaced rocker cover gaskets .",engine; rocker cover gaskets; cylinder,leaking,removed; replaced
102865,"intakes number 2 , 3 , 4 leaking on left-hand engine . removed and replaced number 2 , 3 , 4 intake gaskets on left-hand engine .",intakes; engine; intake gaskets,leaking,removed; replaced
102866,"rocker covers 1 , 2 , 3 and 4 leaking on left-hand engine . removed and replaced number 1 , 2 , 3 and 4 rocker cover gaskets on",rocker covers; engine; rocker cover gaskets,leaking,removed; replaced
102867,left-hand crankshaft seal seeping . leak check good .,crankshaft seal,seeping,leak check
102868,right-hand engine cylinder number 3 and 4 intake gaskets leaking . replaced gaskets .,engine; cylinder; intake gaskets; gaskets,leaking,replaced
102869,left-hand engine cylinder number 3 intake gasket leaking . removed and replaced gasket .,engine; cylinder; intake gasket; gasket,leaking,removed; replaced
102870,right-hand oil filler tube loose . tightened and resafetied oil filler tube .,oil filler tube,loose,tightened; resafetied
102871,right-hand engine cylinder number 3 and 4 rocker cover gaskets leaking . replaced gaskets .,engine; cylinder; rocker cover gaskets; gaskets,leaking,replaced
102872,left-hand crankshaft seal seeping . removed and replaced crankshaft oil seal .,crankshaft seal; crankshaft; oil seal,seeping,removed; replaced
102873,"number 2 intake gasket leaking , left-hand engine . removed and replaced intake gasket .",intake gasket; engine,leaking,removed; replaced
102874,number 2 intake gasket leaking right-hand engine . removed and replaced intake gasket .,intake gasket; engine,leaking,removed; replaced
102875,right-hand engine number 2 cylinder rocker cover gasket is leaking . removed and replaced number 2 rocker cover gasket .,engine; cylinder; rocker cover gasket,leaking,removed; replaced
102876,"number 2 and 3 rocker cover gaskets leaking , left-hand engine . removed and replaced number 2 and 3 rocker cover gaskets .",rocker cover gaskets; engine,leaking,removed; replaced
102877,"rocker cover gaskets 1 , 2 , 3 and 4 cyls are leaking . removed and replaced rocker cover gaskets .",rocker cover gaskets; cyls,leaking,removed; replaced
102878,number 2 side baffle seal loose on baffle . resecured baffle seal .,baffle seal; baffle,loose,resecured
102879,number 3 intake gasket leaking . replaced gasket .,intake gasket; gasket,leaking,replaced
102880,number 4 intake gasket is leaking . replaced gasket .,intake gasket; gasket,leaking,replaced
102881,forward right-hand side baffle and left-hand aft baffle are cracked . installed patches on right-hand baffle and left-hand aft baffle in accordance with ac,baffle; patches,cracked,installed
102882,number 1 cylinder baffling cracked by valve cover . repaired with riveted patch .,cylinder; baffling; valve cover; patch,cracked,repaired; riveted
102883,"number 2 , 3 , 4 rocker cover gaskets leaking . removed and replaced rocker cover gaskets .",rocker cover gaskets,leaking,removed; replaced
102884,"baffle support screw , by oil tube , loose . removed oil filler tube , tightened screw and reinstalled",baffle support screw; oil tube; oil filler tube; screw,loose,removed; tightened; reinstalled
102885,intakes 2 and 4 leaking on right-hand engine . removed and replaced intake gaskets .,intakes; engine; intake gaskets,leaking,removed; replaced
102886,left-hand carb heat valve missing felt . removed and replaced left-hand carb heat valve .,carb heat valve,missing,removed; replaced
102887,"intakes 1 , 2 , 3 and 4 leaking on left-hand engine . removed and replaced intake gaskets .",intakes; engine; intake gaskets,leaking,removed; replaced
102888,rocker covers 2 and 3 leaking on left-hand engine . removed and replaced rocker cover gaskets .,rocker covers; engine; rocker cover gaskets,leaking,removed; replaced
102889,"rocker covers 1 , 2 , 3 and 4 leaking on right-hand engine . removed all right-hand rocker cover gaskets and replaced .",rocker covers; engine; rocker cover gaskets,leaking,removed; replaced
102890,number 4 rocker cover gasket leaking . replaced gasket .,rocker cover gasket; gasket,leaking,replaced
102891,crack in baffling of number 1 cylinder by valve cover . stop drilled crack on number 1 cylinder baffle .,baffling; cylinder; valve cover; baffle,crack,stop drilled
102892,baffle above number 1 cylinder requires patch . installed baffle patch .,baffle; cylinder; patch; baffle patch,,installed
102893,number 2 and 4 rocker cover gaskets leaking . removed and replaced rocker cover gaskets .,rocker cover gaskets,leaking,removed; replaced
102894,number 3 intake gasket on left-hand engine leaking . removed and replaced gasket .,intake gasket; engine; gasket,leaking,removed; replaced
102895,"rocker cover gasket leaking , number 3 right-hand engine . removed and replaced number 3 cylinder rocker cover gasket on right-hand en",rocker cover gasket; engine; cylinder,leaking,removed; replaced
102896,number 2 and 3 rocker cover gaskets leaking on left-hand engine . removed and replaced rocker cover gaskets on number 2 and 3 cyls,rocker cover gaskets; engine,leaking,removed; replaced
102897,right-hand side lower forward oil cooler hose bracket broken . removed and replaced bracket .,oil cooler hose bracket; bracket,broken,removed; replaced
102898,"left-hand engine back baffle , by number 4 cylinder , cracked . stop drilled crack .",engine; baffle; cylinder,cracked; crack,stop drilled
102899,right-hand engine number 1 and 2 rocker covers are leaking . removed and replaced right-hand engine rocker cover gaskets .,engine; rocker covers; rocker cover gaskets,leaking,removed; replaced
102900,"number 2 , 3 and 4 rocker covers are leaking on left-hand engine . removed and replaced rocker cover gaskets , left-hand engine .",rocker covers; engine; rocker cover gaskets,leaking,removed; replaced
102901,"number 2 intake gasket leaking , left-hand engine . removed and replaced intake gasket .",intake gasket; engine,leaking,removed; replaced
102902,"number 2 and 3 intake gaskets leaking , right-hand engine . removed and replaced intake gaskets .",intake gaskets; engine,leaking,removed; replaced
102903,"missing screw on number 3 rocker cover , right-hand engine . installed new screw on rocker cover .",screw; rocker cover; engine,missing,installed
102904,"number 2 , 3 , 4 rocker cover gaskets leaking , right-hand engine . removed and replaced rocker cover gaskets .",rocker cover gaskets; engine,leaking,removed; replaced
102905,"number 2 , 3 , 4 rocker cover gaskets leaking , left-hand engine . removed and replaced rocker cover gaskets , left-hand side .",rocker cover gaskets; engine,leaking,removed; replaced
102906,left-hand engine is missing baffle bolt from number 3 cylinder . installed new hardware .,engine; baffle bolt; cylinder; hardware,missing,installed
102907,"rocker drain lines , all of b nuts are loose . tightened all b nuts .",rocker drain lines; b nuts,loose,tightened
102908,intake 2 and 3 leaking . removed and replaced intake gaskets .,intake; intake gaskets,leaking,removed; replaced
102909,baffle tie rod broken . replaced tie rod .,baffle tie rod; tie rod,broken,replaced
102910,rocker cover screws loose on left-hand engine . tightened screws .,rocker cover screws; engine; screws,loose,tightened
102911,left-hand engine number 2 cylinder has low compression . staked exhaust valve with no affect .,engine; cylinder; exhaust valve,low,staked
102912,right-hand engine cylinder number 3 and 2 intake gaskets leaking . removed and replaced gaskets .,engine; cylinder; intake gaskets; gaskets,leaking,removed; replaced
102913,right-hand engine cylinder number 3 rocker cover gasket leaking . removed and replaced rocker cover gasket .,engine; cylinder; rocker cover gasket,leaking,removed; replaced
102914,"left-hand engine number 2 cylinder has low compression . ran aircraft , compression check at 14 / 80 psi continued on pd number",engine; cylinder; aircraft,low,ran; compression check
102915,left-hand / engine number 2 cylinder has low compression . finished installation and operations check good .,engine; cylinder,low,finished installation; operations check
102916,"left-hand engine number 2 exhaust rocker was nicked during valve staking . removed and replaced rocker arm , shaft and gasket .",engine; exhaust rocker; rocker arm; shaft; gasket,nicked,removed; replaced
102917,"left-hand / engine number 2 cylinder has low compression . replaced exhaust valve , fitted valve to cylinder . installed",engine; cylinder; exhaust valve; valve,low,replaced; fitted; installed
102918,left-hand / engine number 2 cylinder has low compression . removed number 2 cylinder on left-hand engine . removed exhaust and intake tub,engine; cylinder; exhaust; intake tub,low,removed
102919,both oil coolers need to be cleaned . cleaned both oil coolers .,oil coolers,,cleaned
102920,number 1 cylinder compression low . staked exhaust valve . compression checks 70 / 80 . replace,cylinder; exhaust valve,low,staked
102921,cylinder number 1 rocker cover gasket leaking . removed and replaced rocker cover gasket .,cylinder; rocker cover gasket,leaking,removed; replaced
102922,aft left-hand baffle is cracked . fabricated patch from like material and riveted in accordance with,baffle; patch; like material,cracked,fabricated
102923,number 4 cylinder aft baffle is cracked . stop drilled crack .,cylinder; baffle,cracked; crack,stop drilled
102924,small crack on oil cooler outboard forward . stop drilled .,oil cooler,crack,stop drilled
102925,oil tube drain lines for cylinders loose . tightened b nuts .,oil tube drain lines; cylinders; b nuts,loose,tightened
102926,number 2 rocker arm cover leaking . replaced gasket .,rocker arm cover; gasket,leaking,replaced
102927,"baffle seal , forward of number 2 cylinder , is loose . secured baffle seal .",baffle seal; cylinder,loose,secured
102928,number 3 and 4 intakes leaking . removed and replaced number 3 and 4 intake gaskets .,intakes; intake gaskets,leaking,removed; replaced
102929,"number 2 rocker cover leaks , right-hand engine . replaced gasket .",rocker cover; engine; gasket,leaks,replaced
102930,"number 3 cylinder zero compression on left-hand engine . ran aircraft , leak checked good .",cylinder; engine; aircraft,zero compression,ran; leak checked
102931,number 3 cylinder zero compression on left-hand engine . tried staking exhaust valve . test still failed . seems t,cylinder; engine; exhaust valve,zero,tried staking; test
102932,number 3 cylinder zero compression on left-hand engine . installed valve train . dry tappet clearance checked ok . i,cylinder; engine; valve train,zero compression,installed; dry tappet clearance checked
102933,number 3 cylinder zero compression on left-hand engine . removed cylinder . replaced and ground exhaust valve . ground in,cylinder; engine; exhaust valve,zero,removed; replaced; ground
102934,number 1 rocker cover leaking on right-hand engine . replaced gasket .,rocker cover; engine; gasket,leaking,replaced
102935,number 2 intake gasket leaking on right-hand engine . replaced gasket .,intake gasket; engine; gasket,leaking,replaced
102936,"number 3 cylinder baffling on left-hand engine , cracked on aft side . stop drilled crack .",cylinder baffling; engine,cracked; crack,stop drilled
102937,"number 2 , 3 and 4 rocker cover gaskets leaking on right-hand engine . replaced rocker gaskets .",rocker cover gaskets; engine; rocker gaskets,leaking,replaced
102938,number 2 and 3 rocker gaskets leaking on left-hand engine . removed and replaced rocker cover gaskets .,rocker gaskets; engine; rocker cover gaskets,leaking,removed; replaced
102939,number 2 and 3 intake gaskets leaking on left-hand engine . removed and replaced number 2 and 3 cylinder intake gaskets on left-hand engine,intake gaskets; engine; cylinder,leaking,removed; replaced
102940,"number 4 cylinder baffling on left-hand engine , cracked on angle brackets . stop drilled cracks and replaced angle brackets with like m",cylinder; cylinder baffling; engine; angle brackets,cracked; cracks,stop drilled; replaced
102941,number 4 cylinder on left-hand engine has low compression . leaking from exhaust . staked valves on number 4 cylinder of left-hand engine and observed no change,cylinder; engine; exhaust; valves,low; leaking,staked; observed
102942,number 4 cylinder on left-hand engine has low compression . leaking from exhaust . removed number 4 cylinder . replaced exhaust valve and ground seat . g,cylinder; engine; exhaust; exhaust valve,low; leaking,removed; replaced; ground seat
102943,"number 4 cylinder on left-hand engine has low compression . leaking from exhaust . reinstalled aft muffler assembly , carb heat box . ran engine",cylinder; engine; exhaust; muffler assembly; carb heat box,low; leaking,reinstalled; ran
102944,number 3 intake leaking . removed and replaced intake gasket .,intake; intake gasket,leaking,removed; replaced
102945,number 2 intake is leaking . removed and replaced number 2 cylinder intake gasket .,intake; cylinder; intake gasket,leaking,removed; replaced
102946,"cylinder number 3 had low compression 50 / 80 . staked valve , compression checked good 72 .",cylinder; valve,low,staked; checked
102947,"bottom rivet head sheared off on engine baffle , right-hand side , i / . removed engine baffle , right-hand aft . removed and replaced shea",rivet head; engine; baffle,sheared; sheared off,removed; replaced
102948,push rod tube bent . installed serviceable push rod tube on engine .,push rod tube; engine,bent,installed
102949,push rod tube bent . removed push rod tube from core engine . cleaned and inspe,push rod tube; core engine,bent,removed; cleaned
102950,number 2 cylinder rocker cover gasket leaking . removed and replaced number 2 cylinder rocker cover gasket .,cylinder; rocker cover gasket,leaking,removed; replaced
102951,"noted excessive vibration and rough running engine , upon post . removed and replaced number 2 cylinder assembly . torqued cylinder to case , in",engine; cylinder assembly; cylinder; case,vibration; rough running,removed; replaced; torqued
102952,auto re - ignition does not activate with low n 2 conditions . could not duplicate discrepancy . operations check good .,auto re - ignition,not activate,operations check
102953,"number 2 and 3 intakes are leaking on left-hand engine . removed and replaced cylinder number 2 , 3 intake gaskets on left-hand engi",intakes; engine; cylinder; intake gaskets,leaking,removed; replaced
102954,oil cooler lower baffle seal missing . sealed area with rtv .,oil cooler; baffle seal; rtv,missing,sealed
102955,number 1 rocker cover gasket leaking . replaced rocker cover gasket .,rocker cover gasket,leaking,replaced
102956,forward engine baffle worn through . fabricated new baffle piece of like material and installe,engine; baffle; baffle piece; like material,worn through,fabricated
102957,"on aircraft run up , left-hand propeller tip was damaged . completed reassembly of engine . washed engine .",propeller tip; engine,damaged,completed reassembly; washed
102958,"on aircraft run up , left-hand propeller tip was damaged . removed accessory case , performed lycoming .",propeller tip; accessory case,damaged,removed; performed
102959,"on aircraft run up , left-hand propeller tip was damaged . engine run and leak check good . adjusted propeller low pitch stop",propeller tip; propeller low pitch stop,damaged,engine run; leak check; adjusted
102960,cylinder number 2 intake gasket leaking . removed and replaced intake gasket .,cylinder; intake gasket,leaking,removed; replaced
102961,cylinder number 2 rocker cover gasket leaking . removed and replaced rocker cover gasket .,cylinder; rocker cover gasket,leaking,removed; replaced
102962,"right-hand engine baffle , between number 2 and 4 cylinder , required rework . resecured baffle seal .",engine; baffle; cylinder; baffle seal,,rework; resecured
102963,left-hand number 2 and 4 intake gaskets leaking . replaced both gaskets . leak check good .,intake gaskets; gaskets,leaking,replaced; leak check
102964,upper baffle hole plugs aer worn . removed and replaced both baffle plugs .,baffle hole plugs; baffle plugs,worn,removed; replaced
102965,number 1 rocker cover is leaking . removed and replaced number 1 cylinder rocker cover gasket .,rocker cover; cylinder; rocker cover gasket,leaking,removed; replaced
102966,number 1 cylinder has low compression . removed rocker cover and staked valves noting compression,cylinder; rocker cover; valves,low,removed; staked
102967,number 1 cylinder has low compression . performed engine run and performed compression check on number 1 n,cylinder; engine,low,compression check
102968,number 2 and 3 rocker cover gaskets leaking . removed and replaced rocker cover gaskets .,rocker cover gaskets,leaking,removed; replaced
102969,"baffle cracked past stop drill , number 4 cylinder . fabricated patch , stop drilled crack and installed patch .",baffle; cylinder; patch,cracked; crack,fabricated; stop drilled; installed
102970,"baffle plug hole requires patch , number 3 cylinder . fabricated and installed baffle plug patch . replaced baff",baffle plug hole; patch; cylinder; baffle plug patch; baff,,fabricated; installed; replaced
102971,number 3 rocker cover is leaking oil . removed and replaced number 3 rocker cover gasket .,rocker cover; oil; rocker cover gasket,leaking,removed; replaced
102972,hardware missing on number 3 rocker cover . installed new hardware .,hardware; rocker cover; new hardware,missing,installed
102973,number 2 intake gasket leaking . replaced gasket .,intake gasket; gasket,leaking,replaced
102974,number 3 and 4 rocker covers leaking . removed and replaced number 3 and 4 rocker gaskets .,rocker covers; rocker gaskets,leaking,removed; replaced
102975,number 1 cylinder engine baffle is cracked . stop drilled crack .,cylinder; cylinder engine; engine; baffle,cracked; crack,stop drilled
102976,number 3 aft baffle tab loose . started removing right-hand aft engine baffle .,baffle tab; engine; baffle,loose,started removing
102977,number 4 intake tube gasket is leaking . installed new number 4 intake tube gasket .,intake tube gasket,leaking,installed
102978,number 3 aft baffle tab loose . installed new screws and nuts on baffle tab . reinstalled,baffle tab; screws; nuts,loose,installed; reinstalled
102979,number 3 and 4 rocker box cover gaskets leaking . installed new rocker box cover gaskets .,rocker box cover gaskets,leaking,installed
102980,upper engine cowl needs chafe tape . installed chafe tape as required .,engine; cowl; chafe tape,,installed
102981,left-hand baffle button plug needs to be replaced . installed new baffle plug .,baffle button plug; baffle plug,,replaced; installed
102982,"number 2 , 4 rocker cover gaskets leaking . removed and replaced rocker gaskets .",rocker cover gaskets; rocker gaskets,leaking,removed; replaced
102983,forward lower right-hand baffle seal needs replacement . installed new section of baffle material .,baffle seal; baffle material,,replacement; installed
102984,"right-hand engine number 2 , 3 and 4 cylinder rocker cover gaskets are leaking . removed and replaced rocker cover gaskets .",engine; cylinder; rocker cover gaskets,leaking,removed; replaced
102985,number 2 intake is leaking . removed and replaced intake gasket .,intake; intake gasket,leaking,removed; replaced
102986,number 2 and 3 rocker covers are leaking . removed and replaced number 2 and 3 cylinder rocker cover gaskets .,rocker covers; cylinder; rocker cover gaskets,leaking,removed; replaced
102987,number 2 and 4 intercylinder baffle connecting rod broken . removed and replaced baffle connecting rod .,intercylinder baffle connecting rod; baffle connecting rod,broken,removed; replaced
102988,lower clamps loose on right-hand engine number 4 intake . resecured clamps .,clamps; engine; intake,loose,resecured
102989,number 4 intake leaking on left-hand engine . removed and replaced intake gaskets .,intake; engine; intake gaskets,leaking,removed; replaced
102990,number 2 and 3 rocker covers leaking on left-hand engine . removed and replaced rocker cover gaskets .,rocker covers; engine; rocker cover gaskets,leaking,removed; replaced
102991,oil filler tube loose . tightened oil filler tube .,oil filler tube,loose,tightened
102992,forward left-hand baffle needs to be secured . secured baffle .,baffle,,secured
102993,number 4 intake leaking . removed and replaced number 4 cylinder intake gasket .,intake; cylinder; intake gasket,leaking,removed; replaced
102994,forward adel clamp on number 3 cylinder loose and rubbing on push rod tube . removed and replaced forward adel clamp on number 3 cylinder push rod tu,adel clamp; cylinder; push rod tube,loose; rubbing,removed; replaced
102995,number 2 intake is leaking . removed and replaced gasket .,intake; gasket,leaking,removed; replaced
102996,number 4 rocker cover gasket leaking . removed and replaced number 4 rocker cover gasket .,rocker cover gasket,leaking,removed; replaced
102997,left-hand engine number 2 cylinder intake gasket is leaking . replaced gasket .,engine; cylinder; intake gasket; gasket,leaking,replaced
102998,right-hand engine number 3 cylinder rocker cover is missing a screw . replaced screw .,engine; cylinder; rocker cover; screw,missing,replaced
102999,number 2 cylinder intake leaking . removed and replaced gasket .,cylinder; intake; gasket,leaking,removed; replaced
103000,number 2 cylinder rocker cover gasket leaking . removed and replaced gasket .,cylinder; rocker cover gasket; gasket,leaking,removed; replaced
103001,upper cowling needs small piece of chafe tape . installed tape .,cowling; chafe tape; tape,,installed
103002,"left-hand upper engine baffling on engine , worn seal support . secured seal .",engine; seal support; seal,worn,secured
103003,"between number 2 and 4 cylinder , spiral wrap melted . removed plastic , recontoured line out of way .",cylinder; spiral wrap; plastic; line,melted; out of way,removed; recontoured
103004,number 2 cylinder rocker cover leaking . removed and replaced rocker cover gasket .,cylinder; rocker cover; rocker cover gasket,leaking,removed; replaced
103005,number 3 cylinder rocker cover bottom screw needs swapped with aft baffle . swapped screws .,cylinder; screw; baffle; screws,,swapped
103006,number 2 and 3 rocker cover gaskets leaking . removed and replaced gaskets .,rocker cover gaskets; gaskets,leaking,removed; replaced
103007,number 3 cylinder baffling missing spark plug access plug . installed new spark plug access plug .,cylinder; baffling; spark plug access plug,missing,installed
103008,crack noted on top of number 2 cylinder baffling . crack previously stop drilled . no further defects noted,cylinder baffling,crack,stop drilled
103009,right-hand engine forward baffle loose . reattached baffle .,engine; baffle,loose,reattached
103010,number 3 aft baffle cracked . installed patch made of like material .,baffle; patch; like material,cracked,installed
103011,number 2 intake gasket leaking . removed and replaced gasket .,intake gasket; gasket,leaking,removed; replaced
103012,number 3 and 4 rocker cover gaskets leaking . removed and replaced gaskets .,rocker cover gaskets; gaskets,leaking,removed; replaced
103013,number 2 rocker cover gasket leaking . leak check good .,rocker cover gasket,leaking,leak check
103014,number 2 rocker cover gasket leaking . removed and replaced number 2 cylinder rocker cover gasket .,rocker cover gasket; cylinder,leaking,removed; replaced
103015,oil cooler requires time change . operations and leak check good .,oil cooler,,time change; operations; leak check
103016,oil cooler requires time change . removed and replaced oil cooler,oil cooler,,time change; removed; replaced
103017,engine requires time change . installed exhaust system . connected electrical wiring .,engine; exhaust system; electrical wiring,,time change; installed; connected
103018,engine requires time change . disconnected battery ground . removed exhaust system . di,engine; battery ground; exhaust system,,time change; disconnected; removed
103019,"engine requires time change . installed built up engine on mount , tor",engine,,time change; installed built up
103020,"engine requires time change . finished installing starter , vacuum pump , alternator , w",engine; starter; vacuum pump; alternator,,time change; finished installing
103021,"engine requires time change . removed baffling , oil line and quick drain from core engi",engine; baffling; oil line; core,,time change; removed
103022,number 2 intake is leaking . removed and replaced intake gasket .,intake; intake gasket,leaking,removed; replaced
103023,"on run up , idle rpm was at 720 . adjusted idle speed .",,,adjusted
103024,"on run up , idle rpm was at 720 . run up idle check good .",,,run up idle check
103025,cylinder number 3 rocker cover gasket leaking . removed and replaced cylinder number 3 rocker cover gasket .,cylinder; rocker cover gasket,leaking,removed; replaced
103026,number 3 intake gasket leaking . removed and replaced number 3 cylinder intake gasket .,intake gasket; cylinder,leaking,removed; replaced
103027,number 2 intake gasket leaking . removed and replaced number 2 cylinder intake gasket .,intake gasket; cylinder,leaking,removed; replaced
103028,number 2 cylinder rocker cover gasket leaking . removed and replaced gasket .,cylinder; rocker cover gasket; gasket,leaking,removed; replaced
103029,number 4 intake leaking . replaced gasket .,intake; gasket,leaking,replaced
103030,"engine rpm would fluctuate 200 - 250 rpm at hover . ran rough . ran up aircraft , no defects noted .",engine; aircraft,would fluctuate; ran rough,ran up
103031,both baffle plugs worn . removed and replaced baffle plugs .,baffle plugs,worn,removed; replaced
103032,number 4 intake gasket is leaking . replaced gasket .,intake gasket; gasket,leaking,replaced
103033,right-hand baffle plug missing fingers . installed new plug .,baffle plug; fingers; plug,missing,installed
103034,number 4 rocker cover gasket leaking . removed and replaced gasket .,rocker cover gasket; gasket,leaking,removed; replaced
103035,number 4 intake leaking . removed and replaced gasket .,intake; gasket,leaking,removed; replaced
103036,number 3 and 4 intake gaskets leaking . removed and replaced intake gaskets .,intake gaskets,leaking,removed; replaced
103037,number 2 rocker cover gasket leaking . removed and replaced rocker cover gasket .,rocker cover gasket,leaking,removed; replaced
103038,"crack noted on inside of number 2 cylinder baffling , near rivet . stop drilled crack .",cylinder baffling; rivet,crack,stop drilled
103039,cylinder number 2 compression low . air noted and observed out of exhaust . performed compression on number 2 cylinder after run and noted 70 / 80,cylinder; exhaust,low; air noted,compression
103040,cylinder number 2 compression low . air noted and observed out of exhaust . performed run up after warming up engine and noted no def,cylinder; engine,low; air noted and observed out of exhaust,run up; warming up
103041,cylinder number 2 compression low . air noted and observed out of exhaust . staked exhaust and intake valves noting no improvement in,cylinder; exhaust; intake valves,low; air noted,staked
103042,number 2 and 3 rocker covers leaking . removed and replaced gaskets .,rocker covers; gaskets,leaking,removed; replaced
103043,number 2 rocker cover is leaking . removed and replaced cylinder number 2 rocker cover gasket .,rocker cover; cylinder; rocker cover gasket,leaking,removed; replaced
103044,"engine overspeed , 2750 - 2760 rpm for 3 - 4 seconds . researched fdm card data , found max rpm of 2739 . 8 ; whic",engine; fdm card data,overspeed,researched
103045,number 3 and 4 rocker cover gaskets are leaking . removed and replaced number 3 and 4 cylinder rocker cover gaskets .,rocker cover gaskets; cylinder,leaking,removed; replaced
103046,number 4 intake gasket leaking . removed and replaced gasket .,intake gasket; gasket,leaking,removed; replaced
103047,sniffler valve dirty . cleaned sniffler valves .,sniffler valve; sniffler valves,dirty,cleaned
103048,"number 2 , 4 rocker cover gaskets leaking . replaced number 2 , 4 rocker cover gaskets .",rocker cover gaskets,leaking,replaced
103049,"number 2 , 3 , 4 rocker gaskets leaking . replaced gaskets , leak check good .",rocker gaskets; gaskets,leaking,replaced; leak check
103050,number 2 intake leaking . removed and replaced intake gasket .,intake; intake gasket,leaking,removed; replaced
103051,cylinder number 4 rocker cover gasket leaking . removed and replaced number 4 rocker cover gasket .,cylinder; rocker cover gasket,leaking,removed; replaced
103052,"number 4 intake is leaking , cylinder number 3 intake leaking , cylinder number 2 intake l . removed and replaced number 2 , 3 and 4 intake gaskets .",intake; cylinder; intake gaskets,leaking,removed; replaced
103053,"crack noted on lower rear position of number 4 cylinder baffle . stop drilled crack , no other defects noted at this time .",cylinder; baffle,crack,stop drilled
103054,"crack noted on inside of number 1 cylinder upper baffle , near rivet . stop drilled both ends of crack , no further defects not",cylinder; baffle; rivet,crack,stop drilled
103055,all rocker cover screws are loose . tightened all covers .,rocker cover screws; covers,loose,tightened
103056,all cylinder drain line b nuts are loose . tightened all b nuts .,cylinder drain line b nuts; b nuts,loose,tightened
103057,"spring wire for inboard left-hand side engine , broken . replaced spring wire .",spring wire; engine,broken,replaced
103058,both baffle plugs worn . removed and replaced baffle plugs .,baffle plugs,worn,removed; replaced
103059,number 2 and 4 rocker covers leaking . replaced gaskets .,rocker covers; gaskets,leaking,replaced
103060,baffle plugs worn . replaced with new ones .,baffle plugs; ones,worn,replaced
103061,number 2 intake is leaking . removed and replaced gasket .,intake; gasket,leaking,removed; replaced
103062,number 3 intake leaking . removed and replaced number 3 cylinder intake gasket .,intake; cylinder; intake gasket,leaking,removed; replaced
103063,number 4 induction tube gasket leaking . installed new number 4 induction tube gasket .,induction tube gasket,leaking,installed
103064,engine right-hand rear baffle support bracket loose . removed right-hand rear baffle . installed new screws and nuts . r,engine; baffle support bracket; baffle; screws; nuts,loose,removed; installed
103065,bottom right-hand baffle tie down unsecured from baffle . installed new tie rod .,baffle tie; baffle; tie rod,,installed
103066,right-hand fuel top engine baffle seal needs to be secured . resecured baffle seal .,fuel; engine; baffle seal,,secured; resecured
103067,number 2 and 3 intake gasket leaking . removed and replaced intake gaskets .,intake gasket; intake gaskets,leaking,removed; replaced
103068,number 2 and 3 rocker cover gaskets leaking . removed and replaced rocker cover gaskets .,rocker cover gaskets,leaking,removed; replaced
103069,number 1 cylinder baffle crack noted by cylinder head screw plate . stop drilled crack and installed doubler plate to number 1 cylinder,cylinder; baffle; screw plate; doubler plate,crack,stop drilled; installed
103070,number 4 intake leaking . replaced gasket .,intake; gasket,leaking,replaced
103071,lower baffling seal is chafing air filter box cam lock nutpl . installed rtv in areas .,baffling seal; air filter box; air filter box cam lock nutpl; cam lock nutpl; rtv,chafing,installed
103072,small fod on top of number 3 cylinder . removed fod on top of no . 3 cylinder,fod; cylinder,,removed
103073,number 2 and 4 intake gaskets leaking . removed and replaced number 2 and 4 cylinder intake gaskets .,intake gaskets; cylinder,leaking,removed; replaced
103074,"right-hand engine foam seal loose on bulkhead , behind engine inlet . resecured right-hand engine foam seal .",engine; foam seal; bulkhead; engine inlet,loose,resecured
103075,left-hand rear engine baffle access hole worn . install access hole doubler in accordance with,engine; baffle access hole; access hole doubler,worn,install
103076,number 4 intake gasket leaking . removed and replaced intake gasket .,intake gasket,leaking,removed; replaced
103077,number 3 rocker cover gasket leaking . removed and replaced number 3 cylinder rocker cover gasket .,rocker cover gasket; cylinder,leaking,removed; replaced
103078,"oil present on engine , right-hand side . oil sprayed below and aft . found number 4 rocker cover gasket leaking . removed and replace",oil; engine; rocker cover gasket,sprayed; leaking,removed; replace
103079,"on taxi , engine ran rough from 800 to 1400 rpm . leaning mixt . ran up aircraft and leaned out to clean plugs . operations check ok .",engine; aircraft; plugs,ran rough,ran up; leaned; clean; operations check
103080,number 4 cylinder intake leaks . replaced gasket .,cylinder; intake; gasket,leaks,replaced
103081,front baffle seal worn by engine inlet and edges . installed rtv in worn areas .,baffle seal; engine; inlet; edges; rtv,worn,installed
103082,"number 1 , 2 , 3 and 4 oil return lines leaking . tightened oil return line clamps .",oil return lines; oil return line; clamps,leaking,tightened
103083,number 3 intake leaking . removed and replaced intake gasket .,intake; intake gasket,leaking,removed; replaced
103084,number 2 rocker cover leaking . removed and replaced number 2 rocker gasket .,rocker cover; rocker gasket,leaking,removed; replaced
103085,number 1 rocker gasket leaking . replaced with new gasket . leak check good .,rocker gasket; gasket,leaking,replaced; leak check
103086,number 1 intake gasket is leaking . replaced with new gasket . leak check good .,intake gasket; gasket,leaking,replaced; leak check
103087,number 2 and 4 intakes leaking . removed and replaced intake gaskets .,intakes; intake gaskets,leaking,removed; replaced
103088,"number 2 , 3 and 4 intake gaskets leaking . removed and replaced intake gaskets .",intake gaskets,leaking,removed; replaced
103089,number 2 and 4 rocker covers missing hardware . installed screws onto rocker covers .,rocker covers; hardware; screws,missing,installed
103090,"crack noted on inside of number 1 cylinder baffle , by screw plate . stop drilled crack .",cylinder; baffle; screw plate,crack,stop drilled
103091,number 1 and 2 rocker cover gaskets leaking . removed and replaced rocker cover gaskets .,rocker cover gaskets,leaking,removed; replaced
103092,crack noted on engine baffle near aft alternator attach bolt . stop drilled crack .,engine; baffle; alternator; attach bolt,crack,stop drilled
103093,left-hand side cowl seal coming loose . resecured cowl seal .,cowl seal,loose; coming loose,resecured
103094,"number 3 and 4 intake gaskets leaking . replaced both gaskets , leak check good .",intake gaskets; gaskets,leaking,replaced; leak check
103095,all rocker gaskets are leaking . replaced all rocker gaskets . leak check good .,rocker gaskets,leaking,replaced; leak check
103096,number 4 intake gasket leaking . removed and replaced intake gasket .,intake gasket,leaking,removed; replaced
103097,number 3 cylinder intake gasket is leaking . removed and replaced gasket .,cylinder; intake gasket; gasket,leaking,removed; replaced
103098,number 2 and 4 cylinder intake gaskets leaking . replaced gaskets .,cylinder; intake gaskets; gaskets,leaking,replaced
103099,"vacuum pump cooling duct chafing oil cooler line . no damaged noted , applied silicone as buffer .",vacuum pump cooling duct; oil cooler line; silicone,chafing,applied
103100,number 3 aft baffle cracked on right-hand engine . stop drilled crack .,baffle; engine,cracked; crack,stop drilled
103101,right-hand engine number 2 and 3 intakes leaking . removed and replaced intake gaskets .,engine; intakes; intake gaskets,leaking,removed; replaced
103102,"left-hand engine number 2 , 3 , 4 intakes leaking . removed and replaced intakes gaskets .",engine; intakes; intakes gaskets,leaking,removed; replaced
103103,"right-hand engine number 4 , 2 , 3 rocker covers leaking . removed and replaced rocker cover gaskets .",engine; rocker covers; rocker cover gaskets,leaking,removed; replaced
103104,"intake gasket , cylinder number 2 , leaking . removed and replaced intake gasket .",intake gasket; cylinder,leaking,removed; replaced
103105,"during takeoff roll , advanced throttle to full power ; rpm w . ran up aircraft , unable to duplicate discrepancy . operations check ok .",throttle; aircraft,,ran up; operations check
103106,forward baffle seals have worn spots . no damaged noted . applied silicone to seal as buffer .,baffle seals; silicone; seal,worn,applied
103107,right-hand engine number 4 intake gasket leaking . removed and replaced intake gasket .,engine; intake gasket,leaking,removed; replaced
103108,number 2 and 4 intakes leaking on left-hand engine . removed and replaced intake gaskets .,intakes; engine; intake gaskets,leaking,removed; replaced
103109,right-hand number 4 rocker gasket is leaking . removed and replaced rocker cover gasket .,rocker gasket; rocker cover gasket,leaking,removed; replaced
103110,number 4 rocker cover is leaking on left-hand engine . removed and replaced rocker cover gasket .,rocker cover; engine; rocker cover gasket,leaking,removed; replaced
103111,number 2 and 3 induction pipes are leaking on left-hand engine . removed and replaced intake gaskets .,induction pipes; engine; intake gaskets,leaking,removed; replaced
103112,"engine running rough , number 2 cylinder egt low . ran aircraft , operations check good . borescoped cylinder , no defects fahrenheit",engine; cylinder; aircraft,low; running rough,ran; operations check; borescoped
103113,engine problem . drove to site with trailer . loaded helicopter and returned,engine; trailer; helicopter,,
103114,engine started running rough and backfiring . both power reduc . began performing lycoming .,engine,started running rough; backfiring; power reduc,began performing
103115,"engine started running rough and backfiring . both power reduc . completed lycoming , found number 1 , 4 exhaust guides",engine; exhaust guides,started running rough; backfiring; power reduc,completed
103116,"engine started running rough and backfiring . both power reduc . completed reassembly . ran up aircraft , operations check good .",engine; aircraft,started running rough; backfiring; power reduc,completed reassembly; ran up; operations check
103117,rough engine with oil leak . for billing purposes only,engine,rough; oil leak,
103118,rough engine with oil leak . installed overhaul feet ed oil cooler . reinstalled exhau,engine; oil cooler,rough; oil leak,installed; reinstalled
103119,rough engine with oil leak . performed operational and leak check . adjust idle mixture . n,engine,rough; oil leak,operational; leak check; adjust
103120,rough engine with oil leak . received customer supplied engine . cleaned and inspected engine,engine,rough; oil leak,cleaned; inspected
103121,rough engine with oil leak . removed defective engine from aircraft . installed factory o /,engine; defective engine; aircraft; factory,rough; oil leak,removed; installed
103122,cylinder number 3 and 4 intake gaskets leaking . removed and replaced intake gaskets .,cylinder; intake gaskets,leaking,removed; replaced
103123,"near idle , engine was a little rough . at stop for run up , rp . started engine , warmed to operating temps . engine idle",engine,little rough,started; warmed
103124,forward engine baffle seal above vacuum pump torn . part on order .,engine; baffle seal; vacuum pump; part,torn,
103125,forward engine plugs safety wire loose and chafing through . resafetied plugs .,engine; plugs; plugs safety; plugs safety wire; safety wire,loose; chafing through,resafetied
103126,forward engine baffle seal above vacuum pump torn . removed and replaced forward engine baffle seal above vacuum pum,engine; baffle seal; vacuum pump; vacuum pum,torn,removed; replaced
103127,"screw missing at number 3 cylinder baffle . found screw on lower baffle , replaced screw .",screw; cylinder; baffle,missing,found; replaced
103128,"number 2 and 3 rocker cover gaskets leaking , left-hand engine . removed and replaced rocker cover gaskets .",rocker cover gaskets; engine,leaking,removed; replaced
103129,"baffle seal above air filter box , chafed . applied silicone to area where needed . no damage noted .",baffle seal; air filter box; silicone,chafed,applied
103130,number 2 intake tube gasket leaking . removed and replaced intake gasket .,intake tube gasket; intake gasket,leaking,removed; replaced
103131,number 2 intake gasket leaking . removed and replaced number 2 intake gasket .,intake gasket,leaking,removed; replaced
103132,number 2 and 3 cylinder rocker covers leaking . removed and replaced rocker cover gaskets .,cylinder; rocker covers; rocker cover gaskets,leaking,removed; replaced
103133,number 2 cht fitting needs to be replaced . replaced cht fitting .,cht fitting,,replaced
103134,number 4 intake leaking . replaced gasket .,intake; gasket,leaking,replaced
103135,"forward baffle seals on engine , wear marks against air filter . rtv ' ed areas .",baffle seals; engine; air filter,wear marks,rtv ' ed
103136,number 2 cylinder intake gasket leaking . removed and replaced gasket .,cylinder; intake gasket; gasket,leaking,removed; replaced
103137,"number 3 , 4 and 1 intakes leaking . removed and replaced gaskets .",intakes; gaskets,leaking,removed; replaced
103138,number 3 rocker drain line chafing . installed chafe wrap onto rocker drain line . no damage,rocker drain line; chafe wrap,chafing,installed
103139,"accidentally oversped engine before pulling throttle back , e . evaluated data on fdm card and found engine overspeed to",engine; throttle; data; fdm card,accidentally oversped; oversped; overspeed,evaluated
103140,number 4 intake is leaking . removed and replaced intake gasket .,intake; intake gasket,leaking,removed; replaced
103141,engine baffle plugs are worn . removed and replaced baffle plugs .,engine; baffle plugs,worn,removed; replaced
103142,"number 1 , 2 and 3 rocker covers are leaking . removed and replaced rocker cover gaskets .",rocker covers; rocker cover gaskets,leaking,removed; replaced
103143,number 3 intake gasket leaking . removed and replaced gasket .,intake gasket; gasket,leaking,removed; replaced
103144,"lower intercylinder baffle spring on right-hand side of engine , bro . removed and replaced baffle spring .",intercylinder baffle spring; engine; baffle spring,,removed; replaced
103145,intakes number 1 and 2 leaking . removed and replaced intake gaskets .,intakes; intake gaskets,leaking,removed; replaced
103146,cylinder number 1 and 4 intake gaskets leaking . installed new number 1 and 4 intake gaskets .,cylinder; intake gaskets,leaking,installed
103147,cylinder number 2 intake gasket leaking . removed and replaced intake gasket .,cylinder; intake gasket,leaking,removed; replaced
103148,cylinder number 1 rocker cover gasket leaking . removed and replaced rocker cover gasket .,cylinder; rocker cover gasket,leaking,removed; replaced
103149,number 1 rocker drain line loose . tightened drain line .,rocker drain line; drain line,loose,tightened
103150,number 2 rocker cover leaking . removed and replaced number 2 rocker cover gasket .,rocker cover; rocker cover gasket,leaking,removed; replaced
103151,right-hand aft engine baffle mounting bracket loose . reattached mounting bracket to engine baffle .,engine; baffle mounting bracket; mounting bracket; baffle,loose,reattached
103152,bolt missing on number 3 cylinder side baffle . installed bolt where needed .,bolt; cylinder; baffle,missing,installed
103153,number 3 cylinder rocker cover gasket leaking . removed and replaced rocker cover gasket .,cylinder; rocker cover gasket,leaking,removed; replaced
103154,number 2 intake tube gasket leaking . removed and replaced intake gasket .,intake tube gasket; intake gasket,leaking,removed; replaced
103155,number 3 and 4 intake gaskets are leaking . replaced both gaskets .,intake gaskets; gaskets,leaking,replaced
103156,number 2 cylinder rocker drain line leaking at sump . tightened clamps on rocker drain line .,cylinder; rocker drain line; clamps,leaking,tightened
103157,egt / cht wire bundle mounting screw and ignition lead / oil cooler mou . tightened hardware on oil cooler .,egt / cht wire bundle mounting screw; hardware; oil cooler,,tightened
103158,"baffle screw has oversized washer , which is chafing number 3 cylinder r . removed washer and installed correct hardware to prevent",baffle screw; washer; cylinder,oversized; chafing,removed; installed
103159,"oil leak at crankcase bolts , used to mount fuel flow transdu . removed bolts , cleaned bolt holes , resealed bolts and tor",oil; crankcase bolts; fuel flow transdu; bolts; bolt holes,leak,removed; cleaned; resealed
103160,number 2 intake gasket leaking . removed and replaced intake gasket .,intake gasket,leaking,removed; replaced
103161,number 2 rocker cover gasket leaking . removed and replaced rocker cover gasket .,rocker cover gasket,leaking,removed; replaced
103162,number 2 and 4 intakes leaking . removed and replaced intake gaskets .,intakes; intake gaskets,leaking,removed; replaced
103163,"number 3 , 4 rocker covers leak . removed and replaced rocker cover gaskets .",rocker covers; rocker cover gaskets,leak,removed; replaced
103164,number 1 rocker box cover gasket leaking . installed new rocker box cover gasket .,rocker box cover gasket,leaking,installed
103165,"propeller flange run out check requested . performed test , run out below . 001",propeller flange,,run out check; test
103166,left number 1 intake leaking . replaced gasket .,intake; gasket,leaking,replaced
103167,"sheared off rivets on baffle bracket , behind number 3 cylinder . after baffle installation : reinstalled oil filler tube",rivets; baffle bracket; cylinder; oil filler tube,sheared,reinstalled
103168,"sheared off rivets on baffle bracket , behind number 3 cylinder . removed baffle , installed new rivets and reinstalled baff",rivets; baffle bracket; cylinder; baffle; baff,sheared; sheared off,removed; installed; reinstalled
103169,lower forward engine seal worn in area above engine inlet . installed rtv in worn areas .,engine; seal; engine inlet; inlet; rtv,worn,installed
103170,"number 3 and 4 cylinder were removed by off - site maintenance . number 4 piston pin bore damaged . received new piston , measur",cylinder; piston pin; piston,bore damaged; damaged,removed; received
103171,"number 3 and 4 cylinder were removed by off - site maintenance . fitted new exhaust valve to number 3 cylinder , fitted intake valve",cylinder; exhaust valve; intake valve,,removed; fitted
103172,"number 3 and 4 cylinder were removed by off - site maintenance . fitted new exhaust valve to number 4 cylinder , fitted intake valve",cylinder; exhaust valve; intake valve,,removed; fitted
103173,number 2 and 4 intakes leaking . removed and replaced intake gaskets .,intakes; intake gaskets,leaking,removed; replaced
103174,cylinder number 4 intake gasket leaking . removed and replaced number 4 intake gasket .,cylinder; intake gasket,leaking,removed; replaced
103175,front crankshaft oil seal leaking . leak check ok .,oil seal,leaking,leak check
103176,front crankshaft oil seal leaking . removed propeller and ring gear . removed front crankshaft oil,crankshaft; oil seal; propeller; ring gear,leaking,removed
103177,number 2 and 3 cylinder intake gaskets leaking . removed and replaced number 2 and 3 cylinder intake gaskets .,cylinder; intake gaskets,leaking,removed; replaced
103178,number 2 intake gasket leaking . removed and replaced number 2 intake gasket .,intake gasket,leaking,removed; replaced
103179,number 2 intake gasket leaking . replaced gasket .,intake gasket; gasket,leaking,replaced
103180,number 3 rocker cover gasket leaking . replaced gasket .,rocker cover gasket; gasket,leaking,replaced
103181,"zero compression on number 1 cylinder . leaking from exhaust valve , . replaced cylinder assembly with repaired cylinder , new piston , rin",cylinder; exhaust valve; cylinder assembly; piston,zero; leaking,replaced
103182,number 2 intake leaks . replaced gasket .,intake; gasket,leaks,replaced
103183,need 2 new baffle buttons . installed both buttons .,baffle buttons; buttons,,installed
103184,lower forward engine cowl seal wearing on engine intake . installed rtv in worn areas .,engine; cowl seal; intake; rtv,worn; wearing,installed
103185,number 2 intake gasket leaking . removed and replaced number 2 intake gasket .,intake gasket,leaking,removed; replaced
103186,number 1 intake gasket leaking . replaced gasket .,intake gasket; gasket,leaking,replaced
103187,number 1 cylinder outer baffling cracked by nutplate . stop drilled crack .,cylinder; baffling; nutplate,cracked; crack,stop drilled
103188,number 2 and 3 intake gaskets leaking . removed and replaced intake gaskets .,intake gaskets,leaking,removed; replaced
103189,"bottom baffle on number 1 cylinder , chafing on cylinder fins . removed baffle , fabricated and installed new baffle .",baffle; cylinder; cylinder fins,chafing,removed; fabricated; installed
103190,number 4 cylinder bottom baffle cracked / chafing on cylinder fins . removed old baffle . fabricated new baffle and installed .,cylinder; baffle; cylinder fins,cracked; chafing,removed; fabricated; installed
103191,all rocker cover screws are loose . tightened all screws .,rocker cover screws; screws,loose,tightened
103192,number 3 and 4 cylinder intake gaskets are leaking . removed and replaced gaskets .,cylinder; intake gaskets; gaskets,leaking,removed; replaced
103193,"while fogging number 2 cylinder , tip from sprayer nozzle came into cont . installed intercylinder baffle and hardware .",cylinder; tip; sprayer nozzle; intercylinder baffle; hardware,came into cont,fogging; installed
103194,"while fogging number 2 cylinder , tip from sprayer nozzle came into cont . removed necessary baffling , lines , tubes , hardware to fahrenheit",cylinder; tip; sprayer nozzle; necessary baffling; lines; tubes; hardware,came into cont,fogging; removed
103195,"while fogging number 2 cylinder , tip from sprayer nozzle came into cont . removed piston from rod . prepared new piston for insta",cylinder; tip; sprayer nozzle; piston; rod; new piston,came into cont,fogging; removed; prepared
103196,"while fogging number 2 cylinder , tip from sprayer nozzle came into cont . completed cylinder installation . installed rocker cover , injector",cylinder; tip; sprayer nozzle; rocker cover; injector,came into cont,fogging; installation; installed
103197,"while fogging number 2 cylinder , tip from sprayer nozzle came into cont . cylinder and piston replacement done in accordance with lycoming direct drive",cylinder; tip; sprayer nozzle; piston,came into cont,fogging; replacement
103198,1 baffle button worn . replaced button .,baffle button; button,worn,replaced
103199,engine forward lower seal wearing into upper intake air filter frame . installed rtv to areas .,engine; seal; intake air filter frame; rtv,wearing into,installed
103200,left-hand engine breather line kinked . replaced tube .,engine breather line; tube,kinked,replaced
103201,right-hand engine has oil leak at hoisting loop . leak check good .,engine; hoisting loop,oil leak,leak check
103202,"right-hand number 2 , 3 and 4 intake gaskets are leaking . leak check good .",intake gaskets,leaking,leak check
103203,right-hand engine number 1 side baffle seal loose . secured baffle seal .,engine; baffle seal,loose,secured
103204,number 2 and 4 intake gaskets leaking on left-hand engine . leak check good .,intake gaskets; engine,leaking,leak check
103205,"number 1 , 3 and 4 rocker cover gasket leaking on left-hand engine . leak check good .",rocker cover gasket; engine,leaking,leak check
103206,"right-hand number 2 , 3 and 4 intake gaskets are leaking . removed and replaced intake gaskets .",intake gaskets,leaking,removed; replaced
103207,number 2 and 4 intake gaskets leaking on left-hand engine . removed and replaced intake gaskets .,intake gaskets; engine,leaking,removed; replaced
103208,"right-hand engine has oil leak at hoisting loop . removed , cleaned , sealed and reinstalled bolt .",engine; hoisting loop; bolt,oil leak,removed; cleaned; sealed; reinstalled
103209,"number 1 , 3 and 4 rocker cover gasket leaking on left-hand engine . removed and replaced rocker cover gaskets .",rocker cover gasket; engine; rocker cover gaskets,leaking,removed; replaced
103210,lower cowl seal loose . reattached lower cowl seal .,cowl seal,loose,reattached
103211,"cowl bracket cracked , left-hand engine . installed patch made of like material .",cowl bracket; engine; patch; like material,cracked,installed
103212,"cowl bracket cracked , left-hand engine . removed bracket . started creating patch .",cowl bracket; engine; bracket; patch,cracked,removed; started creating
103213,ding in compressor first stage blade . damage to compressor first stage blade is acceptable . i,compressor first stage blade,ding; damage,
103214,number 4 intake gasket is leaking . removed and replaced intake gasket .,intake gasket,leaking,removed; replaced
103215,number 3 rocker cover gasket leaking . removed cork gasket and replaced with silicone gasket .,rocker cover gasket; cork gasket; silicone gasket,leaking,removed; replaced
103216,number 4 rocker cover gasket leaking . removed cork gasket and replaced with silicone gasket .,rocker cover gasket; cork gasket; silicone gasket,leaking,removed; replaced
103217,number 2 and 3 rocker cover gaskets leaking . removed and replaced gaskets .,rocker cover gaskets; gaskets,leaking,removed; replaced
103218,number 2 and 3 intake gaskets leaking . removed and replaced intake gaskets .,intake gaskets,leaking,removed; replaced
103219,number 3 intake gasket leaking . removed and replaced intake gasket .,intake gasket,leaking,removed; replaced
103220,number 3 intake leaking . removed and replaced gasket .,intake; gasket,leaking,removed; replaced
103221,left-hand and right-hand baffle plugs are missing tabs . replaced left-hand and right-hand baffle plugs .,baffle plugs; tabs,missing,replaced
103222,left-hand engine number 4 rocker cover leaking . removed and replaced rocker cover gasket .,engine; rocker cover; rocker cover gasket,leaking,removed; replaced
103223,left-hand engine number 2 and 4 intakes leaking . removed and replaced intake gaskets on left-hand engine .,engine; intakes; intake gaskets,leaking,removed; replaced
103224,"right-hand engine intakes 2 , 3 and 4 leaking . removed and replaced intake gaskets on right-hand engine .",engine; intakes; intake gaskets,leaking,removed; replaced
103225,number 4 intake is leaking . removed and replaced number 4 cylinder intake gasket .,intake; cylinder; intake gasket,leaking,removed; replaced
103226,right-hand baffle tie rod is broken . removed and replaced right-hand baffle tie rod .,baffle tie rod,broken,removed; replaced
103227,number 4 rocker cover gasket leaking . removed and replaced gasket .,rocker cover gasket; gasket,leaking,removed; replaced
103228,number 1 and 4 intake gaskets leaking . removed and replaced intake gaskets .,intake gaskets,leaking,removed; replaced
103229,number 1 outer cylinder baffling cracked by nutplate . stop drilled crack on number 1 cylinder outer baffling .,cylinder baffling; nutplate; cylinder outer baffling,cracked; crack,stop drilled
103230,number 4 induction tube gasket is leaking . removed and replaced number 4 intake gasket .,induction tube gasket; intake gasket,leaking,removed; replaced
103231,number 3 and 4 intakes leaking . replaced intake gaskets .,intakes; intake gaskets,leaking,replaced
103232,aluminum fittings for oil cooler ok ? fittings ok .,aluminum fittings; oil cooler; fittings,,
103233,oil cooler lower outboard bolt no threads showing . installed new bolt .,oil cooler; outboard bolt; bolt,no threads showing,installed
103234,both baffle buttons worn . removed and replaced both baffle buttons .,baffle buttons,worn,removed; replaced
103235,oil cooler lower line required rerouting . rerouted lower oil cooler line .,oil cooler; line; oil cooler line,,rerouting; rerouted
103236,front forward baffle hung up on bolt of alternator extra bracket . rerouted baffle .,baffle; bolt; alternator; bracket,hung up,rerouted
103237,"baffle bolt or screw missing , forward left-hand side in front of number 2 cy . installed new screw .",baffle bolt; screw,missing,installed
103238,baffle tie wire installed wrong on right-hand of engine . removed and replaced right-hand baffle tie wire .,baffle tie wire; engine,,installed; removed; replaced
103239,"nut missing on top backbone of engine , aft sling point . installed nut and washers on engine aft sling point bolt .",nut; backbone; engine; sling point; washers; sling point bolt,missing,installed
103240,fod on top left-hand side of engine . removed fod from top left-hand side of engine,fod; engine,,removed
103241,extra spark plug on top of number 2 cylinder . removed extra spark plug from number 2 cylinder,spark plug; cylinder,,removed
103242,"engine baffle cracked , above number 1 cylinder . stop drilled crack .",engine; baffle; cylinder,cracked; crack,stop drilled
103243,cylinder number 4 intake gasket leaking . removed and replaced intake gasket .,cylinder; intake gasket,leaking,removed; replaced
103244,"baffle plug damaged , requires replacement . removed and replaced baffle plug .",baffle plug,damaged,replacement; removed; replaced
103245,number 4 cylinder rocker cover leaking . removed and replaced gasket .,cylinder; rocker cover; gasket,leaking,removed; replaced
103246,prop / engi ne overspeed . reviewed fdm data . found overspeed to be within limits pe,fdm data,overspeed,reviewed
103247,"number 1 , 2 and 3 intake gaskets leaking . removed and replaced intake gaskets .",intake gaskets,leaking,removed; replaced
103248,number 3 and 4 rocker cover gaskets leaking . removed and replaced rocker covers gaskets .,rocker cover gaskets; rocker covers gaskets,leaking,removed; replaced
103249,number 2 intake leaking . removed and replaced intake gasket .,intake; intake gasket,leaking,removed; replaced
103250,number 2 cylinder intake is leaking . replaced intake gasket and lock washers .,cylinder; intake; intake gasket; lock washers,leaking,replaced
103251,2 and 4 cylinder inner baffle connector rod is broken . removed and replaced rod .,cylinder; baffle connector rod; rod,broken,removed; replaced
103252,number 4 cylinder intake gasket is leaking . removed and replaced cylinder number 4 intake gasket .,cylinder; intake gasket,leaking,removed; replaced
103253,number 1 cylinder intake is leaking . removed and replaced number 1 cylinder intake gasket .,cylinder; intake; intake gasket,leaking,removed; replaced
103254,"crack on forward baffle , aft of alternator mount bolt . stop drilled crack .",baffle; alternator mount bolt,crack,stop drilled
103255,number 1 and 2 rocker cover gaskets leaking . removed and replaced rocker gaskets .,rocker cover gaskets; rocker gaskets,leaking,removed; replaced
103256,number 2 and 4 intake gaskets leaking . removed and replaced number 2 and 4 intake gaskets .,intake gaskets,leaking,removed; replaced
103257,cowl seal on front right-hand baffle loose . tightened baffle and resealed with rtv .,cowl seal; baffle; rtv,loose,tightened; resealed
103258,number 1 cylinder baffling crack extending beyond stop drill . stop drilled crack and installed doubler plate in referen,cylinder; baffling; doubler plate,crack,stop drilled; installed
103259,crack noted on upper portion of forward right-hand baffle in front of number . stop drilled crack and riveted doubler plate in reference,baffle; doubler plate,crack,stop drilled; riveted
103260,number 3 rocker cover is leaking . removed and replaced rocker cover gasket .,rocker cover; rocker cover gasket,leaking,removed; replaced
103261,"number 1 , 3 , 4 and 2 rocker covers leaking all 4 . removed and replaced rocker cover gaskets .",rocker covers; rocker cover gaskets,leaking,removed; replaced
103262,tabs are worn off of baffle plugs . replaced baffle plugs .,tabs; baffle plugs,worn,replaced
103263,number 1 intake is leaking . removed and replaced intake gasket .,intake; intake gasket,leaking,removed; replaced
103264,"number 1 , 2 , 3 and 4 intake gaskets leaking . removed and replaced intake gaskets .",intake gaskets,leaking,removed; replaced
103265,number 1 and 4 rocker cover gaskets leaking . removed and replaced rocker cover gaskets .,rocker cover gaskets,leaking,removed; replaced
103266,"number 2 , 3 , 4 intakes leaking on left-hand engine . removed and replaced intake gaskets .",intakes; engine; intake gaskets,leaking,removed; replaced
103267,right-hand forward baffle seal loose . reattached baffle seal to engine baffle .,baffle seal; engine; baffle,loose,reattached
103268,right-hand rear engine baffle attach bracket loose . removed right-hand rear baffle . reattached attach bracket and re,engine; baffle attach bracket; baffle; attach bracket,loose,removed; reattached
103269,number 2 intake gasket leaking . replaced gasket .,intake gasket; gasket,leaking,replaced
103270,number 3 and 4 side baffle seals are worn . replaced baffle seals .,baffle seals,worn,replaced
103271,baffle cracked at number 1 cylinder . stop drilled crack .,baffle; cylinder,cracked; crack,stop drilled
103272,"crack on cylinder number 1 baffling . stop drilled crack , no further defects noted .",cylinder; baffling,crack,stop drilled
103273,"baffling above cylinder number 4 has a crack in it . stop drilled crack , no further defects noted .",baffling; cylinder,crack,stop drilled
103274,intakes number 2 and 4 leaking . removed and replaced intake gaskets .,intakes; intake gaskets,leaking,removed; replaced
103275,both baffle buttons worn . replaced both plugs .,baffle buttons; plugs,worn,replaced
103276,forward baffle seal has worn spots by engine induction . installed black rtv in areas worn .,baffle seal; engine; induction; black rtv,worn,installed
103277,momentary engine roughness . performed engine run up . no roughness noted through ent,engine,roughness,run up
103278,"screw missing number 3 cylinder rocker cover , left-hand engine . installed new screw .",screw; cylinder; rocker cover; engine,missing,installed
103279,"number 2 , 3 rocker covers leaking on right-hand engine . removed and replaced rocker gaskets on right-hand engine .",rocker covers; engine; rocker gaskets,leaking,removed; replaced
103280,"number 2 , 3 , 4 intakes leaking on right-hand engine . removed and replaced number 2 , 3 and 4 intake gaskets on right-hand engine .",intakes; engine; intake gaskets,leaking,removed; replaced
103281,number 2 and 4 intake gaskets leaking on left-hand engine . removed and replaced number 2 and 4 intake gaskets on left-hand engine .,intake gaskets; engine,leaking,removed; replaced
103282,number 3 and 4 rocker covers leaking on left-hand engine . removed and replaced number 3 and 4 rocker covers on left-hand engine .,rocker covers; engine,leaking,removed; replaced
103283,right-hand baffle tie rod is rubbing on oil return line clamp . inspected oil return line and tie rod - ok . adjusted oil,baffle tie rod; oil return line; clamp; tie rod; oil,rubbing,inspected; adjusted
103284,"number 2 , 3 and 4 intake gaskets leaking on left-hand engine . removed and replaced intake gaskets .",intake gaskets; engine,leaking,removed; replaced
103285,"right-hand engine backbone seeping oil . removed bolts one at a time , cleaned , resealed and reto",engine; backbone; oil; bolts,seeping,removed; cleaned; resealed
103286,right-hand engine number 2 and 4 rocker box covers leaking . removed and replaced right-hand engine cylinder number 2 and 4 rocker cover gask,engine; rocker box covers; cylinder; rocker cover gask,leaking,removed; replaced
103287,baffle connection rod loose on number 1 and 3 cylinder of left-hand engine . tightened baffle connecting rod between number 1 and 3 cylinder,baffle connection rod; cylinder; engine; baffle connecting rod,loose,tightened
103288,number 3 and 4 intake is leaking . removed and replaced intake gaskets .,intake; intake gaskets,leaking,removed; replaced
103289,baffle plugs above number 3 and 4 cylinder worn . removed and replaced baffle plugs .,baffle plugs; cylinder,worn,removed; replaced
103290,left-hand side baffle requires baffle plug patch . installed baffle plug patch .,baffle; baffle plug patch,,installed
103291,"screw missing on engine baffle number 3 cylinder , by oil fill tube . installed screw onto baffle .",screw; engine; baffle; cylinder; oil fill tube,missing,installed
103292,"baffle patch cracked above number 4 cylinder . removed cracked baffle patch , fabricated new patch , ins",baffle patch; cylinder; patch,cracked,removed; fabricated
103293,left-hand engine number 4 cylinder dead . compression on number 4 equals 78 / 80 .,engine; cylinder,dead,
103294,left-hand forward baffle material torn . removed and replaced baffle material .,baffle material,torn,removed; replaced
103295,number 3 and 4 intakes leaking on left-hand engine . removed and replaced intake gaskets .,intakes; engine; intake gaskets,leaking,removed; replaced
103296,left-hand engine back baffle by number 4 cylinder has a crack . removed and replaced bracket .,engine; baffle; cylinder; bracket,crack,removed; replaced
103297,"intakes 2 , 3 and 4 leaking on right-hand engine . removed and replaced intake gaskets .",intakes; engine; intake gaskets,leaking,removed; replaced
103298,"left-hand engine number 4 cylinder dead . disconnected propeller governor cable , propeller governor oil line , number 2 and 4",engine; cylinder; propeller governor cable; propeller governor oil line,dead,disconnected
103299,left-hand engine number 4 cylinder dead . replaced exhaust valve and ground valve seat in accordance with lycoming,engine; cylinder; exhaust valve; valve seat,dead,replaced
103300,left-hand engine number 4 cylinder dead . reinstalled aft baffle and both side baffles . installed b,engine; cylinder; baffle; baffles,dead,reinstalled; installed
103301,number 1 and 4 rocker gaskets leaking on left-hand engine . replaced left-hand engine rocker cover gaskets .,rocker gaskets; engine; rocker cover gaskets,leaking,replaced
103302,"left-hand engine backbone leaking oil in middle . cleaned , resealed and torqued top backbone bolts .",engine; backbone; oil; backbone bolts,leaking,cleaned; resealed; torqued
103303,intake gaskets leaking on left-hand engine . removed and replaced all intake gaskets on left-hand engine .,intake gaskets; engine,leaking,removed; replaced
103304,left-hand engine quick drain needs installation . installed quick drain .,engine; quick drain,,installation; installed
103305,right-hand engine quick drain needs installation . installed quick drain .,engine; quick drain,,installation; installed
103306,"number 1 , 2 and 4 cylinder intakes leaking . removed and replaced cylinder intake gaskets .",cylinder; intakes; intake gaskets,leaking,removed; replaced
103307,cylinder number 1 intake gasket is leaking . replaced leaky cylinder number 1 intake gasket .,cylinder; intake gasket,leaking; leaky,replaced
103308,tywrap broken on standoff on number 2 cylinder . secured with tywrap .,tywrap; standoff; cylinder,broken,secured
103309,battery box bracket cracked . removed and replaced bracket .,battery box bracket; bracket,cracked,removed; replaced
103310,simulated oil leak on engine . removed simulation,engine; simulation,,removed
103311,baffle plug above number 4 cylinder has broken tabs . replaced baffle plugs with new .,baffle plug; cylinder; tabs; baffle plugs,broken,replaced
103312,number 2 rocker cover leaking . removed and replaced number 2 rocker cover gasket .,rocker cover; rocker cover gasket,leaking,removed; replaced
103313,number 2 oil return line chafing on baffling . installed chafe wrap and applied silicone to area . no dam,oil return line; baffling; chafe wrap; silicone,chafing,installed; applied
103314,number 2 and 4 intercylinder baffle cracked . stop drilled crack .,intercylinder baffle,cracked; crack,stop drilled
103315,intakes 2 and 3 leaking on left-hand engine . replaced 2 and 3 gaskets .,intakes; engine; gaskets,leaking,replaced
103316,intakes 2 and 4 leaking on right-hand engine . removed and replaced gaskets .,intakes; engine; gaskets,leaking,removed; replaced
103317,number 3 cylinder left-hand engine thrust buttons worn . removed and replaced buttons .,cylinder; engine; thrust buttons; buttons,worn,removed; replaced
103318,"all 4 rocker covers leaking on right-hand engine . removed rocker covers , cleaned covers and installed new g",rocker covers; engine; covers,leaking,removed; cleaned; installed
103319,"rocker covers 1 , 2 , 3 and 4 leaking on left-hand engine . removed rocker covers and cleaned old gasket material fro",rocker covers; engine; gasket material,leaking,removed; cleaned
103320,number 2 baffle seal disconnected . resecured loose baffle seal .,baffle seal,loose,disconnected; resecured
103321,wiring between number 2 - 4 unsupported . resecured wiring to baffle standoff .,wiring; baffle standoff,unsupported,resecured
103322,number 1 cht red x at full power . operations check good .,,red x,operations check
103323,"number 1 egt red x . removed and replaced number 1 egt , operations check good .",egt,red x,removed; replaced; operations check
103324,number 1 rocker cover leaking . removed and replaced rocker cover gasket .,rocker cover; rocker cover gasket,leaking,removed; replaced
103325,number 1 cht red x at full power . removed and replaced cht probe on number 1 cylinder .,cht red; cht probe; cylinder,,removed; replaced
103326,"number 1 , 2 , 4 intake gaskets leaking . removed and replaced intake gaskets .",intake gaskets,leaking,removed; replaced
103327,engine failed once on run up . engine ran rough and almost quit . placed helicopter in heater hangar . started engine usin,engine; helicopter,failed; ran rough; almost quit,placed; started
103328,intakes 2 and 4 leaking on right-hand engine . removed and replaced intake gaskets .,intakes; engine; intake gaskets,leaking,removed; replaced
103329,"intakes 1 and 3 leaking on left-hand engine . upon further insp , no leak from intake tube found .",intakes; engine; intake tube,leaking; leak,further insp
103330,number 3 and 4 cylinder intake gaskets are leaking . removed and replaced gaskets .,cylinder; intake gaskets; gaskets,leaking,removed; replaced
103331,number 4 intake is leaking . removed and replaced gasket .,intake; gasket,leaking,removed; replaced
103332,right-hand forward engine baffle seal loose . reattached baffle seal .,engine; baffle seal,loose,reattached
103333,number 3 intake leaking . replaced gasket .,intake; gasket,leaking,replaced
103334,"2 baffle screws missing , above starter . installed screws .",baffle screws; starter; screws,missing,installed
103335,number 4 intake leaking . removed and replaced intake gasket .,intake; intake gasket,leaking,removed; replaced
103336,right-hand forward baffle material loose . resecured baffle material .,baffle material,loose,resecured
103337,cylinder number 2 intake gasket leaking . removed and replaced cylinder number 2 intake gasket .,cylinder; intake gasket,leaking,removed; replaced
103338,"cylinder number 1 , 4 rocker covers leaking . removed and replaced cylinder number 1 , 4 rocker cover gaskets .",cylinder; rocker covers; rocker cover gaskets,leaking,removed; replaced
103339,number 1 and 2 cylinder rocker cover gaskets leaking . removed and replaced rocker cover gaskets .,cylinder; rocker cover gaskets,leaking,removed; replaced
103340,number 3 intake gasket leaking . removed and replaced number 3 intake gasket .,intake gasket,leaking,removed; replaced
103341,number 2 cylinder intake gasket leaking . removed and replaced number 2 cylinder intake gasket .,cylinder; intake gasket,leaking,removed; replaced
103342,baffle cracked above number 1 cylinder . stop drilled crack .,baffle; cylinder,cracked; crack,stop drilled
103343,number 2 intake gasket leaking . removed and replaced intake gasket .,intake gasket,leaking,removed; replaced
103344,number 3 and 4 rocker cover gaskets leaking . removed and replaced rocker covers .,rocker cover gaskets; rocker covers,leaking,removed; replaced
103345,"number 1 , 2 , 4 intakes leaking . removed and replaced gaskets .",intakes; gaskets,leaking,removed; replaced
103346,right-hand engine baffle plug lock tab broken . installed new baffle plug .,engine; baffle plug; tab,broken,installed
103347,number 4 cylinder intake gasket is leaking . removed and replaced gasket .,cylinder; intake gasket; gasket,leaking,removed; replaced
103348,number 3 intake leaking . removed and replaced intake gasket .,intake; intake gasket,leaking,removed; replaced
103349,screw missing right-hand baffle . replaced missing screw .,screw; baffle,missing,replaced
103350,forward lower engine baffle seal worn above engine air intake . installed rtv to areas .,engine; baffle seal; air intake; rtv,worn,installed
103351,cylinder number 3 intake gasket is leaking . replaced number 3 intake gasket .,cylinder; intake gasket,leaking,replaced
103352,right baffle plug damaged . replaced right baffle plug .,baffle plug,damaged,replaced
103353,aircraft and pilot require start assist . started aircraft .,aircraft,,start assist; started
103354,number 3 intake gasket leaking . installed new number 3 intake gasket .,intake gasket,leaking,installed
103355,engine backbone bolts seeping . retorqued backbone bolts .,engine; backbone bolts,seeping,
103356,oil filler tube loose . tightened oil filler tube and safetied .,oil filler tube,loose,tightened; safetied
103357,interbaffle rod fastener broken . removed and replaced interbaffle rod fastener .,interbaffle rod fastener,broken,removed; replaced
103358,"number 3 aft baffle tab rivets loose . removed baffle , removed rivets and installed new hardware",rivets; baffle; hardware,loose,removed; installed
103359,number 4 intake gasket leaking . removed and replaced number 4 intake gasket .,intake gasket,leaking,removed; replaced
103360,spring connector between number 1 and 3 cylinder baffles is broken . removed and replaced spring connector between number 1 and 3 cyls,cylinder; baffles; spring connector,broken,removed; replaced
103361,number 3 baffle cracked . stop drilled crack in number 3 engine baffle .,baffle; engine,cracked; crack,stop drilled
103362,"engine forward lower cowl seal worn , above air intake . applied silicone sealant to seal , no damage noted .",engine; cowl seal; air intake; silicone sealant; seal,worn,applied
103363,"bolt missing on number 4 baffle , right-hand engine . replaced bolt .",bolt; baffle; engine,missing,replaced
103364,cylinder number 4 rocker cover gasket is leaking . removed and replaced cylinder number 4 rocker cover gasket .,cylinder; rocker cover gasket,leaking,removed; replaced
103365,number 1 and 2 intake gaskets leaking . removed and replaced number 1 and 2 intake gaskets .,intake gaskets,leaking,removed; replaced
103366,right-hand engine number 3 cylinder intake gasket leaking . removed and replaced gasket .,engine; cylinder; intake gasket; gasket,leaking,removed; replaced
103367,number 3 rocker cover gasket leaking . removed and replaced rocker cover gasket .,rocker cover gasket,leaking,removed; replaced
103368,number 4 rocker cover is leaking . removed and replaced number 4 cylinder rocker cover gasket .,rocker cover; cylinder; rocker cover gasket,leaking,removed; replaced
103369,all rocker cover screws need tightening . resecured all rocker cover screws .,rocker cover screws,,tightening; resecured
103370,right baffle tie rod is broken . drilled new tie rod hole in right-hand aft baffle . installed s,baffle tie rod; tie rod hole; baffle,broken,drilled; installed
103371,"left-hand engine number 2 , 3 rocker cover gaskets are leaking . removed and replaced rocker cover gaskets .",engine; rocker cover gaskets,leaking,removed; replaced
103372,baffle seal worn and wearing above engine inlet . sealed up areas with rtv .,baffle seal; engine inlet; inlet; rtv,worn; wearing,sealed up
103373,"right-hand forward baffle , number 1 cylinder side , has a crack . stop drilled cracks , fabricated patch and riveted in accordance with ces",baffle; cylinder; patch,crack; cracks,stop drilled; fabricated
103374,number 1 and 2 rocker covers leaking . removed and replaced rocker gaskets .,rocker covers; rocker gaskets,leaking,removed; replaced
103375,number 1 and 3 rocker drain lines leaking . tightened rocker drain line clamps .,rocker drain lines; rocker drain line; clamps,leaking,tightened
103376,left-hand engine number 4 cylinder intake gasket is leaking . replaced gasket .,engine; cylinder; intake gasket; gasket,leaking,replaced
103377,right-hand engine number 3 and 4 cylinder intake gaskets are leaking . removed and replaced gaskets .,engine; cylinder; intake gaskets; gaskets,leaking,removed; replaced
103378,number 2 intake leaking . removed and replaced gasket .,intake; gasket,leaking,removed; replaced
103379,intake number 3 leaking on right-hand engine . removed and replaced gasket .,intake; engine; gasket,leaking,removed; replaced
103380,number 1 and 2 rocker covers leaking on left-hand engine . removed and replaced rocker cover gaskets .,rocker covers; engine; rocker cover gaskets,leaking,removed; replaced
103381,right-hand forward engine baffle loose . resecured baffle seal .,engine; baffle; baffle seal,loose,resecured
103382,number 2 intake tube gasket leaking . removed and replaced gasket .,intake tube gasket; gasket,leaking,removed; replaced
103383,"forward lower baffle seal for engine , intake wearing into it . patched baffle with silicone sealant .",baffle seal; engine; intake; baffle; silicone sealant,,patched
103384,"right-hand engine would not start . started aircraft , all checks good .",engine; aircraft,would not start,started
103385,engine needs to be preserved . performed corrosion prevention in engines installed in,engine; engines,,preserved; corrosion prevention
103386,engine needs to be preserved . performed corrosion prevention in engine in accordance with lycoming o,engine,,preserved; corrosion prevention
103387,engine needs to be preserved . performed corrosion prevention in engine in accordance with lycoming o,engine,,preserved; corrosion prevention
103388,engine needs to be preserved . performed corrosion prevention in accordance with lycoming operations manual .,engine,,preserved; corrosion prevention
103389,engine needs to be preserved . performed corrosion protection in accordance with lycoming operations manual .,engine,,preserved; corrosion protection
103390,"engine needs to be preserved . ran up aircraft , operations check good .",engine; aircraft,,preserved; ran up; operations check
103391,engine needs to be preserved . performed corrosion prevention in engines installed in,engine; engines,,preserved; corrosion prevention
103392,engine needs to be preserved . performed corrosion prevention in engine in accordance with lycoming o,engine,,preserved; corrosion prevention
103393,number 4 intake gasket leaking . removed and replaced intake gasket .,intake gasket,leaking,removed; replaced
103394,screw missing from right-hand engine number 4 baffle . installed fastener .,screw; engine; baffle; fastener,missing,installed
103395,"left-hand engine , right-hand rear engine baffle cracked . stop drilled crack .",engine; baffle,cracked; crack,stop drilled
103396,baffle tie rod missing under number 2 and 4 cylinders . installed baffle rod .,baffle tie rod; cylinders; baffle rod,missing,installed
103397,rivnut stripped out on baffle for oil cooler . removed and replaced rivnut .,rivnut; baffle; oil cooler,stripped,removed; replaced
103398,"engine baffle cracked , number 3 cylinder . removed cracked baffle , fabricated and installed new baff",engine; baffle; cylinder; baff,cracked,removed; fabricated; installed
103399,number 2 cylinder baffle cracked . stop drilled crack and fabricated patch using like materi,cylinder; baffle; patch; like materi,cracked; crack,stop drilled; fabricated
103400,"cylinder number 3 aft baffle is cracked . stop drilled crack , fabricated patch of like material ,",cylinder; baffle; patch; like material,cracked; crack,stop drilled; fabricated
103401,cylinder number 1 forward baffle is cracked . stop drilled cracks and fabricated patches of like materi,cylinder; baffle; like materi,cracked; cracks,stop drilled; fabricated
103402,number 4 rocker cover is leaking . removed and replaced gasket .,rocker cover; gasket,leaking,removed; replaced
103403,number 2 and 4 intakes are leaking . removed and replaced gaskets .,intakes; gaskets,leaking,removed; replaced
103404,number 2 intake gasket leaking . removed and replaced intake gasket .,intake gasket,leaking,removed; replaced
103405,"number 2 , 3 , 4 rocker cover gaskets leaking . removed and replaced rocker cover gaskets .",rocker cover gaskets,leaking,removed; replaced
103406,number 2 and 4 cylinder baffle connection rod broken . removed and replaced baffle connecting spring for number 2 and 4,cylinder; baffle connection rod; baffle connecting spring,broken,removed; replaced
103407,number 2 intake gasket leaking . replaced number 2 intake gasket .,intake gasket,leaking,replaced
103408,right-hand rear engine baffle screw missing . installed new screw .,engine; baffle screw; screw,missing,installed
103409,number 4 induction tube gasket leaking . installed new number 4 induction tube gasket .,induction tube gasket,leaking,installed
103410,number 3 rocker leaking . removed and replaced number 3 rocker cover gasket .,rocker; rocker cover gasket,leaking,removed; replaced
103411,number 4 intake is leaking . removed and replaced intake gasket .,intake; intake gasket,leaking,removed; replaced
103412,number 2 rocker gasket leaking . replaced gasket .,rocker gasket; gasket,leaking,replaced
103413,"number 1 , 3 and 4 intake gaskets leaking . replaced gaskets .",intake gaskets; gaskets,leaking,replaced
103414,right-hand engine number 3 intake leaking . replaced gasket .,engine; intake; gasket,leaking,replaced
103415,left-hand engine number 4 intake gasket leaks . replaced gasket .,engine; intake gasket; gasket,leaks,replaced
103416,number 2 intake tube gasket leaking . removed and replaced number 2 intake tube gasket .,intake tube gasket,leaking,removed; replaced
103417,number 2 intake gasket is leaking . replaced number 2 intake gasket .,intake gasket,leaking,replaced
103418,number 3 and 4 intakes leaking on right-hand engine . removed and replaced intake gaskets .,intakes; engine; intake gaskets,leaking,removed; replaced
103419,"number 2 , 3 and 4 intakes leaking on left-hand engine . removed and replaced intake gaskets .",intakes; engine; intake gaskets,leaking,removed; replaced
103420,number 2 engine cylinder intake leaks . replaced gasket .,engine; cylinder; cylinder intake; gasket,leaks,replaced
103421,forward black engine seal worn . installed rtv silicone in worn areas .,engine; seal; rtv silicone,worn,installed
103422,number 3 aft baffle support bracket missing screw . installed missing bracket screw .,baffle support bracket; screw; bracket screw,missing,installed
103423,number 2 and 4 cylinder baffle fastener is broken . removed and replaced fastener .,cylinder; baffle fastener; fastener,broken,removed; replaced
103424,momentary stuck valve with slight drop in rpm . in cruise fligh . removed baffles as required and disconnected oil lines to,valve; baffles; oil lines,stuck,removed; disconnected
103425,"momentary stuck valve with slight drop in rpm . in cruise fligh . performed lycoming on cylinder number 2 , 4 . found number 4 cylinder t",valve; cylinder,stuck; slight drop in rpm,performed
103426,number 3 cylinder intake feels loose . removed intake tube from inventory engine . installed on,cylinder; intake; intake tube; inventory engine,loose,removed; installed
103427,number 2 intake leaking . removed and replaced number 2 intake gasket .,intake; intake gasket,leaking,removed; replaced
103428,number 3 rocker cover leaking . removed and replaced number 3 rocker cover gasket .,rocker cover; rocker cover gasket,leaking,removed; replaced
103429,number 4 intake gasket leaking . removed and replaced gasket .,intake gasket; gasket,leaking,removed; replaced
103430,number 4 intake gasket leaks . removed and replaced intake gasket .,intake gasket,leaks,removed; replaced
103431,right-hand baffling connecting rod is broken . removed and replaced rod .,baffling connecting rod; rod,broken,removed; replaced
103432,cylinder number 3 intake gasket is leaking . removed and replaced intake gasket .,cylinder; intake gasket,leaking,removed; replaced
103433,left-hand inboard baffling connecting rod is broken . removed and replaced connecting rod .,baffling connecting rod; connecting rod,broken,removed; replaced
103434,number 3 intake gasket leaking . removed and replaced intake gasket .,intake gasket,leaking,removed; replaced
103435,both baffle plugs worn . replaced both baffle plugs .,baffle plugs,worn,replaced
103436,"cylinder number 2 , 3 and 4 intake gaskets leaking . removed and replaced intake gaskets .",cylinder; intake gaskets,leaking,removed; replaced
103437,number 2 and 4 rocker gaskets are leaking . removed and replaced rocker cover gaskets . leak check good .,rocker gaskets; rocker cover gaskets,leaking,removed; replaced; leak check
103438,number 3 exhaust push rod seal inboard leaking . removed and replaced number 3 exhaust push rod seals . leak check g,exhaust push rod seal; exhaust push rod seals,leaking,removed; replaced; leak check
103439,cylinder number 3 and 4 intake gaskets leaking . removed and replaced gaskets .,cylinder; intake gaskets; gaskets,leaking,removed; replaced
103440,number 2 and 4 intake gaskets leaking left-hand engine . installed new intake gaskets .,intake gaskets; engine,leaking,installed
103441,number 1 rocker gasket leaking on left-hand engine . installed new rocker box cover gasket .,rocker gasket; engine; rocker box cover gasket,leaking,installed
103442,number 3 and 4 rocker cover gaskets leaking right-hand engine . installed new number 3 and 4 rocker box cover gaskets .,rocker cover gaskets; engine; rocker box cover gaskets,leaking,installed
103443,"number 3 and 4 intake gaskets leaking , left-hand engine . removed and replaced intake gaskets .",intake gaskets; engine,leaking,removed; replaced
103444,number 2 and 4 intake gaskets leaking on right-hand engine . removed and replaced intake gaskets .,intake gaskets; engine,leaking,removed; replaced
103445,"cylinder number 3 aft baffle is worn . repaired baffle , fabricated patch of like material and ri",cylinder; baffle; patch; like material,worn,repaired; fabricated
103446,"number 1 cylinder has oil leaking at cylinder base , lower aft corner . washed engine , ran aircraft , leak check good .",cylinder; oil; cylinder base; engine; aircraft,leaking,washed; ran; leak check
103447,duct tape on back of oil cooler . removed duct tape,duct tape; oil cooler,,removed
103448,wrench on tyrap on toe of engine . removed wrench and tyrap,wrench; tyrap; engine,,removed
103449,number 2 intake leaking . removed and replaced cylinder number 2 intake gasket .,intake; cylinder; intake gasket,leaking,removed; replaced
103450,"seal wearing at forward lower baffle , above intake . installed rtv in areas .",seal; baffle; intake; rtv,wearing,installed
103451,engine right-hand rear baffle mounting bracket loose . loosened oil cooler and oil filler tube .,engine; baffle mounting bracket; oil cooler; oil filler tube,loose,loosened
103452,engine right-hand rear baffle mounting bracket loose . removed engine baffle . drilled holes in engine baffle and,engine; baffle mounting bracket; baffle; holes,loose,removed; drilled
103453,"screw missing inboard of oil cooler , for engine baffle . replaced screw .",screw; oil cooler; engine; baffle,missing,replaced
103454,"engine had fluctuating oil pressure readings . engine roughne . ran up aircraft , unable to duplicate discrepancy . operations check ok .",engine; aircraft,fluctuating; roughne,ran up; operations check
103455,number 3 cylinder running very clean . removed number 3 injector and ultrasonically cleaned . reinstall,cylinder; injector,running very clean,removed; cleaned; reinstall
103456,cylinder number 2 intake gasket leaking . removed and replaced intake gasket .,cylinder; intake gasket,leaking,removed; replaced
103457,cylinder number 1 rocker cover gasket is leaking . removed and replaced gasket .,cylinder; rocker cover gasket; gasket,leaking,removed; replaced
103458,"front engine oil seal leaking . removed propeller assembly , loosened alternator belt tension and r",engine; oil seal; propeller assembly; alternator belt,leaking,removed; loosened
103459,front engine oil seal leaking . installed crankcase seal and spring in accordance with lycoming,engine; oil seal; crankcase seal; spring,leaking,installed
103460,engine needs to be fogged . fogged engine .,engine,,fogged
103461,engine needs to be fogged . de - preserved engine . lubricated main and tail rotor . ran,engine; main and tail rotor,,fogged; de - preserved; lubricated; ran
103462,engine needs to be fogged . performed corrosion prevention in engine in accordance with lycoming o,engine,,fogged; corrosion prevention
103463,engine needs to be fogged . performed corrosion prevention in engine in accordance with lycoming o,engine,,fogged; corrosion prevention
103464,left side number 4 cylinder intake gasket leaking . removed and replaced gasket .,cylinder; intake gasket; gasket,leaking,removed; replaced
103465,right-hand engine number 1 intake is leaking . removed and replaced right-hand engine cylinder number 1 intake gasket .,engine; intake; cylinder; intake gasket,leaking,removed; replaced
103466,"engine baffle cracked , aft of number 3 cylinder , left-hand engine . stop drilled cracks .",engine; baffle; cylinder,cracked; cracks,stop drilled
103467,"number 3 and 4 intake gasket leaking , right-hand engine . installed new left-hand and right-hand intake gaskets .",intake gasket; engine; intake gaskets,leaking,installed
103468,"number 4 rocker cover gasket leaking , right-hand engine . installed new number 4 rocker box cover gasket .",rocker cover gasket; engine; rocker box cover gasket,leaking,installed
103469,"number 3 cylinder on right-hand engine has low compression . removed rocker cover , staked valves . compression 68 / 80 ,",cylinder; engine; rocker cover; valves,low,removed; staked
103470,number 2 intake leaking . removed and replaced number 2 intake gasket .,intake; intake gasket,leaking,removed; replaced
103471,number 3 rocker cover leaking . removed and replaced number 3 rocker cover gasket .,rocker cover; rocker cover gasket,leaking,removed; replaced
103472,number 4 rocker cover gasket leaking . removed and replaced gasket .,rocker cover gasket; gasket,leaking,removed; replaced
103473,number 1 intake gasket leaking . removed and replaced intake gasket .,intake gasket,leaking,removed; replaced
103474,number 2 cylinder intake gasket leaking . removed and replaced intake gasket .,cylinder; intake gasket,leaking,removed; replaced
103475,number 2 and 4 intakes are leaking . replaced number 2 and 4 intake gaskets .,intakes; intake gaskets,leaking,replaced
103476,"number 2 , 3 , 4 rocker covers are leaking . replaced rocker cover gaskets .",rocker covers; rocker cover gaskets,leaking,replaced
103477,number 4 intake gasket leaking . removed and replaced number 4 intake gasket .,intake gasket,leaking,removed; replaced
103478,low compression on number 3 cylinder . ran up aircraft and performed compression test on number 3 cylinder . comp,cylinder; aircraft,low,ran up; compression test
103479,"number 1 , 2 , 3 and 4 intake gaskets leaking . replaced intake gaskets , leak check good .",intake gaskets,leaking,replaced; leak check
103480,"number 1 oil return line leaking . tightened cylinder number 1 oil return line clamps , leak check good .",oil return line; cylinder; clamps,leaking,tightened; leak check
103481,number 3 cylinder baffle plug damaged . removed and replaced baffle plug .,cylinder; baffle plug,damaged,removed; replaced
103482,number 3 ignition lead standoff is broken . installed new standoff .,ignition lead standoff; standoff,broken,installed
103483,number 3 and 4 rocker covers leaking . . s,rocker covers,leaking,
103484,number 3 and 4 rocker covers leaking . removed and replaced gaskets on number 3 and 4 cyls .,rocker covers; gaskets; cyls,leaking,removed; replaced
103485,"number 2 intake gasket torn and number 4 . removed muffler shroud , oil filter , number 2 , 4 intake tubes ,",intake gasket; muffler shroud; oil filter; intake tubes,torn,removed
103486,number 1 and 2 rocker gaskets are leaking . removed and replaced rocker cover gaskets .,rocker gaskets; rocker cover gaskets,leaking,removed; replaced
103487,number 3 aft baffle bracket rivets have pulled through bracket . replaced with new baffle .,baffle bracket; rivets; bracket; baffle,pulled through,replaced
103488,start assist needed . started aircraft .,aircraft,,start assist; started
103489,cylinder number 3 intake leaking . removed and replaced cylinder number 3 intake gasket .,cylinder; intake; intake gasket,leaking,removed; replaced
103490,cylinder number 4 baffle hole / plug worn . repaired with riveted doubler and replaced baffle plug .,cylinder; baffle hole; doubler; baffle plug,worn,repaired; riveted; replaced
103491,"cylinder number 2 , 4 intake tubes leaking at flexible tube connection . determined leaks were coming from intake flanges . remove",cylinder; intake tubes; intake flanges,leaking; leaks,determined; remove
103492,number 2 and 3 induction tube gaskets leaking . installed new induction tube gaskets .,induction tube gaskets,leaking,installed
103493,number 3 intake leaking on left-hand engine . removed and replaced intake gasket .,intake; engine; intake gasket,leaking,removed; replaced
103494,number 1 rocker cover leaking on right-hand engine . removed and replaced rocker cover .,rocker cover; engine,leaking,removed; replaced
103495,"intakes 2 , 3 and 4 leaking on right-hand engine . replaced intake gaskets on right-hand engine .",intakes; engine; intake gaskets,leaking,replaced
103496,"cracks in baffle , forward right-hand side . removed alternator , wires and baffle spring to remove ass",baffle; alternator; wires; baffle spring,cracks,removed; remove
103497,"cracks in baffle , forward right-hand side . completed patch with sam material and painted in accordance with sr",baffle; patch; sam material,cracks,painted
103498,cylinder number 1 forward baffle seal is torn loose from fastener . removed and replaced baffle seal fastener .,cylinder; baffle seal; fastener; baffle seal fastener,torn; torn loose; loose,removed; replaced
103499,"number 1 , 2 , 3 and 4 intake gaskets are leaking . replaced with new intake gaskets .",intake gaskets,leaking,replaced
103500,left and right side baffle plugs loose . removed and replaced with new baffle plugs .,baffle plugs,loose,removed; replaced
103501,"left-hand engine , number 3 intake tube gasket leaking . removed and replaced intake gasket .",engine; intake tube gasket; intake gasket,leaking,removed; replaced
103502,left engine number 3 intake leaking . replaced gasket .,engine; intake; gasket,leaking,replaced
103503,number 4 cylinder intake gasket is leaking . removed and replaced gasket .,cylinder; intake gasket; gasket,leaking,removed; replaced
103504,number 1 cylinder forward baffle seal has a hole worn in it . repaired with high temperature silicone .,cylinder; baffle seal; hole; high temperature silicone,worn,repaired
103505,"number 1 rocker cover leaking . removed , cleaned and replaced with ne gasket .",rocker cover; gasket,leaking,removed; cleaned; replaced
103506,"number 2 , 3 intake gaskets leaking . removed and replaced with new intake gaskets .",intake gaskets,leaking,removed; replaced
103507,left-hand and right-hand baffle plugs loose and broken . removed and replaced with new baffle plugs .,baffle plugs,loose; broken,removed; replaced
103508,cylinder number 4 intake leaking . removed and replaced intake gasket .,cylinder; intake; intake gasket,leaking,removed; replaced
103509,"upon run up , had magneto drop of 300 plus rpm with aggressive shaking . performed run up on engine and noted normal indications and",magneto; engine,shaking,run up
103510,number 2 intake slight leak . installed new intake gasket .,intake; intake gasket,leak,installed
103511,forward lower baffle black seal worn from intake . installed rtv in worn areas .,baffle black seal; intake; rtv,worn,installed
103512,baffle plugs are worn out . removed and replaced plugs .,baffle plugs; plugs,worn,removed; replaced
103513,number 2 cylinder intake gasket leaking . removed and replaced intake gasket .,cylinder; intake gasket,leaking,removed; replaced
103514,number 4 intake tube gasket leaking . installed new number 4 intake gasket .,intake tube gasket; intake gasket,leaking,installed
103515,"left-hand engine number 2 , 3 cylinder intake gaskets leaking . removed and replaced left-hand engine cylinder number 2 , 3 intake gaskets .",engine; cylinder; intake gaskets,leaking,removed; replaced
103516,right-hand engine number 3 and 4 cylinder intake gaskets leaking . removed and replaced right-hand engine cylinder number 3 and 4 intake gaskets .,engine; cylinder; intake gaskets,leaking,removed; replaced
103517,number 4 rocker cover missing screw . installed missing screw .,rocker cover; screw,missing,installed
103518,"screw loose , 1 for baffle behind oil dipstick tube . tightened loose cylinder number 3 aft baffle screw .",screw; baffle; oil dipstick tube; cylinder; baffle screw,loose,tightened
103519,right-hand baffle plug loose . installed new baffle plug .,baffle plug,loose,installed
103520,number 4 intake gasket leaking . removed and replaced with new gasket .,intake gasket; gasket,leaking,removed; replaced
103521,number 4 intake leaking . removed and replaced intake gasket .,intake; intake gasket,leaking,removed; replaced
103522,left-hand number 4 intake gasket leaking . removed and replaced gasket .,intake gasket; gasket,leaking,removed; replaced
103523,right-hand number 1 intake gasket leaking . removed and replaced gasket .,intake gasket; gasket,leaking,removed; replaced
103524,number 1 intake gasket is leaking . installed new gasket .,intake gasket; gasket,leaking,installed
103525,number 2 and 4 rocker gaskets are leaking . installed new rocker box cover gaskets .,rocker gaskets; rocker box cover gaskets,leaking,installed
103526,number 3 and 4 intakes are leaking . replaced intake gaskets .,intakes; intake gaskets,leaking,replaced
103527,"number 1 cylinder has low compression 30 / 80 . ran aircraft , operations and leak check good .",cylinder; aircraft,low,ran; operations; leak check
103528,number 1 cylinder has low compression 30 / 80 . serviced with 8 quarts of mineral oil .,cylinder; mineral oil,low,serviced
103529,number 1 cylinder has low compression 30 / 80 . removed rocker cover and staked valve with no effect .,cylinder; rocker cover; valve,low,removed; staked
103530,"number 1 cylinder has low compression 30 / 80 . removed baffling , exhaust , alternator , air intake elbow",cylinder; baffling; exhaust; alternator; intake elbow,low,removed
103531,"number 1 cylinder has low compression 30 / 80 . reinstalled exhaust , baffling , air intake elbow , number 1 int",cylinder; exhaust; baffling; intake elbow; int,low,reinstalled
103532,number 2 cylinder intake gasket leaking . removed and replaced cylinder number 2 intake gasket .,cylinder; intake gasket,leaking,removed; replaced
103533,"number 1 , 2 , 3 4 intake gaskets leaking . removed and replaced intake gaskets .",intake gaskets,leaking,removed; replaced
103534,left-hand and right-hand side baffle plugs loose and broken . removed and replaced with new baffle plugs .,baffle plugs,loose; broken,removed; replaced
103535,number 2 and 4 cylinder harness anchors are broken . installed new standoffs .,cylinder; harness anchors; standoffs,broken,installed
103536,right-hand engine number 4 aft baffle cracked . stop drilled crack .,engine; baffle,cracked; crack,stop drilled
103537,right-hand engine number 2 and 4 intake gaskets are leaking . removed and replaced with new gaskets .,engine; intake gaskets; gaskets,leaking,removed; replaced
103538,all 4 intake gaskets on left-hand engine are leaking . removed and replaced with new gaskets .,intake gaskets; engine; gaskets,leaking,removed; replaced
103539,lueco markings required . marked engine and cylinders .,lueco markings; engine; cylinders,,marked
103540,left-hand number 4 intake gasket leaking . removed and replaced with new gasket .,intake gasket; gasket,leaking,removed; replaced
103541,right-hand number 1 intake gasket leaking . removed and replaced with new gasket .,intake gasket; gasket,leaking,removed; replaced
103542,number 3 and 4 intake leaking on right-hand engine . removed and replaced intake gaskets .,intake; engine; intake gaskets,leaking,removed; replaced
103543,"engine quit at idle , low rpm during taxi , small adjustments . attempted to start engine several times with no success .",engine,low; quit,attempted to start
103544,left-hand engine number 2 and 3 intakes are leaking . replaced number 3 gasket .,engine; intakes; gasket,leaking,replaced
103545,right-hand engine number 1 and 3 rocker covers are leaking . leak check good .,engine; rocker covers,leaking,leak check
103546,"right-hand engine number 4 intake is leaking . replaced gasket , cleaned area .",engine; intake; gasket,leaking,replaced; cleaned
103547,right-hand engine number 1 and 3 rocker covers are leaking . replaced both gaskets .,engine; rocker covers; gaskets,leaking,replaced
103548,left-hand engine number 2 and 3 intakes are leaking . removed and replaced number 2 gasket .,engine; intakes; gasket,leaking,removed; replaced
103549,left-hand engine number 4 cylinder has no compression . removed rocker cover and staked valve with no effort .,engine; cylinder; rocker cover; valve,no compression,removed; staked
103550,"left-hand engine number 4 cylinder has no compression . removed number 4 cylinder baffles , oil lines and oil cooler . removed",engine; cylinder; baffles; oil lines; oil cooler,no compression,removed
103551,left-hand engine number 4 cylinder has no compression . completed reinstallation of cylinder number 4 baffling . reinstalle,engine; cylinder; baffling,no compression,completed reinstallation; reinstalle
103552,number 2 intake gasket leaking . removed and replaced with new gasket .,intake gasket; gasket,leaking,removed; replaced
103553,number 4 rocker gasket leaking . removed and replaced with new gasket .,rocker gasket; gasket,leaking,removed; replaced
103554,number 2 intake leaking . removed and replaced number 2 intake gasket .,intake; intake gasket,leaking,removed; replaced
103555,start assist . started aircraft for pilot .,aircraft,,start assist; started
103556,"number 1 , 2 , 3 , 4 intake gaskets leaking . removed and replaced with new gaskets .",intake gaskets; gaskets,leaking,removed; replaced
103557,"number 4 intake , outboard bolt lock washer wrong position . installed new lock washer to correct position .",intake; bolt; washer; lock washer,wrong position,installed
103558,"number 4 intake gasket leaking , right-hand engine . replaced gasket .",intake gasket; engine; gasket,leaking,replaced
103559,right-hand engine number 3 baffle seal section loose . removed and replaced baffle seal .,engine; baffle seal section; baffle seal,loose,removed; replaced
103560,"engine baffle cracked , behind number 3 cylinder , right-hand engine . stop drilled crack .",engine; baffle; cylinder,cracked; crack,stop drilled
103561,number 4 intake gasket leaking . removed and replaced number 4 intake gasket .,intake gasket,leaking,removed; replaced
103562,number 3 and 4 rocker cover gaskets leaking . removed and replaced rocker cover gaskets .,rocker cover gaskets,leaking,removed; replaced
103563,screw missing on number 1 outer cylinder baffling . replaced missing screw with required hardware .,screw; cylinder baffling,missing,replaced
103564,aft crankcase spin bolt missing nut . installed nut and washer . torqued .,crankcase spin bolt; nut; washer,missing,installed; torqued
103565,right-hand side baffle plug loose with tabs broken . removed and replaced with new baffle plug .,baffle plug; tabs,loose; broken,removed; replaced
103566,throttle at idle engine ran rough . ran up engine to operating temps . engine idle speed and m,throttle; engine,ran rough,ran up
103567,right-hand engine rear baffle mounting screw loose . tightened screw .,engine; baffle mounting screw; screw,loose,tightened
103568,number 1 induction tube gasket leaking . removed and replaced number 1 intake gasket .,induction tube gasket; intake gasket,leaking,removed; replaced
103569,"cylinder number 2 , 3 and 4 rocker cover gaskets are leaking . removed and replaced gaskets .",cylinder; rocker cover gaskets; gaskets,leaking,removed; replaced
103570,top of engine crankcase is leaking oil through 2 middle thro . removed bolts from where oil was leaking . cleaned bolt,engine; crankcase; oil; bolts; bolt,leaking,removed; cleaned
103571,"right-hand engine , right-hand rear baffle cracked . stop drilled crack .",engine; baffle,cracked; crack,stop drilled
103572,"right-hand engine , left-hand rear baffle support cracked . stop drilled crack .",engine; baffle support,cracked; crack,stop drilled
103573,left-hand engine number 2 and 3 intake gaskets leaking . removed and replaced intake gaskets .,engine; intake gaskets,leaking,removed; replaced
103574,number 4 baffle has loose hardware on right-hand engine . tightened hardware .,baffle; hardware; engine,loose,tightened
103575,intakes number 2 and 4 leaking on right-hand engine . installed new intake gaskets .,intakes; engine; intake gaskets,leaking,installed
103576,number 4 rubber baffle seal torn on right-hand engine . reattached rubber baffle seal .,rubber baffle seal; engine,torn,reattached
103577,"intakes number 2 , 3 and 4 are leaking on left-hand engine . removed and replaced intake gaskets .",intakes; engine; intake gaskets,leaking,removed; replaced
103578,cylinder number 2 intake leaking . removed and replaced intake gasket .,cylinder; intake; intake gasket,leaking,removed; replaced
103579,cylinder number 4 rocker cover gasket leaking . replaced rocker cover gasket .,cylinder; rocker cover gasket,leaking,replaced
103580,number 4 cylinder baffle insp hole doubler required . installed baffle insp hole doubler in accordance with se standard reference material 51,cylinder; baffle insp hole doubler,,installed
103581,left engine bleed air line chafing . repositioned line .,engine; bleed air line; line,chafing,repositioned
103582,left-hand aft cowl inboard access panel screw stripped . removed screw and replaced with new .,cowl; access panel screw; screw,stripped,removed; replaced
103583,"left-hand engine reported as smoking after shutdown . inspected purge system , checked ok .",engine; purge system,smoking,inspected; checked
103584,number 1 and 4 intake gaskets leaking . removed and replaced intake gaskets .,intake gaskets,leaking,removed; replaced
103585,number 2 and 3 rocker cover gaskets leaking . removed and replaced rocker cover gaskets .,rocker cover gaskets,leaking,removed; replaced
103586,number 1 and 2 intake gaskets leaking . removed and replaced intake gaskets .,intake gaskets,leaking,removed; replaced
103587,right-hand engine rough during taxi . ran aircraft and confirmed discrepancy . inspected number 3 cylinder with boresc,engine; aircraft; cylinder,rough,ran; confirmed; inspected
103588,cylinder number 1 rocker gasket leaking . removed and replaced gasket .,cylinder; rocker gasket; gasket,leaking,removed; replaced
103589,number 1 intake gasket leaking . removed and replaced intake gasket .,intake gasket,leaking,removed; replaced
103590,number 1 rocker cover gasket leaking . removed and replaced rocker cover gasket .,rocker cover gasket,leaking,removed; replaced
103591,start assist . started aircraft for pilot .,aircraft,,start assist; started
103592,number 2 intake gasket leaking . replaced gasket .,intake gasket; gasket,leaking,replaced
103593,number 2 intake gasket leaking . removed and replaced with new gasket .,intake gasket; gasket,leaking,removed; replaced
103594,number 2 intake leaking . removed and replaced number 2 intake gasket .,intake; intake gasket,leaking,removed; replaced
103595,number 2 intake leaks . removed and replaced with new intake gasket .,intake; intake gasket,leaks,removed; replaced
103596,number 2 and 4 intake gaskets leaking . removed and replaced intake gaskets .,intake gaskets,leaking,removed; replaced
103597,number 3 and 4 rocker cover gaskets leaking . removed and replaced rocker cover gaskets .,rocker cover gaskets,leaking,removed; replaced
103598,left-hand engine baffle cracked . fabricated patch for side baffle . drilled and riveted pat,engine; baffle; patch,cracked,fabricated; drilled; riveted
103599,"right-hand number 3 rocker cover leaking . removed , cleaned and installed new gasket .",rocker cover; gasket,leaking,removed; cleaned; installed
103600,right-hand engine number 4 intake gasket leaking . removed and replaced with new gasket .,engine; intake gasket; gasket,leaking,removed; replaced
103601,"left-hand engine number 2 , 3 , 4 intake gaskets leaking . removed and replaced intake gaskets with new .",engine; intake gaskets,leaking,removed; replaced
103602,number 2 intake gasket leaking . installed new number 2 intake gasket .,intake gasket,leaking,installed
103603,number 3 rocker cover gasket leaking . removed and replaced gasket .,rocker cover gasket; gasket,leaking,removed; replaced
103604,number 2 intake gasket leaking . removed and replaced intake gasket .,intake gasket,leaking,removed; replaced
103605,left-hand engine number 4 cylinder intake gasket is leaking . removed and replaced gasket .,engine; cylinder; intake gasket; gasket,leaking,removed; replaced
103606,left-hand engine number 4 cylinder side baffle is missing a bolt . installed new hardware .,engine; cylinder; baffle; bolt; hardware,missing,installed
103607,right-hand engine number 4 cylinder rocker cover gasket is leaking . removed and replaced gasket .,engine; cylinder; rocker cover gasket; gasket,leaking,removed; replaced
103608,left-hand engine number 2 and 4 cylinder rocker cover gaskets are leaking . removed and replaced gaskets .,engine; cylinder; rocker cover gaskets; gaskets,leaking,removed; replaced
103609,"number 3 rocker cover gasket leaking . removed , cleaned and installed new gasket .",rocker cover gasket; gasket,leaking,removed; cleaned; installed
103610,"cowl seal , above number 3 cylinder baffle , fell off rivet . removed and replaced rivet .",cowl seal; cylinder; baffle; rivet,fell off,removed; replaced
103611,"number 3 intake gasket leaks on left-hand engine . removed , cleaned and installed new gasket .",intake gasket; engine; gasket,leaks,removed; cleaned; installed
103612,number 2 and 4 intake gaskets leaking on right-hand engine . removed and replaced with new gaskets .,intake gaskets; engine; gaskets,leaking,removed; replaced
103613,"right-hand engine , right-hand front engine baffle seal needs to be resecur . resecured right-hand engine , right-hand front engine baffle seal .",engine; baffle seal,,resecured
103614,"left-hand number 2 , 3 and 4 intake tube gaskets leaking . replaced left-hand number 2 , 3 , 4 intake gaskets .",intake tube gaskets; intake gaskets,leaking,replaced
103615,both baffle plug tabs broken off . installed new plugs .,baffle plug; tabs; plugs,broken; broken off,installed
103616,number 2 and 4 cylinder intake gaskets leaking . removed and replaced intake gaskets .,cylinder; intake gaskets,leaking,removed; replaced
103617,rocker box cover screws loose . tightened screws .,rocker box cover screws; screws,loose,tightened
103618,number 4 cylinder harness clamp broken . installed new clamp .,cylinder; harness clamp; clamp,broken,installed
103619,number 3 and 4 rocker cover gaskets are leaking . removed and replaced with new gaskets .,rocker cover gaskets; gaskets,leaking,removed; replaced
103620,"departing 17 l at 2450 pounds , during climb out at 2000 feet msl , were . performed full ground run , no defects noted . maintenance flight r",,,ground run; maintenance flight
103621,number 4 intake gasket is leaking . removed and replaced with new gasket .,intake gasket; gasket,leaking,removed; replaced
103622,screw missing on number 3 baffle bracket . found screw and reinstalled .,screw; baffle bracket,missing,found; reinstalled
103623,"found broken cover screw on ground . removed cowl , all screws accounted for . replaced cowl .",cover screw; cowl; screws,broken,removed; replaced
103624,left-hand forward number 2 engine baffle cracked . stop drilled crack .,engine; baffle,cracked; crack,stop drilled
103625,number 1 and 2 intake gaskets leaking . removed and replaced intake gaskets .,intake gaskets,leaking,removed; replaced
103626,number 4 rocker gasket leaking . tightened loose bolts .,rocker gasket; bolts,loose; leaking,tightened
103627,number 2 cylinder baffle seal needs to be secured . resecured cylinder number 2 side baffle seal .,cylinder; baffle seal,,secured; resecured
103628,number 1 cylinder forward baffle cracked . stop drilled crack .,cylinder; baffle,cracked; crack,stop drilled
103629,number 4 intake gasket leaking . removed and replaced gasket .,intake gasket; gasket,leaking,removed; replaced
103630,"on post run up , found engine running rough at idle . number 2 cylinder c . operations and leak checked good .",engine; cylinder,running rough,operations and leak checked
103631,"on post run up , found engine running rough at idle . number 2 cylinder c . removed push rods and valve spring . found step on intake",engine; cylinder; push rods; valve spring; intake,step; running rough,removed
103632,"on post run up , found engine running rough at idle . number 2 cylinder c . replaced cylinder with new cylinder assembly . torqued to case . dry",engine; cylinder; cylinder assembly; case,running rough,replaced; torqued
103633,"left-hand engine , left-hand baffle tie rod broken . removed and replaced broken baffle tie .",engine; baffle tie rod; baffle tie,broken,removed; replaced
103634,cylinder number 3 push rod tube adel clamp has worn rubber . removed and replaced adel clamp .,cylinder; push rod tube; adel clamp; rubber,worn,removed; replaced
103635,number 3 intake gasket leaking . removed and replaced number 3 intake gasket .,intake gasket,leaking,removed; replaced
103636,number 4 rocker cover gasket leaking . removed and replaced number 4 cylinder rocker cover gasket .,rocker cover gasket; cylinder,leaking,removed; replaced
103637,"upon run up , rough magneto and not within tolerance . ran fouled proc . ran aircraft and found right-hand magneto to have rough magneto drop . removed",magneto; aircraft,not within tolerance; rough,ran fouled proc; ran; found
103638,start assist required . started aircraft using normal procedures .,aircraft,,start assist; started
103639,start assist required . started aircraft using normal procedures .,aircraft,,start assist; started
103640,"number 4 intake gasket leaking . removed , cleaned and replaced with new gasket .",intake gasket; gasket,leaking,removed; cleaned; replaced
103641,left-hand rear engine baffle cracked . stop drilled crack .,engine; baffle,cracked; crack,stop drilled
103642,number 2 intake gasket leaking . removed and replaced number 2 intake gasket .,intake gasket,leaking,removed; replaced
103643,number 2 and 4 rocker cover gasket leaking . removed and replaced rocker cover gaskets .,rocker cover gasket; rocker cover gaskets,leaking,removed; replaced
103644,"engine baffle cracked , above number 1 cylinder . stop drilled crack .",engine; baffle; cylinder,cracked; crack,stop drilled
103645,number 2 rocker cover gasket leaking . removed and replaced rocker cover gasket .,rocker cover gasket,leaking,removed; replaced
103646,cylinder number 2 and 4 intake gasket leaking . removed and replaced intake gaskets .,cylinder; intake gasket; intake gaskets,leaking,removed; replaced
103647,rocker cover gasket cylinder number 3 and 4 leaking . removed and replaced rocker cover gaskets .,rocker cover gasket; cylinder; rocker cover gaskets,leaking,removed; replaced
103648,right-hand baffle spring broken . installed new baffle spring .,baffle spring,broken,installed
103649,number 2 cylinder intake gasket leaking . replaced intake gasket .,cylinder; intake gasket,leaking,replaced
103650,number 1 cylinder rocker cover leaking . replaced rocker cover gasket .,cylinder; rocker cover; rocker cover gasket,leaking,replaced
103651,right-hand number 3 intake gasket is leaking . replaced number 3 intake gasket .,intake gasket,leaking,replaced
103652,right-hand number 3 aft baffle seal has a hole . removed seal and installed new seal with pop rivets .,baffle seal; hole; seal; pop rivets,,removed; installed
103653,cylinder number 3 baffle screw loose . tightened number 3 cylinder baffle screw .,cylinder; baffle screw,loose,tightened
103654,left-hand engine intake 2 and 3 leaking . removed and replaced gaskets .,engine; intake; gaskets,leaking,removed; replaced
103655,baffle seal loose above number 4 cylinder on left-hand engine . secured baffle seal .,baffle seal; cylinder; engine,loose,secured
103656,oil coolers dirty . cleaned forward and aft oil coolers .,oil coolers,dirty,cleaned
103657,"sniffler valves dirty . removed , cleaned and reinstalled both sniffler valves .",sniffler valves,dirty,removed; cleaned; reinstalled
103658,number 2 rocker cover gasket leaking . removed and replaced number 2 rocker cover gasket .,rocker cover gasket,leaking,removed; replaced
103659,number 3 intake gasket leaking . removed and replaced intake gasket .,intake gasket,leaking,removed; replaced
103660,crack extending beyond stop drill on upper number 2 cylinder baffle . stop drilled crack .,cylinder; baffle,crack,stop drilled
103661,number 2 intake gasket leaking . leak check good .,intake gasket,leaking,leak check
103662,number 2 intake gasket leaking . replaced gasket .,intake gasket; gasket,leaking,replaced
103663,number 3 rocker cover gasket leaking . leak check good .,rocker cover gasket,leaking,leak check
103664,number 3 rocker cover gasket leaking . replaced gasket .,rocker cover gasket; gasket,leaking,replaced
103665,number 3 aft baffle screw appears to be loose behind dipstick tube . tightened screw .,baffle screw; dipstick tube; screw,loose,tightened
103666,forward lower engine seal worn above air intake . filled in worn spots with black rtv .,engine; seal; air intake; black rtv,worn,filled
103667,number 2 intake leaking . removed and replaced intake gasket .,intake; intake gasket,leaking,removed; replaced
103668,cylinder number 2 intake gasket leaking . removed and replaced intake gasket .,cylinder; intake gasket,leaking,removed; replaced
103669,left-hand engine number 2 baffle loose . secured baffle section .,engine; baffle; baffle section,loose,secured
103670,"number 1 , 2 , 4 rocker gaskets leaking . removed , cleaned and replaced with new gaskets .",rocker gaskets; gaskets,leaking,removed; cleaned; replaced
103671,"number 2 , 3 , 4 intake gaskets leaking on left-hand engine . removed and replaced intake gaskets .",intake gaskets; engine,leaking,removed; replaced
103672,number 1 rocker cover gasket leaking on right-hand engine . removed and replaced rocker cover gasket .,rocker cover gasket; engine,leaking,removed; replaced
103673,number 3 rocker cover gasket leaking on left-hand engine . removed and replaced rocker cover gasket .,rocker cover gasket; engine,leaking,removed; replaced
103674,number 3 and 4 intake gaskets leaking on right-hand engine . removed and replaced intake gaskets on right-hand engine .,intake gaskets; engine,leaking,removed; replaced
103675,number 2 intake leaking . removed and replaced intake gasket .,intake; intake gasket,leaking,removed; replaced
103676,number 4 cylinder rocker cover is missing screw . installed new screw .,cylinder; rocker cover; screw,missing,installed
103677,"right-hand engine number 3 intake tube gasket leaking . removed , cleaned and replaced with new gasket .",engine; intake tube gasket; gasket,leaking,removed; cleaned; replaced
103678,"left-hand engine number 2 , 3 and 4 intake tube gaskets leaking . removed , cleaned and replaced with new gaskets .",engine; intake tube gaskets; gaskets,leaking,removed; cleaned; replaced
103679,"left-hand engine number 1 , 2 , 3 and 4 rocker box cover gaskets leaking . removed , cleaned and replaced with new gaskets .",engine; rocker box cover gaskets; gaskets,leaking,removed; cleaned; replaced
103680,number 3 rocker box cover gasket leaking . installed new rocker box cover gasket .,rocker box cover gasket,leaking,installed
103681,number 2 rocker gasket leaking . tightened bolts .,rocker gasket; bolts,leaking,tightened
103682,number 1 cylinder rocker gasket leaking . replaced gasket .,cylinder; rocker gasket; gasket,leaking,replaced
103683,"number 2 , 4 cylinder intercooling baffle wire needs to be repositi . repositioned wire in new baffle slot and applied spiral w",cylinder; baffle wire; wire; baffle slot,,repositioned; applied
103684,right-hand engine number 3 and 4 intake gaskets leaking . removed and replaced intake gaskets .,engine; intake gaskets,leaking,removed; replaced
103685,number 2 and 4 cylinder intakes leaking on left-hand engine . removed and replaced intake gaskets .,cylinder; intakes; engine; intake gaskets,leaking,removed; replaced
103686,baffle plug out . installed plug,baffle plug; plug,out,installed
103687,short dipstick installed . removed short dipstick and installed long one,short dipstick,,installed; removed
103688,forward lower seal on baffling worn at air intake . installed rtv to areas .,seal; baffling; air intake; rtv,worn,installed
103689,left-hand engine all rocker box cover screws loose . tightened screws .,engine; rocker box cover screws; screws,loose,tightened
103690,left-hand engine number 1 rocker cover gasket leaking . removed old gasket and replaced with new .,engine; rocker cover gasket; gasket,leaking,removed; replaced
103691,"left-hand engine number 4 intake gasket leaking . removed old gasket , replaced with new gasket .",engine; intake gasket; gasket,leaking,removed; replaced
103692,number 4 intake gasket leaking . installed new gasket .,intake gasket; gasket,leaking,installed
103693,baffle plugs need to be replaced . installed new baffle plugs .,baffle plugs,,replaced; installed
103694,"number 4 cylinder has low compression , leaking number 4 exhaust valve . removed piston and injector .",cylinder; exhaust valve; piston; injector,low; leaking,removed
103695,number 2 / 4 baffle connect wire installed below intercylinder baffl . rerouted baffle connect wire .,baffle connect wire; intercylinder baffl,,rerouted
103696,"number 4 cylinder has low compression , leaking number 4 exhaust valve . ran engine . operations and leak check good .",cylinder; exhaust valve; engine,low; leaking,ran; operations; leak check
103697,"number 4 cylinder has low compression , leaking number 4 exhaust valve . removed cylinder number 4 and verified exhaust valve to be burnt .",cylinder; exhaust valve,low; burnt; leaking,removed; verified
103698,"number 4 cylinder has low compression , leaking number 4 exhaust valve . began cylinder removal , exhaust stack , intake tube and baffle",cylinder; exhaust valve; exhaust stack; intake tube; baffle,low; leaking,removal
103699,"number 4 cylinder has low compression , leaking number 4 exhaust valve . installed new cylinder and piston kit in accordance with lycom",cylinder; exhaust valve; piston,low; leaking,installed
103700,cylinder number 3 intake gasket leaking . removed and replaced intake gasket .,cylinder; intake gasket,leaking,removed; replaced
103701,baffle plugs are worn . installed new baffle plugs .,baffle plugs,worn,installed
103702,engine baffle screw loose behind oil filler tube . tightened screw .,engine; baffle screw; oil filler tube; screw,loose,tightened
103703,cable sheath loose on pilots seat . secured cable sheath . operations check good .,cable sheath; pilots seat,loose,secured; operations check
103704,sniffler valves dirty . cleaned both sniffler valves .,sniffler valves,dirty,cleaned
103705,number 3 baffle seal rivets loose . removed and installed new rivet in accordance with se standard reference material 51 - 40 - 0,baffle seal rivets; rivet,loose,removed; installed
103706,top bolt on engine case leaking . cleaned and sealed bolts .,bolt; engine; case; bolts,leaking,cleaned; sealed
103707,number 4 cylinder intake gasket leaking . removed and replaced gasket with new .,cylinder; intake gasket; gasket,leaking,removed; replaced
103708,engine baffle cracked above number 1 cylinder . stop drilled crack .,engine; baffle; cylinder,cracked; crack,stop drilled
103709,number 2 intake tube gasket leaking . installed new intake gasket .,intake tube gasket; intake gasket,leaking,installed
103710,missing screw on cylinder number 3 baffle . installed screw .,screw; cylinder; baffle,missing,installed
103711,"right-hand aft engine baffle screw missing , secured to engine case . installed screw on engine baffle .",engine; baffle screw; engine case; screw; baffle,missing,secured; installed
103712,"number 1 , 2 , 3 , 4 rocker cover gaskets need to be replaced . removed and replaced rocker cover gaskets .",rocker cover gaskets,,replaced; removed
103713,"missing baffle screw on right-hand upper rocker cover , number 1 cylinder . installed new baffle screw on right-hand number 1 cylinder baffle .",baffle screw; upper rocker cover; cylinder; baffle,missing,installed
103714,number 4 rocker cover gasket leaking . removed and replaced number 4 rocker cover gasket .,rocker cover gasket,leaking,removed; replaced
103715,cylinder number 2 intake gasket leaking . removed and replaced intake gasket .,cylinder; intake gasket,leaking,removed; replaced
103716,"rocker cover gasket , cylinder number 3 , leaking . removed and replaced rocker cover gasket .",rocker cover gasket; cylinder,leaking,removed; replaced
103717,left-hand number 3 intake gasket leaking . removed and replaced gasket .,intake gasket; gasket,leaking,removed; replaced
103718,right-hand number 4 rocker cover is leaking . replaced rocker cover gasket .,rocker cover; rocker cover gasket,leaking,replaced
103719,"left-hand number 3 , 4 rocker cover gaskets leaking . removed and replaced gaskets .",rocker cover gaskets; gaskets,leaking,removed; replaced
103720,left-hand engine baffle tie rod is rubbing on number 2 oil return line clam . repositioned clamp .,engine; baffle tie rod; oil return line; clam; clamp,rubbing,repositioned
103721,number 3 intake tube gasket leaking . installed new intake tube gasket .,intake tube gasket,leaking,installed
103722,number 4 inatke gasket leaking . removed and replaced with new gasket .,inatke gasket; gasket,leaking,removed; replaced
103723,"number 1 rocker cover gasket leaking . removed , cleaned and replaced gasket .",rocker cover gasket; gasket,leaking,removed; cleaned; replaced
103724,baffle screw behind dipstick missing . installed screw in baffle and resafety wired dipstick tub,baffle screw; dipstick; screw; baffle; dipstick tub,missing,installed; resafety; resafety wired
103725,oil cooler timed out . removed and replaced oil cooler . installed oi,oil cooler,timed out,removed; replaced; installed
103726,rivet pulled through engine baffle seal above number 2 cylinder . removed rivet and secured baffle with like hardware .,rivet; engine; baffle seal; cylinder; baffle; like hardware,pulled through,removed; secured
103727,"number 2 , 3 rocker cover gaskets leaking . removed and replaced rocker cover gaskets .",rocker cover gaskets,leaking,removed; replaced
103728,fod on oil cooler . removed fod off oil cooler,fod; oil cooler,,removed
103729,fod on top of engine . removed fod from top of engine,fod; engine,,removed
103730,number 2 cylinder rocker cover gasket leaking . replaced rocker cover gasket .,cylinder; rocker cover gasket,leaking,replaced
103731,right-hand engine number 2 and 4 intake have slight leak . replaced gaskets .,engine; intake; gaskets,leak,replaced
103732,rocker cover gasket cylinder number 2 leaking . removed and replaced gasket .,rocker cover gasket; cylinder; gasket,leaking,removed; replaced
103733,intake gasket cylinder number 4 leaking . removed and replaced intake gasket .,intake gasket; cylinder,leaking,removed; replaced
103734,left engine lower fire seal loose . replaced seal .,engine; fire seal; seal,loose,replaced
103735,right-hand engine intake screen loose . replaced right-hand engine intake screen .,engine; intake screen,loose,replaced
103736,"1 first stage compressor blade has damage , near tip . inspected and found nicked leading edge first stage compr",compressor blade,damage; nicked,inspected
103737,right-hand engine aft baffle support bracket rivets are sheared . removed baffle . installed new rivets in accordance with,engine; baffle support bracket; rivets; baffle,sheared,removed; installed
103738,right-hand engine number 3 intake tube gasket leaking . replaced gasket .,engine; intake tube gasket; gasket,leaking,replaced
103739,right-hand engine number 2 and 3 rocker box cover gasket leaking . replaced gaskets .,engine; rocker box cover gasket; gaskets,leaking,replaced
103740,left-hand engine number 2 and 4 intake tube gaskets leaking . removed and replaced with new gaskets .,engine; intake tube gaskets; gaskets,leaking,removed; replaced
103741,right-hand engine number 2 and 4 rocker cover gaskets leaking . removed and replaced rocker cover gaskets .,engine; rocker cover gaskets,leaking,removed; replaced
103742,"number 1 , 2 and 4 cylinder rocker cover gaskets are leaking . removed and replaced with new gaskets .",cylinder; rocker cover gaskets; gaskets,leaking,removed; replaced
103743,intake gasket cylinder number 4 leaking . removed and replaced intake gasket .,intake gasket; cylinder,leaking,removed; replaced
103744,number 1 cylinder baffle seal loose . secured seal .,cylinder; baffle seal; seal,loose,secured
103745,"number 1 , 2 cylinder rocker cover gaskets leaking . removed and replaced gaskets .",cylinder; rocker cover gaskets; gaskets,leaking,removed; replaced
103746,number 2 intake leaking . removed and replaced intake gasket .,intake; intake gasket,leaking,removed; replaced
103747,number 2 and 4 rocker covers leaking . removed and replaced rocker cover gaskets .,rocker covers; rocker cover gaskets,leaking,removed; replaced
103748,number 2 intake gasket leaking . removed and replaced gasket .,intake gasket; gasket,leaking,removed; replaced
103749,number 3 and 4 rocker gaskets leaking . removed and replaced gaskets .,rocker gaskets; gaskets,leaking,removed; replaced
103750,left outboard baffle tie wire broken . installed baffle tie listed in parts manual . fou,baffle tie wire; baffle tie,broken,installed
103751,intakes 3 and 4 leaking . removed and replaced intake gaskets .,intakes; intake gaskets,leaking,removed; replaced
103752,"number 3 exhaust valve leaking on right-hand engine . run up , operations and leak check ok .",exhaust valve; engine,leaking,run up; operations; leak check
103753,right-hand engine cylinder number 4 side baffle seal is coming loose . resecured loose seal .,engine; cylinder; baffle seal; seal,loose; coming loose,resecured
103754,right-hand cylinder number 3 aft baffle is cracked . fabricated patch of like material and riveted in accordance with,cylinder; baffle; patch; like material,cracked,fabricated
103755,"number 3 exhaust valve leaking on right-hand engine . installed cylinder rockers , cylinder baffle , torqued spark plugs",exhaust valve; engine; cylinder; rockers; baffle; spark plugs,leaking,installed; torqued
103756,number 3 exhaust valve leaking on right-hand engine . tried to stake valve with no affect . rocker cover is remo,exhaust valve; engine; valve; rocker cover,leaking,tried to stake
103757,number 3 exhaust valve leaking on right-hand engine . removed and installed repaired cylinder assembly . torqued mounting,exhaust valve; engine; cylinder assembly,leaking,removed; installed; torqued
103758,"left-hand engine , left-hand forward baffle seal is loose . resecured baffle seal .",engine; baffle seal,loose,resecured
103759,intake gasket cylinder number 4 leaking . removed and replaced intake gasket .,intake gasket; cylinder,leaking,removed; replaced
103760,left-hand forward engine baffle cracked . stop drilled crack .,engine; baffle,cracked; crack,stop drilled
103761,left-hand rear engine baffle support cracked . fabricated new baffle support of like material and rivete,engine; baffle support; like material,cracked,fabricated
103762,intakes number 2 and 4 leaking on right-hand engine . removed and replaced intake gaskets .,intakes; engine; intake gaskets,leaking,removed; replaced
103763,"right-hand engine number 1 cylinder has low compressions 55 psi . staked exhaust valve , operations check good on compressions . remo",engine; cylinder; exhaust valve,low,staked; operations check; remo
103764,"number 2 , 3 , 4 intake gaskets leaking . removed and replaced intake gaskets .",intake gaskets,leaking,removed; replaced
103765,number 4 rocker cover gasket leaking . removed and replaced number 4 rocker cover gasket .,rocker cover gasket,leaking,removed; replaced
103766,number 4 rocker cover gasket leaking . removed and replaced gasket .,rocker cover gasket; gasket,leaking,removed; replaced
103767,number 4 cylinder intake leaking . removed and replaced intake gasket .,cylinder; intake; intake gasket,leaking,removed; replaced
103768,left-hand engine number 1 and 4 rocker covers are leaking . replaced gaskets .,engine; rocker covers; gaskets,leaking,replaced
103769,"left-hand and right-hand engine firewalls need to be sealed , where engine control . cleaned firewall on both engines and applied firewall sea",engine; firewalls; engine control; firewall; engines; firewall sea,,sealed; cleaned; applied
103770,"right-hand engine , right-hand baffle tie rod is rubbing on oil return line ho . moved right-hand engine baffle tie rod off of oil return line hos",engine; baffle tie rod; oil return line; oil return line ho,rubbing,moved
103771,number 3 intake leaking on right-hand engine . removed and replaced number 3 intake gasket .,intake; engine; intake gasket,leaking,removed; replaced
103772,number 2 intake gasket leaking . replaced intake gasket .,intake gasket,leaking,replaced
103773,both engine baffle plugs worn . replaced plugs .,engine; baffle plugs; plugs,worn,replaced
103774,"top bolt on crankcase has oil leak . removed bolt , applied sealant to bolt and reinstalled bol",bolt; crankcase; oil; sealant,leak,removed; applied; reinstalled
103775,fod on top of engine . removed fod from top of engine,fod; engine,,removed
103776,oil cooler bolt backed off . tightened bolt on the oil cooler,oil cooler bolt; bolt; oil cooler,backed off,tightened
103777,number 4 and 1 intake gasket leaking . removed and replaced intake gaskets .,intake gasket; intake gaskets,leaking,removed; replaced
103778,number 2 rocker cover gasket leaking . removed and replaced number 2 rocker cover gasket .,rocker cover gasket,leaking,removed; replaced
103779,"cracks noted extending from rivet on inside of number ! cylinder baffle . stop drilled cracks on number 1 cylinder baffle , on inside .",rivet; cylinder; baffle,cracks,stop drilled
103780,"engine right-hand rear baffle support bracket loose . removed rear baffle , drilled out rivets on baffle suppo",engine; baffle support bracket; baffle; rivets; baffle suppo,loose,removed; drilled out
103781,number 4 intake leaking . removed and replaced number 4 intake gasket .,intake; intake gasket,leaking,removed; replaced
103782,"damaged grommet for oil pressure switch wire harness through . removed and replaced grommet . inspected wires for damage ,",grommet; oil pressure switch wire harness; wires,damaged,removed; replaced; inspected
103783,"aft left-hand engine baffle cracked , top corner next to cylinder number 4 . stop drilled crack .",engine; baffle; cylinder,cracked; crack,stop drilled
103784,oil collecting on bottom of left-hand nacelle . pooling on interior . inspected . replaced o - ring on engine breather fitting .,oil; nacelle; interior; o - ring; engine breather fitting,collecting,inspected; replaced
103785,"oil collecting on bottom of left-hand nacelle . pooling on interior . added , ran , no leaks or seep found . cowled and",oil; nacelle; interior,collecting; pooling,ran; cowled
103786,oil collecting on bottom of left-hand nacelle . pooling on interior . removed left-hand lower nacelle panel . began visual insp to fahrenheit,oil; nacelle; interior; nacelle panel,collecting,removed; began visual insp
103787,start assist on left-hand engine . started aircraft for pilot .,engine; aircraft,,start assist; started
103788,"during cruise , rpm oversped , highest number seen was 2740 . n . analyzed fdm card data . found to be momentary overspeed",fdm card data,oversped; momentary overspeed; overspeed,analyzed
103789,crew was unable to start left-hand engine . got left-hand engine started for crew .,crew; engine,unable to start,started
103790,"start assist , left-hand engine . started left-hand engine for pilot .",engine,,start assist; started
103791,"engine idle speed at 780 rpm . ran up aircraft , unable to duplicate discrepancy . operations check goo",engine; aircraft,,ran up; operations check
103792,number 2 and 3 intake gaskets leaking on right-hand engine . removed and replaced gaskets .,intake gaskets; engine; gaskets,leaking,removed; replaced
103793,number 2 and 3 cylinder rocker covers leaking . removed and replaced rocker cover gaskets .,cylinder; rocker covers; rocker cover gaskets,leaking,removed; replaced
103794,right-hand engine number 3 intake gasket leaking . removed and replaced gasket .,engine; intake gasket; gasket,leaking,removed; replaced
103795,all valve covers loose . tightened all covers .,valve covers; covers,loose,tightened
103796,"1 baffle button worn . replaced with new , right-hand side .",baffle button,worn,replaced
103797,number 2 intake gasket leaking . removed and replaced number 2 intake gasket .,intake gasket,leaking,removed; replaced
103798,number 4 rocker cover is leaking . removed and replaced gasket .,rocker cover; gasket,leaking,removed; replaced
103799,"forward baffle seal worn , by air filter . applied rtv to worn areas .",baffle seal; air filter; rtv,worn,applied
103800,"left-hand engine , left-hand rear engine baffle cracked . stop drilled crack .",engine; baffle,cracked; crack,stop drilled
103801,right-hand engine number 3 and 4 intake gaskets leaking . removed and replaced gaskets .,engine; intake gaskets; gaskets,leaking,removed; replaced
103802,left-hand engine number 3 intake leaking . removed and replaced intake gasket .,engine; intake; intake gasket,leaking,removed; replaced
103803,"number 2 and 3 rocker cover gaskets leaking , left-hand engine . removed and replaced rocker cover gaskets .",rocker cover gaskets; engine,leaking,removed; replaced
103804,number 3 and 4 intakes leaking . removed and replaced intake gaskets .,intakes; intake gaskets,leaking,removed; replaced
103805,"oil leak at front lower portion of crankcase , near oil seal . ran engine , leak check good .",oil; crankcase; oil seal; engine,leak,ran; leak check
103806,"oil leak at front lower portion of crankcase , near oil seal . replaced crankshaft oil seal in accordance with lycoming . rei",crankcase; oil seal; crankshaft,leak,replaced
103807,screw missing from number 3 side baffle . installed screw .,screw; baffle,missing,installed
103808,number 3 intake tube gasket is leaking . removed and replaced intake gasket .,intake tube gasket; intake gasket,leaking,removed; replaced
103809,number 2 rocker box cover is leaking . removed and replaced rocker cover gasket .,rocker box cover; rocker cover gasket,leaking,removed; replaced
103810,"left-hand engine number 2 forward engine baffle loose . cleaned threads , installed proper screw .",engine; baffle; threads; screw,loose,cleaned; installed
103811,right-hand engine number 1 rocker box cover gasket leaking . replaced gasket with new silicone gasket .,engine; rocker box cover gasket; gasket; silicone gasket,leaking,replaced
103812,right-hand engine number 2 cylinder compression 15 / 80 exhaust leak . removed cylinder from engine . removed both exhaust and intake,engine; cylinder; exhaust; intake,leak,removed
103813,"right-hand engine number 2 cylinder compression 15 / 80 exhaust leak . reinstalled cylinder , torqued to specs . check dry valve clearan",engine; cylinder; exhaust,leak,reinstalled; torqued; check
103814,number 4 intake leaking . removed and replaced intake gasket .,intake; intake gasket,leaking,removed; replaced
103815,number 4 intake gasket leaking . removed and replaced number 4 intake gasket .,intake gasket,leaking,removed; replaced
103816,screw missing on aft number 4 cylinder engine baffle . installed new screw and applicable washers on number 4 cylinder engine,screw; cylinder; cylinder engine; engine; baffle; washers,missing,installed
103817,"crew requested start assist , left-hand engine would not start . started left-hand engine for crew .",engine; crew,would not start,start assist; started
103818,"number 2 , 3 , 4 intake gaskets leaking on left-hand engine . removed and replaced intake gaskets .",intake gaskets; engine,leaking,removed; replaced
103819,number 3 valve cover gasket leaking on left-hand engine . removed and replaced number 3 valve cover gasket .,valve cover gasket; engine,leaking,removed; replaced
103820,"number 1 , 2 , 3 valve cover gaskets leaking on r / h engine . removed and replaced valve cover gaskets .",valve cover gaskets; engine,leaking,removed; replaced
103821,all rocker cover screws are loose . tightened all screws .,rocker cover screws; screws,loose,tightened
103822,number 2 and 4 cylinder intake gaskets leaking . removed and replaced gaskets .,cylinder; intake gaskets; gaskets,leaking,removed; replaced
103823,number 2 and 4 intake leaking . removed and replaced gaskets .,intake; gaskets,leaking,removed; replaced
103824,"number 3 , 4 and 1 intakes are leaking . replaced intake gaskets .",intakes; intake gaskets,leaking,replaced
103825,number 3 rocker cover is leaking . replaced rocker cover gasket .,rocker cover; rocker cover gasket,leaking,replaced
103826,left-hand engine number 3 intake gasket leaking . removed and replaced gasket .,engine; intake gasket; gasket,leaking,removed; replaced
103827,"number 2 intake gasket leaking , right-hand engine . removed and replaced gasket .",intake gasket; engine; gasket,leaking,removed; replaced
103828,"crack in engine baffle , above number 3 cylinder , right-hand engine . stop drilled crack .",engine; baffle; cylinder,crack,stop drilled
103829,left-hand engine cowl seal unsecured above number 4 cylinder . secured cowl seal above number 4 cylinder .,engine; cowl seal; cylinder,,unsecured; secured
103830,right-hand engine primer line chafing on number 2 intake tube . removed and replaced tube . no damage noted on primer line,engine; primer line; intake tube; tube,chafing,removed; replaced
103831,left-hand side baffling on number 3 cylinder cracked . stop drilled crack .,baffling; cylinder,cracked; crack,stop drilled
103832,"baffle seal above number 4 cylinder , left-hand engine , has pulled rivet . resecured baffle seal .",baffle seal; cylinder; engine; rivet,,pulled; resecured
103833,screw missing in number 3 side baffle . installed screw .,screw; baffle,missing,installed
103834,left-hand baffle plug needs to be replaced . installed new plug .,baffle plug; plug,,replaced; installed
103835,number 2 and 3 intake gaskets leaking on left-hand engine . removed and replaced gaskets .,intake gaskets; engine; gaskets,leaking,removed; replaced
103836,number 2 intake gasket leaking on right-hand engine . removed and replaced with new gasket .,intake gasket; engine; gasket,leaking,removed; replaced
103837,loose rivets noted on right-hand side of carb airbox on left-hand engine . removed loose rivets and installed screws .,rivets; carb airbox; engine; screws,loose,removed; installed
103838,number 1 cylinder baffling cracked by alternator belt . stop drilled crack .,cylinder; baffling; alternator belt,cracked; crack,stop drilled
103839,oil cooler support bracket on cylinder number 4 cracked . fabricated new bracket out of like material .,oil cooler support bracket; cylinder; bracket; like material,cracked,fabricated
103840,number 2 intake leaking on right-hand engine . replaced gasket .,intake; engine; gasket,leaking,replaced
103841,number 3 side baffle cracked on right-hand engine . stop drilled crack .,baffle; engine,cracked; crack,stop drilled
103842,number 3 intake leaking on right-hand engine . removed and replaced gasket .,intake; engine; gasket,leaking,removed; replaced
103843,number 2 and 4 intakes leaking on left-hand engine . removed and replaced intake gaskets .,intakes; engine; intake gaskets,leaking,removed; replaced
103844,"number 3 aft baffle cracked on right-hand engine . removed baffle , stop drilled crack , fabricated and instal",baffle; engine,cracked; crack,removed; stop drilled; fabricated
103845,"baffle repair performed on pd number 12 has rivets that are rubbin . removed baffle , removed previously installed patch . fab",baffle; pd; rivets; patch,,repair; removed; installed
103846,number 1 forward baffle seal loose . installed new pop rivet .,baffle seal; pop rivet,loose,installed
103847,number 4 rocker cover gasket leaking . removed and replaced gasket .,rocker cover gasket; gasket,leaking,removed; replaced
103848,number 3 rear baffle screw loose . removed oil filler tube to tighten screw . tightened scr,baffle screw; oil filler tube; screw,loose,removed; tighten; tightened
103849,number 3 intake gasket leaking . replaced gasket .,intake gasket; gasket,leaking,replaced
103850,number 2 intake gasket leaking . removed and replaced gasket .,intake gasket; gasket,leaking,removed; replaced
103851,"baffle seal loose , forward of number 1 cylinder . secured baffle seal .",baffle seal; cylinder,loose,secured
103852,1 baffle plug worn . replaced 1 plug .,baffle plug; 1 plug; plug,worn,replaced
103853,right-hand baffle plug missing . replaced plug .,baffle plug; plug,missing,replaced
103854,right-hand baffle plug missing . installed baffle plug doubler .,baffle plug; baffle plug doubler,missing,installed
103855,right-hand forward baffle has a crack . stop drilled crack .,baffle,crack,stop drilled
103856,crack in right-hand aft engine baffle . stop drilled crack .,engine; baffle,crack,stop drilled
103857,forward right-hand engine baffle seal needs to be resecured . installed pop rivet .,engine; baffle seal; pop rivet,,resecured; installed
103858,left-hand baffle seal on cylinder number 2 has staple pulled through . installed pop rivet .,baffle seal; cylinder; pop rivet,staple pulled through; pulled through,installed
103859,"during flare phase of landing , engine quit . attempted to res . retrieved aircraft from runway .",engine; aircraft,quit,retrieved
103860,"during flare phase of landing , engine quit . attempted to res . performed ground run of engine . tried to perform season",engine,quit,ground run
103861,number 4 induction tube gasket leaking . removed and replaced gasket .,induction tube gasket; gasket,leaking,removed; replaced
103862,oil is leaking from top of right-hand engine cowling . run up leak check good .,oil; engine; cowling,leaking,run up leak check
103863,oil is leaking from top of right-hand engine cowling . insp revealed 3 bolts on backbone leaking . cleaned all,oil; engine; cowling; 3 bolts; bolts; backbone,leaking,insp; cleaned
103864,right-hand side aft baffle seal rivet pulled through . replaced rivet .,baffle seal rivet; rivet,pulled through,replaced
103865,crack noted by nutplate on number 1 cylinder baffle . stop drilled crack .,nutplate; cylinder; baffle,crack,stop drilled
103866,number 3 and 4 intake gaskets leaking . removed and replaced intake gaskets .,intake gaskets,leaking,removed; replaced
103867,"while performing go - around at d 37 on climbout , engine sputter . ran aircraft and performed ground run several times . could not",engine; aircraft,sputter,ran; ground run several times
103868,number 3 and 4 rocker cover gaskets leaking . removed and replaced gaskets .,rocker cover gaskets; gaskets,leaking,removed; replaced
103869,seal worn above air intake . repaired seal .,seal; air intake,worn,repaired
103870,left-hand engine number 4 intake gasket leaking . removed and replaced left-hand engine intake gasket .,engine; intake gasket,leaking,removed; replaced
103871,left-hand engine aft left-hand baffle cracked . inspected left-hand aft baffle crack previously complied with .,engine; baffle,cracked; crack,inspected; complied
103872,"number 4 cylinder intake tube flange worn , left-hand engine . removed and replaced intake tube flange .",cylinder; intake tube; engine; intake tube flange,worn,removed; replaced
103873,right-hand engine number 4 baffle cracked . removed right-hand engine oil cooler from number 4 cylinder baffle . stop dri,engine; baffle; oil cooler; cylinder,cracked,removed
103874,number 4 intake gasket leaking on right-hand engine . removed and replaced number 4 intake gasket on right-hand engine .,intake gasket; engine,leaking,removed; replaced
103875,"number 4 cylinder intake tube needs to be replaced , left-hand engine . removed and replaced left-hand engine number 4 intake tube .",cylinder; intake tube; engine,,replaced; removed
103876,number 2 intake leaking . replaced cylinder number 2 intake gasket .,intake; cylinder; intake gasket,leaking,replaced
103877,number 4 cylinder aft baffle is cracked . stop drilled crack .,cylinder; baffle,cracked; crack,stop drilled
103878,number 2 rocker cover gasket leaking . replaced gasket .,rocker cover gasket; gasket,leaking,replaced
103879,"number 1 , 3 , 4 rocker cover screws loose . tightened rocker cover screws .",rocker cover screws,loose,tightened
103880,number 2 rocker cover leaking . replaced number 2 rocker cover gasket .,rocker cover; rocker cover gasket,leaking,replaced
103881,number 2 cylinder bottom engine baffle seal needs to be secured . secured seal with pop rivet .,cylinder; engine; baffle seal; seal; pop rivet,,secured
103882,"1 , 2 , 3 rocker cover gaskets leaking . removed , cleaned and replaced with new silicone gaskets .",rocker cover gaskets; silicone gaskets,leaking,removed; cleaned; replaced
103883,forward lower seal worn above intake filter housing . installed rtv to worn areas .,seal; intake filter housing; rtv,worn,installed
103884,baffle screw missing above starter . installed new baffle screw and washers .,baffle screw; starter; washers,missing,installed
103885,number 1 cylinder baffling cracked . stop drilled crack .,cylinder baffling,cracked; crack,stop drilled
103886,number 4 intake gasket leaking . replaced gasket .,intake gasket; gasket,leaking,replaced
103887,number 4 rocker cover gasket leaking . removed old gasket and installed new one .,rocker cover gasket; gasket,leaking,removed; installed
103888,"crack extending beyond rivet on number 1 cylinder baffle . removed baffle , cleaned . insp , found paint cracked . ins",rivet; cylinder; baffle; paint,crack; cracked,removed; cleaned; insp
103889,number 2 intake leaking on left-hand engine . removed and replaced gasket .,intake; engine; gasket,leaking,removed; replaced
103890,right-hand engine crankcase lifting eyebolt leaking oil . leak check good .,engine; crankcase lifting eyebolt; oil,leaking,leak check
103891,number 1 rocker cover leaking on right-hand engine . removed and replaced gasket .,rocker cover; engine; gasket,leaking,removed; replaced
103892,number 2 and 3 intakes leaking on right-hand engine . removed and replaced gaskets .,intakes; engine; gaskets,leaking,removed; replaced
103893,number 3 and 4 rocker covers leaking in left-hand engine . removed and replaced gaskets .,rocker covers; engine; gaskets,leaking,removed; replaced
103894,"baffle seal between cylinders 2 and 4 on right-hand engine , loose . resecured baffle seal .",baffle seal; cylinders; engine,loose,resecured
103895,"right-hand engine crankcase lifting eyebolt leaking oil . cleaned area , removed bolt , cleaned and installed bolt and",engine; crankcase lifting eyebolt; oil; bolt,leaking,cleaned; removed; installed
103896,"2 , 3 , 4 rocker cover gaskets leaking . removed and replaced rocker cover gaskets .",rocker cover gaskets,leaking,removed; replaced
103897,number 1 side baffle bent . straightened baffle .,baffle,bent,straightened
103898,"number 1 baffle bent . removed baffle , straightened baffle and reinstalled .",baffle,bent,removed; straightened; reinstalled
103899,some rocker cover screws loose . tightened all rocker cover screws .,rocker cover screws,loose,tightened
103900,number 2 and 4 intake gaskets leaking . removed and replaced intake gaskets .,intake gaskets,leaking,removed; replaced
103901,excessive free play noted between pilot and copilot yokes with a . adjusted center turnbuckle on control column and adjusted,copilot yokes; center turnbuckle; control column,excessive free play,adjusted
103902,bottom of oil cooler needs sealant replaced between cooler and . installed sealant .,oil cooler; sealant; cooler,,replaced; installed
103903,intercylinder baffle tension wire chafing on number 1 cylinder oil retu . put bend in baffle tensioner wire to avoid oil return l,intercylinder baffle tension wire; baffle tension wire; cylinder; oil retu; baffle tensioner wire; oil return,bend; chafing,put
103904,both baffle buttons worn . installed new plugs,baffle buttons; plugs,worn,installed
103905,"number 1 cylinder compression low , 25 pounds . coming from exhaust . ran aircraft , operations and leak check good",cylinder; aircraft,low; coming from exhaust,ran; operations; leak check
103906,"number 1 cylinder compression low , 25 pounds . coming from exhaust . removed cylinder , found bent exhaust valve . installed r",cylinder; exhaust valve,low; bent; coming from exhaust,removed; installed
103907,"front baffle seal needs rtv , above engine inlet . installed rtv to seal .",baffle seal; rtv; inlet; seal,,installed
103908,"number 4 , 1 and 3 rocker covers leaking . removed and replaced gaskets .",rocker covers; gaskets,leaking,removed; replaced
103909,left-hand engine number 4 cylinder baffle seal staple pulled through . replaced staple with pop rivet,engine; cylinder; staple; pop rivet,pulled through,replaced
103910,"number 1 and number 3 rocker covers leaking . removed , cleaned , installed new silicone gaskets",rocker covers; silicone gaskets,leaking,removed; cleaned; installed
103911,right-hand engine number 3 intake gasket leaking . removed and replaced number 3 intake gasket on right-hand engine,engine; intake gasket,leaking,removed; replaced
103912,"excessive engine vibration on departure climbout . vibration . ran aircraft , idle rpm and mixture and magneto checks good ran",engine; aircraft,vibration,ran; magneto checks
103913,cylinder number 2 and 4 intake gaskets leaking . replaced cylinder number 2 and 4 intake gaskets,cylinder; intake gaskets,leaking,replaced
103914,number 3 intake gasket leaking . removed and replaced intake gasket .,intake gasket,leaking,removed; replaced
103915,"number 1 , 2 , 4 rocker cover gaskets leaking . removed and replaced rocker cover gaskets .",rocker cover gaskets,leaking,removed; replaced
103916,number 1 cylinder bottom baffle seal rivet pulled through . installed new pop rivet .,cylinder; baffle seal rivet; pop rivet,pulled through,installed
103917,"2 , 3 , 4 rocker cover gaskets leaking . removed old gaskets , cleaned and installed new silicone g",rocker cover gaskets; gaskets,leaking,removed; cleaned; installed
103918,number 4 intake leaking on left-hand engine . removed and replaced gasket .,intake; engine; gasket,leaking,removed; replaced
103919,number 3 rocker cover leaking on right-hand engine . replaced rocker cover gasket .,rocker cover; engine; rocker cover gasket,leaking,replaced
103920,number 3 cylinder top baffling has a crack . stop drilled crack .,cylinder; baffling,crack,stop drilled
103921,number 2 and 4 ignition top leads need to be secured . secured leads .,ignition; leads,,secured
103922,number 2 intake gasket leaking . removed and replaced number 2 intake gasket .,intake gasket,leaking,removed; replaced
103923,number 1 and 2 intake gaskets leaking . removed and replaced gaskets .,intake gaskets; gaskets,leaking,removed; replaced
103924,number 2 intake leaking . removed and replaced intake gasket .,intake; intake gasket,leaking,removed; replaced
103925,number 2 forward side baffle seal disconnected . reattached using pop rivets .,baffle seal; pop rivets,,disconnected; reattached
103926,"missing screw on engine baffle aft and next to cylinder number 3 , screw moun . installed screw .",screw; engine; baffle; cylinder; screw moun,missing,installed
103927,right-hand engine number 2 intake gasket leaking . replaced gasket .,engine; intake gasket; gasket,leaking,replaced
103928,left-hand engine number 2 and 4 rocker gaskets are leaking . removed and replaced gaskets .,engine; rocker gaskets; gaskets,leaking,removed; replaced
103929,"left-hand engine number 2 , 3 , 4 intake gaskets are leaking . removed and replaced gaskets .",engine; intake gaskets; gaskets,leaking,removed; replaced
103930,right-hand engine number 3 and 4 rocker gaskets are leaking . removed and replaced gaskets .,engine; rocker gaskets; gaskets,leaking,removed; replaced
103931,left-hand engine intake screen worn . ordered part .,engine; intake screen,worn,ordered
103932,left-hand engine intake screen worn . installed new screen .,engine; intake screen; screen,worn,installed
103933,number 2 induction tube gasket leaking . installed new intake gasket .,induction tube gasket; intake gasket,leaking,installed
103934,intake gasket cylinder number 1 leaking . removed and replaced intake gasket .,intake gasket; cylinder,leaking,removed; replaced
103935,experienced engine roughness and momentary power hesitation . a . performed engine run up and noted excessive rpm rise at idle,engine,roughness; momentary power hesitation; excessive rpm rise,run up
103936,experienced engine roughness and momentary power hesitation . a . reinstalled cowling and performed engine run noting idle spe,engine; cowling,roughness; momentary power hesitation,reinstalled
103937,right-hand engine number 2 intake is leaking . removed and replaced right-hand engine number 2 intake gasket .,engine; intake; intake gasket,leaking,removed; replaced
103938,right-hand engine number 1 rocker cover is leaking . removed and replaced right-hand engine number 1 rocker cover gasket .,engine; rocker cover; rocker cover gasket,leaking,removed; replaced
103939,cylinder number 2 intake gasket is leaking . removed and replaced gasket with new .,cylinder; intake gasket; gasket,leaking,removed; replaced
103940,number 2 and 4 intake gaskets leaking on left-hand engine . removed and replaced intake gaskets .,intake gaskets; engine,leaking,removed; replaced
103941,number 1 and 2 rocker cover gaskets leaking on left-hand engine . removed and replaced rocker covers .,rocker cover gaskets; engine; rocker covers,leaking,removed; replaced
103942,"pilot reported that cylinder number 1 forward baffle seal needed to be look . looked at baffle seal , repositioned , checked good",cylinder; baffle seal,,looked; repositioned; checked
103943,all rocker cover screws loose . tightened all screws on rocker covers .,rocker cover screws; screws; rocker covers,loose,tightened
103944,right-hand engine number 1 cylinder has low compression 5 / 80 . leak check good .,engine; cylinder,low,leak check
103945,right-hand engine number 3 cylinder has low compression 20 / 80 . leak check good .,engine; cylinder,low,leak check
103946,right-hand engine number 4 baffle cracked at oil cooler . stop drilled crack .,engine; baffle; oil cooler,cracked; crack,stop drilled
103947,number 4 cylinder baffle seal rivet pulled through . resecured baffle seal .,cylinder; baffle seal rivet; rivet; baffle seal,pulled through,resecured
103948,right-hand engine number 1 and 3 intakes are leaking . removed and replaced gaskets .,engine; intakes; gaskets,leaking,removed; replaced
103949,right-hand engine number 1 cylinder has low compression 5 / 80 . removed cylinder and piston assembly . started installation of,engine; cylinder; piston assembly,low,removed; started installation
103950,right-hand engine number 1 cylinder has low compression 5 / 80 . finished installing cylinder in accordance with lycoming overh,engine; cylinder,low,finished installing
103951,right-hand engine number 3 cylinder has low compression 20 / 80 . removed cylinder and piston assembly . started installation of,engine; cylinder; piston assembly,low,removed; started installation
103952,right-hand engine number 3 cylinder has low compression 20 / 80 . finished installing cylinder in accordance with lycoming overh,engine; cylinder,low,finished installing
103953,number 3 rocker cover missing a screw . installed new screw .,rocker cover; screw,missing,installed
103954,baffle screw missing on right-hand side by oil dipstick housing . installed new screw .,baffle screw; oil dipstick housing; screw,missing,installed
103955,"1 , 2 , 3 rocker cover gaskets leaking . removed and replaced rocker cover gaskets .",rocker cover gaskets,leaking,removed; replaced
103956,number 4 intake gasket leaking . removed and replaced intake gasket .,intake gasket,leaking,removed; replaced
103957,"while taxiing , engine quit and could not restart . started aircraft several times using normal procedures . perf",engine; aircraft,quit; could not restart,started
103958,engine baffle patch cracked above number 4 cylinder . stop drilled crack .,engine; baffle patch; cylinder,cracked; crack,stop drilled
103959,"on run up ; right-hand engine , left-hand magneto failed magneto check . cylinder number 1 had no tem . recowled right-hand engine .",engine; magneto; cylinder,failed; no tem,magneto check; recowled
103960,"on run up ; right-hand engine , left-hand magneto failed magneto check . cylinder number 1 had no tem . ran aircraft , operations and leak check good .",engine; magneto; cylinder; aircraft,failed; no tem,magneto check; ran; operations; leak check
103961,"on run up ; right-hand engine , left-hand magneto failed magneto check . cylinder number 1 had no tem . found cylinder number 1 top and bottom plugs wet with oil and electrode",engine; magneto; cylinder; plugs,failed; no tem; wet with oil,magneto check
103962,"on run up ; right-hand engine , left-hand magneto failed magneto check . cylinder number 1 had no tem . performed ground run , found right-hand engine to run rough anytim",engine; magneto; cylinder,failed; no tem; run rough anytim,magneto check; ground run
103963,"on run up ; right-hand engine , left-hand magneto failed magneto check . cylinder number 1 had no tem . removed and replaced cylinder assembly , dry tappet clearance checked",engine; magneto; cylinder; cylinder assembly,failed; no tem,magneto check; removed; replaced; checked
103964,left engine number 2 intake leaking . removed and replaced gasket .,engine; intake; gasket,leaking,removed; replaced
103965,"on run up , observed engine roughness . consistant with sticking . reamed number 4 exhaust guide in accordance with lycoming .",engine; exhaust guide,roughness; sticking,reamed
103966,screw missing from cylinder number 2 forward baffle . installed new screw .,screw; cylinder; baffle,missing,installed
103967,number 4 intake gasket leaking . removed and replaced gasket .,intake gasket; gasket,leaking,removed; replaced
103968,number 1 rocker cover gasket leaking . removed and replaced gasket .,rocker cover gasket; gasket,leaking,removed; replaced
103969,"number 2 , 3 , 4 intake gaskets leaking . removed and replaced intake gaskets .",intake gaskets,leaking,removed; replaced
103970,right-hand number 1 cylinder baffle has a crack . stop drilled crack .,cylinder; baffle,crack,stop drilled
103971,right-hand number 2 and 4 rocker gaskets are leaking . replaced gaskets .,rocker gaskets; gaskets,leaking,replaced
103972,right-hand number 3 and 4 intake gaskets are leaking . replaced gaskets .,intake gaskets; gaskets,leaking,replaced
103973,number 2 cylinder bottom front baffling has a crack . stop drilled crack .,cylinder; baffling,crack,stop drilled
103974,left-hand engine had c clip in oil screen . removed left-hand engine and propeller .,engine; c clip; oil screen; propeller,,removed
103975,right-hand number 3 rear and number 4 side baffle seals torn . replaced number 3 baffle seal and resecured number 4 side .,baffle seals; baffle seal,torn,replaced; resecured
103976,left-hand engine had c clip in oil screen . no other fod or defects noted .,engine; c clip; oil screen,,
103977,"left-hand engine had c clip in oil screen . disassembled , inspected , verified that snap ring was miss",engine; c clip; oil screen; snap ring,miss,disassembled; inspected; verified
103978,"left-hand engine had c clip in oil screen . installed propeller , but is not torqued or safetied . install",engine; c clip; oil screen; propeller,not torqued,installed; safetied; install
103979,left-hand engine had c clip in oil screen . prepped engine for installation . fixed left-hand aft lower ba,engine; c clip; oil screen,,prepped; fixed
103980,"left-hand engine had c clip in oil screen . continued installation . safetied propeller , timed magnetos t",engine; c clip; oil screen; propeller; magnetos t,,continued installation; safetied; timed
103981,"cylinder number 1 , 2 and 3 intake gaskets are leaking . removed and replaced intake gaskets .",cylinder; intake gaskets,leaking,removed; replaced
103982,cylinder number 1 rocker cover gasket is leaking . removed and replaced rocker cover gasket .,cylinder; rocker cover gasket,leaking,removed; replaced
103983,number 4 intake gasket on left-hand engine leaking . removed and replaced gasket .,intake gasket; engine; gasket,leaking,removed; replaced
103984,number 3 rocker cover gasket leaking on right-hand engine . removed and replaced gasket .,rocker cover gasket; engine; gasket,leaking,removed; replaced
103985,primer line clamp on number 4 intake tube of left-hand engine loose . tightened clamp .,clamp; intake tube; engine,loose,tightened
103986,"number 2 , 3 , 4 intake gaskets leaking on right-hand engine . removed and replaced intake gaskets on right-hand engine .",intake gaskets; engine,leaking,removed; replaced
103987,"chafing damage noted on number 3 intake tube , by primer line . inspected number 3 intake tube and primer line on right-hand engine no",intake tube; primer line; engine,chafing damage,inspected
103988,engine scroll dirty . cleaned engine scroll .,engine scroll,dirty,cleaned
103989,cylinder number 3 and 4 intake gaskets leaking . removed and replaced intake gasket .,cylinder; intake gaskets; intake gasket,leaking,removed; replaced
103990,right-hand engine number 2 intake leaking . replaced gasket .,engine; intake; gasket,leaking,replaced
103991,cylinder number 1 and 3 intake gaskets are leaking . removed and replaced gaskets .,cylinder; intake gaskets; gaskets,leaking,removed; replaced
103992,cylinder number 2 rocker cover gasket is leaking . removed and replaced rocker cover gasket .,cylinder; rocker cover gasket,leaking,removed; replaced
103993,left-hand inboard cylinder baffling connecting rod is broken . removed and replaced connecting rod .,cylinder baffling connecting rod; connecting rod,broken,removed; replaced
103994,left engine will not start hot . started both engines using normal procedures . shutdown,left engine; both engines,will not start hot,started; shutdown
103995,forward engine black cowling seal wearing at filter . installed black rtv in worn areas .,engine; black cowling seal; filter; black rtv,worn; wearing,installed
103996,number 3 rocker gasket is leaking . replaced gasket .,rocker gasket; gasket,leaking,replaced
103997,all 4 intake gaskets are leaking . replaced gaskets .,intake gaskets; gaskets,leaking,replaced
103998,"cylinder number 1 , 2 and 4 rocker cover gaskets are leaking . removed and replaced rocker cover gaskets .",cylinder; rocker cover gaskets,leaking,removed; replaced
103999,number 4 rocker cover leaking . replaced rocker cover gasket .,rocker cover; rocker cover gasket,leaking,replaced
104000,number 4 cylinder intake gasket leaking . removed and replaced intake gasket .,cylinder; intake gasket,leaking,removed; replaced
104001,number 2 intake gasket leaking . removed and replaced gasket .,intake gasket; gasket,leaking,removed; replaced
104002,number 2 rocker cover gasket leaking . removed and replaced gasket .,rocker cover gasket; gasket,leaking,removed; replaced
104003,engine forward seal black worn spots at air inlet . applied rtv to areas .,engine; seal; air inlet; rtv,worn,applied
104004,number 1 rocker cover gasket leaks . removed and replaced gasket .,rocker cover gasket; gasket,leaks,removed; replaced
104005,cylinder number 1 rocker cover gasket is leaking . removed and replaced rocker cover gasket .,cylinder; rocker cover gasket,leaking,removed; replaced
104006,"number 4 rocker cover gasket leaking . removed cover , cleaned and installed new silicone gasket .",rocker cover gasket; cover; silicone gasket,leaking,removed; cleaned; installed
104007,significant amount of oil leaking from number 4 cylinder area . removed and replaced number 4 cylinder rocker cover gasket . ran engi,oil; cylinder; rocker cover gasket,leaking,removed; replaced; ran
104008,small leak noted on upper engine crankcase backbone . removed bolt on upper crankcase backbone and applied high,engine; crankcase backbone; bolt,leak,removed; applied
104009,number 2 intake leaking . removed and replaced gasket .,intake; gasket,leaking,removed; replaced
104010,cylinder number 2 rocker cover gasket is leaking . removed and replaced rocker gasket .,cylinder; rocker cover gasket; rocker gasket,leaking,removed; replaced
104011,number 4 intake gasket leaking . replaced number 4 intake gasket .,intake gasket,leaking,replaced
104012,number 4 rocker cover gasket leaking . removed and replaced gasket .,rocker cover gasket; gasket,leaking,removed; replaced
104013,"number 2 , 3 and 4 intake gaskets leaking . removed and replaced intake gaskets .",intake gaskets,leaking,removed; replaced
104014,left-hand aft engine baffle cracked . stop drilled crack and repaired baffle by patching .,engine; baffle,cracked; crack,stop drilled; repaired; patching
104015,"rocker cover gaskets , cylinder number 2 and 3 , leaking . removed and replaced rocker cover gaskets .",rocker cover gaskets; cylinder,leaking,removed; replaced
104016,number 4 intake gasket is leaking . replaced gasket .,intake gasket; gasket,leaking,replaced
104017,number 3 and 4 rocker gaskets leaking . replaced both gaskets .,rocker gaskets; gaskets,leaking,replaced
104018,number 1 cylinder baffling has a crack . stop drilled crack .,cylinder baffling,crack,stop drilled
104019,left-hand side baffle plug has broken tabs . replaced with new baffle plug .,baffle plug; tabs,broken,replaced
104020,number 2 intake leaking on right-hand engine . removed and replaced gasket .,intake; engine; gasket,leaking,removed; replaced
104021,cylinder number 1 intake gasket leaking . removed and replaced intake gasket .,cylinder; intake gasket,leaking,removed; replaced
104022,"cracked right-hand side engine baffle , next to cylinder number 1 . stop drilled crack .",engine; baffle; cylinder,cracked; crack,stop drilled
104023,"number 3 , 4 rocker cover gaskets leaking . removed and replaced gaskets .",rocker cover gaskets; gaskets,leaking,removed; replaced
104024,crew requested start assist . started engine for crew .,crew; engine,,start assist; started
104025,number 4 rocker cover gasket leaking . removed and replaced gasket .,rocker cover gasket; gasket,leaking,removed; replaced
104026,number 2 intake gasket leaking . removed and replaced number 2 intake gasket .,intake gasket,leaking,removed; replaced
104027,"previous patch repair for number 4 cylinder baffle , cracked . fabricated new baffle patch repair out of like material",patch; cylinder; baffle; baffle patch; like material,cracked,repair; fabricated
104028,"leak noted by oil return line , by accessory case . removed oil return line at accessory case fitting . tigh",oil return line; accessory case,leak,removed; fitting
104029,number 1 intake tube gasket leaking . installed new intake gasket .,intake tube gasket; intake gasket,leaking,installed
104030,all rocker cover screws loose . tightened screws .,rocker cover screws; screws,loose,tightened
104031,number 4 aft baffle cracked . replaced with repaired baffle .,baffle,cracked,replaced
104032,right-hand engine number 2 intake gasket is leaking . replaced intake gasket .,engine; intake gasket,leaking,replaced
104033,number 3 aft baffle cracked . repaired with riveted patch and installed baffle .,baffle; patch,cracked,repaired; riveted; installed
104034,right-hand engine number 3 aft baffle seal torn . applied rubber silicone to torn baffle seals .,engine; baffle seal; rubber silicone; baffle seals,torn,applied
104035,left-hand oil cooler needs to be replaced . installed overhauled oil cooler,oil cooler,,replaced; installed
104036,left-hand engine number 4 rear baffle has small crack and baffle seal torn . stop drilled crack and replaced section of baffle seal .,engine; baffle; baffle seal,crack; torn,stop drilled; replaced
104037,nose landing gear upper cover installed incorrectly . repositioned cover to correct position .,nose landing gear upper cover; cover,,installed; repositioned
104038,"right-hand engine inboard aft baffle at upper inboard oil cooler cracked . after further insp , found part to have previously been",engine; baffle; oil cooler,cracked,further insp
104039,number 3 cylinder rocker cover gasket is leaking . removed and replaced rocker cover gasket .,cylinder; rocker cover gasket,leaking,removed; replaced
104040,cylinder number 2 rocker cover gasket is leaking . removed and replaced gasket .,cylinder; rocker cover gasket; gasket,leaking,removed; replaced
104041,"during climb out , observed momentary rpm drop aroun . ran up aircraft , could not duplicate discrepancy . operations check goo",aircraft,momentary rpm drop aroun,ran up; operations check
104042,number 3 intake leaking on left-hand engine . removed and replaced gasket with new .,intake; engine; gasket,leaking,removed; replaced
104043,small crack noted by bolt on number 1 cylinder baffle of right-hand engine . stop drilled crack .,bolt; cylinder; baffle; engine,crack,stop drilled
104044,small crack noted on right-hand aft baffle of right-hand engine on inboard sid . stop drilled crack .,baffle; engine; sid,crack,stop drilled
104045,chafing noted on right-hand engine starter wire by throttle cable o . applied high temperature silicone .,engine; starter wire; throttle cable; high temperature silicone,chafing,applied
104046,"number 1 , 2 , 3 , 4 intake gaskets leaking on right-hand engine . removed and replaced right-hand engine intake gaskets .",intake gaskets; engine,leaking,removed; replaced
104047,number 4 intake leaking . removed and replaced intake .,intake,leaking,removed; replaced
104048,left baffle inner tie wire misrouted . rerouted baffle tie rod .,baffle inner tie wire; baffle tie rod,,rerouted
104049,number 2 and 4 intake gaskets leaking . removed and replaced gaskets with new .,intake gaskets; gaskets,leaking,removed; replaced
104050,cylinder number 4 intake gasket leaking . removed and replaced intake gasket .,cylinder; intake gasket,leaking,removed; replaced
104051,"left-hand engine number 3 , 2 , 4 rocker cover gaskets are leaking . removed and replaced gaskets .",engine; rocker cover gaskets; gaskets,leaking,removed; replaced
104052,"right-hand engine number 1 , 2 , 4 has leaking rocker cover gaskets . removed and replaced gaskets .",engine; rocker cover gaskets; gaskets,leaking,removed; replaced
104053,right-hand engine oil pressure setting adjuster safety wire is loos . removed old safety wire and resafetied .,engine; oil pressure setting adjuster safety wire; adjuster safety wire; safety wire,,removed; resafetied
104054,right-hand engine number 3 intake tube gasket leaking . installed new intake gasket .,engine; intake tube gasket; intake gasket,leaking,installed
104055,"number 2 , 3 , 4 intake gaskets leaking on left-hand engine . removed and replaced left-hand engine intake gaskets .",intake gaskets; engine,leaking,removed; replaced
104056,adel clamp for mixture and throttle cables on right-hand side of uppe . removed and replaced adel clamp .,adel clamp; throttle cables,,removed; replaced
104057,zip ties used on left-hand and right-hand engine mount in place of lacing c . reattached cable and hoses with lacing cord .,zip ties; engine mount; lacing c; cable; hoses; lacing cord,,reattached
104058,"number 2 rocker box cover gasket leaking . removed rocker box cover , cleaned mating surfaces and gas",rocker box cover gasket; rocker box cover; mating surfaces; gas,leaking,removed; cleaned
104059,cracks noted by relief hole on aft number 4 cylinder baffle . stop drilled cracks .,relief hole; cylinder; baffle,cracks,stop drilled
104060,"crack noted on underside of number 1 engine cylinder baffle , by nuts . stop drilled crack .",engine; cylinder; baffle; nuts,crack,stop drilled
104061,oil cooler outboard cylinder bracket cracked . fabricated new bracket out of like material referencing,oil cooler; cylinder bracket; bracket; like material referencing,cracked,fabricated
104062,number 2 intake gasket is leaking . removed and replaced intake gasket .,intake gasket,leaking,removed; replaced
104063,left-hand oil cooler needs to be changed . leak check good .,oil cooler,,changed; leak check
104064,right-hand oil cooler needs to be changed . leak check good .,oil cooler,,changed; leak check
104065,left-hand oil cooler needs to be changed . removed cooler .,oil cooler; cooler,,changed; removed
104066,right-hand oil cooler needs to be changed . removed oil cooler .,oil cooler,,changed; removed
104067,baffle bracket by oil cooler is cracked . removed and replaced bracket .,baffle bracket; oil cooler; bracket,cracked,removed; replaced
104068,right-hand oil cooler needs to be changed . installed new oil cooler,oil cooler,,changed; installed
104069,"left-hand engine , left rear baffle is cracked . removed and replaced baffling section .",engine; baffle; baffling section,cracked,removed; replaced
104070,left-hand oil cooler needs to be changed . swapped fittings to overhauled cooler,oil cooler; fittings,,changed; swapped
104071,"right-hand engine , right-hand rear baffle is cracked . inspected and found cracks . made patch out of like materi",engine; baffle; patch; like materi,cracked; cracks,inspected; made
104072,number 2 cylinder intake gasket is leaking . removed intake tube and gasket . cleaned intake tube and cylinder,cylinder; intake gasket; intake tube; gasket,leaking,removed; cleaned
104073,number 3 cylinder baffle plug missing . installed new plug .,cylinder; baffle plug; plug,missing,installed
104074,"rpm drop at 2000 rpm on downwind accompanied by vibration 2 . ran up engine . magneto drops , idle speed and mixture check good .",engine,rpm drop; vibration,ran up; mixture check
104075,intake gasket cylinder number 2 leaking . removed and replaced intake gasket .,intake gasket; cylinder,leaking,removed; replaced
104076,number 2 and 4 rocker covers are leaking . removed and replaced gaskets .,rocker covers; gaskets,leaking,removed; replaced
104077,cylinder number 2 and 4 rocker cover gaskets are leaking . removed and replaced rocker cover gaskets .,cylinder; rocker cover gaskets,leaking,removed; replaced
104078,"cylinder number 4 intake gasket is leaking . removed number 4 cylinder intake tube , cleaned intake tube and flange",cylinder; intake gasket; intake tube,leaking,removed; cleaned
104079,number 2 intake is leaking . removed and replaced gasket .,intake; gasket,leaking,removed; replaced
104080,number 3 rocker cover is leaking . removed and replaced gasket .,rocker cover; gasket,leaking,removed; replaced
104081,"number 4 cylinder has no compression 0 / 80 , air coming out exhaus . clearance within specs .",cylinder,no compression; air coming out exhaus,
104082,"number 4 cylinder has no compression 0 / 80 , air coming out exhaus . removed number 4 cylinder lueco .",cylinder; cylinder lueco,no compression; air coming out exhaus,removed
104083,"number 4 cylinder has no compression 0 / 80 , air coming out exhaus . ran aircraft , operations and leak check good .",cylinder; aircraft,no compression; air coming out exhaus,ran; operations; leak check
104084,"number 4 cylinder has no compression 0 / 80 , air coming out exhaus . installed and torqued cylinder base nut . tappet clearance too",cylinder; cylinder base nut,no compression; air coming out exhaus,installed; torqued
104085,"number 4 cylinder has no compression 0 / 80 , air coming out exhaus . installed baffles , exhaust , intake , drain tube , plugs ,",cylinder; baffles; exhaust; intake; drain tube; plugs,no compression; air coming out exhaus,installed
104086,"number 4 cylinder has no compression 0 / 80 , air coming out exhaus . installed number 29 push rods , found to be out of limits . ins",cylinder; number 29 push rods,no compression; out of limits; air coming out exhaus,installed; found
104087,"number 4 cylinder has no compression 0 / 80 , air coming out exhaus . installed new - 29 push rod , verified proper gap and began",cylinder; 29 push rod,no compression; air coming out exhaus,installed; verified
104088,"forward lower black seal worn , above air intake . patched forward lower black seal above air intake .",black seal; air intake,worn,patched
104089,crack at forward baffle by heat inlet . stop drilled crack at forward baffle by heat inlet on aft service instruction,baffle; heat inlet,crack,stop drilled
104090,"during takeoff at ckn , engine ran very rough for 3 seconds with fu . run up hot no loss in power or rough running . removed p",engine,ran very rough,run up hot; removed
104091,"during takeoff at ckn , engine ran very rough for 3 seconds with fu . run up 2 nd time for phase , no defects noted and compres",engine,ran very rough,run up 2 nd time
104092,lower forward seal needs rtv above engine intake . filled in areas with rtv .,seal; rtv; engine; intake,,filled
104093,"number 3 intake gasket leaking . removed gasket , cleaned collar and installed new gasket .",intake gasket; gasket; collar,leaking,removed; cleaned; installed
104094,number 3 intake leaking . removed and replaced intake gasket .,intake; intake gasket,leaking,removed; replaced
104095,number 4 rocker cover leaking . removed and replaced rocker cover gasket .,rocker cover; rocker cover gasket,leaking,removed; replaced
104096,"when rpm set in idle range , engine kicks and sputters as if fu . ran aircraft and leak checked . installed chin cowl . leak checked g",engine kicks; aircraft; chin cowl,,ran; leak checked; installed
104097,cylinder number 4 intake gasket is leaking . removed and replaced gasket .,cylinder; intake gasket; gasket,leaking,removed; replaced
104098,cylinder number 1 and 2 rocker cover gaskets are leaking . removed and replaced rocker cover gaskets .,cylinder; rocker cover gaskets,leaking,removed; replaced
104099,number 2 intake gasket is leaking . removed and replaced intake gasket .,intake gasket,leaking,removed; replaced
104100,"seasonal idle and mixture adjustment is needed . ran aircraft , no adjustment needed .",seasonal idle; aircraft,,mixture adjustment; ran
104101,number 1 and 2 rocker covers leaking on left-hand engine . removed and replaced gaskets .,rocker covers; engine; gaskets,leaking,removed; replaced
104102,right-hand engine cylinder number 3 intake gasket leaking . removed and replaced intake gasket .,engine; cylinder; intake gasket,leaking,removed; replaced
104103,"seal loose on engine cowl , above left-hand and right-hand oil coolers blac . resecured seal on lower engine cowls , left-hand and right-hand , above",seal; engine; cowl; oil coolers; cowls,loose,resecured
104104,"rocker cover gaskets 1 , 2 , 3 and 4 leaking on right-hand engine . removed and replaced rocker cover gaskets .",rocker cover gaskets; engine,leaking,removed; replaced
104105,number 4 intake leaking . removed and replaced intake gasket .,intake; intake gasket,leaking,removed; replaced
104106,rocker cover gasket cylinder number 2 leaking . replaced gasket .,rocker cover gasket; cylinder; gasket,leaking,replaced
104107,"upon go - around , engine made a sputtering noise for 3 secs . c . ran aircraft , all checks good . no sputtering during run up .",engine; aircraft,sputtering noise,ran; checks
104108,"after start , engine ran consistently rough . leak check good on magneto and fuel pump . installed cowling .",engine; magneto; fuel pump; cowling,ran consistently rough,leak check; installed
104109,"after start , engine ran consistently rough . ran aircraft and confirmed discrepancy . idle was at 800 rpm and no id",engine; aircraft,ran consistently rough,ran; confirmed
104110,"after start , engine ran consistently rough . removed and replaced engine driven fuel pump",engine; fuel pump,ran consistently rough,removed; replaced
104111,left-hand engine baffle tie rods bad . installed new baffle tie rods .,engine; baffle tie rods,bad,installed
104112,"left-hand engine , right-hand rear engine baffle cracked . stop drilled crack .",engine; baffle,cracked; crack,stop drilled
104113,"right-hand engine , right-hand baffle tie rod is broken . removed and replaced tie rod .",engine; baffle tie rod; tie rod,broken,removed; replaced
104114,"left-hand engine , left-hand rear engine baffle seal loose . reattached engine baffle seal .",engine; baffle seal,loose,reattached
104115,baffling bracket by oil cooler has crack on right-hand engine . stop drilled crack .,baffling bracket; oil cooler; engine,crack,stop drilled
104116,"compression check required . left-hand : number 1 - 78 , number 2 - 79 , number 3 - 79 , number 4 - 78 ; right-hand : number 1 - 78 , number 2 - 79 , number 3 -",,,compression check
104117,cylinder number 2 baffle screw missing left-hand engine . installed screw .,cylinder; baffle screw; engine; screw,missing,installed
104118,"cylinder number 4 of left-hand engine , baffle seal is loose . secured engine baffle .",cylinder; engine; baffle seal; baffle,loose,secured
104119,cylinder number 4 intake gasket is leaking . removed and replaced number 4 intake gasket .,cylinder; intake gasket,leaking,removed; replaced
104120,"intake gaskets number 2 , 3 , 4 are leaking . removed and replaced gaskets .",intake gaskets; gaskets,leaking,removed; replaced
104121,"failed magneto check on run up . tried fouled plug procedure , rpm wa . ran aircraft , performed ground run . all parameters within chec",aircraft,failed,magneto check; tried; ran; ground run
104122,"during override check , engine ran rough . 200 to 1200 engine rpm . adjusted idle rpm , operations check good .",engine,ran rough,adjusted; operations check
104123,number 2 cylinder intake gasket leaking . replaced gasket .,cylinder; intake gasket; gasket,leaking,replaced
104124,number 4 rocker cover screw missing . installed new screw .,rocker cover screw; screw,missing,installed
104125,number 3 cylinder side baffle screw missing . installed new screw .,cylinder; baffle screw; screw,missing,installed
104126,number 2 and 4 intakes leaking . removed and replaced intake gaskets .,intakes; intake gaskets,leaking,removed; replaced
104127,"engine ran rough during run up . ran up aircraft , operations check good .",engine; aircraft,ran rough,ran up; operations check
104128,engine ran rough during run up . performed compression check on all cylinders ; all check good .,engine; cylinders,ran rough,compression check
104129,"aircraft needs run up for final checks before being sold . ran aircraft , adjusted idle speeds to match left-hand and right-hand sides .",aircraft,,run up; final checks; ran; adjusted
104130,cylinder number 3 intake gasket is leaking . removed and replaced gasket with new .,cylinder; intake gasket; gasket,leaking,removed; replaced
104131,"aft baffle , right-hand side of engine , has sheared rivet . removed baffle , replaced rivets with screws and reinstalled",baffle; engine; rivet; rivets; screws,sheared,removed; replaced; reinstalled
104132,"cylinder number 2 , 3 intake gaskets are leaking . removed and replaced gaskets .",cylinder; intake gaskets; gaskets,leaking,removed; replaced
104133,cylinder number 4 rocker cover gasket is leaking . removed and replaced rocker cover gasket .,cylinder; rocker cover gasket,leaking,removed; replaced
104134,number 2 intake leaking . removed and replaced intake gaskets .,intake; intake gaskets,leaking,removed; replaced
104135,baffle plug is damaged . removed and replaced baffle plug .,baffle plug,damaged,removed; replaced
104136,left-hand engine baffle seal loose . replaced rivet on baffle seal .,engine; baffle seal; rivet,loose,replaced
104137,baffle cracked on right-hand engine number 1 cylinder . stop drilled crack .,baffle; engine; cylinder,cracked; crack,stop drilled
104138,"left-hand engine cylinder number 3 and 4 intake gaskets are leaking . removed , cleaned and replaced with new gaskets .",engine; cylinder; intake gaskets; gaskets,leaking,removed; cleaned; replaced
104139,engine quit on landing and during engine shutdown . ran up aircraft and was unable to duplicate discrepancy . operations c,engine; landing; aircraft,quit; shutdown,ran up; operations
104140,number 1 and 2 intakes leaking on left-hand engine . removed and replaced gaskets .,intakes; engine; gaskets,leaking,removed; replaced
104141,number 2 rocker cover leaking on right-hand engine . removed and replaced gasket .,rocker cover; engine; gasket,leaking,removed; replaced
104142,right-hand engine number 2 intake leaks . removed and replaced gasket .,engine; intake; gasket,leaks,removed; replaced
104143,"right-hand engine number 2 compression 55 pounds rings leaking . ran up 2 nd time , temps normal and pressures normal . no chapter",engine; rings,leaking,ran up
104144,"right-hand engine number 2 compression 55 pounds rings leaking . removed number 2 cylinder and ring , honed cylinder . leak checked . valves ok",engine; rings; cylinder; ring; valves,leaking,removed; honed; leak checked
104145,"when pulled back throttle hard idle several seconds , engine . ran aircraft , performed seasonal adjustment , operations check good .",engine; aircraft,,ran; seasonal adjustment; operations check
104146,right-hand rear engine baffle mounting screw loose . tightened screw .,engine; baffle mounting screw; screw,loose,tightened
104147,sniffler valves dirty . cleaned sniffler valves .,sniffler valves,dirty,cleaned
104148,number 3 oil return line inter - cooler baffling grommet worn . replaced grommet .,oil return line; grommet,worn,replaced
104149,number 2 and 4 cylinder rocker covers leaking . removed and replaced gaskets .,cylinder; rocker covers; gaskets,leaking,removed; replaced
104150,number 1 cylinder aft push rod tube standoff rivet needs to be squeeze . squeezed rivet .,cylinder; push rod tube; rivet,,squeezed
104151,right-hand engine number 2 rocker screw is missing . installed screw .,engine; rocker screw; screw,missing,installed
104152,right-hand engine number 1 intake gasket is leaking . replaced gasket .,engine; intake gasket; gasket,leaking,replaced
104153,black forward engine seal worn . installed rtv in worn areas .,engine; seal; rtv,worn,installed
104154,number 3 cylinder intake gasket leaks . removed and replaced gasket .,cylinder; intake gasket; gasket,leaks,removed; replaced
104155,"baffle seal pulled free from number 2 cylinder , aft . installed rivet with small washer .",baffle seal; cylinder; rivet; washer,pulled free,installed
104156,number 4 rocker cover leaking . removed and replaced gasket .,rocker cover; gasket,leaking,removed; replaced
104157,number 2 and 3 intakes leaking . removed and replaced intake gaskets .,intakes; intake gaskets,leaking,removed; replaced
104158,new rivet needed on number 4 cylinder baffle seal . installed new rivet .,rivet; cylinder; baffle seal,,installed
104159,number 3 cylinder rocker cover gasket is leaking . removed and replaced gasket .,cylinder; rocker cover gasket; gasket,leaking,removed; replaced
104160,number 2 intake leaking . removed and replaced intake gasket .,intake; intake gasket,leaking,removed; replaced
104161,number 3 and 4 rocker covers leaking . removed and replaced rocker cover gaskets .,rocker covers; rocker cover gaskets,leaking,removed; replaced
104162,crankshaft seal is leaking on right-hand engine . cleaned engine around front crankshaft seal . ran engine,engine; crankshaft seal; seal,leaking,cleaned; ran
104163,"number 2 and 4 intake gaskets leaking , left-hand engine . removed bottom cowl , removed and replaced gaskets . instal",intake gaskets; engine; bottom cowl; gaskets,leaking,removed; replaced
104164,"during shutdown , when throttle was pulled to idle , rpm woul . performed ground run up , performed seasonal adjustment .",throttle,,ground run up; seasonal adjustment
104165,number 3 intake leaking on left-hand engine . removed and replaced intake gasket .,intake; engine; intake gasket,leaking,removed; replaced
104166,number 1 rocker cover leaking on left-hand engine . removed and replaced rocker cover gasket .,rocker cover; engine; rocker cover gasket,leaking,removed; replaced
104167,"number 3 and 4 intakes leaking on right-hand engine . removed intake tubes , cleaned tubes and cylinder intake fahrenheit",intakes; engine; intake tubes; tubes; cylinder,leaking,removed; cleaned
104168,number 2 intake is leaking . removed and replaced gasket .,intake; gasket,leaking,removed; replaced
104169,rocker cover gasket cylinder number 2 leaking . removed and replaced gasket .,rocker cover gasket; cylinder; gasket,leaking,removed; replaced
104170,left-hand engine number 2 and 4 cylinder baffle tie rod threads stripped . replaced tie rod .,engine; cylinder; baffle tie rod; tie rod,,stripped; replaced
104171,right-hand engine baffle seals loose . secured baffle seals with pop rivets .,engine; baffle seals; pop rivets,loose,secured
104172,number 4 intake gasket is leaking . replaced gasket .,intake gasket; gasket,leaking,replaced
104173,cylinder number 4 intake gasket leaking . removed and replaced intake gasket .,cylinder; intake gasket,leaking,removed; replaced
104174,"rough engine start unusual indication cylinder number 4 , lower temperat . ran aircraft , leak checked . operations and leak check good .",engine; cylinder; aircraft,rough,ran; leak checked; operations; leak check
104175,"rough engine start unusual indication cylinder number 4 , lower temperat . cylinder number 4 compression test failed , no cylinder compression note",engine; cylinder,unusual indication; lower; no cylinder compression note; rough,compression test
104176,"rough engine start unusual indication cylinder number 4 , lower temperat . confirmed . removed number 4 cylinder . found exhaust valve stuck . r",engine; cylinder; exhaust valve,unusual indication; stuck; rough,confirmed; removed
104177,"rough engine start unusual indication cylinder number 4 , lower temperat . performed ground run , operations checked good , but found evidenc",engine; cylinder,rough,ground run; operations checked
104178,"upon start up , major shaking in cowling , no smoothness . performed ground run , operations checked good .",cowling,no smoothness; major shaking,ground run; operations checked
104179,rivet sheared off on baffle seal above number 2 cylinder . replaced rivet with like hardware .,rivet; baffle seal; cylinder; like hardware,sheared,replaced
104180,cylinder number 2 and 3 rocker cover gaskets leaking . removed and replaced gaskets .,cylinder; rocker cover gaskets; gaskets,leaking,removed; replaced
104181,baffling on lower number 4 cylinder has a crack . stop drilled crack .,baffling; cylinder,crack,stop drilled
104182,"while doing unusual attitudes , engine was oversped . inspected flight data . verified a max overspeed of 2702",engine; flight data,oversped,inspected; verified
104183,number 1 and 4 rocker covers are leaking . removed and replaced rocker cover gaskets .,rocker covers; rocker cover gaskets,leaking,removed; replaced
104184,left-hand engine number 2 and 4 intakes have evidence of leaking . replaced gaskets .,engine; intakes; gaskets,leaking,replaced
104185,left-hand engine oil cooler hose is positioned too close to oil filte . leak check good .,engine; oil cooler hose; oil filte,,positioned too; leak check
104186,left-hand engine oil cooler hose is positioned too close to oil filte . repositioned hose .,engine; oil cooler hose; oil filte; hose,,positioned too; repositioned
104187,number 4 intake leaking . removed and replaced intake gasket .,intake; intake gasket,leaking,removed; replaced
104188,right-hand baffle plug is worn . installed new plug .,baffle plug; plug,worn,installed
104189,right-hand engine number 1 and 3 cylinder rocker cover gaskets leaking . removed and replaced gaskets .,engine; cylinder; rocker cover gaskets; gaskets,leaking,removed; replaced
104190,number 1 intake gasket leaking . new engine installed .,intake gasket; engine,leaking,installed
104191,left-hand baffle tie rods broken . installed 2 new tie rods .,baffle tie rods; tie rods,broken,installed
104192,right-hand rear baffling mount bracket loose . tightened screws .,baffling mount bracket; screws,loose,tightened
104193,cylinder number 1 rocker cover is leaking . removed and replaced gasket .,cylinder; rocker cover; gasket,leaking,removed; replaced
104194,number 3 cylinder intake gasket leaking . removed and replaced gasket .,cylinder; intake gasket; gasket,leaking,removed; replaced
104195,number 4 cylinder rocker cover leaking . removed and replaced gasket .,cylinder; rocker cover; gasket,leaking,removed; replaced
104196,"p and w , overspeed governor washer applies . inspected left-hand and right-hand engines , washers correct .",governor washer; engines; washers,overspeed,inspected
104197,"left-hand engine compressor has 1 blade with small nick . dressed out nick , well under acceptable limits in accordance with main",engine,,dressed out nick
104198,mounts for left-hand and right-hand oil / torq uemeter mounts cracked . replaced left-hand and right-hand mounting grommets for toquemeter blo,mounts; oil / torq uemeter mounts; mounting grommets,cracked,replaced
104199,engine baffle snap plugs bad . installed new baffle plugs .,engine; baffle snap plugs; baffle plugs,bad,installed
104200,number 2 intake gasket leaking . replaced intake gasket .,intake gasket,leaking,replaced
104201,number 1 cylinder forward baffle seal needs to be resecured . resecured baffle seal .,cylinder; baffle seal,,resecured
104202,signs of oil leaking from forward engine case bolts at main cran . retorqued bolts .,oil; engine; case bolts; main cran; bolts,leaking,
104203,number 2 intake leaking . removed and replaced gasket .,intake; gasket,leaking,removed; replaced
104204,"number 4 cylinder , right-hand engine , intake gasket leaking . removed and replaced gasket with new .",cylinder; engine; intake gasket; gasket,leaking,removed; replaced
104205,number 1 baffle seal loose . secured baffle seal .,baffle seal,loose,secured
104206,safety wire broken between number 2 and 4 cylinder intercylinder baffle . resafetied intercylinder baffle .,safety wire; cylinder; intercylinder baffle,broken,resafetied
104207,sniffler valves needs to be cleaned . cleaned sniffler valves .,sniffler valves,,cleaned
104208,cylinder number 3 aft baffle screw missing . installed new screw .,cylinder; baffle screw; screw,missing,installed
104209,number 3 intake leaking . removed and replaced intake gasket .,intake; intake gasket,leaking,removed; replaced
104210,oil cooler is dirty . cleaned oil cooler .,oil cooler,dirty,cleaned
104211,number 4 cylinder had low compression 50 pounds . staked exhaust ; comp up to 75 / 80 .,cylinder; exhaust,low,staked
104212,cylinder number 3 aft baffling bracket rivets are sheared . removed and replaced rivets with screws on bracket .,cylinder; baffling bracket; rivets; screws; bracket,sheared,removed; replaced
104213,number 1 rocker cover leaking on right-hand engine . removed and replaced gasket .,rocker cover; engine; gasket,leaking,removed; replaced
104214,number 3 rocker cover leaking on left-hand engine . removed and replaced gasket .,rocker cover; engine; gasket,leaking,removed; replaced
104215,number 3 intake leaking on right-hand engine . removed and replaced intake gasket .,intake; engine; intake gasket,leaking,removed; replaced
104216,number 2 and 4 intakes leaking on left-hand engine . removed and replaced intake gaskets .,intakes; engine; intake gaskets,leaking,removed; replaced
104217,left-hand inboard baffle spring is broken . replaced baffle rod and spring .,baffle spring; baffle rod; spring,broken,replaced
104218,forward right-hand baffle seal is torn . applied high temperature silicone to tear .,baffle seal; high temperature silicone,torn; tear,applied
104219,both oil coolers dirty . cleaned out cooling fins .,oil coolers; cooling fins,dirty,cleaned
104220,"number 2 cylinder baffle barrel nut and screw missing . installed new nut , plug and hardware on number 2 cylinder for number 2 cylinder",cylinder; baffle barrel nut; screw; nut; plug; hardware,missing,installed
104221,"small forward screen on fuel injector needs to be cleaned . removed , cleaned , inspected , reinstalled small forward scre",screen; fuel injector,,cleaned; removed; inspected; reinstalled
104222,left-hand engine number 2 intake has evidence of leaking . replaced gasket .,engine; intake; gasket,leaking,replaced
104223,"left-hand engine forward inboard baffle loose . drilled out rivet , safety wired baffle .",engine; baffle; rivet,loose,drilled out; safety wired
104224,number 3 intake gasket is leaking . removed and replaced gasket .,intake gasket; gasket,leaking,removed; replaced
104225,oil cooler is dirty . removed dirt from oil cooler .,oil cooler; dirt,dirty,removed
104226,right-hand engine number 4 rear baffle seal pulled through one rivet . installed new rivet .,engine; baffle seal; rivet,pulled through,installed
104227,left-hand engine number 1 rocker cover is missing a screw . installed new screw on rocker cover .,engine; rocker cover; screw,missing,installed
104228,number 4 intake leaking . removed and replaced intake gasket .,intake; intake gasket,leaking,removed; replaced
104229,number 2 cylinder intake gasket leaking . removed and replaced gasket .,cylinder; intake gasket; gasket,leaking,removed; replaced
104230,both baffle buttons need replacement . installed new plugs .,baffle buttons; plugs,,replacement; installed
104231,right-hand forward engine baffle loose . reattached baffle strips .,engine; baffle; baffle strips,loose,reattached
104232,number 3 intake leaking on left-hand engine . removed and replaced gasket .,intake; engine; gasket,leaking,removed; replaced
104233,screw missing from left-hand engine number 3 rocker cover . installed new hardware .,screw; engine; rocker cover; hardware,missing,installed
104234,number 2 intake gasket leaking . removed and replaced gasket .,intake gasket; gasket,leaking,removed; replaced
104235,"number 1 , 3 rocker gaskets leaking . removed and replaced gaskets .",rocker gaskets; gaskets,leaking,removed; replaced
104236,forward lower black baffle seal worn . installed rtv in worn areas .,black baffle seal; rtv,worn,installed
104237,screw missing on right-hand number 1 and 3 baffle . installed new screw .,screw; baffle,missing,installed
104238,"left-hand engine , cylinder number 3 intake gasket leaking . removed and replaced intake gasket .",engine; cylinder; intake gasket,leaking,removed; replaced
104239,number 4 rocker cover leaking . replaced rocker cover gasket .,rocker cover; rocker cover gasket,leaking,replaced
104240,"number 2 cylinder bad compression : 20 / 80 . removed cylinder , found burnt exhaust valve . replaced valve",cylinder; exhaust valve; valve,bad; burnt,removed; replaced
104241,engine roughness on final . precautionary landing . ran up engine . engine runs smooth through all operating,engine,roughness,precautionary landing; ran up
104242,forward lower black seal has worn spots for air intake engine . installed black rtv to worn areas .,black seal; air intake engine; black rtv,worn,installed
104243,number 4 intake gasket is leaking . removed and replaced gasket .,intake gasket; gasket,leaking,removed; replaced
104244,number 4 intake leaking . removed and replaced gasket .,intake; gasket,leaking,removed; replaced
104245,number 4 cylinder compression at zero psi . operations and leak check good .,cylinder,,operations; leak check
104246,"number 4 cylinder compression at zero psi . removed cylinder , found exhaust valve burnt . replaced valve",cylinder; exhaust valve burnt; valve,,removed; replaced
104247,"number 4 cylinder compression at zero psi . completed install of baffles , lines , plug wiring and inta",cylinder; baffles; lines; plug wiring,,completed install
104248,cylinder number 2 intake gasket leaking . removed and replaced gasket .,cylinder; intake gasket; gasket,leaking,removed; replaced
104249,all 4 rocker covers are leaking . removed and replaced all rocker cover gaskets .,rocker covers; rocker cover gaskets,leaking,removed; replaced
104250,rocker cover cylinder number 2 and 3 leaking . removed and replaced rocker cover gaskets .,rocker cover cylinder; rocker cover gaskets,leaking,removed; replaced
104251,vacuum pump has possible oil leak . leak check good .,vacuum pump; possible,oil leak,leak check
104252,"vacuum pump has possible oil leak . inspected , found all nuts loose . tightened .",vacuum pump; possible; nuts,loose; oil leak,inspected; tightened
104253,"top engine case bolt is leaking . removed bolt , installed high temperature silicone , installed b",engine; case bolt; bolt; high temperature silicone,leaking,removed; installed
104254,number 2 side baffle seal loose on baffle . secured baffle seal with rivet .,baffle seal; baffle; rivet,loose,secured
104255,number 2 intake gasket leaking . removed and replaced gasket .,intake gasket; gasket,leaking,removed; replaced
104256,number 1 cylinder needs to be changed back to a lueco assembly . replaced cylinder assembly using new lueco cylinder assembly,cylinder; lueco assembly; cylinder assembly; lueco cylinder assembly,,changed; replaced
104257,"number 4 cylinder needs to be changed back to a lueco assembly . replaced cylinder assembly using new lueco , torqued",cylinder; lueco assembly; cylinder assembly; lueco,,changed; replaced; torqued
104258,overspeed propeller for approximately 3 seconds . complied with engine insp after overspeed . compressions :,propeller; engine,overspeed,insp; compressions
104259,overspeed propeller for approximately 3 seconds . download data and found ovespeed to be between 5 and 10 % i,propeller; data,overspeed; ovespeed,download
104260,right-hand upper baffling between number 1 and 3 cylinder has worn staple . installed rivet to loose area .,upper baffling; cylinder; staple; rivet,worn; loose,installed
104261,number 2 rocker cover gasket leaking . replaced rocker cover gasket .,rocker cover gasket,leaking,replaced
104262,intake cylinder number 2 leaking . removed and replaced gasket .,intake cylinder; cylinder; gasket,leaking,removed; replaced
104263,"rocker cover gasket , cylinder number 2 , leaking . removed and replaced gasket .",rocker cover gasket; cylinder; gasket,leaking,removed; replaced
104264,number 3 and 4 intakes leaking . removed and replaced gaskets .,intakes; gaskets,leaking,removed; replaced
104265,number 1 baffle seal loose . secured with 1 rivet .,baffle seal; rivet,loose,secured
104266,baffle plugs need to be replaced . replaced both plugs .,baffle plugs; plugs,,replaced
104267,number 2 intake gasket is leaking . removed and replaced intake gasket .,intake gasket,leaking,removed; replaced
104268,rivet loose on baffle seal on number 1 cylinder . removed and replaced rivet .,rivet; baffle seal; cylinder,loose,removed; replaced
104269,"cylinder number 2 intake leaking , cylinder number 4 intake leaking . removed and replaced intake gaskets .",cylinder; intake; intake gaskets,leaking,removed; replaced
104270,"worn grommet on engine aft baffle , on grommet hole for oil p . installed new grommet .",grommet; engine; baffle; grommet hole; oil p,worn,installed
104271,fod on number 1 cylinder . removed fod,fod; cylinder,,removed
104272,wrench by accessory case . removed wrench,wrench; accessory case,,removed
104273,number 3 rocker cover gasket leaking . removed and replaced gasket .,rocker cover gasket; gasket,leaking,removed; replaced
104274,"lower rubber drain lines , for cylinder , clamps are loose . secured all clamps on oil return lines .",rubber drain lines; cylinder; clamps; oil return lines,loose,secured
104275,"number 4 cylinder baffle hole worn . riveted patch on baffle . riveting done in accordance with ,",cylinder; baffle; baffle hole; hole; patch,worn,riveted
104276,number 3 rocker cover leaking . removed and replaced gasket .,rocker cover; gasket,leaking,removed; replaced
104277,number 4 intake leaking . removed and replaced intake gasket .,intake; intake gasket,leaking,removed; replaced
104278,number 1 rocker cover is leaking . removed and replaced rocker cover gasket .,rocker cover; rocker cover gasket,leaking,removed; replaced
104279,all 4 oil return lines are leaking . tightened all oil drain line hose clamps .,oil return lines; oil drain line; hose clamps,leaking,tightened
104280,"number 1 , 3 rocker cover gaskets leaking . removed covers , cleaned and replaced with new silicone gask",rocker cover gaskets; covers; silicone gask,leaking,removed; cleaned; replaced
104281,sniffler valves need to be cleaned . cleaned both sniffler valves .,sniffler valves,,cleaned
104282,baffle screw missing by oil filler tube . replaced screw .,baffle screw; oil filler tube; screw,missing,replaced
104283,number 4 intake leaking . replaced gasket .,intake; gasket,leaking,replaced
104284,"number 4 intake gasket leaking , left-hand engine . torqued bolts on intake .",intake gasket; engine; bolts; intake,leaking,torqued
104285,"number 3 / 2 intake gaskets leaking , right-hand engine . torqued bolts on intakes .",intake gaskets; engine; bolts; intakes,leaking,torqued
104286,number 3 intake tube gasket leaking . installed new gasket .,intake tube gasket; gasket,leaking,installed
104287,baffle is cracked on previous repair on number 1 cylinder . removed and replaced baffle section with repaired baffle .,baffle; cylinder; baffle section,cracked,removed; replaced
104288,rocker cover gasket number 2 leaking . reset gasket .,rocker cover gasket; gasket,leaking,reset
104289,cylinder number 4 aft baffle screw is loose . tightened loose screw .,cylinder; baffle screw; screw,loose,tightened
104290,"intake gaskets number 2 , 4 , 1 leaking . removed and replaced gaskets .",intake gaskets; gaskets,leaking,removed; replaced
104291,"top side baffles needs to be secured . resecured cylinder number 1 , 2 and 4 baffle seals .",baffles; cylinder; baffle seals,,secured; resecured
104292,right-hand aft baffle bracket loose . removed number 4 aft baffle from engine . resecured bracket and,baffle bracket; baffle; engine; bracket,loose,removed; resecured
104293,left-hand engine number 3 intake leaking . removed and replaced gasket .,engine; intake; gasket,leaking,removed; replaced
104294,right-hand engine number 2 intake is leaking . removed and replaced with new intake gasket .,engine; intake; intake gasket,leaking,removed; replaced
104295,number 4 intake gasket leaking . removed and replaced gasket .,intake gasket; gasket,leaking,removed; replaced
104296,alternator output wire loose . secured output wire .,alternator; output wire,loose,secured
104297,baffle tie wires not secured . resecured baffle ties .,baffle tie wires; baffle ties,not secured,resecured
104298,number 4 aft baffle seal off 2 rivets . resecured baffle seal .,baffle seal; rivets,,resecured
104299,number 2 forward baffle seal disconnected for 3 rivets . resecured baffle .,baffle seal; rivets; baffle,,disconnected; resecured
104300,number 2 forward baffle chafing number 2 drain line . separated baffle and drain line .,baffle; drain line,chafing,separated
104301,number 3 aft baffle chafing number 3 drain line . separated baffle and drain line . installed heat resistant,baffle; drain line,chafing,separated; installed
104302,engine baffle plug worn out . installed new plugs .,engine; baffle plug; plugs,worn,installed
104303,fuzz in oil cooler . removed fuzz .,fuzz; oil cooler,,removed
104304,cylinder number 2 intake gasket is leaking . removed and replaced gasket .,cylinder; intake gasket; gasket,leaking,removed; replaced
104305,cylinder number 2 and 4 rocker cover gaskets leaking . removed and replaced gaskets .,cylinder; rocker cover gaskets; gaskets,leaking,removed; replaced
104306,"pilot noticed whistling noise on run up . ran aircraft , unable to duplicate .",aircraft,whistling noise,ran
104307,left-hand engine number 2 intake gasket leaking . replaced gasket .,engine; intake gasket; gasket,leaking,replaced
104308,right-hand engine manifold pressure fitting loose . tightened fitting .,engine; manifold pressure fitting; fitting,loose,tightened
104309,right-hand engine cylinder number 3 and 2 intake gaskets leaking . removed and replaced intake gaskets .,engine; cylinder; intake gaskets,leaking,removed; replaced
104310,1 and 3 cylinder rocker covers leak . leak check good .,cylinder; rocker covers,leak,leak check
104311,backbone of engine baffling needs to be sealed . sealed area .,backbone; engine; baffling,,sealed
104312,forward lower black engine seal wearing at air intake camlocks . sealed areas with rtv .,engine; seal; air intake camlocks; rtv,wearing,sealed
104313,"1 and 3 cylinder rocker covers leak . replaced both gaskets , cleaned off old , installed .",cylinder; rocker covers; gaskets,leak,replaced; cleaned; cleaned off; installed
104314,number 2 cylinder wire standoff broken . removed and replaced standoff and zip ties .,cylinder; wire standoff; standoff; zip ties,broken,removed; replaced
104315,number 3 and 4 intakes leaking on right-hand engine . removed and replaced intake gaskets .,intakes; engine; intake gaskets,leaking,removed; replaced
104316,"number 3 , 2 and 4 intakes leaking on left-hand engine . removed and replaced intake gaskets .",intakes; engine; intake gaskets,leaking,removed; replaced
104317,"propeller overspeed , 2720 rpm for 1 second . researched fdm card data and found rpm to reach 2723 . les",propeller; fdm card data,overspeed,researched
104318,left-hand engine number 3 and 4 intakes are leaking . removed and replaced gaskets .,engine; intakes; gaskets,leaking,removed; replaced
104319,right-hand engine number 2 and 3 intakes are leaking . removed and replaced gaskets .,engine; intakes; gaskets,leaking,removed; replaced
104320,left-hand engine all rocker covers are leaking . removed and replaced gaskets .,engine; rocker covers; gaskets,leaking,removed; replaced
104321,"forward engine seal worn above vacuum pump , right-hand side . sealed area with rtv .",engine; seal; vacuum pump; rtv,worn,sealed
104322,right-hand forward baffle has broken support . fabricated bracket and installed at same position .,baffle; support; bracket,broken,fabricated; installed
104323,number 4 cylinder missing screw for rocker cover / baffle . installed screw and new lock washer .,cylinder; screw; rocker cover; lock washer,missing,installed
104324,right-hand engine number 3 intake gasket leaking . removed and replaced gasket with new .,engine; intake gasket; gasket,leaking,removed; replaced
104325,left-hand engine number 1 rocker box cover gasket leaking . removed and replaced gasket .,engine; rocker box cover gasket; gasket,leaking,removed; replaced
104326,left-hand engine number 3 and 2 intake gaskets leaking . removed and replaced gaskets with new .,engine; intake gaskets; gaskets,leaking,removed; replaced
104327,right-hand engine number 2 and 3 rocker box cover gaskets leaking . removed and replaced gaskets .,engine; rocker box cover gaskets; gaskets,leaking,removed; replaced
104328,right-hand engine baffle seals loose . replaced baffle seal material and secured with pop rivets .,engine; baffle seals; baffle seal material; pop rivets,loose,replaced; secured
104329,rpm overspeed . complied with lycoming insp for less than 5 % overspeed . v,,overspeed,complied
104330,number 2 intake gasket has signs of leaking . removed and replaced gasket .,intake gasket; gasket,leaking,removed; replaced
104331,"tie wrap missing by number 1 cylinder anchor , for wires . installed new tie wrap .",tie wrap; cylinder anchor; wires,missing,installed
104332,number 2 intake gasket leaking . removed and replaced gasket .,intake gasket; gasket,leaking,removed; replaced
104333,all intake hose clamps loose . tightened all clamps .,intake hose clamps; clamps,loose,tightened
104334,number 2 intake gasket leaking . removed and replaced gasket .,intake gasket; gasket,leaking,removed; replaced
104335,number 3 intake gasket leaking . removed and replaced gasket .,intake gasket; gasket,leaking,removed; replaced
104336,rivets worn through at center line of aft baffle . drilled out rivets and installed new hardware .,rivets; center line; baffle; hardware,worn through,drilled out; installed
104337,number 3 intake gasket leaking . replaced gasket .,intake gasket; gasket,leaking,replaced
104338,cylinder number 3 aft baffle brackets loose . oil leak leak check good .,cylinder; baffle brackets; oil,loose; leak,leak check
104339,number 1 and 4 rocker cover gaskets leaking . removed and replaced gaskets .,rocker cover gaskets; gaskets,leaking,removed; replaced
104340,cylinder number 3 aft baffle brackets loose . removed and replaced rivets . reinstalled baffle .,cylinder; baffle brackets; rivets; baffle,loose,removed; replaced; reinstalled
104341,"cylinder number 4 aft baffle is cracked . stop drilled crack , fabricated patch and riveted in accordance with ces",cylinder; baffle; patch,cracked; crack,stop drilled; fabricated
104342,lower black seal above intake worn spots . filled areas in with rtv .,black seal; intake; rtv,worn,filled
104343,right-hand engine bolt missing on aft number 1 cylinder baffle . replaced bolt .,engine; bolt; cylinder; baffle,missing,replaced
104344,left-hand engine number 2 and 3 rocker gaskets are leaking . replaced gaskets .,engine; rocker gaskets; gaskets,leaking,replaced
104345,"left-hand engine number 1 , 2 and 4 intake gaskets are leaking . replaced gaskets .",engine; intake gaskets; gaskets,leaking,replaced
104346,"right-hand engine , number 2 and 4 rocker covers leaking . removed and replaced gaskets .",engine; rocker covers; gaskets,leaking,removed; replaced
104347,right-hand engine number 2 and 3 cylinder intake gaskets leaking . removed and replaced gaskets .,engine; cylinder; intake gaskets; gaskets,leaking,removed; replaced
104348,left-hand engine has some loose baffle seals . resecured loose baffle seal on left-hand side of left-hand engine .,engine; baffle seals; baffle seal,loose,resecured
104349,2 baffle tie rods need to be replaced . replaced tie rods .,baffle tie rods; tie rods,,replaced
104350,cylinder number 1 forward baffle seal needs to be secured . secured baffle seal .,cylinder; baffle seal,,secured
104351,number 3 and 4 intake gaskets leaking . removed and replaced intake gaskets .,intake gaskets,leaking,removed; replaced
104352,number 4 intake gasket leaking . removed and replaced gasket .,intake gasket; gasket,leaking,removed; replaced
104353,baffle plugs needs to be replaced . replaced baffle plugs .,baffle plugs,,replaced
104354,baffling cracked by oil cooler on left-hand engine . stop drilled crack .,baffling; oil cooler; engine,cracked; crack,stop drilled
104355,"number 3 , 4 intake gaskets leaking on right-hand engine . removed and replaced gaskets .",intake gaskets; engine; gaskets,leaking,removed; replaced
104356,number 4 rocker cover gasket leaking on right-hand engine . removed and replaced gasket .,rocker cover gasket; engine; gasket,leaking,removed; replaced
104357,left-hand engine cylinder number 2 and 3 intake gaskets are leaking . removed and replaced gaskets .,engine; cylinder; intake gaskets; gaskets,leaking,removed; replaced
104358,number 4 intake leaking . replaced gasket .,intake; gasket,leaking,replaced
104359,screw missing in number 3 side baffle . installed screw .,screw; baffle,missing,installed
104360,adel clamp on battery mount is too large . installed smaller adel clamp .,adel clamp; battery mount,too large,installed
104361,cylinder number 2 and 4 intake gaskets leaking . removed and replaced intake gaskets with new .,cylinder; intake gaskets,leaking,removed; replaced
104362,right-hand engine number 4 cylinder low on compression 30 pounds . removed right-hand engine number 4 cylinder .,engine; cylinder,low,removed
104363,right-hand engine number 3 and 4 cylinder intakes leaking . removed and replaced right-hand number 3 cylinder intake gasket,engine; cylinder; intakes; intake gasket,leaking,removed; replaced
104364,"right-hand engine number 4 cylinder low on compression 30 pounds . installed repaired cylinder assembly , found exhaust lifter to be",engine; cylinder; cylinder assembly; exhaust lifter,low,installed
104365,"right-hand engine number 4 cylinder low on compression 30 pounds . added 8 quarts of mineral oi . ran engine , no leaks . operations check",engine; cylinder; mineral oi,low,added; ran; operations check
104366,number 4 baffle plug missing . replaced missing plug .,baffle plug; plug,missing,replaced
104367,number 1 cylinder intake gasket leaking . removed and replaced gasket .,cylinder; intake gasket; gasket,leaking,removed; replaced
104368,number 4 baffle wire chafing number 4 oil return tube . replaced tension wire .,baffle wire; oil return tube; tension wire,chafing,replaced
104369,"number 4 cylinder has low compression , leaking through exhaust valve 2 . leak check good .",cylinder; exhaust valve 2,low; leaking through,leak check
104370,"number 4 cylinder has low compression , leaking through exhaust valve 2 . started to remove number 4 baffles .",cylinder; exhaust valve; baffles,low; leaking through,started to remove
104371,"number 4 cylinder has low compression , leaking through exhaust valve 2 . finished removing cylinder assembly . installed repaired cylinder assembly",cylinder; exhaust valve 2; cylinder assembly,low; leaking through,finished removing; installed; installed repaired; repaired
104372,"number 4 cylinder has low compression , leaking through exhaust valve 2 . reck ' ed clearance , found within specs . started installing",cylinder; exhaust valve 2,low; leaking through,reck ' ed; found; started installing
104373,"number 4 cylinder has low compression , leaking through exhaust valve 2 . reinstalled intake , rocker cover , exhaust and rerouted ha",cylinder; exhaust valve; intake; rocker cover; exhaust,low; leaking through,reinstalled; rerouted
104374,number 3 intake tube gasket leaking . removed and replaced gasket .,intake tube gasket; gasket,leaking,removed; replaced
104375,bolt missing on aft baffling . installed bolt .,bolt; baffling,missing,installed
104376,cylinder number 4 intake gasket is leaking . removed and replaced gasket with new .,cylinder; intake gasket; gasket,leaking,removed; replaced
104377,"baffle attachment tab , behind oil tube , is loose . tightened screws .",baffle attachment tab; oil tube; screws,loose,tightened
104378,1 baffling plug worn . installed new plug .,baffling plug; plug,worn,installed
104379,"number 1 , 3 and 4 intakes leak . replaced all 3 intake gaskets .",intakes; intake gaskets,leak,replaced
104380,"lower black seal on engine , worn at engine intake . sealed area with rtv .",black seal; engine; intake; rtv,worn,sealed
104381,backbone leaks at bolt in middle . installed high temperature sealant and retorqued bolt .,backbone; bolt; high temperature sealant,leaks,installed
104382,"number 1 , 2 , 4 intake gaskets leaking . removed and replaced gaskets .",intake gaskets; gaskets,leaking,removed; replaced
104383,right-hand baffle plug requires replacement . removed and replaced plug with new .,baffle plug; plug,,replacement; removed; replaced
104384,number 3 and 4 intake gaskets are leaking . replaced both gaskets .,intake gaskets; gaskets,leaking,replaced
104385,both baffle plugs need to be replaced . replaced both baffle plugs .,baffle plugs,,replaced
104386,number 2 cylinder intake leaks . replaced gasket .,cylinder; intake; gasket,leaks,replaced
104387,screw missing on right-hand engine baffling . installed new screw .,screw; engine baffling,missing,installed
104388,number 2 intake gasket is leaking . replaced gasket .,intake gasket; gasket,leaking,replaced
104389,number 2 and 4 intakes leaking on left-hand engine . removed and replaced gaskets .,intakes; engine; gaskets,leaking,removed; replaced
104390,left-hand engine won ' t start . left-hand engine still hard to start,engine,won ' t start,
104391,left-hand engine cylinder number 4 baffle seal needs to be resecured . removed and replaced baffle .,engine; cylinder; baffle seal; baffle,,resecured; removed; replaced
104392,number 2 intake tube gasket leaking . installed new gasket .,intake tube gasket; gasket,leaking,installed
104393,number 4 rocker cover gasket is leaking . removed and replaced gasket .,rocker cover gasket; gasket,leaking,removed; replaced
104394,number 2 intake is leaking . removed and replaced gasket .,intake; gasket,leaking,removed; replaced
104395,number 2 and 4 intake gaskets leaking . removed and replaced gaskets .,intake gaskets; gaskets,leaking,removed; replaced
104396,"number 2 , 3 intake gaskets leaking . removed and replaced gaskets with new .",intake gaskets; gaskets,leaking,removed; replaced
104397,left-hand and right-hand baffle plugs broken . removed and replaced baffle plugs .,baffle plugs,broken,removed; replaced
104398,number 2 and 3 rocker cover gaskets leaking . removed and replaced gaskets .,rocker cover gaskets; gaskets,leaking,removed; replaced
104399,"bolt leaking on top of engine . resealed bolt and applied high temperature rtv to top of case , a",bolt; engine; high temperature rtv; case,leaking,resealed; applied
104400,right-hand baffle plug is missing . replaced plug .,baffle plug; plug,missing,replaced
104401,right-hand engine number 2 and 4 intake gaskets leaking . removed and replaced gaskets .,engine; intake gaskets; gaskets,leaking,removed; replaced
104402,number 2 intake leaking . removed and replaced gasket .,intake; gasket,leaking,removed; replaced
104403,number 2 intake leaking . removed and replaced gasket .,intake; gasket,leaking,removed; replaced
104404,cylinder number 4 intake gasket is leaking . removed and replaced gasket with new .,cylinder; intake gasket; gasket,leaking,removed; replaced
104405,"at full throttle ; there was engine roughness . ran up aircraft , checked idle , mixture and full throttle operati",engine; aircraft,roughness,ran up; checked
104406,right-hand engine number 3 intake leaking . replaced gasket .,engine; intake; gasket,leaking,replaced
104407,left engine number 2 intake leaking . replaced gasket .,engine; intake; gasket,leaking,replaced
104408,number 4 rocker cover gasket leaking . removed and replaced gasket .,rocker cover gasket; gasket,leaking,removed; replaced
104409,number 1 intake gasket leaking . removed and replaced gasket .,intake gasket; gasket,leaking,removed; replaced
104410,number 1 rocker cover gasket leaking . removed and replaced gasket .,rocker cover gasket; gasket,leaking,removed; replaced
104411,1 baffle plug missing . installed missing plug with new .,baffle plug; plug,missing,installed
104412,"number 1 cylinder needs to be replaced . run up , leak check good .",cylinder,,replaced; run up; leak check
104413,"number 2 cylinder needs to be replaced . run up , leak check good .",cylinder,,replaced; run up; leak check
104414,"number 3 cylinder needs to be replaced . run up , leak check good .",cylinder,,replaced; run up; leak check
104415,"number 4 cylinder needs to be replaced . run up , leak check good .",cylinder,,replaced; run up; leak check
104416,engine break - in flight required in accordance with for cylinder chapter . for flight .,engine,,break - in flight
104417,number 1 cylinder needs to be replaced . replaced cylinder with new cylinder assembly . torqued to case .,cylinder; cylinder assembly,,replaced; torqued
104418,"number 2 cylinder needs to be replaced . replaced cylinder with new cylinder assembly , torqued to case .",cylinder; cylinder assembly,,replaced; torqued
104419,"number 1 cylinder needs to be replaced . completed install of lines and baffling , intake and exhaust",cylinder; lines; baffling; intake; exhaust,,replaced; completed install
104420,"number 2 cylinder needs to be replaced . completed install of lines and baffling , intake and exhaust",cylinder; lines; baffling; intake; exhaust,,replaced; completed install
104421,number 3 cylinder needs to be replaced . replaced cylinder with new cylinder assembly and torqued . installed lines,cylinder; cylinder assembly; lines,,replaced; torqued; installed
104422,number 4 cylinder needs to be replaced . replaced cylinder with new cylinder assembly and torqued . installed lines,cylinder; cylinder assembly; lines,,replaced; torqued; installed
104423,number 2 cylinder intake gasket leaking . removed and replaced gasket .,cylinder; intake gasket; gasket,leaking,removed; replaced
104424,"2 pop rivets loose on baffle , aft of number 4 cylinder . replaced rivets .",pop rivets; baffle; cylinder; rivets,loose,replaced
104425,engine baffle plugs tabs broken . removed and replaced baffle plugs .,engine; baffle plugs; tabs,broken,removed; replaced
104426,"intakes number 2 , 3 and 4 leaking on left-hand engine . removed and replaced gaskets .",intakes; engine; gaskets,leaking,removed; replaced
104427,"intakes number 1 , 2 , 3 and 4 leaking on right-hand engine . removed and replaced all gaskets with new .",intakes; engine; gaskets,leaking,removed; replaced
104428,right-hand engine number 2 intake is leaking . removed and replaced gasket .,engine; intake; gasket,leaking,removed; replaced
104429,left-hand engine number 3 and 4 intakes are leaking . removed and replaced intake gaskets .,engine; intakes; intake gaskets,leaking,removed; replaced
104430,oil cooler needs cleaning . cleaned oil cooler .,oil cooler,,cleaning; cleaned
104431,number 2 and 4 intake gasket leaking . removed and replaced intake gaskets .,intake gasket; intake gaskets,leaking,removed; replaced
104432,right-hand baffle plug broken on number 3 cylinder . removed and replaced baffle plug .,baffle plug; cylinder,broken,removed; replaced
104433,engine baffle plugs damaged . installed new baffle plugs .,engine; baffle plugs,damaged,installed
104434,number 3 intake leaking on right-hand engine . removed and replaced gasket .,intake; engine; gasket,leaking,removed; replaced
104435,intake number 4 leaking on left-hand engine . removed and replaced gasket .,intake; engine; gasket,leaking,removed; replaced
104436,number 2 intake gasket leaking . replaced intake gasket .,intake gasket,leaking,replaced
104437,number 4 intake gasket leaking . removed and replaced gasket .,intake gasket; gasket,leaking,removed; replaced
104438,number 4 intake leaking . removed and replaced gasket .,intake; gasket,leaking,removed; replaced
104439,left-hand engine number 4 intake leaking . removed and replaced gasket .,engine; intake; gasket,leaking,removed; replaced
104440,right-hand engine number 4 and 3 intake gaskets leak . replaced number 3 intake gasket .,engine; intake gaskets; intake gasket,leak,replaced
104441,right-hand engine number 4 and 3 intake gaskets leak . replaced number 4 intake gasket .,engine; intake gaskets; intake gasket,leak,replaced
104442,number 2 intake leaking on left-hand engine . removed and replaced gasket .,intake; engine; gasket,leaking,removed; replaced
104443,number 4 intake gasket leaking on left-hand engine . replaced gaskets .,intake gasket; engine; gaskets,leaking,replaced
104444,number 4 intake gasket leaking on right-hand engine . removed and replaced gasket .,intake gasket; engine; gasket,leaking,removed; replaced
104445,number 3 intake gasket leaking on right-hand engine . removed and replaced gasket .,intake gasket; engine; gasket,leaking,removed; replaced
104446,number 1 rocker cover gasket leaking on right-hand engine . removed and replaced with silicone gasket .,rocker cover gasket; engine; silicone gasket,leaking,removed; replaced
104447,left-hand engine number 3 rocker cover is leaking . removed and replaced gasket .,engine; rocker cover; gasket,leaking,removed; replaced
104448,left-hand engine number 2 and 3 intakes are leaking . installed new intake gaskets .,engine; intakes; intake gaskets,leaking,installed
104449,left-hand engine all rocker cover drain hose clamps are leaking . tightened clamps .,engine; rocker cover drain hose clamps; clamps,leaking,tightened
104450,right-hand engine number 3 rocker cover is leaking . removed and replaced rocker cover gasket .,engine; rocker cover; rocker cover gasket,leaking,removed; replaced
104451,right-hand engine all rocker cover drain hose clamps are leaking . tightened hose clamps .,engine; hose clamps,leaking,tightened
104452,"right-hand engine number 3 cylinder has low compression 58 / 80 . ran up aircraft , performed compression check . staked exhaust va",engine; cylinder; aircraft; exhaust va,low,ran up; compression check; staked
104453,"forward cooling baffle loose , under alternator . secured loose baffle .",baffle; alternator,loose,secured
104454,cylinder number 2 baffle seal is loose . resecured baffle seal .,cylinder; baffle seal,loose,resecured
104455,number 2 and 3 intakes leaking . removed and replaced gaskets .,intakes; gaskets,leaking,removed; replaced
104456,left-hand and right-hand baffle plugs worn . removed and replaced baffle plugs .,baffle plugs,worn,removed; replaced
104457,left-hand engine baffle by rocker covers cracked . removed and replaced left-hand engine baffle over rocker covers,engine; baffle; rocker covers,cracked,removed; replaced
104458,number 4 and 3 intake gaskets leaking on left engine . removed and replaced gaskets .,intake gaskets; engine; gaskets,leaking,removed; replaced
104459,"cylinder head temperature would jump 150 degrees fahrenheit . removed and replaced cht probe , ran aircraft , operations good .",cylinder; cht probe; aircraft,,removed; replaced; ran; operations
104460,number 4 cylinder left-hand engine baffle seal loose . drilled and replaced rivet on baffle seal .,cylinder; engine; baffle seal; rivet,loose,drilled; replaced
104461,all rocker drain lines leaking at hose clamps . tightened all rocker drain hose clamps .,rocker drain lines; hose clamps; rocker drain hose clamps,leaking,tightened
104462,number 1 - 3 baffle wire not connected . replaced tie wire assembly .,baffle wire; tie wire assembly,not connected,replaced
104463,"number 3 intake gasket leaking , right-hand engine . removed and replaced gasket .",intake gasket; engine; gasket,leaking,removed; replaced
104464,cylinder number 3 intake gasket leaking on left-hand engine . removed and replaced gasket .,cylinder; intake gasket; engine; gasket,leaking,removed; replaced
104465,number 4 rocker cover leaking . removed and replaced rocker cover gasket .,rocker cover; rocker cover gasket,leaking,removed; replaced
104466,"number 1 , 2 , 4 oil return lines leaking . tightened return lines .",oil return lines; return lines,leaking,tightened
104467,right-hand rear engine baffle screw missing . installed new screw .,engine; baffle screw; screw,missing,installed
104468,number 2 rocker cover gasket leaking . removed and replaced with new silicone gasket .,rocker cover gasket; silicone gasket,leaking,removed; replaced
104469,crack on left-hand upper baffle . stop drilled crack .,upper baffle,crack,stop drilled
104470,number 4 rocker cover leaking . removed and replaced gasket .,rocker cover; gasket,leaking,removed; replaced
104471,"number 1 , 2 , 4 intakes leaking . removed and replaced intake gaskets .",intakes; intake gaskets,leaking,removed; replaced
104472,"possible crankshaft oil seal leaking . removed propeller and flywheel . inspected crankshaft , no leak",possible; oil seal; propeller; flywheel,leaking,removed; inspected
104473,"after start , engine ran rough . rpm over 1000 , engine would sputter . ran up to operating temps , engine ran smooth through al",engine,ran rough; would sputter,ran up
104474,"idle check rpm decreased to zero . ran up to temps , cleared plugs , operations checked good with good",plugs,decreased to zero,idle check; ran up; cleared; operations checked
104475,number 3 baffle tie rod broken . replaced tie rod .,baffle tie rod; tie rod,broken,replaced
104476,"number 3 , 4 intakes leaking . removed and replaced gaskets .",intakes; gaskets,leaking,removed; replaced
104477,number 3 intake gasket leaking . removed and replaced intake gasket .,intake gasket,leaking,removed; replaced
104478,cylinder number 3 intake gasket is leaking . removed and replaced gasket .,cylinder; intake gasket; gasket,leaking,removed; replaced
104479,number 4 intake leaking on left-hand engine . removed and replaced gasket .,intake; engine; gasket,leaking,removed; replaced
104480,number 3 rocker cover leaking on right-hand engine . removed and replaced gasket .,rocker cover; engine; gasket,leaking,removed; replaced
104481,number 1 and 3 rocker covers are leaking . removed and replaced both rocker gaskets .,rocker covers; rocker gaskets,leaking,removed; replaced
104482,number 2 and 4 intake gasket has evidence of leaking . replaced both intake gaskets .,intake gasket; intake gaskets,leaking,replaced
104483,number 2 cylinder failed at . 031 inches . for break - in flight .,cylinder,failed,break - in flight
104484,number 3 cylinder failed at . 032 inches . for break - in flight .,cylinder,failed,break - in flight
104485,number 4 cylinder failed at . 033 inches . for break - in flight .,cylinder,failed,break - in flight
104486,"number 4 cylinder failed at . 033 inches . reassembled cylinder , dry tappet clearance check good .",cylinder,failed,reassembled; clearance check
104487,number 1 cylinder valve guide failed at . 035 inches . for break - in flight .,cylinder; valve guide,failed,break - in flight
104488,"number 2 cylinder failed at . 031 inches . completed reassembly , dry tappet clearance check good .",cylinder,failed,completed reassembly; clearance check
104489,number 2 cylinder failed at . 031 inches . disassembled engine as necessary to remove cylinder . install,cylinder; engine,failed,disassembled; remove; install
104490,number 3 cylinder failed at . 032 inches . disassembled engine . removed cylinder . installed cylinder ki,cylinder; engine,failed,disassembled; removed; installed
104491,number 4 cylinder failed at . 033 inches . disassembled engine . removed cylinder . installed cylinder ki,cylinder; engine,failed,disassembled; removed; installed
104492,number 3 cylinder failed at . 032 inches . reassembled cylinder . exhaust push rod too short . replaced p,cylinder; exhaust push rod,failed; too short,reassembled; replaced
104493,number 1 cylinder valve guide failed at . 035 inches . disassembled engine as necessary to remove cylinder . install,cylinder; valve guide; engine,failed,disassembled; remove; install
104494,"number 1 cylinder valve guide failed at . 035 inches . completed reassembly , exhaust push rod too short . repla",cylinder; valve guide; exhaust push rod,failed; too short,completed reassembly; repla
104495,number 2 intake gasket leaking . removed and replaced intake gasket .,intake gasket,leaking,removed; replaced
104496,right-hand baffle plug broken . removed and replaced plug .,baffle plug; plug,broken,removed; replaced
104497,"left-hand engine , right-hand rear baffle cracked . stop drilled cracks .",engine; baffle,cracked; cracks,stop drilled
104498,right-hand engine number 2 and 4 intake tube gaskets leak . installed new gaskets .,engine; intake tube gaskets; gaskets,leak,installed
104499,left-hand engine number 2 intake tube gasket leaking . installed new intake tube gasket .,engine; intake tube gasket,leaking,installed
104500,number 2 rocker cover gasket leaking . replaced gasket .,rocker cover gasket; gasket,leaking,replaced
104501,fod on top of starter . removed fod .,fod; starter,,removed
104502,baffling on number 3 cylinder cracked . stop drilled crack .,baffling; cylinder,cracked; crack,stop drilled
104503,"number 2 , 4 cylinder baffling tension rods not connected . found rear baffle tension rod to be broken , replaced te",cylinder; baffle tension rod,not connected; broken,replaced
104504,sniffler valves dirty . cleaned valves .,sniffler valves; valves,dirty,cleaned
104505,left-hand baffle plug missing . installed plug .,baffle plug; plug,missing,installed
104506,forward inlet screen on servo needs to be cleaned . cleaned screen .,inlet screen; servo; screen,,cleaned
104507,number 4 intake gasket leaking on right-hand engine . removed and replaced gasket .,intake gasket; engine; gasket,leaking,removed; replaced
104508,"left-hand engine , engine baffle cracked at oil cooler . stop drilled crack .",engine; baffle; oil cooler,cracked; crack,stop drilled
104509,"right-hand engine , engine baffle cracked at oil cooler . stop drilled crack .",engine; baffle; oil cooler,cracked; crack,stop drilled
104510,"propeller overspeed 2770 for 3 plus seconds . reviewed fdm data , showed momentary rpm of 2772 . 5 , comp",propeller; fdm data,overspeed,reviewed
104511,number 1 intake leaking . replaced gasket .,intake; gasket,leaking,replaced
104512,number 1 forward baffle cracked . stop drilled crack .,baffle,cracked; crack,stop drilled
104513,number 2 side baffle seal loose . recrimped staples .,baffle seal; staples,loose,recrimped
104514,number 4 intake gasket leaking . replaced intake gasket .,intake gasket,leaking,replaced
104515,number 2 and 1 intakes leaking . replaced gaskets .,intakes; gaskets,leaking,replaced
104516,number 4 intake leaks . replaced gasket .,intake; gasket,leaks,replaced
104517,"engine idles at approximately 1000 rpm on last daily shut do . adjusted idle inches up inches to specs , operations check good .",engine,,adjusted; operations check
104518,number 4 intake gasket leaking . replaced gasket .,intake gasket; gasket,leaking,replaced
104519,"number 1 , 3 intake gaskets leaking . removed and replaced gaskets .",intake gaskets; gaskets,leaking,removed; replaced
104520,screw for baffle behind oil dipstick tube loose . installed with locktite .,screw; baffle; oil dipstick tube; locktite,loose,installed
104521,cylinder number 1 forward baffle is cracked . stop drilled crack .,cylinder; baffle,cracked; crack,stop drilled
104522,number 3 intake gasket leaking on right-hand engine . removed and replaced gasket .,intake gasket; engine; gasket,leaking,removed; replaced
104523,"number 3 , 4 intake gaskets leaking on left-hand engine . removed and replaced gaskets .",intake gaskets; engine; gaskets,leaking,removed; replaced
104524,all 4 intakes leaking . removed and replaced gaskets .,intakes; gaskets,leaking,removed; replaced
104525,number 2 intake gasket is leaking . removed and replaced gasket .,intake gasket; gasket,leaking,removed; replaced
104526,"number 2 , 3 intake on right-hand engine leaking . removed and replaced gaskets .",intake; engine; gaskets,leaking,removed; replaced
104527,"number 3 rocker gasket leaks , right-hand engine . removed and replaced with silicone gasket .",rocker gasket; engine; silicone gasket,leaks,removed; replaced
104528,number 2 cylinder baffling seal unsecured on right-hand engine . resecured baffle seal with pop rivets .,cylinder; baffling seal; engine; baffle seal; pop rivets,,unsecured; resecured
104529,"left-hand engine number 2 , 3 and 4 intake tube gaskets leaking . installed new gaskets .",engine; intake tube gaskets; gaskets,leaking,installed
104530,right-hand engine number 2 and 3 intake tube gaskets leaking . installed new intake tube gaskets .,engine; intake tube gaskets,leaking,installed
104531,rocker cover screw is missing . replaced rocker cover screw .,rocker cover screw,missing,replaced
104532,hardware missing on number 3 baffle . installed new hardware .,hardware; baffle,missing,installed
104533,number 1 and 3 side baffle cracked . removed and replaced baffle .,baffle,cracked,removed; replaced
104534,number 2 and 4 cylinder deflector cracked . removed and replaced deflector .,cylinder; deflector,cracked,removed; replaced
104535,number 4 cylinder exhaust push tube has dent . removed and replaced number 4 cylinder exhaust push tube .,cylinder; exhaust push tube; dent,,removed; replaced
104536,all engine baffling felt seals damaged and abrasion buffer pad . cleaned all baffling of old felt and adhesive . cleaned ab,engine; engine baffling; baffling; seals; abrasion buffer pad; felt; adhesive; ab,damaged,cleaned
104537,number 2 and 4 rocker covers are leaking . removed and replaced gaskets .,rocker covers; gaskets,leaking,removed; replaced
104538,"number 2 , 3 , 4 rocker gaskets leaking . installed new gaskets .",rocker gaskets; gaskets,leaking,installed
104539,intakes 2 and 3 leaking on left-hand engine . removed and replaced gaskets .,intakes; engine; gaskets,leaking,removed; replaced
104540,number 1 rocker cover leaking on left-hand engine . removed and replaced gasket .,rocker cover; engine; gasket,leaking,removed; replaced
104541,number 3 and 4 intakes leaking on right-hand engine . removed and replaced gaskets .,intakes; engine; gaskets,leaking,removed; replaced
104542,"left-hand engine 1 st stage comp blade is nicked . inspected and researched maintenance history , verified to have bee",engine; 1 st stage comp blade,nicked,inspected; researched; verified
104543,breather tube blocked . removed blockage,breather tube; blockage,blocked,removed
104544,could not start left-hand engine . preheated left-hand engine and started . ran aircraft to warm engine .,engine; aircraft,could not start,preheated; started; ran
104545,"when leaning out engine , engine would quit and die . ran aircraft and warmed engine . all checks good . no defects fo",engine; aircraft,would quit; die,ran; warmed; checks
104546,start assist needed . started aircraft for pilot .,aircraft,,start assist; started
104547,number 3 intake gasket leaking . removed and replaced gasket .,intake gasket; gasket,leaking,removed; replaced
104548,number 1 intake leaking . removed and replaced gasket .,intake; gasket,leaking,removed; replaced
104549,number 3 rocker gasket is leaking . replaced gasket .,rocker gasket; gasket,leaking,replaced
104550,number 2 intake leaking . removed and replaced gasket .,intake; gasket,leaking,removed; replaced
104551,"left-hand engine number 2 , 3 , 4 intake gaskets are leaking . removed and replaced gaskets .",engine; intake gaskets; gaskets,leaking,removed; replaced
104552,right-hand engine all 4 intake gaskets are leaking . removed and replaced all 4 gaskets .,engine; intake gaskets; gaskets,leaking,removed; replaced
104553,rpm reached 2770 in flight for a few seconds . engine speed did not exceed 5 % or rated engine speed ia,engine,,
104554,"initially after takeoff , on climbout ; experienced sudden lo . ran up aircraft , performed magneto , idle / mixt ure checks multiple",aircraft,,"ran up; magneto , idle / mixt ure checks"
104555,number 2 intake leaking . removed and replaced intake gasket .,intake; intake gasket,leaking,removed; replaced
104556,rocker covers 1 and 3 leaking . removed and replaced gaskets .,rocker covers; gaskets,leaking,removed; replaced
104557,number 2 intake is leaking . removed and replaced gasket .,intake; gasket,leaking,removed; replaced
104558,number 4 rocker cover leaks . removed and replaced gasket .,rocker cover; gasket,leaks,removed; replaced
104559,number 2 intake gasket is leaking . replaced gasket .,intake gasket; gasket,leaking,replaced
104560,number 2 side baffle seal is loose . secured with pop rivets .,baffle seal; pop rivets,loose,secured
104561,number 4 intake leaking . removed and replaced intake gasket .,intake; intake gasket,leaking,removed; replaced
104562,"number 3 intake gasket leaking , right-hand engine . removed and replaced gasket .",intake gasket; engine; gasket,leaking,removed; replaced
104563,"number 1 rocker cover gasket leaking , right-hand engine . removed and replaced gasket .",rocker cover gasket; engine; gasket,leaking,removed; replaced
104564,"2 , 3 , 4 intakes are leaking on left engine . removed and replaced intake gaskets with new .",intakes; engine; intake gaskets,leaking,removed; replaced
104565,2 baffle tie rods broken . replaced tie rods .,baffle tie rods; tie rods,broken,replaced
104566,number 1 cylinder exhaust valve failed exhaust clearance . 033 inches . leak check good .,cylinder; exhaust valve,failed,leak check
104567,number 2 cylinder exhaust valve failed exhaust clearance . 035 inches . leak check good .,cylinder; exhaust valve,failed,leak check
104568,number 3 cylinder exhaust valve failed exhaust clearance . 034 inches . leak check good .,cylinder; exhaust valve,failed,leak check
104569,number 2 cylinder exhaust valve failed exhaust clearance . 035 inches . started disassembly .,cylinder; exhaust valve,failed,started disassembly
104570,number 4 cylinder exhaust valve failed exhaust clearance . 033 inches . leak check good . for maintenance break - in flight .,cylinder; exhaust valve,failed,leak check; maintenance break - in flight
104571,"number 1 cylinder exhaust valve failed exhaust clearance . 033 inches . replaced cylinder with new cylinder . torqued to case , sta",cylinder; exhaust valve; case,failed,replaced; torqued
104572,"number 1 cylinder exhaust valve failed exhaust clearance . 033 inches . completed reassembly , dry tappet clearance check good . ser",cylinder; exhaust valve,failed,completed reassembly; clearance check
104573,"number 2 cylinder exhaust valve failed exhaust clearance . 035 inches . replaced cylinder , torqued to case , dry tappet clearanc",cylinder; exhaust valve; case,failed,replaced; torqued
104574,"number 3 cylinder exhaust valve failed exhaust clearance . 034 inches . replaced cylinder , torqued to case , dry tappet clearanc",cylinder; exhaust valve; case,failed,replaced; torqued
104575,"number 4 cylinder exhaust valve failed exhaust clearance . 033 inches . replaced cylinder , torqued to case , dry tappet clearanc",cylinder; exhaust valve; case,failed,replaced; torqued
104576,number 4 intake leaking . replaced intake gasket .,intake; intake gasket,leaking,replaced
104577,number 4 rocker gasket leaking . removed and replaced gasket .,rocker gasket; gasket,leaking,removed; replaced
104578,number 4 intake gasket is leaking . removed and replaced intake gasket .,intake gasket,leaking,removed; replaced
104579,number 3 rocker cover leaking . removed and replaced gasket .,rocker cover; gasket,leaking,removed; replaced
104580,number 2 intake gasket leaking . replaced gasket .,intake gasket; gasket,leaking,replaced
104581,number 2 intake tube gasket leaking . replaced gasket .,intake tube gasket; gasket,leaking,replaced
104582,number 2 lower intake clamp loose . resecured clamp .,intake clamp; clamp,loose,resecured
104583,number 4 intake leaking . removed and replaced gasket .,intake; gasket,leaking,removed; replaced
104584,screw missing on back of number 3 baffle . installed new screw .,screw; baffle,missing,installed
104585,"oil found near cylinder number 2 and 4 intake tubes . washed engine , ran aircraft . operations and leak check good . no discrepa",cylinder; intake tubes; engine; aircraft,oil found,washed; ran; operations; leak check
104586,right-hand baffle plug needs to be replaced . installed new plug .,baffle plug; plug,,replaced; installed
104587,number 3 intake tube gasket leaking . installed new intake gasket .,intake tube gasket; intake gasket,leaking,installed
104588,number 2 intake is leaking . removed and replaced gasket .,intake; gasket,leaking,removed; replaced
104589,engine dirty . washed engine .,engine,dirty,washed
104590,oil seeping from top of case halves . leak check good .,oil; case halves,seeping,leak check
104591,oil seeping from top of case halves . cleaned and sealed leaking bolt hole .,oil; case halves; bolt hole,seeping; leaking,cleaned; sealed
104592,number 3 rear baffle mounting bracket cracked . installed repaired right-hand rear baffle .,baffle mounting bracket; baffle,cracked,installed
104593,number 2 and 3 rocker covers leaking . removed and replaced gaskets .,rocker covers; gaskets,leaking,removed; replaced
104594,"left-hand engine number 3 , 4 intake gaskets leaking . removed and replaced both intake gaskets .",engine; intake gaskets,leaking,removed; replaced
104595,"during cruise , there was a loud bang . during which altimeter . inspected and found cylinder number 1 intake tube to be loose . remov",altimeter; cylinder; intake tube,loose; loud bang,inspected
104596,number 1 intake gasket is leaking . replaced gasket .,intake gasket; gasket,leaking,replaced
104597,sniffler valves dirty . cleaned both sniffler valves .,sniffler valves,dirty,cleaned
104598,middle and right-hand engine cowl need new chafe tape . removed and replaced chafe tape as needed .,engine; cowl; chafe tape,,removed; replaced
104599,"engine surging on last climb out crossing 1300 msl . ran aircraft , could not duplicate discrepancy . operations check good .",engine; aircraft,surging,ran; operations check
104600,baffle seal on number 1 cylinder needs to be secured . secured baffle seal with pop rivet .,baffle seal; cylinder; pop rivet,,secured
104601,number 1 intake gasket leaking . removed and replaced intake gasket .,intake gasket,leaking,removed; replaced
104602,number 4 intake gasket leaking . removed and replaced intake gasket .,intake gasket,leaking,removed; replaced
104603,hard landing reported by tower . completed reassembly ; including fuel lines at pump . ran,tower; fuel lines; pump,hard landing,completed reassembly; ran
104604,"left-hand magneto , lower stud pulled out from case . damaged area not repairable . installed and torqued origin",magneto; stud; case,damaged; not repairable,installed; torqued
104605,upper exhaust shroud does not align with lower shroud . trimmed front baffle and seal to allow proper alignment .,exhaust shroud; shroud; baffle; seal,does not align,trimmed; proper alignment
104606,number 2 intake tube gasket leaking . installed new intake gasket .,intake tube gasket; intake gasket,leaking,installed
104607,number 2 intake gasket leaking . removed and replaced gasket .,intake gasket; gasket,leaking,removed; replaced
104608,number 2 cylinder rocker gasket leaking . removed and replaced rocker cover gasket .,cylinder; rocker gasket; rocker cover gasket,leaking,removed; replaced
104609,right-hand forward engine baffle bolt needs to be safetied . safetied right-hand forward engine baffle bolt .,engine; baffle bolt,,safetied
104610,front engine seal black above air intake worn spots . installed rtv to worn areas .,engine; seal; seal black; intake; rtv,worn,installed
104611,"left-hand engine , right-hand forward baffle loose . resecured right-hand forward baffle .",engine; baffle,loose,resecured
104612,number 4 cylinder on right-hand engine baffle seal needs to be replaced . replaced baffle seal .,cylinder; engine; baffle seal,,replaced
104613,number 1 and 4 rocker box covers seeping on left-hand engine . installed new rocker box cover gaskets .,rocker box covers; engine; rocker box cover gaskets,seeping,installed
104614,number 4 cylinder on right-hand engine baffle seals need to be secured . resecured baffle seals with pop rivets .,cylinder; engine; baffle seals; pop rivets,,secured; resecured
104615,number 2 intake leaking . removed and replaced gasket .,intake; gasket,leaking,removed; replaced
104616,number 1 rocker cover leaking . removed and replaced gasket .,rocker cover; gasket,leaking,removed; replaced
104617,number 2 and 3 intake gaskets leaking . removed and replaced gaskets .,intake gaskets; gaskets,leaking,removed; replaced
104618,cylinder number 2 intake gasket is leaking . removed and replaced intake gasket .,cylinder; intake gasket,leaking,removed; replaced
104619,"number 3 , 4 piston pins damaged during removal . replaced pins with new parts .",piston pins; pins; parts,damaged,replaced
104620,"number 1 , 3 intake push rod too long . replaced push rods , dry tappet clearance good .",intake push rod; push rods,too long,replaced
104621,inspected and found crankshaft to be gouged behind crankshaft . installed crankshaft oil seal .,crankshaft; oil seal,gouged,inspected; installed
104622,inspected and found crankshaft to be gouged behind crankshaft . engine run and leak check good . for break - i,crankshaft; engine,gouged,inspected; run; leak check
104623,"inspected and found crankshaft to be gouged behind crankshaft . installed baffles , routed and secured all engine electric",crankshaft; baffles; engine,gouged,inspected; installed; routed; secured
104624,inspected and found crankshaft to be gouged behind crankshaft . set alternator belt tension . installed and timed both mags to en,crankshaft; alternator belt; mags,gouged,inspected; set; installed; timed
104625,"inspected and found crankshaft to be gouged behind crankshaft . removed starter , alternator and oil cooler . unbolted fuel",crankshaft; starter; alternator; oil cooler; fuel,gouged,inspected; removed; unbolted
104626,"inspected and found crankshaft to be gouged behind crankshaft . removed cylinders , pistons , connecting rod accessory ho",crankshaft; cylinders; pistons; connecting rod accessory,gouged,inspected; removed
104627,inspected and found crankshaft to be gouged behind crankshaft . crankshaft gear and lock plate were torqued to 204 inch pounds,crankshaft; lock plate,gouged,inspected; torqued
104628,number 2 and 3 intakes leaking . removed and replaced gaskets .,intakes; gaskets,leaking,removed; replaced
104629,number 4 intake is leaking . replaced with new gasket .,intake; gasket,leaking,replaced
104630,"right-hand engine number 3 cylinder has no compression . ran engine , operations and leak check good .",engine; cylinder,no compression,ran; operations; leak check
104631,right-hand engine number 3 cylinder has no compression . reinstalled cylinder accessories and baffling .,engine; cylinder; cylinder accessories; baffling,no compression,reinstalled
104632,"number 1 , 2 and 4 intake gaskets are leaking right-hand engine . removed and replaced intake gaskets .",intake gaskets; engine,leaking,removed; replaced
104633,right-hand engine number 3 cylinder has no compression . inspected and found exhaust valve to be burnt . removed number 3,engine; cylinder; exhaust valve,no compression; burnt,inspected; removed
104634,"right-hand engine number 3 cylinder has no compression . installed longer push rod , exhaust valve leak check good . r",engine; cylinder; longer push rod; exhaust valve,no compression,installed; leak check
104635,"left-hand engine , left-hand rear baffle section needs repair . transferred airworthy parts to repaired baffle assembly .",engine; baffle section; airworthy parts; baffle assembly,,repair; transferred
104636,right-hand nacelle vent has bent flange . checked ok .,nacelle vent; flange,bent,checked
104637,"right-hand engine firewall has small marks behind start / generator cooling tu . cleaned up area , found marks negligible . adjusted cooli",engine; firewall; start / generator,,cleaned up; adjusted
104638,left-hand engine number 3 aft baffle has crack . stop drilled crack .,engine; baffle,crack,stop drilled
104639,number 2 and 3 intakes leaking on left-hand engine . removed and replaced gaskets .,intakes; engine; gaskets,leaking,removed; replaced
104640,right-hand engine number 4 intake tube is cracked . removed and replaced intake tube .,engine; intake tube,cracked,removed; replaced
104641,"intakes 2 , 3 and 4 leaking on right-hand engine . removed and replaced gaskets .",intakes; engine; gaskets,leaking,removed; replaced
104642,engine baffle plugs worn . installed new plugs .,engine; baffle plugs; plugs,worn,installed
104643,number 2 and 4 intakes leaking . removed and replaced gasket .,intakes; gasket,leaking,removed; replaced
104644,number 4 intake gasket leaking . removed and replaced gasket .,intake gasket; gasket,leaking,removed; replaced
104645,"number 2 rocker cover gasket leaking . removed , cleaned surfaces and reinstalled number 3 rocker cover",rocker cover gasket; surfaces; rocker cover,leaking,removed; cleaned; reinstalled
104646,all rocker covers are leaking . removed and replaced gaskets .,rocker covers; gaskets,leaking,removed; replaced
104647,"while in level flight , after performing a few high power man . completed , reassembled engine baffles . cleaned",engine; baffles,,reassembled; cleaned
104648,"while in level flight , after performing a few high power man . disassembled engine baffles as required . began performi",engine; baffles,,disassembled
104649,"while in level flight , after performing a few high power man . ran up engine , leak check good . for maintenance fl",engine,,ran up; leak check; maintenance fl
104650,"number 2 , 4 intake gaskets leaking . removed and replaced gaskets .",intake gaskets; gaskets,leaking,removed; replaced
104651,"right-hand rear engine baffle mount loose . removed right-hand rear baffle , reattached baffle mount and rein",engine; baffle mount; baffle,loose,removed; reattached
104652,bolt leaking on top of case halves . leak check good .,bolt; case halves,leaking,leak check
104653,bolt leaking on top of case halves . retorqued loose bolt .,bolt; case halves,loose; leaking,
104654,intakes 3 and 4 leaking on right-hand engine . replaced intake gaskets .,intakes; engine; intake gaskets,leaking,replaced
104655,"intakes 2 , 3 and 4 leaking on left-hand engine . removed and replaced gaskets .",intakes; engine; gaskets,leaking,removed; replaced
104656,number 4 and 2 intake gasket leaking . removed and replaced gaskets .,intake gasket; gaskets,leaking,removed; replaced
104657,number 4 rocker cover gasket leaking . removed and replaced gasket .,rocker cover gasket; gasket,leaking,removed; replaced
104658,idle rpm low . adjusted idle rpm for seasonal conditions .,,low,adjusted
104659,number 3 rocker cover gasket leaking . removed and replaced with new silicone gasket .,rocker cover gasket; silicone gasket,leaking,removed; replaced
104660,upper oil line to oil cooler adel clamp broken . removed and replaced clamp with new .,oil line; oil cooler; adel clamp; clamp,broken,removed; replaced
104661,"on start ; heard a click as mags tried to turn over . started aircraft 2 different times , could not duplicate disc",mags; aircraft,click,started
104662,sniffler valves need to be cleaned . cleaned both sniffler valves .,sniffler valves,,cleaned
104663,number 2 and 4 cylinder intake gaskets leaking . removed and replaced gaskets .,cylinder; intake gaskets; gaskets,leaking,removed; replaced
104664,right-hand engine baffle cover cam lock needs to be fixed . removed and replaced broken cam lock .,engine; baffle cover cam; baffle cover cam lock; cam lock,broken,fixed; removed; replaced
104665,number 4 intake leaks on right-hand engine . replaced gasket .,intake; engine; gasket,leaks,replaced
104666,nose landing gear down lock aft trunnion bolt loose on right-hand . tightened bolt .,trunnion bolt; bolt,loose,tightened
104667,"intakes 2 , 3 and 4 leaking on left-hand engine . removed and replaced gaskets .",intakes; engine; gaskets,leaking,removed; replaced
104668,sniffler valves dirty . cleaned valves .,sniffler valves; valves,dirty,cleaned
104669,number 3 intake leaking on right-hand engine . removed and replaced gasket .,intake; engine; gasket,leaking,removed; replaced
104670,"intakes 2 , 3 and 4 leaking on left-hand engine . removed and replaced gaskets .",intakes; engine; gaskets,leaking,removed; replaced
104671,"during preflight , when engine cover was removed , oil observe . inspected , found evidence of rocker cover gaskets leaki",engine cover; oil; rocker cover gaskets,leaki,removed; inspected
104672,front baffle seal torn . zip tied and applied silicone to baffle seal .,baffle seal; zip; zip tied; silicone,torn,applied
104673,"left-hand engine failed 3 times after coming to a stop after landing . inspected left-hand engine , no defects found . performed groun",engine,failed,inspected
104674,right-hand rear baffle insp hole worn . installed baffle patch .,baffle insp hole; baffle patch,worn,installed
104675,number 3 intake gasket leaking . removed and replaced gasket .,intake gasket; gasket,leaking,removed; replaced
104676,number 4 intake leaks . removed and replaced gasket .,intake; gasket,leaks,removed; replaced
104677,black forward cowl engine seal worn by intake filter . applied black silicone to front engine baffle seal .,cowl; cowl engine; engine; seal; intake filter; black silicone; baffle seal,worn,applied
104678,"end of flight ; engine overspeed 3350 then to parking . complied with lycoming , no defects noted .",engine,overspeed,complied
104679,number 2 and 4 intakes leaking on left-hand engine . removed and replaced gaskets .,intakes; engine; gaskets,leaking,removed; replaced
104680,right engine with sustained overspeed generally around 2720 . a . ran aircraft ; rpm checks good . for maintenance fligh,engine; aircraft,overspeed generally,ran; rpm checks; maintenance fligh
104681,"right-hand engine has oil leak on lift bolt . removed bolt , applied high temperature silicone and retorqued bo",engine; lift bolt; bolt; high temperature silicone,oil leak,removed; applied
104682,"mixture needs to be reset . set idle adjustment to specs , operations good .",,,set idle adjustment; operations
104683,number 2 cylinder intake o - ring unseated . removed and replaced gasket and o - ring .,cylinder; intake o - ring; gasket; o - ring,unseated,removed; replaced
104684,number 4 intake leaking . removed and replaced gasket .,intake; gasket,leaking,removed; replaced
104685,both baffle plugs damaged . replaced baffle plugs .,baffle plugs,damaged,replaced
104686,number 3 intake gasket leaking . removed and replaced gasket .,intake gasket; gasket,leaking,removed; replaced
104687,"number 1 , 2 and 3 intake tube gaskets leaking . installed new gaskets .",intake tube gaskets; gaskets,leaking,installed
104688,black seal for engine worn at intake . applied rtv to worn areas .,black seal; engine; intake; rtv,worn,applied
104689,number 1 cylinder exhaust valve failed . leak check good .,cylinder; exhaust valve,failed,leak check
104690,number 4 cylinder exhaust valve failed . leak and operations check good .,cylinder; exhaust valve,failed,leak and operations check
104691,"number 1 cylinder exhaust valve failed . installled forward baffle , side baffle , alternator and attach",cylinder; exhaust valve; baffle; alternator,failed,installled
104692,"number 1 cylinder exhaust valve failed . removed forward baffle , side baffle , alternator and attaching",cylinder; exhaust valve; baffle; alternator,failed,removed
104693,number 4 cylinder exhaust valve failed . installed and torqued injector line . reinstalled number 4 cylinder and,cylinder; exhaust valve; injector line,failed,installed; torqued; reinstalled
104694,number 4 cylinder exhaust valve failed . removed number 4 cylinder side and aft baffle . removed number 4 injector l,cylinder; exhaust valve; baffle; injector,failed,removed
104695,2 and 3 intakes leaking . replaced intake gaskets .,intakes; intake gaskets,leaking,replaced
104696,"number 4 cylinder failed . removed baffling , intake , exhaust , oil return and injector lin",cylinder; baffling; intake; exhaust; oil return; injector,failed,removed
104697,"number 4 cylinder failed . reinstalled exhaust , intake , injection line and baffling .",cylinder; exhaust; intake; injection line; baffling,failed,reinstalled
104698,number 3 cylinder intake left-hand engine leaks . replaced gasket .,cylinder; intake; engine; gasket,leaks,replaced
104699,"left-hand engine number 2 cylinder has low compression . ran aircraft , operations and leak check good .",engine; cylinder; aircraft,low,ran; operations; leak check
104700,"left-hand engine number 2 cylinder has low compression . removed baffling , number 2 intake tube , number 2 exhaust tube , number 2 and",engine; cylinder; baffling; intake tube; exhaust tube,low,removed
104701,"left-hand engine number 2 cylinder has low compression . reinstalled lifters , push rods and rockers . intake passed",engine; cylinder; lifters; push rods; rockers; intake,low,reinstalled
104702,left-hand engine number 2 cylinder has low compression . removed intake and exhaust valves . removed and replaced exhaust,engine; cylinder; intake; exhaust valves; exhaust,low,removed; replaced
104703,"left-hand engine number 2 cylinder has low compression . temporarily reinstalled exhaust push rod , rocker and rock",engine; cylinder; exhaust push rod; rocker,low,reinstalled
104704,"left-hand engine number 2 cylinder has low compression . removed rocker cover , exhaust rocker and exhaust push rod",engine; cylinder; rocker cover; exhaust rocker; exhaust push rod,low,removed
104705,number 2 intake leaking . removed and replaced gasket .,intake; gasket,leaking,removed; replaced
104706,"number 2 , 3 and 4 intake gaskets leaking . replaced gaskets .",intake gaskets; gaskets,leaking,replaced
104707,screw for engine baffle behind oil dipstick tube loose . tightened screw .,screw; engine; baffle; oil dipstick tube,loose,tightened
104708,number 2 intake leaking on left-hand engine . installed new gasket .,intake; engine; gasket,leaking,installed
104709,number 3 and 4 intakes leaking on right-hand engine . installed new intake gaskets .,intakes; engine; intake gaskets,leaking,installed
104710,number 2 cylinder baffle missing screw . installed screw .,cylinder; baffle; screw,missing,installed
104711,"number 3 and 4 intake gaskets are leaking . ok , oil on edges .",intake gaskets; oil; edges,leaking,
104712,number 4 cylinder needs to be changed failed . finished engine assembly .,cylinder; engine assembly,failed,changed
104713,number 3 cylinder needs to be changed failed . finished engine assembly .,cylinder; engine assembly,failed,changed
104714,"cylinder number 4 exhaust valve lash is excessive . installed number 31 push rod , lash check good .",cylinder; exhaust valve; number 31 push rod,excessive,installed; lash check
104715,"cylinder number 2 , 3 , 1 cht recepticles require replacement . installed new cht receptacles .",cylinder; cht recepticles; cht receptacles,,replacement; installed
104716,cylinder number 2 intake rocker arm requires replacement . removed and replaced arm with serviceable .,cylinder; intake rocker arm; arm,,replacement; removed; replaced
104717,"number 2 cylinder needs to be changed failed . removed baffling , cylinder , piston and attaching hardware .",cylinder; baffling; piston; attaching hardware,failed,changed; removed
104718,"number 4 cylinder needs to be changed failed . removed baffling , cylinder , pistons and attaching hardware .",cylinder; baffling; pistons; attaching hardware,failed,changed; removed
104719,number 1 cylinder needs to be changed failed . removed number 1 cylinder and piston . installed piston rings and cylinder .,cylinder; piston; piston rings,failed,changed; removed; installed
104720,number 2 cylinder needs to be changed failed . installed piston rings and cylinder . lubed and torqued cylinder base,cylinder; piston rings; cylinder base,failed,changed; installed; lubed; torqued
104721,number 3 cylinder needs to be changed failed . removed number 3 cylinder and piston . installed piston rings and cylinder .,cylinder; piston; piston rings,failed,changed; removed; installed
104722,number 4 cylinder needs to be changed failed . installed piston rings and cylinder . lubed and torqued cylinder base,cylinder; piston rings; cylinder base,failed,changed; installed; lubed; torqued
104723,"number 1 cylinder needs to be changed failed . removed forward baffle , muffler , alternator , intake and lines",cylinder; baffle; muffler; alternator; intake; lines,failed,changed; removed
104724,"number 1 cylinder needs to be changed failed . installed intake tube , cht probe , intercyl baffling , ba",cylinder; intake tube; cht probe; intercyl baffling,failed,changed; installed
104725,"number 2 cylinder needs to be changed failed . installed intake tube , cht probe , intercyl baffling , ba",cylinder; intake tube; cht probe; intercyl baffling,failed,changed; installed
104726,"number 3 cylinder needs to be changed failed . removed aft baffle , intake lines oil and fuel and oil coo",cylinder; baffle; intake lines; intake lines oil; oil; fuel; oil coo,failed,changed; removed
104727,"number 3 cylinder needs to be changed failed . installed intake tube , baffles , cht probe , wiring and injector",cylinder; intake tube; baffles; cht probe; wiring; injector,failed,changed; installed
104728,"number 4 cylinder needs to be changed failed . installed intake tube , cht probe , wiring , injector line",cylinder; intake tube; cht probe; wiring; injector line,failed,changed; installed
104729,aft right-hand screw for baffle by dipstick loose . tightened screw .,screw; baffle; dipstick,loose,tightened
104730,forward baffle seal worn by engine intake . applied sealant to baffle .,baffle seal; engine; intake; sealant; baffle,worn,applied
104731,evidence of oil leak on pilot side of engine . insp and found to be old oil . cleaned engine .,engine; oil,oil leak,insp; cleaned
104732,"number 1 , 3 cylinder baffle tension cable broken . installed new tension cable .",cylinder; baffle tension cable; tension cable,broken,installed
104733,number 4 intake gasket leaking . removed and replaced gasket .,intake gasket; gasket,leaking,removed; replaced
104734,number 3 intake gasket leaking . removed and replaced gasket .,intake gasket; gasket,leaking,removed; replaced
104735,right-hand baffle tie broken . removed and replaced baffle tie .,baffle tie,broken,removed; replaced
104736,number 3 aft baffle attach fitting cracked . removed and replaced attach fitting .,baffle attach fitting; attach fitting,cracked,removed; replaced
104737,scroll needs to be cleaned . cleaned scroll .,scroll,,cleaned
104738,left-hand engine baffle deflector cracked . patched baffle .,engine; baffle,cracked,patched
104739,left-hand engine baffle cracked . removed and replaced baffle .,engine; baffle,cracked,removed; replaced
104740,number 1 intake tube needs to be replaced . installed intake tube .,intake tube,,replaced; installed
104741,number 3 intake tube needs to be replaced . installed intake tube .,intake tube,,replaced; installed
104742,right-hand engine baffle deflector cracked . replaced baffle deflector .,engine; baffle,cracked,replaced
104743,engine needs to be removed for metal found in oil . sealed baffles .,engine; baffles,metal found in oil,removed; sealed
104744,engine needs to be removed for metal found in oil . removed engine from airframe .,engine; airframe,metal found in oil,removed
104745,engine needs to be removed for metal found in oil . washed fuselage and baffles . installed scroll and cleaned .,engine; fuselage; baffles; scroll,metal found in oil,removed; washed; installed; cleaned
104746,"engine needs to be removed for metal found in oil . installed oil coolers and lines on coolers , adel clamp and",engine; oil coolers; lines; coolers; adel clamp,metal found in oil,removed; installed
104747,engine needs to be removed for metal found in oil . removed and cleaned baffling from engine . began transferr,engine; baffling,metal found in oil,removed; cleaned; began transferr
104748,engine needs to be removed for metal found in oil . installed starter from original engine . removed and clean,engine; starter,metal found in oil,removed; installed; clean
104749,engine needs to be removed for metal found in oil . replaced baffle felt . began installing engine baffling .,engine; baffle felt; engine baffling,metal found in oil,removed; replaced; began installing
104750,engine needs to be removed for metal found in oil . installed engine on airframe . began routing fuel lines .,engine; airframe; fuel lines,metal found in oil,removed; installed; began routing
104751,engine needs to be removed for metal found in oil . installed top baffle and applied sealant . installed and tor,engine; baffle; sealant,metal found in oil,removed; installed; applied
104752,engine needs to be removed for metal found in oil . completed engine installation . torqued hanger nuts . check feet,engine; hanger nuts,metal found in oil,removed; completed engine installation; torqued; check
104753,"manifold psi was high in hover , 26 in . performed low rotor r . removed and replaced all intake gaskets and seals .",manifold psi; intake gaskets; seals,,removed; replaced
104754,"manifold psi was high in hover , 26 in . performed low rotor r . ran aircraft , confirmed knocking noise from pass down . found",aircraft; pass down,high; knocking noise,ran; confirmed
104755,cylinder number 2 requires new rocker cover gasket . removed and replaced gasket with new .,cylinder; rocker cover gasket; gasket,,removed; replaced
104756,number 1 intake gasket is leaking . replaced gasket .,intake gasket; gasket,leaking,replaced
104757,"number 2 , 3 , 4 intakes leaking on left-hand engine . installed new gaskets .",intakes; engine; gaskets,leaking,installed
104758,"number 1 , 2 , 3 and 4 intakes leaking on right-hand engine . installed all new gaskets .",intakes; engine; gaskets,leaking,installed
104759,number 3 intake gasket leaking . removed and replaced gasket .,intake gasket; gasket,leaking,removed; replaced
104760,"upon leaning mixture on ground ; engine quit . restarted , sput . ran aircraft , warmed engine for 5 minutes . all checks good .",engine; aircraft,quit; sput,restarted; ran; warmed; checks
104761,number 1 and 3 intake gaskets leaking . installed new gaskets .,intake gaskets; gaskets,leaking,installed
104762,number 2 and 3 intake gaskets leaking . removed and replaced gaskets .,intake gaskets; gaskets,leaking,removed; replaced
104763,left-hand forward engine seal needs rivet . installed new rivet .,engine; seal; rivet,,installed
104764,number 4 intake gasket leaking . removed and replaced gasket .,intake gasket; gasket,leaking,removed; replaced
104765,"forward black baffle seal loose , right-hand lower side . secured seal with rivet .",black baffle seal; seal; rivet,loose,secured
104766,number 2 intake tube gasket leaking . removed and replaced gasket .,intake tube gasket; gasket,leaking,removed; replaced
104767,number 4 intake leaking . removed and replaced gasket .,intake; gasket,leaking,removed; replaced
104768,"number 4 cylinder compression below 40 psi . leaking past exhaust . serviced engine with 8 quarts mineral oil . ran aircraft , operations and leak",cylinder; exhaust; engine; mineral oil; aircraft,leaking; leak,serviced; ran; operations
104769,number 4 cylinder compression below 40 psi . leaking past exhaust . removed air intake box . removed muffler and stacks . remov,cylinder; exhaust; air intake box; muffler; stacks,leaking past,removed
104770,number 4 cylinder compression below 40 psi . leaking past exhaust . installed repaired cylinder assembly with new base o - ring . to,cylinder; exhaust; cylinder assembly,leaking,installed
104771,number 4 cylinder compression below 40 psi . leaking past exhaust . removed and replaced exhaust push rod with - 29 push rod . exhaust,cylinder; exhaust; exhaust push rod; 29 push rod,leaking,removed; replaced
104772,"during aircraft run up , engine failed on right magneto . engine fa . started engine using normal procedures . run up engine ,",engine; magneto,failed,started; run up
104773,right-hand baffle plug requires a patch . installed patch on baffling .,baffle plug; patch; baffling,,installed
104774,number 2 and 4 cylinder intake gaskets leaking . removed and replaced gaskets .,cylinder; intake gaskets; gaskets,leaking,removed; replaced
104775,number 2 cylinder side baffle missing bolt . installed bolt in number 2 cylinder side baffle .,cylinder; baffle; bolt,missing,installed
104776,number 3 rocker gasket leaking . removed and replaced gasket .,rocker gasket; gasket,leaking,removed; replaced
104777,"aircraft is barely capable of a 1 foot hover at limiting manifold . inspected intake tubes , gaskets and o - rings , no defects .",aircraft; intake tubes; gaskets; o - rings,barely capable,inspected
104778,aircraft began to leak large quantities of oil out of right cowli . cleaned aircraft and engine compartment . found oil leaking fro,aircraft; oil; cowli; engine compartment,began to leak; began to leak large; leaking,cleaned
104779,"engine backfired while in a hover . performed ground run , adjusted idle and mixture settings ,",engine,backfired,ground run; adjusted
104780,engine backfired while in a hover . replaced cylinder number 1 induction tube and gaskets . ground run re,engine; cylinder; induction tube; gaskets,backfired,replaced; ground run
104781,number 3 intake tube gasket leaking . removed and replaced intake gasket .,intake tube gasket; intake gasket,leaking,removed; replaced
104782,black seal wearing against engine intake filter . applied black rtv .,black seal; engine; intake filter; black rtv,wearing,applied
104783,number 3 intake leaking on right-hand engine . removed and replaced gasket .,intake; engine; gasket,leaking,removed; replaced
104784,black seal for forward baffle needs rtv . sealed area with rtv .,black seal; baffle; rtv,,sealed
104785,"screw for baffle , behind oil dipstick tube , loose . tightened screw .",screw; baffle; oil dipstick tube,loose,tightened
104786,"number 1 and 3 intakes leak . removed , cleaned and replaced with new intake gaskets .",intakes; intake gaskets,leak,removed; cleaned; replaced
104787,number 1 and 2 cylinder intake gaskets leaking . removed and replaced gaskets .,cylinder; intake gaskets; gaskets,leaking,removed; replaced
104788,number 2 cylinder rocker cover gasket leaking . removed and replaced gasket .,cylinder; rocker cover gasket; gasket,leaking,removed; replaced
104789,number 2 rocker cover leaking . removed and replace gasket .,rocker cover; gasket,leaking,removed; replace
104790,"on climb , noticed m volts dropped to 26 , rpm was constant . o . ran aircraft , could not duplicate .",aircraft,,ran
104791,number 4 and 3 intakes leaking on right-hand engine . installed new intake gaskets .,intakes; engine; intake gaskets,leaking,installed
104792,"left-hand engine number 3 , 4 intake gaskets leaking . removed and replaced with new gaskets .",engine; intake gaskets; gaskets,leaking,removed; replaced
104793,patch on right-hand upper baffle has small crack . stop drilled crack .,patch; upper baffle,crack,stop drilled
104794,"lower engine forward black baffle seal , by air filter , has worn spots . applied 2 part epoxy .",engine; black baffle seal; air filter; 2 part epoxy,worn,applied
104795,number 4 cylinder baffle piece damaged . replaced baffle section .,cylinder; baffle piece; baffle section,damaged,replaced
104796,"hardware on baffling , by starter , missing . replaced missing hardware .",hardware; baffling; starter,missing,replaced
104797,number 2 cylinder intake gasket leaking . removed and replaced gasket .,cylinder; intake gasket; gasket,leaking,removed; replaced
104798,"number 1 , 3 intake gaskets leaking . removed and replaced gaskets .",intake gaskets; gaskets,leaking,removed; replaced
104799,"number 3 , 4 rocker cover gaskets leaking . removed and replaced gaskets .",rocker cover gaskets; gaskets,leaking,removed; replaced
104800,baffle seal staples loose on number 1 cylinder baffle section . resecured baffle seal with pop rivets .,baffle seal staples; cylinder; baffle section; baffle seal; pop rivets,loose,resecured
104801,number 2 - 4 baffle interconnect rod broken . removed and replaced interconnect rod .,baffle interconnect rod; interconnect rod,broken,removed; replaced
104802,in traffic pattern heard ticking / chirping noise . only occure . ran aircraft at various power settings . could not duplicate,aircraft,ticking / chirping noise,ran
104803,number 2 intake gasket leaking . replaced gasket .,intake gasket; gasket,leaking,replaced
104804,left-hand engine number 4 intake gasket is leaking . replaced gasket .,engine; intake gasket; gasket,leaking,replaced
104805,number 2 cylinder rocker cover gasket leaking on left-hand engine . removed and replaced gasket .,cylinder; rocker cover gasket; engine; gasket,leaking,removed; replaced
104806,"number 2 , 3 , 4 intake gaskets leaking on left-hand engine . removed and replaced with new gaskets .",intake gaskets; engine; gaskets,leaking,removed; replaced
104807,left-hand engine number 1 cylinder forward baffle seal needs to be secured . secured forward baffle seal .,engine; cylinder; baffle seal,,secured
104808,number 4 intake leaking . removed and replaced gasket .,intake; gasket,leaking,removed; replaced
104809,number 1 rocker cover leaking . removed and replaced gasket .,rocker cover; gasket,leaking,removed; replaced
104810,number 2 intake gasket leaking . removed and replaced gasket with new .,intake gasket; gasket,leaking,removed; replaced
104811,"left-hand engine , cylinder number 2 compression 20 / 80 ; leaking out of exhaust va . leak check good .",engine; cylinder; exhaust va,leaking,leak check
104812,"left-hand engine , cylinder number 2 compression 20 / 80 ; leaking out of exhaust va . removed cylinder assembly and replaced with repaired cylinder assembly . insta",engine; cylinder; exhaust va; cylinder assembly,leaking,removed; replaced
104813,number 3 intake leaking on right-hand engine . replaced intake gasket .,intake; engine; intake gasket,leaking,replaced
104814,"2 , 3 and 4 intakes leaking on left-hand engine . removed and replaced gaskets .",intakes; engine; gaskets,leaking,removed; replaced
104815,bracket support for engine oil cooler baffle cracked . replaced bracket made out of stainless steel .,bracket support; engine; oil cooler; baffle; bracket; stainless steel,cracked,replaced
104816,left front baffling has a crack . stop drilled crack .,baffling,crack,stop drilled
104817,cylinder number 4 aft baffle is cracked . stop drilled .,cylinder; baffle,cracked,stop drilled
104818,left-hand side of engine case plug leaking oil . operations and leak check good .,engine; case plug; oil,leaking,operations; leak check
104819,"left-hand side of engine case plug leaking oil . removed plug , cleaned thread . applied new sealant and rei",engine; case plug; oil; plug; thread; sealant,leaking,removed; cleaned; applied
104820,number 2 intake gasket leaking . replaced gasket .,intake gasket; gasket,leaking,replaced
104821,number 2 intake is leaking . installed new gasket .,intake; gasket,leaking,installed
104822,"number 1 - 3 baffle tie wire loose , rubbing number 1 drain tube . installed new tie wire , inspected oil drain tube - no d",baffle tie wire; drain tube; tie wire; oil drain tube,loose; rubbing,installed; inspected
104823,"during flight , rpm exceeded 2700 for a few seconds . downloaded flight data . found overspeed to be momentary",flight data,exceeded; overspeed,downloaded
104824,number 2 and 4 intake gaskets leaking . removed and replaced gaskets .,intake gaskets; gaskets,leaking,removed; replaced
104825,"engine started and idled normally for about 2 minutes , then su . performed ground run , no defects noted . operations good .",engine,,ground run; operations
104826,"engine started and idled normally for about 2 minutes , then su . inspected aircraft engine . cleaned both sniffler valves . rem",engine; aircraft; sniffler valves,,inspected; cleaned
104827,right-hand engine top backbone seeping oil . retorqued top back bolts .,engine; backbone; oil; back bolts,seeping,
104828,"number 3 , 4 intake gaskets leaking on right-hand engine . installed new gaskets .",intake gaskets; engine; gaskets,leaking,installed
104829,"right-hand engine top backbone seeping oil . performed ground run , leak checked good .",engine; backbone; oil,seeping,ground run; leak checked
104830,number 3 cylinder forward baffle plug missing . installed new plug .,cylinder; baffle plug; plug,missing,installed
104831,"during run up magneto check ; rpm dropped normally , but would rise and . ran aircraft , operations check good . could not duplicate discrepancy .",magneto; aircraft,rpm dropped normally; would rise,ran; operations check
104832,left-hand engine number 3 rocker cover leaking . replaced gasket .,engine; rocker cover; gasket,leaking,replaced
104833,right-hand engine number 3 rocker cover leaking . replaced gasket .,engine; rocker cover; gasket,leaking,replaced
104834,right-hand engine inboard baffle tie broken . removed and replaced baffle tie .,engine; baffle tie,broken,removed; replaced
104835,pilot requested start assist . started aircraft .,aircraft,,start assist; started
104836,number 4 intake is leaking . removed and replaced with new gasket .,intake; gasket,leaking,removed; replaced
104837,"right-hand baffle spring broken , baffle chafing on number 3 oil return li . inspected and found to be ok for service .",baffle spring; baffle; oil return,broken; chafing,inspected
104838,number 1 and 2 intake gaskets leaking . removed and replaced with new gaskets .,intake gaskets; gaskets,leaking,removed; replaced
104839,right-hand engine number 4 intake gasket leaking . removed and replaced gasket .,engine; intake gasket; gasket,leaking,removed; replaced
104840,"left-hand engine number 2 , 1 intake gaskets leaking . removed and replaced intake gaskets .",engine; intake gaskets,leaking,removed; replaced
104841,number 1 and 4 intakes leaking . replaced gaskets .,intakes; gaskets,leaking,replaced
104842,pilot requires start assist . started aircraft .,aircraft,,start assist; started
104843,pilot requires start assist . started aircraft .,aircraft,,start assist; started
104844,pilot requests idle adjustment . adjusted idle speed .,,,idle adjustment; adjusted
104845,lower oil cooler line resting on accessory plate stud . repositioned lower oil cooler line .,oil cooler line; accessory plate stud,,repositioned
104846,number 3 and 4 cylinder rocker covers leaking . removed and replaced gaskets .,cylinder; rocker covers; gaskets,leaking,removed; replaced
104847,screw missing on number 2 cylinder baffle and standoff . installed screw and washer .,screw; cylinder; baffle; standoff; washer,missing,installed
104848,oil cooler lower fitting is loose . leak check good .,oil cooler; fitting,loose,leak check
104849,right-hand forward baffle seal loose . resecured baffle seal .,baffle seal,loose,resecured
104850,oil cooler lower fitting is loose . tightened fitting .,oil cooler; fitting,loose,tightened
104851,number 2 intake gasket leaking . removed and replaced gasket with new .,intake gasket; gasket,leaking,removed; replaced
104852,lower oil cooler oil line needs to be repositioned . leak check good .,oil cooler oil line,,repositioned; leak check
104853,lower oil cooler oil line needs to be repositioned . repositioned line .,oil cooler oil line; line,,repositioned
104854,number 2 and 4 cylinder inboard baffle wire is outside inner cylinder baffle . repositioned wire .,cylinder; baffle wire; baffle; wire,,repositioned
104855,number 4 intake leaking . removed and replaced gasket .,intake; gasket,leaking,removed; replaced
104856,maintenance flight required for m / r leak . completed removal of engine from aircraft . began disconnecti,engine; aircraft,m / r leak,maintenance flight; completed removal; began disconnecti
104857,maintenance flight required for m / r leak . installed and connected engine in accordance with,engine,,maintenance flight; installed; connected
104858,"number 2 , 4 intake gaskets leaking . removed and replaced gaskets .",intake gaskets; gaskets,leaking,removed; replaced
104859,front black seal for engine cowl needs rtv for worn spots . rtv applied where needed .,black seal; engine; cowl; rtv,worn,rtv applied
104860,"cht gauge drops to zero , moves erratically within green band and . removed and replaced cht probe . ground ran aircraft , operations check go",cht gauge; cht probe; aircraft,drops to zero; moves erratically,removed; replaced; ground ran; operations check
104861,rivet pulled through on number 4 cylinder baffle seal . installed new pop rivet in seal .,rivet; cylinder; baffle seal; pop rivet; seal,pulled through,installed
104862,baffle seal section by air filter needs repair . repaired seal section with silicone and new pop rivets .,baffle seal section; air filter; seal section; silicone; pop rivets,,repair; repaired
104863,number 1 cylinder intake leaks . replaced gasket .,cylinder; intake; gasket,leaks,replaced
104864,"screw , behind oil dipstick for baffle , loose . tightened screw .",screw; oil dipstick; baffle,loose,tightened
104865,front seal loose and has worn spots baffle seal . secured seal and put rtv at worn spots .,seal; baffle seal; rtv,loose; worn,secured; put
104866,"number 3 , 4 intake gaskets leaking . removed and replaced with new gaskets .",intake gaskets; gaskets,leaking,removed; replaced
104867,baffle bracket cracked on number 3 cylinder . removed baffle section and oil pressure line . replaced br,baffle bracket; cylinder; baffle section; oil pressure line,cracked,removed; replaced
104868,number 2 cylinder has low compression 58 / 80 . ran up aircraft to operating temperature and rechecked compres,cylinder; aircraft,low,ran up; rechecked
104869,screw missing from right-hand aft baffle . installed new screw .,screw; baffle,missing,installed
104870,number 3 cylinder intake gasket leaking . removed and replaced with new intake gasket .,cylinder; intake gasket,leaking,removed; replaced
104871,number 3 and 4 intakes leaking . removed and replaced intake gaskets .,intakes; intake gaskets,leaking,removed; replaced
104872,baffle by starter worn through and cracked . removed left-hand forward baffle and fabricated patch from like mat,baffle; starter; patch; like mat,worn through; cracked,removed; fabricated
104873,number 2 rocker cover gasket leaking . removed and replaced gasket .,rocker cover gasket; gasket,leaking,removed; replaced
104874,number 2 intake is leaking . removed and replaced gasket .,intake; gasket,leaking,removed; replaced
104875,number 3 intake gasket leaking . removed and replaced with new gasket .,intake gasket; gasket,leaking,removed; replaced
104876,screw missing on number 1 cylinder baffle section . replaced with new screw .,screw; cylinder; baffle section,missing,replaced
104877,number 3 rocker gasket is leaking . removed and replaced with new silicone gasket .,rocker gasket; silicone gasket,leaking,removed; replaced
104878,oil cooler bolt removed . reinstalled bolt,oil cooler bolt; bolt,,removed; reinstalled
104879,left-hand engine inboard forward baffle screw loose . removed cowling to access screw . tightened screw . insta,engine; baffle screw; cowling; access screw; screw,loose,removed; tightened
104880,left-hand engine oil cooler baffle corner needs to be insp . remove fo . completed installation of baffle .,engine; oil cooler; baffle corner; baffle,,insp; remove; completed installation
104881,baffle seal on right front cylinder needs to be replaced . replaced with new baffle seal . secured with pop rivets .,baffle seal; cylinder; pop rivets,,replaced; secured
104882,left-hand number 3 and 4 intake gaskets leaking . removed and replaced gaskets .,intake gaskets; gaskets,leaking,removed; replaced
104883,engine intake boot torn . replaced boot .,engine; intake boot; boot,torn,replaced
104884,number 4 cylinder intake gasket leaking . removed and replaced gasket .,cylinder; intake gasket; gasket,leaking,removed; replaced
104885,"number 2 , 4 intake gaskets are leaking . removed and replaced gaskets .",intake gaskets; gaskets,leaking,removed; replaced
104886,engine shaking and roughness on start up . completed reassembly of engine . serviced engine with mine,engine,shaking; roughness,completed reassembly; serviced
104887,number 2 and 4 intakes leaking . replaced gaskets .,intakes; gaskets,leaking,replaced
104888,number 3 cylinder has low compression . for cylinder replacement .,cylinder,low,replacement
104889,baffle plugs worn . removed and replaced baffle plugs .,baffle plugs,worn,removed; replaced
104890,right-hand baffle plug hole needs doubler . installed doubler .,baffle plug hole; doubler,,installed
104891,number 4 cylinder oil drain line clamps loose . tightened clamps .,cylinder; oil drain line; clamps,loose,tightened
104892,number 2 cylinder intake gasket leaking . removed and replaced gasket .,cylinder; intake gasket; gasket,leaking,removed; replaced
104893,cylinder number 3 compression 18 / 80 . began disassembly of accessories to facilitate cylinder,cylinder; accessories,,began disassembly
104894,cylinder number 3 compression 18 / 80 . installed and torqued new cylinder assembly . dry lash check good . ins,cylinder; cylinder assembly,,installed; torqued; dry lash check
104895,"cylinder number 3 compression 18 / 80 . completed installation of accessories , serviced sump with",cylinder; accessories; sump,,completed installation; serviced
104896,top oil cooler hose kinked and not secured . unkinked and secured hose .,oil cooler hose; hose,kinked; not secured,unkinked; secured
104897,left-hand engine number 1 and 3 cylinder baffle rod loose . tightened tie rod nut .,engine; cylinder; baffle rod; tie rod nut,loose,tightened
104898,number 3 cylinder baffle screw loose . tightened screw .,cylinder; baffle screw; screw,loose,tightened
104899,left baffle loose number 2 cylinder baffle seal . reattached baffle seal .,baffle; cylinder; baffle seal,loose,reattached
104900,number 3 intake leaking . removed and replaced intake gasket .,intake; intake gasket,leaking,removed; replaced
104901,"right-hand engine number 2 , 4 intake gaskets leaking . replaced intake gaskets .",engine; intake gaskets,leaking,replaced
104902,number 3 intake gasket leaking . removed and replaced gasket .,intake gasket; gasket,leaking,removed; replaced
104903,baffle plug is broken . removed and replaced baffle plug .,baffle plug,broken,removed; replaced
104904,right engine baffle seal loose on bottom corner . installed new seal in bottom corner .,engine; baffle seal; bottom corner; seal,loose,installed
104905,"angle broken , left-hand lower cowl outboard , near forward latch / pin hole . replaced bracket with part made of like material .",angle; cowl; latch / pin hole; bracket; part; like material,broken,replaced
104906,number 2 and 3 rocker cover gaskets leaking . removed and replaced gaskets .,rocker cover gaskets; gaskets,leaking,removed; replaced
104907,started engine and it ran well for about 30 seconds before los . removed engine baffles to facilitate performing of lyco,engine; baffles,,started; ran; removed
104908,"started engine and it ran well for about 30 seconds before los . started aircraft , engine ran smooth for 20 seconds and then be",engine; aircraft,,started
104909,started engine and it ran well for about 30 seconds before los . completed installation of baffles . ran up aircraft . operations and le,engine; baffles; aircraft,,started; ran; completed installation; ran up; operations
104910,started engine and it ran well for about 30 seconds before los . performed on cylinder number 4 . installed all rocker cover,engine; cylinder; rocker cover,,started; ran; installed
104911,number 3 aft baffle screw is loose . tightened loose screw .,baffle screw; screw,loose,tightened
104912,left-hand engine baffle access hole elongated . installed doubler patch in accordance with se standard reference material .,engine; baffle access hole; doubler patch,elongated,installed
104913,number 2 and 4 rocker cover leaking . removed and replaced gaskets .,rocker cover; gaskets,leaking,removed; replaced
104914,"propeller could use a dressing ; rough on edges . cht number 4 greater t . dressed propeller . ran aircraft , could not duplicate cht discrepancy",propeller could use; could use; edges; greater t; propeller; aircraft,rough,dressed; ran
104915,number 2 intake gasket leaking . removed and replaced gasket .,intake gasket; gasket,leaking,removed; replaced
104916,number 2 intake leaking . replaced gasket .,intake; gasket,leaking,replaced
104917,"number 2 , 4 rocker cover gaskets leaking . replaced number 2 gasket .",rocker cover gaskets; gasket,leaking,replaced
104918,"number 2 , 4 rocker cover gaskets leaking . replaced number 4 gasket .",rocker cover gaskets; gasket,leaking,replaced
104919,"number 2 , 3 intake gaskets leaking . removed and replaced gaskets .",intake gaskets; gaskets,leaking,removed; replaced
104920,right-hand number 3 intake gasket leaking . removed and replaced gasket .,intake gasket; gasket,leaking,removed; replaced
104921,number 1 intake is leaking . removed and replaced gasket .,intake; gasket,leaking,removed; replaced
104922,"propeller overspeed 2720 for 1 second . removed fdm card , researched data , found overspeed to b",propeller; fdm card; data,overspeed,removed; researched
104923,"number 3 cylinder cht greater than 200 degrees fahrenheit warmer than other cylinders . ran aircraft , could not duplicate discrepancy . all cht temps in",cylinder; aircraft,,ran
104924,number 1 intake tube gasket leaking . installed new gasket .,intake tube gasket; gasket,leaking,installed
104925,number 3 engine baffle mounting screw loose . tightened screw .,engine; baffle mounting screw; screw,loose,tightened
104926,right-hand baffle plug is missing . installed baffle plug,baffle plug,missing,installed
104927,right-hand baffle plug needs patch . installed baffle patch with rivets .,baffle plug; patch; baffle patch; rivets,,installed
104928,forward engine black seal worn at engine induction . applied silicone .,engine; black seal; induction; silicone,worn,applied
104929,number 3 and 4 intake gaskets are leaking . replaced gaskets .,intake gaskets; gaskets,leaking,replaced
104930,side baffle plug holes are worn out . installed riveted patches around holes .,baffle plug holes; patches; holes,worn,installed; installed riveted; riveted
104931,number 3 intake gasket leaking . removed and replaced gasket .,intake gasket; gasket,leaking,removed; replaced
104932,number 3 aft baffle bracket is cracked . removed and replaced baffle bracket .,baffle bracket,cracked,removed; replaced
104933,left-hand engine number 4 intake leaking . removed and replaced gasket .,engine; intake; gasket,leaking,removed; replaced
104934,baffle screw missing on number 2 cylinder baffle section . installed screw .,baffle screw; cylinder; baffle section; screw,missing,installed
104935,"at least 3 instances throughout flight ; the engine vibrated . ran aircraft , could not duplicate . removed cowl and checked compr",engine; aircraft; cowl,vibrated,ran; removed; checked
104936,"at least 3 instances throughout flight ; the engine vibrated . ran engine again , operations check good . maintenance flight to be performe",engine,vibrated,ran; operations check; maintenance flight
104937,engine started fine and ran at 1000 rpm . went to lean engine and . performed seasonal adjustment of idle speed and mixture .,engine,,started; ran; lean; seasonal adjustment
104938,number 3 intake leaking . removed and replaced gasket .,intake; gasket,leaking,removed; replaced
104939,number 2 and 3 rocker cover gaskets need to be replaced . removed and replaced gaskets .,rocker cover gaskets; gaskets,,replaced; removed
104940,number 3 intake leaking on right-hand engine . removed and replaced gasket .,intake; engine; gasket,leaking,removed; replaced
104941,"number 2 , 3 and 4 intakes leaking on left-hand engine . removed and replaced gaskets .",intakes; engine; gaskets,leaking,removed; replaced
104942,number 2 rocker cover leaking . removed and replaced gasket .,rocker cover; gasket,leaking,removed; replaced
104943,number 3 intake leaking on right-hand engine . removed and replaced gasket .,intake; engine; gasket,leaking,removed; replaced
104944,intake 2 and 3 leaking on left-hand engine . removed and replaced gaskets .,intake; engine; gaskets,leaking,removed; replaced
104945,right-hand rear engine baffle screw missing . installed new screw .,engine; baffle screw; screw,missing,installed
104946,number 3 cylinder rocker cover egt standoff broken . removed and replaced standoff .,cylinder; rocker cover; egt standoff; standoff,broken,removed; replaced
104947,right-hand engine number 3 intake gasket leaking . removed and replaced gasket .,engine; intake gasket; gasket,leaking,removed; replaced
104948,number 3 upper baffle seal missing on right-hand engine . replaced baffle seal .,baffle seal; engine,missing,replaced
104949,loose screw on forward oil cooler shroud . tightened screw .,screw; oil cooler shroud,loose,tightened
104950,"number 2 , 4 intercylinder baffle cracked . stop drilled crack .",intercylinder baffle,cracked; crack,stop drilled
104951,left-hand baffle plug damaged . replaced baffle plug .,baffle plug,damaged,replaced
104952,number 4 intake oil leak . inspected and found oil leak to be residual . cleaned area,intake,oil leak,inspected; cleaned
104953,number 3 intake leaking . removed and replaced intake gasket .,intake; intake gasket,leaking,removed; replaced
104954,"number 1 , 2 , 3 rocker covers leaking . removed and replaced gaskets .",rocker covers; gaskets,leaking,removed; replaced
104955,throttle loose at dash . tightened backing nut .,throttle; dash; backing nut,loose,tightened
104956,"grounding area for new engine needs paint removed . cleaned paint away , both sides of area .",grounding area; engine; paint,,removed; cleaned
104957,forward left-hand engine baffle needs small patch over large crack and stop . installed patch over area - like material standard reference material chapter 51 - 71 -,engine; baffle; patch; like material,crack,installed
104958,engine chip detectors are removed and waiting for o - rings . received o - rings . reinstalled chip plugs and safetied .,engine; chip detectors; o - rings; chip plugs,,removed; received; reinstalled; safetied
104959,during autorecovery engine rpm got to 3500 . changed oil and filter .,engine; oil; filter,,changed
104960,number 3 rocker cover gasket leaks . removed and replaced number 3 rocker cover gasket . leak check good,rocker cover gasket,leaks,removed; replaced; leak check
104961,during autorecovery engine rpm got to 3500 . reviewed - determined to be 8 % overspeed . began,engine,overspeed,reviewed; determined
104962,during autorecovery engine rpm got to 3500 . removed exhaust and performed to cylinder number 1 and complet,engine; exhaust; cylinder,,removed
104963,"during autorecovery engine rpm got to 3500 . removed rocker covers , number 2 and 4 side baffles . performed s",engine; rocker covers; baffles,,removed
104964,"during autorecovery engine rpm got to 3500 . installed left-hand and right-hand side baffles , rocker covers , clamps",engine; baffles; rocker covers; clamps,,installed
104965,number 2 intake leaking . replaced gasket .,intake; gasket,leaking,replaced
104966,right-hand rear engine baffle mount loose . resecured engine baffle mount .,engine; baffle mount,loose,resecured
104967,number 2 intake gasket leaking . removed and replaced gasket .,intake gasket; gasket,leaking,removed; replaced
104968,number 1 rocker cover gasket leaking . removed and replaced gasket .,rocker cover gasket; gasket,leaking,removed; replaced
104969,sniffler valves need to be cleaned . cleaned valves .,sniffler valves; valves,,cleaned
104970,forward engine black seal needs rtv where intake hits it . installed rtv in worn areas .,engine; black seal; rtv; intake,worn,installed
104971,paint was not removed around engine grounding point . removed paint and installed ground wire .,paint; engine; grounding point; ground wire,not removed,removed; installed
104972,"baffle screw by oil dipstick missing . removed dipstick tube , installed new screw , installed t",baffle screw; oil dipstick; dipstick tube; screw,missing,removed; installed
104973,both baffle plugs worn engine . removed and replaced both baffle plugs .,baffle plugs; engine,worn,removed; replaced
104974,right-hand baffle tie broken . installed new baffle tie .,baffle tie,broken,installed
104975,number 2 and 4 intake gaskets are leaking . replaced gaskets .,intake gaskets; gaskets,leaking,replaced
104976,left-hand engine center case bolt leaking oil . leak check good .,engine; center case bolt; oil,leaking,leak check
104977,right-hand engine number 3 cylinder has low compression 16 / 80 . operations and leak check good .,engine; cylinder,low,operations; leak check
104978,"left-hand engine center case bolt leaking oil . removed bolt , cleaned case , installed , torqued and sealed",engine; center case bolt; oil; bolt; case,leaking,removed; cleaned; installed; torqued; sealed
104979,right-hand engine number 3 cylinder has low compression 16 / 80 . removed and replaced cylinder and piston with new in accordance with lycoming dir,engine; cylinder; piston,low,removed; replaced
104980,"rpm went to red . removed fdm card , found to be less than 5 % . no defects",fdm card,went to red,removed
104981,"throttle idle , engine shutdown . performed ground run , could not duplicate . operations good .",engine,shutdown,ground run; operations
104982,number 3 intake tube gasket leaking . installed new intake gasket .,intake tube gasket; intake gasket,leaking,installed
104983,hardware missing at number 3 baffle . installed new hardware .,hardware; baffle,missing,installed
104984,number 4 intake gasket leaks . removed and replaced gasket .,intake gasket; gasket,leaks,removed; replaced
104985,number 2 and 4 intake gaskets leaking . replaced gaskets .,intake gaskets; gaskets,leaking,replaced
104986,number 2 intake is leaking . installed new gasket .,intake; gasket,leaking,installed
104987,"intakes 2 , 3 and 4 leaking on left-hand engine . removed and replaced gaskets .",intakes; engine; gaskets,leaking,removed; replaced
104988,number 4 and 3 intake leaking on right-hand engine . removed and replaced intake gaskets .,intake; engine; intake gaskets,leaking,removed; replaced
104989,crack on bottom outboard corner of aft baffle at left-hand oil cooler . stop drilled crack .,baffle; oil cooler,crack,stop drilled
104990,bracket broken for number 4 baffle . fabricated new bracket for number 4 baffle .,bracket; baffle,broken,fabricated
104991,clip for oil baffle cooler bracket worn . fabricated clip and installed .,clip; oil baffle cooler bracket,worn,fabricated; installed
104992,number 1 intake gasket leaking . installed new gasket .,intake gasket; gasket,leaking,installed
104993,number 4 intake leaking on left-hand engine . replaced intake gasket .,intake; engine; intake gasket,leaking,replaced
104994,number 1 and 3 intakes leaking on right-hand engine . replaced intake gaskets .,intakes; engine; intake gaskets,leaking,replaced
104995,number 1 rocker cover leaking on right-hand engine . removed and replaced rocker cover gasket .,rocker cover; engine; rocker cover gasket,leaking,removed; replaced
104996,engine baffle plugs are worn . removed and replaced both baffle plugs .,engine; baffle plugs,worn,removed; replaced
104997,number 2 intake gasket leaking . removed and replaced gasket .,intake gasket; gasket,leaking,removed; replaced
104998,"number 1 , 4 intake gaskets are leaking . removed and replaced gaskets .",intake gaskets; gaskets,leaking,removed; replaced
104999,number 1 and 2 intakes leaking . removed and replaced gaskets .,intakes; gaskets,leaking,removed; replaced
105000,engine to baffle attach fitting missing screw . replaced screw .,engine; baffle attach; baffle attach fitting; screw,missing,replaced
105001,number 2 intake leaking . installed new gasket .,intake; gasket,leaking,installed
105002,baffle screw missing above number 2 cylinder . installed screw .,baffle screw; cylinder; screw,missing,installed
105003,number 3 intake gasket leaks . removed and replaced gasket .,intake gasket; gasket,leaks,removed; replaced
105004,number 1 and 3 rocker cover gaskets leak . removed and replaced gaskets .,rocker cover gaskets; gaskets,leak,removed; replaced
105005,"screw for right-hand aft baffle , behind oil dipstick , loose . tightened screw .",screw; baffle; oil dipstick,loose,tightened
105006,"grounding wire to engine , paint not removed and bolt loose . removed paint and secured bolt .",grounding wire; engine; paint; bolt,not removed; loose,removed; secured
105007,"black baffle seal , forward engine , has small worn spot on left-hand side . installed rtv to worn area .",black baffle seal; baffle seal; engine; rtv,worn,installed
105008,engine baffle plugs worn . removed and replaced plugs .,engine; baffle plugs; plugs,worn,removed; replaced
105009,"number 1 , 3 rocker cover gaskets leaking . removed and replaced gaskets .",rocker cover gaskets; gaskets,leaking,removed; replaced
105010,right-hand rear baffle mounting screw is missing . installed new screw .,baffle mounting screw; screw,missing,installed
105011,number 2 intake leaks . removed and replaced gasket .,intake; gasket,leaks,removed; replaced
105012,both engine baffle plugs worn . replaced with new .,engine; baffle plugs,worn,replaced
105013,screw behind engine oil dipstick loose . tightened screw .,screw; engine; oil dipstick,loose,tightened
105014,black forward seal has worn spots . installed rtv to worn areas .,seal; rtv,worn,installed
105015,left-hand engine cylinder number 4 intake gasket is leaking . removed and replaced with new gasket .,engine; cylinder; intake gasket; gasket,leaking,removed; replaced
105016,1 baffle plug is damaged . removed and replaced baffle plug .,baffle plug,damaged,removed; replaced
105017,"rpm 2700 for 2 sec . read fdm card data , found to be less than 5 % . no defect",fdm card data,,read
105018,"propeller overspeed 2750 for 5 secs . inspected data on card . rpm found to 2703 . 4 , no action",propeller; data; card,overspeed,inspected
105019,unusual attitude power was added and engine reached approximately 280 . continued and started .,engine,,started
105020,unusual attitude power was added and engine reached approximately 280 . completed and . ran engine . operations and leak check,engine,,ran; operations; leak check
105021,"unusual attitude power was added and engine reached approximately 280 . reviewed lycoming , determined overspeed to fall",engine,overspeed,reviewed; determined
105022,baffle screw missing on number 3 cylinder . installed new screw .,baffle screw; cylinder; screw,missing,installed
105023,"rivet head sheared on alternator air door . removed rivet , installed new rivet in accordance with , chapter",rivet head; alternator; air door; rivet,sheared,removed; installed
105024,right-hand engine number 2 intake is leaking . replaced gasket .,engine; intake; gasket,leaking,replaced
105025,number 2 and 4 intakes leaking on left engine . replaced gaskets .,intakes; engine; gaskets,leaking,replaced
105026,number 3 baffle screw missing . replaced screw .,baffle screw; screw,missing,replaced
105027,"forward sniffler valve is leaking oil / fuel . there is a 6 inches puddle . inspected sniffler valves , no defects noted . removed sn",sniffler valve; oil / fuel; sniffler valves,leaking,inspected; removed
105028,number 4 intake is leaking . removed and replaced gasket .,intake; gasket,leaking,removed; replaced
105029,number 1 forward baffle seal loose . resecured seal .,baffle seal; seal,loose,resecured
105030,right-hand number 2 and 4 rocker cover gaskets leaking . removed and replaced with new gaskets .,rocker cover gaskets; gaskets,leaking,removed; replaced
105031,number 4 intake leaking . removed and replaced intake gasket .,intake; intake gasket,leaking,removed; replaced
105032,"left-hand engine , number 4 intake gasket leaking . replaced gasket .",engine; intake gasket; gasket,leaking,replaced
105033,1 baffle plug is damaged . replaced plug .,baffle plug; plug,damaged,replaced
105034,number 4 rocker cover gasket is leaking . replaced gasket .,rocker cover gasket; gasket,leaking,replaced
105035,baffle screws loose on number 3 cylinder baffle . leak check good .,baffle screws; cylinder; baffle,loose,leak check
105036,"3 , 4 intake gaskets leaking . removed and replaced gaskets .",intake gaskets; gaskets,leaking,removed; replaced
105037,baffle seal rivet pulled through on number 3 cylinder . replaced with bigger rivet .,baffle seal rivet; rivet; cylinder,pulled through,replaced
105038,"number 2 , 4 rocker cover gaskets leaking . removed and replaced with new gaskets .",rocker cover gaskets; gaskets,leaking,removed; replaced
105039,baffle screws loose on number 3 cylinder baffle . partially removed number 3 cylinder baffling secured screws and oil,baffle screws; cylinder; baffle; screws; oil,loose,partially removed; removed; secured
105040,left-hand engine number 3 intake gasket leaks . removed and replaced intake gasket .,engine; intake gasket,leaks,removed; replaced
105041,right-hand engine number 2 cylinder baffle seal loose . tightened rivets on seal .,engine; cylinder; baffle seal; rivets; seal,loose,tightened
105042,"right-hand engine number 2 , 3 intake leaking . removed and replaced gaskets .",engine; intake; gaskets,leaking,removed; replaced
105043,number 2 intake leaking on left-hand engine . replaced number 2 intake gasket .,intake; engine; intake gasket,leaking,replaced
105044,forward baffle seal loose at number 1 cylinder . resecured baffle material .,baffle seal; cylinder; baffle material,loose,resecured
105045,number 4 intake gasket leaking . removed and replaced gasket .,intake gasket; gasket,leaking,removed; replaced
105046,rocker cover screw missing on number 2 cylinder . installed new screw on rocker cover .,rocker cover screw; cylinder; screw; rocker cover,missing,installed
105047,oil leak discovered on number 2 cylinder . installed new number 2 rocker box cover gasket . resafetied bo,cylinder; rocker box cover gasket,oil leak,installed; resafetied
105048,number 2 and 4 intakes leaking . removed and replaced gaskets .,intakes; gaskets,leaking,removed; replaced
105049,oil leak on right forward cylinder intake tube . replaced leaking rocker cover gasket .,oil; cylinder; intake tube; rocker cover gasket,leak; leaking,replaced
105050,"high cylinder head temps , over 400 degrees . cleaned debris from cooler system . inspected cylinders",cylinder; debris; cooler system; cylinders,high,cleaned; inspected
105051,number 4 cylinder rocker cover gasket leaking . replaced gasket .,cylinder; rocker cover gasket; gasket,leaking,replaced
105052,"oil coming out of top left-hand cowling . ran up aircraft , leak check good .",oil; cowling; aircraft,coming out,ran up; leak check
105053,oil coming out of top left-hand cowling . removed cowling . cleaned engine .,oil; cowling; engine,coming out,removed; cleaned
105054,"oil coming out of top left-hand cowling . performed ground run , verified oil leakage at lifting ey",oil; cowling,coming out; oil leakage,ground run; verified
105055,right-hand engine over temperature 503 degrees . performed ground run ; all systems check good . checked compre,engine,over temperature,ground run; systems check; checked
105056,"number 2 , 3 , 4 intake gaskets on right-hand engine , leaking . removed and replaced gaskets .",intake gaskets; engine; gaskets,leaking,removed; replaced
105057,intake gasket leaking on left-hand engine number 4 cylinder . removed and replaced with new gasket .,intake gasket; engine; cylinder; gasket,leaking,removed; replaced
105058,"left-hand engine number 2 cylinder compression low . ran aircraft , leak check good .",engine; cylinder; aircraft,low,ran; leak check
105059,right-hand engine number 4 cylinder aft baffle has screw missing . replaced screw .,engine; cylinder; baffle; screw,missing,replaced
105060,"left-hand engine number 2 cylinder compression low . removed forward exhaust assembly , number 2 cylinder and baffles , right-hand side in",engine; cylinder; exhaust assembly; baffles,low,removed
105061,"forward baffle , by number 2 cylinder , cracked . stop drilled crack .",baffle; cylinder,cracked; crack,stop drilled
105062,number 2 and 4 intakes leaking . removed and replaced gaskets .,intakes; gaskets,leaking,removed; replaced
105063,number 4 cylinder intake leak . removed and replaced gasket .,cylinder; intake; gasket,leak,removed; replaced
105064,propeller strike requiring replacement of propeller . removed cowl . removed accessory housing . removed cranks,propeller strike; propeller; cowl; accessory housing; cranks,,replacement; removed
105065,"propeller strike requiring replacement of propeller . assembled accessory case , installed fuel pump , vacuum pump",propeller strike; propeller; accessory case; fuel pump; vacuum pump,,replacement; assembled; installed
105066,intakes 2 and 4 leaking . removed and replaced intake gaskets .,intakes; intake gaskets,leaking,removed; replaced
105067,"propeller overspeed in down draft equals 2730 rpm , 2 - 3 secs . pulled and analyzed sd card to find top overspeed of 2722",propeller; sd card,overspeed,pulled; analyzed
105068,number 4 cylinder baffle section damaged . removed and replaced baffle .,cylinder; baffle section; baffle,damaged,removed; replaced
105069,engine grounding bolt loose . tightened bolt .,engine; grounding bolt; bolt,loose,tightened
105070,right-hand engine number 3 intake gasket leaking . removed and replaced intake gasket .,engine; intake gasket,leaking,removed; replaced
105071,all hose clamps on rocker drains loose . tightened all hose clamps .,hose clamps; rocker drains,loose,tightened
105072,"2 , 3 and 4 intakes leaking . removed and replaced gaskets .",intakes; gaskets,leaking,removed; replaced
105073,number 1 cylinder baffle seal needs to be secured . resecured seal with pop rivets .,cylinder; baffle seal; seal; pop rivets,,secured; resecured
105074,"left-hand engine , number 3 rocker cover gasket leaks . removed and replaced gasket .",engine; rocker cover gasket; gasket,leaks,removed; replaced
105075,left-hand engine baffle seal loose by number 4 cylinder . riveted baffle seal to baffle .,engine; baffle seal; cylinder; baffle,loose,riveted
105076,standoff on cylinder number 3 broken . removed and replaced standoff .,standoff; cylinder,broken,removed; replaced
105077,2 and 4 intake gaskets leaking . removed and replaced gaskets .,intake gaskets; gaskets,leaking,removed; replaced
105078,both engine baffle plugs are worn . installed 2 new plugs .,engine; baffle plugs; plugs,worn,installed
105079,black forward seal on engine worn in spots and loose on left-hand side . applied rtv to worn areas and secured loose section .,seal; engine; rtv; section,worn; loose,applied; secured
105080,"during flight , left-hand engine was running rough . could not get v . magneto timing checked good . bore scoped cylinder number 4 ; no defects n",engine; cylinder,running rough,magneto timing checked; bore scoped
105081,"during flight , left-hand engine was running rough . could not get v . performed ground run , no defects noted . pulled engine d",engine,running rough,ground run; pulled
105082,"during run up , brought throttle to idle ; engine shutdown . ran aircraft and found low idle speed . adjusted idle speed . op",throttle; engine; aircraft,low; shutdown,ran; adjusted
105083,baffle plugs worn . removed and replaced baffle plugs .,baffle plugs,worn,removed; replaced
105084,left-hand engine number 2 and 4 intake gaskets leak . replaced both intake gaskets .,engine; intake gaskets,leak,replaced
105085,number 4 intake gasket leaking . removed and replaced gasket .,intake gasket; gasket,leaking,removed; replaced
105086,baffle seal is loose on forward bottom right-hand side . secured baffle seal .,baffle seal,loose,secured
105087,number 3 intake leaking . removed and replaced gasket .,intake; gasket,leaking,removed; replaced
105088,engine was sputtering like it was going to cut out at 1000 r . ran up engine . could not duplicate discrepancy . engine runs,engine; 1000 r,sputtering,ran up
105089,stuck valve on number 3 cylinder . damage to push rod and housing . reasssembled cylinder .,valve; cylinder; push rod; housing,stuck; damage,reasssembled
105090,stuck valve on number 3 cylinder . damage to push rod and housing . leak and operations check good .,valve; cylinder; push rod; housing,stuck; damage,leak and operations check
105091,"stuck valve on number 3 cylinder . damage to push rod and housing . removed cylinder assembly , installed new cylinder assembly using servicea",valve; cylinder; push rod; housing; cylinder assembly,stuck; damage,removed; installed
105092,number 3 and 2 intake gaskets leaking . removed and replaced gaskets .,intake gaskets; gaskets,leaking,removed; replaced
105093,sniffler valves dirty . cleaned sniffler valves .,sniffler valves,dirty,cleaned
105094,number 4 cylinder intake gasket leaks . replaced gasket .,cylinder; intake gasket; gasket,leaks,replaced
105095,number 2 and 4 upper leads need to be secured at battery cooling . used tie wrap standoff and secured .,upper leads; battery cooling; tie wrap standoff,,secured; used
105096,number 2 intake gasket leaking . replaced gasket .,intake gasket; gasket,leaking,replaced
105097,right-hand engine number 2 intake gasket leaking . installed new intake gasket .,engine; intake gasket,leaking,installed
105098,number 3 baffle needs to be patched . button plug hole has worn too . installed riveted patch and replaced both baffle plugs .,baffle; button plug hole; patch; baffle plugs,worn,patched; installed; replaced
105099,number 2 intake leaking on right-hand engine . removed and replaced gasket .,intake; engine; gasket,leaking,removed; replaced
105100,number 3 and 4 intakes leaking on left-hand engine . removed and replaced gaskets .,intakes; engine; gaskets,leaking,removed; replaced
105101,number 4 intake gasket leaking . removed and replaced gasket .,intake gasket; gasket,leaking,removed; replaced
105102,oversped propeller to 2720 rpm for approximately 1 second . removed data card from aircraft and downloaded data . complied with lycom,propeller; data card; aircraft; data,oversped,removed; downloaded; complied
105103,right-hand engine number 3 intake gasket leaks . removed and replaced gasket .,engine; intake gasket; gasket,leaks,removed; replaced
105104,number 2 front baffle is cracked . stop drilled crack .,baffle,cracked; crack,stop drilled
105105,right-hand engine baffle access hole elongated . installed a riveted patch .,engine; baffle access hole; patch,elongated,installed; riveted
105106,number 1 cylinder baffle unsecure . secured with rivets in 4 places .,cylinder; baffle unsecure; rivets,,secured
105107,number 4 intake gasket leaks . removed and replaced gasket .,intake gasket; gasket,leaks,removed; replaced
105108,number 4 intake leaking . replaced gasket .,intake; gasket,leaking,replaced
105109,number 4 intake gasket leaking . replaced gasket .,intake gasket; gasket,leaking,replaced
105110,"rough running engine on start up . found number 2 exhaust guide tight , with carbon . reamed all exhaust",engine; exhaust guide tight; carbon; exhaust,rough running,reamed
105111,number 2 and 3 intake gaskets leaking . removed and replaced intake gaskets .,intake gaskets,leaking,removed; replaced
105112,impeller is dirty . cleaned impeller .,impeller,dirty,cleaned
105113,"propeller was oversped to 2720 for 6 seconds . removed data card and reviewed information , found overspe",propeller; data card,oversped; overspe,removed; reviewed; found
105114,"right-hand baffle seal , by number 2 cylinder , torn . removed torn baffle seal .",baffle seal; cylinder,torn,removed
105115,right-hand number 2 rocker cover gasket leaks . removed and replaced gasket .,rocker cover gasket; gasket,leaks,removed; replaced
105116,"right-hand baffle seal , by number 2 cylinder , torn . made new seals and installed .",baffle seal; cylinder; seals,torn,made; installed
105117,right-hand number 3 intake gasket leaking . removed and replaced with new gasket .,intake gasket; gasket,leaking,removed; replaced
105118,left-hand engine outboard baffle tie rod broken . installed new baffle tie rod .,engine; baffle tie rod,broken,installed
105119,"right-hand number 1 , 3 oil return lines loose . repositioned and tightened number 1 and 3 oil return line clamps .",oil return lines; oil return line; clamps,loose,repositioned; tightened
105120,number 1 intake leaking . removed and replaced gasket . leak check good .,intake; gasket,leaking,removed; replaced; leak check
105121,forward right-hand baffle needs to be sealed . sealed baffle .,baffle,,sealed
105122,number 4 intake gasket leaking . removed and replaced gasket .,intake gasket; gasket,leaking,removed; replaced
105123,"upon engine start up ; when increasing throttle to 1200 to le . ran aircraft , performed fouled plug procedure . operations good . ran",throttle; aircraft,,ran; performed; operations
105124,"forward baffling , aft of alternator , is cracked . stop drilled crack .",baffling; alternator,cracked; crack,stop drilled
105125,right-hand baffle spring pulled through aft baffling . drilled new hole and installed new spring .,baffle spring; baffling; hole; spring,pulled through,drilled; installed
105126,number 4 intake gasket leaks . removed and replaced gasket .,intake gasket; gasket,leaks,removed; replaced
105127,number 2 and 4 intakes leaking . removed and replaced gaskets .,intakes; gaskets,leaking,removed; replaced
105128,baffle plugs worn . removed and replaced baffle plugs .,baffle plugs,worn,removed; replaced
105129,number 4 intake gasket leaking . removed and replaced gasket .,intake gasket; gasket,leaking,removed; replaced
105130,number 3 intake is leaking . removed and replaced gasket .,intake; gasket,leaking,removed; replaced
105131,left-hand baffle cracked by number 3 cylinder . stop drilled crack .,baffle; cylinder,cracked; crack,stop drilled
105132,left-hand number 3 intake gasket leaking . removed and replaced gasket .,intake gasket; gasket,leaking,removed; replaced
105133,"left-hand engine runs at 2700 , right-hand only 2600 . adjusted fine adjustment screw on governor 4 turns coun",engine; only 2600; adjustment screw; governor 4 turns coun,runs,adjusted
105134,number 1 intake leaking . removed and replaced gasket .,intake; gasket,leaking,removed; replaced
105135,number 1 and 4 rocker covers leaking . removed and replaced gaskets .,rocker covers; gaskets,leaking,removed; replaced
105136,engine baffle seal loose by number 1 cylinder . resecured baffle seal .,engine; baffle seal; cylinder,loose,resecured
105137,"on climb out , had an audible rpm drop and loss of 400 rpm . engine . performed ground run ; unable to duplicate . performed co",engine,audible rpm drop,ground run
105138,"engine ran very rough a few different times in pattern . rpm . ran aircraft , performed magneto check several times - no defects . r",engine; aircraft,ran very rough,ran; magneto check
105139,"oil breather leaking . removed cowling and cleaned engine . ran aircraft , found access",oil breather; cowling; engine; aircraft,leaking,removed; cleaned; ran
105140,"oil breather leaking . removed oil sump , replaced gasket , reinstalled oil sump",oil breather; oil sump; gasket,leaking,removed; replaced; reinstalled
105141,cylinder number 4 intake gasket leaking . removed and replaced gasket .,cylinder; intake gasket; gasket,leaking,removed; replaced
105142,propeller overspeed to 2630 . inspected data from fdm card . found to be 2667 . 8 ; which,propeller; fdm card,overspeed,inspected
105143,number 3 aft baffle is cracked . stop drilled crack .,baffle,cracked; crack,stop drilled
105144,right-hand forward engine baffle cracked . stop drilled crack .,engine; baffle,cracked; crack,stop drilled
105145,right-hand baffle by number 1 cylinder cracked . stop drilled crack .,baffle; cylinder,cracked; crack,stop drilled
105146,"right-hand number 1 , 2 intake gaskets leaking . removed and replaced intake gaskets .",intake gaskets,leaking,removed; replaced
105147,left-hand engine number 2 cylinder compression low . operations and leak check good .,engine; cylinder,low,operations; leak check
105148,left-hand engine number 2 cylinder compression low . removed hardware and attaching components to number 2 cylinder . remo,engine; cylinder; hardware; attaching components,low,removed
105149,oil cooler weather stripping loose . reattached weather stripping .,oil cooler; weather stripping,loose,reattached
105150,baffling cracked on number 1 cylinder . stop drilled crack .,baffling; cylinder,cracked; crack,stop drilled
105151,number 2 intake tube gasket leaking . installed new intake gasket .,intake tube gasket; intake gasket,leaking,installed
105152,number 3 rocker box cover gasket leaking . replaced number 3 rocker box gasket .,rocker box cover gasket; rocker box gasket,leaking,replaced
105153,right-hand rear engine baffle mount rivets broken . removed cylinder number 3 aft baffle . replaced damaged fasteners and,engine; baffle mount; rivets; cylinder; baffle; fasteners,broken; damaged,removed; replaced
105154,number 2 intake is leaking . removed and replaced intake gasket .,intake; intake gasket,leaking,removed; replaced
105155,rocker cover screw is missing . replaced missing screw .,rocker cover screw; screw,missing,replaced
105156,number 2 cylinder intake leaking . removed and replaced gasket .,cylinder; intake; gasket,leaking,removed; replaced
105157,left-hand number 4 rocker cover gasket leaks . removed and replaced gasket .,rocker cover gasket; gasket,leaks,removed; replaced
105158,"after engine start , engine was running rough below 1000 rpm . ran aircraft , no defects noted . performed phase 4 insp .",engine; aircraft,running rough,ran; phase 4 insp
105159,number 4 intake leaking . removed and replaced gasket .,intake; gasket,leaking,removed; replaced
105160,left-hand outboard baffle tie rod broken . replaced tie rod .,baffle tie rod; tie rod,broken,replaced
105161,front lower baffle has hole in it from muffler shroud . fabricated baffle of like material and installed .,baffle; hole; muffler shroud; like material,,fabricated; installed
105162,left-hand forward baffle cracked . repaired baffle with doubler .,baffle; doubler,cracked,repaired
105163,left-hand forward baffle cracked . reinstalled repaired baffle .,baffle,cracked,reinstalled
105164,left-hand forward baffle cracked . removed baffle extra time needed for paperwork errors,baffle,cracked,removed; paperwork errors
105165,forward baffle seal missing from muffler intake on baffle . installed new baffle seal .,baffle seal; muffler intake; baffle,missing,installed
105166,"right-hand rear baffle has sheared rivet . removed baffle , drilled out rivets and reinstalled with scr",baffle; rivet; rivets,sheared,removed; drilled out; reinstalled
105167,"number 1 , 3 and 4 rocker covers are leaking . removed and replaced gaskets .",rocker covers; gaskets,leaking,removed; replaced
105168,right-hand engine aft baffle cracked near oil cooler . stop drilled crack .,engine; baffle; oil cooler,cracked; crack,stop drilled
105169,"right-hand engine , right-hand baffle tie rod requires adjustment . adjusted tie rod .",engine; baffle tie rod; tie rod,,adjustment; adjusted
105170,right-hand engine number 3 intake gasket leaking . removed and replaced intake gasket .,engine; intake gasket,leaking,removed; replaced
105171,number 1 cylinder wire standoff is broken . removed and replaced standoff .,cylinder; wire standoff; standoff,broken,removed; replaced
105172,number 3 cylinder intake gasket leaking . removed and replaced gasket .,cylinder; intake gasket; gasket,leaking,removed; replaced
105173,number 3 cylinder push rod exhaust housing gasket leaking . leak check good .,cylinder; push rod exhaust housing gasket,leaking,leak check
105174,engine rpm would not stabilize . constantly varying and studder . could not duplicate discrepancy .,engine; studder,would not stabilize,constantly varying
105175,"number 3 cylinder push rod exhaust housing gasket leaking . installed new seals on push rod tube , reassembled .",cylinder; push rod exhaust housing gasket; seals; push rod tube,leaking,installed; reassembled
105176,"during entire flight left-hand rpm would increase significantly , r . performed full ground run , operations checked good . insp left-hand engine",engine,would increase significantly,ground run; operations checked; insp
105177,"intakes number 2 , 3 , 4 leaking . replaced intake gaskets .",intakes; intake gaskets,leaking,replaced
105178,number 1 rocker cover gasket leaks . removed and replaced gasket .,rocker cover gasket; gasket,leaks,removed; replaced
105179,"right-hand rear engine baffle mount loose . removed engine baffle , tightened screws and reinstalled e",engine; baffle mount; baffle; screws,loose,removed; tightened; reinstalled
105180,number 3 intake leaking . removed and replaced gasket .,intake; gasket,leaking,removed; replaced
105181,sniffler valves dirty . cleaned sniffler valves .,sniffler valves,dirty,cleaned
105182,engine air filter dirty . removed and replaced engine air filter . next due 7 / 31 / 17,engine; air filter,dirty,removed; replaced
105183,oil pressure sender ground strap not connected . reconnected oil psi sender ground strap .,oil pressure sender ground strap; oil psi sender ground strap,not connected,reconnected
105184,both baffle plugs broken . replaced both baffle plugs .,baffle plugs,broken,replaced
105185,baffle seal by number 1 cylinder loose . riveted baffle seal to baffle .,baffle seal; cylinder; baffle,loose,riveted
105186,number 1 and 2 intakes leaking . removed and replaced gaskets .,intakes; gaskets,leaking,removed; replaced
105187,left-hand engine number 2 and 3 intake gaskets leaking . replaced both gaskets .,engine; intake gaskets; gaskets,leaking,replaced
105188,number 2 intake leaking . removed and replaced gasket .,intake; gasket,leaking,removed; replaced
105189,number 2 and 4 intakes leaking . removed and replaced gaskets .,intakes; gaskets,leaking,removed; replaced
105190,right-hand engine number 3 intake tube gasket leaking . removed and replaced with new gasket .,engine; intake tube gasket; gasket,leaking,removed; replaced
105191,baffle wire broken . removed and replaced baffle tie .,baffle wire; baffle tie,broken,removed; replaced
105192,"bracket for baffle , behind oil tube , cracked . removed and replaced bracket .",bracket; baffle; oil tube,cracked,removed; replaced
105193,number 4 cylinder aft baffle cracked . drilled off cracked portion of baffle . fabricated piece,cylinder; baffle; piece,cracked,drilled off; fabricated
105194,number 3 cylinder side and aft baffles cracked . fabricated patch of like material on aft baffle and rivet,cylinder; baffles; patch; like material; baffle,cracked,fabricated
105195,number 4 intake leaking . removed and replaced gasket .,intake; gasket,leaking,removed; replaced
105196,number 1 rocker cover leaking . removed and replaced gasket .,rocker cover; gasket,leaking,removed; replaced
105197,right-hand aft baffle screw loose . resecured screw .,baffle screw; screw,loose,resecured
105198,"during climb out the engine ran rough . sputtering was also n . performed ground run of aircraft , no defects found . inspecte",engine; aircraft,ran rough; sputtering,ground run
105199,left-hand engine number 4 cylinder baffle wire standoff broken . secured wires to oil pan .,engine; cylinder; baffle wire standoff; wires; oil pan,broken,secured
105200,number 2 cylinder on left-hand engine baffle seal needs to be secured . secured baffle seal with pop rivets .,cylinder; engine; baffle seal; pop rivets,,secured
105201,number 4 rocker cover gasket leaking on left-hand engine . removed and replaced with new silicone gasket .,rocker cover gasket; engine; silicone gasket,leaking,removed; replaced
105202,number 4 intake gasket leaking on left-hand engine . removed and replaced with new intake gasket . found primer l,intake gasket; engine; primer,leaking,removed; replaced
105203,number 1 cylinder baffle seal needs to be replaced on left-hand engine . removed old seal and installed new seal .,cylinder; baffle seal; engine; seal,,replaced; removed; installed
105204,cowl seal missing / loose on lower right-hand engine . reglued in position .,cowl seal; engine,missing; loose,reglued
105205,number 2 intake gasket is leaking . removed and replaced gasket .,intake gasket; gasket,leaking,removed; replaced
105206,right-hand engine carb heat box arm loose . resecured carb heat box arm .,engine; carb heat box arm,loose,resecured
105207,carb inlet gaskets leaking on both engines . removed and replaced left-hand gasket .,carb inlet gaskets; engines; gasket,leaking,removed; replaced
105208,carb inlet gaskets leaking on both engines . removed and replaced right-hand gasket .,carb inlet gaskets; engines; gasket,leaking,removed; replaced
105209,number 2 intake gasket leaking . removed and replaced gasket .,intake gasket; gasket,leaking,removed; replaced
105210,left-hand inner engine baffle tie is disconnected . reconnected baffle tie .,engine; baffle tie,,disconnected; reconnected
105211,number 4 intake gasket is leaking . replaced gaskets . leak check good .,intake gasket; gaskets,leaking,replaced; leak check
105212,"baffle plugs are loose , patches are needed . installed baffle patches .",baffle plugs; patches; baffle patches,loose,installed
105213,number 2 intake leaking . removed and replaced intake gasket .,intake; intake gasket,leaking,removed; replaced
105214,"engine ran rough after start up , with gains and drops of about 8 . performed ground run , operations checked good . no defects noted .",engine,ran rough; gains and drops,ground run; operations checked
105215,number 3 and 4 intakes leaking . replaced intake gaskets .,intakes; intake gaskets,leaking,replaced
105216,"idle low . performed seasonal adjustment , operations good .",,low,seasonal adjustment; operations
105217,"during post flight found oil on intake pipes . cleaned oil , ran aircraft , no leaks noted . found oil to be r",oil; intake pipes; aircraft,,found; cleaned; ran
105218,left-hand engine number 2 intake gasket leaking . removed and replaced intake gasket .,engine; intake gasket,leaking,removed; replaced
105219,right-hand engine number 4 intake gasket leaking . removed and replaced intake gasket .,engine; intake gasket,leaking,removed; replaced
105220,"right-hand engine number 3 rocker cover gasket leaking . removed cover , found debris under silicone gasket . clea",engine; rocker cover gasket; cover; silicone gasket,debris; leaking,removed
105221,oil leak above left-hand magneto . leak check good .,oil; magneto,leak,leak check
105222,both oil coolers dirty . cleaned oil coolers .,oil coolers,dirty,cleaned
105223,sniffler valves dirty . cleaned sniffler valves .,sniffler valves,dirty,cleaned
105224,oil leak above left-hand magneto . removed and replaced gasket .,oil; magneto; gasket,leak,removed; replaced
105225,number 1 and 4 intakes have evidence of leaking . removed and replaced gaskets .,intakes; gaskets,leaking,removed; replaced
105226,rough engine on takeoff . ran up to check for rough running after takeoff . mags check,engine,rough; rough running,ran up to check; mags check
105227,rough engine on takeoff . for billing purposes only,engine,rough,
105228,engine idle speed 1650 rpm . adjusted idle .,engine,,adjusted
105229,baffle plugs are loose . installed baffle plug patches and new plugs .,baffle plugs; baffle plug patches; plugs,loose,installed
105230,number 4 intake leaking . removed and replaced gasket .,intake; gasket,leaking,removed; replaced
105231,oil cooler is dirty . cleaned oil cooler .,oil cooler,dirty,cleaned
105232,number 1 and 4 intakes leaking on right-hand engine . removed and replaced gaskets .,intakes; engine; gaskets,leaking,removed; replaced
105233,"intakes number 2 , 3 and 4 leaking on left-hand engine . removed and replaced intake gaskets .",intakes; engine; intake gaskets,leaking,removed; replaced
105234,"right-hand air intake hose not hooked up . reinstalled scat tubing , tightened clamp .",air intake hose; scat tubing; clamp,not hooked up,reinstalled; tightened
105235,number 2 intake gasket leaking . replaced gasket .,intake gasket; gasket,leaking,replaced
105236,baffle seal above number 3 cylinder loose . resecured baffle seal .,baffle seal; cylinder,loose,resecured
105237,left-hand aft standoff broken . replaced standoff .,standoff,broken,replaced
105238,inner baffle tie disconnected . reattached baffle tie .,baffle tie,,disconnected; reattached
105239,number 2 and 3 rocker covers leaking . removed and replaced gaskets .,rocker covers; gaskets,leaking,removed; replaced
105240,number 2 intake leaking . replaced gasket .,intake; gasket,leaking,replaced
105241,right-hand aft baffle bracket has broken rivets . removed baffle . removed and replaced damaged rivets . rein,baffle bracket; rivets; baffle,broken; damaged,removed; replaced
105242,number 3 cylinder rocker cover missing screw . installed missing screw .,cylinder; rocker cover; screw,missing,installed
105243,rough engine . for billing purposes only,engine,rough,
105244,rough engine . removed engine cylinder top and bottom spark plugs . cleaned and,engine; cylinder; spark plugs,rough,removed; cleaned
105245,"number 4 intake leaking , left-hand engine . replaced gasket .",intake; engine; gasket,leaking,replaced
105246,right-hand engine number 2 cylinder intake gasket leaking . installed new gasket .,engine; cylinder; intake gasket; gasket,leaking,installed
105247,"after start up , engine died . ran up and warmed up engine , no defects noted . operations checked",engine,died,ran up; warmed up; operations checked
105248,right-hand engine backbone bolt leaks a little oil . leak check good .,engine; backbone bolt; oil,leaks,leak check
105249,"right-hand engine number 1 , 2 intakes leaking . removed and replaced gaskets .",engine; intakes; gaskets,leaking,removed; replaced
105250,right-hand engine number 4 rocker cover leaking . removed and replaced gasket .,engine; rocker cover; gasket,leaking,removed; replaced
105251,right-hand engine backbone bolt leaks a little oil . cleaned out and installed sealant .,engine; backbone bolt; oil; sealant,leaks,installed
105252,number 3 cylinder has low compression . oil has been drained .,cylinder; oil,low,drained
105253,number 3 cylinder has low compression . operations and leak check good . removed and replaced push rod . remove,cylinder; push rod,low,operations; leak check; removed; replaced; remove
105254,number 3 cylinder has low compression . removed cylinder . transferred injector and cht probe to o,cylinder; injector; cht probe,low,removed; transferred
105255,any increase in throttle would cause sputter and drop in rpm . performed ground run with engine at operating temperature . all e,throttle; engine,sputter; drop in rpm,ground run
105256,number 4 intake gasket leaks . removed and replaced gasket .,intake gasket; gasket,leaks,removed; replaced
105257,number 4 intake gasket leaking . installed new gasket .,intake gasket; gasket,leaking,installed
105258,"after storage run needed . ran aircraft , all checks good .",aircraft,,run; ran; checks
105259,number 2 cylinder compression low . run up and leak check good .,cylinder,low,run up; leak check
105260,"baffle tie rod in between number 1 and 3 cylinder , not hooked up . installed baffle rod .",baffle tie rod; cylinder; baffle rod,not hooked up,installed
105261,number 2 cylinder compression low . removed baffling for number 2 cylinder and attaching parts . removed,cylinder; baffling; attaching parts,low,removed
105262,"right-hand engine , right-hand aft engine baffle cracked . stop drilled crack .",engine; baffle,cracked; crack,stop drilled
105263,left-hand engine number 3 and 4 intake tube gaskets leaking . installed new gaskets .,engine; intake tube gaskets; gaskets,leaking,installed
105264,right-hand engine number 3 intake tube gasket leaking . removed and replaced gasket with new .,engine; intake tube gasket; gasket,leaking,removed; replaced
105265,number 4 intake gasket leaking . removed and replaced with new gasket .,intake gasket; gasket,leaking,removed; replaced
105266,right-hand engine number 1 intake is leaking . removed and replaced gasket with new .,engine; intake; gasket,leaking,removed; replaced
105267,number 3 and 4 left-hand rocker covers are leaking . removed and replaced gaskets with new .,rocker covers; gaskets,leaking,removed; replaced
105268,"number 2 cylinder valve sticking . ran aircraft , operations and leak check good . cowled aircraft .",cylinder valve; aircraft,sticking,ran; operations; leak check; cowled
105269,number 2 cylinder valve sticking . removed number 2 cylinder top plug and found valve contacted piston .,cylinder; valve; plug; piston,sticking; contacted,removed
105270,"number 2 cylinder valve sticking . removed number 2 cylinder baffling , intake , exhaust and oil return t",cylinder valve; cylinder baffling; intake; exhaust; oil return t,sticking,removed
105271,"during climb out , left-hand engine shuttered 3 times . each time rp . ran aircraft , could not duplicate . all checks good .",engine; aircraft,shuttered,each time rp; ran; checks
105272,number 2 baffle seal loose . removed rivet and replaced with screw and lock nut .,baffle seal; rivet; screw; lock nut,loose,removed; replaced
105273,baffle plug is broken . removed and replaced baffle plug .,baffle plug,broken,removed; replaced
105274,baffle seal on number 1 cylinder needs to be secured . secured baffle seal with new rivets .,baffle seal; cylinder; rivets,,secured
105275,number 3 intake leaking . removed and replaced gasket .,intake; gasket,leaking,removed; replaced
105276,forward baffle cracked under the alternator . stop drilled crack .,baffle; alternator,cracked; crack,stop drilled
105277,right-hand rear engine baffle mount loose . installed new screws and nut to secure baffle mount .,engine; baffle mount; screws; nut,loose,installed
105278,number 4 intake leaking . removed and replaced gasket .,intake; gasket,leaking,removed; replaced
105279,"when climbing , heard engine with some noise . engine made a thu . inspected engine , no defects . ran aircraft , all systems within",engine; aircraft,some noise,inspected; ran
105280,right-hand rear engine baffle screw loose . tightened screw .,engine; baffle screw; screw,loose,tightened
105281,number 2 intake tube leaking . removed and replaced with new gasket .,intake tube; gasket,leaking,removed; replaced
105282,"after engine and rotor run up , rpm dropped 250 and continued to . completed assembly of engine . ran up engine , operations and leak check",engine,rpm dropped,completed assembly; ran up; operations; leak check
105283,"after engine and rotor run up , rpm dropped 250 and continued to . performed lycoming , found number 2 , 4 exhaust valve g",engine; rotor; exhaust valve,rpm dropped,performed
105284,"right-hand engine baffle seal loose , above number 4 cylinder . resecured baffle seal .",engine; baffle seal; cylinder,loose,resecured
105285,"left-hand engine , cylinder number 2 intake gasket is leaking . removed and replaced gasket with new .",engine; cylinder; intake gasket; gasket,leaking,removed; replaced
105286,number 1 and 4 intakes leaking . replaced gaskets .,intakes; gaskets,leaking,replaced
105287,black forward lower engine seal worn at air intake filter . applied rtv to forward lower baffle seal .,engine; seal; air intake filter; rtv; baffle seal,worn,applied
105288,right-hand engine number 1 intake is leaking . removed and replaced gasket .,engine; intake; gasket,leaking,removed; replaced
105289,number 4 intake gasket leaks . removed and replaced gasket .,intake gasket; gasket,leaks,removed; replaced
105290,number 3 intake tube gasket leaking . removed and replaced intake gasket with new .,intake tube gasket; intake gasket,leaking,removed; replaced
105291,number 4 cylinder baffle plug tabs broken . removed and replaced plug .,cylinder; baffle plug; tabs; plug,broken,removed; replaced
105292,both baffle plugs damaged . removed and replaced plugs .,baffle plugs; plugs,damaged,removed; replaced
105293,"aircraft needs after storage run . ran aircraft , all checks good .",aircraft,,run; ran; checks
105294,"aircraft after storage run needed . ran aircraft , all checks good .",aircraft,,run; ran; checks
105295,"during flight , high oil psi occurred . when exercise propeller , oi . ran aircraft , operations check good .",propeller; aircraft,high,ran; operations check
105296,right-hand engine number 4 aft baffle seal loose . installed washer and rivet .,engine; baffle seal; washer; rivet,loose,installed
105297,right-hand engine number 1 side baffle seal worn . removed and replaced baffle seal with new .,engine; baffle seal,worn,removed; replaced
105298,baffle plugs worn . removed and replaced plugs .,baffle plugs; plugs,worn,removed; replaced
105299,alternate air door spring is weak . replaced air intake assembly .,air door spring; air intake assembly,weak,replaced
105300,number 3 rocker cover leaking . removed and replaced rocker cover gasket .,rocker cover; rocker cover gasket,leaking,removed; replaced
105301,baffle plugs worn . removed and replaced both baffle plugs .,baffle plugs,worn,removed; replaced
105302,"number 4 intake leaking , right-hand engine . replaced gasket .",intake; engine; gasket,leaking,replaced
105303,low compression 40 / 80 on number 3 cylinder . air leaking from exhaust . began replacement of cylinder . replaced old cylinder with,cylinder; exhaust,low; leaking,began replacement; replaced
105304,low compression 40 / 80 on number 3 cylinder . air leaking from exhaust . chased threads on intake port to clean threads . install,cylinder; exhaust; intake port; threads,low; leaking,chased threads; install
105305,number 4 intake gasket leaking . replaced gasket .,intake gasket; gasket,leaking,replaced
105306,number 2 and 4 intakes leaking . removed and replaced intake gaskets .,intakes; intake gaskets,leaking,removed; replaced
105307,"left-hand engine number 3 cylinder compression low . ran up engine , operations and leak check good .",engine; cylinder,low,ran up; operations; leak check
105308,left-hand engine number 3 cylinder compression low . removed number 3 cylinder baffling and connecting components and har,engine; cylinder; cylinder baffling; connecting components,low,removed
105309,number 3 intake leaking . removed and replaced with new gasket .,intake; gasket,leaking,removed; replaced
105310,both baffle plugs damaged . removed and replaced baffle plugs .,baffle plugs,damaged,removed; replaced
105311,"during flight , engine rpm was 2740 for 3 seconds . removed sd card and complied with lycoming , overspeed consi",engine; sd card,overspeed,removed; complied
105312,"low compression on number 3 cylinder . staked valve , compression came up to 72 / 80 .",cylinder; valve,low,staked
105313,both baffle plugs damaged . removed and replaced baffle plugs .,baffle plugs,damaged,removed; replaced
105314,"large pool of oil under engine . oil has been added last 2 da . ran aircraft , no leaks noted . observed aircraft for several hours",engine; oil; aircraft,large pool of oil,added; ran; observed
105315,number 3 and 4 cylinder intake tube inserts in sump loose . removed intake tubes .,cylinder; intake tube; inserts; sump; intake tubes,loose,removed
105316,number 3 and 4 cylinder intake tube inserts in sump loose . reswaged intake tube inserts .,cylinder; intake tube; inserts; sump; intake tube inserts,loose,reswaged
105317,"number 3 and 4 cylinder intake tube inserts in sump loose . installed number 3 and 4 intake tubes with new gaskets . ran aircraft ,",cylinder; intake tube; inserts; sump; intake tubes; gaskets; aircraft,loose,installed; ran
105318,left-hand engine number 2 cylinder intake gasket leaking . replaced gasket .,engine; cylinder; intake gasket; gasket,leaking,replaced
105319,reached 2720 rpm for about 2 seconds . removed sd card and found max rpm to be less than 5 % rate,sd card,,removed
105320,"after engine start , there was engine vibration . suspect cylinder . inspected and found number 4 piston smiled near exhaust valve .",engine; cylinder; piston; exhaust valve,smiled; vibration,inspected
105321,"after engine start , there was engine vibration . suspect cylinder . removed number 4 cylinder assembly , began installation of new cylinder number 4 .",engine; cylinder; cylinder assembly,vibration,removed; began installation
105322,"after engine start , there was engine vibration . suspect cylinder . cylinder installation done in accordance with lycoming overhaul manual . aircraft",engine; cylinder; aircraft,vibration,cylinder installation
105323,"after engine start , there was engine vibration . suspect cylinder . finished installation of cylinder . installed push rods and roc",engine; cylinder; push rods,vibration,finished installation; installed
105324,number 4 rocker cover gasket is leaking . removed and replaced gasket .,rocker cover gasket; gasket,leaking,removed; replaced
105325,number 3 intake gasket is leaking . replaced gasket .,intake gasket; gasket,leaking,replaced
105326,all rocker cover gaskets leak . removed and replaced all rocker cover gaskets .,rocker cover gaskets,leak,removed; replaced
105327,screw missing on number 2 rocker cover . replaced with new screw .,screw; rocker cover,missing,replaced
105328,"during steep turns , engine began to struggle and coughed often . removed bottom plugs and number 4 cylinder top plug ; bore scoped number 4",engine; bottom plugs; cylinder; plug,began to struggle; coughed often,removed; bore scoped
105329,"during steep turns , engine began to struggle and coughed often . bled lifter , reinstalled with new push rod seals . reinsta",engine; lifter; push rod seals,began to struggle; coughed often,bled; reinstalled
105330,"during steep turns , engine began to struggle and coughed often . performed ground run , verified engine ran with a slight m",engine,began to struggle; coughed often,ground run; verified; ran
105331,"during steep turns , engine began to struggle and coughed often . installed - 28 exhaust valve push rod , clearance checked g",engine; exhaust valve; push rod,began to struggle; coughed often,installed; checked
105332,"during steep turns , engine began to struggle and coughed often . finished reinstallation of plugs , leads and number 4 rocker cov",engine; plugs; rocker cov,began to struggle; coughed often,finished reinstallation
105333,oil cooler clogged dirty between fins . removed clog .,oil cooler; fins; clog,dirty,removed
105334,"during late takeoff roll and pattern ; engine sounded like it w . ran aircraft , confirmed discrepancy . performed compression check , fahrenheit",engine; aircraft,sounded like,ran; confirmed; compression check
105335,"during late takeoff roll and pattern ; engine sounded like it w . removed baffling , number 2 intake , number 2 exhaust , number 2 injector li",engine; baffling; intake; exhaust; injector,sounded like,removed
105336,oil temperature light inoperable . reinstalled lamp in back of gauge . operations check good .,oil temperature light; lamp; gauge,inoperable,reinstalled; operations check
105337,left-hand engine data plate rivets missing . installed new rivets .,engine; data plate; rivets,missing,installed
105338,"in cruise , on way to practice area , engine rpm dropped and the . ran aircraft , all checks good .",engine; aircraft,rpm dropped,ran; checks
105339,forward lower black seal has worn spots form intake filter bracket . applied black silicone to baffle seal .,black seal; intake filter bracket; black silicone; baffle seal,worn,applied
105340,"number 2 , 3 and 4 intake gaskets are leaking . replaced gaskets .",intake gaskets; gaskets,leaking,replaced
105341,"large puddle of liquid under engine . removed cowling . washed engine and cowls , ran aircraft found n",engine; cowling; cowls; aircraft,large puddle of liquid,removed; washed; ran
105342,"on start up , engine ran very rough . tried to increase power . performed ground run , verified discrepancy : ran rough in al",engine,ran very rough; ran rough,ground run; verified
105343,"on start up , engine ran very rough . tried to increase power . performed compression check : number 3 cylinder had zero psi . reamed a",engine; cylinder,ran very rough,compression check; reamed
105344,"after engine start up , noticed vibration and rough running engine . run up , leak check good .",engine,vibration; rough running,run up; leak check
105345,"after engine start up , noticed vibration and rough running engine . removed and replaced cylinder number 3 with new in accordance with lycoming overhaul",engine; cylinder,vibration; rough running,removed; replaced
105346,"after engine start up , noticed vibration and rough running engine . performed ground run , engine ran rough . magneto switch sele",engine; magneto switch sele,vibration; rough running; ran rough,ground run
105347,"after engine start up , noticed vibration and rough running engine . reamed number 1 and 4 exhaust valve guides in accordance with lycoming",engine; exhaust valve guides,vibration; rough running,reamed
105348,left-hand number 2 intake leaking . replaced intake gasket .,intake; intake gasket,leaking,replaced
105349,right-hand number 2 intake leaking . replaced intake gasket .,intake; intake gasket,leaking,replaced
105350,number 3 intake tube gasket leaking . installed new intake gasket .,intake tube gasket; intake gasket,leaking,installed
105351,number 3 baffle bracket missing hardware . reinstalled hardware .,baffle bracket; hardware,missing,reinstalled
105352,both baffle plugs damaged . removed and replaced baffle plugs .,baffle plugs,damaged,removed; replaced
105353,"top case bolt leaking . sealed bolt , leak check good .",case bolt; bolt,leaking,sealed; leak check
105354,both baffle plugs damaged . replaced with new baffle plugs .,baffle plugs,damaged,replaced
105355,number 2 intake gasket leaks . removed and replaced with new gasket .,intake gasket; gasket,leaks,removed; replaced
105356,number 3 intake tube gasket leaking . removed and replaced gasket .,intake tube gasket; gasket,leaking,removed; replaced
105357,number 1 cylinder baffle is cracked . fabricated patch with like material and riveted in accordance with,cylinder; baffle; patch; like material,cracked,fabricated
105358,oil cooler dirty . cleaned cooler .,oil cooler; cooler,dirty,cleaned
105359,"baffle seal loose , forward of number 1 cylinder . reattached baffle .",baffle seal; cylinder; baffle,loose,reattached
105360,right-hand engine fire seal loose on bottom cowl . resecured seal .,engine; fire seal; seal,loose,resecured
105361,"silicone needed on top of oil cooler , against cowl . applied silicone .",silicone; oil cooler; cowl,,applied
105362,left-hand engine inboard intake screen panel chafing . applied chafe tape to panel .,engine; intake screen panel; chafe tape; panel,chafing,applied
105363,cowling seal needs to be resecured lower aft . resecured seal on left-hand lower aft cowling .,cowling seal; seal; cowling,,resecured
105364,"ground power check needed , left-hand and right-hand engines . capped bleed - performed ground power performance check , s",engines; bleed,,ground power check; ground power performance check
105365,lower forward engine cowl needs doubler on guide hole for top co . installed doubler on inboard aft alignment pin hole .,engine; cowl; doubler; guide hole; alignment pin hole,,installed
105366,"verify condition of right-hand engine for mismatch with left-hand engine . removed power section from right-hand engine , visually inspect",engine; power section,,removed; visually inspect
105367,right-hand baffle tie broken . removed and replaced baffle tie .,baffle tie,broken,removed; replaced
105368,both baffle plugs damaged . removed and replaced baffle plugs .,baffle plugs,damaged,removed; replaced
105369,number 2 intake is missing outer nut . installed baffle .,intake; outer nut; baffle,missing,installed
105370,"number 2 intake is missing outer nut . removed left-hand upper baffle , left-hand muffler . replaced number 2 inta",intake; outer nut; upper baffle; muffler,missing,removed; replaced
105371,number 1 and 2 rocker gaskets leaking . replaced gaskets .,rocker gaskets; gaskets,leaking,replaced
105372,number 2 and 4 intake gaskets leaking . replaced gaskets .,intake gaskets; gaskets,leaking,replaced
105373,number 2 cylinder rocker cover seal leaks . leak check good .,cylinder; rocker cover seal,leaks,leak check
105374,number 2 cylinder rocker cover seal leaks . replaced gasket .,cylinder; rocker cover seal; gasket,leaks,replaced
105375,"engine grounding bolt , by oil tube , loose . tightened bolt .",engine; grounding bolt; oil tube; bolt,loose,tightened
105376,all 4 intakes leaking on right-hand engine . removed and replaced gaskets .,intakes; engine; gaskets,leaking,removed; replaced
105377,"number 2 , 3 , 4 intakes leaking on left-hand engine . removed and replaced with new gaskets .",intakes; engine; gaskets,leaking,removed; replaced
105378,number 2 intake gasket leaking . removed and replaced gasket .,intake gasket; gasket,leaking,removed; replaced
105379,momentarily exceeded 2700 rpm during recovery of simulated e . reviewed flight data monitoring card . found overspeed t,flight data monitoring card,exceeded; overspeed,reviewed
105380,"left-hand engine cylinder number 3 , 2 and 4 intake gaskets are leaking . replaced gaskets .",engine; cylinder; intake gaskets; gaskets,leaking,replaced
105381,"right-hand engine cylinder number 2 , 3 and 4 intake gaskets are leaking . replaced number 2 gasket .",engine; cylinder; intake gaskets; gasket,leaking,replaced
105382,"right-hand engine cylinder number 2 , 3 and 4 intake gaskets are leaking . replaced number 3 and 4 gaskets .",engine; cylinder; intake gaskets; gaskets,leaking,replaced
105383,"right-hand engine cylinder number 2 has possible crack by intake port . inspected , performed dye pe insp ; verified to not be cr",engine; cylinder; possible; intake port,crack,inspected; dye pe insp; verified
105384,during flight aircraft would intermittently lose power on left-hand engine . borescoped number 1 cylinder for valve contact with piston for possi,aircraft; engine; cylinder; valve contact; piston,would intermittently lose,borescoped
105385,number 2 intake gasket leaking . removed and replaced with new gasket .,intake gasket; gasket,leaking,removed; replaced
105386,"during engine start and engine running , there were vibrations . performed ground , no defects noted . all engine ground r",engine,vibrations,ground; ground r
105387,"during engine start and engine running , there were vibrations . for engine change . ran engine , no defe",engine,vibrations,engine change; ran
105388,engine grounding strap bolt loose . tightened bolt .,engine; grounding strap bolt; bolt,loose,tightened
105389,fod aft of spinner . removed fod,fod; spinner,,removed
105390,screw missing from number 3 rocker cover . reinstalled screw,screw; rocker cover,missing,reinstalled
105391,cylinder number 4 intake gasket is leaking . removed and replaced gasket with new .,cylinder; intake gasket; gasket,leaking,removed; replaced
105392,number 4 intake leaking . removed and replaced gasket .,intake; gasket,leaking,removed; replaced
105393,number 2 intake gasket leaking . replaced gasket .,intake gasket; gasket,leaking,replaced
105394,screw missing on number 3 cylinder baffling . replaced screw .,screw; cylinder baffling,missing,replaced
105395,baffle seal needs to be secured on number 1 cylinder . secured baffle seal .,baffle seal; cylinder,,secured
105396,number 3 intake gasket leaks . removed and replaced gasket .,intake gasket; gasket,leaks,removed; replaced
105397,number 1 baffle is cracked . fabricated and installed patch on baffle with like material,baffle; patch; like material,cracked,fabricated; installed
105398,number 4 oil return tube hose clamps loose . tightened hose clamps .,oil return tube; hose clamps,loose,tightened
105399,right-hand engine cylinder number 3 intake gasket is leaking . removed and replaced intake gasket .,engine; cylinder; intake gasket,leaking,removed; replaced
105400,both baffle plugs damaged . removed and replaced baffle plugs .,baffle plugs,damaged,removed; replaced
105401,number 3 intake leaking . removed and replaced gasket .,intake; gasket,leaking,removed; replaced
105402,both engines number 2 intakes are leaking . replaced left-hand intake gasket .,engines; intakes; intake gasket,leaking,replaced
105403,both engines number 2 intakes are leaking . removed and replaced right-hand gasket .,engines; intakes; gasket,leaking,removed; replaced
105404,baffle seal on number 1 cylinder needs to be secured . secured baffle seal .,baffle seal; cylinder,,secured
105405,number 3 rocker cover gasket leaks . removed and replaced gasket .,rocker cover gasket; gasket,leaks,removed; replaced
105406,number 2 rocker cover leaking . replaced gasket .,rocker cover; gasket,leaking,replaced
105407,number 2 and 4 intake gaskets are leaking . replaced gaskets .,intake gaskets; gaskets,leaking,replaced
105408,"right-hand engine intakes 2 , 3 , 4 gaskets leaking . removed and replaced with new gaskets .",engine; intakes; gaskets,leaking,removed; replaced
105409,left-hand bottom of oil cooler needs to be sealed up . sealed bottom left-hand oil cooler gap with silicone .,oil cooler; oil cooler gap; silicone,,sealed up; sealed
105410,"intake 2 , 3 and 4 leaking on left-hand engine . removed and replaced gaskets .",intake; engine; gaskets,leaking,removed; replaced
105411,"right-hand engine cylinder number 1 , 3 , 4 intake gaskets are leaking . removed and replaced gaskets .",engine; cylinder; intake gaskets; gaskets,leaking,removed; replaced
105412,all 4 rocker covers leaking . replaced gaskets .,rocker covers; gaskets,leaking,replaced
105413,oil on crankshaft plug . cleaned and sealed plug .,oil; crankshaft plug; plug,,cleaned; sealed
105414,oil on crankshaft plug . leak check good . reinstalled spinner .,oil; crankshaft plug; spinner,,leak check; reinstalled
105415,"number 1 , 2 , 4 intake gaskets leaking . removed and replaced gaskets .",intake gaskets; gaskets,leaking,removed; replaced
105416,"crankshaft seal shows signs of leaking . removed propeller , ring gear . removed old crankshaft seal , c",seal shows signs; propeller; ring gear; crankshaft seal,leaking,removed
105417,"crankshaft seal shows signs of leaking . installed ring gear and propeller , torqued to specs and safetied",seal shows signs; ring gear; propeller,leaking,installed; torqued; safetied
105418,number 3 baffle bracket is cracked . fabricated and installed new bracket .,baffle bracket; bracket,cracked,fabricated; installed
105419,baffle is cracked at lower outboard oil cooler bolt . stop drilled crack .,baffle; oil cooler bolt,cracked; crack,stop drilled
105420,all 4 rocker cover gaskets need to be replaced . replaced gaskets .,rocker cover gaskets; gaskets,,replaced
105421,"experienced severe engine roughness while on long final . reamed exhaust valve guides 1 , 2 , and 4 cyls .",engine; exhaust valve; cyls,roughness,reamed
105422,"experienced severe engine roughness while on long final . performed ground run , operations and leak checked good .",engine,roughness,ground run; operations and leak checked
105423,"experienced severe engine roughness while on long final . found stuck exhaust valve , number 3 cylinder and bent bush rod . remo",engine; exhaust valve; cylinder; bush rod,stuck; bent; roughness,
105424,number 2 intake leaking . replaced gasket .,intake; gasket,leaking,replaced
105425,number 2 rocker cover leaking . removed and replaced gasket .,rocker cover; gasket,leaking,removed; replaced
105426,number 3 intake leaking . replaced gasket .,intake; gasket,leaking,replaced
105427,number 2 and 4 intake leaking . removed and replaced gaskets .,intake; gaskets,leaking,removed; replaced
105428,number 2 intake gasket leaking . replaced intake gasket .,intake gasket,leaking,replaced
105429,number 3 intake leaking on right-hand engine . replaced gasket .,intake; engine; gasket,leaking,replaced
105430,"idles extremely rough , around 400 rpm . performed ground run , made seasonal adjustment to idle",,idles extremely rough,ground run; seasonal adjustment
105431,number 3 rocker cover gasket leaks . removed and replaced gasket .,rocker cover gasket; gasket,leaks,removed; replaced
105432,loose pop rivet number 3 cylinder bracket . removed and replaced pop rivet .,pop rivet; cylinder bracket,loose,removed; replaced
105433,"ferrous chip about 1 / 8 inches long , found in suction screen . chip sent to lycoming for anaylsis .",ferrous chip; suction screen; chip,,sent
105434,propeller rivets loose on right-hand forward side of engine baffle . removed and replaced loose rivets with screws on right-hand forward en,propeller; rivets; engine; baffle; screws,loose,removed; replaced
105435,"ferrous chip about 1 / 8 inches long , found in suction screen . oil change in 10 hours . instructed from lycoming due at 22",ferrous chip; suction screen,,oil change
105436,"grounding strap on engine , loose bolt . tightened bolt .",grounding strap; engine; bolt,loose,tightened
105437,"lower forward black seal , above engine filter , worn spots . installed black rtv in worn areas .",black seal; engine; filter; black rtv,worn,installed
105438,number 2 intake gasket leaks on left-hand engine . removed and replaced gasket .,intake gasket; engine; gasket,leaks,removed; replaced
105439,intakes number 2 and 4 leaking on right-hand engine . removed and replaced gaskets .,intakes; engine; gaskets,leaking,removed; replaced
105440,2 phenolic spacers broken on throttle control quadrant . removed and replaced spacers .,phenolic spacers; throttle control quadrant; spacers,broken,removed; replaced
105441,"number 1 cylinder on right-hand engine suspect cracked . removed baffle , muffler , oil return line , cylinder and piston .",cylinder; engine; baffle; muffler; oil return line; piston,cracked,removed
105442,"number 1 cylinder on right-hand engine suspect cracked . installed new cylinder assembly . torqued to case , dry tappet cle",cylinder; engine; cylinder assembly; case,cracked,installed; torqued
105443,number 1 cylinder rocker cover gasket leaks . removed and replaced gasket .,cylinder; rocker cover gasket; gasket,leaks,removed; replaced
105444,number 2 intake leaking on left-hand engine . removed and replaced intake gasket .,intake; engine; intake gasket,leaking,removed; replaced
105445,all spark plugs worn . replaced plugs .,spark plugs; plugs,worn,replaced
105446,"engine rpm dropped 200 - 300 rpm suddenly , accompanied by stro . for maintenance flight .",engine,rpm dropped,maintenance flight
105447,"engine rpm dropped 200 - 300 rpm suddenly , accompanied by stro . completed , operations and leak check good .",engine,rpm dropped,operations; leak check
105448,"engine rpm dropped 200 - 300 rpm suddenly , accompanied by stro . removed side baffles , began performing lycoming",engine; baffles,rpm dropped,removed; began performing
105449,number 2 side baffle seal loose . secured baffle seal with pop rivets .,baffle seal; pop rivets,loose,secured
105450,number 1 intake leaking . removed and replaced gasket .,intake; gasket,leaking,removed; replaced
105451,left-hand engine number 4 intake gasket leaks . removed and replaced gasket .,engine; intake gasket; gasket,leaks,removed; replaced
105452,left-hand engine number 4 rocker cover gasket leaks . removed and replaced gasket .,engine; rocker cover gasket; gasket,leaks,removed; replaced
105453,"right-hand engine number 2 , 4 intake gasket leaking . removed and replaced gaskets .",engine; intake gasket; gaskets,leaking,removed; replaced
105454,left-hand engine number 3 intake gasket leaking . removed and replaced gasket .,engine; intake gasket; gasket,leaking,removed; replaced
105455,"right-hand engine number 3 , 4 intake gaskets leaking . removed and replaced gaskets .",engine; intake gaskets; gaskets,leaking,removed; replaced
105456,number 4 intake gasket leaks . removed and replaced gasket .,intake gasket; gasket,leaks,removed; replaced
105457,baffle cracked by number 2 cylinder on right-hand engine . stop drilled crack .,baffle; cylinder; engine,cracked; crack,stop drilled
105458,"number 2 , 3 , 4 intake gaskets leaking on left-hand engine . removed and replaced with new gaskets .",intake gaskets; engine; gaskets,leaking,removed; replaced
105459,worn spots on black seal in lower front baffling . installed rtv to spots .,black seal; front baffling; rtv,worn,installed
105460,number 2 intake gasket is leaking . replaced gasket .,intake gasket; gasket,leaking,replaced
105461,number 3 cylinder failed compression . operations and leak check good .,cylinder,failed,operations; leak check
105462,both baffle plugs damaged . removed and replaced baffle plugs .,baffle plugs,damaged,removed; replaced
105463,"number 3 cylinder failed compression . removed baffling , wires and exhaust for access . removed and",cylinder; baffling; wires; exhaust,failed,removed
105464,"number 3 cylinder failed compression . reinstalled baffle , wires , muffler and lines . completed r",cylinder; baffle; wires; muffler; lines,failed,reinstalled
105465,cylinder number 4 rocker cover gasket requires replacement . removed and replaced gasket with new .,cylinder; rocker cover gasket; gasket,,replacement; removed; replaced
105466,left-hand engine number 4 rocker gasket leaking . removed and replaced rocker cover .,engine; rocker gasket; rocker cover,leaking,removed; replaced
105467,number 3 cylinder intake gasket leaking on left-hand engine . removed and replaced gasket .,cylinder; intake gasket; engine; gasket,leaking,removed; replaced
105468,"clicking noise noticed during initial climb and throughout res . inspected engine and cabin area , no defects noted .",engine; cabin area,clicking noise,inspected
105469,propeller overspeed ; rpm about 2850 with propeller cont at high rpm in l . began insp in accordance with lycoming ; all compressions 74 plus,propeller; propeller cont,overspeed,began insp
105470,propeller overspeed ; rpm about 2850 with propeller cont at high rpm in l . completed insp in accordance with lycoming . governor was found,propeller; propeller cont,overspeed,completed insp
105471,propeller overspeed ; rpm about 2850 with propeller cont at high rpm in l . reinstalled overhauled propeller governor,propeller; propeller cont; overhauled propeller governor,overspeed,reinstalled
105472,baffle plug missing . installed plug .,baffle plug; plug,missing,installed
105473,center cowling inlet tube needs replacement . after further insp ; no defects noted .,center cowling inlet tube,,replacement; further insp
105474,number 2 rocker cover gasket leaking . removed and replaced gasket .,rocker cover gasket; gasket,leaking,removed; replaced
105475,fod on top of engine . removed fod,fod; engine,,removed
105476,engine quit . ran up aircraft . engine started using normal procedures . per,engine; aircraft,quit,ran up
105477,both baffle plugs damaged . removed and replaced baffle plugs .,baffle plugs,damaged,removed; replaced
105478,"aircraft engine would shutdown when leaning mixture on the groun . performed ground run , verified with engine at 40 degrees fahrenheit cht and o",aircraft; engine,would shutdown,ground run; verified
105479,number 2 cylinder intake leaking . removed and replaced gasket .,cylinder; intake; gasket,leaking,removed; replaced
105480,number 1 and 3 intakes leaking . removed and replaced gaskets .,intakes; gaskets,leaking,removed; replaced
105481,right-hand rear engine baffle mounting screw missing . reinstalled rear baffle screw .,engine; baffle mounting screw; baffle screw,missing,reinstalled
105482,"rough operation after start up , engine wants to die at 1000 . performed ground run , operations checked good .",engine,rough operation; wants to die,ground run; operations checked
105483,number 2 cylinder has low compression . removed baffling and components from number 2 cylinder . removed cylinder,cylinder; baffling,low,removed
105484,"number 2 cylinder has low compression . installed inner cooling baffle on cylinder number 1 , 3 . installed",cylinder; inner cooling baffle,low,installed
105485,"number 2 cylinder has low compression . installed and torqued injector and line , exhaust stack and in",cylinder; injector; line; exhaust stack,low,installed; torqued
105486,"number 2 cylinder has low compression . installed number 1 cylinder side baffle , number 2 cylinder forward and side baffles",cylinder; baffle; baffles,low,installed
105487,number 1 rocker cover is leaking . removed and replaced gasket .,rocker cover; gasket,leaking,removed; replaced
105488,number 1 and 4 intake gaskets leaking . removed and replaced gaskets .,intake gaskets; gaskets,leaking,removed; replaced
105489,"right-hand aft inboard baffle screw missing , by dipstick . removed oil cooler from engine baffle . installed screw .",baffle screw; oil cooler; engine; baffle; screw,missing,removed; installed
105490,number 3 rocker cover leaks . installed gasket .,rocker cover; gasket,leaks,installed
105491,number 3 cylinder has low compression 40 / 80 . leak and run up check good .,cylinder,low,leak and run up check
105492,number 3 cylinder has low compression 40 / 80 . started removing baffling .,cylinder; baffling,low,started removing
105493,number 3 cylinder has low compression 40 / 80 . installed cylinder baffles and all necessary parts . complied with ad e 2,cylinder; baffles; necessary parts,low,installed; complied
105494,"number 3 cylinder has low compression 40 / 80 . removed cylinder , fitted new intake valve , lapped both valve",cylinder; intake valve; valve,low,removed; fitted; lapped
105495,both baffle plugs damaged . removed and replaced baffle plugs .,baffle plugs,damaged,removed; replaced
105496,"baffle screw , behind dipstick , loose . tightened screw .",baffle screw; dipstick; screw,loose,tightened
105497,"experienced momentary loss of power . performed maintenance history , inspected fuel servo . test ran",fuel servo,momentary loss of power,maintenance history; inspected; test ran
105498,all intake gaskets need to be replaced . removed and replaced all intake gaskets and seals .,intake gaskets; seals,,replaced; removed
105499,number 1 and 2 cylinder intake gaskets leak . removed and replaced gaskets .,cylinder; intake gaskets; gaskets,leak,removed; replaced
105500,baffle seal above cylinders 1 and 4 loose . resecured baffle seals .,baffle seal; cylinders; baffle seals,loose,resecured
105501,"right-hand engine baffle plug damaged . repaired baffle in accordance with standard reference material , replaced baffle plugs .",engine; baffle plug; baffle; baffle plugs,damaged,repaired; replaced
105502,right-hand engine cylinder number 3 is cracked . completed installation . operations and leak check good .,engine; cylinder,cracked,completed installation; operations; leak check
105503,right-hand engine cylinder number 3 is cracked . removed and replaced cylinder with rebuilt assembly . torqued all bas,engine; cylinder; assembly,cracked,removed; replaced; torqued
105504,number 3 intake leaking . removed and replaced gasket .,intake; gasket,leaking,removed; replaced
105505,number 2 intake gasket leaks . replaced with new gasket .,intake gasket; gasket,leaks,replaced
105506,"when under power , during climb and while cruising , engine was . ran aircraft , could not duplicate discrepancy . all systems within",engine; aircraft,,ran
105507,hardware missing from number 2 cylinder baffle . installed new hardware .,hardware; cylinder; baffle,missing,installed
105508,"number 2 , 3 rocker cover gaskets leak . removed and replaced gaskets .",rocker cover gaskets; gaskets,leak,removed; replaced
105509,left-hand baffle plug hole is wallard out . installed doubler on left-hand baffle plug hole .,baffle plug hole; doubler,,installed
105510,number 4 intake gasket is leaking . replaced gasket .,intake gasket; gasket,leaking,replaced
105511,"all intake tube gaskets leaking . removed all intake gaskets , replaced with new .",intake tube gaskets; intake gaskets,leaking,removed; replaced
105512,rivets pulled through at aft baffle center . drilled out rivets and replaced with screws and lock nuts .,rivets; baffle center; screws; lock nuts,pulled through,drilled out; replaced
105513,intakes 3 and 4 leaking on left-hand engine . removed and replaced gaskets .,intakes; engine; gaskets,leaking,removed; replaced
105514,left-hand engine number e cylinder baffling cracked . stop drilled crack .,engine; cylinder baffling,cracked; crack,stop drilled
105515,number 2 intake leaking on left-hand engine . removed and replaced with new gasket .,intake; engine; gasket,leaking,removed; replaced
105516,number 2 intake on right-hand engine leaking . removed and replaced with new gasket .,intake; engine; gasket,leaking,removed; replaced
105517,small crack on left-hand lower forward side of forward baffle . stop drilled end of crack .,baffle,crack,stop drilled
105518,number 3 intake on right-hand engine leaking . removed and replaced gasket,intake; engine; gasket,leaking,removed; replaced
105519,"intakes 2 , 3 and 4 leaking on left-hand engine . removed and replaced gaskets .",intakes; engine; gaskets,leaking,removed; replaced
105520,grounding strap bolt loose on engine . tightened bolt .,grounding strap bolt; engine; bolt,loose,tightened
105521,number 4 intake gasket leaks . removed and replaced gasket .,intake gasket; gasket,leaks,removed; replaced
105522,hardware missing from aft right-hand baffle . installed new hardware .,hardware; baffle,missing,installed
105523,1 baffle plug damaged . removed and replaced baffle plug .,baffle plug,damaged,removed; replaced
105524,left-hand number 2 and 4 intake tube gaskets leaking . installed new gaskets .,intake tube gaskets; gaskets,leaking,installed
105525,right-hand engine left aft baffle seal is loose . resecured baffle seal .,engine; baffle seal,loose,resecured
105526,"right-hand engine still has preservative oil on cylinder number 3 intake pipes . cleaned engine . ran up aircraft , no defects noted .",engine; preservative oil; cylinder; intake pipes; aircraft,,cleaned; ran up
105527,right-hand engine number 2 intake gasket leaking . replaced gasket .,engine; intake gasket; gasket,leaking,replaced
105528,"1 , 2 , 4 cylinder rocker covers leaking . removed rocker covers and cleaned old gasket off . replace",cylinder; rocker covers; gasket,leaking,removed; cleaned; replace
105529,hardware missing from number 3 baffle . installed new hardware .,hardware; baffle,missing,installed
105530,number 1 and 3 rocker covers leaking . removed and replaced gaskets .,rocker covers; gaskets,leaking,removed; replaced
105531,left-hand engine number 4 intake leaks . previously complied with on pd number 12 .,engine; intake,leaks,complied
105532,left-hand engine number 2 and 4 intake gaskets leaking . replaced gaskets .,engine; intake gaskets; gaskets,leaking,replaced
105533,right-hand engine number 2 and 4 intake gaskets leaking . removed and replaced with new gaskets .,engine; intake gaskets; gaskets,leaking,removed; replaced
105534,engine leaking from lifting eye . leak check good .,engine; lifting eye,leaking,leak check
105535,number 2 cylinder baffle needs barrel nut . installed new barrel nut and screw .,cylinder; baffle; barrel nut; screw,,installed
105536,"engine leaking from lifting eye . cleaned engine , sealed lifting eye bolt .",engine; lifting eye; lifting eye bolt,leaking,cleaned; sealed
105537,rough chopping noise coming from engine on application of fu . ran aircraft and confirmed discrepancy . removed cowling and inspecte,engine; aircraft; cowling,rough chopping noise,ran; confirmed; removed
105538,"rough chopping noise coming from engine on application of fu . measured ring gaps and installed , torqued cylinder hold downs .",engine; ring gaps; cylinder; hold downs,rough chopping noise,measured; installed; torqued
105539,rough chopping noise coming from engine on application of fu . reassembled attaching parts to number 2 cylinder forward baffling . ran,engine; attaching parts; cylinder; baffling,rough chopping noise,reassembled; ran
105540,number 4 aft baffle missing screw . reinstalled screw .,baffle; screw,missing,reinstalled
105541,number 2 intake is leaking . removed and replaced gasket .,intake; gasket,leaking,removed; replaced
105542,engine requires overhaul . prepped and painted engine .,engine,,overhaul; prepped; painted
105543,number 3 side baffle tab rivets loose . replaced rivets with machine screws and lock nuts .,baffle tab rivets; rivets; screws; lock nuts,loose,replaced
105544,engine requires overhaul . mounted engine and torqued . started engine installation .,engine,,overhaul; mounted; torqued; started engine installation
105545,engine requires overhaul . installed accessory case and oil screen housing . installe,engine; accessory case; oil screen housing,,overhaul; installed; installe
105546,"engine requires overhaul . measured rods , case and crank . bearing clearance check good ,",engine; rods; case; crank,,overhaul; measured; bearing clearance check
105547,"engine requires overhaul . rigged engine controls , finished baffling engine , insta",engine; engine controls,,overhaul; rigged
105548,"engine requires overhaul . installed crankshaft seal , routed wiring , installed ska",engine; crankshaft seal,,overhaul; installed; routed
105549,"engine requires overhaul . ran aircraft , operations and leak check good . for break",engine; aircraft,,overhaul; ran; operations; leak check
105550,engine requires overhaul . unmasked and cleaned parts . installed new cylinders on en,engine; parts; cylinders,,overhaul; unmasked; cleaned; installed
105551,right-hand bottom baffle tie wire hole elongated . repositioned hole and installed new wire tie .,baffle tie wire hole; hole; wire tie,elongated,repositioned; installed
105552,screw missing on number 3 cylinder baffling . installed screw .,screw; cylinder baffling,missing,installed
105553,"right-hand engine sputtering at 1700 rpm , as increased throttle rpm . operations and leak checked good .",engine; throttle,sputtering,operations and leak checked
105554,"right-hand engine sputtering at 1700 rpm , as increased throttle rpm . ran aircraft , confirmed discrepancy . removed cowl , right-hand engine in",engine; aircraft; cowl,sputtering,ran; confirmed; removed
105555,"right-hand engine sputtering at 1700 rpm , as increased throttle rpm . ran engine , problem still there . replaced left-hand magneto on pd",engine; magneto,sputtering,ran; replaced
105556,"during flight , exceeded propeller speed limitations 2720 rpm . inspected in accordance with lycoming , verified to be less tha",propeller,exceeded,inspected; verified
105557,"left-hand engine number 3 , 4 cylinder intakes leaking . removed and replaced intake gaskets .",engine; cylinder; intakes; intake gaskets,leaking,removed; replaced
105558,right-hand forward baffle seal is loose . resecured seal .,baffle seal; seal,loose,resecured
105559,number 2 and 4 intakes leaking on right-hand engine . removed and replaced gaskets .,intakes; engine; gaskets,leaking,removed; replaced
105560,"2 , 3 , and 4 intakes leaking on left-hand engine . removed and replaced gaskets .",intakes; engine; gaskets,leaking,removed; replaced
105561,left-hand forward engine baffle worn and cracked . installed new left-hand forward engine baffle .,engine; baffle,worn; cracked,installed
105562,"engine overspeed , 2740 rpm . inspected as required by lycoming for less than",engine,overspeed,inspected
105563,pilot reported propeller overspeed of 20 rpm for a few seconds . as per on overspeed considered to be less than,propeller,overspeed,
105564,both bolts loose for grounding strap for engine . tightened both bolts .,bolts; grounding strap; engine,loose,tightened
105565,number 3 intake gasket leaking . removed and replaced with new gasket .,intake gasket; gasket,leaking,removed; replaced
105566,"number 1 , 2 , 3 and 4 intake gaskets are leaking . replaced gaskets .",intake gaskets; gaskets,leaking,replaced
105567,number 2 intake gasket leaking . removed and replaced gasket .,intake gasket; gasket,leaking,removed; replaced
105568,intakes number 2 and 4 leaking on left-hand engine . replaced gaskets .,intakes; engine; gaskets,leaking,replaced
105569,intake number 3 leaking on right-hand engine . removed and replaced gasket .,intake; engine; gasket,leaking,removed; replaced
105570,right-hand engine number 3 and 4 intake gaskets leaking . removed and replaced gaskets .,engine; intake gaskets; gaskets,leaking,removed; replaced
105571,left-hand engine cylinder number 2 and 4 intake gaskets are leaking . removed and replaced intake gaskets .,engine; cylinder; intake gaskets,leaking,removed; replaced
105572,"number 1 , 3 intake gaskets leaking . replaced intake gaskets .",intake gaskets,leaking,replaced
105573,rocker cover screw missing on number 3 cylinder . installed new screw .,rocker cover screw; cylinder; screw,missing,installed
105574,induction elbow drain tube requires repositioning . repositioned drain tube .,induction elbow drain tube; drain tube,,repositioning; repositioned
105575,right-hand engine number 4 intake gasket leaking . removed and replaced with new gasket .,engine; intake gasket; gasket,leaking,removed; replaced
105576,number 2 and 3 intakes leaking on left-hand engine . replaced gaskets .,intakes; engine; gaskets,leaking,replaced
105577,number 3 and 4 intakes leaking on right-hand engine . replaced gaskets .,intakes; engine; gaskets,leaking,replaced
105578,"started engine . on start engine roughness , engine continued . performed ground run , after engine warmed to or near to",engine,roughness,started; ground run
105579,"number 3 cylinder egt low on run up with rough running engine after start . performed compression check , found number 3 cylinder low . removed cylinder",cylinder; engine,low; rough running,compression check; removed
105580,"check number 1 and 3 oil drain tubes ; chafed by anti - chafe . removed hardened chafe wrap , wear within acceptable limit",oil drain tubes; hardened chafe wrap,chafed,check; removed
105581,number 2 rocker cover gasket is leaking . replaced gasket .,rocker cover gasket; gasket,leaking,replaced
105582,all bolts for grounding straps for engine and firewall to frame l . tightened all bolts .,bolts; grounding straps; engine; firewall; frame,,tightened
105583,number 2 cylinder forward baffle has hole in it . fabricated patch with like material and riveted in accordance with,cylinder; baffle; hole; patch; like material,,fabricated
105584,screw missing on number 2 rocker cover . installed screw .,screw; rocker cover,missing,installed
105585,left-hand number 4 aft baffle seal loose . secured with lacing cord .,baffle seal; lacing cord,loose,secured
105586,right-hand engine has leak along backbone . resealed and torqued hoisting ring bolt .,engine; backbone; hoisting ring bolt,leak,resealed; torqued
105587,left-hand cylinder number 4 intake bolt broke off . accessed area around number 4 cylinder and removed cylinder .,cylinder; intake bolt,broke off,accessed; removed
105588,left-hand number 4 intake gasket is leaking . tried removing broken bolt . bolt will not loosen . must,intake gasket; bolt,broken; leaking; will not loosen,tried removing
105589,left-hand cylinder number 4 intake bolt broke off . installed serviceable cylinder and installed all accessories .,cylinder; intake bolt; accessories,broke off,installed
105590,evidence of carb fire on left-hand carb airbox . inspected area of fire in carb airbox . cleaned and inspec,carb airbox,fire,inspected; cleaned
105591,left-hand and right-hand engine lower cowl seals loose . resecured engine cowl seals .,engine; cowl seals,loose,resecured
105592,"small rust spot on aft top left-hand left-hand engine mount . removed rust , inspected , no defects . painted with primer .",engine mount; rust; primer,,removed; inspected; painted
105593,rpm 2740 for 1 - 3 seconds . removed sd card to review data . inspected data and found,sd card; data,,removed; review; inspected
105594,"number 2 intake leak , left-hand engine . removed and replaced gasket with new .",intake; engine; gasket,leak,removed; replaced
105595,"number 3 intake leak , right-hand engine . removed and replaced gasket with new .",intake; engine; gasket,leak,removed; replaced
105596,"oil leak at right-hand engine backbone , aft bolt . sealed bolt and torqued . leak check good .",oil; engine; backbone; bolt,leak,sealed; torqued; leak check
105597,right-hand engine baffle spring broken . removed and replaced spring .,engine; baffle spring; spring,broken,removed; replaced
105598,number 4 cylinder has low compression . retrieved new cylinder assembly from inventory .,cylinder; cylinder assembly; inventory,low,retrieved
105599,number 4 cylinder has low compression . installed inches mineral oil only inches stickers .,cylinder; inches mineral oil only inches stickers,low,installed
105600,number 4 cylinder has low compression . fitted rings to piston . installed piston and cylinder assembly to,cylinder; rings; piston; cylinder assembly,low,fitted; installed
105601,number 4 cylinder has low compression . removed cylinder from engine . removed and replaced exhaust valve .,cylinder; engine; exhaust valve,low,removed; replaced
105602,number 4 cylinder has low compression . completed installation of baffling and exhaust valve . las,cylinder; baffling; exhaust valve,low,completed installation
105603,"number 3 engine baffle bolt hole , for hold down , needs new rivets . removed bad rivets and installed new .",engine; baffle bolt hole; hold down; rivets,bad,removed; installed
105604,baffle screw behind dipstick tube loose . tightened screw .,baffle screw; dipstick tube; screw,loose,tightened
105605,clamp broken on battery mount . removed and replaced clamp .,clamp; battery mount,broken,removed; replaced
105606,engine cowl cam lock loose . resecured cam lock .,engine; cowl cam lock; cam lock,loose,resecured
105607,baffle screw missing on right-hand engine number 4 cylinder . replaced screw .,baffle screw; engine; cylinder; screw,missing,replaced
105608,"baffle seals on number 2 , 4 cylinders on left-hand engine needs to be se . secured baffle seals .",baffle seals; cylinders; engine,,secured
105609,number 3 cylinder aft baffle missing mount bolt . installed new mount bolt .,cylinder; baffle; mount bolt,missing,installed
105610,number 3 and 4 intakes leaking . removed and replaced gaskets .,intakes; gaskets,leaking,removed; replaced
105611,2 and 4 intakes leaking on right-hand engine . replaced gaskets .,intakes; engine; gaskets,leaking,replaced
105612,"left-hand engine number 2 , 3 , 4 intake gaskets leaking . removed and replaced with new gaskets .",engine; intake gaskets; gaskets,leaking,removed; replaced
105613,"number 4 intake gasket leaking . replaced gasket , leak check good .",intake gasket; gasket,leaking,replaced; leak check
105614,right-hand engine number 3 intake is leaking . removed and replaced gasket .,engine; intake; gasket,leaking,removed; replaced
105615,"number 1 , 4 intake gaskets leaking . removed and replaced with new gaskets .",intake gaskets; gaskets,leaking,removed; replaced
105616,right-hand engine lower fireseal loose . reattached lower fireseal .,engine; fireseal,loose,reattached
105617,"engine started normally , 60 secs after start , engine began t . ran aircraft , operations good .",engine; aircraft,started normally,ran; operations
105618,"engine started normally , 60 secs after start , engine began t . reindexed mixture linkage .",engine,started normally,reindexed mixture linkage
105619,"engine started normally , 60 secs after start , engine began t . ran up aircraft , idle mixture linkage needs to be reindexed .",engine; aircraft; idle mixture linkage,started normally,ran up; reindexed
105620,fuel leak from drain . ran aircraft and found no leaks noted after aircraft sitting overni,fuel; drain; aircraft,leak; sitting,ran
105621,"number 1 , 2 rocker covers leaking . replaced gaskets .",rocker covers; gaskets,leaking,replaced
105622,adel clamp on aft right-hand primer line needs to be replaced . removed and replaced adel clamp .,adel clamp; primer line,,replaced; removed
105623,zip ties need to be removed from engine mounts . removed zip ties and resecured wiring and control cables with,zip ties; engine mounts; wiring; control cables,,removed; resecured
105624,chafe tape needed on number 2 baffle . installed chafe tape .,chafe tape; baffle,,installed
105625,"on run up , engine running extremely rough . several loud sound . ran aircraft , could not duplicate problem . all temps and pressure",engine; aircraft,running extremely rough; loud sound,ran
105626,number 4 intake leaking . replaced gasket .,intake; gasket,leaking,replaced
105627,"baffle seal is loose , forward of number 1 cylinder . secured seal with pop rivet .",baffle seal; cylinder; seal; pop rivet,loose,secured
105628,right-hand forward baffling is cracked . stop drilled crack .,baffling,cracked; crack,stop drilled
105629,remove zip ties from engine mount . removed all zip ties from engine mount .,zip ties; engine mount,,remove; removed
105630,"ducting rubbing on oil psi line , by firewall . installed spiral wrap on oil line .",ducting; oil psi line; spiral wrap; oil line,rubbing,installed
105631,number 1 and 3 intake gaskets are leaking . replaced gaskets .,intake gaskets; gaskets,leaking,replaced
105632,number 1 and 4 intakes leaking . removed and replaced gaskets .,intakes; gaskets,leaking,removed; replaced
105633,left-hand / top engine baffle seal loose . rescured baffle seal .,engine; baffle seal,loose,rescured
105634,left-hand engine started running rough in flight . full mixture and full . could not start left-hand engine . right-hand ok .,engine,started running rough; could not start,
105635,left-hand engine started running rough in flight . full mixture and full . started left-hand and right-hand engines . performed ground run . no def,engine; engines,started running rough,started; ground run
105636,number 3 cylinder has bad compression . completed engine reassembly .,cylinder; engine,bad compression,
105637,"number 3 cylinder has bad compression . ran engine , operations and leak check good .",cylinder; engine,bad compression,ran; operations; leak check
105638,number 3 cylinder has bad compression . removed number 3 cylinder . fitted new piston and rings . fitted and tor,cylinder; piston; rings,bad compression,removed; fitted
105639,number 3 cylinder has bad compression . dry tappet clearance check good . reassembled engine . servi,cylinder; engine,bad compression,clearance check; reassembled
105640,"right-hand forward baffle section , above number 1 cylinder , has damaged nutplates . replaced upper nutplate . removed stuck screws",baffle section; cylinder; nutplates; upper nutplate; screws,damaged; stuck,replaced; removed
105641,"both engines died after landing ground roll stop . restarted , . performed full ground run , operations checked good . no defects n",engines,died,restarted; ground run; operations checked
105642,number 4 intake on left-hand engine leaking . replaced gaskets .,intake; engine; gaskets,leaking,replaced
105643,number 2 and 4 intakes leaking . removed and replaced gaskets .,intakes; gaskets,leaking,removed; replaced
105644,number 4 intake gasket leaking . removed and replaced with new gasket .,intake gasket; gasket,leaking,removed; replaced
105645,bolt on top of engine case shows signs of leaking . sealed bolt with high temperature rtv .,bolt; engine; case; high temperature rtv,leaking,sealed
105646,number 3 and 4 intakes leaking . removed and replaced gaskets .,intakes; gaskets,leaking,removed; replaced
105647,number 3 and 4 intakes leaking . removed and replaced gaskets .,intakes; gaskets,leaking,removed; replaced
105648,both engine baffle plugs worn . installed new .,engine; baffle plugs,worn,installed
105649,number 4 cylinder has low compression . removed cylinder . found burnt valve . lapped and fitted new exhaust,cylinder; valve; exhaust,low; burnt,removed; lapped; fitted
105650,number 4 intake leaking . removed and replaced gasket .,intake; gasket,leaking,removed; replaced
105651,"strange howling noise , that increases in volume during fligh . inspected and performed ground run . no defects noted .",,strange howling noise; increases in volume,inspected; ground run
105652,number 4 intake is leaking . removed and replaced gasket .,intake; gasket,leaking,removed; replaced
105653,"cylinder number 1 , 3 , 1 intake gaskets are leaking . removed and replaced gaskets with new .",cylinder; intake gaskets; gaskets,leaking,removed; replaced
105654,right-hand engine lower aft cowling has seals to be reglued . reglued seal sections .,engine; cowling; seals; seal sections,,reglued
105655,"lower aft cowl , left-hand engine starter generator air vent has crack . applied sealant to crack .",cowl; engine; starter generator; starter generator air vent; air vent; sealant,crack,applied
105656,"chafe tape needed on bulkhead behind fuel nozzles , left-hand engine and . applied sealant for chafing .",chafe tape; bulkhead; fuel nozzles; engine; sealant,chafing,applied
105657,left-hand forward engine baffle loose . resecured engine baffle .,engine; baffle,loose,resecured
105658,number 1 - 3 baffle tie wire broken . installed new baffle tie wire .,baffle tie wire,broken,installed
105659,number 2 and 4 cht / egt wire anchor broken . removed and replaced anchors .,cht / egt wire anchor; anchors,broken,removed; replaced
105660,number 1 cylinder baffling has a crack . stop drilled crack .,cylinder baffling,crack,stop drilled
105661,number 2 intake gasket leaking . removed and replaced gasket .,intake gasket; gasket,leaking,removed; replaced
105662,number 4 intake tube leaking right-hand engine . removed and replaced with new gasket .,intake tube; engine; gasket,leaking,removed; replaced
105663,number 1 cylinder rocker arm and push rod galled on exhaust side . removed and replaced rocker arm and push rod .,cylinder; rocker arm; push rod,,removed; replaced
105664,number 2 cylinder rocker arm and push rod galled on exhaust side . removed and replaced rocker arm and push rod .,cylinder; rocker arm; push rod,,removed; replaced
105665,number 3 cylinder rocker arm and push rod galled on exhaust side . removed and replaced rocker arm and push rod .,cylinder; rocker arm; push rod,,removed; replaced
105666,number 4 cylinder rocker arm and push rod galled on exhaust side . removed and replaced rocker arm and push rod .,cylinder; rocker arm; push rod,,removed; replaced
105667,"engine running very rough and shaking after start up . installed rocker covers and cleaned . ran aircraft , leak and operations",engine; rocker covers; aircraft,running very rough; shaking,installed; cleaned; ran; leak and operations
105668,engine running very rough and shaking after start up . ran aircraft and engine ran rough . number 2 cylinder egt low . disassemble,engine; aircraft; cylinder,low; running very rough; shaking; ran rough,ran; disassemble
105669,"engine running very rough and shaking after start up . complied with ad e 2015 - 19 - 07 , fuel injector line failure insp rev da",engine; fuel injector line,running very rough; shaking,complied; failure insp
105670,engine running very rough and shaking after start up . ran engine to warm cylinders . performed compression check .,engine; cylinders,running very rough; shaking,ran; compression check
105671,engine running very rough and shaking after start up . ran engine and verified discrepancy . there is likely a st,engine,running very rough; shaking,ran; verified
105672,maintenance flight required to check for abnormal engine roughness in fl . completed cylinder number 4 and baffle instllation .,engine; cylinder; baffle instllation,roughness,maintenance flight
105673,"maintenance flight required to check for abnormal engine roughness in fl . reamed exhaust valve guides on cyls 1 , 2 and 3 .",engine; exhaust valve guides,roughness,maintenance flight; reamed
105674,maintenance flight required to check for abnormal engine roughness in fl . assembled baffle and rocker covers on cylinder 1 and 3 . removed,engine; baffle; rocker covers; cylinder,roughness,maintenance flight; assembled; removed
105675,"maintenance flight required to check for abnormal engine roughness in fl . started removing spark plugs , side baffles , rocker cove",engine; spark plugs; baffles; rocker cove,roughness,maintenance flight; started removing
105676,"maintenance flight required to check for abnormal engine roughness in fl . lowered exhaust , removed attaching hardware to cylinder 4 . r",engine; exhaust; attaching hardware; cylinder,roughness,maintenance flight; lowered; removed
105677,"maintenance flight required to check for abnormal engine roughness in fl . prepped new cylinder and piston . installed new piston , rings and",engine; cylinder; piston; rings,roughness,maintenance flight; prepped; installed
105678,oil leak at left-hand engine hoisting loop . leak check good .,oil; engine,leak; hoisting loop,leak check
105679,oil leak at left-hand engine hoisting loop . sealed and torqued bolt .,oil; engine; bolt,leak; hoisting loop,sealed; torqued
105680,"intakes 1 , 2 and 3 leaking on right-hand engine . removed and replaced gaskets .",intakes; engine; gaskets,leaking,removed; replaced
105681,"number 2 , 3 and 4 intake gaskets leaking on left-hand engine . removed and replaced with new gaskets .",intake gaskets; engine; gaskets,leaking,removed; replaced
105682,number 1 and 2 rocker gaskets are leaking on left-hand engine . removed and replaced with new silicone gaskets .,rocker gaskets; engine; silicone gaskets,leaking,removed; replaced
105683,aft right-hand baffle screw is missing . removed oil cooler from baffle no lines disturbed . in,baffle screw; oil cooler; baffle,missing,removed
105684,"number 2 , 4 intake gaskets leaking on left-hand engine . removed and replaced with new gaskets .",intake gaskets; engine; gaskets,leaking,removed; replaced
105685,"during power on stall , at full throttle , there was a loud tap . ran up aircraft , could not duplicate fuel smell .",aircraft,loud tap,ran up
105686,"during power on stall , at full throttle , there was a loud tap . ran aircraft . could not duplicate tapping noise or fuel smel",aircraft,loud tap,ran
105687,left-hand engine number 3 intake leaking . removed and replaced gasket .,engine; intake; gasket,leaking,removed; replaced
105688,"right-hand engine number 2 , 3 and 4 intake tube gaskets leaking . installed new gaskets .",engine; intake tube gaskets; gaskets,leaking,installed
105689,in straight and level flight experienced 2 vibrations with aircraft y . routed and secured oil lines .,aircraft; oil lines,vibrations,routed; secured
105690,in straight and level flight experienced 2 vibrations with aircraft y . run up and leak check ok . for maintenance flight .,aircraft,vibrations,run up; leak check; maintenance flight
105691,"in straight and level flight experienced 2 vibrations with aircraft y . began lycoming , found number 2 exhaust guide tight . r",aircraft; exhaust guide,tight; vibrations,began
105692,"in straight and level flight experienced 2 vibrations with aircraft y . performed on number 4 exhaust guide , found tight . rea",aircraft; exhaust guide,tight; vibrations,
105693,in straight and level flight experienced 2 vibrations with aircraft y . completed assembly of baffles . ran engine blades engage,aircraft; baffles; engine; blades,vibrations,completed assembly; ran
105694,"1 , 2 and 3 intakes leaking . removed and replaced intake gaskets .",intakes; intake gaskets,leaking,removed; replaced
105695,number 1 intake leaking . removed and replaced gasket .,intake; gasket,leaking,removed; replaced
105696,number 1 cylinder on right-hand engine is cracked . operations and leak check good .,cylinder; engine,cracked,operations; leak check
105697,number 1 rocker cover leaking on left-hand engine . removed and replaced gakset .,rocker cover; engine; gakset,leaking,removed; replaced
105698,number 2 and 4 intakes leaking on left-hand engine . removed and replaced gaskets .,intakes; engine; gaskets,leaking,removed; replaced
105699,"right-hand engine number 2 , 3 , 4 intake gaskets are leaking . removed and replaced gaskets .",engine; intake gaskets; gaskets,leaking,removed; replaced
105700,number 1 cylinder on right-hand engine is cracked . removed cylinder assembly . replaced with new cylinder assembly ia,cylinder; engine; cylinder assembly,cracked,removed; replaced
105701,number 2 intake gasket leaking . inspected and found seeping rocker gasket . cleaned intake,intake gasket; rocker gasket; intake,leaking; seeping,inspected; cleaned
105702,small leak on right-hand engine backbone . leak check good .,engine; backbone,leak,leak check
105703,number 2 and 4 left engine intakes leaking . replaced gaskets .,engine; intakes; gaskets,leaking,replaced
105704,"small leak on right-hand engine backbone . cleaned , sealed and retorqued backbone bolt .",engine; backbone; backbone bolt,leak,cleaned; sealed
105705,number 4 intake on right-hand engine leaks and number 3 intake on left-hand engine . replaced left-hand engine gasket .,intake; engine; engine gasket; gasket,leaks,replaced
105706,number 4 intake on right-hand engine leaks and number 3 intake on left-hand engine . replaced gasket on right-hand engine .,intake; engine; gasket,leaks,replaced
105707,pilot reports partial power loss and rough running engine . found number 2 cylinder cracked . removed and replaced cylinder . complied with,engine; cylinder,cracked; partial power loss; rough running,removed; replaced; complied
105708,pilot reports partial power loss and rough running engine . for billing purposes only,engine,partial power loss; rough running,
105709,left-hand engine number 4 intake leaking . removed and replaced with new gasket .,engine; intake; gasket,leaking,removed; replaced
105710,right-hand engine number 4 intake leaking . removed and replaced with new gasket .,engine; intake; gasket,leaking,removed; replaced
105711,"number 3 intake gasket leaking , right-hand engine . removed and replaced gasket .",intake gasket; engine; gasket,leaking,removed; replaced
105712,number 2 and 4 intake gasket leaking on left-hand engine . removed and replaced gaskets .,intake gasket; engine; gaskets,leaking,removed; replaced
105713,left-hand engine forward left-hand baffle / cowl seal found in engine cowl . installed left-hand engine forward left-hand baffle / cowl seal .,engine; baffle / cowl seal; cowl,,installed
105714,fuel is leaking out of number 4 intake tube . removed and replaced number 4 intake gasket . ran up engine . lea,fuel; intake tube; intake gasket; engine,leaking,removed; replaced; ran up
105715,engine drain lines need adel clamps replaced . removed and replaced 2 engine drain line adel clamps .,engine; drain lines; adel clamps; engine drain line; drain line,,replaced; removed
105716,"pilot reported intake leak . inspected , found intake to not be leaking .",intake,leak; leaking,inspected
105717,intakes number 2 and 4 leaking . removed and replaced gaskets .,intakes; gaskets,leaking,removed; replaced
105718,right-hand engine running rough . during run up engine was violently . ran aircraft . operations and leak check good . reinstalled cowling .,engine; aircraft; cowling,running rough,ran; operations; leak check; reinstalled
105719,right-hand engine running rough . during run up engine was violently . confirmed discrepancy . inspected right-hand engine and found,engine,running rough,confirmed; inspected
105720,"right-hand engine running rough . during run up engine was violently . installed number 2 and 4 intercylinder baffle , tie rod and drain",engine; intercylinder baffle; tie rod,running rough,installed
105721,"right-hand engine running rough . during run up engine was violently . removed baffling , intake pipe , exhaust stack and aft muff",engine; baffling; intake pipe; exhaust stack,running rough,removed
105722,"right-hand engine running rough . during run up engine was violently . torqued hold down nuts to specs . reinstalled intake , exhaust",engine; hold down nuts; intake; exhaust,running rough,torqued; reinstalled
105723,right-hand engine running rough . during run up engine was violently . installed and torqued spark plugs . connected spark plug l,engine; spark plugs; spark plug,running rough,installed; torqued; connected
105724,both lower engine cowls need cleaning . cleaned both cowls .,engine; cowls,,cleaning; cleaned
105725,"left-hand engine , number 2 , 4 intake gaskets leaking . removed and replaced with new gaskets .",engine; intake gaskets; gaskets,leaking,removed; replaced
105726,"magneto drop out of standards . ran aircraft up to operating parameters . performed magneto check , o",aircraft,out of standards,ran; magneto check
105727,number 1 intake gasket leaking . removed and replaced gasket .,intake gasket; gasket,leaking,removed; replaced
105728,number 2 and 3 intakes leaking . removed and replaced gaskets .,intakes; gaskets,leaking,removed; replaced
105729,"propeller overspeed , high rpm and anything above 22 inches would re . complied with lycoming 369 m ; overspeed found to be between 5 and 10",propeller,overspeed,complied
105730,left-hand engine number 2 cylinder lost cht and egt during landing . also starte . removed and replaced number 2 cylinder assembly on left engine . changed,engine; cylinder; cylinder assembly,lost,removed; replaced; changed
105731,left-hand engine number 2 cylinder lost cht and egt during landing . also starte . for billing purposes only,engine; cylinder,lost,
105732,number 3 lower intake tube leaks . swedged intake tube and installed intake tube with new gask,intake tube; gask,leaks,swedged; installed
105733,number 3 and 4 cylinder intake gaskets are leaking . removed and replaced gaskets .,cylinder; intake gaskets; gaskets,leaking,removed; replaced
105734,"number 3 cylinder aft baffle attach screw has come out . removed dipstick tube , reinstalled screw , reinstalled d",cylinder; baffle attach screw; dipstick tube; screw,come out,removed; reinstalled
105735,"number 3 exhaust push rod seal is leaking . removed and replaced push rod seal , o - ring retainer and 2 r",exhaust push rod seal; push rod seal,leaking,removed; replaced
105736,number 1 and 4 intakes leaking . removed and replaced gaskets .,intakes; gaskets,leaking,removed; replaced
105737,number 1 cylinder cracked . leak and operations check good .,cylinder,cracked,leak and operations check
105738,number 2 intake tube gasket leaking . installed new gasket .,intake tube gasket; gasket,leaking,installed
105739,number 1 cylinder cracked . installed new number 1 cylinder in accordance with lycoming overhaul manual .,cylinder,cracked,installed
105740,number 1 cylinder side baffle is cracked . installed patch made of like material .,cylinder; baffle; patch; like material,cracked,installed
105741,"number 4 cylinder has low compression . ran up aircraft , leak check good .",cylinder; aircraft,low,ran up; leak check
105742,number 4 cylinder has low compression . found dry tappet clearance within specs and all fluid lines,cylinder; fluid lines,low,
105743,"number 4 cylinder has low compression . removed cylinder from engine , inspected and found burnt e",cylinder; engine,low; burnt,removed; inspected
105744,"cylinder number 1 and 3 tie rod is loose and aft baffle is contacting oil . adjusted intercylinder baffle tie rod , inspected return",cylinder; tie rod; baffle; oil; intercylinder baffle tie rod,loose,adjusted; inspected
105745,number 2 intake leaking . removed and replaced gasket .,intake; gasket,leaking,removed; replaced
105746,number 1 and 2 intakes leaking . removed and replaced gaskets .,intakes; gaskets,leaking,removed; replaced
105747,number 3 cylinder has low compression . run up leak check good .,cylinder,low,run up leak check
105748,"number 3 cylinder has low compression . reinstalled baffling , exhaust intake tubes , oil return",cylinder; baffling; exhaust; intake tubes; oil return,low,reinstalled
105749,"number 3 cylinder has low compression . removed number 3 cylinder , ground intake valve and seat , lapped exha",cylinder; intake valve,low,removed; ground; lapped
105750,number 3 intake leaking . removed and replaced gasket .,intake; gasket,leaking,removed; replaced
105751,number 3 cylinder intake gasket leaking . replaced gasket .,cylinder; intake gasket; gasket,leaking,replaced
105752,screw missing in number 3 side baffle . installed screw .,screw; baffle,missing,installed
105753,number 2 intake leaking . removed and replaced gasket .,intake; gasket,leaking,removed; replaced
105754,"right-hand aft baffle bracket has sheared rivet . removed sheared rivet . replaced with screw , washers and nut",baffle bracket; rivet; screw; washers; nut,sheared,removed; replaced
105755,number 1 cylinder intake gasket broken and leaking . removed right-hand exhaust - intake tube assembly . intake elbow gask,cylinder; intake gasket; exhaust; intake tube assembly; intake elbow gask,broken; leaking,removed
105756,number 2 and 4 cylinder rocker covers are missing 1 screw each . installed new screws .,cylinder; rocker covers; screw; screws,missing,installed
105757,"during run up , when checking left magneto , there was a 250 rpm d . ran aircraft , determined to be number 4 lower plug . removed , clean",magneto; aircraft; plug,,ran; determined; removed; clean
105758,"last landing , coming off runway , engine shutdown . ran aircraft , idle rpm and mixture check good . magneto checks good . s",engine; aircraft,shutdown,ran; mixture check; magneto checks
105759,left-hand engine number 3 intake leaking . removed and replaced gasket .,engine; intake; gasket,leaking,removed; replaced
105760,right-hand engine number 4 intake leaking . removed and replaced gasket .,engine; intake; gasket,leaking,removed; replaced
105761,right-hand engine inlet screen wire is broken . replaced with new screen .,engine; inlet screen wire; screen,broken,replaced
105762,"engine started making abnormal sound in flight . abnormal vib . ran up aircraft , could not duplicate irregular sounds or vib",engine; aircraft,started making abnormal sound; abnormal vib,ran up
105763,"forward baffle , left-hand bottom rubbing with muffler . resecured baffle with muffler with red rtv , no defect noted",baffle; muffler; rtv,rubbing,resecured
105764,"number 1 , 2 , 3 , 4 intakes leaking on right-hand engine . removed and replaced gaskets .",intakes; engine; gaskets,leaking,removed; replaced
105765,"number 2 , 3 intakes leaking on left-hand engine . removed and replaced with new gaskets .",intakes; engine; gaskets,leaking,removed; replaced
105766,left-hand lower engine cowl cam lock missing lock washer . installed lock washer on cam lock .,engine; cowl cam lock; lock washer; cam lock,missing,installed
105767,"engine died at idle during taxi 3 times . could not start aft . performed ground run , found engine idling too low . adju",engine,died; could not start; idling too low,ground run; adju
105768,number 4 intake leaking . removed and replaced gasket .,intake; gasket,leaking,removed; replaced
105769,oil pressure line support bracket / fuel flow transducer wire . installed bracket .,oil pressure line; support bracket; fuel flow transducer wire; bracket,,installed
105770,fuel line support bracket off number 2 exhaust push rod tube missing . installed bracket .,fuel line support bracket; exhaust push rod tube; bracket,missing,installed
105771,number 2 rocker cover leaking . removed and replaced gasket .,rocker cover; gasket,leaking,removed; replaced
105772,number 2 cylinder intake gasket leaking . removed and replaced gasket .,cylinder; intake gasket; gasket,leaking,removed; replaced
105773,both baffle spark plug access holes damaged . installed doubler plates . removed and replaced baffle plu,baffle spark plug; doubler plates,damaged,installed; removed; replaced
105774,number 1 intake leaking . removed and replaced gasket .,intake; gasket,leaking,removed; replaced
105775,left-hand engine number 4 intake leaking . removed and replaced gasket .,engine; intake; gasket,leaking,removed; replaced
105776,"right-hand engine number 3 , 4 intakes leaking . removed and replaced gaskets .",engine; intakes; gaskets,leaking,removed; replaced
105777,"during run up , engine shutdown . restarted and had flames comi . inspected engine , performed ground run . operations checked good .",engine,shutdown; flames comi,inspected; ground run; operations checked
105778,"after start up , engine kept hesitating every 4 - 5 seconds . performed ground run , operations checked good .",engine,kept hesitating,ground run; operations checked
105779,pilot reports start assist . started aircraft .,aircraft,,pilot reports start assist; started
105780,baffle plug worn . removed and replaced baffle plug .,baffle plug,worn,removed; replaced
105781,"number 2 , 1 intakes leaking . removed and replaced gaskets .",intakes; gaskets,leaking,removed; replaced
105782,engine cover removed for inspection . installed engine cover .,engine cover,,removed; inspection; installed
105783,number 2 intake gasket leaking . installed new intake gasket .,intake gasket,leaking,installed
105784,engine baffle plug tangs broken . installed new baffle plug .,engine; baffle plug; tangs,broken,installed
105785,left-hand number 4 intake gasket leaking . removed and replaced with new gasket .,intake gasket; gasket,leaking,removed; replaced
105786,right-hand number 4 intake gasket is leaking . removed and replaced with new gasket .,intake gasket; gasket,leaking,removed; replaced
105787,number 3 rocker cover gasket leaking on left-hand engine . removed and replaced with new silicone gaskets .,rocker cover gasket; engine; silicone gaskets,leaking,removed; replaced
105788,right-hand engine number 4 cylinder intake leaks . removed and replaced gasket .,engine; cylinder; intake; gasket,leaks,removed; replaced
105789,"right-hand engine has cracked 90 degrees bracket forward oil cooler , needs stop d . stop drilled crack end .",engine; 90 degrees bracket; oil cooler,cracked; crack,stop drilled
105790,"many cracks on baffling number 3 cylinder right-hand engine , behind 90 degrees bracket . removed baffle assembly and cleaned area .",baffling; cylinder; engine; 90 degrees bracket; baffle assembly,cracks,removed; cleaned
105791,left-hand engine baffle tie rod wire hitting both outboard clamps . damage negligible . adjusted toward inboard and adjusted clamps out of the,engine; baffle tie rod wire; clamps,hitting,adjusted
105792,"many cracks on baffling number 3 cylinder right-hand engine , behind 90 degrees bracket . installed new baffle section . cleaned scat tube .",baffling; cylinder; engine; 90 degrees bracket; baffle section; scat tube,cracks,installed; cleaned
105793,left-hand engine has cracked 90 degrees bracket by forward of oil cooler - pas . replaced with serviceable bracket from left-hand engine baffle .,engine; 90 degrees bracket; baffle,cracked,replaced
105794,number 3 and 4 intake gaskets are leaking . replaced both gaskets .,intake gaskets; gaskets,leaking,replaced
105795,baffle plugs need to be replaced . installed new baffle plugs .,baffle plugs,,replaced; installed
105796,left-hand engine overspeed on takeoff and climb ; 2720 - 2730 . could h . removed sd card and read . 2733 . 2 rpm highest recording . l,engine; sd card,overspeed,removed; read
105797,rivet loose on left-hand baffle . tightened rivet .,rivet; baffle,loose,tightened
105798,"number 2 , 4 rocker box leaking . removed and replaced gaskets .",rocker box; gaskets,leaking,removed; replaced
105799,"left engine would not start . left engine cover was not put o . started and ran engine left-hand , all systems within parameters .",engine; engine cover,would not start,started; ran
105800,number 4 intake tube gasket leaking . removed and replaced gasket .,intake tube gasket; gasket,leaking,removed; replaced
105801,number 2 cylinder needs new gasket on rocker box . removed and replaced gasket .,cylinder; gasket; rocker box,,removed; replaced
105802,"on downwind , had reduction in power followed by rough vibra . ran aircraft , all checks good . downloaded card data and found",aircraft; card data,reduction in power; rough vibra,ran; checks; downloaded
105803,"during taxi , started to smell heavy fumes , co warning came o . ran up aircraft , unable to duplicate discrepancy .",aircraft,started to smell heavy fumes; co warning came o,ran up
105804,"co level high warning came on while taxiing . ran aircraft , all checks good . no co warning .",aircraft,co level high warning came on,ran; checks
105805,"oversped propeller during manuevers , 30 rpm . downloaded card data and found 2740 peak rpm . no further",propeller; card data,oversped,downloaded
105806,number 4 intake gasket leaking . removed and replaced gasket .,intake gasket; gasket,leaking,removed; replaced
105807,tab on number 3 cylinder aft baffle rivets sheared off . removed and replaced rivets .,tab; cylinder; baffle rivets; rivets,sheared,removed; replaced
105808,number 3 cylinder low compression 48 / 80 . ground valves and started grinding valve seats .,cylinder; valves; valve seats,low,ground; started grinding
105809,"loose rivets , right-hand forward baffle seal . removed rivets and replaced with nuts and screws .",rivets; baffle seal; nuts; screws,loose,removed; replaced
105810,"number 3 cylinder low compression 48 / 80 . performed compression test , found number 3 cylinder at 48 psi . stak",cylinder,low,compression test; stak
105811,number 3 cylinder low compression 48 / 80 . finished grounding valve seats and fitting valves into se,cylinder; valve seats; valves,low,finished grounding; fitting
105812,number 3 cylinder low compression 48 / 80 . installed baffles and all necessary parts for number 3 cylinder,cylinder; baffles; necessary parts,low,installed
105813,left-hand engine number 2 intake leaks . replaced gasket .,engine; intake; gasket,leaks,replaced
105814,number 4 rocker box cover leaking . removed and replaced gasket .,rocker box cover; gasket,leaking,removed; replaced
105815,number 2 and 4 intakes leaking on right-hand engine . removed and replaced gaskets .,intakes; engine; gaskets,leaking,removed; replaced
105816,"intakes 2 , 3 and 4 leaking on left-hand engine . removed and replaced gaskets .",intakes; engine; gaskets,leaking,removed; replaced
105817,number 1 intake leaking . removed and replaced gasket .,intake; gasket,leaking,removed; replaced
105818,number 4 cylinder compression at 45 / 80 . operations and leak checked good .,cylinder,,operations and leak checked
105819,number 4 cylinder compression at 45 / 80 . found exhaust valve burnt and guide worn .,cylinder; exhaust valve; guide,burnt; worn,
105820,number 4 cylinder compression at 45 / 80 . staked valves . cylinder stayed at 45 / 80 . removed baffles,cylinder; valves; baffles,,staked; removed
105821,number 4 cylinder compression at 45 / 80 . installed new cylinder assembly and torqued to case . dry tappet cl,cylinder; cylinder assembly,,installed; torqued
105822,unable to start left-hand engine . started engine and warmed . installed engine blanket .,engine; engine blanket,unable to start,started; warmed; installed
105823,left-hand engine number 4 intake gasket leaking . installed new intake gasket .,engine; intake gasket,leaking,installed
105824,"right-hand engine number 3 , 4 intake gaskets leaking . removed and replaced intake gaskets .",engine; intake gaskets,leaking,removed; replaced
105825,rocker cover screw missing . installed rocker cover screw on number 2 cylinder .,rocker cover screw; cylinder,missing,installed
105826,evidence of seepage at number 3 push rod exhaust tube . leak check good .,push rod exhaust tube,seepage,leak check
105827,evidence of seepage at number 3 push rod exhaust tube . replaced exhaust push rod tube seals .,push rod exhaust tube; exhaust push rod tube seals,seepage,replaced
105828,number 2 rocker cover leaking . removed and replaced gasket .,rocker cover; gasket,leaking,removed; replaced
105829,number 3 intake leaking on right-hand engine . removed and replaced gasket .,intake; engine; gasket,leaking,removed; replaced
105830,number 3 rocker gasket is leaking . replaced gasket .,rocker gasket; gasket,leaking,replaced
105831,both side baffles need baffle plug patches . installed patches .,baffles; baffle plug patches; patches,,installed
105832,number 1 front baffle seal is loose . secured baffle seal with pop rivets .,baffle seal; pop rivets,loose,secured
105833,number 2 and 4 intakes leaking on left-hand engine . removed and replaced gaskets .,intakes; engine; gaskets,leaking,removed; replaced
105834,"rough engine . ran aircraft , warmed to operating temperature , no defects no",engine; aircraft,rough,ran; warmed
105835,"during run up , left-hand magneto drop outside of standards . was able t . ran up aircraft , at multiple power settings , no defects note",aircraft,outside of standards,ran up
105836,"during start up , engine started but ran very rough and would n . ran aircraft , confirmed discrepancy . performed compression check",engine; aircraft,started but ran very rough; but ran very rough; ran very rough,ran; confirmed; compression check
105837,"during start up , engine started but ran very rough and would n . disassembled exhaust valves and springs . reamed exhaust g",engine; exhaust valves; springs; exhaust g,ran very rough,disassembled; reamed
105838,"baffle tie rod broken , left side . replaced baffle tie rod .",baffle tie rod,broken,replaced
105839,"oil pressure read 100 - 105 psi in traffic pattern . completed engine assembly , serviced with oil .",engine assembly; oil,,serviced
105840,oil pressure read 100 - 105 psi in traffic pattern . disassembled engine to allow access to accessory case .,engine; accessory case,,disassembled
105841,oil pressure read 100 - 105 psi in traffic pattern . installed serviceable accessory case . torqued to engine,accessory case; engine,,installed; torqued
105842,"oil pressure read 100 - 105 psi in traffic pattern . ran aircraft , operations and leak check good . oil pressure 89 psi at full",aircraft,,ran; operations; leak check
105843,"on flight , left-hand alternator indicates zero . ran aircraft , alternators check normally .",alternator; aircraft,,ran; alternators check
105844,cylinder number 2 intake gasket leaking . replaced gasket .,cylinder; intake gasket; gasket,leaking,replaced
105845,number 3 cylinder exhaust push rod shroud needs new adel clamp . removed and replaced clamp .,cylinder; exhaust push rod shroud; adel clamp; clamp,,removed; replaced
105846,need both push rod shroud tube seals . removed 2 push rod shroud tube seals from overhaul kit .,push rod shroud tube seals; overhaul kit,,removed
105847,"engine ran rough , idle low , wouldn ' t go to full power . ground and lapped intake valve and seat . installed cylinder nuts",engine; intake valve; seat; cylinder nuts,low; ran rough; wouldn ' t go to full power,ground; lapped; installed
105848,"engine ran rough , idle low , wouldn ' t go to full power . performed compression test , found number 3 cylinder to have low co",engine; cylinder,low; ran rough; wouldn ' t go to full power,compression test
105849,"engine ran rough , idle low , wouldn ' t go to full power . finished cylinder installation . performed dry tappet cl",engine; cylinder,low; ran rough; wouldn ' t go to full power,installation; dry tappet cl
105850,"right-hand engine number 2 , 3 , 4 intake gaskets leaking . replaced gaskets .",engine; intake gaskets; gaskets,leaking,replaced
105851,"left-hand engine number 2 , 3 , 4 intake gaskets are leaking . replaced gaskets .",engine; intake gaskets; gaskets,leaking,replaced
105852,right-hand engine number 4 cylinder compression 40 / 80 . removed cylinder . drained and cleaned lifters .,engine; cylinder; lifters,,removed; drained; cleaned
105853,right-hand engine number 4 cylinder compression 40 / 80 . installed new cylinder assembly . began installing baffles .,engine; cylinder; cylinder assembly; baffles,,installed; began installing
105854,right-hand engine number 3 cylinder compression 59 / 80 . removed baffles and cylinder . drained and cleaned lifters .,engine; cylinder; baffles; lifters,,removed; drained; cleaned
105855,right-hand engine number 3 cylinder compression 59 / 80 . installed new cylinder assembly . began installing baffles .,engine; cylinder; cylinder assembly; baffles,,installed; began installing
105856,right-hand engine number 3 cylinder compression 59 / 80 . completed installation of baffles and exhaust system . ran,engine; cylinder; baffles; exhaust system,,completed installation; ran
105857,"right-hand engine number 4 cylinder compression 40 / 80 . completed installation of baffles and exhaust . ran engine , o",engine; cylinder; baffles; exhaust,,completed installation; ran
105858,left-hand baffle plug broken . removed and replaced with new plug .,baffle plug; plug,broken,removed; replaced
105859,"during engine start , engine was running very rough . went throttle . leak and operations check good .",engine; throttle,running very rough,leak and operations check
105860,"during engine start , engine was running very rough . went throttle . ran up aircraft , confirmed discrepancy . reviewed fdm data , found",engine; aircraft; fdm data,running very rough,ran up; confirmed; reviewed
105861,"during engine start , engine was running very rough . went throttle . reamed remaining cylinder exhaust guides and reassembled , inst",engine; throttle; cylinder; exhaust guides,running very rough,reamed; reassembled
105862,sniffler valves dirty . cleaned sniffler valves .,sniffler valves,dirty,cleaned
105863,number 2 intake leaking . removed and replaced gasket .,intake; gasket,leaking,removed; replaced
105864,front crankshaft oil plug leaking . leak check good .,crankshaft; oil plug,leaking,leak check
105865,baffle tie on right-hand bottom side broken . removed and replaced baffle tie .,baffle tie,broken,removed; replaced
105866,"front crankshaft oil plug leaking . removed propeller , removed and replaced forward crankshaft seal . r",crankshaft; oil plug; propeller; seal,leaking,removed; replaced
105867,number 1 intake leaking . removed and replaced gasket .,intake; gasket,leaking,removed; replaced
105868,number 3 intake gasket leaking . installed new gasket .,intake gasket; gasket,leaking,installed
105869,baffle plugs tangs broken . installed new baffle plugs .,baffle plugs; tangs,broken,installed
105870,number 3 intake leaking on right-hand engine . removed and replaced gasket .,intake; engine; gasket,leaking,removed; replaced
105871,number 4 intake leaking on left-hand engine . removed and replaced gasket .,intake; engine; gasket,leaking,removed; replaced
105872,sniffler valves dirty . cleaned both sniffler valves .,sniffler valves,dirty,cleaned
105873,number 2 intake leaking . removed and replaced gasket .,intake; gasket,leaking,removed; replaced
105874,"engine running rough on takeoff , cruise , climb . went through . ground ran aircraft , could not duplicate discrepancy . maintenanc",engine; aircraft,running rough,ground ran
105875,compressor wash required . removed right-hand p 3 filter and capped lines .,compressor wash; p 3 filter; lines,,removed; capped
105876,compressor wash required . removed left-hand p 3 filter and capped lines .,compressor wash; p 3 filter; lines,,removed; capped
105877,"engine started normal and idled normal , but when brought up to . disassembled baffles , inspected and found number 1 , 3 exhaust v",engine; baffles; exhaust v,,disassembled; inspected
105878,missing hardware on right-hand baffle and muffler . replaced missing hardware on muffler baffle .,hardware; baffle; muffler; muffler baffle,missing,replaced
105879,number 4 intake tube leaking at sump . leak check good .,intake tube; sump,leaking,leak check
105880,number 4 intake tube leaking at sump . swedged intake in accordance with lycoming direct drive manual . instal,intake tube; sump; intake,leaking,swedged
105881,left-hand engine number 3 intake leaking . removed and replaced intake gasket .,engine; intake; intake gasket,leaking,removed; replaced
105882,right-hand engine number 3 rocker box cover gasket leaking . removed and replaced gasket with new silicone gasket .,engine; rocker box cover gasket; gasket; silicone gasket,leaking,removed; replaced
105883,cylinder number 2 suspected oil leak at base . leak check good .,cylinder,oil leak,leak check
105884,cylinder number 2 suspected oil leak at base . retorqued number 2 cylinder base nuts .,cylinder; cylinder base nuts,oil leak,
105885,multiple zip ties on engine mount . removed ties and installed lacing cord .,zip ties; engine mount; ties; lacing cord,,removed; installed
105886,"during preflight , found oil leaking out from left-hand side of engine . found oil leaking from number 2 and 4 rocker covers . replaced r",oil; engine; rocker covers,leaking,replaced
105887,number 2 cylinder intake tube bolt broken . removed broken bolt .,cylinder; intake tube; bolt,broken,removed
105888,spark plug baffle plugs missing . installed new plugs .,spark plug; baffle plugs; plugs,missing,installed
105889,number 1 cylinder cracked . for engine replacement .,cylinder; engine,cracked,replacement
105890,number 4 intake leaking . removed and replaced gasket .,intake; gasket,leaking,removed; replaced
105891,intake number 4 leaking on right-hand engine . removed and replaced gasket .,intake; engine; gasket,leaking,removed; replaced
105892,"intakes 2 , 3 and 4 leaking on left-hand engine . removed and replaced gaskets .",intakes; engine; gaskets,leaking,removed; replaced
105893,"after landing , brought power to idle , rpm got as low as 530 , . performed ground run , engine operated good . no defects",engine,,ground run
105894,cylinder 3 or 4 has a stuck exhaust valve . ran up aircraft and installed cowl . operations and leak check good .,cylinder; exhaust valve; aircraft; cowl,stuck,ran up; installed; operations; leak check
105895,"cylinder 3 or 4 has a stuck exhaust valve . performed compression test , verified number 4 cylinder has zero co",cylinder; exhaust valve,stuck,compression test; verified
105896,cylinder 3 or 4 has a stuck exhaust valve . reamed number 4 cylinder exhaust guide . dry tappet clearance check go,cylinder; exhaust valve; exhaust guide,stuck,reamed; clearance check
105897,number 3 intake tube gasket leaking . installed new gasket .,intake tube gasket; gasket,leaking,installed
105898,number 1 and 3 rocker box cover gaskets leaking . installed new gaskets .,rocker box cover gaskets; gaskets,leaking,installed
105899,accessory housing / vacuum adapter gasket leaking . installed new gasket .,vacuum adapter gasket; gasket,leaking,installed
105900,"aircraft in grafton . flames on start up and burned / sooted cowl . drove to grafton and inspected aircraft , muffler and air intake",aircraft; cowl; muffler; air intake,burned / sooted; flames,inspected
105901,right-hand engine number 3 intake leaking . replaced gasket .,engine; intake; gasket,leaking,replaced
105902,left-hand engine number 3 intake leaking . removed and replaced intake gasket .,engine; intake; intake gasket,leaking,removed; replaced
105903,right-hand engine number 3 rocker cover leaking . replaced rocker cover gasket .,engine; rocker cover; rocker cover gasket,leaking,replaced
105904,number 2 intake leaking . removed and replaced gasket .,intake; gasket,leaking,removed; replaced
105905,"baffle by case split , cracked . fabricated baffle connector plate from like material and",baffle; case; baffle connector plate; like material,split; cracked,fabricated
105906,cylinder number 3 intake gasket leaking . removed and replaced gasket .,cylinder; intake gasket; gasket,leaking,removed; replaced
105907,lower bolt outboard for oil cooler flange loose cracked . cleaned and insp - no cracks . assembled bolt back in place,bolt; oil cooler flange,loose; cracked,cleaned; insp; assembled
105908,right-hand engine cylinder number 3 intake gasket leaking . installed new gasket .,engine; cylinder; intake gasket; gasket,leaking,installed
105909,long baffle tie rod cracked . replaced baffle tie rod .,baffle tie rod,cracked,replaced
105910,engine very rough after start - does not run at idle . completed reassembly .,engine,very rough; does not run,completed reassembly
105911,"engine very rough after start - does not run at idle . ran aircraft , operations and leak check good .",engine; aircraft,very rough; does not run,ran; operations; leak check
105912,"engine very rough after start - does not run at idle . ran aircraft , verified engine runs rough .",engine; aircraft,very rough; runs rough,ran; verified
105913,"engine very rough after start - does not run at idle . performed compression test , found number 4 cylinder 0 / 80 . borescop",engine; cylinder,very rough; does not run,compression test; borescop
105914,"engine very rough after start - does not run at idle . replaced number 4 cylinder with new assembly , torqued to case . dry tappe",engine; cylinder; assembly,very rough,replaced; torqued
105915,pilot requires start assist . started aircraft .,aircraft,,start assist; started
105916,manufacturer requested connecting rod exchange . continued reassembly .,connecting rod exchange,,continued reassembly
105917,manufacturer requested connecting rod exchange . removed cowl / exha ust - wiring .,manufacturer; connecting rod exchange; cowl / exha ust - wiring,,removed
105918,manufacturer requested connecting rod exchange . removed remaining baffles . removed cylinders and connecti,manufacturer; connecting rod exchange; baffles; cylinders,,removed
105919,manufacturer requested connecting rod exchange . began assembly of engine by installed new connecting rods and,connecting rod exchange; engine; connecting rods,,began assembly; installed
105920,manufacturer requested connecting rod exchange . for completion of rocker installation . assembly c,manufacturer; connecting rod exchange; rocker installation,,assembly
105921,"number 3 exhaust , number 4 in , number 4 exhaust push rod tips galled and rocker arms . installed new push rods . waiting on rocker arms .",exhaust; in; exhaust push rod tips; rocker arms; push rods,,galled; installed
105922,"number 3 exhaust , number 4 in , number 4 exhaust push rod tips galled and rocker arms . completed installation of rocker arms dry clearance ok",exhaust; in; exhaust push rod tips; rocker arms,,galled; completed installation
105923,engine runs rough on run up . engine run smooth on run up . operations and leak check good .,engine,runs rough,operations; leak check
105924,"engine runs rough on run up . reamed all 4 exhaust valves , clearances checked good ; cylinder",engine; exhaust valves; cylinder,runs rough,reamed; checked
105925,number 2 intake leaking . removed and replaced gasket .,intake; gasket,leaking,removed; replaced
105926,"engine would sputter when going from idle to full throttle . ran up aircraft , warmed to operating temperature . no defects noted .",engine; aircraft,would sputter,ran up; warmed
105927,"rough running engine in flight . partial power loss , little t . removed cowl and spark plug leads . observed crack across",engine; cowl; spark plug leads,crack; rough running; partial power loss,removed; observed
105928,"rough running engine in flight . partial power loss , little t . completed transferring serviceable components . installe",engine; serviceable components,rough running; partial power loss,transferring; installe
105929,"rough running engine in flight . partial power loss , little t . removed engine in accordance with maintenance manual . started transferring comp",engine,rough running; partial power loss,removed; started transferring
105930,"rough running engine in flight . partial power loss , little t . removed spark plugs . serviced with 8 quarts mineral oil . pre",engine; spark plugs; mineral oil,rough running; partial power loss,removed; serviced
105931,"rough running engine in flight . partial power loss , little t . completed routing and securing lines , wires , cables and hos",engine; lines; wires; cables; hos,rough running; partial power loss,routing; securing
105932,number 4 cylinder runs cold and engine shakes violently . started installation of new number 4 cylinder . torqued base n,cylinder; engine,runs cold; shakes violently,started installation; torqued
105933,"number 4 cylinder runs cold and engine shakes violently . installed push rods , rockers . tappet clearance checked ok",cylinder; engine; push rods; rockers,runs cold; shakes violently,installed; tappet clearance checked
105934,right-hand governor is still leaking . also found lift ring bolt leaking oil on engine case . r,governor; lift ring bolt; oil; engine case,leaking,
105935,"nut is missing on cylinder number 3 aft baffle mount . removed aft cylinder number 3 baffle , patched baffle in accordance with sr",nut; cylinder; baffle mount; baffle,missing,removed; patched
105936,right-hand carb heat shroud has a broken tab . removed and replaced carb heat shroud .,carb heat shroud; tab,broken,removed; replaced
105937,number 2 and 4 intake gaskets leaking left-hand engine . removed and replaced with new gaskets .,intake gaskets; engine; gaskets,leaking,removed; replaced
105938,"1 , 2 , 4 rocker cover gaskets leaking left-hand engine . removed and replaced gaskets .",rocker cover gaskets; engine; gaskets,leaking,removed; replaced
105939,"roughness on right-hand engine . suspect carb ice , but carb heat did . performed compression check - all cylinders were within limi",engine; carb ice; carb heat; cylinders,roughness,compression check
105940,2 and 4 intakes leaking . replaced gaskets .,intakes; gaskets,leaking,replaced
105941,"immediately after engine start , had engine roughness . ran aircraft , no roughness noted . all checks good .",engine; aircraft,roughness,ran; checks
105942,right engine dipstick tube safety is loose . tightened and resafetied tube .,engine; dipstick tube; tube,loose,tightened; resafetied
105943,right engine cylinder number 3 rocker cover gasket leaking . removed and replaced gasket .,engine; cylinder; rocker cover gasket; gasket,leaking,removed; replaced
105944,"high frequency vibration felt while running up at 2000 rpm . ran up aircraft , operations and leak check good .",aircraft,high frequency vibration,ran up; operations; leak check
105945,high frequency vibration felt while running up at 2000 rpm . found numerous specks of non - ferrous metal in oil . bega,oil,numerous specks of non - ferrous metal; high frequency vibration,
105946,high frequency vibration felt while running up at 2000 rpm . completed removal of engine . started removing baffles and,engine; baffles,high frequency vibration,completed removal; started removing
105947,high frequency vibration felt while running up at 2000 rpm . began transferring baffles and fittings to overhaul engine,baffles; fittings; engine,high frequency vibration,began transferring; overhaul
105948,high frequency vibration felt while running up at 2000 rpm . completed build up of overhaul engine . installed engine to a,overhaul engine; engine,high frequency vibration,completed build up; installed
105949,"high frequency vibration felt while running up at 2000 rpm . completed installation of fuel , oil and electrical lines .",fuel; oil; electrical lines,high frequency vibration,completed installation
105950,"high frequency vibration felt while running up at 2000 rpm . pre - oiled overhauled engine . installed spark plugs , lead",overhauled engine; spark plugs,high frequency vibration,pre - oiled; installed
105951,high frequency vibration felt while running up at 2000 rpm . installed cowling . performed ground run . adjusted idle,cowling,high frequency vibration,installed; ground run; adjusted
105952,number 3 intake gasket is leaking . replaced gasket .,intake gasket; gasket,leaking,replaced
105953,left-hand forward baffle seal loose . reattached baffle seal .,baffle seal,loose,reattached
105954,number 4 oil return line hose clamp is loose . tightened loose oil return line clamp .,oil return line; hose clamp; clamp,loose,tightened
105955,left-hand number 2 front baffle has 2 worn seals . fabricated new seals and secured .,baffle; seals,worn,fabricated; secured
105956,right-hand engine number 3 intake gasket leaking . removed and replaced with new gasket .,engine; intake gasket; gasket,leaking,removed; replaced
105957,"left-hand engine , all 4 intake gaskets are leaking . installed new intake gaskets .",engine; intake gaskets,leaking,installed
105958,"small amount of metal found in right-hand engine oil filter . in accordance with lycoming service instruction 1492 d , oil change and filter insp require",engine; oil filter,metal found,oil change; filter insp
105959,right-hand aft engine baffle mounting screw loose . tightened screw .,engine; baffle mounting screw; screw,loose,tightened
105960,number 3 intake leaking on left-hand engine . removed and replaced gasket .,intake; engine; gasket,leaking,removed; replaced
105961,number 2 and 4 cylinder intake gaskets are leaking . removed and replaced gaskets .,cylinder; intake gaskets; gaskets,leaking,removed; replaced
105962,number 4 intake leaking . removed and replaced gasket .,intake; gasket,leaking,removed; replaced
105963,left-hand engine number 4 intake leaking . removed and replaced with new gaskets .,engine; intake; gaskets,leaking,removed; replaced
105964,number 3 intake gasket leaking . installed new gasket .,intake gasket; gasket,leaking,installed
105965,number 1 cylinder forward baffle seal has come loose . resecured seal .,cylinder; baffle seal; seal,loose,resecured
105966,number 1 cylinder intake gasket is leaking . removed and replaced gasket .,cylinder; intake gasket; gasket,leaking,removed; replaced
105967,"number 2 , 3 and 4 cylinder rocker cover gaskets are leaking . removed and replaced gaskets .",cylinder; rocker cover gaskets; gaskets,leaking,removed; replaced
105968,number 3 intake leaking on right-hand engine . removed and replaced gasket .,intake; engine; gasket,leaking,removed; replaced
105969,right-hand engine number 3 and 4 intake gaskets are leaking . installed new gaskets .,engine; intake gaskets; gaskets,leaking,installed
105970,"3 rockers and push rods scored number 2 in , 2 exhaust , 3 exhaust . replaced rockers and push rods .",rockers; push rods; exhaust,scored,replaced
105971,"left-hand engine number 4 cylinder is cracked , found on compression test . removed all cylinders , reinstalled 4 new cylinders . tor",engine; cylinder; cylinders,cracked,removed; reinstalled
105972,"left-hand engine number 4 cylinder is cracked , found on compression test . installed remaining baffles , intake and exhaust . serviced",engine; cylinder; baffles; intake; exhaust,cracked,installed; serviced
105973,"left-hand engine number 4 cylinder is cracked , found on compression test . ran aircraft , operations and leak check good . for break",engine; cylinder; aircraft,cracked,compression test; ran; operations; leak check
105974,"number 1 , 3 , 4 intake gaskets leaking . removed and replaced gaskets .",intake gaskets; gaskets,leaking,removed; replaced
105975,number 2 intake is leaking . removed and replaced gasket .,intake; gasket,leaking,removed; replaced
105976,"cylinder number 1 , 3 rocker drain lines leaking . tightened rocker drain clamps .",cylinder; rocker drain lines; rocker drain clamps,leaking,tightened
105977,engine change required . completed installation of engine and components . routing,engine,,change; completed installation
105978,engine change required . removed old engine and hung overhauled engine,engine,,removed; hung
105979,engine change required . run up and leak check good . reinstalled cowling .,engine; cowling,,change; run up; leak check; reinstalled
105980,engine change required . set alternator belt tension and safetied . pre - oiled engin,engine; alternator belt,,set; safetied; pre - oiled
105981,baffle tie rod is chafing on number 4 oil return line . removed and replaced line . repositioned tie rod to create,baffle tie rod; oil return line; line; tie rod,chafing,removed; replaced; repositioned
105982,crankshaft front seal needs to be replaced . leak check good .,crankshaft; seal,,replaced; leak check
105983,"number 1 , 4 rocker box gasket needs to be replaced . replaced gaskets .",rocker box gasket; gaskets,,replaced
105984,crankshaft front seal needs to be replaced . replaced forward crankshaft seal .,seal,,replaced
105985,"cracks on engine baffle , aft of number 3 cylinder . stop drilled cracks .",engine; baffle; cylinder,cracks,stop drilled
105986,"upon engine start , noticed engine was running extremely roug . ran up aircraft , cleared spark plugs . could not duplicate di",engine; aircraft; spark plugs,running extremely roug,ran up; cleared
105987,number 1 cylinder compression low . operations and leak check good .,cylinder,low,operations; leak check
105988,"number 1 cylinder compression low . removed and replaced number 1 cylinder , due to burnt exhaust va",cylinder; exhaust va,low; burnt,removed; replaced
105989,number 3 aft baffle tab is loose . removed baffle . installed and tightened new hardware . rei,baffle tab; baffle; hardware,loose,removed; installed; tightened
105990,wrench on cylinder number 1 . removed wrench from cylinder number 1,wrench; cylinder,,removed
105991,cylinder number 4 intake gaskets is leaking . removed and replaced gasket .,cylinder; intake gaskets; gasket,leaking,removed; replaced
105992,"inlet screen cowl panel rubber unsecure , left-hand engine . secured panel seals , left-hand side panels .",inlet screen cowl panel rubber unsecure; engine; panel seals; panels,,secured
105993,left-hand engine outboard bulkhead has crack by attach holes for lower . fabricated doubler out of 2024 t 3 . 040 aluminum and rivet,engine; bulkhead; holes; doubler; 2024 t 3 . 040 aluminum,crack,fabricated
105994,intakes number 2 and 3 leaking on right-hand engine . removed and replaced gaskets .,intakes; engine; gaskets,leaking,removed; replaced
105995,"intakes number 2 , 3 and 4 leaking on left-hand engine . removed and replaced gaskets .",intakes; engine; gaskets,leaking,removed; replaced
105996,"number 2 , 4 intakes leaking . removed and replace gaskets .",intakes; gaskets,leaking,removed; replace
105997,"screw behind dipstick tube loose , for baffle . tightened screw .",screw; dipstick tube; baffle,loose,tightened
105998,number 1 intake leaking . replaced gasket .,intake; gasket,leaking,replaced
105999,lower rocker box screws loose on cylinder 1 and 3 . tightened screws .,rocker box; screws; cylinder,loose,tightened
106000,"on engine start up , engine made loud grinding noise , that di . removed accessory case and oil sump . cleaned out fod , ins",engine; accessory case; oil sump; fod,grinding noise,removed; cleaned
106001,number 2 intake leaking . removed and replaced gasket .,intake; gasket,leaking,removed; replaced
106002,cylinder number 3 intake gasket is leaking . replaced gasket .,cylinder; intake gasket; gasket,leaking,replaced
106003,number 4 intake leaking . replaced intake gasket .,intake; intake gasket,leaking,replaced
106004,"screw found on ground during pad check , that was not there duri . reinstalled screw in number 4 rocker cover .",screw; rocker cover,,reinstalled
106005,"audible rpm loss and engine roughness while leveling in down w . performed compression check : cylinder number 1 - 78 , number 2 - 75 , number 3 - 78 , number 4 - 7",engine; cylinder,audible rpm loss; roughness,compression check
106006,airbox elbow has crack . removed elbow and replaced with serviceable .,airbox elbow; elbow,crack,removed; replaced; serviceable
106007,baffle above cylinder number 1 is cracked . stop drilled crack .,baffle; cylinder,cracked; crack,stop drilled
106008,left-hand engine number 4 intake leaking . replaced intake gasket .,engine; intake; intake gasket,leaking,replaced
106009,right-hand engine carb airbox loose . tightened bolts and safetied .,engine; carb airbox; bolts,loose,tightened; safetied
106010,number 1 intake leaking . removed and replaced gasket .,intake; gasket,leaking,removed; replaced
106011,number 4 intake leaking . removed and replaced gasket .,intake; gasket,leaking,removed; replaced
106012,screw missing on aft right-hand baffle . installed new screw .,screw; baffle,missing,installed
106013,"baffle screw , by oil tube , loose . tightened screw .",baffle screw; oil tube; screw,loose,tightened
106014,black forward seal wear spots from intake . applied red rtv to worn spots .,seal; intake; red rtv,wear; worn,applied
106015,"faulty magneto on run up , ran faulty magneto check list 2 times with some . performed ground run , no defects noted . operations checked good .",magneto,faulty,ran faulty magneto check; ground run; operations checked
106016,alternate airbox bushings are worn . replaced with serviceable airbox .,airbox bushings; airbox,worn,replaced
106017,number 1 rocker box gasket leaking . removed and replaced gasket .,rocker box gasket; gasket,leaking,removed; replaced
106018,"number 3 , 4 intakes leaking . replaced gaskets .",intakes; gaskets,leaking,replaced
106019,number 2 and 3 intakes leaking on right-hand engine . removed and replaced gaskets .,intakes; engine; gaskets,leaking,removed; replaced
106020,all 4 intakes leaking on left-hand engine . removed and replaced all gaskets on left-hand engine .,intakes; engine; gaskets,leaking,removed; replaced
106021,"low compression on cylinder number 2 , left-hand engine . found compression below 40 / 80 psi and leaking out exhaust",cylinder; engine; exhaust,low; leaking,
106022,"intake gaskets number 3 and 4 cylinder , leak . removed and replaced gaskets .",intake gaskets; cylinder; gaskets,leak,removed; replaced
106023,rpm hit 2720 during flight . insp as per lycoming for less than 5 % overspeed,,overspeed,insp
106024,number 1 intake gasket leaking . removed and replaced gasket .,intake gasket; gasket,leaking,removed; replaced
106025,right-hand side baffling missing hardware . installed new hardware .,baffling; hardware; new hardware,missing,installed
106026,"left-hand engine , cylinder number 4 intake leaking . removed and replaced gasket .",engine; cylinder; intake; gasket,leaking,removed; replaced
106027,"left-hand engine cylinder number 1 primer line chafing on intake tube . removed and replaced primer line sleeve , no damage noted .",engine; cylinder; primer line; intake tube; primer line sleeve,chafing,removed; replaced
106028,fod at number 2 cylinder . removed tie wrap for fod,fod; cylinder; tie wrap,,removed
106029,fod on side battery case zip tie taped to side . removed fod,fod; battery case zip tie,,removed
106030,right-hand rear engine baffle loose . tightened screws .,engine; baffle; screws,loose,tightened
106031,"hardware missing from aft right-hand baffle . retrieved missing hardware , reinstalled baffle screw . r",hardware; baffle; baffle screw,missing,retrieved; reinstalled
106032,"need to adjust mixture , 150 rise at shutdown . adjusted as needed . operations check good . seasonal adjustment ma",,,adjust mixture; adjusted; operations check; seasonal adjustment
106033,all cylinder rocker covers screws are loose . tightened all screws .,screws,loose,tightened
106034,number 3 rocker cover gasket leaking on left-hand engine . removed and replaced gasket .,rocker cover gasket; engine; gasket,leaking,removed; replaced
106035,number 4 cylinder intake gasket is leaking . removed and replaced gasket .,cylinder; intake gasket; gasket,leaking,removed; replaced
106036,number 3 intake leaking . replaced gasket .,intake; gasket,leaking,replaced
106037,number 2 intake leaking . removed and replaced gasket .,intake; gasket,leaking,removed; replaced
106038,number 2 intake leaking . removed and replaced gasket .,intake; gasket,leaking,removed; replaced
106039,"baffle seals on number 1 , 4 cylinders need to be secured . secured baffle seals .",baffle seals; cylinders,,secured
106040,1 and 4 intake leaking on left-hand engine . replaced gaskets on 1 and 4 intakes .,intake; engine; gaskets; intakes,leaking,replaced
106041,remove serviceable engine assembly to prepare for transport for . removed serviceable engine assembly ; including engine mount,engine assembly; engine mount,,remove; removed
106042,propeller strike / sudden stoppage . completed engine install in accordance with s maintenance manual .,propeller; engine,,install
106043,"propeller strike / sudden stoppage . removed engine assembly , including mount , hoses , wiring , ac",propeller; engine assembly; hoses; wiring,,removed
106044,right-hand engine number 2 rocker cover gasket leaking . removed and replaced gasket .,engine; rocker cover gasket; gasket,leaking,removed; replaced
106045,screw missing from left-hand forward baffle on right-hand engine . installed new hardware .,screw; baffle; engine; hardware,missing,installed
106046,"rocker covers 1 , 2 and 3 leaking on left-hand engine . removed and replaced gaskets .",rocker covers; engine; gaskets,leaking,removed; replaced
106047,"right-hand engine number 3 , 4 cylinders intake gaskets leaking . removed and replaced gaskets .",engine; cylinders; intake gaskets; gaskets,leaking,removed; replaced
106048,noticed an abnormal ticking or vibration noise from engine b . performed visual insp of engine and compression,engine,ticking; vibration noise,visual insp
106049,"overspeed engine by 20 rpm for no more than 10 seconds . reviewed fdm data and found max overspeed was 2617 rpm , w",engine; fdm data,overspeed,reviewed
106050,baffle plugs need to be replaced . replaced plugs .,baffle plugs; plugs,,replaced
106051,number 1 and 3 intake gaskets are leaking . replaced gaskets .,intake gaskets; gaskets,leaking,replaced
106052,"number 2 , 3 intake leaking . removed and replaced gasket .",intake; gasket,leaking,removed; replaced
106053,low compression on cylinder number 3 55 . operations and leak check good .,cylinder,low,operations; leak check
106054,"low compression on cylinder number 3 55 . removed cylinder , found to be burnt exhaust valve . installed",cylinder; exhaust valve,low; burnt,removed; installed
106055,"engine backfired during start , flame came out engine . performed ground run , operations checked good . inspected inlet fahrenheit",engine; inlet,backfired; flame came out,ground run; operations checked; inspected
106056,number 3 intake gasket leaking . removed and replaced with new gasket .,intake gasket; gasket,leaking,removed; replaced
106057,baffle cracked on number 1 cylinder . stop drilled crack .,baffle; cylinder,cracked; crack,stop drilled
106058,low compression on cylinder number 1 . found to have 57 / 80 psi comp and burnt exhaust valve . rem,cylinder; exhaust valve,low; burnt,
106059,baffle above cylinder number 1 cracked . stop drilled crack .,baffle; cylinder,cracked; crack,stop drilled
106060,number 3 rocker cover gasket leaking . removed and replaced gasket with new .,rocker cover gasket; gasket,leaking,removed; replaced
106061,number 1 and 3 rocker covers leaking . removed and replaced gaskets .,rocker covers; gaskets,leaking,removed; replaced
106062,all rocker drain lines are slightly loose . tightened all lines inches b inches nut .,rocker drain lines; lines inches b inches nut,slightly loose; loose,tightened
106063,number 1 side and front baffle seals are loose . secured baffle seals with pop rivets .,baffle seals; pop rivets,loose,secured
106064,"right-hand engine number 2 , 3 , 4 intakes leaking . replaced intake gaskets .",engine; intakes; intake gaskets,leaking,replaced
106065,"number 2 , 4 cylinder baffle tie rod bolt broken . removed and replaced bolt .",cylinder; baffle tie rod; bolt,broken,removed; replaced
106066,bolt for alternator support needs safety wire . safetied bolt .,bolt; alternator support; safety wire,,safetied
106067,right-hand engine ran rough in climb and cruise . shut off left-hand magneto on . ran aircraft . left-hand and right-hand engine mags check good . no roughness no,engine; magneto; aircraft,ran rough,shut off; ran; mags check
106068,screw behind oil dipstick tube loose . tightened screw .,screw; oil dipstick tube,loose,tightened
106069,left-hand upper baffle loose above number 2 cylinder . secured with rivet .,upper baffle; cylinder; rivet,loose,secured
106070,worn spots on forward lower baffle seal above intake . filled in spots with rtv .,baffle seal; intake; rtv,worn,filled
106071,paint under ground wire strap on engine . removed paint and cleaned strap end .,paint; wire strap; engine; strap end,,removed; cleaned
106072,"inner baffle tie spring broken , left-hand side . replaced baffle spring .",baffle tie spring; baffle spring,broken,replaced
106073,"number 3 , 4 cylinder rocker cover gaskets leak . removed number 3 and 4 rocker covers . removed old gaskets and cle",cylinder; rocker cover gaskets; rocker covers; gaskets,leak,removed
106074,number 3 intake leaking . replaced gasket .,intake; gasket,leaking,replaced
106075,compression is low number 2 cylinder . reinstalled cylinder to engine and torque base nuts to sp,cylinder; engine; base nuts,low,reinstalled; torque
106076,compression is low number 2 cylinder . removed cylinder from engine . found exhaust valve worn .,cylinder; engine; exhaust valve,low; worn,removed
106077,compression is low number 2 cylinder . reconnected oil return lines . reinstalled baffles . perfo,cylinder; oil return lines; baffles,low,reconnected; reinstalled
106078,screw behind oil tube filter loose . tightened screw .,screw; oil tube filter,loose,tightened
106079,rod change per lycoming . disassembled top end of engine .,rod; top end; engine,,change; disassembled
106080,number 4 cylinder push rod tube washer corroded . removed and replaced washer .,cylinder; push rod tube; washer,corroded,removed; replaced
106081,"rod change per lycoming . honed cylinders , lapped valves , reamed exhaust guides .",rod; cylinders; valves; exhaust guides,,change; honed; lapped; reamed
106082,rod change per lycoming . continued engine reassembly and baffling . dry tappet clea,rod; engine; baffling,,change; reassembly
106083,"rod change per lycoming . completed engine reassembly . ran aircraft , operations and leak check goo",rod; engine; aircraft,,change; reassembly; ran; operations; leak check
106084,airbox gasket replacement . not applicable by aircraft manufacturing .,airbox gasket; aircraft manufacturing,not applicable,replacement
106085,left-hand engine number 2 and 4 intakes leaking . replaced gaskets .,engine; intakes; gaskets,leaking,replaced
106086,"right-hand engine number 4 intake leaking , and number 3 intake . replaced gasket .",engine; intake; gasket,leaking,replaced
106087,intake number 3 leaking . removed and replaced gasket .,intake; gasket,leaking,removed; replaced
106088,baffle screw missing on number 3 cylinder baffle . reinstalled screw .,baffle screw; cylinder; baffle; screw,missing,reinstalled
106089,"cylinder number 1 , 2 , 4 intake gaskets leaking . removed and replaced gaskets .",cylinder; intake gaskets; gaskets,leaking,removed; replaced
106090,number 3 intake leaks . replaced gasket .,intake; gasket,leaks,replaced
106091,grounding points on engine and firewall loose . tightened all bolts .,grounding points; engine; firewall; bolts,loose,tightened
106092,found engine baffles cracked . completed baffle repair .,engine; baffles; baffle,cracked,repair
106093,found engine baffles cracked . began fabricating patches .,engine; baffles; patches,cracked,began fabricating
106094,found engine baffles cracked . continued repairing baffles .,engine; baffles,cracked,continued repairing
106095,"cracked fin on number 4 cylinder , between top spark plug hole and in . determined crack to be repairable by installing fin sta",cylinder; spark plug hole,cracked; crack,determined; installing
106096,"cracked fin on number 4 cylinder , between top spark plug hole and in . installed fin stabilizer in accordance with lycoming direct drive over",cylinder; spark plug hole,cracked,installed
106097,both baffle plugs worn . replaced with new plugs .,baffle plugs; plugs,worn,replaced
106098,number 1 intake gasket leaking . installed new intake gasket .,intake gasket,leaking,installed
106099,number 3 exhaust side push rod and rocker scored . dry tappet clearance good .,push rod; rocker,scored,
106100,number 2 cylinder cracked . maintenance flight required,cylinder,cracked,maintenance flight
106101,number 3 exhaust side push rod and rocker scored . acquired parts and set in place .,push rod; rocker; parts; set,scored,acquired
106102,"number 2 cylinder cracked . removed number 2 , 3 , 4 cylinders and began replacing with new cylinder",cylinder; cylinders,cracked,removed; began replacing
106103,"number 2 cylinder cracked . finished reassembly of cylinders 2 , 3 , 4 . dry tappet cl",cylinder; cylinders,cracked,finished reassembly; dry tappet cl
106104,number 3 intake leaking on right-hand engine . removed and replaced intake gasket .,intake; engine; intake gasket,leaking,removed; replaced
106105,"intakes 2 , 3 and 4 leaking on left-hand engine . removed and replaced with new gaskets .",intakes; engine; gaskets,leaking,removed; replaced
106106,left-hand engine number 4 baffle cracked . replaced with repaired baffle .,engine; baffle,cracked,replaced
106107,right-hand engine number 1 intake tube gasket leaking . removed and replaced gasket .,engine; intake tube gasket; gasket,leaking,removed; replaced
106108,number 3 exhaust push rod and rocker scored . removed and replaced with new push rod and rocker arm . dry ta,exhaust push rod; rocker; push rod; rocker arm,scored,removed; replaced
106109,intakes 2 and 4 leaking on right-hand engine . clinders need to be replaced .,intakes; engine; clinders,leaking,replaced
106110,number 4 exhaust push rod and rocker arm scored . removed and replaced with new push rod and rocker . dry tappet,exhaust push rod; rocker arm; push rod; rocker,scored,removed; replaced
106111,"right-hand engine number 3 cylinder cracked by lower spark plug . removed cylinder number 2 , 3 , 4 ; replaced with new cylinders . began",engine; cylinder; spark plug; cylinders,cracked,removed; replaced
106112,right-hand engine number 3 cylinder cracked by lower spark plug . finished installation . installed new rocker and push rod,engine; cylinder; spark plug; rocker; push rod,cracked,finished installation; installed
106113,"right-hand engine number 3 cylinder cracked by lower spark plug . removed exhaust and started removal of baffles , outboard baffl",engine; cylinder; spark plug; exhaust; baffles; baffl,cracked,removed; started removal
106114,right-hand engine number 3 cylinder cracked by lower spark plug . cylinder change done in accordance with lycoming overhaul manual . main,engine; cylinder; spark plug,cracked,change
106115,number 1 and 3 rocker covers leaking . tightened loose screws .,rocker covers; screws,loose; leaking,tightened
106116,"during shutdown checklist , when put throttle idle , engine s . torqued engine mounts . ran up engine . operations check good .",throttle; engine; engine mounts,,torqued; ran up; operations check
106117,"during shutdown checklist , when put throttle idle , engine s . performed run up with cowl off , can still hear tapping and",engine,tapping,run up
106118,"during shutdown checklist , when put throttle idle , engine s . ran up engine , engine runs smooth , magneto drops , egt ' s , chapter",throttle; engine,,ran up
106119,"number 2 intake gasket is leaking . replaced gasket , leak check good .",intake gasket; gasket,leaking,replaced; leak check
106120,"engine overspeed 2750 at peak . reviewed flight data , verified 2740 . 3 peak overspeed . c",engine,overspeed; overspeed 2750,reviewed flight data; verified
106121,"right-hand engine number 3 cylinder intake gasket leaking . removed cowl , removed and replaced gasket . reinstalled co",engine; cylinder; intake gasket; cowl; gasket,leaking,removed; replaced; reinstalled
106122,"left-hand engine number 3 and 4 cylinder intake gaskets leaking . removed cowl , removed and replaced gaskets . reinstalled c",engine; cylinder; intake gaskets; cowl; gaskets,leaking,removed; replaced; reinstalled
106123,number 4 intake leaking . removed and replaced gasket .,intake; gasket,leaking,removed; replaced
106124,left-hand engine baffle plug tabs broken . installed new baffle plug .,engine; baffle plug; tabs,broken,installed
106125,baffle screw behind oil tube loose . tightened screw .,baffle screw; oil tube; screw,loose,tightened
106126,"baffle seal , above engine intake has worn spots . installed black rtv to worn areas .",baffle seal; engine; intake; black rtv,worn,installed
106127,right-hand rear engine baffle screws loose . installed new screws in baffle anchor .,engine; baffle screws; screws; baffle anchor,loose,installed
106128,number 3 rocker cover leaking on right-hand engine . installed new rocker box cover gasket .,rocker cover; engine; rocker box cover gasket,leaking,installed
106129,left-hand engine number 1 cylinder cracked . installed push rods and rockers . dry tappet clearance check,engine; cylinder; push rods; rockers,cracked,installed; dry tappet clearance check; clearance check
106130,"left-hand engine number 1 cylinder cracked . removed number 1 , 2 , 3 , 4 cylinders . replaced with new cylinder",engine; cylinder; cylinders,cracked,removed; replaced
106131,"left-hand engine number 1 cylinder cracked . ran up aircraft , operations and leak check good . maintenance flight requ",engine; cylinder; aircraft,cracked,ran up; operations; leak check; maintenance flight
106132,right-hand engine number 2 cylinder push rod end and rocker scored . replaced with new rocker and push rod . tappet clearance check,engine; cylinder; push rod end; rocker; push rod,scored,replaced; tappet clearance check
106133,right-hand engine number 1 cylinder exhaust rocker worn on shaft . replaced with new rocker and rocker shaft . tappet clearance,engine; cylinder; exhaust rocker; shaft; rocker; rocker shaft,worn,replaced
106134,right-hand engine number 3 cylinder exhaust rocker worn on shaft . replaced with new rocker and rocker shaft . tappet clearance,engine; cylinder; exhaust rocker; shaft; rocker; rocker shaft,worn,replaced
106135,"right engine , left magneto dropped 200 plus . ran aircraft and confirmed problem . right-hand engine , right-hand magneto timing is",engine; magneto; aircraft,dropped,ran; confirmed
106136,right-hand rear baffle missing grommet . installed grommet .,baffle; grommet,missing,installed
106137,baffle plugs worn . removed and replaced baffle plugs . installed baffle patch,baffle plugs; baffle patch,worn,removed; replaced; installed
106138,number 4 intake gasket leaking . replaced gasket .,intake gasket; gasket,leaking,replaced
106139,number 2 intake leaking . removed and replaced gasket .,intake; gasket,leaking,removed; replaced
106140,number 3 and 4 rocker covers leaking . removed and replaced rocker cover gasket .,rocker covers; rocker cover gasket,leaking,removed; replaced
106141,number 1 cylinder intake bolts loose . tightened bolts .,cylinder; intake bolts; bolts,loose,tightened
106142,both baffle plugs are in need of replacement . installed new plugs .,baffle plugs; plugs,,replacement; installed
106143,"engine forward lower black seal has worn spots , above air intake . sealed areas with black rtv .",engine; black seal; air intake; black rtv,worn,sealed
106144,"rivet loose at baffle , aft center . replaced rivet with new .",rivet; baffle; center,loose,replaced
106145,"number 4 compression is 20 / 80 . removed cylinder , found exhaust valve to be burnt . star",cylinder; exhaust valve,burnt,removed
106146,"number 4 compression is 20 / 80 . performed lifter insp and test , no defects . performed dry",,,lifter insp and test
106147,number 4 compression is 20 / 80 . removed piston from connecting rod . inspected piston pi,piston; connecting rod,,removed; inspected
106148,number 3 intake gasket leaking . removed bottom cowling . removed and replaced gasket with ne,intake gasket; bottom cowling; gasket,leaking,removed; replaced
106149,number 3 intake gasket is leaking . removed and replaced gasket .,intake gasket; gasket,leaking,removed; replaced
106150,"number 3 aft baffle has a broken bracket , behind oil filler tube . replaced with repaired baffle .",baffle; bracket; oil filler tube,broken,replaced
106151,"left-hand engine number 2 , 4 intake gaskets leaking . removed and replaced gaskets .",engine; intake gaskets; gaskets,leaking,removed; replaced
106152,number 3 cylinder intake tube needs new gaskets . leak check ok .,cylinder; intake tube; gaskets,,leak check
106153,number 3 cylinder intake tube needs new gaskets . removed and replaced gaskets .,cylinder; intake tube; gaskets,,removed; replaced
106154,number 2 cylinder intake leaking . installed new gasket .,cylinder; intake; gasket,leaking,installed
106155,number 2 intake leaking . removed and replaced gasket .,intake; gasket,leaking,removed; replaced
106156,baffle plug damaged . installed plug .,baffle plug; plug,damaged,installed
106157,baffle plugs worn . replaced both baffle plugs .,baffle plugs,worn,replaced
106158,number 2 intake leaking . replaced gasket .,intake; gasket,leaking,replaced
106159,screw missing from number 3 aft baffle . replaced missing screw .,screw; baffle,missing,replaced
106160,number 4 intake gasket leaking . removed and replaced gasket .,intake gasket; gasket,leaking,removed; replaced
106161,hardware missing at number 3 baffle . installed new screw .,hardware; baffle; screw,missing,installed
106162,crack on number 4 cylinder aft baffle . stop drilled crack .,cylinder; baffle,crack,stop drilled
106163,baffle plugs worn . removed and replaced both baffle plugs .,baffle plugs,worn,removed; replaced
106164,cht fluctuating . replaced cht probe . maintenance flight required,cht probe,fluctuating,replaced; maintenance flight
106165,number 2 intake leaking . removed and replaced intake gasket .,intake; intake gasket,leaking,removed; replaced
106166,left-hand forward engine baffle cracked . stop drilled crack .,engine; baffle,cracked; crack,stop drilled
106167,"during run up , number 2 cylinder was cold and engine shock violently engine . operations and leak check good .",cylinder; engine,cold; shock violently,operations; leak check
106168,"during run up , number 2 cylinder was cold and engine shock violently engine . found number 2 cylinder exhaust valve to be stuck . reamed cylinder number 1 ,",cylinder; engine; exhaust valve,cold; stuck; shock violently,reamed
106169,"safety department was notified of possible engine overspeed . reviewed flight data , verified max rpm insp",safety department; possible; possible engine; engine; flight data,overspeed,reviewed; verified
