batch,line,ident,type,detail
pilot,1,100593,exact_group_recomputed,ex_14add8f8->ex_73f004d798f6a199
pilot,2,102033,exact_group_recomputed,ex_04d09009->ex_4c48663c0721b40e
pilot,3,101149,exact_group_recomputed,ex_a22f2c88->ex_a7b6013c75ea506a
pilot,4,101313,exact_group_recomputed,ex_8e30532b->ex_80684f0e8bf2dbb3
pilot,5,101585,exact_group_recomputed,ex_8917ee04->ex_198b4bcdaa32e611
pilot,6,104924,exact_group_recomputed,ex_100ba69f->ex_14560dde2077bc24
pilot,7,106079,exact_group_recomputed,ex_90da3bb1->ex_6c86b683d00d1787
pilot,8,105931,exact_group_recomputed,ex_b974d00c->ex_f267d55d2ae5a6ce
pilot,9,104757,exact_group_recomputed,ex_31d7d0a5->ex_b8f3b0bae0d6d49d
pilot,10,103586,exact_group_recomputed,ex_0365ce8c->ex_658c619cfc66f2d4
pilot,11,103548,exact_group_recomputed,ex_4fd22051->ex_dcd806cb48c74626
pilot,12,104692,exact_group_recomputed,ex_7f62e7bd->ex_9bab4499248ce268
pilot,13,102024,exact_group_recomputed,ex_ec75b79a->ex_bb063c77bd367286
pilot,14,103929,exact_group_recomputed,ex_2c31374c->ex_2f8fc9a80f1e2781
pilot,15,104265,exact_group_recomputed,ex_c0d4e716->ex_f39fba63b289eee2
pilot,16,102906,exact_group_recomputed,ex_944fbfc2->ex_75a1458dfa39ba8e
pilot,17,104548,exact_group_recomputed,ex_cd6e9fcc->ex_d5c99a6fb72b2cc4
pilot,18,101168,exact_group_recomputed,ex_32014a03->ex_93516c794e6b4a06
pilot,19,102993,exact_group_recomputed,ex_ff8f53f9->ex_71baed182e738346
pilot,20,101893,exact_group_recomputed,ex_d7e14356->ex_a156620d1b173140
pilot,21,102772,exact_group_recomputed,ex_5cd56948->ex_2c758690eddc4dbb
pilot,22,102259,exact_group_recomputed,ex_88f8c4bf->ex_1374952f0251f9c5
pilot,23,102158,exact_group_recomputed,ex_a0d4a0a7->ex_9b81494f5e4fc5b5
pilot,24,105204,exact_group_recomputed,ex_285ac375->ex_d4b8b0339a7057b3
pilot,25,103248,exact_group_recomputed,ex_7e52b048->ex_b1ceca6fc85d1dd1
pilot,26,100864,exact_group_recomputed,ex_3a483a88->ex_46e6164163da2d0a
pilot,27,100865,exact_group_recomputed,ex_3b48fe3e->ex_98b252cf7d4876fe
pilot,28,101636,exact_group_recomputed,ex_1005f079->ex_0efc85d6dcbf88ef
pilot,29,101849,exact_group_recomputed,ex_03a2a166->ex_a46f0fbc60ce1e9e
pilot,30,104993,exact_group_recomputed,ex_5ebc9fd2->ex_0d426ecbb23209a7
pilot,31,102708,exact_group_recomputed,ex_e75a47e9->ex_a7b5d008ecf02c47
pilot,32,102630,exact_group_recomputed,ex_8528657d->ex_4efae48fe0c8781a
pilot,33,104153,exact_group_recomputed,ex_f5d88ea2->ex_d6394119eb0b1221
pilot,34,104844,exact_group_recomputed,ex_a722ca3d->ex_539e815fc9e1e3a5
pilot,35,102095,exact_group_recomputed,ex_83efc427->ex_8dbdbc45244e51e9
pilot,36,105838,exact_group_recomputed,ex_2e9d1584->ex_314bc8f65da47d99
pilot,37,103997,exact_group_recomputed,ex_fb9379ad->ex_2b3357f9bfef72d6
pilot,38,102815,exact_group_recomputed,ex_bad1a506->ex_8808303bacc7d238
pilot,39,101183,exact_group_recomputed,ex_c83d8613->ex_3f9b116e26862a83
pilot,40,105259,exact_group_recomputed,ex_25107d95->ex_d7997bf100314830
pilot,41,100903,exact_group_recomputed,ex_1ceb57ba->ex_3e69778cb0fc1336
pilot,42,102021,exact_group_recomputed,ex_ea207c02->ex_dc7c681f59e8849e
pilot,43,100082,exact_group_recomputed,ex_016844d1->ex_9517e3278d4ffe3d
pilot,44,103944,exact_group_recomputed,ex_ab23c591->ex_5f4e0af7df380676
pilot,45,102766,exact_group_recomputed,ex_f2097d85->ex_be5321eb20933003
pilot,46,101308,exact_group_recomputed,ex_816a7fd2->ex_9af35961c1b67cc9
pilot,47,103559,exact_group_recomputed,ex_fb961cd4->ex_f43bb1c6d8a2b658
pilot,48,101187,exact_group_recomputed,ex_711087b3->ex_77f9b59b5879267b
pilot,49,100919,exact_group_recomputed,ex_514b55cf->ex_a98436ec8be15774
pilot,50,102201,exact_group_recomputed,ex_ff7b9c21->ex_6170cd7324071eee
pilot,51,102979,exact_group_recomputed,ex_efd285b1->ex_ed97619b62fd7973
pilot,52,106164,exact_group_recomputed,ex_9e63f91d->ex_533dc49c10212c60
pilot,53,104639,exact_group_recomputed,ex_1ce39b7c->ex_6ee1405aa572fa7f
pilot,54,100036,exact_group_recomputed,ex_e65b1e04->ex_3bd06a1f13119936
pilot,55,105436,exact_group_recomputed,ex_c689a3d1->ex_a0e5d78131517669
pilot,56,103889,exact_group_recomputed,ex_cd71c6a8->ex_5ba9c424e1f70fb0
pilot,57,104645,exact_group_recomputed,ex_d2298f28->ex_34a201c9c3a8f625
pilot,58,103365,exact_group_recomputed,ex_5b2adcb6->ex_fe9e920c13d1aa7c
pilot,59,100025,exact_group_recomputed,ex_60c87419->ex_92decfcec59e1bde
pilot,60,104961,exact_group_recomputed,ex_8900c457->ex_c053332d23f429a8
pilot,61,103452,exact_group_recomputed,ex_6e1e667c->ex_544ed8f2257115e1
pilot,62,101451,exact_group_recomputed,ex_9bb7a93b->ex_1d0c32b9fb395ac7
pilot,63,105198,exact_group_recomputed,ex_6f3b4ae8->ex_7c425bf10de6311a
pilot,64,102717,exact_group_recomputed,ex_2b3f3c5f->ex_18db8f59c06f2e0e
pilot,65,102655,exact_group_recomputed,ex_8702c8a3->ex_afeb0569ec7bdbb1
pilot,66,104749,exact_group_recomputed,ex_63833c03->ex_cce523074ace3b02
pilot,67,102055,exact_group_recomputed,ex_7a8f0418->ex_b8d53d2ace688971
pilot,68,100914,exact_group_recomputed,ex_de8c94c1->ex_b5e474523de3205c
pilot,69,100681,exact_group_recomputed,ex_921a5515->ex_16c1a1a5bfcb1a42
pilot,70,105291,exact_group_recomputed,ex_48f09044->ex_b50a9f71202c9dbb
pilot,71,101103,exact_group_recomputed,ex_8b0438cc->ex_bd579532a3dfd1bb
pilot,72,101055,exact_group_recomputed,ex_8ecb7112->ex_b094fe7e75b52a79
pilot,73,104393,exact_group_recomputed,ex_eda315ac->ex_8932f1736da17031
pilot,74,103819,exact_group_recomputed,ex_db0a11ec->ex_7625ec5bf3e9fcfa
pilot,75,100995,exact_group_recomputed,ex_d1db28ef->ex_7f031c7f65d64536
pilot,76,103656,exact_group_recomputed,ex_9a25de16->ex_4439ef417c6a799e
pilot,77,101233,exact_group_recomputed,ex_e4e813df->ex_749f06c89529f5d1
pilot,78,104558,exact_group_recomputed,ex_d9d24958->ex_ff172c2cd910446b
pilot,79,102561,exact_group_recomputed,ex_cde8cd22->ex_df893ebb14b997cd
pilot,80,102412,exact_group_recomputed,ex_20439326->ex_a8dda05540f94c9b
pilot,81,104868,exact_group_recomputed,ex_48eaadce->ex_90f33c4df047d267
pilot,82,104526,exact_group_recomputed,ex_0b7438d1->ex_41fc42afb8103617
pilot,83,101623,exact_group_recomputed,ex_df9b3cb1->ex_dc8a4b1496adffa4
pilot,84,101422,exact_group_recomputed,ex_c3d8c394->ex_4ca969e6d66a247d
pilot,85,105585,exact_group_recomputed,ex_bce19b62->ex_848cf7e1b20bf656
pilot,86,100771,exact_group_recomputed,ex_52535572->ex_73bb807b6410c7a8
pilot,87,100525,exact_group_recomputed,ex_df0bceac->ex_7883ab727028d517
pilot,88,100453,exact_group_recomputed,ex_f08a7dda->ex_50e0091ce789826a
pilot,89,104028,exact_group_recomputed,ex_a1f7b241->ex_425e30f3306e8d4a
pilot,90,100822,exact_group_recomputed,ex_fd1dca03->ex_e2eb1dd4399862a4
pilot,91,104035,exact_group_recomputed,ex_ce668b28->ex_72963a9f19e78ef2
pilot,92,100559,exact_group_recomputed,ex_fa417d29->ex_daaf8d4162e9403c
pilot,93,105567,exact_group_recomputed,ex_c73a5285->ex_2fd4029f2107d579
pilot,94,102787,exact_group_recomputed,ex_ccda96d4->ex_c1a83eddb643eb0f
pilot,95,102284,exact_group_recomputed,ex_f1459bcc->ex_59955f84397b36ad
pilot,96,102190,exact_group_recomputed,ex_9e1fa617->ex_b5b60c441b05153d
pilot,97,105787,exact_group_recomputed,ex_5e867549->ex_df1ec39a6e66dcb2
pilot,98,101139,exact_group_recomputed,ex_8a12e535->ex_4f69582f4b9c797e
pilot,99,100068,exact_group_recomputed,ex_df930568->ex_d453034fc80cba44
pilot,100,105284,exact_group_recomputed,ex_63390d6a->ex_03ade56c891f238b
pilot,101,102001,exact_group_recomputed,ex_2653c6fa->ex_bce7afe0eea7523a
pilot,102,102265,exact_group_recomputed,ex_dd3cdf7d->ex_0ba9d52f9ca5928c
pilot,103,104569,exact_group_recomputed,ex_8a3a9936->ex_d6b590d4ee6b674f
pilot,104,101000,exact_group_recomputed,ex_07f52c87->ex_20224184fb54db45
pilot,105,104846,exact_group_recomputed,ex_624a7154->ex_43637131239fcf87
pilot,106,105839,exact_group_recomputed,ex_85d98d25->ex_7341b6e44905e340
pilot,107,102000,exact_group_recomputed,ex_7a83b486->ex_c7f25f66c624cacd
pilot,108,100250,exact_group_recomputed,ex_1972d227->ex_a28676f83906bdbd
pilot,109,105854,exact_group_recomputed,ex_a9a1b1d8->ex_cac8b5afdf098aab
pilot,110,101891,exact_group_recomputed,ex_5bdff337->ex_12bc08b774564359
pilot,111,104433,exact_group_recomputed,ex_bad823ab->ex_6954b469d74a716f
pilot,112,104128,exact_group_recomputed,ex_f8b5e841->ex_035d82f180ea2172
pilot,113,105282,exact_group_recomputed,ex_282e38f7->ex_f014f2746994bb65
pilot,114,100555,exact_group_recomputed,ex_01b49d3c->ex_5059ba19a2916ece
pilot,115,104432,exact_group_recomputed,ex_df447917->ex_f97354925c54700a
pilot,116,100519,exact_group_recomputed,ex_032814d0->ex_7661c001039e1602
pilot,117,104582,exact_group_recomputed,ex_70210611->ex_d9538f02b7bb7532
pilot,118,101002,exact_group_recomputed,ex_25c70d1e->ex_7e624f25c83dc47c
pilot,119,101060,exact_group_recomputed,ex_d5b866a6->ex_1a0b2f6a4ea9be85
pilot,120,100089,exact_group_recomputed,ex_27c4351e->ex_6515560723b9da32
pilot,121,102749,exact_group_recomputed,ex_6102a3b9->ex_9e29565110e06351
pilot,122,105887,exact_group_recomputed,ex_0f0f3321->ex_1d7d9edb2f77b7a9
pilot,123,100879,exact_group_recomputed,ex_68d943a8->ex_3e19c00692e0b67a
pilot,124,103098,exact_group_recomputed,ex_9d5201c1->ex_bab1b38855f3b364
pilot,125,106135,exact_group_recomputed,ex_d9a32b8f->ex_19a638a09a80b564
pilot,126,100659,exact_group_recomputed,ex_974529be->ex_9f716135fcc5bd7a
pilot,127,104116,exact_group_recomputed,ex_9654eff8->ex_18efb2d0d2520690
pilot,128,100316,exact_group_recomputed,ex_67d0e172->ex_86d861f3bbb87594
pilot,129,102386,exact_group_recomputed,ex_15c8167a->ex_fd33d9d1d45fa79f
pilot,130,105684,exact_group_recomputed,ex_90dad1bf->ex_48cb2b442eadb296
pilot,131,100113,exact_group_recomputed,ex_94951c38->ex_488f6fa13bdcb537
pilot,132,104780,exact_group_recomputed,ex_a237a66f->ex_b3e2645f3efb5e80
pilot,133,101632,exact_group_recomputed,ex_b283dec4->ex_206d30aad0f535af
pilot,134,105071,exact_group_recomputed,ex_5fa9a1f2->ex_ada2c7c076995dfc
pilot,135,102077,exact_group_recomputed,ex_2a82b006->ex_3a553d814449e573
pilot,136,101253,exact_group_recomputed,ex_7729df0d->ex_404e568f5ac57e39
pilot,137,100009,exact_group_recomputed,ex_c032ba55->ex_57215f0df1ef71bb
pilot,138,105271,exact_group_recomputed,ex_06fde452->ex_b10c5b24d858363a
pilot,139,103927,exact_group_recomputed,ex_082665b7->ex_0b1b7fd896d163f3
pilot,140,103235,exact_group_recomputed,ex_ff74db93->ex_6bdcf6e94bf1c39d
pilot,141,105454,exact_group_recomputed,ex_9cd071c8->ex_0eb89b7cf78de93f
pilot,142,105113,exact_group_recomputed,ex_f70a2c70->ex_0048a304179d7dff
pilot,143,103510,exact_group_recomputed,ex_df503c00->ex_5e4fc312a52710d0
pilot,144,103487,exact_group_recomputed,ex_8371fd59->ex_ff6c1a1aca376a62
pilot,145,105217,exact_group_recomputed,ex_e4c02f97->ex_85bcef2737f9cbd1
pilot,146,100522,exact_group_recomputed,ex_4f46c46d->ex_9a983e8a572d51be
pilot,147,105993,exact_group_recomputed,ex_eb84d106->ex_9d9ebabfd66256a5
pilot,148,105470,exact_group_recomputed,ex_a2efe5a0->ex_021c1622963d3bb4
pilot,149,100187,exact_group_recomputed,ex_a08b5890->ex_b5a466e9da7c6856
pilot,150,101938,exact_group_recomputed,ex_3a3f575c->ex_ea7e28b553e43920
pilot,151,103960,exact_group_recomputed,ex_b9f0af10->ex_dd106a93ed66a1b1
pilot,152,102486,exact_group_recomputed,ex_f1fb97f6->ex_b8b89a3fb597685d
pilot,153,101803,exact_group_recomputed,ex_89f45312->ex_278a54640378373a
pilot,154,104860,exact_group_recomputed,ex_c8108091->ex_1df2e8813a1ad8fb
pilot,155,100165,exact_group_recomputed,ex_15b683ac->ex_b63e6096519fe9cf
pilot,156,105600,exact_group_recomputed,ex_2978b298->ex_e7d38cbf87a86a85
pilot,157,100667,exact_group_recomputed,ex_10a57090->ex_7240a9b04ccd0574
pilot,158,102740,exact_group_recomputed,ex_a2cf117c->ex_7aa6c0f0be63f24f
pilot,159,100238,exact_group_recomputed,ex_73d97568->ex_8d92c445b65a347e
pilot,160,102871,exact_group_recomputed,ex_fb4e6514->ex_5cc9415a9315babe
pilot,161,100767,exact_group_recomputed,ex_9200986e->ex_9cce379110aa6d73
pilot,162,100032,exact_group_recomputed,ex_5682896e->ex_439ff53d64d0006e
pilot,163,100797,exact_group_recomputed,ex_21c68d2e->ex_f4f7059c8ff132e2
pilot,164,103634,exact_group_recomputed,ex_39686e0d->ex_ddcddad15d7875a8
pilot,165,104784,exact_group_recomputed,ex_e0e9fb5a->ex_6fd99a072665f798
pilot,166,104643,exact_group_recomputed,ex_cdf89b88->ex_65632b1d68b3a8f7
pilot,167,100269,exact_group_recomputed,ex_b4bd46b8->ex_bfb4f72e946bf446
pilot,168,102222,exact_group_recomputed,ex_414b0278->ex_f29d74654d906e76
pilot,169,102775,exact_group_recomputed,ex_70a72516->ex_41caa96fa10f27e2
pilot,170,101032,exact_group_recomputed,ex_7960149c->ex_7b0bc97ea172bf01
pilot,171,105965,exact_group_recomputed,ex_66fbda78->ex_d7a1974981b11281
pilot,172,103620,exact_group_recomputed,ex_e8f2b646->ex_4318500864edca72
pilot,173,100296,exact_group_recomputed,ex_a5a21f35->ex_4efd62642c5140f6
pilot,174,104342,exact_group_recomputed,ex_e20fd729->ex_4d05948a9267380a
pilot,175,102356,exact_group_recomputed,ex_fa33b874->ex_1e6012f6d3110b3c
pilot,176,101759,exact_group_recomputed,ex_2a0000c2->ex_2d6bcebfd0b791cf
pilot,177,100358,exact_group_recomputed,ex_c2f92b03->ex_66f80a787fa4dd54
pilot,178,100159,exact_group_recomputed,ex_33bcca4a->ex_295022554d06d84e
pilot,179,103156,exact_group_recomputed,ex_71bbbd56->ex_b618da12cbafaec0
pilot,180,103580,exact_group_recomputed,ex_ccba6595->ex_db299ee7f8889da2
pilot,181,102592,exact_group_recomputed,ex_9b9a3551->ex_4a54987705fbfeb2
pilot,182,103354,exact_group_recomputed,ex_9262e0d6->ex_057d3c14a03ff3b2
pilot,183,104440,exact_group_recomputed,ex_82124c27->ex_672c7eeb2b1f5796
pilot,184,106126,exact_group_recomputed,ex_c9c892aa->ex_cb2e1c7feece6004
pilot,185,100634,exact_group_recomputed,ex_1f849759->ex_bad4d03b6e914e2c
pilot,186,103516,exact_group_recomputed,ex_4713f94f->ex_cca257af770ca8fb
pilot,187,106014,exact_group_recomputed,ex_3543fe30->ex_590cfd782208838d
pilot,188,104019,exact_group_recomputed,ex_52402b0c->ex_36cb0303534d2882
pilot,189,103319,exact_group_recomputed,ex_43c6dfcb->ex_fd8a96147ff0a8ff
pilot,190,101560,exact_group_recomputed,ex_12cce632->ex_d8020348d456df31
pilot,191,103954,exact_group_recomputed,ex_dc550388->ex_b0e1255b21352f2a
pilot,192,103519,exact_group_recomputed,ex_6e9d8896->ex_ae3a72c6f724eb05
pilot,193,103550,exact_group_recomputed,ex_e59fc23d->ex_5553cf58df8d2402
pilot,194,101787,exact_group_recomputed,ex_418bfe97->ex_9130ba4779b5c8e8
pilot,195,101814,exact_group_recomputed,ex_17a20639->ex_ff698ffa9f424ef2
pilot,196,106012,exact_group_recomputed,ex_f73ec216->ex_38489f60973110c4
pilot,197,100176,exact_group_recomputed,ex_651732ac->ex_51421883966f3a14
pilot,198,105432,exact_group_recomputed,ex_4a7e82df->ex_b77d619c7eaba0f0
pilot,199,105926,exact_group_recomputed,ex_9094528f->ex_043aa738c9d347b8
pilot,200,104969,exact_group_recomputed,ex_9b177aa8->ex_e584239b2fb480d3
pilot,201,105014,exact_group_recomputed,ex_3c2fc02e->ex_805dc51ced3b0e2f
pilot,202,105894,exact_group_recomputed,ex_c2f1c86b->ex_774248fa52ed5b4b
pilot,203,100338,exact_group_recomputed,ex_a6b79891->ex_d5061a2b9b976d08
pilot,204,104527,exact_group_recomputed,ex_adc69e91->ex_2c929242c57886e4
pilot,205,105040,exact_group_recomputed,ex_4a44e442->ex_1f06841a603c6edf
pilot,206,104152,exact_group_recomputed,ex_dacd5809->ex_7d5ae9fa1f093705
pilot,207,103211,exact_group_recomputed,ex_1e1f4942->ex_937f210157755a80
pilot,208,101745,exact_group_recomputed,ex_29ddf527->ex_b2b64e14f885a2bd
pilot,209,104204,exact_group_recomputed,ex_d6fedb32->ex_160e3c9ac128576b
pilot,210,104673,exact_group_recomputed,ex_00e63267->ex_f44fba1c4ea13eae
pilot,211,104345,exact_group_recomputed,ex_ce1b50f6->ex_e27c3ee7b382e522
pilot,212,103492,exact_group_recomputed,ex_9bebfae9->ex_8bd2c889aa71a628
pilot,213,103242,exact_group_recomputed,ex_bc08789a->ex_7889631ee90a0459
pilot,214,104510,exact_group_recomputed,ex_c2922d78->ex_7c4943b7c98f4012
pilot,215,102969,exact_group_recomputed,ex_e63e5f23->ex_ea262fd7cd1b4d4a
pilot,216,101596,exact_group_recomputed,ex_2265be36->ex_d6e8843ec1873044
pilot,217,100963,exact_group_recomputed,ex_387dc7b1->ex_b735e7ec85497af9
pilot,218,100208,exact_group_recomputed,ex_4f82242e->ex_21ec3a270910e16e
pilot,219,103275,exact_group_recomputed,ex_289ba9d7->ex_ad8f1ce5d423947d
pilot,220,105544,exact_group_recomputed,ex_193aadc0->ex_2335d360ec125942
pilot,221,100952,exact_group_recomputed,ex_75a4f910->ex_d8e2021a4537637f
pilot,222,102376,exact_group_recomputed,ex_651efd1a->ex_dce27648bcbf2850
pilot,223,102319,exact_group_recomputed,ex_cf88dc4c->ex_082bbbcf34976ec8
pilot,224,100606,exact_group_recomputed,ex_e28fc485->ex_5d5d368a881cb0b1
pilot,225,100625,exact_group_recomputed,ex_3391894b->ex_c1e5298f36bbab21
pilot,226,105225,exact_group_recomputed,ex_685870ad->ex_45c481792da35def
pilot,227,102382,exact_group_recomputed,ex_aec94dc7->ex_22dd2ac34d7672aa
pilot,228,100661,exact_group_recomputed,ex_9deb355b->ex_cc50bc4f96ea608e
pilot,229,105789,exact_group_recomputed,ex_4ea36194->ex_5ac7b65d6b8a75a2
pilot,230,101790,exact_group_recomputed,ex_44d4afe5->ex_b91dae9669b237ed
pilot,231,103026,exact_group_recomputed,ex_867bba58->ex_d51357a962babefd
pilot,232,105846,exact_group_recomputed,ex_7451cd88->ex_927af520fdcad624
pilot,233,101947,exact_group_recomputed,ex_eb3cd782->ex_687ecdecc74095f1
pilot,234,102211,exact_group_recomputed,ex_1dc9e388->ex_1c62e94618904b5c
pilot,235,104761,exact_group_recomputed,ex_7c107388->ex_d3987b84c1b4eed1
pilot,236,100526,exact_group_recomputed,ex_1f49eaa7->ex_699f8782c3e513ed
pilot,237,100852,exact_group_recomputed,ex_ff919a56->ex_5fd1712186ce3b16
pilot,238,101654,exact_group_recomputed,ex_b3d92338->ex_55b92b09dc8fbd22
pilot,239,101385,exact_group_recomputed,ex_95cffd6a->ex_1ad4fcb1ce6fad18
pilot,240,101895,exact_group_recomputed,ex_92a84f1d->ex_9b4dffca3051af3c
pilot,241,100374,exact_group_recomputed,ex_782736f4->ex_ecbe3f6a746829bf
pilot,242,106090,exact_group_recomputed,ex_8eb7d309->ex_017ba1112d48c881
pilot,243,105629,exact_group_recomputed,ex_d8eb72e0->ex_ef0ffc85ddee949b
pilot,244,102941,exact_group_recomputed,ex_74b888e2->ex_6c28a21d52586a10
pilot,245,104779,exact_group_recomputed,ex_f9bd61bd->ex_751e4310d1e2948f
pilot,246,105365,exact_group_recomputed,ex_6cc59706->ex_50249764e4b9b03d
pilot,247,103737,exact_group_recomputed,ex_116af00b->ex_d42b6dde6e91f04c
pilot,248,100239,exact_group_recomputed,ex_0ffb7b1f->ex_4f9333a1af7373dc
pilot,249,100251,exact_group_recomputed,ex_a53b4223->ex_776f934737b904c5
pilot,250,100083,exact_group_recomputed,ex_c6b5b124->ex_afb563f3c1ad9cba
pilot,251,104896,exact_group_recomputed,ex_2e2cbd76->ex_333f509e5151597b
pilot,252,106047,exact_group_recomputed,ex_98b7a454->ex_abb9c98fef347b84
pilot,253,105984,exact_group_recomputed,ex_1bb3b504->ex_1384049d28782f7a
pilot,254,106025,exact_group_recomputed,ex_4e7f0242->ex_668115bb2779348c
pilot,255,105452,exact_group_recomputed,ex_bdbf91a5->ex_d15ef5bc065a1c4b
pilot,256,102989,exact_group_recomputed,ex_dca0d54e->ex_b09ef55c05454eaa
pilot,257,101857,exact_group_recomputed,ex_cbe7c56c->ex_ed041aa42059e8d0
pilot,258,103385,exact_group_recomputed,ex_f78a3c1e->ex_c2e765bad042d779
pilot,259,100866,exact_group_recomputed,ex_3ffb1d05->ex_536b1bf52695350c
pilot,260,103875,exact_group_recomputed,ex_36fa7c84->ex_e0c0f7a54e9e7c82
pilot,261,104238,exact_group_recomputed,ex_42248a5a->ex_1a2045e918fc008b
pilot,262,100261,exact_group_recomputed,ex_6f67b082->ex_b3cf4fa7cb04eb7a
pilot,263,100563,exact_group_recomputed,ex_49667803->ex_9f74148440925bc2
pilot,264,104478,exact_group_recomputed,ex_2810a2d5->ex_e7fbbc677bbf857a
pilot,265,103416,exact_group_recomputed,ex_61bfeb24->ex_60aab585237d8d29
pilot,266,101877,exact_group_recomputed,ex_44e55940->ex_3a084d36cc0b99d4
pilot,267,101616,exact_group_recomputed,ex_8198c0d3->ex_eb8b6a207673a0ec
pilot,268,101161,exact_group_recomputed,ex_c47430d7->ex_25bf57d5d13e7b2b
pilot,269,104712,exact_group_recomputed,ex_7e193ac8->ex_8854e8e6dbd896c1
pilot,270,101140,exact_group_recomputed,ex_9eb9827d->ex_3cf2ef87867ff46d
pilot,271,104193,exact_group_recomputed,ex_8fc19293->ex_a04f7d5513b83b77
pilot,272,104935,exact_group_recomputed,ex_a0c747f0->ex_4391be4dda11cf44
pilot,273,103809,exact_group_recomputed,ex_8534d5fb->ex_9ff638c03e8be3d7
pilot,274,106039,exact_group_recomputed,ex_038ac9fc->ex_253780b8b6f4dc78
pilot,275,100544,exact_group_recomputed,ex_50bab89c->ex_76c0f0525d89d9bb
pilot,276,104811,exact_group_recomputed,ex_d3eeb70a->ex_77c65af65ee7c12f
pilot,277,104635,exact_group_recomputed,ex_a8faadbb->ex_6f99af8d34d239be
pilot,278,103197,exact_group_recomputed,ex_05f66eae->ex_f340b7b5c1f583f5
pilot,279,100093,exact_group_recomputed,ex_a269d617->ex_41b8193a100359fe
pilot,280,102784,exact_group_recomputed,ex_cf071c7b->ex_a7d571003d328297
pilot,281,103884,exact_group_recomputed,ex_04d99d3f->ex_190ab40bc799dc06
pilot,282,104519,exact_group_recomputed,ex_f3c89c62->ex_0f054c352b496717
pilot,283,101890,exact_group_recomputed,ex_d65ba5a4->ex_0270cb5781765282
pilot,284,103995,exact_group_recomputed,ex_5f4a2ea8->ex_c78885e90e9df68b
pilot,285,103640,exact_group_recomputed,ex_f606d212->ex_bc63c3aafaa0c3e5
pilot,286,103127,exact_group_recomputed,ex_f33f4e0a->ex_328124e63557e731
pilot,287,102267,exact_group_recomputed,ex_2a222402->ex_9010515e03dfaae4
pilot,288,103587,exact_group_recomputed,ex_cd807b99->ex_d007dc01d14703fc
pilot,289,100152,exact_group_recomputed,ex_c83505b7->ex_d51b37b3a6357e54
pilot,290,105422,exact_group_recomputed,ex_29d1f0b2->ex_ab4c2b22a02c9442
pilot,291,103362,exact_group_recomputed,ex_0112d58d->ex_fee06fec52ea5acf
pilot,292,101332,exact_group_recomputed,ex_c829b5f7->ex_e33a560f8e06eed7
pilot,293,104560,exact_group_recomputed,ex_399f6669->ex_13600d51f44f128b
pilot,294,104272,exact_group_recomputed,ex_f5db5a0b->ex_3e42b7fbdb692a31
pilot,295,102646,exact_group_recomputed,ex_580d75e7->ex_b99ba9e5a0af7fcc
pilot,296,103685,exact_group_recomputed,ex_6242ca33->ex_2e119a3eb73ce02e
pilot,297,101871,exact_group_recomputed,ex_12902149->ex_9117279b754abf3b
pilot,298,101727,exact_group_recomputed,ex_e9776416->ex_89113b80e2dde30f
pilot,299,103380,exact_group_recomputed,ex_64e620f6->ex_1d7717595add2f42
pilot,300,104886,exact_group_recomputed,ex_dddf0aa4->ex_d8066d0297a52ce0
round1,1,105571,exact_group_recomputed,ex_2ecb818f->ex_0346cabe97260f99
round1,2,101487,exact_group_recomputed,ex_b8ff8653->ex_04d95fb235c18ccd
round1,3,102396,exact_group_recomputed,ex_c7c4c5a0->ex_fc3165ce53b97fc9
round1,4,101274,exact_group_recomputed,ex_fdfe12ce->ex_3c526178545c1cc7
round1,5,106059,exact_group_recomputed,ex_28645275->ex_9364e61375384e22
round1,6,104101,exact_group_recomputed,ex_391d1e6e->ex_803066fe8a1dd0f4
round1,7,104236,exact_group_recomputed,ex_e585df1c->ex_4e81bb5451dfbde1
round1,8,100367,exact_group_recomputed,ex_03fe53b8->ex_c46a74d12b2baa89
round1,9,100010,exact_group_recomputed,ex_a9ad84ad->ex_c34ae135dd656c96
round1,10,103306,exact_group_recomputed,ex_50c42e01->ex_f7dfc16f89aa5eb4
round1,11,101347,exact_group_recomputed,ex_bfd9b2bc->ex_7a438c2045dd6ca9
round1,12,101142,exact_group_recomputed,ex_74ccb7b0->ex_4bdd4dc0638d0c60
round1,13,102611,exact_group_recomputed,ex_59fa5227->ex_7ff7b4591fc3e8b8
round1,14,104624,exact_group_recomputed,ex_e0d6e2a4->ex_7fda5bdce4a7c745
round1,15,101962,exact_group_recomputed,ex_39f845cb->ex_9bf9e1aa0675c79f
round1,16,104180,exact_group_recomputed,ex_7866e704->ex_95c2d49f7938c40c
round1,17,104591,exact_group_recomputed,ex_ea114cab->ex_8e8e8185e07943a7
round1,18,105097,exact_group_recomputed,ex_020f22f4->ex_fe9dfbbb8fcf1d79
round1,19,101158,exact_group_recomputed,ex_b608c573->ex_ef9bb8fe99fd7d82
round1,20,100929,exact_group_recomputed,ex_1fa8f8c8->ex_106125507f51307b
round1,21,106033,exact_group_recomputed,ex_bf1ea575->ex_ddcdc836022adb56
round1,22,100584,exact_group_recomputed,ex_2bcfe7ac->ex_87d9b19c084c3c31
round1,23,105281,exact_group_recomputed,ex_13232065->ex_21d44f2dad115dfb
round1,24,100977,exact_group_recomputed,ex_9ee40b52->ex_15efd75aa7ebee67
round1,25,103224,exact_group_recomputed,ex_632b4c31->ex_191e8a87af18ffb1
round1,26,100466,exact_group_recomputed,ex_f55cc876->ex_d0277334de5e75d5
round1,27,103190,exact_group_recomputed,ex_1f0c3fad->ex_20af6c96360e48f3
round1,28,104315,exact_group_recomputed,ex_bbdcdced->ex_a486187dad8da839
round1,29,100567,exact_group_recomputed,ex_97dae638->ex_93ddc580ab9181d3
round1,30,100028,exact_group_recomputed,ex_24fb982b->ex_3ce467097841dfa5
round1,31,102638,exact_group_recomputed,ex_1e341a47->ex_dd80349337cdc091
round1,32,104314,exact_group_recomputed,ex_e3d66a74->ex_d49d4c9c38444d4b
round1,33,106002,exact_group_recomputed,ex_f17303ee->ex_6c985754ba9064e6
round1,34,101248,exact_group_recomputed,ex_f98d30fb->ex_7c14f99807dd67ca
round1,35,103099,exact_group_recomputed,ex_ee976507->ex_4483165e07f3ed8b
round1,36,103607,exact_group_recomputed,ex_aed28728->ex_26ad341363c72bab
round1,37,104738,exact_group_recomputed,ex_5523eaf4->ex_e9720a97352f0f05
round1,38,101469,exact_group_recomputed,ex_f651e091->ex_97cab84ad3e5dd7c
round1,39,105506,exact_group_recomputed,ex_aca9b61c->ex_eb75153e42e43dbd
round1,40,104665,exact_group_recomputed,ex_37f09ec5->ex_ecee5ed04a7c67a5
round1,41,104513,exact_group_recomputed,ex_ac193b9e->ex_d910bc920406a7c9
round1,42,100733,exact_group_recomputed,ex_b6a55b32->ex_7f9d597d26791fcb
round1,43,101045,exact_group_recomputed,ex_e4a2b2b7->ex_474039b3a8c9d8a0
round1,44,104046,exact_group_recomputed,ex_ef6061e8->ex_767324aa4155014b
round1,45,100705,exact_group_recomputed,ex_1787d754->ex_05f3fd20b08eda29
round1,46,105616,exact_group_recomputed,ex_5b21098c->ex_e1ad166544fb9f14
round1,47,100164,exact_group_recomputed,ex_b0a711af->ex_d8c4853b925dbf1f
round1,48,101134,exact_group_recomputed,ex_2d3223af->ex_9c682a96a9e62c16
round1,49,100117,exact_group_recomputed,ex_c051f34b->ex_7829177b62ce1702
round1,50,100730,exact_group_recomputed,ex_1b4582dd->ex_ca50cf77a9704fa8
round1,51,105254,exact_group_recomputed,ex_4f16377f->ex_186678a6c6971c9d
round1,52,105073,exact_group_recomputed,ex_80aa317c->ex_3e9c2291411e9e78
round1,53,102663,exact_group_recomputed,ex_ebfb2ad3->ex_bbbb107b6ce76e6b
round1,54,103911,exact_group_recomputed,ex_cdeaa7df->ex_57abc603516c3d0b
round1,55,103782,exact_group_recomputed,ex_af8b3233->ex_1c718847ab0d0ca9
round1,56,100557,exact_group_recomputed,ex_25dd42f0->ex_8cfb86017d5bee64
round1,57,100921,exact_group_recomputed,ex_56154a8d->ex_15a24ccca70007cd
round1,58,104446,exact_group_recomputed,ex_77d3dcd5->ex_8c2feffc3d60738e
round1,59,102948,exact_group_recomputed,ex_b4090126->ex_40852a4e61f0689a
round1,60,103301,exact_group_recomputed,ex_e86b2331->ex_395d9ee5e88e3882
round1,61,102918,exact_group_recomputed,ex_371dbf08->ex_0330b886784b00c5
round1,62,102156,exact_group_recomputed,ex_5e82cdff->ex_9857a80849037045
round1,63,100875,exact_group_recomputed,ex_3ec942bd->ex_4714a7c12d225319
round1,64,105797,exact_group_recomputed,ex_3e9ac4ac->ex_05fbd01ac69ecdb0
round1,65,102576,exact_group_recomputed,ex_e05c37a8->ex_0a3a51835edb3c79
round1,66,103596,exact_group_recomputed,ex_161e416b->ex_7a3ee61443637344
round1,67,102689,exact_group_recomputed,ex_7edd36ce->ex_54b5a6eb92300c39
round1,68,100040,exact_group_recomputed,ex_7224d4c1->ex_12e5986bea8de00c
round1,69,104294,exact_group_recomputed,ex_8a8e8fe9->ex_8c23fd32605ec02b
round1,70,105348,exact_group_recomputed,ex_a095266a->ex_bcd310b59f7af8a7
round1,71,106140,exact_group_recomputed,ex_324ec112->ex_f945574c1e34f0f2
round1,72,103986,exact_group_recomputed,ex_429ad5a1->ex_ba083a2a477e207e
round1,73,104166,exact_group_recomputed,ex_ddb72757->ex_dd92203e1d9c077f
round1,74,103220,exact_group_recomputed,ex_103b34ae->ex_889f7da1ce71d909
round1,75,105954,exact_group_recomputed,ex_a4dc651c->ex_a394bd32ffadd256
round1,76,104427,exact_group_recomputed,ex_567034cc->ex_ab7a7b4eb2569893
round1,77,105063,exact_group_recomputed,ex_c1205bf0->ex_507b3b9ed9261279
round1,78,103215,exact_group_recomputed,ex_44bba3a2->ex_643039366dd3a5c3
round1,79,102660,exact_group_recomputed,ex_0f91309a->ex_2882d28be8ca8e83
round1,80,105932,exact_group_recomputed,ex_3d71bf41->ex_ff6bd99fae9df8fd
round1,81,100987,exact_group_recomputed,ex_37e4fe32->ex_e68dec878df9a40a
round1,82,104723,exact_group_recomputed,ex_f6a112c9->ex_2b5c1b1edddd526d
round1,83,105375,exact_group_recomputed,ex_5283b850->ex_4257a8396abb3075
round1,84,105211,exact_group_recomputed,ex_4f30c93a->ex_e5eb98039ddaeedd
round1,85,100413,exact_group_recomputed,ex_9e138732->ex_ee2c7dc95a8076b4
round1,86,101488,exact_group_recomputed,ex_08445a50->ex_6569b34080d0c85b
round1,87,101756,exact_group_recomputed,ex_4195acbc->ex_a2959c7a787f64f4
round1,88,100226,exact_group_recomputed,ex_3e63621d->ex_4e2e5bcc832b9ba6
round1,89,102713,exact_group_recomputed,ex_7f083c0f->ex_ce9dcbb994dce358
round1,90,105307,exact_group_recomputed,ex_1ecfa0e5->ex_91f6f4b9a085a138
round1,91,105439,exact_group_recomputed,ex_0be5a108->ex_69e563314498e7c4
round1,92,102640,exact_group_recomputed,ex_c040b56d->ex_63916159ad655348
round1,93,102383,exact_group_recomputed,ex_8c005ff1->ex_53d78b2fb8b88885
round1,94,102798,exact_group_recomputed,ex_01e357bd->ex_8da9eb5cf379455d
round1,95,105659,exact_group_recomputed,ex_3cd58041->ex_b159f5b3ce3f75de
round1,96,106136,exact_group_recomputed,ex_cb8196cb->ex_f6bee93d4585b2d9
round1,97,105923,exact_group_recomputed,ex_8b6f7c7e->ex_a69e85de70dbd233
round1,98,100092,exact_group_recomputed,ex_31f588ad->ex_8bd0e8d44c76b95b
round1,99,102098,exact_group_recomputed,ex_16ad85f7->ex_255e5b15ec6edae3
round1,100,105019,exact_group_recomputed,ex_47e20537->ex_e8294c941a7098b9
round1,101,104063,exact_group_recomputed,ex_bcf6fbd7->ex_443ac0e3e401e7e6
round1,102,104308,exact_group_recomputed,ex_97e4412f->ex_1637dc516dac44f9
round1,103,104443,exact_group_recomputed,ex_4e28ccc9->ex_5315bfd74dcce2c0
round1,104,100891,exact_group_recomputed,ex_254f8405->ex_74d8576312339aa8
round1,105,103442,exact_group_recomputed,ex_6447ba9e->ex_078bd768df80afd1
round1,106,101364,exact_group_recomputed,ex_28b13ae9->ex_0fc306a647d417ee
round1,107,100967,exact_group_recomputed,ex_22c3a33d->ex_03f6263a8c57861d
round1,108,101795,exact_group_recomputed,ex_acb74398->ex_f31a19865cd8b018
round1,109,100203,exact_group_recomputed,ex_f92a9dd0->ex_d46b23de25feebe1
round1,110,105999,exact_group_recomputed,ex_a1e4944a->ex_e272ad7bf0a6ee95
round1,111,103206,exact_group_recomputed,ex_3e1760d0->ex_42827f9f73caa1dd
round1,112,105208,exact_group_recomputed,ex_03cab91c->ex_e02b4c676f7ad935
round1,113,104515,exact_group_recomputed,ex_768acd83->ex_5618f561b65c7efe
round1,114,105001,exact_group_recomputed,ex_77301dcd->ex_e24e85140b5e0a51
round1,115,102330,exact_group_recomputed,ex_ac66d243->ex_59f6415b9363f128
round1,116,105308,exact_group_recomputed,ex_05025ba5->ex_0680bb55af060640
round1,117,106026,exact_group_recomputed,ex_b79e5b2d->ex_751abd2e04026b69
round1,118,101373,exact_group_recomputed,ex_cc68f842->ex_d3b0d0a7f9e6b190
round1,119,104659,exact_group_recomputed,ex_86b37e7d->ex_f383e2b744f58c3b
round1,120,103323,exact_group_recomputed,ex_c356ccb5->ex_ba8b38dbc8c3e6e8
round1,121,102461,exact_group_recomputed,ex_186979d1->ex_c020c80a7afdf43d
round1,122,104499,exact_group_recomputed,ex_d81f1901->ex_550279fb2424b0e3
round1,123,101241,exact_group_recomputed,ex_9cd01ac9->ex_b7dbe1d6702343d3
round1,124,104183,exact_group_recomputed,ex_621df4eb->ex_405ba739a2e19602
round1,125,100073,exact_group_recomputed,ex_ca6a16cb->ex_20e423ac604cf5f8
round1,126,105148,exact_group_recomputed,ex_0d525873->ex_a251871728f78eb2
round1,127,100417,exact_group_recomputed,ex_4e6027a8->ex_d68a617198214262
round1,128,105414,exact_group_recomputed,ex_f0e205bc->ex_174e57a22414f5f2
round1,129,103863,exact_group_recomputed,ex_34658996->ex_79d88c64610049d4
round1,130,104471,exact_group_recomputed,ex_3715b388->ex_f7791213adace95e
round1,131,105549,exact_group_recomputed,ex_95fdcac9->ex_0af6f8c8ea8d670b
round1,132,101215,exact_group_recomputed,ex_bfa86f15->ex_6d99c8dff0ad0eee
round1,133,103346,exact_group_recomputed,ex_8cdabe79->ex_b3067faf074a6416
round1,134,101498,exact_group_recomputed,ex_cc67959f->ex_107ba72d0fd65b0f
round1,135,102169,exact_group_recomputed,ex_eb58bfbf->ex_20cff42e586cf876
round1,136,101561,exact_group_recomputed,ex_cae21262->ex_ab7194fd9d27d5a9
round1,137,104450,exact_group_recomputed,ex_acad2c80->ex_9449d5e253ee498d
round1,138,103420,exact_group_recomputed,ex_02b80710->ex_ee3655a40e530cc4
round1,139,100333,exact_group_recomputed,ex_233c1520->ex_f4b0c894165dba04
round1,140,104291,exact_group_recomputed,ex_a1b3e17c->ex_b59e09ea73999f10
round1,141,101427,exact_group_recomputed,ex_beb99684->ex_5be424d7fc5c32c8
round1,142,105480,exact_group_recomputed,ex_4d43862b->ex_1e58cf7ecee7a947
round1,143,102999,exact_group_recomputed,ex_3d968055->ex_f1cb0be8245dc8d4
round1,144,104889,exact_group_recomputed,ex_ae9eef11->ex_2b2f69bdfbf9065c
round1,145,102593,exact_group_recomputed,ex_dc46834b->ex_97de2c44720794d9
round1,146,101575,exact_group_recomputed,ex_f28fe044->ex_72715b9fe6f831ca
round1,147,100344,exact_group_recomputed,ex_6ce61d35->ex_9138eb392410af8e
round1,148,101516,exact_group_recomputed,ex_ad283330->ex_8c58e1d7cfeec0d1
round1,149,104357,exact_group_recomputed,ex_05449649->ex_41f6143b97b74b3b
round1,150,100266,exact_group_recomputed,ex_ea9617eb->ex_19887f7f24ae9cac
round1,151,100286,exact_group_recomputed,ex_c7b05bb1->ex_e3a3bd282dd85946
round1,152,105590,exact_group_recomputed,ex_6550760f->ex_882d37f4c3f5f081
round1,153,105518,exact_group_recomputed,ex_137d0d7e->ex_338810042cdd3a7a
round1,154,103038,exact_group_recomputed,ex_9cf54dd9->ex_1fac8a1c851df760
round1,155,102375,exact_group_recomputed,ex_532443e5->ex_ff27026c81ab0959
round1,156,103708,exact_group_recomputed,ex_e25464cd->ex_027c7f4bd15ecd05
round1,157,103505,exact_group_recomputed,ex_e54ed09a->ex_fe7b887437f2a70a
round1,158,104724,exact_group_recomputed,ex_1726492d->ex_9c89dd0f1249eb93
round1,159,105276,exact_group_recomputed,ex_1bca859d->ex_bd631916c4712e54
round1,160,105402,exact_group_recomputed,ex_c923464e->ex_2377574faf6182af
round1,161,100915,exact_group_recomputed,ex_3bd6b212->ex_6a61ad13e9078f40
round1,162,102908,exact_group_recomputed,ex_5cd88523->ex_65b8591f39aa2e93
round1,163,103461,exact_group_recomputed,ex_48ae8f8a->ex_1a06fcd292495cdc
round1,164,100150,exact_group_recomputed,ex_7d0852aa->ex_33f715810ac2522c
round1,165,101217,exact_group_recomputed,ex_ae0b7b29->ex_13aa6a911ae41114
round1,166,100759,exact_group_recomputed,ex_74d31960->ex_2483b15d84c5886c
round1,167,100652,exact_group_recomputed,ex_35f47bf8->ex_d38903704b6715c6
round1,168,100440,exact_group_recomputed,ex_95623d99->ex_1c3defd4a5d44220
round1,169,100646,exact_group_recomputed,ex_f1f17199->ex_02c327a56d7c40c3
round1,170,100820,exact_group_recomputed,ex_ea9a8d56->ex_5b594e47d0ad2e1f
round1,171,103100,exact_group_recomputed,ex_55344d14->ex_6b8a19adbda94305
round1,172,101337,exact_group_recomputed,ex_d87e5dbe->ex_7725f828316e29cc
round1,173,104115,exact_group_recomputed,ex_e7db889b->ex_581e6781d5189b9d
round1,174,105639,exact_group_recomputed,ex_1543c5ea->ex_6cf2d4f809afb8dd
round1,175,105075,exact_group_recomputed,ex_c0761a0f->ex_1b38b54cd847b65a
round1,176,106013,exact_group_recomputed,ex_0a4775e2->ex_5e36ecb0c3ca6981
round1,177,100811,exact_group_recomputed,ex_0ca87045->ex_096436202badf65b
round1,178,102536,exact_group_recomputed,ex_372dfd10->ex_eb2728505bf12ee4
round1,179,102029,exact_group_recomputed,ex_a9abe19b->ex_51cd9ace9fa7ff6b
round1,180,105983,exact_group_recomputed,ex_eabe5616->ex_b75c580f2da3b1d7
round1,181,103238,exact_group_recomputed,ex_5844a0f0->ex_09907e83fda89164
round1,182,105004,exact_group_recomputed,ex_733dc60f->ex_f09ab6ae8494fc5b
round1,183,105966,exact_group_recomputed,ex_e4b30171->ex_007d1d961dde0948
round1,184,105177,exact_group_recomputed,ex_3e2b2fe9->ex_a3242641280e89e0
round1,185,103315,exact_group_recomputed,ex_c48c2d2b->ex_22914ce845e012da
round1,186,100260,exact_group_recomputed,ex_01027228->ex_b948b1dc84682eb4
round1,187,105142,exact_group_recomputed,ex_e9c1ed7c->ex_71d74ed945817d93
round1,188,105724,exact_group_recomputed,ex_5a735549->ex_67d9b880a4802bde
round1,189,102079,exact_group_recomputed,ex_757f347f->ex_6a3349e46de7a96e
round1,190,103948,exact_group_recomputed,ex_7e69cd3a->ex_84e85ce6de398334
round1,191,103817,exact_group_recomputed,ex_821d8175->ex_4f280097837e7cdb
round1,192,100736,exact_group_recomputed,ex_1671afc7->ex_b9e17ba05f0ed291
round1,193,101986,exact_group_recomputed,ex_e1aaae51->ex_119d3fec787e134f
round1,194,102958,exact_group_recomputed,ex_f62edc01->ex_b7962af6c372ccba
round1,195,103144,exact_group_recomputed,ex_812a4cbd->ex_e2ef8ba4d2b4d08c
round1,196,101904,exact_group_recomputed,ex_fa35a353->ex_000b84edfb29c00c
round1,197,102581,exact_group_recomputed,ex_d489e0d5->ex_b366f4b53e505694
round1,198,101930,exact_group_recomputed,ex_f1f790ac->ex_bc0c091377600ef9
round1,199,102286,exact_group_recomputed,ex_acb5b289->ex_1cb4ec4e1a2eb4da
round1,200,103822,exact_group_recomputed,ex_6ff68d5e->ex_a048784e3acfe3cd
round1,201,103105,exact_group_recomputed,ex_637275ef->ex_1f2cc20accc100cc
round1,202,100179,exact_group_recomputed,ex_9ff38620->ex_fd75ddb1c94a65a9
round1,203,100264,exact_group_recomputed,ex_941e6a59->ex_411fd8f4f851ff76
round1,204,100293,exact_group_recomputed,ex_87ad66cb->ex_3119b131bc8dafe0
round1,205,105529,exact_group_recomputed,ex_e030b93d->ex_8233f4baff8fb8a9
round1,206,104952,exact_group_recomputed,ex_0e53932c->ex_1d18b8035cbcecab
round1,207,104595,exact_group_recomputed,ex_97823d8d->ex_f6f6413b99ed8df3
round1,208,105498,exact_group_recomputed,ex_a9b28efd->ex_7097ee9bcd658d90
round1,209,100014,exact_group_recomputed,ex_a7d049a8->ex_cf9dcf19a31b7893
round1,210,106101,exact_group_recomputed,ex_0abf40e1->ex_765788247eb466b8
round1,211,102401,exact_group_recomputed,ex_36ea95a8->ex_f21ca00b4d00bfc2
round1,212,105467,exact_group_recomputed,ex_97d02fe0->ex_7d998c4162fd2728
round1,213,103126,exact_group_recomputed,ex_fc99d795->ex_de8eb2c2fca1b0a9
round1,214,102172,exact_group_recomputed,ex_2584daa6->ex_041544e861cd226d
round1,215,105843,exact_group_recomputed,ex_38d376a2->ex_81815c6df1887aa7
round1,216,101474,exact_group_recomputed,ex_3aa1e45c->ex_1e5c6d1130311b44
round1,217,105796,exact_group_recomputed,ex_b24885c3->ex_af103189971b2f21
round1,218,103056,exact_group_recomputed,ex_f0ab8c95->ex_71ba8d1abbb9e658
round1,219,101243,exact_group_recomputed,ex_be0d30d3->ex_c487be4bae5ec5d1
round1,220,105928,exact_group_recomputed,ex_73ed5150->ex_5f1c27232c3bd9f2
round1,221,105503,exact_group_recomputed,ex_750b64c8->ex_6373ca33d96e39f9
round1,222,103397,exact_group_recomputed,ex_1f9bb537->ex_ef56db315b61a4b2
round1,223,104484,exact_group_recomputed,ex_7bd99fe5->ex_2a5cd72788e3cbb9
round1,224,102185,exact_group_recomputed,ex_0f74b427->ex_9b25ae3471352274
round1,225,100031,exact_group_recomputed,ex_1fa788de->ex_2fdd2ad7fca18d21
round1,226,103930,exact_group_recomputed,ex_0debcc2d->ex_568ca2f7bc38d180
round1,227,101087,exact_group_recomputed,ex_584c6942->ex_879ed33ccbd109bc
round1,228,100490,exact_group_recomputed,ex_7b0a60fb->ex_6d4aa1b16e79259c
round1,229,101440,exact_group_recomputed,ex_7fa37767->ex_0527bc726c97ab03
round1,230,102539,exact_group_recomputed,ex_2985d9a7->ex_f92c64f2f30c670e
round1,231,105866,exact_group_recomputed,ex_9129ca32->ex_87cf8fec0dc8396a
round1,232,101842,exact_group_recomputed,ex_8cb15829->ex_e3bfcfe0f152d727
round1,233,103542,exact_group_recomputed,ex_41f8dc97->ex_397b10392326a3a7
round1,234,101220,exact_group_recomputed,ex_3b798999->ex_78986bd7ac134e79
round1,235,102296,exact_group_recomputed,ex_8e6a0ba7->ex_2f6187bf88474b40
round1,236,101880,exact_group_recomputed,ex_2fcb6a2b->ex_60bfc853222f2145
round1,237,100337,exact_group_recomputed,ex_5ca7105e->ex_150fc8d90cb91de4
round1,238,101690,exact_group_recomputed,ex_18a9df6f->ex_5acc94e81c4e2ba4
round1,239,102301,exact_group_recomputed,ex_441219a3->ex_52f8a6b89ca5a7ce
round1,240,101535,exact_group_recomputed,ex_4f9f7d8f->ex_2fa129aa1e205062
round1,241,104898,exact_group_recomputed,ex_c0dd0ce7->ex_53686b679ac159a8
round1,242,103113,exact_group_recomputed,ex_992848bb->ex_8f03d486280c33be
round1,243,105330,exact_group_recomputed,ex_7016fed2->ex_de24444ace729004
round1,244,102980,exact_group_recomputed,ex_026b0161->ex_66c76cb5ae7ccd98
round1,245,102865,exact_group_recomputed,ex_52c03f21->ex_a055e629e2de8a4b
round1,246,100924,exact_group_recomputed,ex_97f8d10a->ex_2fbb6a9c607c9f27
round1,247,105473,exact_group_recomputed,ex_fb16aa5d->ex_647651715114ad05
round1,248,100589,exact_group_recomputed,ex_be9b97a2->ex_11192ff75c39581b
round1,249,100459,exact_group_recomputed,ex_ad0efae2->ex_a75c04791932ae3a
round1,250,105692,exact_group_recomputed,ex_51b0185e->ex_aa9027118ecc4e2d
round1,251,101355,exact_group_recomputed,ex_9a43a27c->ex_a9bb8373373b680d
round1,252,101683,exact_group_recomputed,ex_32f9d704->ex_ca16ee3d8f36837a
round1,253,101924,exact_group_recomputed,ex_4517ec2f->ex_346896195acc9136
round1,254,104730,exact_group_recomputed,ex_66f6bdbd->ex_a96ec83b68136693
round1,255,104807,exact_group_recomputed,ex_219441fb->ex_ff2a6a4d06a43f71
round1,256,101401,exact_group_recomputed,ex_e294a9f7->ex_e63759cb10bb8496
round1,257,100077,exact_group_recomputed,ex_693ef3c7->ex_847486b2b9aa59ce
round1,258,100823,exact_group_recomputed,ex_b43a51e4->ex_7a74c788cf25d57d
round1,259,100680,exact_group_recomputed,ex_f1a80c2e->ex_a140356b73d22060
round1,260,104539,exact_group_recomputed,ex_38c8dd7d->ex_a764663b8d9c3e5c
round1,261,105388,exact_group_recomputed,ex_8e779d1f->ex_816cef3004538065
round1,262,103375,exact_group_recomputed,ex_3f923cb2->ex_5180cebbaa227a4e
round1,263,100719,exact_group_recomputed,ex_efc3ec37->ex_579fe250358654c0
round1,264,100598,exact_group_recomputed,ex_7c7314c9->ex_2db043a54c1126d0
round1,265,100643,exact_group_recomputed,ex_5b37f8d9->ex_2e3ab20bd62d2d4a
round1,266,101282,exact_group_recomputed,ex_2cc4a6c0->ex_50ab066e5d9e2f20
round1,267,100127,exact_group_recomputed,ex_9b2770b4->ex_85f8332670085da6
round1,268,103480,exact_group_recomputed,ex_05a5f892->ex_a574b316d89c710d
round1,269,104302,exact_group_recomputed,ex_68d9956a->ex_83d4991f3add9931
round1,270,100648,exact_group_recomputed,ex_d6e6906d->ex_1f1fdcf446899b4b
round1,271,103562,exact_group_recomputed,ex_ec1c615b->ex_5b6ebb31a4856f37
round1,272,105145,exact_group_recomputed,ex_264f25e4->ex_401d151e54dd7c54
round1,273,100757,exact_group_recomputed,ex_a6f00449->ex_7962992f5fe063e0
round1,274,106023,exact_group_recomputed,ex_c899f166->ex_5e34ec76024e8ebc
round1,275,104939,exact_group_recomputed,ex_c8ee2fd7->ex_4a711da1d82cb540
round1,276,100345,exact_group_recomputed,ex_69618fd6->ex_4aa04698daf094e7
round1,277,100727,exact_group_recomputed,ex_b4a9d237->ex_7d8d3b8bae4f908e
round1,278,103974,exact_group_recomputed,ex_025470c5->ex_02767d2926026236
round1,279,100201,exact_group_recomputed,ex_895ef880->ex_2e1ec94d9c3c7fa6
round1,280,104614,exact_group_recomputed,ex_0e121be5->ex_fca40023efbbec25
round1,281,104290,exact_group_recomputed,ex_4b409aa6->ex_f5ec24ef80acc4ad
round1,282,101744,exact_group_recomputed,ex_57047efc->ex_c1d0c687536feffb
round1,283,104441,exact_group_recomputed,ex_4c662908->ex_4366204c6a22e65c
round1,284,106162,exact_group_recomputed,ex_6d8d8593->ex_abf8d83e1ea256c7
round1,285,104663,exact_group_recomputed,ex_c15cff3f->ex_a048784e3acfe3cd
round1,286,104155,exact_group_recomputed,ex_f3fa6a62->ex_36e52d9235f5b950
round1,287,100574,exact_group_recomputed,ex_3cd24ec9->ex_094d2b5c214a6988
round1,288,103271,exact_group_recomputed,ex_2ad14976->ex_944d91fab277eead
round1,289,103938,exact_group_recomputed,ex_a4ed1ea7->ex_e9d7118bea084645
round1,290,105174,exact_group_recomputed,ex_5ac3496a->ex_61a5db7e86cbcb9f
round1,291,102189,exact_group_recomputed,ex_13fa8f9b->ex_6377ee90f8968e01
round1,292,105859,exact_group_recomputed,ex_0c654d77->ex_d3bab18c9d6a0730
round1,293,105852,exact_group_recomputed,ex_8a84e73f->ex_3bc505ae6c9f8a37
round1,294,101412,exact_group_recomputed,ex_f64db6ae->ex_cd51ca65830563a7
round1,295,104211,exact_group_recomputed,ex_129bfe5e->ex_737c5895e521ad7c
round1,296,100611,exact_group_recomputed,ex_47129f89->ex_ca3ba8693b9be8b4
round1,297,101829,exact_group_recomputed,ex_1155b1f8->ex_8ba321e0b98fa934
round1,298,103274,exact_group_recomputed,ex_e26abefe->ex_12953c85246061a4
round1,299,103457,exact_group_recomputed,ex_e829c61f->ex_ba5f3ce9802bedee
round1,300,103421,exact_group_recomputed,ex_9512d641->ex_441891c5b67e367f
round1,301,102619,exact_group_recomputed,ex_5d65b17a->ex_286d2d56ff36ec04
round1,302,105502,exact_group_recomputed,ex_8b41b160->ex_417953fd74e5f1fc
round1,303,105896,exact_group_recomputed,ex_d0a77789->ex_a685b247a8037ede
round1,304,103515,exact_group_recomputed,ex_f495f0cd->ex_3402ff499d0f7c05
round1,305,104946,exact_group_recomputed,ex_7a6ad82b->ex_5a014097f44cf49a
round1,306,104333,exact_group_recomputed,ex_108de020->ex_fe0df793a56c71af
round1,307,100493,exact_group_recomputed,ex_b4bfe93f->ex_6fc4d67a842a9897
round1,308,102686,exact_group_recomputed,ex_3bd63323->ex_675b6f0c3e79ed1e
round1,309,102489,exact_group_recomputed,ex_4d48731e->ex_f3e4679e2758c3fb
round1,310,100050,exact_group_recomputed,ex_b6fdc352->ex_bef20f34451603d9
round1,311,100982,exact_group_recomputed,ex_9ef9b755->ex_5cb2d3f2aab9d965
round1,312,105594,exact_group_recomputed,ex_da2c9352->ex_40452248b929b86e
round1,313,104326,exact_group_recomputed,ex_3f80c103->ex_ab0e506d94a8ae89
round1,314,101349,exact_group_recomputed,ex_2b29fc8a->ex_b82648a7487766a5
round1,315,104060,exact_group_recomputed,ex_f16bb3ad->ex_baf78706dba7db06
round1,316,104419,exact_group_recomputed,ex_aeaca248->ex_e93223d8d022cb7b
round1,317,102916,exact_group_recomputed,ex_12ffacb6->ex_f8c13bd572a983a7
round1,318,101742,exact_group_recomputed,ex_9e77855d->ex_025999edfbb8b896
round1,319,103502,exact_group_recomputed,ex_2cd3b74e->ex_87567ea9e597d4af
round1,320,104157,exact_group_recomputed,ex_125458fd->ex_5ec04769f1912666
round1,321,105605,exact_group_recomputed,ex_f9d4b4c2->ex_1534c5b8ba41b221
round1,322,105202,exact_group_recomputed,ex_53af1086->ex_a65fedade17944c4
round1,323,105320,exact_group_recomputed,ex_f787f063->ex_b3e59e61cae10842
round1,324,103289,exact_group_recomputed,ex_a532749c->ex_eb7ece7f8f6bcaf3
round1,325,100839,exact_group_recomputed,ex_7995a57e->ex_d9cfb5a7810ed37a
round1,326,105104,exact_group_recomputed,ex_0b80bba1->ex_49d028f1dbe66e0f
round1,327,100566,exact_group_recomputed,ex_43bd8bbf->ex_3c015f88ee3fa5df
round1,328,103703,exact_group_recomputed,ex_b8f0630d->ex_1cda63b1cf8e9073
round1,329,100124,exact_group_recomputed,ex_3cda8ff0->ex_800134e766ed6019
round1,330,105537,exact_group_recomputed,ex_84235606->ex_2d005cfbf1b73b03
round1,331,104353,exact_group_recomputed,ex_64624841->ex_8192ef5d11e67a7e
round1,332,102826,exact_group_recomputed,ex_3d204445->ex_693450f15255b956
round1,333,104292,exact_group_recomputed,ex_b0d724f8->ex_0c8ec82018a0f8cf
round1,334,104192,exact_group_recomputed,ex_2772f2bd->ex_8c6af41938157a74
round1,335,100793,exact_group_recomputed,ex_5d517d85->ex_81c9c9f55e208a62
round1,336,106040,exact_group_recomputed,ex_6e766209->ex_1c003dd3c7aff728
round1,337,105718,exact_group_recomputed,ex_4c762f47->ex_aa2f099ce23d2f4e
round1,338,104831,exact_group_recomputed,ex_72e567c6->ex_75237e208448e1ad
round1,339,104707,exact_group_recomputed,ex_a7ecd0f5->ex_7593c569b1d2fbe0
round1,340,100660,exact_group_recomputed,ex_d8cf6bce->ex_1adf196db10de75a
round1,341,100779,exact_group_recomputed,ex_bf20a2cb->ex_3966b55ab6e78245
round1,342,100377,exact_group_recomputed,ex_f55aef43->ex_6f7c1b0866638b0f
round1,343,104971,exact_group_recomputed,ex_e64d66d4->ex_491047c63de15e16
round1,344,100561,exact_group_recomputed,ex_e99ed40b->ex_2fb682f2d20af64c
round1,345,101362,exact_group_recomputed,ex_484fd261->ex_6ee1405aa572fa7f
round1,346,101179,exact_group_recomputed,ex_9c9c73e4->ex_18021432e2fd1a77
round1,347,101486,exact_group_recomputed,ex_aaa18855->ex_cbc75a78983d36f4
round1,348,103832,exact_group_recomputed,ex_daf85645->ex_e6642368e38cd3af
round1,349,105835,exact_group_recomputed,ex_faaaa71b->ex_c7eaca24aa60826c
round1,350,106167,exact_group_recomputed,ex_560d8ce2->ex_849545b16cd456cc
round1,351,104306,exact_group_recomputed,ex_a779de2c->ex_3afc090bf8f9f346
round1,352,101430,exact_group_recomputed,ex_1dd0002d->ex_cc4b5c33729b418a
round1,353,102318,exact_group_recomputed,ex_1d707f52->ex_983188c47bb521cc
round1,354,101460,exact_group_recomputed,ex_edc16004->ex_11a986963b057d0b
round1,355,100607,exact_group_recomputed,ex_0bf54e04->ex_4a7a80811162ba13
round1,356,101247,exact_group_recomputed,ex_7ccaaf46->ex_03b19cbead8d80b4
round1,357,104781,exact_group_recomputed,ex_9f81ec73->ex_afb1d3d3bd3e0141
round1,358,106125,exact_group_recomputed,ex_3dcea62b->ex_8a16c5ceef1626e1
round1,359,100339,exact_group_recomputed,ex_29f573d1->ex_3f6c794164a34e44
round1,360,103890,exact_group_recomputed,ex_3c62a90b->ex_360ab53f3f11c5dc
round1,361,104795,exact_group_recomputed,ex_dfbb1204->ex_c64ed82b04c55517
round1,362,103768,exact_group_recomputed,ex_7f241265->ex_06669162f898feed
round1,363,105404,exact_group_recomputed,ex_e1110fd5->ex_af46b68261ab2d8f
round1,364,103912,exact_group_recomputed,ex_fd865c85->ex_5cd39fb35782e83d
round1,365,100154,exact_group_recomputed,ex_61c44bbf->ex_0c8788e6dda21368
round1,366,105459,exact_group_recomputed,ex_dd5155de->ex_bb8050e4afa3fcf5
round1,367,102697,exact_group_recomputed,ex_3a88801c->ex_9fee786440a36c1b
round1,368,100508,exact_group_recomputed,ex_971d8fa4->ex_3ad8f26bfccdbd94
round1,369,103379,exact_group_recomputed,ex_f65af92a->ex_9770f2b405be91c9
round1,370,106157,exact_group_recomputed,ex_d0005207->ex_cc16a42e02b9cecb
round1,371,102406,exact_group_recomputed,ex_f8bc1ab0->ex_95d02b8fa9f6b85e
round1,372,100035,exact_group_recomputed,ex_7801767e->ex_0708604e67478b32
round1,373,102307,exact_group_recomputed,ex_15ba97a1->ex_799b5cf4c5c0b0b1
round1,374,100678,exact_group_recomputed,ex_e724c0c9->ex_a304f0074bf1e0a2
round1,375,105169,exact_group_recomputed,ex_c1e5608a->ex_c5ae27068e289218
round1,376,101884,exact_group_recomputed,ex_e85fa37d->ex_f9de6c189fee475b
round1,377,100959,exact_group_recomputed,ex_486d4713->ex_58ac8bc3c5c18fb3
round1,378,101538,exact_group_recomputed,ex_70dc7330->ex_94bd5082c66438e7
round1,379,104994,exact_group_recomputed,ex_a0fc47f4->ex_0cb1b22e4984ff77
round1,380,101376,exact_group_recomputed,ex_6209de0a->ex_4232ad8aded4e6f5
round1,381,102971,exact_group_recomputed,ex_48a694b5->ex_4e2613a22b1dfdd9
round1,382,103266,exact_group_recomputed,ex_1f79f757->ex_db1238000e6750d7
round1,383,103199,exact_group_recomputed,ex_11d47fc3->ex_98af869dddfe669a
round1,384,101285,exact_group_recomputed,ex_ab5426bb->ex_7172577b12005eea
round1,385,100511,exact_group_recomputed,ex_19cf22b7->ex_fcb3f11f26a59ed5
round1,386,102583,exact_group_recomputed,ex_83145578->ex_f6d9cae20d88295c
round1,387,101908,exact_group_recomputed,ex_10b3cf0f->ex_e4431536fbf13652
round1,388,105732,exact_group_recomputed,ex_0573ad99->ex_4e0b14f3530947de
round1,389,104792,exact_group_recomputed,ex_65b90fe6->ex_947e66dc0c5cd172
round1,390,102420,exact_group_recomputed,ex_64bfdaea->ex_8ce90abffb2c614f
round1,391,102805,exact_group_recomputed,ex_431766af->ex_e4a5ddc91ca40a22
round1,392,106098,exact_group_recomputed,ex_b930048a->ex_d023a55e438b6360
round1,393,105595,exact_group_recomputed,ex_1cf87317->ex_17e2e57ecbe8683e
round1,394,106080,exact_group_recomputed,ex_98a63669->ex_ca35d869c907458e
round1,395,105580,exact_group_recomputed,ex_9c0c8cf0->ex_f66ce074ff9ae1d9
round1,396,105236,exact_group_recomputed,ex_9d984e3e->ex_9d66eb1ebcab74b0
round1,397,103994,exact_group_recomputed,ex_cccbeff2->ex_7210abec903ca665
round1,398,103453,exact_group_recomputed,ex_1cc98324->ex_7fee1fe40f6e0ec7
round1,399,101545,exact_group_recomputed,ex_29efed99->ex_d0688191d519ce50
round1,400,100291,exact_group_recomputed,ex_c21d65c8->ex_0aae33e52fe2553b
round1,401,105493,exact_group_recomputed,ex_97dd49f4->ex_8a540c964603933c
round1,402,104638,exact_group_recomputed,ex_68a5b11d->ex_acf94d129d2d433d
round1,403,104132,exact_group_recomputed,ex_f2526d6f->ex_a6727bd3f7f48384
round1,404,101514,exact_group_recomputed,ex_40735923->ex_524d01f42b07f86d
round1,405,100069,exact_group_recomputed,ex_f9210902->ex_e443b7fa9996d613
round1,406,100278,exact_group_recomputed,ex_28a35aa5->ex_2d1d2393be5f7ed3
round1,407,105267,exact_group_recomputed,ex_f02535fe->ex_ffd71cfa6c554b9b
round1,408,101776,exact_group_recomputed,ex_42d592e5->ex_88111346587e8b50
round1,409,105023,exact_group_recomputed,ex_398a4434->ex_8dc129621b66ce09
round1,410,102309,exact_group_recomputed,ex_c5473273->ex_53e81f5da3b57168
round1,411,103432,exact_group_recomputed,ex_a4d5a237->ex_8b2866d3b7dda740
round1,412,102983,exact_group_recomputed,ex_98aa63f9->ex_53c2b85c6a38d0fe
round1,413,105617,exact_group_recomputed,ex_f525bbbe->ex_515a4043090e3c5a
round1,414,100754,exact_group_recomputed,ex_2df39610->ex_12a5308eb1930ad9
round1,415,103943,exact_group_recomputed,ex_a7d11454->ex_22b2c4a661971bb2
round1,416,104110,exact_group_recomputed,ex_6a7014f9->ex_5a0a0666901bae8e
round1,417,100078,exact_group_recomputed,ex_7fea0136->ex_b5d78e25d3ee7b9c
round1,418,100855,exact_group_recomputed,ex_045b640f->ex_64add07d18b8bc30
round1,419,105942,exact_group_recomputed,ex_2dc1088d->ex_7fe8893c5fa05213
round1,420,102627,exact_group_recomputed,ex_ca50178d->ex_290aaf8719614a8c
round1,421,101251,exact_group_recomputed,ex_f5f91a0b->ex_53097819b214e18a
round1,422,103575,exact_group_recomputed,ex_cf830009->ex_572e7bc2f279718d
round1,423,101992,exact_group_recomputed,ex_685e5aab->ex_9cbae3c8c392d7c9
round1,424,102271,exact_group_recomputed,ex_02c168f7->ex_020e178b19fc044a
round1,425,102439,exact_group_recomputed,ex_690a8b0b->ex_6bae87665e9155b4
round1,426,101936,exact_group_recomputed,ex_5b31c8ce->ex_5e29598bc4862acb
round1,427,100054,exact_group_recomputed,ex_9618f89b->ex_dd7eacd1f3bf55af
round1,428,103742,exact_group_recomputed,ex_33f99985->ex_3a55296172610768
round1,429,106119,exact_group_recomputed,ex_95fa0af5->ex_1d85f95afc2019a5
round1,430,101578,exact_group_recomputed,ex_3940dbde->ex_474e3d61410c3452
round1,431,104411,exact_group_recomputed,ex_38350b13->ex_74a189be090521f9
round1,432,103254,exact_group_recomputed,ex_54718383->ex_adb94cf953b54ba0
round1,433,105784,exact_group_recomputed,ex_65f3238f->ex_ce2ab8a38f7212d9
round1,434,105187,exact_group_recomputed,ex_7fb42920->ex_e1e875adc947431b
round1,435,101810,exact_group_recomputed,ex_8c632330->ex_684051e349715dda
round1,436,101850,exact_group_recomputed,ex_8a7a132e->ex_44b7bf179a02987c
round1,437,104401,exact_group_recomputed,ex_2d61b612->ex_dce27648bcbf2850
round1,438,102616,exact_group_recomputed,ex_88fe2419->ex_b287ce479aec7698
round1,439,104979,exact_group_recomputed,ex_66b34c65->ex_c84ff2f0e4d6157f
round1,440,104885,exact_group_recomputed,ex_e48cb621->ex_363b5d82e817594b
round1,441,105491,exact_group_recomputed,ex_f6173f10->ex_c8732a8b8d00bef2
round1,442,100892,exact_group_recomputed,ex_382ecad4->ex_068773712f38945d
round1,443,103090,exact_group_recomputed,ex_1301a898->ex_71de589e04c4a0f1
round1,444,100985,exact_group_recomputed,ex_089c0fdb->ex_e36ee879bce0111d
round1,445,103059,exact_group_recomputed,ex_31a5982b->ex_8633fb1d4db9326e
round1,446,103803,exact_group_recomputed,ex_273ff1f1->ex_bd7f2955b9042c10
round1,447,104790,exact_group_recomputed,ex_3464df4f->ex_4359a928948f2a90
round1,448,100172,exact_group_recomputed,ex_24005b85->ex_c1dd2b836766687d
round1,449,105556,exact_group_recomputed,ex_f3833674->ex_36eee8bbf35bc366
round1,450,101312,exact_group_recomputed,ex_7447f569->ex_7ff1cca3923cdf7f
round1,451,103358,exact_group_recomputed,ex_7de30e7c->ex_b44ea9184483c009
round1,452,103297,exact_group_recomputed,ex_1bb4fdd8->ex_3dfacc385297e65e
round1,453,105997,exact_group_recomputed,ex_590d1cd7->ex_814e81d72707d82b
round1,454,101956,exact_group_recomputed,ex_a35dabbe->ex_ac0f5ee7a246a353
round1,455,105434,exact_group_recomputed,ex_2560754a->ex_22f34f6bcceacc4d
round1,456,100729,exact_group_recomputed,ex_1a462aa4->ex_a963c6a9c3c6005b
round1,457,102568,exact_group_recomputed,ex_bf8be4ff->ex_24208d4c086bca8a
round1,458,101015,exact_group_recomputed,ex_160a8aba->ex_344dd0b452a55097
round1,459,105183,exact_group_recomputed,ex_34befdf6->ex_b8038ecf5ac48614
round1,460,105658,exact_group_recomputed,ex_3e729878->ex_485613ee70305a21
round1,461,103729,exact_group_recomputed,ex_7b8f0295->ex_fe98d65299615b72
round1,462,100270,exact_group_recomputed,ex_de4d15e6->ex_7e60298282ca3c83
round1,463,101668,exact_group_recomputed,ex_e0f233b7->ex_2e4ee66e94eecf01
round1,464,102159,exact_group_recomputed,ex_7dba1e53->ex_1b577d2e329823cf
round1,465,100688,exact_group_recomputed,ex_7865fd0b->ex_5d0dadd05c142705
round1,466,105640,exact_group_recomputed,ex_1e66fe30->ex_0a88cf34637031a2
round1,467,102763,exact_group_recomputed,ex_aa762313->ex_c24961511e56e837
round1,468,101896,exact_group_recomputed,ex_a81eb2cb->ex_3025eb04cfc31593
round1,469,104554,exact_group_recomputed,ex_51da65f6->ex_5a1ae4f07986f9af
round1,470,106058,exact_group_recomputed,ex_14784aa3->ex_2a6f7cf7281e1f0e
round1,471,100492,exact_group_recomputed,ex_89470511->ex_91e7a0e3f1336614
round1,472,104857,exact_group_recomputed,ex_9e4b9bdc->ex_120dd52bc038d169
round1,473,102914,exact_group_recomputed,ex_0f294cf0->ex_a377511a1aa2eb09
round1,474,103310,exact_group_recomputed,ex_6b2d517e->ex_40a79707b770e053
round1,475,100714,exact_group_recomputed,ex_998d2edb->ex_a7113f8a65d824e8
round1,476,105767,exact_group_recomputed,ex_4c9a7301->ex_9f61ace370164d33
round1,477,101791,exact_group_recomputed,ex_dc9508ca->ex_e114babcd3484cfa
round1,478,100170,exact_group_recomputed,ex_1efde937->ex_7fb164170d456b2d
round1,479,100109,exact_group_recomputed,ex_1e205570->ex_06e7d25bf32e8a12
round1,480,100019,exact_group_recomputed,ex_640f572d->ex_df99828a34b7af02
round1,481,101967,exact_group_recomputed,ex_cdff49f2->ex_88f41f70be0feea3
round1,482,105233,exact_group_recomputed,ex_79b41981->ex_7e04d56837be932c
round1,483,100889,exact_group_recomputed,ex_44744195->ex_65a11c6857af20ba
round1,484,102220,exact_group_recomputed,ex_a0e6d5cd->ex_b845090f5e652118
round1,485,101860,exact_group_recomputed,ex_28052538->ex_e557f687a55df5e3
round1,486,102520,exact_group_recomputed,ex_ebf1ae5f->ex_71980db1a15020e8
round1,487,104677,exact_group_recomputed,ex_ce0dfd75->ex_33b07a6ea453a777
round1,488,101647,exact_group_recomputed,ex_b51431c9->ex_c7f72474dc7dbddf
round1,489,101017,exact_group_recomputed,ex_add7d3ad->ex_2b718c28ad5863f7
round1,490,104430,exact_group_recomputed,ex_6a18e69f->ex_3d5d2b61df64b8bf
round1,491,100438,exact_group_recomputed,ex_301ebe24->ex_50954a40de3ffc9b
round1,492,106048,exact_group_recomputed,ex_56fdcba5->ex_04d1ec95c8d7e635
round1,493,105341,exact_group_recomputed,ex_100abed5->ex_d5b6bfbfd20f1d30
round1,494,102064,exact_group_recomputed,ex_20163019->ex_c32e8a18b6994bca
round1,495,102176,exact_group_recomputed,ex_f1165b76->ex_3f10821c1388063b
round1,496,101923,exact_group_recomputed,ex_74917b23->ex_b849534365c50716
round1,497,100276,exact_group_recomputed,ex_0a7a2033->ex_55b12231d7ca70ed
round1,498,104045,exact_group_recomputed,ex_e7a862fd->ex_33b4f409b3c43857
round1,499,103489,exact_group_recomputed,ex_9e3fca57->ex_4220430e6523fcfe
round1,500,105760,exact_group_recomputed,ex_00dd9260->ex_0190db05710fe30b
rare1,1,101894,exact_group_recomputed,ex_fae8b431->ex_0c0ed781b8b20601
rare1,2,105435,exact_group_recomputed,ex_6715e5cb->ex_f8f35270407ebab2
rare1,3,104553,exact_group_recomputed,ex_e82ec218->ex_f8603128fb2f0d90
rare1,4,105804,exact_group_recomputed,ex_92267b3c->ex_d3e997b44f1ab120
rare1,5,100812,exact_group_recomputed,ex_60d3a7f0->ex_020e5e8c26f5a0d0
rare1,6,101902,exact_group_recomputed,ex_28589de2->ex_b16df765135ffb80
rare1,7,100071,exact_group_recomputed,ex_ccf63516->ex_454e6eb540088f26
rare1,8,105729,exact_group_recomputed,ex_05f8840b->ex_55b6e8807167e7cf
rare1,9,105319,exact_group_recomputed,ex_4ba7b065->ex_fa50e5dd44427902
rare1,10,100011,exact_group_recomputed,ex_2db78c49->ex_7e33d784215faf2f
rare1,11,105017,exact_group_recomputed,ex_783b5393->ex_a5dc354a4f8fec78
rare1,12,105067,exact_group_recomputed,ex_760a4e93->ex_22ba9441666a22f7
rare1,13,101710,exact_group_recomputed,ex_3819d5b6->ex_d585bc06cd2911aa
rare1,14,101471,exact_group_recomputed,ex_1ec2d3b2->ex_07bf3015692715db
rare1,15,100976,exact_group_recomputed,ex_66342462->ex_53d1656387d1b428
rare1,16,100066,exact_group_recomputed,ex_5552e400->ex_763f022b5e3ada61
rare1,17,104760,exact_group_recomputed,ex_d9b24f5a->ex_9f3aaef048d1f332
rare1,18,104074,exact_group_recomputed,ex_5a40286a->ex_b093114a9cade86b
rare1,19,105913,exact_group_recomputed,ex_d88bcf93->ex_b4cb9334cc7c27c9
rare1,20,101081,exact_group_recomputed,ex_16ed9204->ex_7d2b56df37be6afc
rare1,21,105893,exact_group_recomputed,ex_d81433d3->ex_9d5c1d58d312964f
rare1,22,100063,exact_group_recomputed,ex_fde9cc57->ex_cb5c71f0734d26e7
rare1,23,105802,exact_group_recomputed,ex_ba0354a2->ex_be009699a2306533
rare1,24,100450,exact_group_recomputed,ex_6e9dcb2e->ex_62c0a1a698ea0fc2
rare1,25,102827,exact_group_recomputed,ex_b1d4a65c->ex_8c2daa01e933c74c
rare1,26,104517,exact_group_recomputed,ex_747fffab->ex_2cc9ea24327c2148
rare1,27,102453,exact_group_recomputed,ex_1329bdf5->ex_5970612bcd82cd92
rare1,28,101870,exact_group_recomputed,ex_52a42850->ex_53ac509a3a91eac2
rare1,29,101016,exact_group_recomputed,ex_4b03e05e->ex_c6a228f04ee5a06c
rare1,30,106049,exact_group_recomputed,ex_bc017722->ex_73ae14ca03ebfd4b
rare1,31,103543,exact_group_recomputed,ex_48f5bf90->ex_a1283856cd936f0f
rare1,32,103044,exact_group_recomputed,ex_96b5e3ad->ex_25b645d29d61fa2b
rare1,33,101095,exact_group_recomputed,ex_de68048c->ex_6c8ce421c9273812
rare1,34,105018,exact_group_recomputed,ex_7fea2d03->ex_3eace2c4a00b2650
rare1,35,104164,exact_group_recomputed,ex_621035f8->ex_caea1617aa3756bf
rare1,36,101839,exact_group_recomputed,ex_deb5b20d->ex_f8df2462b28e07fe
rare1,37,103023,exact_group_recomputed,ex_fb17b39a->ex_e131be8c6a595f61
rare1,38,101079,exact_group_recomputed,ex_00de0c6e->ex_531265dace2dfe7a
rare1,39,103788,exact_group_recomputed,ex_d9744c31->ex_ab484be66c147125
rare1,40,101114,exact_group_recomputed,ex_64a4d404->ex_0e02390290bbad69
rare1,41,105778,exact_group_recomputed,ex_fcc5f9bc->ex_0d65cef7700cea9c
rare1,42,101078,exact_group_recomputed,ex_8def3b48->ex_458c73030c4204c7
rare1,43,103039,exact_group_recomputed,ex_45881548->ex_3d274cc50ec44c9e
rare1,44,105176,exact_group_recomputed,ex_1117c927->ex_9c3e53956dd209ae
rare1,45,104317,exact_group_recomputed,ex_1ddc774b->ex_0b576f926626d817
rare1,46,102952,exact_group_recomputed,ex_aecaf059->ex_07005171fc9488d9
rare1,47,101549,exact_group_recomputed,ex_8892b5f6->ex_30556d8231c6d015
rare1,48,105805,exact_group_recomputed,ex_91d1e349->ex_7a0ab6a625e5c108
rare1,49,104365,exact_group_recomputed,ex_c1790c30->ex_c6bc45bf2067ef4d
rare1,50,105944,exact_group_recomputed,ex_1bc1369b->ex_fb7520e4a38268be
rare1,51,104661,exact_group_recomputed,ex_d26c06d2->ex_139d48341be0a4ef
rare1,52,105803,exact_group_recomputed,ex_a7f20365->ex_06195928f2e4e176
rare1,53,101369,exact_group_recomputed,ex_329a8fbc->ex_f7467990ab145ae6
rare1,54,102022,exact_group_recomputed,ex_e908d2bf->ex_e7e8b29dec050392
rare1,55,101667,exact_group_recomputed,ex_cc7232d7->ex_d60df5a3fd4fc63a
rare1,56,101007,exact_group_recomputed,ex_6a2bf0f4->ex_3fcf690ac9fa9af9
rare1,57,104473,exact_group_recomputed,ex_c28ad584->ex_c2b3bfc8dec1c464
rare1,58,106005,exact_group_recomputed,ex_011996af->ex_494e41161f8164af
rare1,59,106067,exact_group_recomputed,ex_93ae6734->ex_fb13b78525f919fe
rare1,60,104980,exact_group_recomputed,ex_844e04a6->ex_a1150e138dcc1faa
rare1,61,104107,exact_group_recomputed,ex_6bb31c36->ex_412195f594885a94
rare1,62,105469,exact_group_recomputed,ex_9174ef1c->ex_e54a797082e94ac9
rare1,63,105082,exact_group_recomputed,ex_20f863bd->ex_f281cd55115223d9
rare1,64,102759,exact_group_recomputed,ex_72ae9b86->ex_04e4bf0067fdac48
rare1,65,100288,exact_group_recomputed,ex_75cb141d->ex_7f6a843055d9eea6
rare1,66,105311,exact_group_recomputed,ex_7608d502->ex_ef24dfe99f94170e
rare1,67,105686,exact_group_recomputed,ex_5c80f98d->ex_bb260c074f070dc5
rare1,68,105941,exact_group_recomputed,ex_a5861fac->ex_b361efdcdeee71e0
rare1,69,105758,exact_group_recomputed,ex_a6d24ab6->ex_95a2d4ad0d75abe5
rare1,70,103425,exact_group_recomputed,ex_547d628f->ex_7d1c9a03ac7a390a
rare1,71,104680,exact_group_recomputed,ex_0d9c416c->ex_1dfa2e0a3e00cb9e
rare1,72,106015,exact_group_recomputed,ex_80ee7615->ex_e3947b0a9cbc690d
rare1,73,105848,exact_group_recomputed,ex_f67f6249->ex_dc05e18e424e39f4
rare1,74,105137,exact_group_recomputed,ex_d0d0c8f5->ex_9eea23d7961c96db
rare1,75,102411,exact_group_recomputed,ex_e7deaff3->ex_68e0facb76ff4931
rare1,76,105482,exact_group_recomputed,ex_ef0a3dea->ex_cb2a97b891c05a96
rare1,77,104091,exact_group_recomputed,ex_fcf95e33->ex_4e59836b43106ef5
rare1,78,103030,exact_group_recomputed,ex_2ed052e5->ex_6e9ca20c369be081
rare1,79,105651,exact_group_recomputed,ex_09b5115c->ex_f2be19043dc222d0
rare1,80,101310,exact_group_recomputed,ex_e78b2a96->ex_3794b7326a4b5b95
rare1,81,101582,exact_group_recomputed,ex_38170dcc->ex_6002356417234be2
rare1,82,100546,exact_group_recomputed,ex_0bcd823e->ex_469fcd32ba414f9f
rare1,83,102306,exact_group_recomputed,ex_4bcac40f->ex_952d8257cef4fbfb
rare1,84,105685,exact_group_recomputed,ex_c8b5b733->ex_4fd347b7a1fc2ae5
rare1,85,102946,exact_group_recomputed,ex_5b1b4d62->ex_aae67019ea3c3c8d
rare1,86,102004,exact_group_recomputed,ex_17a4ae8c->ex_3af3f968cdac8496
rare1,87,104041,exact_group_recomputed,ex_5f96c5d4->ex_b7742b3b98fe3443
rare1,88,105158,exact_group_recomputed,ex_f327ea78->ex_88f889dcb4742beb
rare1,89,105810,exact_group_recomputed,ex_0d13e9d6->ex_df2c534b3ed0ede9
rare1,90,103905,exact_group_recomputed,ex_08b76001->ex_2ef7e25669dd2b75
rare1,91,105214,exact_group_recomputed,ex_0ed297ee->ex_7f328c4ceb670cee
rare1,92,105080,exact_group_recomputed,ex_32651f02->ex_d6d64e96f64425b7
rare1,93,104090,exact_group_recomputed,ex_ca9b534a->ex_092ead01428122ce
rare1,94,104599,exact_group_recomputed,ex_35671c58->ex_1814d693053bc2ea
rare1,95,101630,exact_group_recomputed,ex_786c5f77->ex_e25dc419c8c6dd93
rare1,96,105021,exact_group_recomputed,ex_ccb382e5->ex_34974f30672ea198
rare1,97,104649,exact_group_recomputed,ex_174629b0->ex_299132096b268945
rare1,98,100594,exact_group_recomputed,ex_81932a11->ex_4153f7b50dbb860c
rare1,99,104570,exact_group_recomputed,ex_76da9f39->ex_0fa8fad5ac12e871
rare1,100,104678,exact_group_recomputed,ex_24f1b7df->ex_b4a0fc2f2688083a
rare1,101,100856,exact_group_recomputed,ex_c215134f->ex_1fa736090d52b4b0
rare1,102,106146,exact_group_recomputed,ex_e918626a->ex_dea4a5c450e471ed
rare1,103,104122,exact_group_recomputed,ex_0810d994->ex_0c830513c523c5fa
rare1,104,103024,exact_group_recomputed,ex_ef928207->ex_f3f87c327c4255fa
rare1,105,101738,exact_group_recomputed,ex_3f15ee2a->ex_c36e98e2a8dd300d
rare1,106,101670,exact_group_recomputed,ex_60df554e->ex_53ec96fb01207611
rare1,107,104178,exact_group_recomputed,ex_e4c0b03d->ex_cc998939e1b0e682
rare1,108,103630,exact_group_recomputed,ex_c4825ea8->ex_5d6aad04bd6a7f7c
rare1,109,101645,exact_group_recomputed,ex_48471108->ex_8c8b224614f373c8
rare1,110,105283,exact_group_recomputed,ex_215336f7->ex_a42404fb3aad17fd
rare1,111,101644,exact_group_recomputed,ex_06b37ed5->ex_1658bfdcdcd2d704
rare1,112,100157,exact_group_recomputed,ex_aa4338d6->ex_78592ea256ced22f
rare1,113,102410,exact_group_recomputed,ex_ae03ea17->ex_610d46a83a3b7611
rare1,114,103079,exact_group_recomputed,ex_6f1d5b6a->ex_395773830a33d79e
rare1,115,105690,exact_group_recomputed,ex_d9699681->ex_72d54986ad56285a
rare1,116,104962,exact_group_recomputed,ex_a0f5ef7c->ex_907a9194188c5694
rare1,117,103763,exact_group_recomputed,ex_f90dc0f1->ex_3b18459d4f4db243
rare1,118,101428,exact_group_recomputed,ex_33d64daa->ex_6a8fc9057ed45869
rare1,119,100038,exact_group_recomputed,ex_39a6b9f2->ex_74fde2057187cd73
rare1,120,100618,exact_group_recomputed,ex_25232543->ex_3ba4559d79eeac52
rare1,121,102027,exact_group_recomputed,ex_47438a33->ex_82345b7e736d16b3
rare1,122,104959,exact_group_recomputed,ex_9c622423->ex_375cce57523a844d
rare1,123,104964,exact_group_recomputed,ex_69cf5c60->ex_1f811ca77e51cd41
rare1,124,104963,exact_group_recomputed,ex_d8c2c81b->ex_3214fc1d208cdaad
rare1,125,101231,exact_group_recomputed,ex_3fc6f6cd->ex_c462da5eb6933759
rare1,126,101455,exact_group_recomputed,ex_e1041d43->ex_5ee134e7534f14d9
rare1,127,102557,exact_group_recomputed,ex_7af380a3->ex_ef1ef40e99d3ca76
rare1,128,100257,exact_group_recomputed,ex_dd01aa0b->ex_7f5043cf28d0b76b
rare1,129,105945,exact_group_recomputed,ex_70aca325->ex_bc74c71dfa1a492c
rare1,130,100001,exact_group_recomputed,ex_db0a1bc8->ex_47dcfafa47b9659a
rare1,131,101042,exact_group_recomputed,ex_dc2042f4->ex_b3545c1dade34a4a
rare1,132,100458,exact_group_recomputed,ex_a5cfbd47->ex_e797c1a7c134b644
rare1,133,105379,exact_group_recomputed,ex_2f57f901->ex_3616235e3a6aa3f4
rare1,134,105433,exact_group_recomputed,ex_007ffde9->ex_afea12474f5c3661
rare1,135,100003,exact_group_recomputed,ex_c11f3387->ex_b87bd692217a9033
rare1,136,101254,exact_group_recomputed,ex_53b7a14a->ex_52c1da01c8601e91
rare1,137,105842,exact_group_recomputed,ex_fa17dc39->ex_9ee18f7870d1fd76
rare1,138,104802,exact_group_recomputed,ex_d76998f1->ex_a9faf81ef4c8217b
rare1,139,105947,exact_group_recomputed,ex_89a1ab02->ex_f2bb9530e4be8aa7
rare1,140,101037,exact_group_recomputed,ex_e090d741->ex_650cd759110200da
rare1,141,101255,exact_group_recomputed,ex_7e329ab4->ex_c6b60a6b10b4f48a
rare1,142,104777,exact_group_recomputed,ex_c70984b9->ex_8485dbb0ea6f8e9a
rare1,143,102002,exact_group_recomputed,ex_66c40568->ex_d3e8eaa782314f7f
rare1,144,101342,exact_group_recomputed,ex_a5e93563->ex_149feec88ffc184d
rare1,145,105731,exact_group_recomputed,ex_0b555e21->ex_982b6d1575fc21bf
rare1,146,102707,exact_group_recomputed,ex_8033b70f->ex_7fb4ef9514ac8347
rare1,147,105641,exact_group_recomputed,ex_3dbc6d0b->ex_f691bf4a4c26e2a5
rare1,148,104175,exact_group_recomputed,ex_8a211de6->ex_5397265bfaa5d830
rare1,149,105958,exact_group_recomputed,ex_52625ca0->ex_3cb7bef07a452a02
rare1,150,104259,exact_group_recomputed,ex_32e91bbf->ex_c88caf668dc3a710
rare1,151,105258,exact_group_recomputed,ex_2c6238ed->ex_37ee57d2d90901f3
rare1,152,105138,exact_group_recomputed,ex_fa1a956d->ex_c4786fe541db19af
rare1,153,105911,exact_group_recomputed,ex_a16892f0->ex_d377d0e04c0f6361
rare1,154,104474,exact_group_recomputed,ex_7ee124f4->ex_60cee2d767f2ec24
rare1,155,101541,exact_group_recomputed,ex_19f0370f->ex_5ee71c4bb9e0ada9
rare1,156,105742,exact_group_recomputed,ex_e3d1a06b->ex_04466e286d2b46aa
rare1,157,100718,exact_group_recomputed,ex_091d7e78->ex_112c2e23a649204f
rare1,158,104182,exact_group_recomputed,ex_65485985->ex_c7e4a186a030e2b5
rare1,159,100067,exact_group_recomputed,ex_679152e1->ex_d286a0f4b4a4b711
rare1,160,105950,exact_group_recomputed,ex_2db195d6->ex_90f97ad9f62942e4
rare1,161,101612,exact_group_recomputed,ex_18824036->ex_a92028c238af7bb5
rare1,162,104823,exact_group_recomputed,ex_eb8d6050->ex_5264b9c8ef5f3ce3
rare1,163,104329,exact_group_recomputed,ex_8f6fb2cb->ex_ca0dfb2619d1569f
rare1,164,103327,exact_group_recomputed,ex_be5e7f3a->ex_1b71f8cead7fadaf
rare1,165,101562,exact_group_recomputed,ex_2f674804->ex_9510ab419704408a
rare1,166,104658,exact_group_recomputed,ex_af2383e3->ex_058b446583bde78b
rare1,167,105593,exact_group_recomputed,ex_001e5928->ex_d298350ac7de1220
rare1,168,105634,exact_group_recomputed,ex_80762f83->ex_f7f414c6a2896821
rare1,169,105946,exact_group_recomputed,ex_86393f3f->ex_044e283696c5326a
rare1,170,105949,exact_group_recomputed,ex_bfcaf3ad->ex_f1bceb2fb671e155
rare1,171,105468,exact_group_recomputed,ex_84af2abf->ex_cd6fd1855a73e701
rare1,172,105948,exact_group_recomputed,ex_55a0f980->ex_e17271d3beedb023
rare1,173,105951,exact_group_recomputed,ex_f030d436->ex_15427a3dec7d1abc
rare1,174,105228,exact_group_recomputed,ex_6cc2db60->ex_11dec04da883b65c
rare1,175,102165,exact_group_recomputed,ex_f8bd259c->ex_08d1cc79123e8fb7
rare1,176,104923,exact_group_recomputed,ex_fff593f7->ex_cf3512fd7729f884
rare1,177,105055,exact_group_recomputed,ex_1d492c98->ex_344dff3e69be24be
rare1,178,105314,exact_group_recomputed,ex_8b66bd88->ex_da337b5b1d3a0608
rare1,179,104121,exact_group_recomputed,ex_75ed98ba->ex_270a5afd8405491b
rare1,180,105471,exact_group_recomputed,ex_b6ffc55c->ex_ee3b0c54713c6f79
rare1,181,105986,exact_group_recomputed,ex_d9f5cc4b->ex_d7a8534d44a48f10
rare1,182,100913,exact_group_recomputed,ex_09282f41->ex_ae1769cb9a5aae37
rare1,183,105762,exact_group_recomputed,ex_97beb5ab->ex_846426f58c1a2988
rare1,184,105447,exact_group_recomputed,ex_62918c9b->ex_1b8eaf86e5be5164
rare1,185,103123,exact_group_recomputed,ex_b8de82ae->ex_190e872cebaaa03c
rare1,186,105255,exact_group_recomputed,ex_41bb03fb->ex_d2f5b8a7359ad535
rare1,187,103705,exact_group_recomputed,ex_8a0d345f->ex_300c1ad12fae67d5
rare1,188,104545,exact_group_recomputed,ex_74fbfa5b->ex_95cb58214e555fa5
rare1,189,101739,exact_group_recomputed,ex_2bc70f28->ex_f904b4c00ecc3344
rare1,190,104572,exact_group_recomputed,ex_6b3e415a->ex_918ccc12c70df18f
rare1,191,104245,exact_group_recomputed,ex_2179c862->ex_bd68a742e9a4bedb
rare1,192,100207,exact_group_recomputed,ex_e428e6a7->ex_6778d44f70562c45
rare1,193,104825,exact_group_recomputed,ex_b01eb00b->ex_8fd61d8d3f5bffa7
rare1,194,101581,exact_group_recomputed,ex_6ca1048c->ex_33caa0f2c5c0db11
rare1,195,102031,exact_group_recomputed,ex_f38cd744->ex_18c6bc84dfebe32c
rare1,196,105730,exact_group_recomputed,ex_1eb04762->ex_a5afac3cd4e5580b
rare1,197,105322,exact_group_recomputed,ex_c720b441->ex_9c6b8dd894a0af37
rare1,198,105849,exact_group_recomputed,ex_f8539ec4->ex_4b4098ed32b6247c
rare1,199,105874,exact_group_recomputed,ex_2c9b8046->ex_95b88238ee52e773
rare1,200,103041,exact_group_recomputed,ex_ea889796->ex_b46bf1aa773517ad
rare1,201,104908,exact_group_recomputed,ex_6449744b->ex_a3ab88da5c166f63
rare1,202,100908,exact_group_recomputed,ex_9ff37e5a->ex_cf796e208a2fd296
rare1,203,100473,exact_group_recomputed,ex_d37d6bdd->ex_9a4ff33b420f76cb
rare1,204,104487,exact_group_recomputed,ex_1a56ef78->ex_7dd0bdfcdf3c3850
rare1,205,101039,exact_group_recomputed,ex_f2403291->ex_7202f090abb188f2
rare1,206,100917,exact_group_recomputed,ex_9eb7b55a->ex_8a9d5dea25a1a33d
rare1,207,104647,exact_group_recomputed,ex_4cecf3e1->ex_cbb9d290c2acd245
rare1,208,103424,exact_group_recomputed,ex_4a2d8660->ex_9e944cbd7c532283
rare1,209,100029,exact_group_recomputed,ex_341e5661->ex_3e15963ec4080934
rare1,210,105102,exact_group_recomputed,ex_319c08fe->ex_b14d7f228971d676
rare1,211,105635,exact_group_recomputed,ex_fdf34a33->ex_da3f077c2e2d30d9
rare1,212,105338,exact_group_recomputed,ex_e3a8098c->ex_3f9bfcbc58da24ba
rare1,213,105895,exact_group_recomputed,ex_03d68ea9->ex_e7692c3e3c07ac6a
rare1,214,105847,exact_group_recomputed,ex_fa8fe170->ex_16e00ffe61445e9a
rare1,215,103509,exact_group_recomputed,ex_4e6e7f29->ex_2a2bcc9eaf8e270f
rare1,216,100030,exact_group_recomputed,ex_078d2e25->ex_a6e8fa8a09f15d6f
rare1,217,104648,exact_group_recomputed,ex_f92b3d2c->ex_b63195d23ecc14f8
rare1,218,102789,exact_group_recomputed,ex_e6b2717a->ex_0629912dcb5c4e6c
rare1,219,104568,exact_group_recomputed,ex_fbc761e7->ex_8cc97876bb383f04
rare1,220,104087,exact_group_recomputed,ex_14f6ed7f->ex_656c8dcfe94292d0
rare1,221,104566,exact_group_recomputed,ex_55af346f->ex_26622dc7d2ab8a39
rare1,222,103322,exact_group_recomputed,ex_74256ed8->ex_ee9ae62476df6202
rare1,223,104488,exact_group_recomputed,ex_71e9d720->ex_da7b09229c8e00b4
rare1,224,100617,exact_group_recomputed,ex_5ae6f6a0->ex_b422518cdcca6e4d
rare1,225,105123,exact_group_recomputed,ex_378c31eb->ex_20b4e64323177366
rare1,226,101459,exact_group_recomputed,ex_d79c7361->ex_3706792d7f72ab8a
rare1,227,102959,exact_group_recomputed,ex_29667a8b->ex_34c88773fc14f84c
rare1,228,103631,exact_group_recomputed,ex_af37870f->ex_3cdf5d23c555e291
rare1,229,104486,exact_group_recomputed,ex_6d29efb2->ex_359ead5693d36b1b
rare1,230,106118,exact_group_recomputed,ex_2670ee57->ex_18b943762241f844
rare1,231,105295,exact_group_recomputed,ex_6bc3374d->ex_a344e72d5cef372a
rare1,232,105669,exact_group_recomputed,ex_fd3d343e->ex_ddf7aaca08e3e46d
rare1,233,105312,exact_group_recomputed,ex_16781328->ex_6a511749166ceb77
rare1,234,101757,exact_group_recomputed,ex_07fe16c6->ex_75b01348c8c0005d
rare1,235,100762,exact_group_recomputed,ex_5db8c5f3->ex_71c56a5f6480a2a4
rare1,236,103791,exact_group_recomputed,ex_d2e49a25->ex_d876b21b226f4e42
rare1,237,103813,exact_group_recomputed,ex_bbac8f9c->ex_ea7dd67d7ce5fefc
rare1,238,100697,exact_group_recomputed,ex_da2d600d->ex_2fbe9d5199c0c760
rare1,239,102721,exact_group_recomputed,ex_d3de60d8->ex_4652a4b05b38d061
rare1,240,104083,exact_group_recomputed,ex_e5d57830->ex_8b7c97f52b4578c3
rare1,241,105279,exact_group_recomputed,ex_9c68330b->ex_79969d9306c75dde
rare1,242,105834,exact_group_recomputed,ex_ae3c61b7->ex_2dcf54ac1ce837e5
rare1,243,106055,exact_group_recomputed,ex_12c54b8e->ex_02f7f7beb49bf74b
rare1,244,105973,exact_group_recomputed,ex_f993e546->ex_6e5c0eab974288d6
rare1,245,102023,exact_group_recomputed,ex_33eac042->ex_ccefe3681df243f1
rare1,246,104109,exact_group_recomputed,ex_21cc7751->ex_c6b43c37f27b753f
rare1,247,103962,exact_group_recomputed,ex_eb0be9ca->ex_e973886770eed1bd
rare1,248,100457,exact_group_recomputed,ex_3005cc7b->ex_9886c912aec6b544
rare1,249,103961,exact_group_recomputed,ex_0b259e53->ex_e90f5dfcb89d8326
rare1,250,105387,exact_group_recomputed,ex_dc3c137b->ex_027fe3064ad964dd
rare1,251,105757,exact_group_recomputed,ex_d95c49bd->ex_74886de6cb5119cf
rare1,252,103293,exact_group_recomputed,ex_fcaf2400->ex_70be8c46e8f21dd6
rare1,253,102932,exact_group_recomputed,ex_daddc268->ex_d83fc1941b60b710
rare1,254,105579,exact_group_recomputed,ex_66b23533->ex_79d037b2eb8f0abb
rare1,255,105081,exact_group_recomputed,ex_96a704ad->ex_6bccf9993eaefc96
rare1,256,101716,exact_group_recomputed,ex_25e36a9f->ex_cd30a43157b1f0fa
rare1,257,102788,exact_group_recomputed,ex_440dc407->ex_e1e67e87f940e597
rare1,258,103963,exact_group_recomputed,ex_ca42939d->ex_51bd837f11485e75
rare1,259,101920,exact_group_recomputed,ex_7b626aa9->ex_f536c691c1a4d813
rare1,260,105386,exact_group_recomputed,ex_668f012c->ex_23d8953196d95351
rare1,261,105693,exact_group_recomputed,ex_7bfac711->ex_e8a805f583fbc2b1
rare1,262,101580,exact_group_recomputed,ex_8e168ed5->ex_13b7544854f169f4
rare1,263,105625,exact_group_recomputed,ex_aeb2ace2->ex_0f50230f7ad64afe
rare1,264,101551,exact_group_recomputed,ex_caacf822->ex_2dd92f8f89b23ed8
rare1,265,102281,exact_group_recomputed,ex_f37978b1->ex_42164e30013fa8e7
rare1,266,106145,exact_group_recomputed,ex_0a2c1e8c->ex_0742ddad9819b2b3
rare1,267,105461,exact_group_recomputed,ex_1c636366->ex_12fdde618a78eaa3
rare1,268,103965,exact_group_recomputed,ex_e6ba0e03->ex_49a33ea5c01c216a
rare1,269,105020,exact_group_recomputed,ex_f8cf6d39->ex_8b0d490e1bccc1ea
rare1,270,101093,exact_group_recomputed,ex_8a8ecc4a->ex_6cc72c1e26007e56
rare1,271,100940,exact_group_recomputed,ex_c257cf1d->ex_b993f4f94d7726e2
rare1,272,101675,exact_group_recomputed,ex_07baf13a->ex_0509725a1cfa640c
rare1,273,103632,exact_group_recomputed,ex_266046d8->ex_097288c7c99a8077
rare1,274,100942,exact_group_recomputed,ex_5e8c8386->ex_6cece745b373f8aa
rare1,275,102025,exact_group_recomputed,ex_752e5a3f->ex_74aab405dc02f534
rare1,276,104485,exact_group_recomputed,ex_31a6c772->ex_540b4a3ff40318ca
rare1,277,106147,exact_group_recomputed,ex_04f1d49f->ex_7236857a0d374d8b
rare1,278,102028,exact_group_recomputed,ex_6cbc4134->ex_d1ff73924067defa
rare1,279,104483,exact_group_recomputed,ex_4ee67928->ex_fc15ab7d9b481608
rare1,280,103454,exact_group_recomputed,ex_b27fb4ed->ex_b93a13d8a22165e5
rare1,281,105691,exact_group_recomputed,ex_3df22bcb->ex_f532ea8350dfd28f
rare1,282,103906,exact_group_recomputed,ex_a4524edc->ex_d20fdf7686862526
rare1,283,105924,exact_group_recomputed,ex_e19db4b3->ex_c138e36f64b42a21
rare1,284,100941,exact_group_recomputed,ex_7d069756->ex_c9992c3c524935e1
rare1,285,106021,exact_group_recomputed,ex_0863c37a->ex_b18a3132272d2e58
rare1,286,106053,exact_group_recomputed,ex_62520e07->ex_28c23812e7863aaa
rare1,287,105777,exact_group_recomputed,ex_56314839->ex_4c6b3e5af5018fe0
rare1,288,101184,exact_group_recomputed,ex_fd30662f->ex_aac9a51f443f4b6b
rare1,289,104936,exact_group_recomputed,ex_73f2dc04->ex_9f717afd0c6fb074
rare1,290,105820,exact_group_recomputed,ex_19a0c7a2->ex_2d97ce26a029aed3
rare1,291,104771,exact_group_recomputed,ex_a7b00c41->ex_6b14753caab81a8a
rare1,292,105347,exact_group_recomputed,ex_2ccafed0->ex_b7212dbf02752e15
rare1,293,102966,exact_group_recomputed,ex_ae16f428->ex_2b739bb3ddd25d3f
rare1,294,103959,exact_group_recomputed,ex_e9994886->ex_4e33b6f06edcec82
rare1,295,105553,exact_group_recomputed,ex_5b929859->ex_ec5176f1023195b5
rare1,296,104585,exact_group_recomputed,ex_63ed9dae->ex_74b38ee188e2d30c
rare1,297,102930,exact_group_recomputed,ex_cab563bc->ex_5d1165688f6f993c
rare1,298,106116,exact_group_recomputed,ex_56715939->ex_57a74b7418a924d5
rare1,299,105987,exact_group_recomputed,ex_8b2808fc->ex_1c6a7947b28c149a
rare1,300,103112,exact_group_recomputed,ex_035813af->ex_757974526e8fc6a4
rare2,1,105247,exact_group_recomputed,ex_310c6599->ex_19760f5039158fa3
rare2,2,105345,exact_group_recomputed,ex_57235e61->ex_2c04195ef6458ad3
rare2,3,103952,exact_group_recomputed,ex_622ab347->ex_9faf19e100701d5c
rare2,4,103950,exact_group_recomputed,ex_0b25eb08->ex_97553a502f0dd059
rare2,5,102282,exact_group_recomputed,ex_232bb4d0->ex_5558a730f11d3174
rare2,6,104567,exact_group_recomputed,ex_bd5a9a87->ex_b5360139716b9afb
rare2,7,100149,exact_group_recomputed,ex_c360b896->ex_a3c19a41376e7959
rare2,8,101579,exact_group_recomputed,ex_b5bc26dc->ex_c004e9cd587ed678
rare2,9,101439,exact_group_recomputed,ex_13d76324->ex_5d59aa53e6015394
rare2,10,105722,exact_group_recomputed,ex_8be6a2c6->ex_0ab295a30a98074b
rare2,11,104894,exact_group_recomputed,ex_93d695f2->ex_dc1eee71a2797d4e
rare2,12,104369,exact_group_recomputed,ex_ebd6f985->ex_c047e7e090f7d685
rare2,13,105147,exact_group_recomputed,ex_22c7f610->ex_8ce38e932a320a94
rare2,14,105689,exact_group_recomputed,ex_96fd62b6->ex_7177ff6e56e1fccf
rare2,15,103478,exact_group_recomputed,ex_fcf8dde7->ex_beeaf7ad43526a04
rare2,16,102047,exact_group_recomputed,ex_dd5b6572->ex_928fa24692f4aafe
rare2,17,102920,exact_group_recomputed,ex_ec07d741->ex_56ed47f18d5d0ce6
rare2,18,105818,exact_group_recomputed,ex_93288500->ex_4530a11ab8ef6cdc
rare2,19,103529,exact_group_recomputed,ex_f3d8b6c7->ex_4f7852d1144c6523
rare2,20,104699,exact_group_recomputed,ex_89b30534->ex_d128f750714b3392
rare2,21,102026,exact_group_recomputed,ex_eeda72c1->ex_e97b338573e17730
rare2,22,101138,exact_group_recomputed,ex_79834831->ex_127d5c2173ad832f
rare2,23,105344,exact_group_recomputed,ex_e12f6ad1->ex_2aabbe63d5003a7f
rare2,24,102143,exact_group_recomputed,ex_6b2b430c->ex_7ff7417968f544aa
rare2,25,105253,exact_group_recomputed,ex_b02b9dec->ex_c7aa61bf0b11b2e4
rare2,26,102915,exact_group_recomputed,ex_66eb5b17->ex_7e453996afad174b
rare2,27,104977,exact_group_recomputed,ex_9b8a16e4->ex_639db37299944f03
rare2,28,103527,exact_group_recomputed,ex_1441418c->ex_a632fbcb2e912427
rare2,29,102911,exact_group_recomputed,ex_369eb0f1->ex_b829e15bd6cc7b97
rare2,30,102357,exact_group_recomputed,ex_ef0dcd39->ex_1ed35bcb2e9199b3
rare2,31,103696,exact_group_recomputed,ex_10d57d26->ex_526139fb6113434a
rare2,32,105027,exact_group_recomputed,ex_b798864f->ex_d98d3ef444236a19
rare2,33,101688,exact_group_recomputed,ex_73baff19->ex_dd9886c0e7d32f5b
rare2,34,104108,exact_group_recomputed,ex_1897e715->ex_4a13c7d62fecbb56
rare2,35,102045,exact_group_recomputed,ex_d9d623fa->ex_4f341f9ea911ed86
rare2,36,105747,exact_group_recomputed,ex_43dc9efc->ex_6fca495216a2d20a
rare2,37,103469,exact_group_recomputed,ex_d1dce1f2->ex_deccdabeeb000dd2
rare2,38,102378,exact_group_recomputed,ex_34b13cba->ex_0ea685b9f00846f7
rare2,39,101929,exact_group_recomputed,ex_76ad591c->ex_791cb2199a3b97d3
rare2,40,105741,exact_group_recomputed,ex_5a051619->ex_e3c2f17827744a6e
rare2,41,105058,exact_group_recomputed,ex_54daf617->ex_484a5e552cf88204
rare2,42,104127,exact_group_recomputed,ex_02a1bf3d->ex_df418e10466c7547
rare2,43,103945,exact_group_recomputed,ex_866d93c9->ex_34d81114c8e0112d
rare2,44,103165,exact_group_recomputed,ex_083b0fd4->ex_95abca5a2a69f3e5
rare2,45,102657,exact_group_recomputed,ex_d66f6a5c->ex_a3dcb2f884e84a16
rare2,46,100536,exact_group_recomputed,ex_65e81b20->ex_3862a05d737b62a5
rare2,47,103736,exact_group_recomputed,ex_50837334->ex_638a31fff3a8a869
rare2,48,105841,exact_group_recomputed,ex_2ba1c962->ex_ff82794cb5b730b2
rare2,49,105910,exact_group_recomputed,ex_712eaf9e->ex_67b534280a953634
rare2,50,105840,exact_group_recomputed,ex_ba872b24->ex_0c15d9321c57d772
rare2,51,101122,exact_group_recomputed,ex_a23271b6->ex_d3c86e3571a74e2f
rare2,52,101416,exact_group_recomputed,ex_77f4b022->ex_dc19ec292b49cd57
rare2,53,100534,exact_group_recomputed,ex_f001211b->ex_de77b65b1427dfcf
rare2,54,100064,exact_group_recomputed,ex_a5f10fe0->ex_84f34056085b02ed
rare2,55,100537,exact_group_recomputed,ex_cda9083d->ex_3f035318e5f821f4
rare2,56,105430,exact_group_recomputed,ex_638f0e20->ex_ba84d9b55dee58c9
rare2,57,103213,exact_group_recomputed,ex_7f7df261->ex_4715af94ba383708
rare2,58,103019,exact_group_recomputed,ex_2af5b6dc->ex_4b62b6e3bdc4178c
rare2,59,106120,exact_group_recomputed,ex_ce060b65->ex_1065f21284c3f67c
rare2,60,100998,exact_group_recomputed,ex_82b70093->ex_4960028d1243c808
rare2,61,104957,exact_group_recomputed,ex_a13d044e->ex_33646d84f197ad9a
rare2,62,103687,exact_group_recomputed,ex_209dbad5->ex_82d1592077b1c75b
rare2,63,103277,exact_group_recomputed,ex_a4ce21fb->ex_445c9adea14ad7d9
rare2,64,104143,exact_group_recomputed,ex_c3ee69a5->ex_918bbf46628047ce
rare2,65,105226,exact_group_recomputed,ex_c2088eb3->ex_9dd64bf3d1cd0e55
rare2,66,100535,exact_group_recomputed,ex_ebe6f962->ex_ca4b71f20961a2b6
rare2,67,101381,exact_group_recomputed,ex_32bd7eb4->ex_1e6da27fb4be80bc
rare2,68,101730,exact_group_recomputed,ex_11770feb->ex_12d062828676be02
rare2,69,102257,exact_group_recomputed,ex_23b8ff7e->ex_86323b77a71811b6
rare2,70,105478,exact_group_recomputed,ex_db9b96dd->ex_c0148a2ca0175e47
rare2,71,101172,exact_group_recomputed,ex_a93b6f00->ex_f29f3f556878a575
rare2,72,104037,exact_group_recomputed,ex_38dcca1d->ex_df20c0e7ce92fd3c
rare2,73,101879,exact_group_recomputed,ex_cd04baeb->ex_9860182e7b1d9fbc
rare2,74,100989,exact_group_recomputed,ex_6db13c49->ex_01b28a82ea80f6eb
rare2,75,104177,exact_group_recomputed,ex_65fe3d64->ex_3593a11e8e624a9e
rare2,76,100130,exact_group_recomputed,ex_5a7c5817->ex_869d3bea6f37c35f
rare2,77,101881,exact_group_recomputed,ex_125da126->ex_efba75154e6ebc07
rare2,78,104197,exact_group_recomputed,ex_aef7f30b->ex_46c85800c6c091b1
rare2,79,105620,exact_group_recomputed,ex_ad12d814->ex_3150b44fcd8de1f7
rare2,80,104129,exact_group_recomputed,ex_b3077f75->ex_8ea25d62f93c9dab
rare2,81,103557,exact_group_recomputed,ex_fb702a57->ex_d2601727f741b329
rare2,82,105293,exact_group_recomputed,ex_cfb9465a->ex_64ccb8d55f090144
rare2,83,100200,exact_group_recomputed,ex_de2e7218->ex_0de0b76cd6dffccf
rare2,84,102235,exact_group_recomputed,ex_f8b61961->ex_42439d9d793e8d0a
rare2,85,105912,exact_group_recomputed,ex_cddf9d18->ex_0b3282c7c5eb87c7
rare2,86,102238,exact_group_recomputed,ex_d9fb2f35->ex_b9212fcb3baf4571
rare2,87,104459,exact_group_recomputed,ex_fe0a3b8b->ex_21090ffff3d4935b
rare2,88,103867,exact_group_recomputed,ex_9ed5b578->ex_3e0e48755afbd771
rare2,89,104627,exact_group_recomputed,ex_147e5039->ex_71fe9d40992d9b68
rare2,90,105448,exact_group_recomputed,ex_a586e239->ex_4bc24086ef3a4a1e
rare2,91,101811,exact_group_recomputed,ex_4db769e3->ex_b8d5bff58b645244
rare2,92,105336,exact_group_recomputed,ex_9b924463->ex_08c81723bda45b0b
rare2,93,103135,exact_group_recomputed,ex_cb548e18->ex_dddd68edd2c213d3
rare2,94,104372,exact_group_recomputed,ex_312c2b78->ex_0a958ba4c4bbc073
rare2,95,100002,exact_group_recomputed,ex_2301a48b->ex_7523ee27c4461bb5
rare2,96,105133,exact_group_recomputed,ex_4982ca80->ex_c1e5187a04487ada
rare2,97,104937,exact_group_recomputed,ex_97e60a5d->ex_6f78ee5f07a66eb5
rare2,98,105446,exact_group_recomputed,ex_aed53cfa->ex_b57562d29b6c62a0
rare2,99,102349,exact_group_recomputed,ex_367eeb0b->ex_34776cd9c4efd97c
rare2,100,104494,exact_group_recomputed,ex_c8285587->ex_c2a1dd09784d0d57
rare2,101,105294,exact_group_recomputed,ex_5ff537f5->ex_127c9dee722eb600
rare2,102,102234,exact_group_recomputed,ex_eee017ea->ex_f4ead2eac76c034e
rare2,103,103583,exact_group_recomputed,ex_c813a9e7->ex_15c3dfb21bb14bff
rare2,104,105900,exact_group_recomputed,ex_8423ead4->ex_599a243157d97a0d
rare2,105,101635,exact_group_recomputed,ex_bb70492a->ex_43a4c9731fe93d4c
rare2,106,106032,exact_group_recomputed,ex_6c4f31c6->ex_73c73a4db7d53b38
rare2,107,103040,exact_group_recomputed,ex_5ad29197->ex_41d64eded12b9347
rare2,108,104620,exact_group_recomputed,ex_405ec58f->ex_235848fd4110d4ba
rare2,109,103015,exact_group_recomputed,ex_5ddb8390->ex_07e66dcfa6fd7621
rare2,110,104754,exact_group_recomputed,ex_f31ce3fd->ex_bd85b985e01add98
rare2,111,105914,exact_group_recomputed,ex_5813bfc7->ex_9931725b3256c4cc
rare2,112,104682,exact_group_recomputed,ex_4bc1e106->ex_4b9688b70c22ec39
rare2,113,103566,exact_group_recomputed,ex_001e52df->ex_119d70ca990a6298
rare2,114,102039,exact_group_recomputed,ex_3f07c00e->ex_fece03159c7e85eb
rare2,115,101040,exact_group_recomputed,ex_d2d45fab->ex_84660ee2435ef83a
rare2,116,103637,exact_group_recomputed,ex_1995d7ab->ex_992510466316ae3f
rare2,117,104139,exact_group_recomputed,ex_b1d91151->ex_50c3ba5c3f8092a8
rare2,118,105726,exact_group_recomputed,ex_95b421d3->ex_0210decee772f247
rare2,119,103193,exact_group_recomputed,ex_44c26db8->ex_14daf06ccc2bd068
rare2,120,105599,exact_group_recomputed,ex_64421fd7->ex_e5863ef5917cf13e
rare2,121,104081,exact_group_recomputed,ex_4edb655c->ex_6f35a0c090a996dd
rare2,122,100992,exact_group_recomputed,ex_d4ca2dd2->ex_df4383b54ce54b87
rare2,123,104145,exact_group_recomputed,ex_7af1a7d1->ex_12b3f3d283d05adc
rare2,124,100062,exact_group_recomputed,ex_311834d3->ex_298ab2cf6b800509
rare2,125,101038,exact_group_recomputed,ex_c4f2287c->ex_6dfa9b65a31302d3
rare2,126,104753,exact_group_recomputed,ex_ca66f79c->ex_96d499dff2311a3d
rare2,127,101094,exact_group_recomputed,ex_1ae8ad77->ex_760f1273caa1c244
rare2,128,104574,exact_group_recomputed,ex_1108bc79->ex_68e7a439a03973ba
rare2,129,100426,exact_group_recomputed,ex_794edebb->ex_389a02fbb2cac39e
rare2,130,104174,exact_group_recomputed,ex_f949f7b5->ex_7a2f4ca9e88a402d
rare2,131,103201,exact_group_recomputed,ex_09d5159d->ex_9c9556bdf0752ddf
rare2,132,104575,exact_group_recomputed,ex_3e44b2d7->ex_facde00369864c59
rare2,133,102036,exact_group_recomputed,ex_62b04dea->ex_aced242d4183ef86
rare2,134,106117,exact_group_recomputed,ex_cf6d6096->ex_f87fb955aefbba66
rare2,135,101613,exact_group_recomputed,ex_a5857a52->ex_14e195a7bfbff276
rare2,136,104914,exact_group_recomputed,ex_c55cae2f->ex_86cef9924146fd67
rare2,137,100136,exact_group_recomputed,ex_65daa00f->ex_9da082b7a8b7680c
rare2,138,101620,exact_group_recomputed,ex_23589eea->ex_80739b274e652229
rare2,139,106099,exact_group_recomputed,ex_77e30eba->ex_1fdd322a81aa3ea2
rare2,140,104472,exact_group_recomputed,ex_df2b71da->ex_9acf38fa92b6dca3
rare2,141,100874,exact_group_recomputed,ex_3d1186d8->ex_4e977b56ae512fe5
rare2,142,103957,exact_group_recomputed,ex_5e4736b3->ex_20c467e084e75f57
rare2,143,105331,exact_group_recomputed,ex_1fa10516->ex_18c7558b417ceea6
rare2,144,102130,exact_group_recomputed,ex_a0d87130->ex_51649187c262111b
rare2,145,100853,exact_group_recomputed,ex_9407e875->ex_17ce205bfd6c4d3f
rare2,146,100101,exact_group_recomputed,ex_5342f56f->ex_7bdf1ca91c010373
rare2,147,106096,exact_group_recomputed,ex_d6e1e4d1->ex_fd93a8254edcb1c1
rare2,148,100910,exact_group_recomputed,ex_97ddf10c->ex_718015d072145cbe
rare2,149,104258,exact_group_recomputed,ex_a9e9d653->ex_785a63bd3e9b9f03
rare2,150,101633,exact_group_recomputed,ex_881d4304->ex_3c5d7aabc46f4628
rare2,151,101457,exact_group_recomputed,ex_1c9a6e44->ex_fe7a716bc41a3d59
rare2,152,104084,exact_group_recomputed,ex_c5b49258->ex_60a489338774b9cb
rare2,153,104492,exact_group_recomputed,ex_f06a8351->ex_3574554b573850df
rare2,154,105837,exact_group_recomputed,ex_8ab6dcb3->ex_ff3514b478a36dca
rare2,155,103196,exact_group_recomputed,ex_e1e62b26->ex_f1c64f6de97d7d92
rare2,156,104904,exact_group_recomputed,ex_75ab68ee->ex_1f567fb2bb2035cf
rare2,157,105883,exact_group_recomputed,ex_52334df1->ex_d061b4e31ddd8066
rare2,158,105619,exact_group_recomputed,ex_c84f1659->ex_8fafe5874797d432
rare2,159,102123,exact_group_recomputed,ex_9144d870->ex_d8b0fe69fc83601e
rare2,160,104096,exact_group_recomputed,ex_8fcdc6c8->ex_488d4d4e7e692d9d
rare2,161,100700,exact_group_recomputed,ex_ecb89e3a->ex_ae3e2c1dfaf808f3
rare2,162,105980,exact_group_recomputed,ex_650e2d02->ex_e6c503092ebac2e3
rare2,163,105877,exact_group_recomputed,ex_36f744d1->ex_17981887d9e5cfce
rare2,164,101557,exact_group_recomputed,ex_6a74a0ae->ex_bad5544bfddc1690
rare2,165,102814,exact_group_recomputed,ex_f7cf538e->ex_8024d3b5c86398e6
rare2,166,101944,exact_group_recomputed,ex_5555ffcb->ex_f5673bbf19443267
rare2,167,106000,exact_group_recomputed,ex_719cdc03->ex_dd37e32c3a33c106
rare2,168,104493,exact_group_recomputed,ex_ab53c007->ex_2a389058a828a02c
rare2,169,105546,exact_group_recomputed,ex_61c52e62->ex_9d2c8d94f92f4ef2
rare2,170,104100,exact_group_recomputed,ex_eeb08627->ex_fb421f9cbd0fb433
rare2,171,104826,exact_group_recomputed,ex_9eeb07ec->ex_da1c6ba9776e773f
rare2,172,103389,exact_group_recomputed,ex_23aaa42c->ex_2c90e96586948f9c
rare2,173,104590,exact_group_recomputed,ex_90af741d->ex_efe9a3822952c427
rare2,174,105384,exact_group_recomputed,ex_49e94183->ex_09b6b6f68a988559
rare2,175,105563,exact_group_recomputed,ex_7b5dc761->ex_e50480e84b40e3db
rare2,176,104907,exact_group_recomputed,ex_bb4bbeec->ex_ae06ac4523bdbbbf
rare2,177,105343,exact_group_recomputed,ex_28efa3b3->ex_f77f015fa3cb14e8
rare2,178,103195,exact_group_recomputed,ex_ed6d79ef->ex_a71b2913f2a2d484
rare2,179,100131,exact_group_recomputed,ex_5368509d->ex_a569a3f392f64155
rare2,180,100199,exact_group_recomputed,ex_7686e860->ex_b1375bedb9088723
rare2,181,103859,exact_group_recomputed,ex_5113d111->ex_148e0d7fd8178ae9
rare2,182,104240,exact_group_recomputed,ex_3fe70f56->ex_737263e53e8decc7
rare2,183,104405,exact_group_recomputed,ex_28b51a3c->ex_f5d35765c66a66f1
rare2,184,105342,exact_group_recomputed,ex_970ad2d5->ex_8d67c2ec677b3dc8
rare2,185,106114,exact_group_recomputed,ex_651382ce->ex_e339b5ee72dba30d
rare2,186,104381,exact_group_recomputed,ex_69223db4->ex_55cdf470aa8e8171
rare2,187,103233,exact_group_recomputed,ex_96a09e47->ex_fe64333e80bb51a2
rare2,188,105334,exact_group_recomputed,ex_4aad477a->ex_bd40525ca7948af2
rare2,189,103860,exact_group_recomputed,ex_b6424ec6->ex_7af523f673128c6f
rare2,190,105907,exact_group_recomputed,ex_a0799096->ex_ca70dbe9f0d792f4
rare2,191,101629,exact_group_recomputed,ex_b2d403a1->ex_69416b163f1d1288
rare2,192,104636,exact_group_recomputed,ex_dd1c1377->ex_5ba6948c165b35ed
rare2,193,101432,exact_group_recomputed,ex_aa5cd66a->ex_687d5f796b3bf72d
rare2,194,104082,exact_group_recomputed,ex_e6fada42->ex_68bbc989b1aca1f3
rare2,195,104251,exact_group_recomputed,ex_3e679067->ex_a4308f8d7149e8c5
rare2,196,103360,exact_group_recomputed,ex_c8b0d4e1->ex_418ad581f0de67e2
rare2,197,101631,exact_group_recomputed,ex_b932fa41->ex_46ba6abf579a57d7
rare2,198,105332,exact_group_recomputed,ex_88a8aef6->ex_441055617bb237b1
rare2,199,104247,exact_group_recomputed,ex_77a24fb9->ex_1cdfbfcb50851b6b
rare2,200,104910,exact_group_recomputed,ex_26759561->ex_001becc6f6881d4e
rare2,201,104241,exact_group_recomputed,ex_3373e05b->ex_066bbfcb05a63cc0
rare2,202,104086,exact_group_recomputed,ex_e7324148->ex_7385501faa55c0fa
rare2,203,103806,exact_group_recomputed,ex_65cb8c3e->ex_2c4b2f75fa3b2c89
rare2,204,102603,exact_group_recomputed,ex_7ff46642->ex_750ae8e252fdc1ea
rare2,205,104909,exact_group_recomputed,ex_3c140011->ex_c4a86add94442775
rare2,206,100099,exact_group_recomputed,ex_3e60dc8a->ex_a7865e56c1f66103
rare2,207,101041,exact_group_recomputed,ex_288c6cc0->ex_e73380c6048e3f81
rare2,208,104981,exact_group_recomputed,ex_99a6a9b6->ex_6503089540b59279
rare2,209,105836,exact_group_recomputed,ex_bcb7bef8->ex_6099ff5be651f96f
rare2,210,105328,exact_group_recomputed,ex_450ec4ff->ex_6ad7f69d73c25d6c
rare2,211,105329,exact_group_recomputed,ex_79895244->ex_9193edb28617af74
rare2,212,105538,exact_group_recomputed,ex_3506d281->ex_a3c9cf8bc8ffc20f
rare2,213,103194,exact_group_recomputed,ex_5b047f50->ex_deb723d1e1f2db9b
rare2,214,104246,exact_group_recomputed,ex_c151ccdc->ex_c12f3788b6da09f6
rare2,215,100400,exact_group_recomputed,ex_b344b90f->ex_661a396e516580b7
rare2,216,103528,exact_group_recomputed,ex_814df6ec->ex_11921ea0d72df54c
rare2,217,105618,exact_group_recomputed,ex_c9666964->ex_72d7b1cbb31069bb
rare2,218,104573,exact_group_recomputed,ex_bcac345e->ex_bdb86bd28062c2c9
rare2,219,105826,exact_group_recomputed,ex_c12dc1d0->ex_c857bcaf6529a6bc
rare2,220,104571,exact_group_recomputed,ex_b2cddaa7->ex_471eb6035bfd4cfc
rare2,221,105578,exact_group_recomputed,ex_9a81ca0e->ex_76e9666126dd35ad
rare2,222,101417,exact_group_recomputed,ex_50d653c4->ex_7d0b2590ef652808
rare2,223,100873,exact_group_recomputed,ex_f6754bb6->ex_86c2884bffcab469
rare2,224,105417,exact_group_recomputed,ex_f91732a5->ex_28adf0bdf2698ffa
rare2,225,103388,exact_group_recomputed,ex_a11ef184->ex_761f2f4d889bb02a
rare2,226,104371,exact_group_recomputed,ex_55c2d451->ex_1e9eb4642f6bdbc7
rare2,227,105972,exact_group_recomputed,ex_012f5e8b->ex_e22a8ca74321641a
rare2,228,103299,exact_group_recomputed,ex_0e816808->ex_5179cc5100a06ae5
rare2,229,100098,exact_group_recomputed,ex_464cd945->ex_4cafee332ce6dafc
rare2,230,105088,exact_group_recomputed,ex_94394555->ex_0ce2a54924b7c70a
rare2,231,105421,exact_group_recomputed,ex_06f23be3->ex_625ab60ef13a4229
rare2,232,103053,exact_group_recomputed,ex_a85e85a2->ex_d5abf1a41a96c876
rare2,232,103053,duplicate_relation_removed,"('ACTION_ADDRESSES_ISSUE', 6, 0)"
rare2,233,103384,exact_group_recomputed,ex_1f46b57c->ex_61c8b1a07446245f
rare2,234,105106,exact_group_recomputed,ex_745c534d->ex_09ac3ba2fc2816b3
rare2,235,102821,exact_group_recomputed,ex_51316b0c->ex_26442fea0ed2ca9e
rare2,236,103072,exact_group_recomputed,ex_6d60efc1->ex_10ecde3642471e91
rare2,237,102800,exact_group_recomputed,ex_56d9b86d->ex_16f54cdb70369c61
rare2,238,102545,exact_group_recomputed,ex_b5cdd3b7->ex_d660d860cd9a1a07
rare2,239,100916,exact_group_recomputed,ex_2200b170->ex_3fe7a1d2610f00ea
rare2,240,103325,exact_group_recomputed,ex_98dbf2db->ex_fd0c4bf4ad5d886b
rare2,241,101071,exact_group_recomputed,ex_610a1908->ex_21576d950f51aeca
rare2,242,105763,exact_group_recomputed,ex_290b7d95->ex_58f0ed8e62034785
rare2,243,100206,exact_group_recomputed,ex_c4b5aaf8->ex_33bba905376177d1
rare2,244,103531,exact_group_recomputed,ex_e4a82c45->ex_56a64b3b1b894448
rare2,245,105749,exact_group_recomputed,ex_da6c2914->ex_88e10f45fa12e2f6
rare2,246,103805,exact_group_recomputed,ex_00e5eb2c->ex_b45531c429911c47
rare2,247,105739,exact_group_recomputed,ex_271d56f7->ex_3d19171aca20c179
rare2,248,100065,exact_group_recomputed,ex_f9012838->ex_9c17adc7a6f1813d
rare2,249,101634,exact_group_recomputed,ex_ac4ecefc->ex_ab3d3867b2725c58
rare2,250,101046,exact_group_recomputed,ex_214719d1->ex_e228fe38f74ab269
rare2,251,105464,exact_group_recomputed,ex_e2bed45b->ex_9bb364c986831f57
rare2,252,104085,exact_group_recomputed,ex_028eca7b->ex_55484fff33f4e464
rare2,253,105252,exact_group_recomputed,ex_13f82e1a->ex_481b73b9e26b2e8e
rare2,254,104768,exact_group_recomputed,ex_c46eac58->ex_0ec035b358fd3d58
rare2,255,103942,exact_group_recomputed,ex_7b1fdd22->ex_167ae596cb7443dd
rare2,256,101327,exact_group_recomputed,ex_abf6dae0->ex_df81eb6dbc4691bd
rare2,257,104652,exact_group_recomputed,ex_c7b0abdd->ex_168d074855f410b7
rare2,258,102507,exact_group_recomputed,ex_7c8b7244->ex_139d9cf9988b673b
rare2,259,102931,exact_group_recomputed,ex_65684fd3->ex_a4c51e6955991866
rare2,260,101676,exact_group_recomputed,ex_54132f37->ex_fffed6ed8a479858
rare2,261,105335,exact_group_recomputed,ex_f6a70b28->ex_3e96b8e83375e4ef
rare2,262,104829,exact_group_recomputed,ex_f448a716->ex_c859acad5d5a3aa8
rare2,263,102167,exact_group_recomputed,ex_e14e9a27->ex_e3f5e3899800e871
rare2,264,104622,exact_group_recomputed,ex_50482c89->ex_5c920f949c9bf20a
rare2,265,102144,exact_group_recomputed,ex_d2f93fa6->ex_5bcd87c1f01c2cba
rare2,266,105346,exact_group_recomputed,ex_454e8920->ex_3fbcf5566911cb7e
rare2,267,105971,exact_group_recomputed,ex_096ea5d4->ex_7a45745bcdfb70b3
rare2,268,105930,exact_group_recomputed,ex_ff901704->ex_2417ad59b60418a2
rare2,269,105671,exact_group_recomputed,ex_1d31f216->ex_90a141e67c21febf
rare2,270,100151,exact_group_recomputed,ex_53e93a74->ex_5c910291bb18a363
rare2,271,104185,exact_group_recomputed,ex_ccfbd648->ex_a7700753c427fa7a
rare2,272,105110,exact_group_recomputed,ex_fcf174e7->ex_d3f98b517c7b00ad
rare2,273,102967,exact_group_recomputed,ex_409ccae5->ex_4b8a9441a25991e7
rare2,274,105221,exact_group_recomputed,ex_b1caf23d->ex_3a7a6d916e6afe7d
rare2,275,100384,exact_group_recomputed,ex_a80f0fe8->ex_a17381751b065a60
rare2,276,102328,exact_group_recomputed,ex_09e905a8->ex_2c1cdd0b0527e8ca
rare2,277,105927,exact_group_recomputed,ex_fa73031d->ex_05a11c6606bd9d03
rare2,278,102933,exact_group_recomputed,ex_576527a5->ex_db72544eca86c425
rare2,279,105592,exact_group_recomputed,ex_cac3dd40->ex_4a6697a822613bf3
rare2,280,105463,exact_group_recomputed,ex_1249874d->ex_38657d8ffccd6f50
rare2,281,103756,exact_group_recomputed,ex_0c257313->ex_90d628c578f5820b
rare2,282,105668,exact_group_recomputed,ex_8a04ece1->ex_e6840ae04ead1d19
rare2,283,104489,exact_group_recomputed,ex_c02f5fa0->ex_119d9fd5779e119a
rare2,284,102867,exact_group_recomputed,ex_eaa88758->ex_a6b89324cbad321f
rare2,285,104144,exact_group_recomputed,ex_f6834139->ex_f91be6098fb930f6
rare2,286,104619,exact_group_recomputed,ex_5e4af1c5->ex_be2981915fae1bd0
rare2,287,103175,exact_group_recomputed,ex_b9da225a->ex_534497488db93b2f
rare2,288,104770,exact_group_recomputed,ex_4bbfa766->ex_df87c65a0a97fd7e
rare2,289,100696,exact_group_recomputed,ex_62f23394->ex_de564551286bfd49
rare2,290,104769,exact_group_recomputed,ex_482cb57e->ex_d1d799939c43eb0b
rare2,291,105678,exact_group_recomputed,ex_f9bb11c6->ex_15e2f692e2c7a58f
rare2,292,105821,exact_group_recomputed,ex_22fb60b2->ex_986905a72a6ab345
rare2,293,103329,exact_group_recomputed,ex_c4e7b5fe->ex_d4f496877d67ba72
rare2,294,100039,exact_group_recomputed,ex_a417c29b->ex_6dfa621d986db3be
rare2,295,105667,exact_group_recomputed,ex_21085e7e->ex_63579c1286288e8b
rare2,296,105304,exact_group_recomputed,ex_7c658ed1->ex_a1fd98c95dbb245b
rare2,297,104671,exact_group_recomputed,ex_d5c40158->ex_b44095ca8f67b897
rare2,298,105743,exact_group_recomputed,ex_a3041a2b->ex_174de1322af702e3
rare2,299,102526,exact_group_recomputed,ex_8c931e46->ex_75bb079e06d4670d
rare2,300,104416,exact_group_recomputed,ex_ea197ce5->ex_2f053b5c06391624
rare3,1,100543,exact_group_recomputed,ex_ed0c9fdd->ex_415c0e2f77766498
rare3,2,101496,exact_group_recomputed,ex_77b73295->ex_508fdc21eaa63521
rare3,3,102730,exact_group_recomputed,ex_ff8c3657->ex_1391057f19295c05
rare3,4,100135,exact_group_recomputed,ex_272abe1b->ex_1149b8465627a864
rare3,5,101080,exact_group_recomputed,ex_41c95f3f->ex_bb38efb95bae30d8
rare3,6,100160,exact_group_recomputed,ex_cf8b743f->ex_cb9737f132f9d5b8
rare3,7,105539,exact_group_recomputed,ex_76983a6a->ex_1841ae934427b604
rare3,8,101792,exact_group_recomputed,ex_a6d12f3a->ex_c949163f62c3c076
rare3,9,105268,exact_group_recomputed,ex_0539e55a->ex_ed17f4be56f32153
rare3,10,103116,exact_group_recomputed,ex_bc6b0358->ex_5e06102a8e763e9b
rare3,11,105929,exact_group_recomputed,ex_c89ad887->ex_693a689dec24ddb8
rare3,12,104848,exact_group_recomputed,ex_5c6e3f2b->ex_c50a2fa7a5f37c0d
rare3,13,102731,exact_group_recomputed,ex_993eef9d->ex_7cab425c84d89646
rare3,14,103181,exact_group_recomputed,ex_85bc61c5->ex_aef30adbda598bc3
rare3,15,101232,exact_group_recomputed,ex_e2921765->ex_b27cc0e39d290bfd
rare3,16,101933,exact_group_recomputed,ex_713e344f->ex_837cdde3aff46e26
rare3,17,101174,exact_group_recomputed,ex_5da3b92e->ex_3190e4e1d1cf1db8
rare3,18,100792,exact_group_recomputed,ex_a207f429->ex_997198637b212a91
rare3,19,101162,exact_group_recomputed,ex_5bd5b9b0->ex_535c32c94cdb0d4e
rare3,20,100545,exact_group_recomputed,ex_8dcb97b9->ex_4477aee38e40fe3d
rare3,21,105864,exact_group_recomputed,ex_aa585d5a->ex_bbcfb7bf8926bc6a
rare3,22,104895,exact_group_recomputed,ex_f3164320->ex_b132b9fb673f1ac6
rare3,23,104364,exact_group_recomputed,ex_10b27a28->ex_83294b35e421a7df
rare3,24,104310,exact_group_recomputed,ex_fe8905ba->ex_6094106535dc81a5
rare3,25,101458,exact_group_recomputed,ex_99457e8f->ex_6dea6f4f454d93dd
rare3,26,105988,exact_group_recomputed,ex_4a5b83fe->ex_b12948893e843602
rare3,27,104714,exact_group_recomputed,ex_16f2b276->ex_a4a5a13c949fb392
rare3,28,105979,exact_group_recomputed,ex_d0bfa6ea->ex_6d2b704f0026e72c
rare3,29,103054,exact_group_recomputed,ex_2826be31->ex_a18293efcf03c3ea
rare3,30,104370,exact_group_recomputed,ex_f02f27cb->ex_8479f240ed208911
rare3,31,100385,exact_group_recomputed,ex_ae8ae3b0->ex_2b5ff8ceb32da701
rare3,32,103462,exact_group_recomputed,ex_6f1eabcc->ex_f1e96e1b0ce53b27
rare3,33,105423,exact_group_recomputed,ex_12152ccf->ex_22335aea83c0c86d
rare3,34,105819,exact_group_recomputed,ex_8655dbf9->ex_63636e8bbfcd74e2
rare3,35,105721,exact_group_recomputed,ex_3d9098d7->ex_78fb18e6b7eb1112
rare3,36,103106,exact_group_recomputed,ex_6691e97d->ex_760fe25a965e2fd0
rare3,37,104338,exact_group_recomputed,ex_29af73a1->ex_b40083f38fb89717
rare3,38,103386,exact_group_recomputed,ex_942b8da6->ex_1006a5f1c658393a
rare3,39,105555,exact_group_recomputed,ex_0a893c7a->ex_2e7bac9482d01ee8
rare3,40,104976,exact_group_recomputed,ex_ae4873da->ex_4b4d6dde24bbc42f
rare3,41,105248,exact_group_recomputed,ex_f20b746b->ex_a1cce0da8f4d4caf
rare3,42,104818,exact_group_recomputed,ex_c3fd9146->ex_d0abb1f3fc8207db
rare3,43,103530,exact_group_recomputed,ex_fca19872->ex_c7a54969d998445f
rare3,44,105723,exact_group_recomputed,ex_0de9cc66->ex_ff856fe914d8d4e0
rare3,45,105090,exact_group_recomputed,ex_088bc1bf->ex_cf114b9c6e024d65
rare3,46,102943,exact_group_recomputed,ex_afce3576->ex_7d3be6620e6d4436
rare3,47,104893,exact_group_recomputed,ex_8f67f749->ex_2461ae2e9fef8799
rare3,48,105982,exact_group_recomputed,ex_e8b8dd95->ex_2391f7d7e0fecf11
rare3,49,105649,exact_group_recomputed,ex_3db67691->ex_5795a28c9e30376c
rare3,50,103830,exact_group_recomputed,ex_8f1ad3cd->ex_5744b488ec9af26a
rare3,51,104701,exact_group_recomputed,ex_2dbb661e->ex_3e826ae537c7ef38
rare3,52,103459,exact_group_recomputed,ex_7e3d2200->ex_1a6b3ee6f6764c9e
rare3,53,104491,exact_group_recomputed,ex_07538f8a->ex_3876ea1113d60a18
rare3,54,104490,exact_group_recomputed,ex_f7856b8b->ex_809ecb7f596d0e73
rare3,55,106168,exact_group_recomputed,ex_39bf0b28->ex_d1480c09ca2da213
rare3,56,102551,exact_group_recomputed,ex_4451470c->ex_3870c238d3536380
rare3,57,105182,exact_group_recomputed,ex_3fdc1b32->ex_8b28f3433bddca96
rare3,58,100909,exact_group_recomputed,ex_30cb848b->ex_20133f1d5449a2af
rare3,59,105637,exact_group_recomputed,ex_882821f0->ex_bc89af95975dbf7b
rare3,60,103976,exact_group_recomputed,ex_05c552ab->ex_23181d10527a44a0
rare3,61,104772,exact_group_recomputed,ex_5f730716->ex_c8d65f63e13ad8e3
rare3,62,100076,exact_group_recomputed,ex_f83379f2->ex_b31b28691513ed75
rare3,63,105670,exact_group_recomputed,ex_89321151->ex_95827333e222225a
rare3,64,106076,exact_group_recomputed,ex_0079f819->ex_afe8149c8c95abf5
rare3,65,105861,exact_group_recomputed,ex_da53fcf8->ex_876a156af82931ef
rare3,66,100911,exact_group_recomputed,ex_9c7cd660->ex_74e2e72a829da6b0
rare3,67,104703,exact_group_recomputed,ex_4d25bd54->ex_ba2dff9f07659625
rare3,68,100876,exact_group_recomputed,ex_7280663c->ex_8888b25ce027b5d3
rare3,69,105860,exact_group_recomputed,ex_05aa0b00->ex_054a870cce238cb0
rare3,70,100531,exact_group_recomputed,ex_0ecd5c5f->ex_10c12ab8e9e589b3
rare3,71,105720,exact_group_recomputed,ex_ed8b4bbb->ex_0a8f011e373fe3f5
rare3,72,102477,exact_group_recomputed,ex_dcc53278->ex_b134ca2fcdb1a1fd
rare3,73,103129,exact_group_recomputed,ex_99795913->ex_4851d565ea4700f4
rare3,74,106054,exact_group_recomputed,ex_29ebc9f1->ex_a42ce227802f8466
rare3,75,104634,exact_group_recomputed,ex_e4cce115->ex_1863aaad34582df7
rare3,76,103008,exact_group_recomputed,ex_664d195e->ex_578e7fde8bcbd767
rare3,77,105702,exact_group_recomputed,ex_89a62395->ex_5ace285b5b10a293
rare3,78,101686,exact_group_recomputed,ex_2331a0a7->ex_cff26c7de2dc84f6
rare3,79,103549,exact_group_recomputed,ex_dfc7fb3f->ex_817d133ab87b1879
rare3,80,100778,exact_group_recomputed,ex_ac951192->ex_a9575c97c90bb908
rare3,81,105811,exact_group_recomputed,ex_14ca9fc1->ex_d551b092a10ef53c
rare3,82,101935,exact_group_recomputed,ex_160482d3->ex_3ebfc24afa9eff96
rare3,83,105598,exact_group_recomputed,ex_abba6de7->ex_182615c5eaf0b07b
rare3,84,105748,exact_group_recomputed,ex_bd7df86c->ex_95ae16806e65c33b
rare3,85,104373,exact_group_recomputed,ex_bf2e5459->ex_7a7b8921e9a1bad5
rare3,86,101603,exact_group_recomputed,ex_6fa60f0e->ex_20f0c79994a661c2
rare3,87,103812,exact_group_recomputed,ex_f95a8bdb->ex_712b36f248ad1cbf
rare3,88,102732,exact_group_recomputed,ex_207ea61e->ex_e1d56d30c62f24bc
rare3,89,101340,exact_group_recomputed,ex_9cb1135a->ex_131762b8705f336a
rare3,90,105353,exact_group_recomputed,ex_4f5b1759->ex_79b96ebba723ed28
rare3,91,102283,exact_group_recomputed,ex_733c7221->ex_ae2cda4393e786a6
rare3,92,100854,exact_group_recomputed,ex_cb3adf61->ex_aa481bacc2284d1a
rare3,93,102957,exact_group_recomputed,ex_3b0455ad->ex_dbe3759d110ccc52
rare3,94,102121,exact_group_recomputed,ex_316f5214->ex_81b50086d58af2fd
rare3,95,103313,exact_group_recomputed,ex_bc73cc0b->ex_a6c320e6899d13da
rare3,96,103699,exact_group_recomputed,ex_c321190a->ex_6dbaa7bc497caa21
rare3,97,100232,exact_group_recomputed,ex_b0fd6b79->ex_53a449a975891bd3
rare3,98,104630,exact_group_recomputed,ex_a6447bae->ex_f1b86ce59de75861
rare3,99,103752,exact_group_recomputed,ex_2f6703be->ex_7c0a47bb3869303d
rare3,100,105554,exact_group_recomputed,ex_04b436b4->ex_1ba6fee79b0fb63a
rare3,101,101083,exact_group_recomputed,ex_e148710d->ex_23f69e519a87255c
rare3,102,105808,exact_group_recomputed,ex_d78207ed->ex_f8ab99036fc0b129
rare3,103,102474,exact_group_recomputed,ex_40092e42->ex_9e64cff0752ed2ff
rare3,104,102733,exact_group_recomputed,ex_3c2f2bb9->ex_601010d6b8df47bd
rare3,105,103458,exact_group_recomputed,ex_6d302e55->ex_8783c45511c407de
rare3,106,102734,exact_group_recomputed,ex_fb02ec4c->ex_399dd1a2814f0767
rare3,107,102515,exact_group_recomputed,ex_50bd2da5->ex_792aa08ee90b53fb
rare3,108,105719,exact_group_recomputed,ex_3dd8388a->ex_fe52ab5e927633d5
rare3,109,101646,exact_group_recomputed,ex_aa59c548->ex_fbfc3618bccf71ff
rare3,110,105526,exact_group_recomputed,ex_c83f429d->ex_a806534f510ef5d7
rare3,111,103446,exact_group_recomputed,ex_ab6f894d->ex_3c5c131a283d2286
rare3,112,105596,exact_group_recomputed,ex_41310710->ex_9453b49aa60a6cf0
rare3,113,105696,exact_group_recomputed,ex_10f097b3->ex_5333263d5a06583c
rare3,114,105483,exact_group_recomputed,ex_ded23a70->ex_a3e70f7e66120cd8
rare3,115,105052,exact_group_recomputed,ex_e50ce7e3->ex_80c33730b567a9f8
rare3,116,102145,exact_group_recomputed,ex_e8b88056->ex_640887a81dfdc080
rare3,117,103698,exact_group_recomputed,ex_bb1acc68->ex_de6d495fad220c8e
rare3,118,101024,exact_group_recomputed,ex_7d07675e->ex_a2a14e9491d709c6
rare3,119,105494,exact_group_recomputed,ex_810e9a14->ex_f6f456de9120891f
rare3,120,100116,exact_group_recomputed,ex_f3161c24->ex_11d9c56fca2d3c50
rare3,121,102917,exact_group_recomputed,ex_e2fe0401->ex_09c572c9b0bf31b8
rare3,122,104812,exact_group_recomputed,ex_3de413c8->ex_c6bcfb18fc403e9c
rare3,123,101053,exact_group_recomputed,ex_a5b89a33->ex_08f35c280c6f634d
rare3,124,105321,exact_group_recomputed,ex_2de83750->ex_1fa2db20fe8d82ad
rare3,125,106131,exact_group_recomputed,ex_35d3595a->ex_edbdd24b264182f0
rare3,126,101031,exact_group_recomputed,ex_07d56baa->ex_6df61b5f2b3f8ef8
rare3,127,105886,exact_group_recomputed,ex_d8fe7c29->ex_a0dbb0ad4ca8bdb0
rare3,128,105562,exact_group_recomputed,ex_fdd01ba5->ex_56aee7bd12e1a4e5
rare3,129,100554,exact_group_recomputed,ex_ae07042a->ex_8b0a30df5388188c
rare3,130,105534,exact_group_recomputed,ex_86f3fbf2->ex_c5206c3a706287d6
rare3,131,101717,exact_group_recomputed,ex_7d817165->ex_73700cc7c5b6c2bb
rare3,132,100412,exact_group_recomputed,ex_2990d592->ex_7d6b6c960f98286e
rare3,133,100411,exact_group_recomputed,ex_409d70b3->ex_ed6d422851d1e542
rare3,134,104452,exact_group_recomputed,ex_823b3c59->ex_bea9916ac98fdda9
rare3,135,105879,exact_group_recomputed,ex_43ec1d3b->ex_0d6f89bbf1c09ee2
rare3,136,105602,exact_group_recomputed,ex_62430107->ex_a7fd2f7d71c4a43d
rare3,137,101136,exact_group_recomputed,ex_451337ca->ex_7df7f4eb7b9d53d8
rare3,138,104362,exact_group_recomputed,ex_985db40c->ex_d8e97421c5c87b6a
rare3,139,105303,exact_group_recomputed,ex_66bc96f2->ex_95ede92dfec4938e
rare3,140,101687,exact_group_recomputed,ex_627e1e7b->ex_9654728c6aaf45cf
rare3,141,104690,exact_group_recomputed,ex_6390db0c->ex_c59226970624c956
rare3,142,101778,exact_group_recomputed,ex_a83d663b->ex_e8d2bf9aa7bf7b09
rare3,143,106027,exact_group_recomputed,ex_4a270dc8->ex_d8d6eab54413b53b
rare3,144,105853,exact_group_recomputed,ex_a8384466->ex_0fe293080a666d6e
rare3,145,105855,exact_group_recomputed,ex_89851a8f->ex_743dd5b9588b21a3
rare3,146,105261,exact_group_recomputed,ex_ad122a12->ex_cc7e049a2ad224e7
rare3,147,104064,exact_group_recomputed,ex_c21e9891->ex_757c06a71b99f7bd
rare3,148,104888,exact_group_recomputed,ex_2613ce1d->ex_ede1f1d7811ef66e
rare3,149,103697,exact_group_recomputed,ex_8041b848->ex_e8ed0aa3efb10d2c
rare3,150,102384,exact_group_recomputed,ex_05103e6b->ex_fd3f7c7f97f121db
rare3,151,106075,exact_group_recomputed,ex_f24bb943->ex_84aa5d8a65e53c45
rare3,152,105323,exact_group_recomputed,ex_1104b447->ex_a0a8224b6eaf2dba
rare3,153,105484,exact_group_recomputed,ex_420db955->ex_9f71e40ff5ce6df9
rare3,154,102217,exact_group_recomputed,ex_fe8515ea->ex_292fde58aaf21ec0
rare3,155,106077,exact_group_recomputed,ex_ba3f7bbb->ex_f7e2863ba5e9d3d0
rare3,156,101741,exact_group_recomputed,ex_abbfdd30->ex_14525aa05faf603a
rare3,157,105737,exact_group_recomputed,ex_19ce49ad->ex_356a6fe1c8b49b24
rare3,158,103862,exact_group_recomputed,ex_2adac26b->ex_769d970a5a277a56
rare3,159,100163,exact_group_recomputed,ex_b1524c7e->ex_2c4b8efe10bbc058
rare3,160,102942,exact_group_recomputed,ex_248f9619->ex_ca53c6591e78c9f0
rare3,161,104852,exact_group_recomputed,ex_e98a599f->ex_9e66dc03dee40215
rare3,162,101456,exact_group_recomputed,ex_3bcb7ae6->ex_97398c467b496e0d
rare3,163,105486,exact_group_recomputed,ex_5d52baf4->ex_bb8070542af787a9
rare3,164,105173,exact_group_recomputed,ex_78a9f5b1->ex_0614925d03890ddb
rare3,165,105060,exact_group_recomputed,ex_f4ac684a->ex_8fd888e9b897342e
rare3,166,100486,exact_group_recomputed,ex_9726ac74->ex_900a5b133d19f500
rare3,167,102767,exact_group_recomputed,ex_9732d8e9->ex_4e2df0d302ebe98e
rare3,168,102963,exact_group_recomputed,ex_8aaad404->ex_9f4c4681bd991c45
rare3,169,103273,exact_group_recomputed,ex_74fb9752->ex_96b9a6d6cc668ca8
rare3,170,103951,exact_group_recomputed,ex_1c5c5c2a->ex_b736d265039e1480
rare3,171,103949,exact_group_recomputed,ex_c65d3f00->ex_c2146420e61f52be
rare3,172,102146,exact_group_recomputed,ex_e3861fb6->ex_986a14566c45fe9b
rare3,173,102046,exact_group_recomputed,ex_b4d97472->ex_18f14d185f18ecd3
rare3,174,104704,exact_group_recomputed,ex_f52e8535->ex_3ab102f2959bc8b8
rare3,175,100231,exact_group_recomputed,ex_c89b0aad->ex_67463011587a0667
rare3,176,100275,exact_group_recomputed,ex_30ddf8bb->ex_714f4c57855871f7
rare3,177,103390,exact_group_recomputed,ex_4c1deee7->ex_a2dd84ed334ff782
rare3,178,105812,exact_group_recomputed,ex_1932d716->ex_2eb096ba5a1f47a0
rare3,179,102048,exact_group_recomputed,ex_eda1d89a->ex_328bf055043aae99
rare3,180,103694,exact_group_recomputed,ex_92eabee1->ex_5f9a2a7e54d0fd53
rare3,181,103094,exact_group_recomputed,ex_572c8aa9->ex_b0b8912f6932cfed
rare3,182,105485,exact_group_recomputed,ex_1ebeb7af->ex_cbde959f14c324f4
rare3,183,101358,exact_group_recomputed,ex_9aaa3c89->ex_aa2a28f4fa2d4d12
rare3,184,105492,exact_group_recomputed,ex_92232495->ex_ac34b1c89da46cfd
rare3,185,105856,exact_group_recomputed,ex_f3cc1fdb->ex_41f550fb50a25dfc
rare3,186,102735,exact_group_recomputed,ex_4cd27517->ex_0cbb84db7c55d933
rare3,187,101934,exact_group_recomputed,ex_8af4ce3d->ex_a581b0fb89ae2b3f
rare3,188,104689,exact_group_recomputed,ex_02bcdb9c->ex_6828459ae06e652c
rare3,189,105601,exact_group_recomputed,ex_8ee10896->ex_54a6c56d6336f9ad
rare3,190,104700,exact_group_recomputed,ex_7e6713ae->ex_90a08fef55b90308
rare3,191,101262,exact_group_recomputed,ex_0aefc296->ex_dd79dbdf7fbe1169
rare3,192,106152,exact_group_recomputed,ex_a2649be2->ex_10423f28fc196158
rare3,193,104702,exact_group_recomputed,ex_b5c438b6->ex_44592fc45ff8686c
rare3,194,104412,exact_group_recomputed,ex_9ad4ab0c->ex_01e9ed540a6a6b7e
rare3,195,104413,exact_group_recomputed,ex_ab1c7e82->ex_45fb97af7d22fdde
rare3,196,104414,exact_group_recomputed,ex_d435e12f->ex_069e66c76656eced
rare3,197,104415,exact_group_recomputed,ex_50fc1f29->ex_c40c6aa0cbc66199
rare3,198,101244,exact_group_recomputed,ex_c398b1d8->ex_1a7b9b22aa95a28c
rare3,199,103272,exact_group_recomputed,ex_084c8ac8->ex_729bfb579b164bbb
rare3,200,104960,exact_group_recomputed,ex_8fdfdb0b->ex_797a28f30b52ca73
pilot,0,104639,exact_duplicate_relation_harmonized,group=ex_6ee1405aa572fa7f; 6->7 relations
