node_id,label,type,mention_count,record_count
ACTION:replaced,replaced,ACTION,3367,3339
ACTION:removed,removed,ACTION,3065,3009
ABN_PROC:leaking,leaking,ABN_PROC,2932,2921
MAINT_ITEM:engine,engine,MAINT_ITEM,2693,2254
MAINT_ITEM:cylinder,cylinder,MAINT_ITEM,1957,1665
LOC:right-hand,right-hand,LOC,1224,1074
LOC:left-hand,left-hand,LOC,1097,957
LOC:number two,number two,LOC,1117,914
MAINT_ITEM:intake gasket,intake gasket,MAINT_ITEM,1144,885
MAINT_ITEM:gasket,gasket,MAINT_ITEM,853,847
LOC:number three,number three,LOC,990,836
LOC:number four,number four,LOC,966,812
ACTION:installed,installed,ACTION,804,787
MAINT_ITEM:baffle,baffle,MAINT_ITEM,749,608
MAINT_ITEM:intake,intake,MAINT_ITEM,616,604
MAINT_ITEM:rocker cover gasket,rocker cover gasket,MAINT_ITEM,684,499
MAINT_ITEM:gaskets,gaskets,MAINT_ITEM,429,427
MAINT_ITEM:intake gaskets,intake gaskets,MAINT_ITEM,537,426
FAULT:loose,loose,FAULT,428,413
LOC:number one,number one,LOC,464,404
MAINT_ITEM:rocker cover gaskets,rocker cover gaskets,MAINT_ITEM,517,374
FAULT:cracked,cracked,FAULT,337,326
MAINT_ITEM:rocker cover,rocker cover,MAINT_ITEM,327,313
OUTCOME:good,good,OUTCOME,307,301
MAINT_ITEM:intakes,intakes,MAINT_ITEM,267,262
FAULT:missing,missing,FAULT,280,257
LOC:number two and number four,number two and number four,LOC,285,256
LOC:aft,aft,LOC,268,246
MAINT_ITEM:aircraft,aircraft,MAINT_ITEM,268,240
FAULT:crack,crack,FAULT,284,223
ACTION:stop drilled,stop drilled,ACTION,222,222
LOC:forward,forward,LOC,242,222
ACTION:tightened,tightened,ACTION,217,217
MAINT_ITEM:rocker covers,rocker covers,MAINT_ITEM,222,208
MAINT_ITEM:baffle seal,baffle seal,MAINT_ITEM,307,201
MAINT_ITEM:screw,screw,MAINT_ITEM,280,194
ACTION:leak check,leak check,ACTION,182,182
FAULT:broken,broken,FAULT,184,179
ACTION:ran,ran,ACTION,179,174
ACTION:cleaned,cleaned,ACTION,183,170
FAULT:worn,worn,FAULT,181,160
FAULT:low,low,FAULT,158,155
LOC:number two and number three,number two and number three,LOC,168,143
LOC:number three and number four,number three and number four,LOC,161,138
TECH_OBS:compression,compression,TECH_OBS,123,122
ABN_PROC:leaks,leaks,ABN_PROC,111,111
ACTION:secured,secured,ACTION,117,99
ACTION:inspected,inspected,ACTION,97,97
MAINT_ITEM:baffle plugs,baffle plugs,MAINT_ITEM,156,97
ACTION:fabricated,fabricated,ACTION,96,96
ACTION:resecured,resecured,ACTION,96,92
LOC:rear,rear,LOC,100,90
MAINT_ITEM:screws,screws,MAINT_ITEM,99,90
MAINT_ITEM:patch,patch,MAINT_ITEM,101,89
ACTION:reinstalled,reinstalled,ACTION,89,87
MAINT_ITEM:baffle plug,baffle plug,MAINT_ITEM,127,87
MAINT_ITEM:oil cooler,oil cooler,MAINT_ITEM,102,85
MAINT_ITEM:exhaust valve,exhaust valve,MAINT_ITEM,83,81
MAINT_ITEM:rivets,rivets,MAINT_ITEM,115,81
LOC:number one and number three,number one and number three,LOC,90,77
MAINT_ITEM:baffling,baffling,MAINT_ITEM,79,77
MAINT_ITEM:oil,oil,MAINT_ITEM,80,76
LOC:lower,lower,LOC,81,75
MAINT_ITEM:baffle screw,baffle screw,MAINT_ITEM,85,75
LOC:top,top,LOC,83,74
LOC:front,front,LOC,80,70
MAINT_ITEM:seal,seal,MAINT_ITEM,78,69
MAINT_ITEM:intake tube,intake tube,MAINT_ITEM,82,68
"LOC:numbers two , three and four","numbers two , three and four",LOC,71,67
MAINT_ITEM:rocker gaskets,rocker gaskets,MAINT_ITEM,75,67
ACTION:started,started,ACTION,66,64
MAINT_ITEM:bolt,bolt,MAINT_ITEM,89,63
MAINT_ITEM:cylinders,cylinders,MAINT_ITEM,64,63
ABN_PROC:leak,leak,ABN_PROC,62,62
ACTION:ran up,ran up,ACTION,61,61
"LOC:numbers two , three , and four","numbers two , three , and four",LOC,62,59
MAINT_ITEM:rivet,rivet,MAINT_ITEM,80,59
MAINT_ITEM:induction tube gasket,induction tube gasket,MAINT_ITEM,87,58
ACTION:torqued,torqued,ACTION,57,57
FAULT:failed,failed,FAULT,57,57
ACTION:operations,operations,ACTION,56,56
FAULT:damaged,damaged,FAULT,56,56
FAULT:torn,torn,FAULT,59,56
MAINT_ITEM:baffles,baffles,MAINT_ITEM,57,56
MAINT_ITEM:like material,like material,MAINT_ITEM,67,56
LOC:above,above,LOC,58,54
ACTION:adjusted,adjusted,ACTION,55,53
LOC:behind,behind,LOC,52,52
LOC:right-hand side,right-hand side,LOC,55,51
MAINT_ITEM:intake tube gasket,intake tube gasket,MAINT_ITEM,59,51
MAINT_ITEM:rocker gasket,rocker gasket,MAINT_ITEM,55,51
LOC:left,left,LOC,53,49
LOC:side,side,LOC,50,49
MAINT_ITEM:exhaust,exhaust,MAINT_ITEM,51,49
ACTION:applied,applied,ACTION,48,48
ACTION:operations check,operations check,ACTION,48,48
FAULT:sheared,sheared,FAULT,51,45
MAINT_ITEM:plug,plug,MAINT_ITEM,45,44
MAINT_ITEM:plugs,plugs,MAINT_ITEM,46,44
ABN_PROC:overspeed,overspeed,ABN_PROC,52,42
ACTION:ground run,ground run,ACTION,42,42
MAINT_ITEM:bracket,bracket,MAINT_ITEM,49,42
MAINT_ITEM:propeller,propeller,MAINT_ITEM,41,41
LOC:number one and number two,number one and number two,LOC,43,39
MAINT_ITEM:baffle tie rod,baffle tie rod,MAINT_ITEM,48,39
ABN_PROC:chafing,chafing,ABN_PROC,38,38
LOC:left-hand side,left-hand side,LOC,41,37
MAINT_ITEM:hardware,hardware,MAINT_ITEM,51,37
OUTCOME:ok,ok,OUTCOME,38,37
"LOC:number two , and number four","number two , and number four",LOC,41,36
MAINT_ITEM:cylinder assembly,cylinder assembly,MAINT_ITEM,43,36
ACTION:riveted,riveted,ACTION,44,35
LOC:number 4,number 4,LOC,35,35
MAINT_ITEM:rtv,rtv,MAINT_ITEM,39,35
MAINT_ITEM:baffle bracket,baffle bracket,MAINT_ITEM,38,34
"LOC:two , three and four","two , three and four",LOC,33,32
MAINT_ITEM:magneto,magneto,MAINT_ITEM,34,32
REFERENCE:lycoming,lycoming,REFERENCE,31,31
FAULT:dirty,dirty,FAULT,30,30
ACTION:repair,repair,ACTION,29,29
ACTION:repositioned,repositioned,ACTION,32,29
LOC:number one and number four,number one and number four,LOC,36,29
MAINT_ITEM:valve,valve,MAINT_ITEM,31,29
OUTCOME:no defects noted,no defects noted,OUTCOME,29,29
ACTION:reattached,reattached,ACTION,28,28
ACTION:repaired,repaired,ACTION,28,28
ACTION:run up,run up,ACTION,29,28
LOC:inboard,inboard,LOC,29,28
LOC:right,right,LOC,30,28
MAINT_ITEM:oil return line,oil return line,MAINT_ITEM,33,28
ABN_PROC:ran rough,ran rough,ABN_PROC,27,27
ACTION:sealed,sealed,ACTION,29,27
MAINT_ITEM:cowl,cowl,MAINT_ITEM,29,27
MAINT_ITEM:rocker box cover screws,rocker box cover screws,MAINT_ITEM,30,27
OP_CTX:on run up,on run up,OP_CTX,32,27
ACTION:changed,changed,ACTION,27,26
ACTION:checked,checked,ACTION,26,26
MAINT_ITEM:rocker box cover gasket,rocker box cover gasket,MAINT_ITEM,33,26
ABN_PROC:vibration,vibration,ABN_PROC,26,25
LOC:bottom,bottom,LOC,25,25
"LOC:number three , and number four","number three , and number four",LOC,26,25
"LOC:number two , and number three","number two , and number three",LOC,30,25
ACTION:maintenance flight,maintenance flight,ACTION,26,24
ACTION:staked,staked,ACTION,24,24
MAINT_ITEM:alternator,alternator,MAINT_ITEM,27,24
MAINT_ITEM:baffle seals,baffle seals,MAINT_ITEM,33,24
MAINT_ITEM:clamps,clamps,MAINT_ITEM,29,24
MAINT_ITEM:cowling,cowling,MAINT_ITEM,25,24
MAINT_ITEM:piston,piston,MAINT_ITEM,28,24
MAINT_ITEM:tie rod,tie rod,MAINT_ITEM,25,24
ABN_PROC:roughness,roughness,ABN_PROC,23,23
ACTION:inspection,inspection,ACTION,23,23
LOC:forward lower,forward lower,LOC,25,23
MAINT_ITEM:oil filler tube,oil filler tube,MAINT_ITEM,28,23
TECH_OBS:rpm,rpm,TECH_OBS,23,23
MAINT_ITEM:hose clamps,hose clamps,MAINT_ITEM,40,22
MAINT_ITEM:push rod,push rod,MAINT_ITEM,27,22
MAINT_ITEM:rocker cover screws,rocker cover screws,MAINT_ITEM,26,22
MAINT_ITEM:throttle,throttle,MAINT_ITEM,22,22
ABN_PROC:rough,rough,ABN_PROC,22,21
FAULT:no compression,no compression,FAULT,21,21
LOC:back,back,LOC,22,21
LOC:outboard,outboard,LOC,22,21
MAINT_ITEM:engines,engines,MAINT_ITEM,24,21
MAINT_ITEM:rocker box cover gaskets,rocker box cover gaskets,MAINT_ITEM,24,21
MAINT_ITEM:sniffler valves,sniffler valves,MAINT_ITEM,34,21
TECH_OBS:idle,idle,TECH_OBS,21,21
ACTION:compression check,compression check,ACTION,20,20
ACTION:start assist,start assist,ACTION,20,20
LOC:two and four,two and four,LOC,21,20
MAINT_ITEM:baffle spring,baffle spring,MAINT_ITEM,29,20
MAINT_ITEM:bolts,bolts,MAINT_ITEM,25,20
OP_CTX:in flight,in flight,OP_CTX,20,20
ACTION:replacement,replacement,ACTION,19,19
FAULT:stuck,stuck,FAULT,20,19
LOC:number 3,number 3,LOC,19,19
MAINT_ITEM:induction tube,induction tube,MAINT_ITEM,19,19
MAINT_ITEM:valves,valves,MAINT_ITEM,19,19
ABN_PROC:oil leak,oil leak,ABN_PROC,19,18
ACTION:checks,checks,ACTION,18,18
ACTION:disassembled,disassembled,ACTION,18,18
FAULT:cracks,cracks,FAULT,22,18
"LOC:numbers one , two , three and four","numbers one , two , three and four",LOC,18,18
MAINT_ITEM:rocker,rocker,MAINT_ITEM,25,18
OP_CTX:during run up,during run up,OP_CTX,18,18
ABN_PROC:rough running,rough running,ABN_PROC,17,17
ACTION:check,check,ACTION,17,17
ACTION:disconnected,disconnected,ACTION,17,17
ACTION:remove,remove,ACTION,17,17
ACTION:verified,verified,ACTION,17,17
"LOC:number one , and number three","number one , and number three",LOC,18,17
MAINT_ITEM:case,case,MAINT_ITEM,17,17
MAINT_ITEM:lines,lines,MAINT_ITEM,17,17
MAINT_ITEM:oil sump,oil sump,MAINT_ITEM,19,17
MAINT_ITEM:pop rivets,pop rivets,MAINT_ITEM,17,17
OUTCOME:no defects,no defects,OUTCOME,17,17
ABN_PROC:running rough,running rough,ABN_PROC,16,16
ABN_PROC:seeping,seeping,ABN_PROC,16,16
ACTION:reamed,reamed,ACTION,17,16
ACTION:safetied,safetied,ACTION,17,16
TECH_OBS:idle speed,idle speed,TECH_OBS,18,16
ACTION:operations checked,operations checked,ACTION,15,15
"LOC:numbers one , two , and four","numbers one , two , and four",LOC,17,15
MAINT_ITEM:air intake,air intake,MAINT_ITEM,18,15
MAINT_ITEM:clamp,clamp,MAINT_ITEM,18,15
MAINT_ITEM:propeller strike,propeller strike,MAINT_ITEM,15,15
MAINT_ITEM:push rod tube,push rod tube,MAINT_ITEM,17,15
MAINT_ITEM:tabs,tabs,MAINT_ITEM,15,15
ACTION:confirmed,confirmed,ACTION,14,14
ACTION:drilled,drilled,ACTION,14,14
ACTION:serviced,serviced,ACTION,14,14
FAULT:bad,bad,FAULT,14,14
FAULT:pulled through,pulled through,FAULT,14,14
"LOC:numbers one , three and four","numbers one , three and four",LOC,15,14
"LOC:numbers one , two and four","numbers one , two and four",LOC,14,14
LOC:upper,upper,LOC,15,14
MAINT_ITEM:baffle tie,baffle tie,MAINT_ITEM,23,14
MAINT_ITEM:black seal,black seal,MAINT_ITEM,15,14
MAINT_ITEM:fod,fod,MAINT_ITEM,27,14
MAINT_ITEM:line,line,MAINT_ITEM,15,14
MAINT_ITEM:spark plug,spark plug,MAINT_ITEM,16,14
TECH_OBS:mixture,mixture,TECH_OBS,15,14
ACTION:found,found,ACTION,14,13
ACTION:leak checked,leak checked,ACTION,14,13
ACTION:resafetied,resafetied,ACTION,13,13
FAULT:damage,damage,FAULT,13,13
LOC:two,two,LOC,13,13
MAINT_ITEM:baffle mounting screw,baffle mounting screw,MAINT_ITEM,14,13
MAINT_ITEM:cowl seal,cowl seal,MAINT_ITEM,18,13
MAINT_ITEM:crankshaft,crankshaft,MAINT_ITEM,21,13
MAINT_ITEM:spring,spring,MAINT_ITEM,15,13
ACTION:replace,replace,ACTION,12,12
LOC:number three and number two,number three and number two,LOC,12,12
"LOC:numbers one , two and three","numbers one , two and three",LOC,12,12
MAINT_ITEM:backbone,backbone,MAINT_ITEM,12,12
MAINT_ITEM:baffle section,baffle section,MAINT_ITEM,12,12
MAINT_ITEM:hole,hole,MAINT_ITEM,13,12
MAINT_ITEM:intake tube gaskets,intake tube gaskets,MAINT_ITEM,13,12
MAINT_ITEM:muffler,muffler,MAINT_ITEM,14,12
MAINT_ITEM:seals,seals,MAINT_ITEM,13,12
MAINT_ITEM:spark plugs,spark plugs,MAINT_ITEM,12,12
MAINT_ITEM:sump,sump,MAINT_ITEM,13,12
OP_CTX:at idle,at idle,OP_CTX,12,12
OUTCOME:could not duplicate discrepancy,could not duplicate discrepancy,OUTCOME,12,12
ABN_PROC:quit,quit,ABN_PROC,11,11
ABN_PROC:ran very rough,ran very rough,ABN_PROC,11,11
ABN_PROC:rubbing,rubbing,ABN_PROC,11,11
ABN_PROC:runs rough,runs rough,ABN_PROC,11,11
ACTION:completed reassembly,completed reassembly,ACTION,11,11
ACTION:disassembly,disassembly,ACTION,11,11
ACTION:install,install,ACTION,11,11
ACTION:magneto check,magneto check,ACTION,11,11
ACTION:patched,patched,ACTION,11,11
ACTION:preserved,preserved,ACTION,11,11
ACTION:washed,washed,ACTION,11,11
MAINT_ITEM:adel clamp,adel clamp,MAINT_ITEM,16,11
MAINT_ITEM:baffle patch,baffle patch,MAINT_ITEM,12,11
MAINT_ITEM:baffle plug hole,baffle plug hole,MAINT_ITEM,12,11
MAINT_ITEM:baffle support,baffle support,MAINT_ITEM,15,11
MAINT_ITEM:cht probe,cht probe,MAINT_ITEM,11,11
MAINT_ITEM:intake tubes,intake tubes,MAINT_ITEM,11,11
MAINT_ITEM:pop rivet,pop rivet,MAINT_ITEM,12,11
MAINT_ITEM:rod,rod,MAINT_ITEM,11,11
MAINT_ITEM:silicone,silicone,MAINT_ITEM,12,11
MAINT_ITEM:silicone gasket,silicone gasket,MAINT_ITEM,11,11
MAINT_ITEM:wiring,wiring,MAINT_ITEM,12,11
TECH_OBS:idle rpm,idle rpm,TECH_OBS,13,11
ABN_PROC:started running rough,started running rough,ABN_PROC,10,10
ACTION:completed installation,completed installation,ACTION,10,10
ACTION:determined,determined,ACTION,10,10
ACTION:reviewed,reviewed,ACTION,10,10
FAULT:burnt,burnt,FAULT,10,10
FAULT:metal found in oil,metal found in oil,FAULT,10,10
LOC:one and three,one and three,LOC,10,10
"LOC:two , three , and four","two , three , and four",LOC,10,10
LOC:two and three,two and three,LOC,12,10
MAINT_ITEM:accessory case,accessory case,MAINT_ITEM,10,10
MAINT_ITEM:baffle mount,baffle mount,MAINT_ITEM,13,10
MAINT_ITEM:engine mount,engine mount,MAINT_ITEM,12,10
MAINT_ITEM:exhaust push rod,exhaust push rod,MAINT_ITEM,10,10
MAINT_ITEM:firewall,firewall,MAINT_ITEM,11,10
MAINT_ITEM:fuel,fuel,MAINT_ITEM,10,10
MAINT_ITEM:intake valve,intake valve,MAINT_ITEM,10,10
MAINT_ITEM:nuts,nuts,MAINT_ITEM,10,10
MAINT_ITEM:patches,patches,MAINT_ITEM,10,10
MAINT_ITEM:sealant,sealant,MAINT_ITEM,11,10
MAINT_ITEM:standoff,standoff,MAINT_ITEM,13,10
MAINT_ITEM:washer,washer,MAINT_ITEM,13,10
MAINT_ITEM:washers,washers,MAINT_ITEM,10,10
OP_CTX:after start,after start,OP_CTX,10,10
OP_CTX:during flight,during flight,OP_CTX,10,10
ABN_PROC:partial power loss,partial power loss,ABN_PROC,9,9
ABN_PROC:sticking,sticking,ABN_PROC,9,9
ACTION:reassembled,reassembled,ACTION,9,9
LOC:left side,left side,LOC,10,9
LOC:number 1,number 1,LOC,9,9
LOC:number 2,number 2,LOC,9,9
"LOC:numbers one , three , and four","numbers one , three , and four",LOC,9,9
LOC:one,one,LOC,9,9
MAINT_ITEM:cylinder baffling,cylinder baffling,MAINT_ITEM,9,9
MAINT_ITEM:oil return lines,oil return lines,MAINT_ITEM,9,9
MAINT_ITEM:oil seal,oil seal,MAINT_ITEM,10,9
MAINT_ITEM:push rods,push rods,MAINT_ITEM,10,9
MAINT_ITEM:rocker cover screw,rocker cover screw,MAINT_ITEM,11,9
MAINT_ITEM:safety wire,safety wire,MAINT_ITEM,10,9
MAINT_ITEM:tube,tube,MAINT_ITEM,10,9
OP_CTX:after engine start,after engine start,OP_CTX,9,9
OP_CTX:after start up,after start up,OP_CTX,9,9
OP_CTX:on start up,on start up,OP_CTX,9,9
TECH_OBS:idle mixture,idle mixture,TECH_OBS,10,9
TECH_OBS:magneto drop,magneto drop,TECH_OBS,9,9
TECH_OBS:out of eighty,out of eighty,TECH_OBS,9,9
ABN_PROC:high frequency vibration,high frequency vibration,ABN_PROC,8,8
ABN_PROC:running very rough,running very rough,ABN_PROC,8,8
ACTION:connected,connected,ACTION,9,8
ACTION:corrosion prevention,corrosion prevention,ACTION,8,8
ACTION:fitted,fitted,ACTION,11,8
ACTION:overhaul,overhaul,ACTION,8,8
ACTION:pulled,pulled,ACTION,8,8
LOC:near,near,LOC,8,8
LOC:number four and number three,number four and number three,LOC,8,8
"LOC:number one , and number two","number one , and number two",LOC,9,8
LOC:number two and number,number two and number,LOC,8,8
"LOC:numbers one , two , and three","numbers one , two , and three",LOC,8,8
"LOC:one , two , three and four","one , two , three and four",LOC,8,8
LOC:three and four,three and four,LOC,8,8
MAINT_ITEM:baffle buttons,baffle buttons,MAINT_ITEM,11,8
MAINT_ITEM:baffle rod,baffle rod,MAINT_ITEM,8,8
MAINT_ITEM:baffle tab,baffle tab,MAINT_ITEM,9,8
MAINT_ITEM:black rtv,black rtv,MAINT_ITEM,8,8
MAINT_ITEM:cooling baffle,cooling baffle,MAINT_ITEM,8,8
MAINT_ITEM:covers,covers,MAINT_ITEM,8,8
MAINT_ITEM:data,data,MAINT_ITEM,9,8
MAINT_ITEM:dipstick tube,dipstick tube,MAINT_ITEM,10,8
MAINT_ITEM:doubler,doubler,MAINT_ITEM,11,8
MAINT_ITEM:hoses,hoses,MAINT_ITEM,9,8
MAINT_ITEM:magnetos,magnetos,MAINT_ITEM,8,8
MAINT_ITEM:nut,nut,MAINT_ITEM,11,8
MAINT_ITEM:oil cooler line,oil cooler line,MAINT_ITEM,9,8
MAINT_ITEM:wires,wires,MAINT_ITEM,8,8
OP_CTX:on start,on start,OP_CTX,8,8
OP_CTX:while running up,while running up,OP_CTX,8,8
TECH_OBS:2000 rpm,2000 rpm,TECH_OBS,8,8
"TECH_OBS:compression , forty out of","compression , forty out of",TECH_OBS,8,8
TECH_OBS:specs,specs,TECH_OBS,8,8
ABN_PROC:air coming out exhaus,air coming out exhaus,ABN_PROC,7,7
ABN_PROC:rpm dropped,rpm dropped,ABN_PROC,7,7
ABN_PROC:shaking,shaking,ABN_PROC,7,7
ABN_PROC:shutdown,shutdown,ABN_PROC,7,7
ABN_PROC:unusually rough,unusually rough,ABN_PROC,7,7
ABN_PROC:vibrations,vibrations,ABN_PROC,7,7
ACTION:compression test,compression test,ACTION,7,7
ACTION:installation,installation,ACTION,7,7
ACTION:resealed,resealed,ACTION,7,7
ACTION:routed,routed,ACTION,7,7
ACTION:time change,time change,ACTION,7,7
ACTION:to check,to check,ACTION,7,7
ACTION:warmed,warmed,ACTION,7,7
FAULT:bent,bent,FAULT,7,7
FAULT:dead,dead,FAULT,7,7
FAULT:gouged,gouged,FAULT,7,7
FAULT:inoperable,inoperable,FAULT,7,7
"LOC:number one , and number four","number one , and number four",LOC,8,7
LOC:number two and number one,number two and number one,LOC,7,7
MAINT_ITEM:baffle screws,baffle screws,MAINT_ITEM,7,7
MAINT_ITEM:baffle support bracket,baffle support bracket,MAINT_ITEM,7,7
MAINT_ITEM:baffle wire,baffle wire,MAINT_ITEM,7,7
MAINT_ITEM:cover,cover,MAINT_ITEM,7,7
MAINT_ITEM:crankshaft seal,crankshaft seal,MAINT_ITEM,7,7
MAINT_ITEM:dipstick,dipstick,MAINT_ITEM,9,7
MAINT_ITEM:fingers,fingers,MAINT_ITEM,7,7
MAINT_ITEM:grommet,grommet,MAINT_ITEM,10,7
MAINT_ITEM:high temperature silicone,high temperature silicone,MAINT_ITEM,7,7
MAINT_ITEM:holes,holes,MAINT_ITEM,7,7
MAINT_ITEM:injector,injector,MAINT_ITEM,7,7
MAINT_ITEM:intercylinder,intercylinder,MAINT_ITEM,8,7
MAINT_ITEM:mineral oil,mineral oil,MAINT_ITEM,7,7
MAINT_ITEM:muffler shroud,muffler shroud,MAINT_ITEM,7,7
MAINT_ITEM:new hardware,new hardware,MAINT_ITEM,7,7
MAINT_ITEM:oil coolers,oil coolers,MAINT_ITEM,11,7
MAINT_ITEM:oil tube,oil tube,MAINT_ITEM,7,7
MAINT_ITEM:rockers,rockers,MAINT_ITEM,8,7
MAINT_ITEM:vacuum pump,vacuum pump,MAINT_ITEM,7,7
OP_CTX:on engine start,on engine start,OP_CTX,7,7
OUTCOME:could not duplicate,could not duplicate,OUTCOME,7,7
TECH_OBS:eight quarts,eight quarts,TECH_OBS,7,7
ABN_PROC:back fired,back fired,ABN_PROC,6,6
ABN_PROC:died,died,ABN_PROC,6,6
ABN_PROC:oversped,oversped,ABN_PROC,6,6
ABN_PROC:would not start,would not start,ABN_PROC,6,6
ACTION:change,change,ACTION,6,6
ACTION:downloaded,downloaded,ACTION,6,6
ACTION:further inspection,further inspection,ACTION,6,6
ACTION:operations and leak checked,operations and leak checked,ACTION,6,6
ACTION:prepped,prepped,ACTION,6,6
ACTION:seasonal adjustment,seasonal adjustment,ACTION,6,6
FAULT:galled,galled,FAULT,6,6
FAULT:scored,scored,FAULT,6,6
FAULT:stripped,stripped,FAULT,6,6
FAULT:worn through,worn through,FAULT,6,6
LOC:inner,inner,LOC,6,6
LOC:lower forward,lower forward,LOC,6,6
LOC:number one side,number one side,LOC,6,6
"LOC:numbers one , two , three , and four","numbers one , two , three , and four",LOC,6,6
"LOC:one , two and three","one , two and three",LOC,6,6
MAINT_ITEM:c clip,c clip,MAINT_ITEM,6,6
MAINT_ITEM:chafe tape,chafe tape,MAINT_ITEM,9,6
MAINT_ITEM:connecting rod,connecting rod,MAINT_ITEM,6,6
MAINT_ITEM:crankcase,crankcase,MAINT_ITEM,6,6
MAINT_ITEM:egt,egt,MAINT_ITEM,7,6
MAINT_ITEM:exhaust stack,exhaust stack,MAINT_ITEM,6,6
MAINT_ITEM:exhaust va,exhaust va,MAINT_ITEM,6,6
MAINT_ITEM:exhaust valves,exhaust valves,MAINT_ITEM,7,6
MAINT_ITEM:fdm data,fdm data,MAINT_ITEM,6,6
MAINT_ITEM:induction tube gaskets,induction tube gaskets,MAINT_ITEM,9,6
MAINT_ITEM:oil line,oil line,MAINT_ITEM,6,6
MAINT_ITEM:oil lines,oil lines,MAINT_ITEM,6,6
MAINT_ITEM:oil return,oil return,MAINT_ITEM,7,6
MAINT_ITEM:oil screen,oil screen,MAINT_ITEM,6,6
MAINT_ITEM:paint,paint,MAINT_ITEM,9,6
MAINT_ITEM:primer line,primer line,MAINT_ITEM,8,6
MAINT_ITEM:rocker box covers,rocker box covers,MAINT_ITEM,6,6
MAINT_ITEM:rocker drain line,rocker drain line,MAINT_ITEM,8,6
MAINT_ITEM:rocker drain lines,rocker drain lines,MAINT_ITEM,6,6
MAINT_ITEM:sd card,sd card,MAINT_ITEM,6,6
MAINT_ITEM:section,section,MAINT_ITEM,6,6
MAINT_ITEM:starter,starter,MAINT_ITEM,7,6
MAINT_ITEM:throttl,throttl,MAINT_ITEM,6,6
MAINT_ITEM:upper,upper,MAINT_ITEM,6,6
OP_CTX:ground reference maneuvers,ground reference maneuvers,OP_CTX,6,6
TECH_OBS:1600 rpm,1600 rpm,TECH_OBS,6,6
TECH_OBS:compression fifty out of,compression fifty out of,TECH_OBS,6,6
TECH_OBS:momentary,momentary,TECH_OBS,6,6
ABN_PROC:back fired when,back fired when,ABN_PROC,5,5
ABN_PROC:began to struggle,began to struggle,ABN_PROC,5,5
ABN_PROC:came into cont,came into cont,ABN_PROC,5,5
ABN_PROC:coughed often,coughed often,ABN_PROC,5,5
ABN_PROC:does not run,does not run,ABN_PROC,5,5
ABN_PROC:dropped,dropped,ABN_PROC,5,5
ABN_PROC:exceeded,exceeded,ABN_PROC,5,5
ABN_PROC:leaking through,leaking through,ABN_PROC,5,5
ABN_PROC:sputtering,sputtering,ABN_PROC,5,5
ABN_PROC:very rough,very rough,ABN_PROC,5,5
ABN_PROC:vibrating,vibrating,ABN_PROC,5,5
ABN_PROC:wearing,wearing,ABN_PROC,5,5
ABN_PROC:won ' t start,won ' t start,ABN_PROC,5,5
ACTION:break-in flight,break-in flight,ACTION,5,5
ACTION:clean,clean,ACTION,5,5
ACTION:completed install,completed install,ACTION,5,5
ACTION:drilled out,drilled out,ACTION,5,5
ACTION:dry tappet clearance check,dry tappet clearance check,ACTION,5,5
ACTION:fogging,fogging,ACTION,5,5
ACTION:ground,ground,ACTION,6,5
ACTION:honed,honed,ACTION,5,5
ACTION:lapped,lapped,ACTION,5,5
ACTION:mixture check,mixture check,ACTION,5,5
ACTION:painted,painted,ACTION,6,5
ACTION:performed,performed,ACTION,5,5
ACTION:rerouted,rerouted,ACTION,5,5
ACTION:reswaged,reswaged,ACTION,5,5
ACTION:run,run,ACTION,5,5
ACTION:test flight,test flight,ACTION,6,5
FAULT:chafed,chafed,FAULT,5,5
FAULT:no tem,no tem,FAULT,5,5
FAULT:timed out,timed out,FAULT,5,5
LOC:number four and number two,number four and number two,LOC,5,5
LOC:number three side,number three side,LOC,5,5
LOC:number two and number four side,number two and number four side,LOC,5,5
MAINT_ITEM:accessories,accessories,MAINT_ITEM,5,5
MAINT_ITEM:air filter,air filter,MAINT_ITEM,6,5
MAINT_ITEM:alternator belt,alternator belt,MAINT_ITEM,5,5
MAINT_ITEM:baffle bolt,baffle bolt,MAINT_ITEM,6,5
MAINT_ITEM:baffle mounting bracket,baffle mounting bracket,MAINT_ITEM,6,5
MAINT_ITEM:baffle support rod,baffle support rod,MAINT_ITEM,5,5
MAINT_ITEM:baffle tie wire,baffle tie wire,MAINT_ITEM,7,5
MAINT_ITEM:brace,brace,MAINT_ITEM,5,5
MAINT_ITEM:carb airbox,carb airbox,MAINT_ITEM,6,5
MAINT_ITEM:case halves,case halves,MAINT_ITEM,5,5
MAINT_ITEM:control cable,control cable,MAINT_ITEM,5,5
MAINT_ITEM:exhaust valve guides,exhaust valve guides,MAINT_ITEM,5,5
MAINT_ITEM:fdm card,fdm card,MAINT_ITEM,5,5
MAINT_ITEM:filter,filter,MAINT_ITEM,5,5
MAINT_ITEM:fitting,fitting,MAINT_ITEM,6,5
MAINT_ITEM:fuel pump,fuel pump,MAINT_ITEM,6,5
MAINT_ITEM:intake pipe,intake pipe,MAINT_ITEM,5,5
MAINT_ITEM:lacing cord,lacing cord,MAINT_ITEM,5,5
MAINT_ITEM:like materi,like materi,MAINT_ITEM,5,5
MAINT_ITEM:oil dipstick,oil dipstick,MAINT_ITEM,5,5
MAINT_ITEM:oil dipstick tube,oil dipstick tube,MAINT_ITEM,5,5
MAINT_ITEM:oil fill tube,oil fill tube,MAINT_ITEM,5,5
MAINT_ITEM:part,part,MAINT_ITEM,7,5
MAINT_ITEM:possible,possible,MAINT_ITEM,5,5
MAINT_ITEM:push rod seals,push rod seals,MAINT_ITEM,5,5
MAINT_ITEM:rings,rings,MAINT_ITEM,5,5
MAINT_ITEM:rocker box,rocker box,MAINT_ITEM,5,5
MAINT_ITEM:rocker box cover,rocker box cover,MAINT_ITEM,5,5
MAINT_ITEM:sprayer nozzle,sprayer nozzle,MAINT_ITEM,5,5
MAINT_ITEM:threads,threads,MAINT_ITEM,8,5
MAINT_ITEM:tip,tip,MAINT_ITEM,5,5
MAINT_ITEM:valve cover gaskets,valve cover gaskets,MAINT_ITEM,7,5
MAINT_ITEM:valve covers,valve covers,MAINT_ITEM,6,5
OP_CTX:after takeoff,after takeoff,OP_CTX,5,5
OP_CTX:during auto recovery,during auto recovery,OP_CTX,5,5
OP_CTX:during cruise,during cruise,OP_CTX,5,5
OP_CTX:during engine start,during engine start,OP_CTX,5,5
OP_CTX:during steep turns,during steep turns,OP_CTX,5,5
OP_CTX:full power,full power,OP_CTX,5,5
OP_CTX:in straight and level flight,in straight and level flight,OP_CTX,5,5
OP_CTX:in traffic pattern,in traffic pattern,OP_CTX,5,5
OUTCOME:unable to duplicate discrepancy,unable to duplicate discrepancy,OUTCOME,5,5
REFERENCE:lycoming overhaul,lycoming overhaul,REFERENCE,5,5
REFERENCE:lycoming overhaul manual,lycoming overhaul manual,REFERENCE,5,5
TECH_OBS:1800 rpm,1800 rpm,TECH_OBS,5,5
TECH_OBS:3500,3500,TECH_OBS,5,5
"TECH_OBS:compression , thirty out of","compression , thirty out of",TECH_OBS,5,5
TECH_OBS:less than five percent,less than five percent,TECH_OBS,5,5
TECH_OBS:manufacturer,manufacturer,TECH_OBS,5,5
TECH_OBS:two,two,TECH_OBS,5,5
ABN_PROC:could not start,could not start,ABN_PROC,4,4
ABN_PROC:idles very irratically,idles very irratically,ABN_PROC,4,4
ABN_PROC:smoked out,smoked out,ABN_PROC,4,4
ACTION:added,added,ACTION,4,4
ACTION:assembled,assembled,ACTION,4,4
ACTION:attempted to start,attempted to start,ACTION,4,4
ACTION:borescoped,borescoped,ACTION,4,4
ACTION:clearance check,clearance check,ACTION,4,4
ACTION:complied,complied,ACTION,4,4
ACTION:finished installation,finished installation,ACTION,4,4
ACTION:finished installing,finished installing,ACTION,4,4
ACTION:fogged,fogged,ACTION,5,4
ACTION:leak and operations check,leak and operations check,ACTION,4,4
ACTION:loosened,loosened,ACTION,4,4
ACTION:measured,measured,ACTION,4,4
ACTION:reconnected,reconnected,ACTION,4,4
ACTION:replaced replaced,replaced replaced,ACTION,4,4
ACTION:researched,researched,ACTION,4,4
ACTION:reswedged,reswedged,ACTION,5,4
ACTION:retrieved,retrieved,ACTION,4,4
ACTION:stripped,stripped,ACTION,4,4
ACTION:swedged,swedged,ACTION,4,4
ACTION:timed,timed,ACTION,4,4
FAULT:bad compression,bad compression,FAULT,4,4
FAULT:elongated,elongated,FAULT,4,4
FAULT:several cracks,several cracks,FAULT,4,4
FAULT:tight,tight,FAULT,4,4
FAULT:wear,wear,FAULT,4,4
LOC:connection point,connection point,LOC,4,4
LOC:left aft,left aft,LOC,4,4
LOC:number one and number three side,number one and number three side,LOC,4,4
"LOC:number two , and number one","number two , and number one",LOC,4,4
LOC:number two side,number two side,LOC,4,4
"LOC:one , two , and four","one , two , and four",LOC,4,4
"LOC:one , two and four","one , two and four",LOC,5,4
LOC:top and bottom,top and bottom,LOC,4,4
MAINT_ITEM:airframe,airframe,MAINT_ITEM,4,4
MAINT_ITEM:baffle assembly,baffle assembly,MAINT_ITEM,4,4
MAINT_ITEM:baffle button plug,baffle button plug,MAINT_ITEM,4,4
MAINT_ITEM:baffle connecting rod,baffle connecting rod,MAINT_ITEM,5,4
MAINT_ITEM:baffle material,baffle material,MAINT_ITEM,6,4
MAINT_ITEM:baffle seal rivet,baffle seal rivet,MAINT_ITEM,4,4
MAINT_ITEM:baffle tie rods,baffle tie rods,MAINT_ITEM,5,4
MAINT_ITEM:buttons,buttons,MAINT_ITEM,4,4
MAINT_ITEM:connecting rod exchange,connecting rod exchange,MAINT_ITEM,4,4
MAINT_ITEM:core engine,core engine,MAINT_ITEM,4,4
MAINT_ITEM:cylinder base,cylinder base,MAINT_ITEM,4,4
MAINT_ITEM:data plate,data plate,MAINT_ITEM,5,4
MAINT_ITEM:drain line,drain line,MAINT_ITEM,6,4
MAINT_ITEM:drain tube,drain tube,MAINT_ITEM,4,4
MAINT_ITEM:edges,edges,MAINT_ITEM,4,4
MAINT_ITEM:engine assembly,engine assembly,MAINT_ITEM,5,4
MAINT_ITEM:engine baffling,engine baffling,MAINT_ITEM,5,4
MAINT_ITEM:exhaust guide,exhaust guide,MAINT_ITEM,4,4
MAINT_ITEM:exhaust push rod seal,exhaust push rod seal,MAINT_ITEM,5,4
MAINT_ITEM:exhaust rocker,exhaust rocker,MAINT_ITEM,4,4
MAINT_ITEM:fdm card data,fdm card data,MAINT_ITEM,4,4
MAINT_ITEM:forward stage nozzle,forward stage nozzle,MAINT_ITEM,4,4
MAINT_ITEM:hose clamp,hose clamp,MAINT_ITEM,6,4
MAINT_ITEM:inlet,inlet,MAINT_ITEM,4,4
MAINT_ITEM:lifters,lifters,MAINT_ITEM,4,4
MAINT_ITEM:lock washer,lock washer,MAINT_ITEM,5,4
MAINT_ITEM:ninety out of eighty bracket,ninety out of eighty bracket,MAINT_ITEM,4,4
MAINT_ITEM:oil cooler hose,oil cooler hose,MAINT_ITEM,4,4
MAINT_ITEM:oil drain line,oil drain line,MAINT_ITEM,5,4
MAINT_ITEM:oil pressure line,oil pressure line,MAINT_ITEM,4,4
MAINT_ITEM:piston rings,piston rings,MAINT_ITEM,4,4
MAINT_ITEM:ring gear,ring gear,MAINT_ITEM,4,4
MAINT_ITEM:rivet head,rivet head,MAINT_ITEM,4,4
MAINT_ITEM:rocker shaft,rocker shaft,MAINT_ITEM,4,4
MAINT_ITEM:screen,screen,MAINT_ITEM,4,4
MAINT_ITEM:scroll,scroll,MAINT_ITEM,7,4
MAINT_ITEM:silicone gaskets,silicone gaskets,MAINT_ITEM,4,4
MAINT_ITEM:spiral wrap,spiral wrap,MAINT_ITEM,5,4
MAINT_ITEM:support,support,MAINT_ITEM,4,4
MAINT_ITEM:tangs,tangs,MAINT_ITEM,4,4
MAINT_ITEM:through,through,MAINT_ITEM,4,4
MAINT_ITEM:tubes,tubes,MAINT_ITEM,4,4
MAINT_ITEM:zip ties,zip ties,MAINT_ITEM,6,4
OP_CTX:after engine start up,after engine start up,OP_CTX,4,4
OP_CTX:during climb out,during climb out,OP_CTX,4,4
OP_CTX:during taxi,during taxi,OP_CTX,4,4
OP_CTX:start,start,OP_CTX,4,4
OUTCOME:no damage noted,no damage noted,OUTCOME,4,4
REFERENCE:standard reference manual,standard reference manual,REFERENCE,4,4
TECH_OBS:1 second,1 second,TECH_OBS,4,4
TECH_OBS:2720 rpm,2720 rpm,TECH_OBS,4,4
TECH_OBS:3400 rpm,3400 rpm,TECH_OBS,4,4
TECH_OBS:350 rpm,350 rpm,TECH_OBS,4,4
TECH_OBS:below 1150 rpm,below 1150 rpm,TECH_OBS,4,4
TECH_OBS:compression 20/80,compression 20/80,TECH_OBS,4,4
TECH_OBS:compression at 35,compression at 35,TECH_OBS,4,4
TECH_OBS:compression at 45/80,compression at 45/80,TECH_OBS,4,4
TECH_OBS:compression below 40 psi,compression below 40 psi,TECH_OBS,4,4
TECH_OBS:compression fifteen out of,compression fifteen out of,TECH_OBS,4,4
TECH_OBS:compression test was 35/80,compression test was 35/80,TECH_OBS,4,4
TECH_OBS:egt,egt,TECH_OBS,4,4
TECH_OBS:gain access,gain access,TECH_OBS,4,4
TECH_OBS:high rpm,high rpm,TECH_OBS,4,4
TECH_OBS:idle override,idle override,TECH_OBS,4,4
TECH_OBS:oil pressure read 100-105 psi,oil pressure read 100-105 psi,TECH_OBS,4,4
TECH_OBS:operating temperature,operating temperature,TECH_OBS,4,4
TECH_OBS:operating temperatures,operating temperatures,TECH_OBS,4,4
TECH_OBS:rpm ' s,rpm ' s,TECH_OBS,4,4
TECH_OBS:running fine,running fine,TECH_OBS,4,4
TECH_OBS:several places,several places,TECH_OBS,4,4
TECH_OBS:several times,several times,TECH_OBS,4,4
TECH_OBS:tension,tension,TECH_OBS,4,4
TECH_OBS:three times,three times,TECH_OBS,4,4
ABN_PROC:air noted,air noted,ABN_PROC,3,3
ABN_PROC:back firing,back firing,ABN_PROC,3,3
ABN_PROC:backfired,backfired,ABN_PROC,3,3
ABN_PROC:became incredibly rough,became incredibly rough,ABN_PROC,3,3
ABN_PROC:became rough,became rough,ABN_PROC,3,3
ABN_PROC:coming out,coming out,ABN_PROC,3,3
ABN_PROC:fluctuating,fluctuating,ABN_PROC,3,3
ABN_PROC:lost,lost,ABN_PROC,3,3
ABN_PROC:power reduc,power reduc,ABN_PROC,3,3
ABN_PROC:ran consistantly rough,ran consistantly rough,ABN_PROC,3,3
ABN_PROC:rough chopping noise,rough chopping noise,ABN_PROC,3,3
ABN_PROC:run rough,run rough,ABN_PROC,3,3
ABN_PROC:started normally,started normally,ABN_PROC,3,3
ABN_PROC:would not increase,would not increase,ABN_PROC,3,3
ABN_PROC:wouldn ' t go to full power,wouldn ' t go to full power,ABN_PROC,3,3
ACTION:assisted,assisted,ACTION,3,3
ACTION:attached,attached,ACTION,3,3
ACTION:began installing,began installing,ACTION,3,3
ACTION:capped,capped,ACTION,3,3
ACTION:completed assembly,completed assembly,ACTION,3,3
ACTION:completed removal,completed removal,ACTION,3,3
ACTION:compressions,compressions,ACTION,4,3
ACTION:drained,drained,ACTION,3,3
ACTION:dressed,dressed,ACTION,3,3
ACTION:filled,filled,ACTION,3,3
ACTION:ground ran,ground ran,ACTION,3,3
ACTION:idle mixture check,idle mixture check,ACTION,3,3
ACTION:inspecte,inspecte,ACTION,3,3
ACTION:installe,installe,ACTION,3,3
ACTION:magneto checks,magneto checks,ACTION,3,3
ACTION:magnetos check,magnetos check,ACTION,3,3
ACTION:observed,observed,ACTION,3,3
ACTION:reassembly,reassembly,ACTION,3,3
ACTION:received,received,ACTION,3,3
ACTION:rechecked,rechecked,ACTION,3,3
ACTION:reinstall,reinstall,ACTION,3,3
ACTION:restarted,restarted,ACTION,3,3
ACTION:rigged,rigged,ACTION,3,3
ACTION:run up leak check,run up leak check,ACTION,3,3
ACTION:secure,secure,ACTION,3,3
ACTION:separated,separated,ACTION,3,3
ACTION:started installation,started installation,ACTION,3,3
ACTION:started removing,started removing,ACTION,3,3
ACTION:swaged,swaged,ACTION,3,3
ACTION:swapped,swapped,ACTION,4,3
ACTION:test,test,ACTION,3,3
ACTION:tightening,tightening,ACTION,3,3
FAULT:fails,fails,FAULT,3,3
FAULT:high,high,FAULT,3,3
FAULT:nicked,nicked,FAULT,3,3
FAULT:not attached,not attached,FAULT,3,3
FAULT:not connected,not connected,FAULT,3,3
FAULT:zero,zero,FAULT,3,3
LOC:forward side,forward side,LOC,3,3
LOC:left rear,left rear,LOC,4,3
LOC:left-hand bottom,left-hand bottom,LOC,3,3
LOC:lower aft,lower aft,LOC,4,3
LOC:number four side,number four side,LOC,3,3
LOC:number three and number,number three and number,LOC,3,3
"LOC:numbers three , four","numbers three , four",LOC,3,3
LOC:one and four,one and four,LOC,3,3
LOC:right side,right side,LOC,4,3
LOC:three or four,three or four,LOC,3,3
LOC:under,under,LOC,3,3
MAINT_ITEM:adel clamps,adel clamps,MAINT_ITEM,6,3
MAINT_ITEM:air filter box,air filter box,MAINT_ITEM,3,3
MAINT_ITEM:attaching hardware,attaching hardware,MAINT_ITEM,3,3
MAINT_ITEM:b nuts,b nuts,MAINT_ITEM,4,3
MAINT_ITEM:backbone bolt,backbone bolt,MAINT_ITEM,3,3
MAINT_ITEM:baff,baff,MAINT_ITEM,3,3
MAINT_ITEM:baffle access hole,baffle access hole,MAINT_ITEM,3,3
MAINT_ITEM:baffle brace,baffle brace,MAINT_ITEM,3,3
MAINT_ITEM:baffle button,baffle button,MAINT_ITEM,3,3
MAINT_ITEM:baffle cylinder,baffle cylinder,MAINT_ITEM,3,3
MAINT_ITEM:baffle mount screw,baffle mount screw,MAINT_ITEM,3,3
MAINT_ITEM:baffle plug doubler,baffle plug doubler,MAINT_ITEM,3,3
MAINT_ITEM:baffle plug holes,baffle plug holes,MAINT_ITEM,3,3
MAINT_ITEM:baffle spark plug,baffle spark plug,MAINT_ITEM,3,3
MAINT_ITEM:baffling connecting rod,baffling connecting rod,MAINT_ITEM,3,3
MAINT_ITEM:barrel nut,barrel nut,MAINT_ITEM,4,3
MAINT_ITEM:black baffle seal,black baffle seal,MAINT_ITEM,3,3
MAINT_ITEM:bolt hole,bolt hole,MAINT_ITEM,3,3
MAINT_ITEM:bulkhead,bulkhead,MAINT_ITEM,3,3
MAINT_ITEM:cables,cables,MAINT_ITEM,3,3
MAINT_ITEM:center,center,MAINT_ITEM,3,3
MAINT_ITEM:cooler,cooler,MAINT_ITEM,3,3
MAINT_ITEM:corner,corner,MAINT_ITEM,3,3
MAINT_ITEM:cowl bracket,cowl bracket,MAINT_ITEM,3,3
MAINT_ITEM:cowl shock mount,cowl shock mount,MAINT_ITEM,6,3
MAINT_ITEM:cowls,cowls,MAINT_ITEM,4,3
MAINT_ITEM:doubler plate,doubler plate,MAINT_ITEM,3,3
MAINT_ITEM:engine breather support,engine breather support,MAINT_ITEM,3,3
MAINT_ITEM:engine cover,engine cover,MAINT_ITEM,4,3
MAINT_ITEM:engine inlet,engine inlet,MAINT_ITEM,3,3
MAINT_ITEM:enigne,enigne,MAINT_ITEM,3,3
MAINT_ITEM:exhaust guides,exhaust guides,MAINT_ITEM,3,3
MAINT_ITEM:exhaust push rod tube,exhaust push rod tube,MAINT_ITEM,3,3
MAINT_ITEM:exhaust system,exhaust system,MAINT_ITEM,3,3
"MAINT_ITEM:exhaust valve , two","exhaust valve , two",MAINT_ITEM,3,3
MAINT_ITEM:fittings,fittings,MAINT_ITEM,3,3
MAINT_ITEM:flight data,flight data,MAINT_ITEM,3,3
MAINT_ITEM:flywheel,flywheel,MAINT_ITEM,3,3
MAINT_ITEM:fuel injector line,fuel injector line,MAINT_ITEM,3,3
MAINT_ITEM:fuel lines,fuel lines,MAINT_ITEM,3,3
MAINT_ITEM:housing,housing,MAINT_ITEM,3,3
MAINT_ITEM:intake gasket tube,intake gasket tube,MAINT_ITEM,3,3
MAINT_ITEM:intake pipe gasket,intake pipe gasket,MAINT_ITEM,3,3
MAINT_ITEM:intake pipes,intake pipes,MAINT_ITEM,3,3
MAINT_ITEM:intake screen,intake screen,MAINT_ITEM,4,3
MAINT_ITEM:intercylinder baffle,intercylinder baffle,MAINT_ITEM,3,3
MAINT_ITEM:lock nuts,lock nuts,MAINT_ITEM,3,3
MAINT_ITEM:nacelle,nacelle,MAINT_ITEM,3,3
MAINT_ITEM:nutplate,nutplate,MAINT_ITEM,3,3
MAINT_ITEM:o-ring,o-ring,MAINT_ITEM,3,3
MAINT_ITEM:oil cooler bolt,oil cooler bolt,MAINT_ITEM,3,3
MAINT_ITEM:oil cooler flange,oil cooler flange,MAINT_ITEM,3,3
MAINT_ITEM:oil filter,oil filter,MAINT_ITEM,3,3
MAINT_ITEM:parts,parts,MAINT_ITEM,3,3
MAINT_ITEM:pistons,pistons,MAINT_ITEM,3,3
MAINT_ITEM:propeller cont,propeller cont,MAINT_ITEM,3,3
MAINT_ITEM:propeller governor,propeller governor,MAINT_ITEM,3,3
MAINT_ITEM:propeller tip,propeller tip,MAINT_ITEM,3,3
MAINT_ITEM:push rod seal,push rod seal,MAINT_ITEM,3,3
MAINT_ITEM:rocker box gasket,rocker box gasket,MAINT_ITEM,3,3
MAINT_ITEM:rubber baffle,rubber baffle,MAINT_ITEM,4,3
MAINT_ITEM:spark,spark,MAINT_ITEM,3,3
MAINT_ITEM:spark plug access hole,spark plug access hole,MAINT_ITEM,4,3
MAINT_ITEM:staple,staple,MAINT_ITEM,3,3
MAINT_ITEM:tab,tab,MAINT_ITEM,3,3
MAINT_ITEM:throttle linkage,throttle linkage,MAINT_ITEM,4,3
MAINT_ITEM:thrust buttons,thrust buttons,MAINT_ITEM,3,3
MAINT_ITEM:tie rods,tie rods,MAINT_ITEM,3,3
MAINT_ITEM:tie wire,tie wire,MAINT_ITEM,3,3
MAINT_ITEM:upper baffle,upper baffle,MAINT_ITEM,3,3
MAINT_ITEM:upper baffle seal,upper baffle seal,MAINT_ITEM,3,3
MAINT_ITEM:valve guide,valve guide,MAINT_ITEM,3,3
MAINT_ITEM:valve train,valve train,MAINT_ITEM,3,3
MAINT_ITEM:wire,wire,MAINT_ITEM,3,3
MAINT_ITEM:wire bundle,wire bundle,MAINT_ITEM,3,3
OP_CTX:60 secs after start,60 secs after start,OP_CTX,3,3
OP_CTX:a few high power man,a few high power man,OP_CTX,3,3
OP_CTX:after engine start lean procedure,after engine start lean procedure,OP_CTX,3,3
OP_CTX:after landing,after landing,OP_CTX,3,3
OP_CTX:after storage,after storage,OP_CTX,3,3
OP_CTX:during shutdown checklist,during shutdown checklist,OP_CTX,3,3
OP_CTX:during start up,during start up,OP_CTX,3,3
OP_CTX:on aircraft run up,on aircraft run up,OP_CTX,3,3
OP_CTX:on application of fu,on application of fu,OP_CTX,3,3
OP_CTX:on ground,on ground,OP_CTX,3,3
OP_CTX:on long final,on long final,OP_CTX,3,3
OP_CTX:on post run up,on post run up,OP_CTX,3,3
OP_CTX:on takeoff,on takeoff,OP_CTX,3,3
OP_CTX:unusual attitude,unusual attitude,OP_CTX,3,3
OP_CTX:while in level flight,while in level flight,OP_CTX,3,3
OP_CTX:while taxiing,while taxiing,OP_CTX,3,3
OUTCOME:goo,goo,OUTCOME,3,3
OUTCOME:no affect,no affect,OUTCOME,3,3
OUTCOME:no change,no change,OUTCOME,3,3
OUTCOME:no damage,no damage,OUTCOME,3,3
OUTCOME:no def,no def,OUTCOME,3,3
OUTCOME:no defects found,no defects found,OUTCOME,3,3
OUTCOME:no further action requir,no further action requir,OUTCOME,3,3
OUTCOME:no further defects noted,no further defects noted,OUTCOME,3,3
OUTCOME:no leaks,no leaks,OUTCOME,3,3
REFERENCE:lycom,lycom,REFERENCE,3,3
TECH_OBS:1200 rp,1200 rp,TECH_OBS,3,3
TECH_OBS:1560,1560,TECH_OBS,3,3
TECH_OBS:1700 rpm,1700 rpm,TECH_OBS,3,3
TECH_OBS:20/80,20/80,TECH_OBS,3,3
TECH_OBS:200-300 rpm,200-300 rpm,TECH_OBS,3,3
TECH_OBS:2720,2720,TECH_OBS,3,3
TECH_OBS:approximately 280,approximately 280,TECH_OBS,3,3
TECH_OBS:at.031 inches,at.031 inches,TECH_OBS,3,3
TECH_OBS:at.032 inches,at.032 inches,TECH_OBS,3,3
TECH_OBS:at.033 inches,at.033 inches,TECH_OBS,3,3
TECH_OBS:at.035 inches,at.035 inches,TECH_OBS,3,3
TECH_OBS:compression ( 30 lbs,compression ( 30 lbs,TECH_OBS,3,3
"TECH_OBS:compression , fifty out of","compression , fifty out of",TECH_OBS,3,3
TECH_OBS:compression 18/80,compression 18/80,TECH_OBS,3,3
TECH_OBS:compression forty out of,compression forty out of,TECH_OBS,3,3
TECH_OBS:compressions,compressions,TECH_OBS,3,3
TECH_OBS:exhaust clearance.033 inches,exhaust clearance.033 inches,TECH_OBS,3,3
TECH_OBS:exhaust clearnace.035 inches,exhaust clearnace.035 inches,TECH_OBS,3,3
TECH_OBS:forty out of,forty out of,TECH_OBS,4,3
TECH_OBS:idle setting,idle setting,TECH_OBS,3,3
TECH_OBS:lower temperature,lower temperature,TECH_OBS,3,3
TECH_OBS:magneto drops,magneto drops,TECH_OBS,3,3
TECH_OBS:multiple places,multiple places,TECH_OBS,3,3
TECH_OBS:rpm about 2850,rpm about 2850,TECH_OBS,3,3
TECH_OBS:tappet clearance,tappet clearance,TECH_OBS,3,3
TECH_OBS:three seconds,three seconds,TECH_OBS,3,3
ABN_PROC:coming from exhaust,coming from exhaust,ABN_PROC,2,2
ABN_PROC:contacted,contacted,ABN_PROC,2,2
ABN_PROC:coughed,coughed,ABN_PROC,2,2
ABN_PROC:drop in rpm,drop in rpm,ABN_PROC,2,2
ABN_PROC:hoisting loop,hoisting loop,ABN_PROC,2,2
ABN_PROC:killed,killed,ABN_PROC,2,2
ABN_PROC:leakin,leakin,ABN_PROC,2,2
ABN_PROC:leaky,leaky,ABN_PROC,2,2
ABN_PROC:loud tap,loud tap,ABN_PROC,2,2
ABN_PROC:momentary power hesitation,momentary power hesitation,ABN_PROC,2,2
ABN_PROC:running extremely rough,running extremely rough,ABN_PROC,2,2
ABN_PROC:runs cold,runs cold,ABN_PROC,2,2
ABN_PROC:seepage,seepage,ABN_PROC,2,2
ABN_PROC:shakes violently,shakes violently,ABN_PROC,2,2
ABN_PROC:shock violently,shock violently,ABN_PROC,2,2
ABN_PROC:shut down,shut down,ABN_PROC,2,2
ABN_PROC:slight power loss,slight power loss,ABN_PROC,2,2
ABN_PROC:sounded like,sounded like,ABN_PROC,2,2
ABN_PROC:sputter,sputter,ABN_PROC,2,2
ABN_PROC:sputtered,sputtered,ABN_PROC,2,2
ABN_PROC:started running rough shortly,started running rough shortly,ABN_PROC,2,2
ABN_PROC:sudden stoppage,sudden stoppage,ABN_PROC,2,2
ABN_PROC:vibrated,vibrated,ABN_PROC,2,2
ABN_PROC:waiting,waiting,ABN_PROC,2,2
ABN_PROC:weeping,weeping,ABN_PROC,2,2
ABN_PROC:will not start,will not start,ABN_PROC,2,2
ABN_PROC:would sputter,would sputter,ABN_PROC,2,2
ACTION:adjustment,adjustment,ACTION,2,2
ACTION:analyzed,analyzed,ACTION,2,2
ACTION:began,began,ACTION,2,2
ACTION:began disassembly,began disassembly,ACTION,2,2
ACTION:began fabricating,began fabricating,ACTION,2,2
ACTION:began performing,began performing,ACTION,2,2
ACTION:began replacement,began replacement,ACTION,2,2
ACTION:bleed,bleed,ACTION,2,2
ACTION:bore scoped,bore scoped,ACTION,2,2
ACTION:canned,canned,ACTION,2,2
ACTION:checked torque,checked torque,ACTION,2,2
ACTION:cleaned up,cleaned up,ACTION,2,2
ACTION:cleaning,cleaning,ACTION,2,2
ACTION:cleared,cleared,ACTION,2,2
ACTION:cowled,cowled,ACTION,2,2
ACTION:down,down,ACTION,2,2
ACTION:finished reaming,finished reaming,ACTION,2,2
ACTION:fixed,fixed,ACTION,2,2
ACTION:ground . ran,ground . ran,ACTION,2,2
ACTION:hand spun,hand spun,ACTION,2,2
ACTION:installed repaired,installed repaired,ACTION,2,2
ACTION:installed riveted,installed riveted,ACTION,2,2
ACTION:located,located,ACTION,2,2
ACTION:mounted,mounted,ACTION,2,2
ACTION:moved,moved,ACTION,2,2
ACTION:odegaard,odegaard,ACTION,2,2
ACTION:oil change,oil change,ACTION,2,2
ACTION:ordered,ordered,ACTION,2,2
ACTION:overspeed inspection,overspeed inspection,ACTION,2,2
ACTION:positioned,positioned,ACTION,2,2
ACTION:positioned too,positioned too,ACTION,2,2
ACTION:pre-oiled,pre-oiled,ACTION,2,2
ACTION:prepared,prepared,ACTION,2,2
ACTION:recrimped,recrimped,ACTION,2,2
ACTION:refastened,refastened,ACTION,2,2
ACTION:reglued,reglued,ACTION,3,2
ACTION:reindexed,reindexed,ACTION,2,2
ACTION:reinstal,reinstal,ACTION,2,2
ACTION:removing,removing,ACTION,2,2
ACTION:repairced,repairced,ACTION,2,2
ACTION:replaced completed install,replaced completed install,ACTION,2,2
ACTION:repositioning,repositioning,ACTION,2,2
ACTION:rescured,rescured,ACTION,2,2
ACTION:reseat,reseat,ACTION,2,2
ACTION:retightened,retightened,ACTION,2,2
ACTION:review,review,ACTION,2,2
ACTION:rotated,rotated,ACTION,2,2
ACTION:routing,routing,ACTION,2,2
ACTION:sealed up,sealed up,ACTION,2,2
ACTION:set,set,ACTION,2,2
ACTION:started disassembly,started disassembly,ACTION,2,2
ACTION:started to remove,started to remove,ACTION,2,2
ACTION:straightened,straightened,ACTION,2,2
ACTION:tapped,tapped,ACTION,2,2
ACTION:tightened down,tightened down,ACTION,2,2
ACTION:transferred,transferred,ACTION,2,2
ACTION:tried,tried,ACTION,2,2
ACTION:tried staking,tried staking,ACTION,2,2
ACTION:trimmed,trimmed,ACTION,2,2
ACTION:warmed up,warmed up,ACTION,2,2
FAULT:broke off,broke off,FAULT,2,2
FAULT:cold,cold,FAULT,2,2
FAULT:enlarged,enlarged,FAULT,2,2
FAULT:faulty,faulty,FAULT,2,2
FAULT:fouled,fouled,FAULT,2,2
FAULT:kinked,kinked,FAULT,2,2
FAULT:no egt,no egt,FAULT,2,2
FAULT:no rise,no rise,FAULT,2,2
FAULT:not hitting,not hitting,FAULT,2,2
FAULT:not hooked up,not hooked up,FAULT,2,2
FAULT:not secured,not secured,FAULT,2,2
FAULT:out of place,out of place,FAULT,2,2
FAULT:red x,red x,FAULT,2,2
FAULT:too large,too large,FAULT,2,2
FAULT:too many,too many,FAULT,2,2
FAULT:too short,too short,FAULT,2,2
FAULT:unusual indication,unusual indication,FAULT,2,2
FAULT:wearing,wearing,FAULT,2,2
FAULT:wrench,wrench,FAULT,2,2
FAULT:zero compression,zero compression,FAULT,2,2
LOC:aft inboard,aft inboard,LOC,2,2
LOC:aft side,aft side,LOC,2,2
LOC:back side,back side,LOC,2,2
LOC:base,base,LOC,2,2
LOC:bottom right-hand,bottom right-hand,LOC,2,2
LOC:bottom right-hand side,bottom right-hand side,LOC,2,2
LOC:exhaust side,exhaust side,LOC,2,2
LOC:forward bottom,forward bottom,LOC,2,2
LOC:forward inboard,forward inboard,LOC,2,2
LOC:inboard aft,inboard aft,LOC,2,2
LOC:left and right,left and right,LOC,2,2
LOC:left-hand lower,left-hand lower,LOC,2,2
LOC:lower front,lower front,LOC,2,2
LOC:lower portion,lower portion,LOC,2,2
LOC:lower right,lower right,LOC,2,2
LOC:number 1-78,number 1-78,LOC,3,2
LOC:number 2-75,number 2-75,LOC,2,2
"LOC:number four , and number three","number four , and number three",LOC,2,2
LOC:number four and number one,number four and number one,LOC,2,2
LOC:number one to number three,number one to number three,LOC,2,2
LOC:number one-three,number one-three,LOC,2,2
LOC:number three and number four side,number three and number four side,LOC,2,2
LOC:number three and number one,number three and number one,LOC,2,2
LOC:number two to four,number two to four,LOC,2,2
"LOC:numbers three , four and","numbers three , four and",LOC,2,2
"LOC:numbers three , four and one","numbers three , four and one",LOC,2,2
"LOC:numbers three , two , and four","numbers three , two , and four",LOC,2,2
"LOC:numbers three , two and four","numbers three , two and four",LOC,2,2
"LOC:one , two , and three","one , two , and three",LOC,2,2
LOC:outer,outer,LOC,2,2
LOC:right front,right front,LOC,2,2
LOC:rigid,rigid,LOC,2,2
LOC:three,three,LOC,2,2
LOC:top left-hand,top left-hand,LOC,2,2
LOC:top left-hand side,top left-hand side,LOC,4,2
MAINT_ITEM:29 push rod,29 push rod,MAINT_ITEM,2,2
MAINT_ITEM:access plug,access plug,MAINT_ITEM,2,2
MAINT_ITEM:accessory housing,accessory housing,MAINT_ITEM,2,2
MAINT_ITEM:air door,air door,MAINT_ITEM,2,2
MAINT_ITEM:air inlet,air inlet,MAINT_ITEM,2,2
MAINT_ITEM:anchor assembly,anchor assembly,MAINT_ITEM,4,2
MAINT_ITEM:anchor standby assembly,anchor standby assembly,MAINT_ITEM,4,2
MAINT_ITEM:attach bolt,attach bolt,MAINT_ITEM,2,2
MAINT_ITEM:attaching parts,attaching parts,MAINT_ITEM,2,2
MAINT_ITEM:attachment point,attachment point,MAINT_ITEM,2,2
MAINT_ITEM:back baffle,back baffle,MAINT_ITEM,2,2
MAINT_ITEM:back baffle bracket,back baffle bracket,MAINT_ITEM,2,2
MAINT_ITEM:backbaffle,backbaffle,MAINT_ITEM,2,2
MAINT_ITEM:backbone bolts,backbone bolts,MAINT_ITEM,3,2
MAINT_ITEM:backbone case seam,backbone case seam,MAINT_ITEM,2,2
MAINT_ITEM:baffle attach fitting,baffle attach fitting,MAINT_ITEM,2,2
MAINT_ITEM:baffle brackets,baffle brackets,MAINT_ITEM,2,2
MAINT_ITEM:baffle center,baffle center,MAINT_ITEM,2,2
MAINT_ITEM:baffle connection rod,baffle connection rod,MAINT_ITEM,2,2
MAINT_ITEM:baffle corner,baffle corner,MAINT_ITEM,2,2
MAINT_ITEM:baffle fastener,baffle fastener,MAINT_ITEM,2,2
MAINT_ITEM:baffle hole,baffle hole,MAINT_ITEM,2,2
MAINT_ITEM:baffle hole plugs,baffle hole plugs,MAINT_ITEM,2,2
MAINT_ITEM:baffle interconnect rod,baffle interconnect rod,MAINT_ITEM,3,2
MAINT_ITEM:baffle piece,baffle piece,MAINT_ITEM,2,2
MAINT_ITEM:baffle plug patch,baffle plug patch,MAINT_ITEM,3,2
MAINT_ITEM:baffle plug patches,baffle plug patches,MAINT_ITEM,2,2
MAINT_ITEM:baffle rivet head,baffle rivet head,MAINT_ITEM,2,2
MAINT_ITEM:baffle rivets,baffle rivets,MAINT_ITEM,2,2
MAINT_ITEM:baffle rubber seal,baffle rubber seal,MAINT_ITEM,3,2
MAINT_ITEM:baffle seal section,baffle seal section,MAINT_ITEM,2,2
MAINT_ITEM:baffle seal staples,baffle seal staples,MAINT_ITEM,2,2
MAINT_ITEM:baffling bracket,baffling bracket,MAINT_ITEM,2,2
MAINT_ITEM:baffling seal,baffling seal,MAINT_ITEM,2,2
MAINT_ITEM:baffling support bracket,baffling support bracket,MAINT_ITEM,2,2
MAINT_ITEM:battery mount,battery mount,MAINT_ITEM,2,2
MAINT_ITEM:black silicone,black silicone,MAINT_ITEM,2,2
MAINT_ITEM:both engines,both engines,MAINT_ITEM,2,2
MAINT_ITEM:burner can drain,burner can drain,MAINT_ITEM,2,2
MAINT_ITEM:button plug,button plug,MAINT_ITEM,3,2
MAINT_ITEM:button plugs,button plugs,MAINT_ITEM,3,2
MAINT_ITEM:cable,cable,MAINT_ITEM,2,2
MAINT_ITEM:cam lock,cam lock,MAINT_ITEM,2,2
MAINT_ITEM:carb heat box,carb heat box,MAINT_ITEM,3,2
MAINT_ITEM:carb inlet gaskets,carb inlet gaskets,MAINT_ITEM,2,2
MAINT_ITEM:card data,card data,MAINT_ITEM,2,2
MAINT_ITEM:case bolt,case bolt,MAINT_ITEM,2,2
MAINT_ITEM:case half seam,case half seam,MAINT_ITEM,2,2
MAINT_ITEM:case plug,case plug,MAINT_ITEM,2,2
MAINT_ITEM:center case bolt,center case bolt,MAINT_ITEM,2,2
MAINT_ITEM:chafe wrap,chafe wrap,MAINT_ITEM,2,2
MAINT_ITEM:compressor wash,compressor wash,MAINT_ITEM,2,2
MAINT_ITEM:connecting rods,connecting rods,MAINT_ITEM,2,2
MAINT_ITEM:cooling baffle attachment bracket,cooling baffle attachment bracket,MAINT_ITEM,2,2
MAINT_ITEM:cork gasket,cork gasket,MAINT_ITEM,2,2
MAINT_ITEM:corner bracket,corner bracket,MAINT_ITEM,2,2
MAINT_ITEM:cover gasket,cover gasket,MAINT_ITEM,2,2
MAINT_ITEM:cowli,cowli,MAINT_ITEM,2,2
MAINT_ITEM:crankcase lifting eyebolt,crankcase lifting eyebolt,MAINT_ITEM,2,2
MAINT_ITEM:crankshaft plug,crankshaft plug,MAINT_ITEM,2,2
MAINT_ITEM:cylinder engine,cylinder engine,MAINT_ITEM,2,2
MAINT_ITEM:cylinder fins,cylinder fins,MAINT_ITEM,2,2
MAINT_ITEM:cylinder rocker covers,cylinder rocker covers,MAINT_ITEM,2,2
MAINT_ITEM:cylinder valve,cylinder valve,MAINT_ITEM,2,2
MAINT_ITEM:data card,data card,MAINT_ITEM,2,2
MAINT_ITEM:electrical harness,electrical harness,MAINT_ITEM,2,2
MAINT_ITEM:engine case,engine case,MAINT_ITEM,2,2
MAINT_ITEM:engine mounts,engine mounts,MAINT_ITEM,2,2
MAINT_ITEM:engine section,engine section,MAINT_ITEM,2,2
MAINT_ITEM:engines would vibrate viol,engines would vibrate viol,MAINT_ITEM,2,2
MAINT_ITEM:exhaust push rod tips,exhaust push rod tips,MAINT_ITEM,2,2
MAINT_ITEM:exhaust shroud,exhaust shroud,MAINT_ITEM,2,2
MAINT_ITEM:exhaust tube,exhaust tube,MAINT_ITEM,2,2
MAINT_ITEM:fastener,fastener,MAINT_ITEM,2,2
MAINT_ITEM:felt,felt,MAINT_ITEM,2,2
MAINT_ITEM:ferrous chip,ferrous chip,MAINT_ITEM,2,2
MAINT_ITEM:fire,fire,MAINT_ITEM,2,2
MAINT_ITEM:fire seal,fire seal,MAINT_ITEM,2,2
MAINT_ITEM:flange,flange,MAINT_ITEM,2,2
MAINT_ITEM:flange bolt,flange bolt,MAINT_ITEM,2,2
MAINT_ITEM:frame,frame,MAINT_ITEM,2,2
MAINT_ITEM:fresh gasket,fresh gasket,MAINT_ITEM,2,2
MAINT_ITEM:fuel and oil lines,fuel and oil lines,MAINT_ITEM,2,2
MAINT_ITEM:fuel injector,fuel injector,MAINT_ITEM,2,2
MAINT_ITEM:fuel injector nozzles,fuel injector nozzles,MAINT_ITEM,2,2
MAINT_ITEM:fuel line,fuel line,MAINT_ITEM,2,2
MAINT_ITEM:fuel line support bracket,fuel line support bracket,MAINT_ITEM,3,2
MAINT_ITEM:fuel pump cam,fuel pump cam,MAINT_ITEM,2,2
MAINT_ITEM:fuel servo,fuel servo,MAINT_ITEM,2,2
MAINT_ITEM:fuselage,fuselage,MAINT_ITEM,2,2
MAINT_ITEM:grass,grass,MAINT_ITEM,3,2
MAINT_ITEM:grounding bolt,grounding bolt,MAINT_ITEM,2,2
MAINT_ITEM:grounding strap,grounding strap,MAINT_ITEM,2,2
MAINT_ITEM:grounding strap bolt,grounding strap bolt,MAINT_ITEM,2,2
MAINT_ITEM:guide,guide,MAINT_ITEM,2,2
MAINT_ITEM:head,head,MAINT_ITEM,2,2
MAINT_ITEM:helicopter,helicopter,MAINT_ITEM,2,2
MAINT_ITEM:high temperature sealant,high temperature sealant,MAINT_ITEM,2,2
MAINT_ITEM:hoisting loop,hoisting loop,MAINT_ITEM,2,2
MAINT_ITEM:hold downs,hold downs,MAINT_ITEM,2,2
MAINT_ITEM:hos,hos,MAINT_ITEM,2,2
MAINT_ITEM:hose,hose,MAINT_ITEM,2,2
MAINT_ITEM:idler gear,idler gear,MAINT_ITEM,2,2
MAINT_ITEM:ignition,ignition,MAINT_ITEM,2,2
MAINT_ITEM:impeller,impeller,MAINT_ITEM,4,2
MAINT_ITEM:induction,induction,MAINT_ITEM,2,2
MAINT_ITEM:injector line,injector line,MAINT_ITEM,2,2
MAINT_ITEM:injector nozzles,injector nozzles,MAINT_ITEM,2,2
MAINT_ITEM:inlet screen,inlet screen,MAINT_ITEM,2,2
MAINT_ITEM:inner,inner,MAINT_ITEM,2,2
MAINT_ITEM:intake bolt,intake bolt,MAINT_ITEM,2,2
MAINT_ITEM:intake cylinder,intake cylinder,MAINT_ITEM,2,2
MAINT_ITEM:intake elbow,intake elbow,MAINT_ITEM,2,2
MAINT_ITEM:intake filter,intake filter,MAINT_ITEM,2,2
MAINT_ITEM:intake port,intake port,MAINT_ITEM,2,2
MAINT_ITEM:intake push rod tube inner seal,intake push rod tube inner seal,MAINT_ITEM,2,2
MAINT_ITEM:intake tube inserts,intake tube inserts,MAINT_ITEM,3,2
MAINT_ITEM:intercylinder baffling,intercylinder baffling,MAINT_ITEM,2,2
MAINT_ITEM:lifting eye,lifting eye,MAINT_ITEM,2,2
MAINT_ITEM:lifting eye bolt,lifting eye bolt,MAINT_ITEM,2,2
MAINT_ITEM:like,like,MAINT_ITEM,2,2
MAINT_ITEM:like hardware,like hardware,MAINT_ITEM,2,2
MAINT_ITEM:like mat,like mat,MAINT_ITEM,2,2
MAINT_ITEM:like mater,like mater,MAINT_ITEM,2,2
MAINT_ITEM:like materials,like materials,MAINT_ITEM,4,2
MAINT_ITEM:lueco,lueco,MAINT_ITEM,2,2
MAINT_ITEM:lueco assembly,lueco assembly,MAINT_ITEM,2,2
MAINT_ITEM:maintenance history,maintenance history,MAINT_ITEM,2,2
MAINT_ITEM:manifold psi line,manifold psi line,MAINT_ITEM,3,2
MAINT_ITEM:mating surfaces,mating surfaces,MAINT_ITEM,2,2
MAINT_ITEM:middle,middle,MAINT_ITEM,2,2
MAINT_ITEM:mixture control,mixture control,MAINT_ITEM,2,2
MAINT_ITEM:mounts,mounts,MAINT_ITEM,2,2
MAINT_ITEM:nacelle . pooling,nacelle . pooling,MAINT_ITEM,2,2
MAINT_ITEM:nacelle wiring,nacelle wiring,MAINT_ITEM,2,2
MAINT_ITEM:necessary parts,necessary parts,MAINT_ITEM,2,2
MAINT_ITEM:o-rings,o-rings,MAINT_ITEM,3,2
MAINT_ITEM:oil breather,oil breather,MAINT_ITEM,2,2
MAINT_ITEM:oil cooler oil line,oil cooler oil line,MAINT_ITEM,2,2
MAINT_ITEM:oil drain tube,oil drain tube,MAINT_ITEM,2,2
MAINT_ITEM:oil filte,oil filte,MAINT_ITEM,2,2
MAINT_ITEM:oil plug,oil plug,MAINT_ITEM,2,2
MAINT_ITEM:oil psi line,oil psi line,MAINT_ITEM,2,2
MAINT_ITEM:oil return line clamp,oil return line clamp,MAINT_ITEM,2,2
MAINT_ITEM:oil return line hose clamp,oil return line hose clamp,MAINT_ITEM,2,2
MAINT_ITEM:oil return tube,oil return tube,MAINT_ITEM,2,2
MAINT_ITEM:ones,ones,MAINT_ITEM,2,2
MAINT_ITEM:outer baffling,outer baffling,MAINT_ITEM,2,2
MAINT_ITEM:outer nut,outer nut,MAINT_ITEM,2,2
MAINT_ITEM:p3 filter,p3 filter,MAINT_ITEM,2,2
MAINT_ITEM:particle separator,particle separator,MAINT_ITEM,4,2
MAINT_ITEM:piston assembly,piston assembly,MAINT_ITEM,2,2
MAINT_ITEM:pressure hose,pressure hose,MAINT_ITEM,2,2
MAINT_ITEM:primer,primer,MAINT_ITEM,2,2
MAINT_ITEM:primer line clamp,primer line clamp,MAINT_ITEM,2,2
MAINT_ITEM:primer line sleeve,primer line sleeve,MAINT_ITEM,3,2
MAINT_ITEM:propeller governor cable,propeller governor cable,MAINT_ITEM,2,2
MAINT_ITEM:propeller shaft seal,propeller shaft seal,MAINT_ITEM,2,2
MAINT_ITEM:purposes only,purposes only,MAINT_ITEM,2,2
"MAINT_ITEM:push rod , exhaust , housing gasket","push rod , exhaust , housing gasket",MAINT_ITEM,2,2
MAINT_ITEM:push rod exhaust tube,push rod exhaust tube,MAINT_ITEM,2,2
MAINT_ITEM:push rod tips,push rod tips,MAINT_ITEM,2,2
MAINT_ITEM:push rod tube seals,push rod tube seals,MAINT_ITEM,2,2
MAINT_ITEM:quick drain,quick drain,MAINT_ITEM,4,2
MAINT_ITEM:return line,return line,MAINT_ITEM,2,2
MAINT_ITEM:return lines,return lines,MAINT_ITEM,2,2
MAINT_ITEM:rivnut,rivnut,MAINT_ITEM,4,2
MAINT_ITEM:rocke,rocke,MAINT_ITEM,2,2
MAINT_ITEM:rocker arms,rocker arms,MAINT_ITEM,4,2
MAINT_ITEM:rocker box cover screw,rocker box cover screw,MAINT_ITEM,2,2
MAINT_ITEM:rocker cov,rocker cov,MAINT_ITEM,2,2
MAINT_ITEM:rocker cover drain hose clamps,rocker cover drain hose clamps,MAINT_ITEM,2,2
MAINT_ITEM:rocker cover gask,rocker cover gask,MAINT_ITEM,2,2
MAINT_ITEM:rocker cover seal,rocker cover seal,MAINT_ITEM,2,2
MAINT_ITEM:rocker covers gaskets,rocker covers gaskets,MAINT_ITEM,2,2
MAINT_ITEM:rocker oil return line,rocker oil return line,MAINT_ITEM,2,2
MAINT_ITEM:rocker oil return lines,rocker oil return lines,MAINT_ITEM,2,2
MAINT_ITEM:rtv silicone,rtv silicone,MAINT_ITEM,2,2
MAINT_ITEM:rubber baffle seal,rubber baffle seal,MAINT_ITEM,3,2
MAINT_ITEM:scat tubing,scat tubing,MAINT_ITEM,2,2
MAINT_ITEM:scr,scr,MAINT_ITEM,2,2
MAINT_ITEM:scratch,scratch,MAINT_ITEM,2,2
MAINT_ITEM:screw plate,screw plate,MAINT_ITEM,2,2
MAINT_ITEM:sdie,sdie,MAINT_ITEM,2,2
MAINT_ITEM:seal shows signs,seal shows signs,MAINT_ITEM,2,2
MAINT_ITEM:serviceable baffle,serviceable baffle,MAINT_ITEM,2,2
MAINT_ITEM:serviceable bracket,serviceable bracket,MAINT_ITEM,2,2
MAINT_ITEM:servo,servo,MAINT_ITEM,2,2
MAINT_ITEM:silicone sealant,silicone sealant,MAINT_ITEM,2,2
MAINT_ITEM:sniffler valve,sniffler valve,MAINT_ITEM,2,2
MAINT_ITEM:spark plug access plug,spark plug access plug,MAINT_ITEM,3,2
MAINT_ITEM:spark plug baffle plugs,spark plug baffle plugs,MAINT_ITEM,3,2
MAINT_ITEM:spark plug hole,spark plug hole,MAINT_ITEM,2,2
MAINT_ITEM:spine,spine,MAINT_ITEM,2,2
MAINT_ITEM:spinner,spinner,MAINT_ITEM,2,2
MAINT_ITEM:standoffs,standoffs,MAINT_ITEM,2,2
MAINT_ITEM:staples,staples,MAINT_ITEM,2,2
MAINT_ITEM:start,start,MAINT_ITEM,2,2
MAINT_ITEM:suction screen,suction screen,MAINT_ITEM,2,2
MAINT_ITEM:support bracket,support bracket,MAINT_ITEM,2,2
MAINT_ITEM:thrust button,thrust button,MAINT_ITEM,2,2
MAINT_ITEM:tie wrap,tie wrap,MAINT_ITEM,3,2
MAINT_ITEM:two part epoxy,two part epoxy,MAINT_ITEM,2,2
MAINT_ITEM:upper motor moun,upper motor moun,MAINT_ITEM,2,2
MAINT_ITEM:valve cover,valve cover,MAINT_ITEM,2,2
MAINT_ITEM:valve cover gasket,valve cover gasket,MAINT_ITEM,3,2
MAINT_ITEM:valve seats,valve seats,MAINT_ITEM,2,2
MAINT_ITEM:ver,ver,MAINT_ITEM,2,2
MAINT_ITEM:wings,wings,MAINT_ITEM,2,2
MAINT_ITEM:wire standoff,wire standoff,MAINT_ITEM,2,2
OP_CTX:after completing steep spirals at power idle,after completing steep spirals at power idle,OP_CTX,2,2
OP_CTX:anytime rpms were b,anytime rpms were b,OP_CTX,2,2
OP_CTX:at full throttle,at full throttle,OP_CTX,2,2
OP_CTX:during climb,during climb,OP_CTX,2,2
OP_CTX:during flare phase of landing,during flare phase of landing,OP_CTX,2,2
OP_CTX:during ground run,during ground run,OP_CTX,2,2
OP_CTX:during idle check,during idle check,OP_CTX,2,2
OP_CTX:during landing,during landing,OP_CTX,2,2
OP_CTX:during late takeoff roll and pattern,during late takeoff roll and pattern,OP_CTX,2,2
OP_CTX:during power on stall,during power on stall,OP_CTX,2,2
OP_CTX:during preflight,during preflight,OP_CTX,2,2
OP_CTX:during takeoff at check,during takeoff at check,OP_CTX,2,2
OP_CTX:full mixture,full mixture,OP_CTX,2,2
"OP_CTX:full power , smoothly","full power , smoothly",OP_CTX,2,2
OP_CTX:immediately after engine start,immediately after engine start,OP_CTX,2,2
OP_CTX:in cruise fligh,in cruise fligh,OP_CTX,2,2
OP_CTX:in hangar,in hangar,OP_CTX,2,2
OP_CTX:in hover,in hover,OP_CTX,2,2
OP_CTX:on approach,on approach,OP_CTX,2,2
OP_CTX:on climb out,on climb out,OP_CTX,2,2
OP_CTX:on climbout,on climbout,OP_CTX,2,2
OP_CTX:on compression test,on compression test,OP_CTX,2,2
OP_CTX:on right engine start,on right engine start,OP_CTX,2,2
OP_CTX:run up,run up,OP_CTX,2,2
OP_CTX:student couldn ' t start,student couldn ' t start,OP_CTX,2,2
OP_CTX:take off,take off,OP_CTX,2,2
OP_CTX:takeoff,takeoff,OP_CTX,2,2
OP_CTX:throttle idle,throttle idle,OP_CTX,2,2
OP_CTX:throughout flight,throughout flight,OP_CTX,2,2
OP_CTX:upon run up,upon run up,OP_CTX,2,2
OP_CTX:while in a hover,while in a hover,OP_CTX,2,2
OP_CTX:while taxing,while taxing,OP_CTX,2,2
OUTCOME:correct position,correct position,OUTCOME,2,2
OUTCOME:could not duplicate problem,could not duplicate problem,OUTCOME,2,2
OUTCOME:failed,failed,OUTCOME,2,2
OUTCOME:no,no,OUTCOME,2,2
OUTCOME:no damaged noted,no damaged noted,OUTCOME,2,2
OUTCOME:no defect,no defect,OUTCOME,2,2
OUTCOME:no further,no further,OUTCOME,2,2
OUTCOME:no leaks noted,no leaks noted,OUTCOME,2,2
OUTCOME:no roughness,no roughness,OUTCOME,2,2
OUTCOME:normal,normal,OUTCOME,3,2
OUTCOME:ran smooth,ran smooth,OUTCOME,2,2
OUTCOME:runs smooth,runs smooth,OUTCOME,2,2
OUTCOME:unable to duplicate,unable to duplicate,OUTCOME,2,2
REFERENCE:fouled plug procedure,fouled plug procedure,REFERENCE,2,2
REFERENCE:hmi,hmi,REFERENCE,2,2
REFERENCE:lycoming operations manual,lycoming operations manual,REFERENCE,2,2
REFERENCE:lycoming overh,lycoming overh,REFERENCE,2,2
REFERENCE:maintenance manual,maintenance manual,REFERENCE,2,2
TECH_OBS:# 4 in,# 4 in,TECH_OBS,2,2
TECH_OBS:1-78,1-78,TECH_OBS,3,2
TECH_OBS:2-75,2-75,TECH_OBS,2,2
TECH_OBS:250,250,TECH_OBS,2,2
TECH_OBS:250 rpm,250 rpm,TECH_OBS,2,2
TECH_OBS:25lbs,25lbs,TECH_OBS,2,2
TECH_OBS:26 in,26 in,TECH_OBS,2,2
TECH_OBS:2700,2700,TECH_OBS,2,2
TECH_OBS:2700 rpm,2700 rpm,TECH_OBS,2,2
TECH_OBS:2730 rpm,2730 rpm,TECH_OBS,2,2
TECH_OBS:2770 rpm,2770 rpm,TECH_OBS,3,2
TECH_OBS:55,55,TECH_OBS,2,2
TECH_OBS:5500 feet,5500 feet,TECH_OBS,2,2
TECH_OBS:7 - 10 secs,7 - 10 secs,TECH_OBS,2,2
TECH_OBS:a few seconds,a few seconds,TECH_OBS,2,2
TECH_OBS:about thirty hundred seconds before los,about thirty hundred seconds before los,TECH_OBS,2,2
TECH_OBS:about two minutes,about two minutes,TECH_OBS,2,2
TECH_OBS:approximately three seconds,approximately three seconds,TECH_OBS,2,2
TECH_OBS:battery,battery,TECH_OBS,2,2
TECH_OBS:cht,cht,TECH_OBS,2,2
TECH_OBS:cht and egt,cht and egt,TECH_OBS,2,2
TECH_OBS:compression ( 20/80 psi,compression ( 20/80 psi,TECH_OBS,2,2
"TECH_OBS:compression , forty out of eighty","compression , forty out of eighty",TECH_OBS,2,2
"TECH_OBS:compression , sixteen out of","compression , sixteen out of",TECH_OBS,2,2
TECH_OBS:compression 55 lbs,compression 55 lbs,TECH_OBS,2,2
TECH_OBS:compression fifteen out of eighty,compression fifteen out of eighty,TECH_OBS,3,2
TECH_OBS:compression two out of,compression two out of,TECH_OBS,2,2
TECH_OBS:drop,drop,TECH_OBS,2,2
TECH_OBS:dry tappet clearance,dry tappet clearance,TECH_OBS,2,2
TECH_OBS:exhaust clearnace.033 inches,exhaust clearnace.033 inches,TECH_OBS,2,2
TECH_OBS:exhaust clearnace.034 inches,exhaust clearnace.034 inches,TECH_OBS,2,2
TECH_OBS:firewall,firewall,TECH_OBS,2,2
TECH_OBS:full rich,full rich,TECH_OBS,2,2
TECH_OBS:idle rpm was at 720,idle rpm was at 720,TECH_OBS,2,2
TECH_OBS:idle speeds,idle speeds,TECH_OBS,2,2
TECH_OBS:oat plus 7,oat plus 7,TECH_OBS,2,2
TECH_OBS:one hundred and fifty long,one hundred and fifty long,TECH_OBS,2,2
TECH_OBS:ran smoother,ran smoother,TECH_OBS,2,2
TECH_OBS:started and idled normally,started and idled normally,TECH_OBS,2,2
TECH_OBS:temperatures,temperatures,TECH_OBS,2,2
TECH_OBS:thirty hundred seconds before los,thirty hundred seconds before los,TECH_OBS,2,2
ABN_PROC:abnormal vib,abnormal vib,ABN_PROC,1,1
ABN_PROC:air noted and observed out of exhaust,air noted and observed out of exhaust,ABN_PROC,1,1
ABN_PROC:almost quit,almost quit,ABN_PROC,1,1
ABN_PROC:applies,applies,ABN_PROC,1,1
ABN_PROC:audible rpm drop,audible rpm drop,ABN_PROC,1,1
ABN_PROC:audible rpm loss,audible rpm loss,ABN_PROC,1,1
ABN_PROC:back,back,ABN_PROC,1,1
ABN_PROC:barely capable,barely capable,ABN_PROC,1,1
ABN_PROC:battery still showing discharge,battery still showing discharge,ABN_PROC,1,1
ABN_PROC:bounces,bounces,ABN_PROC,1,1
ABN_PROC:briefly lose power,briefly lose power,ABN_PROC,1,1
ABN_PROC:chafing damage,chafing damage,ABN_PROC,1,1
ABN_PROC:chafing through,chafing through,ABN_PROC,1,1
ABN_PROC:choke,choke,ABN_PROC,1,1
ABN_PROC:choked,choked,ABN_PROC,1,1
ABN_PROC:click,click,ABN_PROC,1,1
ABN_PROC:clicking noise,clicking noise,ABN_PROC,1,1
ABN_PROC:co level high warning came on,co level high warning came on,ABN_PROC,1,1
ABN_PROC:co warning came,co warning came,ABN_PROC,1,1
ABN_PROC:come out,come out,ABN_PROC,1,1
ABN_PROC:coming off,coming off,ABN_PROC,1,1
ABN_PROC:contact,contact,ABN_PROC,1,1
ABN_PROC:could not restart,could not restart,ABN_PROC,1,1
ABN_PROC:cut off,cut off,ABN_PROC,1,1
ABN_PROC:decreased to zero,decreased to zero,ABN_PROC,1,1
ABN_PROC:did not start,did not start,ABN_PROC,1,1
ABN_PROC:die,die,ABN_PROC,1,1
ABN_PROC:drops to zero,drops to zero,ABN_PROC,1,1
ABN_PROC:ducting rubbing,ducting rubbing,ABN_PROC,1,1
ABN_PROC:eating into,eating into,ABN_PROC,1,1
ABN_PROC:elaking,elaking,ABN_PROC,1,1
ABN_PROC:excessive vibration,excessive vibration,ABN_PROC,1,1
ABN_PROC:failure,failure,ABN_PROC,1,1
ABN_PROC:flame came out,flame came out,ABN_PROC,1,1
ABN_PROC:flames,flames,ABN_PROC,1,1
ABN_PROC:flames comi,flames comi,ABN_PROC,1,1
ABN_PROC:gains and drops,gains and drops,ABN_PROC,1,1
ABN_PROC:grinding noise,grinding noise,ABN_PROC,1,1
ABN_PROC:hesitation/roughness,hesitation/roughness,ABN_PROC,1,1
ABN_PROC:high pitched squealing noise,high pitched squealing noise,ABN_PROC,1,1
"ABN_PROC:high pitched whine , squeal , wh","high pitched whine , squeal , wh",ABN_PROC,1,1
ABN_PROC:hitting mount,hitting mount,ABN_PROC,1,1
ABN_PROC:idles extremely rough,idles extremely rough,ABN_PROC,1,1
ABN_PROC:idling too low,idling too low,ABN_PROC,1,1
ABN_PROC:increases in volume,increases in volume,ABN_PROC,1,1
ABN_PROC:indicates zero,indicates zero,ABN_PROC,1,1
ABN_PROC:jumps into red,jumps into red,ABN_PROC,1,1
ABN_PROC:kept hesitating,kept hesitating,ABN_PROC,1,1
ABN_PROC:knocking,knocking,ABN_PROC,1,1
ABN_PROC:knocking noise,knocking noise,ABN_PROC,1,1
ABN_PROC:large pool of oil,large pool of oil,ABN_PROC,1,1
ABN_PROC:leakage,leakage,ABN_PROC,1,1
ABN_PROC:leaki,leaki,ABN_PROC,1,1
ABN_PROC:leaking past,leaking past,ABN_PROC,1,1
ABN_PROC:listed,listed,ABN_PROC,1,1
ABN_PROC:little rough,little rough,ABN_PROC,1,1
ABN_PROC:locking,locking,ABN_PROC,1,1
ABN_PROC:loud knock,loud knock,ABN_PROC,1,1
ABN_PROC:loud soun,loud soun,ABN_PROC,1,1
ABN_PROC:low power,low power,ABN_PROC,1,1
ABN_PROC:major shaking,major shaking,ABN_PROC,1,1
ABN_PROC:making contact,making contact,ABN_PROC,1,1
ABN_PROC:markings,markings,ABN_PROC,1,1
ABN_PROC:momentary loss,momentary loss,ABN_PROC,1,1
ABN_PROC:momentary overspeed,momentary overspeed,ABN_PROC,1,1
ABN_PROC:momentary rpm drop aroun,momentary rpm drop aroun,ABN_PROC,1,1
ABN_PROC:moves erratically,moves erratically,ABN_PROC,1,1
ABN_PROC:normally,normally,ABN_PROC,1,1
ABN_PROC:not producing fu,not producing fu,ABN_PROC,1,1
ABN_PROC:oil found,oil found,ABN_PROC,1,1
ABN_PROC:over reved,over reved,ABN_PROC,1,1
ABN_PROC:overspe,overspe,ABN_PROC,1,1
ABN_PROC:overspeed 2750,overspeed 2750,ABN_PROC,1,1
ABN_PROC:overspeed generally,overspeed generally,ABN_PROC,1,1
ABN_PROC:ovespeed,ovespeed,ABN_PROC,1,1
ABN_PROC:pulling through,pulling through,ABN_PROC,1,1
ABN_PROC:reduction in power,reduction in power,ABN_PROC,1,1
ABN_PROC:rough operation,rough operation,ABN_PROC,1,1
ABN_PROC:rough vibra,rough vibra,ABN_PROC,1,1
ABN_PROC:roughne,roughne,ABN_PROC,1,1
ABN_PROC:routing,routing,ABN_PROC,1,1
ABN_PROC:rpm drop,rpm drop,ABN_PROC,1,1
ABN_PROC:rpm dropped normally,rpm dropped normally,ABN_PROC,1,1
ABN_PROC:rub mark,rub mark,ABN_PROC,1,1
ABN_PROC:rubbing diagonal,rubbing diagonal,ABN_PROC,1,1
ABN_PROC:rubbing together,rubbing together,ABN_PROC,1,1
ABN_PROC:run rough anytim,run rough anytim,ABN_PROC,1,1
ABN_PROC:run rough momentarily,run rough momentarily,ABN_PROC,1,1
ABN_PROC:running . extremely roug,running . extremely roug,ABN_PROC,1,1
ABN_PROC:running very clean,running very clean,ABN_PROC,1,1
ABN_PROC:runs,runs,ABN_PROC,1,1
ABN_PROC:runs very rough,runs very rough,ABN_PROC,1,1
ABN_PROC:shroud opening,shroud opening,ABN_PROC,1,1
ABN_PROC:shutdown when,shutdown when,ABN_PROC,1,1
ABN_PROC:shuttered,shuttered,ABN_PROC,1,1
ABN_PROC:significant vibratio,significant vibratio,ABN_PROC,1,1
ABN_PROC:sitting,sitting,ABN_PROC,1,1
ABN_PROC:slight drop in rpm,slight drop in rpm,ABN_PROC,1,1
ABN_PROC:slight fluctuations,slight fluctuations,ABN_PROC,1,1
ABN_PROC:sloppy,sloppy,ABN_PROC,1,1
ABN_PROC:smoking,smoking,ABN_PROC,1,1
ABN_PROC:smoothed out,smoothed out,ABN_PROC,1,1
ABN_PROC:some noise,some noise,ABN_PROC,1,1
ABN_PROC:sput,sput,ABN_PROC,1,1
ABN_PROC:sputtering noise,sputtering noise,ABN_PROC,1,1
ABN_PROC:squeezed out,squeezed out,ABN_PROC,1,1
ABN_PROC:started but ran very rough,started but ran very rough,ABN_PROC,1,1
ABN_PROC:started making abnormal sound,started making abnormal sound,ABN_PROC,1,1
ABN_PROC:started to ru,started to ru,ABN_PROC,1,1
ABN_PROC:started to smell heavy fumes,started to smell heavy fumes,ABN_PROC,1,1
ABN_PROC:strange howling noise,strange howling noise,ABN_PROC,1,1
ABN_PROC:surging,surging,ABN_PROC,1,1
ABN_PROC:tapping,tapping,ABN_PROC,1,1
ABN_PROC:ticking,ticking,ABN_PROC,1,1
"ABN_PROC:ticking , chirping noise","ticking , chirping noise",ABN_PROC,1,1
ABN_PROC:too long,too long,ABN_PROC,1,1
ABN_PROC:uncommanded increase,uncommanded increase,ABN_PROC,1,1
ABN_PROC:verify condition,verify condition,ABN_PROC,1,1
ABN_PROC:very difficult,very difficult,ABN_PROC,1,1
ABN_PROC:vibration noise,vibration noise,ABN_PROC,1,1
ABN_PROC:wallard out,wallard out,ABN_PROC,1,1
ABN_PROC:wants to die,wants to die,ABN_PROC,1,1
ABN_PROC:weak,weak,ABN_PROC,1,1
ABN_PROC:wearing into,wearing into,ABN_PROC,1,1
ABN_PROC:weeping fuel,weeping fuel,ABN_PROC,1,1
ABN_PROC:went to red,went to red,ABN_PROC,1,1
ABN_PROC:whistling noise,whistling noise,ABN_PROC,1,1
ABN_PROC:will not make enough,will not make enough,ABN_PROC,1,1
ABN_PROC:will not make power,will not make power,ABN_PROC,1,1
ABN_PROC:will not start hot,will not start hot,ABN_PROC,1,1
ABN_PROC:won feet t go any higher,won feet t go any higher,ABN_PROC,1,1
ABN_PROC:would fluctuate,would fluctuate,ABN_PROC,1,1
ABN_PROC:would increase significantly,would increase significantly,ABN_PROC,1,1
ABN_PROC:would intermittently lose,would intermittently lose,ABN_PROC,1,1
ABN_PROC:would not latch,would not latch,ABN_PROC,1,1
ABN_PROC:would not stabilize,would not stabilize,ABN_PROC,1,1
ABN_PROC:would not stay open,would not stay open,ABN_PROC,1,1
ABN_PROC:would quit,would quit,ABN_PROC,1,1
ABN_PROC:would rise,would rise,ABN_PROC,1,1
ABN_PROC:would shutdown,would shutdown,ABN_PROC,1,1
ABN_PROC:would sputter when,would sputter when,ABN_PROC,1,1
ABN_PROC:would start to quit,would start to quit,ABN_PROC,1,1
ABN_PROC:would turn twice,would turn twice,ABN_PROC,1,1
ABN_PROC:wouldn ' t start,wouldn ' t start,ABN_PROC,1,1
ABN_PROC:yokes,yokes,ABN_PROC,1,1
ACTION:accessed,accessed,ACTION,1,1
ACTION:adju,adju,ACTION,1,1
ACTION:adjust,adjust,ACTION,1,1
ACTION:adjust mixture,adjust mixture,ACTION,1,1
ACTION:aligned,aligned,ACTION,1,1
ACTION:alternators check,alternators check,ACTION,1,1
ACTION:applied ran up,applied ran up,ACTION,1,1
ACTION:assembly,assembly,ACTION,1,1
ACTION:attempt to start,attempt to start,ACTION,1,1
ACTION:attempted,attempted,ACTION,1,1
ACTION:attempted staking,attempted staking,ACTION,1,1
ACTION:attempted to adjust,attempted to adjust,ACTION,1,1
ACTION:attempted to le,attempted to le,ACTION,1,1
ACTION:attempted to stake,attempted to stake,ACTION,1,1
ACTION:baffle checks,baffle checks,ACTION,1,1
ACTION:bearing clearance check,bearing clearance check,ACTION,1,1
ACTION:began . replacing,began . replacing,ACTION,1,1
ACTION:began assembly,began assembly,ACTION,1,1
ACTION:began disconnecti,began disconnecti,ACTION,1,1
ACTION:began insp,began insp,ACTION,1,1
ACTION:began install,began install,ACTION,1,1
ACTION:began installation,began installation,ACTION,1,1
ACTION:began reaming,began reaming,ACTION,1,1
ACTION:began routing,began routing,ACTION,1,1
ACTION:began transferr,began transferr,ACTION,1,1
ACTION:began transferring,began transferring,ACTION,1,1
ACTION:began visual inspection,began visual inspection,ACTION,1,1
ACTION:behind,behind,ACTION,1,1
ACTION:bend,bend,ACTION,1,1
ACTION:black resecured,black resecured,ACTION,1,1
ACTION:bled,bled,ACTION,1,1
ACTION:blew out,blew out,ACTION,1,1
ACTION:borescop,borescop,ACTION,1,1
ACTION:canned installed,canned installed,ACTION,1,1
ACTION:capped bleed,capped bleed,ACTION,1,1
ACTION:chafe protection,chafe protection,ACTION,1,1
ACTION:chased threads,chased threads,ACTION,1,1
ACTION:check ran,check ran,ACTION,1,1
ACTION:clamped standoff,clamped standoff,ACTION,1,1
ACTION:cleaned threads,cleaned threads,ACTION,1,1
ACTION:clear,clear,ACTION,1,1
ACTION:clearanced,clearanced,ACTION,1,1
ACTION:cleared initial,cleared initial,ACTION,1,1
ACTION:comp up,comp up,ACTION,1,1
ACTION:compelted installation,compelted installation,ACTION,1,1
ACTION:completed actions,completed actions,ACTION,1,1
ACTION:completed build up,completed build up,ACTION,1,1
ACTION:completed inspection,completed inspection,ACTION,1,1
ACTION:completed reinstallation,completed reinstallation,ACTION,1,1
ACTION:compression,compression,ACTION,1,1
ACTION:compressions checked,compressions checked,ACTION,1,1
ACTION:connecting,connecting,ACTION,1,1
ACTION:connections,connections,ACTION,1,1
ACTION:continued installation,continued installation,ACTION,1,1
ACTION:continued reassembly,continued reassembly,ACTION,1,1
ACTION:corrosion protection,corrosion protection,ACTION,1,1
ACTION:cylinder installation,cylinder installation,ACTION,1,1
ACTION:de-preserved,de-preserved,ACTION,1,1
ACTION:decowled,decowled,ACTION,1,1
ACTION:deriveted,deriveted,ACTION,1,1
ACTION:deterimed,deterimed,ACTION,1,1
ACTION:differential compression test,differential compression test,ACTION,1,1
ACTION:disassemble,disassemble,ACTION,1,1
ACTION:displaced,displaced,ACTION,1,1
ACTION:down load,down load,ACTION,1,1
ACTION:down loaded,down loaded,ACTION,1,1
ACTION:dressed out nick,dressed out nick,ACTION,1,1
ACTION:drilled stripped,drilled stripped,ACTION,1,1
ACTION:dry lash check,dry lash check,ACTION,1,1
ACTION:dry tappet cl,dry tappet cl,ACTION,1,1
ACTION:dry tappet clearance checked,dry tappet clearance checked,ACTION,1,1
ACTION:engine change,engine change,ACTION,1,1
ACTION:engine run,engine run,ACTION,1,1
ACTION:engine run up,engine run up,ACTION,1,1
ACTION:ermoved,ermoved,ACTION,1,1
ACTION:evaluated,evaluated,ACTION,1,1
ACTION:fabricated replacement,fabricated replacement,ACTION,1,1
ACTION:fabricating,fabricating,ACTION,1,1
ACTION:failure insp,failure insp,ACTION,1,1
ACTION:fastened,fastened,ACTION,1,1
ACTION:filed,filed,ACTION,1,1
ACTION:filter insp,filter insp,ACTION,1,1
ACTION:final checks,final checks,ACTION,1,1
ACTION:finished disassembly,finished disassembly,ACTION,1,1
ACTION:finished grounding,finished grounding,ACTION,1,1
ACTION:finished installing starter,finished installing starter,ACTION,1,1
ACTION:finished reassembly,finished reassembly,ACTION,1,1
ACTION:finished reinstall,finished reinstall,ACTION,1,1
ACTION:finished reinstallation,finished reinstallation,ACTION,1,1
ACTION:finished removing,finished removing,ACTION,1,1
ACTION:fitting,fitting,ACTION,1,1
ACTION:flanges,flanges,ACTION,1,1
ACTION:freed,freed,ACTION,1,1
ACTION:fuel pressure checked,fuel pressure checked,ACTION,1,1
ACTION:galled,galled,ACTION,1,1
ACTION:gapped,gapped,ACTION,1,1
ACTION:ground . run several times,ground . run several times,ACTION,1,1
ACTION:ground power check,ground power check,ACTION,1,1
ACTION:ground power performance check,ground power performance check,ACTION,1,1
ACTION:ground run checks,ground run checks,ACTION,1,1
ACTION:ground run leak check,ground run leak check,ACTION,1,1
ACTION:ground run up,ground run up,ACTION,1,1
ACTION:ground seat,ground seat,ACTION,1,1
ACTION:identified,identified,ACTION,1,1
ACTION:idle adjustment,idle adjustment,ACTION,1,1
ACTION:idle and idle mixture . rise check,idle and idle mixture . rise check,ACTION,1,1
ACTION:idle check,idle check,ACTION,1,1
ACTION:idle override speed check,idle override speed check,ACTION,1,1
ACTION:inserted,inserted,ACTION,1,1
ACTION:inspect,inspect,ACTION,1,1
ACTION:inspection revealed,inspection revealed,ACTION,1,1
ACTION:installed built up,installed built up,ACTION,1,1
ACTION:installed fastener,installed fastener,ACTION,1,1
ACTION:lash check,lash check,ACTION,1,1
ACTION:leak and operations,leak and operations,ACTION,1,1
ACTION:leak and operations checked,leak and operations checked,ACTION,1,1
ACTION:leak and run up check,leak and run up check,ACTION,1,1
ACTION:lean,lean,ACTION,1,1
ACTION:leaned,leaned,ACTION,1,1
ACTION:leaned mixture,leaned mixture,ACTION,1,1
ACTION:lifter inspection and test,lifter inspection and test,ACTION,1,1
ACTION:looked,looked,ACTION,1,1
ACTION:lowered,lowered,ACTION,1,1
ACTION:lubricated,lubricated,ACTION,1,1
"ACTION:magneto , idle , mixture checks","magneto , idle , mixture checks",ACTION,1,1
ACTION:magneto drops check,magneto drops check,ACTION,1,1
ACTION:magneto timing checked,magneto timing checked,ACTION,1,1
ACTION:maintenance break-in flight,maintenance break-in flight,ACTION,1,1
ACTION:maintenance fl,maintenance fl,ACTION,1,1
ACTION:maintenance fligh,maintenance fligh,ACTION,1,1
ACTION:marked,marked,ACTION,1,1
ACTION:misrouted,misrouted,ACTION,1,1
ACTION:missing installed,missing installed,ACTION,1,1
ACTION:mixture adjustment,mixture adjustment,ACTION,1,1
ACTION:mixture and idle checks,mixture and idle checks,ACTION,1,1
ACTION:mixture idle check,mixture idle check,ACTION,1,1
ACTION:mixture override check,mixture override check,ACTION,1,1
ACTION:normal engine start,normal engine start,ACTION,1,1
ACTION:nspected,nspected,ACTION,1,1
ACTION:operational,operational,ACTION,1,1
ACTION:outboard,outboard,ACTION,1,1
ACTION:overhauled,overhauled,ACTION,1,1
ACTION:override speed check,override speed check,ACTION,1,1
ACTION:performed normal engine start,performed normal engine start,ACTION,1,1
ACTION:phase four inspection,phase four inspection,ACTION,1,1
ACTION:placed,placed,ACTION,1,1
ACTION:power and leak check,power and leak check,ACTION,1,1
ACTION:power check,power check,ACTION,1,1
ACTION:precautionary landing,precautionary landing,ACTION,1,1
ACTION:preheated,preheated,ACTION,1,1
ACTION:prevent,prevent,ACTION,1,1
ACTION:primed,primed,ACTION,1,1
ACTION:procured,procured,ACTION,1,1
ACTION:ran faulty magneto check,ran faulty magneto check,ACTION,1,1
ACTION:ran up to check,ran up to check,ACTION,1,1
ACTION:read,read,ACTION,1,1
ACTION:readjusted,readjusted,ACTION,1,1
ACTION:reaming,reaming,ACTION,1,1
ACTION:reasssembled,reasssembled,ACTION,1,1
ACTION:rechecked compressions,rechecked compressions,ACTION,1,1
ACTION:reck ' ed,reck ' ed,ACTION,1,1
ACTION:reconected,reconected,ACTION,1,1
ACTION:recontoured,recontoured,ACTION,1,1
ACTION:recowled,recowled,ACTION,1,1
ACTION:reindexed mixture linkage,reindexed mixture linkage,ACTION,1,1
ACTION:reinst,reinst,ACTION,1,1
ACTION:reinstalled repaired,reinstalled repaired,ACTION,1,1
ACTION:remoced,remoced,ACTION,1,1
ACTION:removal,removal,ACTION,1,1
ACTION:removed reinstalled,removed reinstalled,ACTION,1,1
ACTION:removed torn,removed torn,ACTION,1,1
ACTION:reomved,reomved,ACTION,1,1
ACTION:reoved,reoved,ACTION,1,1
ACTION:replac,replac,ACTION,1,1
ACTION:replace removed,replace removed,ACTION,1,1
ACTION:replaced completed,replaced completed,ACTION,1,1
ACTION:repositi,repositi,ACTION,1,1
ACTION:repositi repositioned,repositi repositioned,ACTION,1,1
ACTION:rerigged,rerigged,ACTION,1,1
ACTION:rerouting,rerouting,ACTION,1,1
ACTION:resecu,resecu,ACTION,1,1
ACTION:reset,reset,ACTION,1,1
ACTION:restart,restart,ACTION,1,1
ACTION:rethreaded,rethreaded,ACTION,1,1
ACTION:retimed,retimed,ACTION,1,1
ACTION:revealed,revealed,ACTION,1,1
ACTION:reviewed flight data,reviewed flight data,ACTION,1,1
ACTION:rmoved,rmoved,ACTION,1,1
ACTION:rpm checks,rpm checks,ACTION,1,1
ACTION:rtv ' ed,rtv ' ed,ACTION,1,1
ACTION:run out check,run out check,ACTION,1,1
"ACTION:run up , hot","run up , hot",ACTION,1,1
ACTION:run up checked,run up checked,ACTION,1,1
ACTION:run up idle check,run up idle check,ACTION,1,1
ACTION:run up two number time,run up two number time,ACTION,1,1
ACTION:saeftied,saeftied,ACTION,1,1
ACTION:safety wired,safety wired,ACTION,1,1
ACTION:securing,securing,ACTION,1,1
ACTION:sent,sent,ACTION,1,1
ACTION:sent crank,sent crank,ACTION,1,1
ACTION:set idle adjustment,set idle adjustment,ACTION,1,1
ACTION:set idle speed,set idle speed,ACTION,1,1
ACTION:set mixture,set mixture,ACTION,1,1
ACTION:set reset,set reset,ACTION,1,1
ACTION:shut off,shut off,ACTION,1,1
ACTION:shutdown,shutdown,ACTION,1,1
ACTION:stak,stak,ACTION,1,1
ACTION:started . reinstalling,started . reinstalling,ACTION,1,1
ACTION:started assembly,started assembly,ACTION,1,1
ACTION:started creating,started creating,ACTION,1,1
ACTION:started engine installation,started engine installation,ACTION,1,1
ACTION:started grinding,started grinding,ACTION,1,1
ACTION:started installing,started installing,ACTION,1,1
ACTION:started removal,started removal,ACTION,1,1
ACTION:started transferring,started transferring,ACTION,1,1
ACTION:started wiring installation,started wiring installation,ACTION,1,1
ACTION:stop drill,stop drill,ACTION,1,1
ACTION:supplied,supplied,ACTION,1,1
ACTION:systems check,systems check,ACTION,1,1
ACTION:systems operations checked,systems operations checked,ACTION,1,1
ACTION:tappet clearance check,tappet clearance check,ACTION,1,1
ACTION:tappet clearance checked,tappet clearance checked,ACTION,1,1
ACTION:taxied,taxied,ACTION,1,1
ACTION:test ran,test ran,ACTION,1,1
ACTION:tested,tested,ACTION,1,1
ACTION:tested idle,tested idle,ACTION,1,1
ACTION:tied,tied,ACTION,1,1
ACTION:to check ran,to check ran,ACTION,1,1
ACTION:toqrued,toqrued,ACTION,1,1
ACTION:torn,torn,ACTION,1,1
ACTION:torque,torque,ACTION,1,1
ACTION:torque sealed,torque sealed,ACTION,1,1
ACTION:transferring,transferring,ACTION,1,1
ACTION:tried making several idle mixture adjustments,tried making several idle mixture adjustments,ACTION,1,1
ACTION:tried removing,tried removing,ACTION,1,1
ACTION:tried stacking,tried stacking,ACTION,1,1
ACTION:tried to adjust,tried to adjust,ACTION,1,1
ACTION:tried to stake,tried to stake,ACTION,1,1
ACTION:unbolted,unbolted,ACTION,1,1
ACTION:unkinked,unkinked,ACTION,1,1
ACTION:unmasked,unmasked,ACTION,1,1
ACTION:unpacked,unpacked,ACTION,1,1
ACTION:visual inspection,visual inspection,ACTION,1,1
ACTION:visually inspect,visually inspect,ACTION,1,1
ACTION:warming up,warming up,ACTION,1,1
ACTION:zip tied,zip tied,ACTION,1,1
FAULT:broke,broke,FAULT,1,1
FAULT:burned,burned,FAULT,1,1
"FAULT:burned , sooted","burned , sooted",FAULT,1,1
FAULT:corroded,corroded,FAULT,1,1
FAULT:cracke,cracke,FAULT,1,1
FAULT:dent,dent,FAULT,1,1
FAULT:ding,ding,FAULT,1,1
FAULT:does not align,does not align,FAULT,1,1
FAULT:excessive,excessive,FAULT,1,1
FAULT:excessive end play,excessive end play,FAULT,1,1
FAULT:falling,falling,FAULT,1,1
FAULT:fan,fan,FAULT,1,1
FAULT:grass,grass,FAULT,1,1
FAULT:large puddle of liquid,large puddle of liquid,FAULT,1,1
FAULT:loose cracked,loose cracked,FAULT,1,1
FAULT:loosen,loosen,FAULT,1,1
FAULT:lower,lower,FAULT,1,1
FAULT:many missing,many missing,FAULT,1,1
FAULT:metal found,metal found,FAULT,1,1
FAULT:missi,missi,FAULT,1,1
FAULT:no,no,FAULT,1,1
FAULT:no bolts missing,no bolts missing,FAULT,1,1
FAULT:no compresion,no compresion,FAULT,1,1
FAULT:no cylinder compression note,no cylinder compression note,FAULT,1,1
FAULT:no egt ind,no egt ind,FAULT,1,1
FAULT:no rpm rise,no rpm rise,FAULT,1,1
FAULT:no smoothness,no smoothness,FAULT,1,1
FAULT:no threads showing,no threads showing,FAULT,1,1
FAULT:no torque seal,no torque seal,FAULT,1,1
FAULT:normally,normally,FAULT,1,1
FAULT:not activate,not activate,FAULT,1,1
FAULT:not align,not align,FAULT,1,1
FAULT:not applicable,not applicable,FAULT,1,1
FAULT:not put,not put,FAULT,1,1
FAULT:not rubbing,not rubbing,FAULT,1,1
FAULT:not running,not running,FAULT,1,1
FAULT:not sealing,not sealing,FAULT,1,1
FAULT:not within tolerance,not within tolerance,FAULT,1,1
FAULT:numerous specks of non-ferrous metal,numerous specks of non-ferrous metal,FAULT,1,1
FAULT:out of limits,out of limits,FAULT,1,1
FAULT:out of standards,out of standards,FAULT,1,1
FAULT:over temperature,over temperature,FAULT,1,1
FAULT:pulled,pulled,FAULT,1,1
FAULT:reattached,reattached,FAULT,1,1
FAULT:scratch,scratch,FAULT,1,1
FAULT:shear,shear,FAULT,1,1
FAULT:small dent,small dent,FAULT,1,1
FAULT:smiled,smiled,FAULT,1,1
FAULT:split,split,FAULT,1,1
FAULT:step,step,FAULT,1,1
FAULT:tear,tear,FAULT,1,1
FAULT:tigh,tigh,FAULT,1,1
FAULT:tighten,tighten,FAULT,1,1
FAULT:too many damaged,too many damaged,FAULT,1,1
FAULT:too tight,too tight,FAULT,1,1
FAULT:torn loose,torn loose,FAULT,1,1
FAULT:unseated,unseated,FAULT,1,1
FAULT:unsecured,unsecured,FAULT,1,1
FAULT:unsupported,unsupported,FAULT,1,1
FAULT:wear marks,wear marks,FAULT,1,1
FAULT:wet with oil,wet with oil,FAULT,1,1
FAULT:won ' t tighten,won ' t tighten,FAULT,1,1
FAULT:wouldn ' t adjust,wouldn ' t adjust,FAULT,1,1
FAULT:wrong,wrong,FAULT,1,1
FAULT:wrong position,wrong position,FAULT,1,1
LOC:#,#,LOC,1,1
LOC:# e,# e,LOC,1,1
LOC:aft left-hand,aft left-hand,LOC,1,1
LOC:aft top,aft top,LOC,1,1
LOC:aft upper,aft upper,LOC,1,1
LOC:all four,all four,LOC,1,1
LOC:and right-hand side,and right-hand side,LOC,1,1
LOC:back top,back top,LOC,1,1
LOC:behind start,behind start,LOC,1,1
LOC:both side,both side,LOC,1,1
LOC:bottom forward,bottom forward,LOC,1,1
LOC:bottom forward portion,bottom forward portion,LOC,1,1
LOC:bottom front,bottom front,LOC,1,1
LOC:bottom left,bottom left,LOC,1,1
LOC:bottom left side,bottom left side,LOC,1,1
LOC:cap,cap,LOC,1,1
LOC:cooling,cooling,LOC,1,1
LOC:forward and side,forward and side,LOC,1,1
LOC:forward bottom right-hand side,forward bottom right-hand side,LOC,1,1
LOC:forward front,forward front,LOC,1,1
LOC:forward left-hand,forward left-hand,LOC,2,1
LOC:forward portion,forward portion,LOC,1,1
LOC:front forward,front forward,LOC,1,1
LOC:front lower,front lower,LOC,1,1
LOC:front right-hand,front right-hand,LOC,1,1
LOC:front side,front side,LOC,1,1
LOC:gap,gap,LOC,1,1
LOC:gear and,gear and,LOC,1,1
LOC:grafton,grafton,LOC,1,1
"LOC:guides one , two , and four","guides one , two , and four",LOC,1,1
LOC:inboard forward,inboard forward,LOC,1,1
LOC:inboard left-hand side,inboard left-hand side,LOC,1,1
LOC:inches,inches,LOC,1,1
LOC:inside,inside,LOC,1,1
LOC:inter,inter,LOC,1,1
LOC:lead,lead,LOC,1,1
LOC:left and bottom,left and bottom,LOC,1,1
LOC:left and right side,left and right side,LOC,1,1
LOC:left front,left front,LOC,1,1
LOC:left number one,left number one,LOC,1,1
LOC:left outboard,left outboard,LOC,1,1
LOC:left side number,left side number,LOC,1,1
LOC:left side number four,left side number four,LOC,1,1
"LOC:left-hand , top","left-hand , top",LOC,1,1
LOC:left-hand inboard,left-hand inboard,LOC,1,1
LOC:long,long,LOC,1,1
LOC:lower aft corner,lower aft corner,LOC,1,1
LOC:lower couplin,lower couplin,LOC,1,1
LOC:lower inboard,lower inboard,LOC,1,1
LOC:lower left,lower left,LOC,1,1
LOC:lower left-hand,lower left-hand,LOC,1,1
LOC:lower number four,lower number four,LOC,1,1
LOC:lower outboard,lower outboard,LOC,1,1
LOC:lower rear,lower rear,LOC,1,1
LOC:lower right-hand,lower right-hand,LOC,1,1
LOC:lower side,lower side,LOC,1,1
LOC:lower stud,lower stud,LOC,1,1
LOC:near aft,near aft,LOC,1,1
LOC:near tip,near tip,LOC,1,1
LOC:number 1-75,number 1-75,LOC,1,1
LOC:number 1-76,number 1-76,LOC,1,1
LOC:number 12,number 12,LOC,1,1
LOC:number 2-70,number 2-70,LOC,1,1
LOC:number 2-79,number 2-79,LOC,2,1
LOC:number 3-70,number 3-70,LOC,1,1
LOC:number 3-78,number 3-78,LOC,1,1
LOC:number 3-79,number 3-79,LOC,1,1
LOC:number 4-7,number 4-7,LOC,1,1
LOC:number 4-78,number 4-78,LOC,1,1
"LOC:number four , and number one","number four , and number one",LOC,1,1
LOC:number four right-hand,number four right-hand,LOC,1,1
"LOC:number one , and","number one , and",LOC,1,1
"LOC:number one , and number","number one , and number",LOC,1,1
LOC:number six,number six,LOC,1,1
"LOC:number three , and number one","number three , and number one",LOC,1,1
LOC:number three and number four right-hand,number three and number four right-hand,LOC,1,1
LOC:number three-four,number three-four,LOC,1,1
"LOC:number two , and","number two , and",LOC,1,1
"LOC:number two , and number","number two , and number",LOC,1,1
"LOC:number two , and number four are","number two , and number four are",LOC,1,1
LOC:number two and number four right-hand,number two and number four right-hand,LOC,1,1
LOC:number two forward side,number two forward side,LOC,1,1
LOC:number two to number four,number two to number four,LOC,1,1
"LOC:numbers four , one and number three","numbers four , one and number three",LOC,1,1
"LOC:numbers four , two , and three","numbers four , two , and three",LOC,1,1
"LOC:numbers one , three , and one","numbers one , three , and one",LOC,1,1
"LOC:numbers one , three , and two","numbers one , three , and two",LOC,1,1
"LOC:numbers one , three , four and two","numbers one , three , four and two",LOC,1,1
"LOC:numbers one , two , and six","numbers one , two , and six",LOC,1,1
LOC:numbers one-three,numbers one-three,LOC,1,1
"LOC:numbers two , four","numbers two , four",LOC,1,1
"LOC:numbers two , three , and four are","numbers two , three , and four are",LOC,1,1
"LOC:numbers two , three , and one","numbers two , three , and one",LOC,1,1
"LOC:numbers two , three and four are","numbers two , three and four are",LOC,1,1
LOC:numbers two-three,numbers two-three,LOC,1,1
LOC:on side,on side,LOC,1,1
"LOC:one , three and four","one , three and four",LOC,2,1
LOC:one and two,one and two,LOC,1,1
LOC:one first stage,one first stage,LOC,1,1
LOC:outboard forward,outboard forward,LOC,1,1
LOC:outboard lower,outboard lower,LOC,1,1
LOC:outboard top,outboard top,LOC,1,1
LOC:pilot side,pilot side,LOC,1,1
LOC:position,position,LOC,1,1
LOC:right forward,right forward,LOC,1,1
LOC:right sides,right sides,LOC,1,1
"LOC:right-hand , left-hand","right-hand , left-hand",LOC,1,1
LOC:right-hand bottom side,right-hand bottom side,LOC,1,1
LOC:right-hand side lower,right-hand side lower,LOC,1,1
LOC:right-hand side lower forward,right-hand side lower forward,LOC,1,1
LOC:right-hand sides,right-hand sides,LOC,1,1
LOC:runway,runway,LOC,1,1
LOC:side and aft,side and aft,LOC,1,1
LOC:side lower,side lower,LOC,1,1
LOC:side lower forward,side lower forward,LOC,1,1
LOC:some,some,LOC,1,1
"LOC:three , two and four","three , two and four",LOC,1,1
LOC:toe,toe,LOC,1,1
LOC:top forward side,top forward side,LOC,1,1
LOC:top left,top left,LOC,1,1
LOC:top rear,top rear,LOC,1,1
LOC:top right-hand side,top right-hand side,LOC,1,1
LOC:top side,top side,LOC,1,1
LOC:torn,torn,LOC,1,1
LOC:toward,toward,LOC,1,1
LOC:toward inboard,toward inboard,LOC,1,1
LOC:tower,tower,LOC,1,1
LOC:two lower,two lower,LOC,1,1
LOC:two new,two new,LOC,1,1
LOC:upper inboard,upper inboard,LOC,1,1
LOC:upper number two,upper number two,LOC,1,1
LOC:upper right,upper right,LOC,1,1
"MAINT_ITEM:"" bat "" cable",""" bat "" cable",MAINT_ITEM,1,1
"MAINT_ITEM:"" mineral oil only "" stickers",""" mineral oil only "" stickers",MAINT_ITEM,1,1
MAINT_ITEM:1000 r,1000 r,MAINT_ITEM,1,1
MAINT_ITEM:18mm tap,18mm tap,MAINT_ITEM,1,1
MAINT_ITEM:2024 t3 . 040 aluminum,2024 t3 . 040 aluminum,MAINT_ITEM,1,1
MAINT_ITEM:access better,access better,MAINT_ITEM,1,1
MAINT_ITEM:access button,access button,MAINT_ITEM,1,1
MAINT_ITEM:access hole,access hole,MAINT_ITEM,1,1
MAINT_ITEM:access hole doubler,access hole doubler,MAINT_ITEM,2,1
MAINT_ITEM:access holes,access holes,MAINT_ITEM,1,1
MAINT_ITEM:access panel screw,access panel screw,MAINT_ITEM,1,1
MAINT_ITEM:access screw,access screw,MAINT_ITEM,1,1
MAINT_ITEM:accessory case fitting,accessory case fitting,MAINT_ITEM,1,1
MAINT_ITEM:accessory pad,accessory pad,MAINT_ITEM,1,1
MAINT_ITEM:accessory plate stud,accessory plate stud,MAINT_ITEM,1,1
MAINT_ITEM:acft,acft,MAINT_ITEM,1,1
MAINT_ITEM:adel clamp bracket,adel clamp bracket,MAINT_ITEM,1,1
MAINT_ITEM:adjust clamps,adjust clamps,MAINT_ITEM,1,1
MAINT_ITEM:adjust lines,adjust lines,MAINT_ITEM,1,1
MAINT_ITEM:adjustment screw,adjustment screw,MAINT_ITEM,1,1
MAINT_ITEM:air baffle,air baffle,MAINT_ITEM,2,1
MAINT_ITEM:air door spring,air door spring,MAINT_ITEM,1,1
MAINT_ITEM:air duct,air duct,MAINT_ITEM,1,1
MAINT_ITEM:air induction elbow,air induction elbow,MAINT_ITEM,1,1
MAINT_ITEM:air inlet tube,air inlet tube,MAINT_ITEM,1,1
MAINT_ITEM:air intake assembly,air intake assembly,MAINT_ITEM,1,1
MAINT_ITEM:air intake box,air intake box,MAINT_ITEM,1,1
MAINT_ITEM:air intake camlocks,air intake camlocks,MAINT_ITEM,1,1
MAINT_ITEM:air intake down,air intake down,MAINT_ITEM,1,1
MAINT_ITEM:air intake filter,air intake filter,MAINT_ITEM,1,1
MAINT_ITEM:air intake hose,air intake hose,MAINT_ITEM,1,1
MAINT_ITEM:air intake pipe,air intake pipe,MAINT_ITEM,1,1
MAINT_ITEM:air intake tube,air intake tube,MAINT_ITEM,1,1
MAINT_ITEM:air intake tubing,air intake tubing,MAINT_ITEM,1,1
MAINT_ITEM:air line,air line,MAINT_ITEM,1,1
MAINT_ITEM:air valve,air valve,MAINT_ITEM,1,1
MAINT_ITEM:airbox,airbox,MAINT_ITEM,1,1
MAINT_ITEM:airbox elbow,airbox elbow,MAINT_ITEM,1,1
MAINT_ITEM:airbox gasket,airbox gasket,MAINT_ITEM,1,1
MAINT_ITEM:airworthy parts,airworthy parts,MAINT_ITEM,1,1
MAINT_ITEM:alignment pin hole,alignment pin hole,MAINT_ITEM,1,1
MAINT_ITEM:alteranate air door,alteranate air door,MAINT_ITEM,1,1
MAINT_ITEM:alternate,alternate,MAINT_ITEM,1,1
MAINT_ITEM:alternator attach bolt,alternator attach bolt,MAINT_ITEM,1,1
MAINT_ITEM:alternator cooling hose,alternator cooling hose,MAINT_ITEM,1,1
MAINT_ITEM:alternator mount,alternator mount,MAINT_ITEM,1,1
MAINT_ITEM:alternator mount bolt,alternator mount bolt,MAINT_ITEM,1,1
MAINT_ITEM:alternator support,alternator support,MAINT_ITEM,1,1
MAINT_ITEM:anchor stand assembly,anchor stand assembly,MAINT_ITEM,1,1
MAINT_ITEM:anchors,anchors,MAINT_ITEM,1,1
MAINT_ITEM:angle,angle,MAINT_ITEM,1,1
MAINT_ITEM:angle bracket,angle bracket,MAINT_ITEM,1,1
MAINT_ITEM:angle brackets,angle brackets,MAINT_ITEM,2,1
MAINT_ITEM:anti-chafe strip,anti-chafe strip,MAINT_ITEM,1,1
MAINT_ITEM:assembly,assembly,MAINT_ITEM,1,1
MAINT_ITEM:attach,attach,MAINT_ITEM,1,1
MAINT_ITEM:attach bracket,attach bracket,MAINT_ITEM,1,1
MAINT_ITEM:attach fitting,attach fitting,MAINT_ITEM,1,1
MAINT_ITEM:auto reignition,auto reignition,MAINT_ITEM,1,1
MAINT_ITEM:auto relight,auto relight,MAINT_ITEM,1,1
MAINT_ITEM:b-nut,b-nut,MAINT_ITEM,1,1
MAINT_ITEM:back bolts,back bolts,MAINT_ITEM,1,1
MAINT_ITEM:backing nut,backing nut,MAINT_ITEM,1,1
MAINT_ITEM:bad rivets,bad rivets,MAINT_ITEM,1,1
MAINT_ITEM:baf,baf,MAINT_ITEM,1,1
MAINT_ITEM:baffle . reinforcement angle,baffle . reinforcement angle,MAINT_ITEM,1,1
MAINT_ITEM:baffle anchor,baffle anchor,MAINT_ITEM,1,1
MAINT_ITEM:baffle angle bracket,baffle angle bracket,MAINT_ITEM,1,1
MAINT_ITEM:baffle anti-chafe strip,baffle anti-chafe strip,MAINT_ITEM,1,1
MAINT_ITEM:baffle attach bracket,baffle attach bracket,MAINT_ITEM,1,1
MAINT_ITEM:baffle attach plate,baffle attach plate,MAINT_ITEM,1,1
MAINT_ITEM:baffle attach screw,baffle attach screw,MAINT_ITEM,1,1
MAINT_ITEM:baffle attachment,baffle attachment,MAINT_ITEM,1,1
MAINT_ITEM:baffle attachment tab,baffle attachment tab,MAINT_ITEM,1,1
MAINT_ITEM:baffle back bracket,baffle back bracket,MAINT_ITEM,1,1
MAINT_ITEM:baffle barrel nut,baffle barrel nut,MAINT_ITEM,1,1
MAINT_ITEM:baffle below,baffle below,MAINT_ITEM,1,1
MAINT_ITEM:baffle bent,baffle bent,MAINT_ITEM,1,1
MAINT_ITEM:baffle black seal,baffle black seal,MAINT_ITEM,1,1
MAINT_ITEM:baffle blast tube,baffle blast tube,MAINT_ITEM,1,1
MAINT_ITEM:baffle bolt hole,baffle bolt hole,MAINT_ITEM,1,1
MAINT_ITEM:baffle bolt or screw,baffle bolt or screw,MAINT_ITEM,1,1
MAINT_ITEM:baffle bolts,baffle bolts,MAINT_ITEM,1,1
MAINT_ITEM:baffle bracket screw,baffle bracket screw,MAINT_ITEM,1,1
MAINT_ITEM:baffle bracket screws,baffle bracket screws,MAINT_ITEM,1,1
MAINT_ITEM:baffle button plugs,baffle button plugs,MAINT_ITEM,1,1
MAINT_ITEM:baffle caps,baffle caps,MAINT_ITEM,1,1
MAINT_ITEM:baffle center section,baffle center section,MAINT_ITEM,1,1
MAINT_ITEM:baffle chafi,baffle chafi,MAINT_ITEM,1,1
MAINT_ITEM:baffle connect wire,baffle connect wire,MAINT_ITEM,2,1
MAINT_ITEM:baffle connecting spring,baffle connecting spring,MAINT_ITEM,1,1
MAINT_ITEM:baffle connector plate,baffle connector plate,MAINT_ITEM,1,1
MAINT_ITEM:baffle connector rod,baffle connector rod,MAINT_ITEM,1,1
MAINT_ITEM:baffle corner support bracket,baffle corner support bracket,MAINT_ITEM,1,1
MAINT_ITEM:baffle cover cam,baffle cover cam,MAINT_ITEM,1,1
MAINT_ITEM:baffle crosstie,baffle crosstie,MAINT_ITEM,1,1
MAINT_ITEM:baffle deflector,baffle deflector,MAINT_ITEM,1,1
MAINT_ITEM:baffle doubler,baffle doubler,MAINT_ITEM,3,1
MAINT_ITEM:baffle felt,baffle felt,MAINT_ITEM,1,1
MAINT_ITEM:baffle grommet,baffle grommet,MAINT_ITEM,1,1
MAINT_ITEM:baffle hardware,baffle hardware,MAINT_ITEM,1,1
"MAINT_ITEM:baffle hole , plug","baffle hole , plug",MAINT_ITEM,1,1
MAINT_ITEM:baffle inner most,baffle inner most,MAINT_ITEM,1,1
MAINT_ITEM:baffle inner most baffle,baffle inner most baffle,MAINT_ITEM,1,1
MAINT_ITEM:baffle inner most baffle seal,baffle inner most baffle seal,MAINT_ITEM,1,1
MAINT_ITEM:baffle inner tie,baffle inner tie,MAINT_ITEM,1,1
MAINT_ITEM:baffle inner tie wire,baffle inner tie wire,MAINT_ITEM,1,1
MAINT_ITEM:baffle insp hole doubler,baffle insp hole doubler,MAINT_ITEM,1,1
MAINT_ITEM:baffle inspection hole,baffle inspection hole,MAINT_ITEM,1,1
MAINT_ITEM:baffle inspection hole doubler,baffle inspection hole doubler,MAINT_ITEM,1,1
MAINT_ITEM:baffle mount bracket,baffle mount bracket,MAINT_ITEM,1,1
MAINT_ITEM:baffle outer tie,baffle outer tie,MAINT_ITEM,1,1
MAINT_ITEM:baffle over rocker covers,baffle over rocker covers,MAINT_ITEM,1,1
MAINT_ITEM:baffle patches,baffle patches,MAINT_ITEM,1,1
MAINT_ITEM:baffle plu,baffle plu,MAINT_ITEM,1,1
MAINT_ITEM:baffle plug hole doubler,baffle plug hole doubler,MAINT_ITEM,1,1
MAINT_ITEM:baffle reinforcement angle,baffle reinforcement angle,MAINT_ITEM,1,1
MAINT_ITEM:baffle rivet,baffle rivet,MAINT_ITEM,1,1
MAINT_ITEM:baffle safety wire,baffle safety wire,MAINT_ITEM,1,1
MAINT_ITEM:baffle seal fastener,baffle seal fastener,MAINT_ITEM,1,1
MAINT_ITEM:baffle seal material,baffle seal material,MAINT_ITEM,1,1
MAINT_ITEM:baffle seal rivets,baffle seal rivets,MAINT_ITEM,1,1
MAINT_ITEM:baffle seal staple,baffle seal staple,MAINT_ITEM,1,1
MAINT_ITEM:baffle seals properly,baffle seals properly,MAINT_ITEM,1,1
MAINT_ITEM:baffle slot,baffle slot,MAINT_ITEM,1,1
MAINT_ITEM:baffle snap plug hole,baffle snap plug hole,MAINT_ITEM,1,1
MAINT_ITEM:baffle snap plug tab,baffle snap plug tab,MAINT_ITEM,1,1
MAINT_ITEM:baffle snap plugs,baffle snap plugs,MAINT_ITEM,1,1
MAINT_ITEM:baffle spark plug access,baffle spark plug access,MAINT_ITEM,1,1
MAINT_ITEM:baffle spark plug access button,baffle spark plug access button,MAINT_ITEM,1,1
MAINT_ITEM:baffle spark plug caps,baffle spark plug caps,MAINT_ITEM,1,1
MAINT_ITEM:baffle spark plug hole covers,baffle spark plug hole covers,MAINT_ITEM,1,1
MAINT_ITEM:baffle spr,baffle spr,MAINT_ITEM,1,1
MAINT_ITEM:baffle standoff,baffle standoff,MAINT_ITEM,1,1
MAINT_ITEM:baffle stiffener,baffle stiffener,MAINT_ITEM,1,1
MAINT_ITEM:baffle strips,baffle strips,MAINT_ITEM,1,1
MAINT_ITEM:baffle suppo,baffle suppo,MAINT_ITEM,1,1
MAINT_ITEM:baffle support fastener,baffle support fastener,MAINT_ITEM,1,1
MAINT_ITEM:baffle support screw,baffle support screw,MAINT_ITEM,1,1
MAINT_ITEM:baffle tension cable,baffle tension cable,MAINT_ITEM,1,1
MAINT_ITEM:baffle tension rod,baffle tension rod,MAINT_ITEM,1,1
MAINT_ITEM:baffle tensioner wire,baffle tensioner wire,MAINT_ITEM,1,1
MAINT_ITEM:baffle tie down,baffle tie down,MAINT_ITEM,1,1
MAINT_ITEM:baffle tie rod bolt,baffle tie rod bolt,MAINT_ITEM,1,1
MAINT_ITEM:baffle tie rod spacer,baffle tie rod spacer,MAINT_ITEM,1,1
MAINT_ITEM:baffle tie rod threads,baffle tie rod threads,MAINT_ITEM,1,1
MAINT_ITEM:baffle tie rod wire,baffle tie rod wire,MAINT_ITEM,1,1
MAINT_ITEM:baffle tie spring,baffle tie spring,MAINT_ITEM,1,1
MAINT_ITEM:baffle tie wire hole,baffle tie wire hole,MAINT_ITEM,1,1
MAINT_ITEM:baffle tie wires,baffle tie wires,MAINT_ITEM,1,1
MAINT_ITEM:baffle ties,baffle ties,MAINT_ITEM,1,1
MAINT_ITEM:baffle tube,baffle tube,MAINT_ITEM,1,1
MAINT_ITEM:baffle unsecure,baffle unsecure,MAINT_ITEM,1,1
MAINT_ITEM:baffle wire harness,baffle wire harness,MAINT_ITEM,1,1
MAINT_ITEM:baffle wire harness tab,baffle wire harness tab,MAINT_ITEM,1,1
MAINT_ITEM:baffle wire holder,baffle wire holder,MAINT_ITEM,1,1
MAINT_ITEM:baffle wire spring,baffle wire spring,MAINT_ITEM,1,1
MAINT_ITEM:baffle wire standoff,baffle wire standoff,MAINT_ITEM,1,1
MAINT_ITEM:baffles seals,baffles seals,MAINT_ITEM,1,1
MAINT_ITEM:bafflin,bafflin,MAINT_ITEM,1,1
MAINT_ITEM:baffling conection wire,baffling conection wire,MAINT_ITEM,1,1
MAINT_ITEM:baffling mount bracket,baffling mount bracket,MAINT_ITEM,1,1
MAINT_ITEM:baffling plug,baffling plug,MAINT_ITEM,1,1
MAINT_ITEM:baffling section,baffling section,MAINT_ITEM,1,1
MAINT_ITEM:barrel,barrel,MAINT_ITEM,1,1
MAINT_ITEM:base . nuts,base . nuts,MAINT_ITEM,1,1
MAINT_ITEM:base nuts,base nuts,MAINT_ITEM,1,1
MAINT_ITEM:battery box,battery box,MAINT_ITEM,1,1
MAINT_ITEM:battery box bracket,battery box bracket,MAINT_ITEM,1,1
MAINT_ITEM:battery case,battery case,MAINT_ITEM,1,1
MAINT_ITEM:battery cooling,battery cooling,MAINT_ITEM,1,1
MAINT_ITEM:bearing,bearing,MAINT_ITEM,1,1
MAINT_ITEM:below alternator mount,below alternator mount,MAINT_ITEM,1,1
MAINT_ITEM:between cooler,between cooler,MAINT_ITEM,1,1
MAINT_ITEM:bigger rivet,bigger rivet,MAINT_ITEM,1,1
MAINT_ITEM:black cowling seal,black cowling seal,MAINT_ITEM,1,1
MAINT_ITEM:blades,blades,MAINT_ITEM,1,1
MAINT_ITEM:blanket,blanket,MAINT_ITEM,1,1
MAINT_ITEM:blockage,blockage,MAINT_ITEM,1,1
MAINT_ITEM:blown out,blown out,MAINT_ITEM,1,1
MAINT_ITEM:bolt holes,bolt holes,MAINT_ITEM,1,1
MAINT_ITEM:bolt that attaches cowl flap levers,bolt that attaches cowl flap levers,MAINT_ITEM,1,1
MAINT_ITEM:bottom corner,bottom corner,MAINT_ITEM,1,1
MAINT_ITEM:bottom cowl,bottom cowl,MAINT_ITEM,1,1
MAINT_ITEM:bottom plugs,bottom plugs,MAINT_ITEM,1,1
MAINT_ITEM:bracket bolts,bracket bolts,MAINT_ITEM,1,1
MAINT_ITEM:bracket hardware,bracket hardware,MAINT_ITEM,1,1
MAINT_ITEM:bracket rivets,bracket rivets,MAINT_ITEM,1,1
MAINT_ITEM:bracket screw,bracket screw,MAINT_ITEM,1,1
MAINT_ITEM:bracket screws,bracket screws,MAINT_ITEM,1,1
MAINT_ITEM:bracket support,bracket support,MAINT_ITEM,1,1
MAINT_ITEM:brackets correctly,brackets correctly,MAINT_ITEM,1,1
MAINT_ITEM:brake,brake,MAINT_ITEM,1,1
MAINT_ITEM:brake linings,brake linings,MAINT_ITEM,2,1
MAINT_ITEM:breather line,breather line,MAINT_ITEM,1,1
MAINT_ITEM:breather tube,breather tube,MAINT_ITEM,1,1
MAINT_ITEM:bush rod,bush rod,MAINT_ITEM,1,1
MAINT_ITEM:button,button,MAINT_ITEM,1,1
MAINT_ITEM:button plug hole,button plug hole,MAINT_ITEM,1,1
MAINT_ITEM:cabin,cabin,MAINT_ITEM,1,1
MAINT_ITEM:cabin area,cabin area,MAINT_ITEM,1,1
MAINT_ITEM:cable sheath,cable sheath,MAINT_ITEM,2,1
MAINT_ITEM:cap,cap,MAINT_ITEM,1,1
MAINT_ITEM:carb air valve,carb air valve,MAINT_ITEM,1,1
MAINT_ITEM:carb fire,carb fire,MAINT_ITEM,1,1
MAINT_ITEM:carb heat bracket,carb heat bracket,MAINT_ITEM,1,1
MAINT_ITEM:carb heat did,carb heat did,MAINT_ITEM,1,1
MAINT_ITEM:carb heat shroud,carb heat shroud,MAINT_ITEM,2,1
MAINT_ITEM:carb heat valve,carb heat valve,MAINT_ITEM,2,1
MAINT_ITEM:carbon,carbon,MAINT_ITEM,1,1
MAINT_ITEM:carburetor,carburetor,MAINT_ITEM,1,1
MAINT_ITEM:card,card,MAINT_ITEM,1,1
MAINT_ITEM:carrier,carrier,MAINT_ITEM,1,1
MAINT_ITEM:case bolts,case bolts,MAINT_ITEM,1,1
MAINT_ITEM:case half,case half,MAINT_ITEM,1,1
MAINT_ITEM:causing cht,causing cht,MAINT_ITEM,1,1
MAINT_ITEM:center baffle screw,center baffle screw,MAINT_ITEM,1,1
MAINT_ITEM:center baffle seal,center baffle seal,MAINT_ITEM,1,1
MAINT_ITEM:center bracket,center bracket,MAINT_ITEM,1,1
MAINT_ITEM:center cowling inlet tube,center cowling inlet tube,MAINT_ITEM,1,1
MAINT_ITEM:center engine,center engine,MAINT_ITEM,1,1
MAINT_ITEM:center line,center line,MAINT_ITEM,1,1
MAINT_ITEM:center turnbuckle,center turnbuckle,MAINT_ITEM,1,1
MAINT_ITEM:chin cowl,chin cowl,MAINT_ITEM,1,1
MAINT_ITEM:chip,chip,MAINT_ITEM,1,1
MAINT_ITEM:chip detectors,chip detectors,MAINT_ITEM,1,1
MAINT_ITEM:chip plugs,chip plugs,MAINT_ITEM,1,1
"MAINT_ITEM:cht , egt wire anchor","cht , egt wire anchor",MAINT_ITEM,1,1
MAINT_ITEM:cht fitting,cht fitting,MAINT_ITEM,2,1
MAINT_ITEM:cht gauge,cht gauge,MAINT_ITEM,1,1
MAINT_ITEM:cht needle,cht needle,MAINT_ITEM,1,1
MAINT_ITEM:cht receptiles,cht receptiles,MAINT_ITEM,1,1
MAINT_ITEM:cht red,cht red,MAINT_ITEM,1,1
MAINT_ITEM:clam,clam,MAINT_ITEM,1,1
MAINT_ITEM:clinders,clinders,MAINT_ITEM,1,1
MAINT_ITEM:clip,clip,MAINT_ITEM,2,1
MAINT_ITEM:clog,clog,MAINT_ITEM,1,1
MAINT_ITEM:cluster,cluster,MAINT_ITEM,1,1
MAINT_ITEM:collar,collar,MAINT_ITEM,1,1
MAINT_ITEM:collective linkage,collective linkage,MAINT_ITEM,1,1
MAINT_ITEM:compressor blade,compressor blade,MAINT_ITEM,1,1
MAINT_ITEM:compressor first stage blade,compressor first stage blade,MAINT_ITEM,2,1
MAINT_ITEM:compressor rotor,compressor rotor,MAINT_ITEM,1,1
MAINT_ITEM:connecting components,connecting components,MAINT_ITEM,1,1
MAINT_ITEM:connection wire,connection wire,MAINT_ITEM,1,1
MAINT_ITEM:control,control,MAINT_ITEM,1,1
MAINT_ITEM:control cables,control cables,MAINT_ITEM,1,1
MAINT_ITEM:control column,control column,MAINT_ITEM,1,1
MAINT_ITEM:cooler system,cooler system,MAINT_ITEM,1,1
MAINT_ITEM:coolers,coolers,MAINT_ITEM,1,1
MAINT_ITEM:cooli,cooli,MAINT_ITEM,1,1
MAINT_ITEM:cooling ba,cooling ba,MAINT_ITEM,1,1
MAINT_ITEM:cooling baffle connecting rod,cooling baffle connecting rod,MAINT_ITEM,1,1
MAINT_ITEM:cooling baffle seal,cooling baffle seal,MAINT_ITEM,1,1
MAINT_ITEM:cooling baffling,cooling baffling,MAINT_ITEM,1,1
MAINT_ITEM:cooling fins,cooling fins,MAINT_ITEM,1,1
MAINT_ITEM:cooling hose,cooling hose,MAINT_ITEM,2,1
MAINT_ITEM:corner baffle,corner baffle,MAINT_ITEM,1,1
MAINT_ITEM:corner next,corner next,MAINT_ITEM,1,1
MAINT_ITEM:corner patch,corner patch,MAINT_ITEM,1,1
MAINT_ITEM:correct hardware,correct hardware,MAINT_ITEM,1,1
MAINT_ITEM:cotter pin,cotter pin,MAINT_ITEM,1,1
MAINT_ITEM:cover gaskets,cover gaskets,MAINT_ITEM,1,1
MAINT_ITEM:cover o-ring,cover o-ring,MAINT_ITEM,1,1
MAINT_ITEM:cover screw,cover screw,MAINT_ITEM,1,1
MAINT_ITEM:cover screws,cover screws,MAINT_ITEM,1,1
MAINT_ITEM:cowl cam,cowl cam,MAINT_ITEM,1,1
MAINT_ITEM:cowl dzus fasteners,cowl dzus fasteners,MAINT_ITEM,1,1
MAINT_ITEM:cowl flap,cowl flap,MAINT_ITEM,1,1
MAINT_ITEM:cowl mounts,cowl mounts,MAINT_ITEM,1,1
MAINT_ITEM:cowl panel rubber unsecure,cowl panel rubber unsecure,MAINT_ITEM,1,1
MAINT_ITEM:cowl seals,cowl seals,MAINT_ITEM,2,1
MAINT_ITEM:cowl shock mounts,cowl shock mounts,MAINT_ITEM,2,1
MAINT_ITEM:cowling and box,cowling and box,MAINT_ITEM,1,1
MAINT_ITEM:cowling baffle,cowling baffle,MAINT_ITEM,1,1
MAINT_ITEM:cowling seal,cowling seal,MAINT_ITEM,1,1
MAINT_ITEM:cowlnig,cowlnig,MAINT_ITEM,1,1
MAINT_ITEM:crank,crank,MAINT_ITEM,1,1
MAINT_ITEM:crankcase backbone,crankcase backbone,MAINT_ITEM,2,1
MAINT_ITEM:crankcase bolts,crankcase bolts,MAINT_ITEM,1,1
MAINT_ITEM:crankcase half,crankcase half,MAINT_ITEM,1,1
MAINT_ITEM:crankcase half bolt,crankcase half bolt,MAINT_ITEM,1,1
MAINT_ITEM:crankcase seal,crankcase seal,MAINT_ITEM,1,1
MAINT_ITEM:crankcase spin bolt,crankcase spin bolt,MAINT_ITEM,1,1
MAINT_ITEM:crew,crew,MAINT_ITEM,1,1
MAINT_ITEM:crosstie,crosstie,MAINT_ITEM,1,1
MAINT_ITEM:customer,customer,MAINT_ITEM,1,1
MAINT_ITEM:cylilnder,cylilnder,MAINT_ITEM,1,1
"MAINT_ITEM:cylinder , lueco","cylinder , lueco",MAINT_ITEM,1,1
MAINT_ITEM:cylinder anchor assembly,cylinder anchor assembly,MAINT_ITEM,1,1
MAINT_ITEM:cylinder anchor standby assembly,cylinder anchor standby assembly,MAINT_ITEM,1,1
MAINT_ITEM:cylinder baffle,cylinder baffle,MAINT_ITEM,1,1
MAINT_ITEM:cylinder base nut,cylinder base nut,MAINT_ITEM,1,1
MAINT_ITEM:cylinder base nuts,cylinder base nuts,MAINT_ITEM,1,1
MAINT_ITEM:cylinder drain line b nuts,cylinder drain line b nuts,MAINT_ITEM,1,1
MAINT_ITEM:cylinder flange,cylinder flange,MAINT_ITEM,1,1
MAINT_ITEM:cylinder injector nozzle,cylinder injector nozzle,MAINT_ITEM,1,1
MAINT_ITEM:cylinder nut,cylinder nut,MAINT_ITEM,1,1
MAINT_ITEM:cylinder nuts,cylinder nuts,MAINT_ITEM,1,1
MAINT_ITEM:cylinder rocker cover gaskets,cylinder rocker cover gaskets,MAINT_ITEM,1,1
MAINT_ITEM:cylinder spark plugs,cylinder spark plugs,MAINT_ITEM,1,1
MAINT_ITEM:cylinder wrap,cylinder wrap,MAINT_ITEM,1,1
MAINT_ITEM:debris,debris,MAINT_ITEM,1,1
MAINT_ITEM:deflector,deflector,MAINT_ITEM,1,1
MAINT_ITEM:dips,dips,MAINT_ITEM,1,1
MAINT_ITEM:dipstick housing,dipstick housing,MAINT_ITEM,1,1
MAINT_ITEM:dipstick tub,dipstick tub,MAINT_ITEM,1,1
MAINT_ITEM:dipstick tubes,dipstick tubes,MAINT_ITEM,1,1
MAINT_ITEM:dirt,dirt,MAINT_ITEM,1,1
MAINT_ITEM:doubler patch,doubler patch,MAINT_ITEM,1,1
MAINT_ITEM:doubler plates,doubler plates,MAINT_ITEM,1,1
MAINT_ITEM:drain,drain,MAINT_ITEM,1,1
MAINT_ITEM:drain clamp,drain clamp,MAINT_ITEM,1,1
MAINT_ITEM:drain hose clamp,drain hose clamp,MAINT_ITEM,1,1
MAINT_ITEM:drain lines,drain lines,MAINT_ITEM,1,1
MAINT_ITEM:driven fuel pump,driven fuel pump,MAINT_ITEM,1,1
MAINT_ITEM:duct tape,duct tape,MAINT_ITEM,2,1
MAINT_ITEM:egt probe,egt probe,MAINT_ITEM,1,1
MAINT_ITEM:egt standoff,egt standoff,MAINT_ITEM,1,1
MAINT_ITEM:egt variati,egt variati,MAINT_ITEM,1,1
MAINT_ITEM:egt wire probe standoffs,egt wire probe standoffs,MAINT_ITEM,1,1
MAINT_ITEM:elbow,elbow,MAINT_ITEM,1,1
MAINT_ITEM:electrical lines,electrical lines,MAINT_ITEM,1,1
MAINT_ITEM:electrical wiring,electrical wiring,MAINT_ITEM,1,1
MAINT_ITEM:engine breather fitting,engine breather fitting,MAINT_ITEM,1,1
MAINT_ITEM:engine casing,engine casing,MAINT_ITEM,1,1
MAINT_ITEM:engine control,engine control,MAINT_ITEM,1,1
MAINT_ITEM:engine controls,engine controls,MAINT_ITEM,1,1
MAINT_ITEM:engine drain line,engine drain line,MAINT_ITEM,1,1
MAINT_ITEM:engine drain lines,engine drain lines,MAINT_ITEM,1,1
MAINT_ITEM:engine fire,engine fire,MAINT_ITEM,1,1
MAINT_ITEM:engine kicks,engine kicks,MAINT_ITEM,1,1
MAINT_ITEM:engine mount bolt hole,engine mount bolt hole,MAINT_ITEM,1,1
MAINT_ITEM:exciter,exciter,MAINT_ITEM,1,1
MAINT_ITEM:exhaust alve,exhaust alve,MAINT_ITEM,1,1
MAINT_ITEM:exhaust assembly,exhaust assembly,MAINT_ITEM,1,1
MAINT_ITEM:exhaust gasket,exhaust gasket,MAINT_ITEM,2,1
MAINT_ITEM:exhaust guide tight,exhaust guide tight,MAINT_ITEM,1,1
MAINT_ITEM:exhaust lifter,exhaust lifter,MAINT_ITEM,1,1
MAINT_ITEM:exhaust push rod seals,exhaust push rod seals,MAINT_ITEM,1,1
MAINT_ITEM:exhaust push rod tube seal,exhaust push rod tube seal,MAINT_ITEM,1,1
MAINT_ITEM:exhaust push rod tube seals,exhaust push rod tube seals,MAINT_ITEM,1,1
MAINT_ITEM:exhaust push tube,exhaust push tube,MAINT_ITEM,2,1
MAINT_ITEM:exhaust seal,exhaust seal,MAINT_ITEM,1,1
MAINT_ITEM:exhaust v,exhaust v,MAINT_ITEM,1,1
MAINT_ITEM:exhaust valve burnt,exhaust valve burnt,MAINT_ITEM,1,1
MAINT_ITEM:exhaust wiring,exhaust wiring,MAINT_ITEM,1,1
MAINT_ITEM:external linkage,external linkage,MAINT_ITEM,1,1
MAINT_ITEM:extra bracket,extra bracket,MAINT_ITEM,1,1
MAINT_ITEM:extra spark plug,extra spark plug,MAINT_ITEM,2,1
MAINT_ITEM:fasteners,fasteners,MAINT_ITEM,1,1
MAINT_ITEM:ferrule,ferrule,MAINT_ITEM,1,1
MAINT_ITEM:filler tube,filler tube,MAINT_ITEM,1,1
MAINT_ITEM:filter housing,filter housing,MAINT_ITEM,1,1
MAINT_ITEM:fireseal,fireseal,MAINT_ITEM,2,1
MAINT_ITEM:firewall sea,firewall sea,MAINT_ITEM,1,1
MAINT_ITEM:firewalls,firewalls,MAINT_ITEM,1,1
MAINT_ITEM:flexible tube,flexible tube,MAINT_ITEM,1,1
MAINT_ITEM:flight data monitoring card,flight data monitoring card,MAINT_ITEM,1,1
MAINT_ITEM:fluid lines,fluid lines,MAINT_ITEM,1,1
MAINT_ITEM:foam seal,foam seal,MAINT_ITEM,1,1
MAINT_ITEM:front baffling,front baffling,MAINT_ITEM,1,1
MAINT_ITEM:fuel control,fuel control,MAINT_ITEM,1,1
MAINT_ITEM:fuel distributor line,fuel distributor line,MAINT_ITEM,1,1
MAINT_ITEM:fuel filter,fuel filter,MAINT_ITEM,1,1
MAINT_ITEM:fuel flow transducer,fuel flow transducer,MAINT_ITEM,1,1
MAINT_ITEM:fuel flow transducer wire,fuel flow transducer wire,MAINT_ITEM,1,1
MAINT_ITEM:fuel injector lines,fuel injector lines,MAINT_ITEM,1,1
MAINT_ITEM:fuel nozzles,fuel nozzles,MAINT_ITEM,1,1
MAINT_ITEM:fuel placard,fuel placard,MAINT_ITEM,1,1
MAINT_ITEM:fuel stains,fuel stains,MAINT_ITEM,1,1
MAINT_ITEM:fuel supply hose,fuel supply hose,MAINT_ITEM,1,1
MAINT_ITEM:fuzz,fuzz,MAINT_ITEM,2,1
MAINT_ITEM:gakset,gakset,MAINT_ITEM,1,1
MAINT_ITEM:gask,gask,MAINT_ITEM,1,1
MAINT_ITEM:gasket material,gasket material,MAINT_ITEM,1,1
MAINT_ITEM:gasket off,gasket off,MAINT_ITEM,1,1
MAINT_ITEM:gauge,gauge,MAINT_ITEM,1,1
MAINT_ITEM:generator cooling tu,generator cooling tu,MAINT_ITEM,1,1
MAINT_ITEM:governor,governor,MAINT_ITEM,1,1
MAINT_ITEM:governor baffle seal,governor baffle seal,MAINT_ITEM,1,1
MAINT_ITEM:governor four turns coun,governor four turns coun,MAINT_ITEM,1,1
MAINT_ITEM:governor washer,governor washer,MAINT_ITEM,1,1
MAINT_ITEM:greater,greater,MAINT_ITEM,1,1
MAINT_ITEM:grommet hole,grommet hole,MAINT_ITEM,1,1
MAINT_ITEM:ground cable,ground cable,MAINT_ITEM,1,1
MAINT_ITEM:ground strap,ground strap,MAINT_ITEM,2,1
MAINT_ITEM:ground wire,ground wire,MAINT_ITEM,1,1
MAINT_ITEM:ground wire strap,ground wire strap,MAINT_ITEM,1,1
MAINT_ITEM:grounding,grounding,MAINT_ITEM,1,1
MAINT_ITEM:grounding point,grounding point,MAINT_ITEM,1,1
MAINT_ITEM:grounding points,grounding points,MAINT_ITEM,1,1
MAINT_ITEM:grounding straps,grounding straps,MAINT_ITEM,1,1
MAINT_ITEM:grounding wire,grounding wire,MAINT_ITEM,1,1
MAINT_ITEM:guide hole,guide hole,MAINT_ITEM,1,1
MAINT_ITEM:guides,guides,MAINT_ITEM,2,1
MAINT_ITEM:hanger nuts,hanger nuts,MAINT_ITEM,1,1
MAINT_ITEM:hardened chafe wrap,hardened chafe wrap,MAINT_ITEM,1,1
MAINT_ITEM:hardwared,hardwared,MAINT_ITEM,1,1
MAINT_ITEM:harness anchors,harness anchors,MAINT_ITEM,1,1
MAINT_ITEM:harness clamp,harness clamp,MAINT_ITEM,1,1
MAINT_ITEM:heat inlet,heat inlet,MAINT_ITEM,2,1
MAINT_ITEM:heli-coil kit,heli-coil kit,MAINT_ITEM,1,1
MAINT_ITEM:helicoil,helicoil,MAINT_ITEM,1,1
MAINT_ITEM:helo,helo,MAINT_ITEM,1,1
MAINT_ITEM:hi-temperature silicone,hi-temperature silicone,MAINT_ITEM,1,1
MAINT_ITEM:hidden damage,hidden damage,MAINT_ITEM,1,1
MAINT_ITEM:high temperature rtb,high temperature rtb,MAINT_ITEM,1,1
MAINT_ITEM:high temperature rtv,high temperature rtv,MAINT_ITEM,1,1
MAINT_ITEM:high temperature silicone sealant,high temperature silicone sealant,MAINT_ITEM,1,1
MAINT_ITEM:hoist loop bolt,hoist loop bolt,MAINT_ITEM,1,1
MAINT_ITEM:hoisting ring bolt,hoisting ring bolt,MAINT_ITEM,1,1
MAINT_ITEM:hold bracket,hold bracket,MAINT_ITEM,1,1
MAINT_ITEM:hold down,hold down,MAINT_ITEM,1,1
MAINT_ITEM:hold down angle,hold down angle,MAINT_ITEM,1,1
MAINT_ITEM:hold down nuts,hold down nuts,MAINT_ITEM,1,1
MAINT_ITEM:hole plugs,hole plugs,MAINT_ITEM,1,1
MAINT_ITEM:hover power,hover power,MAINT_ITEM,1,1
MAINT_ITEM:hung,hung,MAINT_ITEM,1,1
MAINT_ITEM:hydrauli,hydrauli,MAINT_ITEM,1,1
MAINT_ITEM:idle mixture linkage,idle mixture linkage,MAINT_ITEM,1,1
MAINT_ITEM:ignition lead,ignition lead,MAINT_ITEM,1,1
MAINT_ITEM:ignition leads,ignition leads,MAINT_ITEM,1,1
MAINT_ITEM:ignition top leads,ignition top leads,MAINT_ITEM,1,1
MAINT_ITEM:inatke gasket,inatke gasket,MAINT_ITEM,1,1
MAINT_ITEM:indication tube gaskets,indication tube gaskets,MAINT_ITEM,1,1
MAINT_ITEM:induction air filter,induction air filter,MAINT_ITEM,1,1
MAINT_ITEM:induction elbow,induction elbow,MAINT_ITEM,1,1
MAINT_ITEM:induction elbow drain tube,induction elbow drain tube,MAINT_ITEM,1,1
MAINT_ITEM:induction gasket,induction gasket,MAINT_ITEM,1,1
MAINT_ITEM:induction pipes,induction pipes,MAINT_ITEM,1,1
MAINT_ITEM:info,info,MAINT_ITEM,1,1
MAINT_ITEM:injection line,injection line,MAINT_ITEM,1,1
MAINT_ITEM:injector lin,injector lin,MAINT_ITEM,1,1
MAINT_ITEM:inlet screen cowl panel rubber unsecure,inlet screen cowl panel rubber unsecure,MAINT_ITEM,1,1
MAINT_ITEM:inlet screen wire,inlet screen wire,MAINT_ITEM,1,1
MAINT_ITEM:inner baffle tie,inner baffle tie,MAINT_ITEM,1,1
MAINT_ITEM:inner cooling baffle,inner cooling baffle,MAINT_ITEM,1,1
MAINT_ITEM:inspection panel,inspection panel,MAINT_ITEM,1,1
MAINT_ITEM:instake gasket,instake gasket,MAINT_ITEM,1,1
MAINT_ITEM:int,int,MAINT_ITEM,1,1
MAINT_ITEM:intake air filter frame,intake air filter frame,MAINT_ITEM,1,1
MAINT_ITEM:intake bolt hole,intake bolt hole,MAINT_ITEM,1,1
MAINT_ITEM:intake bolts,intake bolts,MAINT_ITEM,1,1
MAINT_ITEM:intake clamp,intake clamp,MAINT_ITEM,1,1
MAINT_ITEM:intake clamps,intake clamps,MAINT_ITEM,1,1
MAINT_ITEM:intake connector,intake connector,MAINT_ITEM,1,1
MAINT_ITEM:intake cylinder gasket,intake cylinder gasket,MAINT_ITEM,1,1
MAINT_ITEM:intake elbow gask,intake elbow gask,MAINT_ITEM,1,1
MAINT_ITEM:intake feels,intake feels,MAINT_ITEM,1,1
MAINT_ITEM:intake filter bracket,intake filter bracket,MAINT_ITEM,1,1
MAINT_ITEM:intake filter housing,intake filter housing,MAINT_ITEM,1,1
MAINT_ITEM:intake flange,intake flange,MAINT_ITEM,1,1
MAINT_ITEM:intake flanges,intake flanges,MAINT_ITEM,1,1
MAINT_ITEM:intake heat,intake heat,MAINT_ITEM,1,1
MAINT_ITEM:intake hose clamps,intake hose clamps,MAINT_ITEM,1,1
MAINT_ITEM:intake lines,intake lines,MAINT_ITEM,1,1
MAINT_ITEM:intake lube gasket,intake lube gasket,MAINT_ITEM,1,1
MAINT_ITEM:intake o-ring,intake o-ring,MAINT_ITEM,1,1
MAINT_ITEM:intake pipe gaskets,intake pipe gaskets,MAINT_ITEM,1,1
MAINT_ITEM:intake push rod,intake push rod,MAINT_ITEM,1,1
MAINT_ITEM:intake push rod seal,intake push rod seal,MAINT_ITEM,1,1
MAINT_ITEM:intake rocker,intake rocker,MAINT_ITEM,1,1
MAINT_ITEM:intake screen panel,intake screen panel,MAINT_ITEM,1,1
MAINT_ITEM:intake tub,intake tub,MAINT_ITEM,1,1
MAINT_ITEM:intake tube attachment,intake tube attachment,MAINT_ITEM,1,1
MAINT_ITEM:intake tube attachment groove,intake tube attachment groove,MAINT_ITEM,1,1
MAINT_ITEM:intake tube flange,intake tube flange,MAINT_ITEM,1,1
MAINT_ITEM:intake valves,intake valves,MAINT_ITEM,1,1
MAINT_ITEM:intakes gaskets,intakes gaskets,MAINT_ITEM,1,1
MAINT_ITEM:inter baffle rod,inter baffle rod,MAINT_ITEM,2,1
MAINT_ITEM:inter baffle rod fastener,inter baffle rod fastener,MAINT_ITEM,2,1
MAINT_ITEM:interbaffle,interbaffle,MAINT_ITEM,1,1
MAINT_ITEM:interconnect rod,interconnect rod,MAINT_ITEM,1,1
MAINT_ITEM:interconnecting rods,interconnecting rods,MAINT_ITEM,1,1
MAINT_ITEM:intercylinder baffle tie rod,intercylinder baffle tie rod,MAINT_ITEM,1,1
MAINT_ITEM:inventory,inventory,MAINT_ITEM,1,1
MAINT_ITEM:inventory engine,inventory engine,MAINT_ITEM,1,1
MAINT_ITEM:inventory item,inventory item,MAINT_ITEM,1,1
MAINT_ITEM:lacing,lacing,MAINT_ITEM,1,1
MAINT_ITEM:lacing core,lacing core,MAINT_ITEM,2,1
MAINT_ITEM:lacings,lacings,MAINT_ITEM,1,1
MAINT_ITEM:lamp,lamp,MAINT_ITEM,1,1
MAINT_ITEM:lancing cord,lancing cord,MAINT_ITEM,1,1
MAINT_ITEM:landing,landing,MAINT_ITEM,1,1
MAINT_ITEM:large,large,MAINT_ITEM,1,1
MAINT_ITEM:large gouge,large gouge,MAINT_ITEM,1,1
MAINT_ITEM:left door,left door,MAINT_ITEM,1,1
MAINT_ITEM:left engine,left engine,MAINT_ITEM,1,1
MAINT_ITEM:lift bolt,lift bolt,MAINT_ITEM,1,1
MAINT_ITEM:lift ring bolt,lift ring bolt,MAINT_ITEM,1,1
MAINT_ITEM:lifted assembly,lifted assembly,MAINT_ITEM,1,1
MAINT_ITEM:lifter,lifter,MAINT_ITEM,1,1
MAINT_ITEM:lifting bracket case half bolt,lifting bracket case half bolt,MAINT_ITEM,1,1
MAINT_ITEM:lifting ey,lifting ey,MAINT_ITEM,1,1
MAINT_ITEM:lifting eye bracket,lifting eye bracket,MAINT_ITEM,1,1
MAINT_ITEM:like clamps,like clamps,MAINT_ITEM,1,1
MAINT_ITEM:like m,like m,MAINT_ITEM,1,1
MAINT_ITEM:like ma,like ma,MAINT_ITEM,1,1
MAINT_ITEM:like materal,like materal,MAINT_ITEM,2,1
"MAINT_ITEM:lines "" b "" nut","lines "" b "" nut",MAINT_ITEM,1,1
MAINT_ITEM:linkage,linkage,MAINT_ITEM,1,1
MAINT_ITEM:loaner turb,loaner turb,MAINT_ITEM,1,1
MAINT_ITEM:lock nut,lock nut,MAINT_ITEM,1,1
MAINT_ITEM:lock plate,lock plate,MAINT_ITEM,1,1
MAINT_ITEM:lock tite,lock tite,MAINT_ITEM,1,1
MAINT_ITEM:lock washers,lock washers,MAINT_ITEM,1,1
MAINT_ITEM:longer push rod,longer push rod,MAINT_ITEM,1,1
MAINT_ITEM:lower tube,lower tube,MAINT_ITEM,1,1
MAINT_ITEM:lowest part,lowest part,MAINT_ITEM,1,1
MAINT_ITEM:lueco cylinder assembly,lueco cylinder assembly,MAINT_ITEM,1,1
MAINT_ITEM:m/r system,m/r system,MAINT_ITEM,1,1
MAINT_ITEM:machine screws,machine screws,MAINT_ITEM,1,1
MAINT_ITEM:magneto blast tube,magneto blast tube,MAINT_ITEM,1,1
MAINT_ITEM:magneto switch sele,magneto switch sele,MAINT_ITEM,1,1
MAINT_ITEM:magneto timin,magneto timin,MAINT_ITEM,1,1
MAINT_ITEM:magneto timing,magneto timing,MAINT_ITEM,1,1
MAINT_ITEM:main and tail,main and tail,MAINT_ITEM,1,1
MAINT_ITEM:main and tail rotor,main and tail rotor,MAINT_ITEM,1,1
MAINT_ITEM:manifold pressure fitting,manifold pressure fitting,MAINT_ITEM,1,1
MAINT_ITEM:manifold psi,manifold psi,MAINT_ITEM,1,1
MAINT_ITEM:marks negligible,marks negligible,MAINT_ITEM,1,1
MAINT_ITEM:middle mount rivets,middle mount rivets,MAINT_ITEM,1,1
MAINT_ITEM:mineral oi,mineral oi,MAINT_ITEM,1,1
MAINT_ITEM:mixture cable rigging,mixture cable rigging,MAINT_ITEM,1,1
MAINT_ITEM:mixture linkage,mixture linkage,MAINT_ITEM,1,1
MAINT_ITEM:mount assembly,mount assembly,MAINT_ITEM,1,1
MAINT_ITEM:mount bolt,mount bolt,MAINT_ITEM,2,1
MAINT_ITEM:mount bolt hole,mount bolt hole,MAINT_ITEM,1,1
MAINT_ITEM:mount bracket,mount bracket,MAINT_ITEM,1,1
MAINT_ITEM:mount rivets,mount rivets,MAINT_ITEM,1,1
MAINT_ITEM:mountin,mountin,MAINT_ITEM,1,1
MAINT_ITEM:mounting bolt,mounting bolt,MAINT_ITEM,1,1
MAINT_ITEM:mounting bracket,mounting bracket,MAINT_ITEM,1,1
MAINT_ITEM:mounting grommets,mounting grommets,MAINT_ITEM,1,1
MAINT_ITEM:muffler assembly,muffler assembly,MAINT_ITEM,1,1
MAINT_ITEM:muffler baffle,muffler baffle,MAINT_ITEM,1,1
MAINT_ITEM:muffler heat muff,muffler heat muff,MAINT_ITEM,1,1
MAINT_ITEM:muffler heat shroud,muffler heat shroud,MAINT_ITEM,1,1
MAINT_ITEM:muffler intake,muffler intake,MAINT_ITEM,1,1
MAINT_ITEM:multiple zip ties,multiple zip ties,MAINT_ITEM,1,1
MAINT_ITEM:must,must,MAINT_ITEM,1,1
MAINT_ITEM:nacelle panel,nacelle panel,MAINT_ITEM,1,1
MAINT_ITEM:nacelle vent,nacelle vent,MAINT_ITEM,1,1
MAINT_ITEM:necessary baffling,necessary baffling,MAINT_ITEM,1,1
MAINT_ITEM:necessary gears,necessary gears,MAINT_ITEM,1,1
MAINT_ITEM:neg,neg,MAINT_ITEM,1,1
MAINT_ITEM:negligible,negligible,MAINT_ITEM,1,1
MAINT_ITEM:new pistion,new pistion,MAINT_ITEM,1,1
MAINT_ITEM:nose landing gear down,nose landing gear down,MAINT_ITEM,1,1
MAINT_ITEM:nose landing gear upper cover,nose landing gear upper cover,MAINT_ITEM,1,1
MAINT_ITEM:number 29 push rods,number 29 push rods,MAINT_ITEM,1,1
MAINT_ITEM:number 31 push rod,number 31 push rod,MAINT_ITEM,1,1
MAINT_ITEM:nutplates,nutplates,MAINT_ITEM,1,1
MAINT_ITEM:o-ring retainer,o-ring retainer,MAINT_ITEM,1,1
MAINT_ITEM:obstruction,obstruction,MAINT_ITEM,1,1
MAINT_ITEM:off nut,off nut,MAINT_ITEM,1,1
"MAINT_ITEM:oil , fuel","oil , fuel",MAINT_ITEM,1,1
MAINT_ITEM:oil baffle cooler bracket,oil baffle cooler bracket,MAINT_ITEM,1,1
MAINT_ITEM:oil control ring,oil control ring,MAINT_ITEM,1,1
MAINT_ITEM:oil coo,oil coo,MAINT_ITEM,1,1
MAINT_ITEM:oil cool,oil cool,MAINT_ITEM,1,1
MAINT_ITEM:oil coole,oil coole,MAINT_ITEM,1,1
MAINT_ITEM:oil cooler adel clamp,oil cooler adel clamp,MAINT_ITEM,1,1
MAINT_ITEM:oil cooler baffle corner,oil cooler baffle corner,MAINT_ITEM,1,1
MAINT_ITEM:oil cooler baffling,oil cooler baffling,MAINT_ITEM,1,1
MAINT_ITEM:oil cooler gap,oil cooler gap,MAINT_ITEM,1,1
MAINT_ITEM:oil cooler hose bracket,oil cooler hose bracket,MAINT_ITEM,1,1
MAINT_ITEM:oil cooler lines lacing cord,oil cooler lines lacing cord,MAINT_ITEM,1,1
MAINT_ITEM:oil cooler mou,oil cooler mou,MAINT_ITEM,1,1
MAINT_ITEM:oil cooler mount,oil cooler mount,MAINT_ITEM,1,1
MAINT_ITEM:oil cooler mounting,oil cooler mounting,MAINT_ITEM,1,1
MAINT_ITEM:oil cooler shroud,oil cooler shroud,MAINT_ITEM,1,1
MAINT_ITEM:oil cooler standoffs,oil cooler standoffs,MAINT_ITEM,2,1
MAINT_ITEM:oil cooler support bracket,oil cooler support bracket,MAINT_ITEM,1,1
MAINT_ITEM:oil dipstick housing,oil dipstick housing,MAINT_ITEM,1,1
MAINT_ITEM:oil dipstick oil stick,oil dipstick oil stick,MAINT_ITEM,1,1
MAINT_ITEM:oil dipstick tubes,oil dipstick tubes,MAINT_ITEM,1,1
MAINT_ITEM:oil drain line hose clamps,oil drain line hose clamps,MAINT_ITEM,1,1
MAINT_ITEM:oil drain tubes,oil drain tubes,MAINT_ITEM,1,1
MAINT_ITEM:oil drains,oil drains,MAINT_ITEM,1,1
MAINT_ITEM:oil hose,oil hose,MAINT_ITEM,1,1
MAINT_ITEM:oil leakage,oil leakage,MAINT_ITEM,1,1
MAINT_ITEM:oil line ninety degree,oil line ninety degree,MAINT_ITEM,1,1
MAINT_ITEM:oil pan,oil pan,MAINT_ITEM,1,1
"MAINT_ITEM:oil pressure , engine","oil pressure , engine",MAINT_ITEM,1,1
MAINT_ITEM:oil pressure line support bracket,oil pressure line support bracket,MAINT_ITEM,1,1
MAINT_ITEM:oil pressure lines,oil pressure lines,MAINT_ITEM,1,1
MAINT_ITEM:oil pressure relief valve,oil pressure relief valve,MAINT_ITEM,1,1
MAINT_ITEM:oil pressure switch wire,oil pressure switch wire,MAINT_ITEM,1,1
MAINT_ITEM:oil pressure tube,oil pressure tube,MAINT_ITEM,1,1
MAINT_ITEM:oil psi switch wiring grommet,oil psi switch wiring grommet,MAINT_ITEM,1,1
MAINT_ITEM:oil retur,oil retur,MAINT_ITEM,1,1
MAINT_ITEM:oil return like clamps,oil return like clamps,MAINT_ITEM,1,1
MAINT_ITEM:oil screen housing,oil screen housing,MAINT_ITEM,1,1
MAINT_ITEM:oil seep,oil seep,MAINT_ITEM,1,1
MAINT_ITEM:oil stick,oil stick,MAINT_ITEM,1,1
MAINT_ITEM:oil sump screen,oil sump screen,MAINT_ITEM,2,1
MAINT_ITEM:oil temperature light,oil temperature light,MAINT_ITEM,1,1
MAINT_ITEM:oil through,oil through,MAINT_ITEM,1,1
MAINT_ITEM:oil tube drain lines,oil tube drain lines,MAINT_ITEM,1,1
MAINT_ITEM:only 2600,only 2600,MAINT_ITEM,1,1
MAINT_ITEM:origin,origin,MAINT_ITEM,1,1
MAINT_ITEM:original engine,original engine,MAINT_ITEM,1,1
MAINT_ITEM:other screws,other screws,MAINT_ITEM,1,1
MAINT_ITEM:out,out,MAINT_ITEM,1,1
MAINT_ITEM:out of eighty engine,out of eighty engine,MAINT_ITEM,1,1
MAINT_ITEM:outboard bolt,outboard bolt,MAINT_ITEM,1,1
MAINT_ITEM:outer baffle tie,outer baffle tie,MAINT_ITEM,1,1
MAINT_ITEM:outer push rod seals,outer push rod seals,MAINT_ITEM,1,1
MAINT_ITEM:outer push rod tube seals,outer push rod tube seals,MAINT_ITEM,1,1
MAINT_ITEM:output wire,output wire,MAINT_ITEM,2,1
MAINT_ITEM:over rocker covers,over rocker covers,MAINT_ITEM,1,1
MAINT_ITEM:overboard battery,overboard battery,MAINT_ITEM,1,1
MAINT_ITEM:overboard vent tubes,overboard vent tubes,MAINT_ITEM,1,1
MAINT_ITEM:overhaul kit,overhaul kit,MAINT_ITEM,1,1
MAINT_ITEM:overhauled cooler,overhauled cooler,MAINT_ITEM,1,1
MAINT_ITEM:overhauled engine,overhauled engine,MAINT_ITEM,1,1
MAINT_ITEM:overhauled propeller governor,overhauled propeller governor,MAINT_ITEM,1,1
MAINT_ITEM:pallet,pallet,MAINT_ITEM,1,1
MAINT_ITEM:panel seals,panel seals,MAINT_ITEM,1,1
MAINT_ITEM:panels,panels,MAINT_ITEM,1,1
MAINT_ITEM:paperwork errors,paperwork errors,MAINT_ITEM,1,1
MAINT_ITEM:part made,part made,MAINT_ITEM,1,1
MAINT_ITEM:parts manual,parts manual,MAINT_ITEM,1,1
MAINT_ITEM:pass down,pass down,MAINT_ITEM,1,1
MAINT_ITEM:patch same material,patch same material,MAINT_ITEM,1,1
MAINT_ITEM:patching,patching,MAINT_ITEM,1,1
MAINT_ITEM:phenolic spacers,phenolic spacers,MAINT_ITEM,1,1
MAINT_ITEM:pilots seat,pilots seat,MAINT_ITEM,1,1
MAINT_ITEM:pin hole,pin hole,MAINT_ITEM,1,1
MAINT_ITEM:pins,pins,MAINT_ITEM,1,1
MAINT_ITEM:piston pin bore,piston pin bore,MAINT_ITEM,1,1
MAINT_ITEM:piston pins,piston pins,MAINT_ITEM,1,1
MAINT_ITEM:placard,placard,MAINT_ITEM,1,1
MAINT_ITEM:plastic,plastic,MAINT_ITEM,1,1
MAINT_ITEM:plastic holder,plastic holder,MAINT_ITEM,1,1
MAINT_ITEM:plug access,plug access,MAINT_ITEM,1,1
MAINT_ITEM:plug access button,plug access button,MAINT_ITEM,1,1
MAINT_ITEM:plug baffle,plug baffle,MAINT_ITEM,1,1
MAINT_ITEM:plug baffle hole plugs,plug baffle hole plugs,MAINT_ITEM,1,1
MAINT_ITEM:plug baffle plugs,plug baffle plugs,MAINT_ITEM,1,1
MAINT_ITEM:plug hole,plug hole,MAINT_ITEM,1,1
MAINT_ITEM:plug holes,plug holes,MAINT_ITEM,1,1
MAINT_ITEM:plug wiring,plug wiring,MAINT_ITEM,1,1
MAINT_ITEM:plugs safety wire,plugs safety wire,MAINT_ITEM,1,1
MAINT_ITEM:plunger assembly,plunger assembly,MAINT_ITEM,1,1
MAINT_ITEM:pneumatic,pneumatic,MAINT_ITEM,1,1
MAINT_ITEM:point bolt,point bolt,MAINT_ITEM,1,1
MAINT_ITEM:possible engine,possible engine,MAINT_ITEM,1,1
MAINT_ITEM:power section,power section,MAINT_ITEM,1,1
MAINT_ITEM:pre-oil,pre-oil,MAINT_ITEM,1,1
MAINT_ITEM:preservative oil,preservative oil,MAINT_ITEM,1,1
MAINT_ITEM:pressure tube,pressure tube,MAINT_ITEM,1,1
MAINT_ITEM:primer lne clamp,primer lne clamp,MAINT_ITEM,1,1
MAINT_ITEM:primer sleev,primer sleev,MAINT_ITEM,1,1
MAINT_ITEM:prongs,prongs,MAINT_ITEM,1,1
MAINT_ITEM:propeller accumul,propeller accumul,MAINT_ITEM,1,1
MAINT_ITEM:propeller assembly,propeller assembly,MAINT_ITEM,1,1
MAINT_ITEM:propeller bolts,propeller bolts,MAINT_ITEM,1,1
MAINT_ITEM:propeller cable,propeller cable,MAINT_ITEM,1,1
MAINT_ITEM:propeller could use,propeller could use,MAINT_ITEM,1,1
MAINT_ITEM:propeller flange,propeller flange,MAINT_ITEM,1,1
MAINT_ITEM:propeller governor line,propeller governor line,MAINT_ITEM,1,1
MAINT_ITEM:propeller governor oil line,propeller governor oil line,MAINT_ITEM,1,1
MAINT_ITEM:propeller governors,propeller governors,MAINT_ITEM,1,1
MAINT_ITEM:propeller low pitch stop,propeller low pitch stop,MAINT_ITEM,1,1
MAINT_ITEM:propeller oil line,propeller oil line,MAINT_ITEM,1,1
MAINT_ITEM:propeller rivet,propeller rivet,MAINT_ITEM,1,1
MAINT_ITEM:propeller rivets,propeller rivets,MAINT_ITEM,1,1
MAINT_ITEM:proper alignment,proper alignment,MAINT_ITEM,1,1
MAINT_ITEM:proper screw,proper screw,MAINT_ITEM,1,1
MAINT_ITEM:purge system,purge system,MAINT_ITEM,1,1
MAINT_ITEM:push rod adel clamp,push rod adel clamp,MAINT_ITEM,1,1
MAINT_ITEM:push rod end,push rod end,MAINT_ITEM,1,1
MAINT_ITEM:push rod shroud tube seals,push rod shroud tube seals,MAINT_ITEM,2,1
MAINT_ITEM:push rod tu,push rod tu,MAINT_ITEM,1,1
MAINT_ITEM:push rod tube seal,push rod tube seal,MAINT_ITEM,1,1
MAINT_ITEM:rebuilt assembly,rebuilt assembly,MAINT_ITEM,1,1
MAINT_ITEM:recotter pinn,recotter pinn,MAINT_ITEM,1,1
MAINT_ITEM:red,red,MAINT_ITEM,1,1
MAINT_ITEM:red rtv,red rtv,MAINT_ITEM,1,1
MAINT_ITEM:reinforcing brace,reinforcing brace,MAINT_ITEM,1,1
MAINT_ITEM:relief hole,relief hole,MAINT_ITEM,1,1
MAINT_ITEM:remaining items,remaining items,MAINT_ITEM,1,1
MAINT_ITEM:remaining lines,remaining lines,MAINT_ITEM,1,1
MAINT_ITEM:retainer,retainer,MAINT_ITEM,1,1
MAINT_ITEM:retainers,retainers,MAINT_ITEM,1,1
MAINT_ITEM:retorque case half,retorque case half,MAINT_ITEM,1,1
MAINT_ITEM:retorquing nut,retorquing nut,MAINT_ITEM,1,1
MAINT_ITEM:return,return,MAINT_ITEM,1,1
MAINT_ITEM:ring,ring,MAINT_ITEM,1,1
MAINT_ITEM:ring bolt,ring bolt,MAINT_ITEM,1,1
MAINT_ITEM:ring gaps,ring gaps,MAINT_ITEM,1,1
MAINT_ITEM:ring gear assembly,ring gear assembly,MAINT_ITEM,1,1
MAINT_ITEM:ring gear teeth,ring gear teeth,MAINT_ITEM,2,1
MAINT_ITEM:riv,riv,MAINT_ITEM,1,1
MAINT_ITEM:rocker arm,rocker arm,MAINT_ITEM,1,1
MAINT_ITEM:rocker cove,rocker cove,MAINT_ITEM,1,1
MAINT_ITEM:rocker cover bracket,rocker cover bracket,MAINT_ITEM,1,1
MAINT_ITEM:rocker cover ga,rocker cover ga,MAINT_ITEM,1,1
MAINT_ITEM:rocker cover thrust button,rocker cover thrust button,MAINT_ITEM,1,1
MAINT_ITEM:rocker cover thrust buttons,rocker cover thrust buttons,MAINT_ITEM,1,1
MAINT_ITEM:rocker covers screws,rocker covers screws,MAINT_ITEM,1,1
MAINT_ITEM:rocker cvoer gasket,rocker cvoer gasket,MAINT_ITEM,1,1
MAINT_ITEM:rocker drain clamps,rocker drain clamps,MAINT_ITEM,1,1
MAINT_ITEM:rocker drain hose clamps,rocker drain hose clamps,MAINT_ITEM,1,1
MAINT_ITEM:rocker drains,rocker drains,MAINT_ITEM,1,1
MAINT_ITEM:rocker oil,rocker oil,MAINT_ITEM,1,1
MAINT_ITEM:rocker return lines,rocker return lines,MAINT_ITEM,1,1
MAINT_ITEM:rocker screw,rocker screw,MAINT_ITEM,1,1
MAINT_ITEM:rocker screws,rocker screws,MAINT_ITEM,1,1
MAINT_ITEM:rocker seal,rocker seal,MAINT_ITEM,1,1
MAINT_ITEM:rocker shaft plug,rocker shaft plug,MAINT_ITEM,1,1
MAINT_ITEM:rocker shaft plugs,rocker shaft plugs,MAINT_ITEM,2,1
MAINT_ITEM:rocker shaft thrust button,rocker shaft thrust button,MAINT_ITEM,1,1
MAINT_ITEM:rocker shaft thrust buttons,rocker shaft thrust buttons,MAINT_ITEM,1,1
MAINT_ITEM:rocker shaft thrust plug,rocker shaft thrust plug,MAINT_ITEM,1,1
MAINT_ITEM:rod accessory,rod accessory,MAINT_ITEM,1,1
MAINT_ITEM:rod cylinder,rod cylinder,MAINT_ITEM,1,1
MAINT_ITEM:rods,rods,MAINT_ITEM,1,1
MAINT_ITEM:roller tappets,roller tappets,MAINT_ITEM,1,1
MAINT_ITEM:rotor,rotor,MAINT_ITEM,1,1
MAINT_ITEM:rubber,rubber,MAINT_ITEM,1,1
MAINT_ITEM:rubber drain lines,rubber drain lines,MAINT_ITEM,1,1
MAINT_ITEM:rubber hose section,rubber hose section,MAINT_ITEM,2,1
MAINT_ITEM:rubber plug,rubber plug,MAINT_ITEM,1,1
MAINT_ITEM:rubber seal,rubber seal,MAINT_ITEM,1,1
MAINT_ITEM:rubber silicone,rubber silicone,MAINT_ITEM,1,1
MAINT_ITEM:rudder covers,rudder covers,MAINT_ITEM,1,1
MAINT_ITEM:rust,rust,MAINT_ITEM,1,1
MAINT_ITEM:scat tube,scat tube,MAINT_ITEM,1,1
MAINT_ITEM:scre,scre,MAINT_ITEM,1,1
MAINT_ITEM:screen cowl panel rubber unsecure,screen cowl panel rubber unsecure,MAINT_ITEM,1,1
MAINT_ITEM:screw bracket,screw bracket,MAINT_ITEM,1,1
MAINT_ITEM:screw each,screw each,MAINT_ITEM,1,1
MAINT_ITEM:screw support,screw support,MAINT_ITEM,1,1
MAINT_ITEM:scroll mount,scroll mount,MAINT_ITEM,1,1
MAINT_ITEM:seal section,seal section,MAINT_ITEM,1,1
MAINT_ITEM:seal sections,seal sections,MAINT_ITEM,1,1
MAINT_ITEM:seal support,seal support,MAINT_ITEM,1,1
MAINT_ITEM:seasonal idle,seasonal idle,MAINT_ITEM,1,1
MAINT_ITEM:seat,seat,MAINT_ITEM,1,1
MAINT_ITEM:serviceable airbox,serviceable airbox,MAINT_ITEM,1,1
MAINT_ITEM:serviceable baffle assembly,serviceable baffle assembly,MAINT_ITEM,1,1
MAINT_ITEM:serviceable components,serviceable components,MAINT_ITEM,1,1
MAINT_ITEM:serviceable gear,serviceable gear,MAINT_ITEM,1,1
MAINT_ITEM:serviceable part,serviceable part,MAINT_ITEM,1,1
MAINT_ITEM:shaft,shaft,MAINT_ITEM,1,1
MAINT_ITEM:sheet metal doubler,sheet metal doubler,MAINT_ITEM,1,1
MAINT_ITEM:short dipstick,short dipstick,MAINT_ITEM,1,1
MAINT_ITEM:shows signs,shows signs,MAINT_ITEM,1,1
MAINT_ITEM:side baffle,side baffle,MAINT_ITEM,1,1
MAINT_ITEM:signs,signs,MAINT_ITEM,1,1
MAINT_ITEM:silicone gask,silicone gask,MAINT_ITEM,1,1
MAINT_ITEM:similar materi,similar materi,MAINT_ITEM,1,1
MAINT_ITEM:simulation,simulation,MAINT_ITEM,1,1
MAINT_ITEM:sleeve,sleeve,MAINT_ITEM,1,1
MAINT_ITEM:sling point,sling point,MAINT_ITEM,1,1
MAINT_ITEM:snap ring,snap ring,MAINT_ITEM,1,1
MAINT_ITEM:sniffle valves,sniffle valves,MAINT_ITEM,2,1
MAINT_ITEM:spacers,spacers,MAINT_ITEM,1,1
MAINT_ITEM:spark plug access,spark plug access,MAINT_ITEM,1,1
MAINT_ITEM:spark plug access button,spark plug access button,MAINT_ITEM,1,1
MAINT_ITEM:spark plug baffle,spark plug baffle,MAINT_ITEM,1,1
MAINT_ITEM:spark plug baffle hole,spark plug baffle hole,MAINT_ITEM,1,1
MAINT_ITEM:spark plug baffle hole plugs,spark plug baffle hole plugs,MAINT_ITEM,1,1
MAINT_ITEM:spark plug baffle plug,spark plug baffle plug,MAINT_ITEM,1,1
MAINT_ITEM:spark plug cap,spark plug cap,MAINT_ITEM,1,1
MAINT_ITEM:spark plug leads,spark plug leads,MAINT_ITEM,1,1
MAINT_ITEM:spiral,spiral,MAINT_ITEM,1,1
MAINT_ITEM:spring connector,spring connector,MAINT_ITEM,1,1
MAINT_ITEM:spring washer,spring washer,MAINT_ITEM,1,1
MAINT_ITEM:spring washers,spring washers,MAINT_ITEM,1,1
MAINT_ITEM:spring wire,spring wire,MAINT_ITEM,2,1
MAINT_ITEM:springs,springs,MAINT_ITEM,1,1
MAINT_ITEM:stack,stack,MAINT_ITEM,2,1
MAINT_ITEM:stacks,stacks,MAINT_ITEM,1,1
MAINT_ITEM:standby assembly,standby assembly,MAINT_ITEM,1,1
MAINT_ITEM:start assembly,start assembly,MAINT_ITEM,1,1
MAINT_ITEM:starter front cap,starter front cap,MAINT_ITEM,1,1
MAINT_ITEM:starter generator air vent,starter generator air vent,MAINT_ITEM,1,1
MAINT_ITEM:starter ground wire,starter ground wire,MAINT_ITEM,1,1
MAINT_ITEM:starter ring gear,starter ring gear,MAINT_ITEM,2,1
MAINT_ITEM:starter wire,starter wire,MAINT_ITEM,1,1
MAINT_ITEM:stiffener,stiffener,MAINT_ITEM,1,1
MAINT_ITEM:strap end,strap end,MAINT_ITEM,1,1
MAINT_ITEM:striker plate,striker plate,MAINT_ITEM,1,1
MAINT_ITEM:striker plates,striker plates,MAINT_ITEM,1,1
MAINT_ITEM:stud nut,stud nut,MAINT_ITEM,1,1
MAINT_ITEM:sump connector hose,sump connector hose,MAINT_ITEM,1,1
MAINT_ITEM:sump screen,sump screen,MAINT_ITEM,1,1
MAINT_ITEM:support baffle,support baffle,MAINT_ITEM,1,1
MAINT_ITEM:tach,tach,MAINT_ITEM,1,1
MAINT_ITEM:tap,tap,MAINT_ITEM,1,1
MAINT_ITEM:tape,tape,MAINT_ITEM,1,1
MAINT_ITEM:temperature probe,temperature probe,MAINT_ITEM,1,1
MAINT_ITEM:tension cable,tension cable,MAINT_ITEM,1,1
MAINT_ITEM:tension wire,tension wire,MAINT_ITEM,1,1
MAINT_ITEM:that snap ring,that snap ring,MAINT_ITEM,1,1
MAINT_ITEM:throttle cable,throttle cable,MAINT_ITEM,1,1
MAINT_ITEM:throttle cable attachment,throttle cable attachment,MAINT_ITEM,2,1
MAINT_ITEM:throttle cables,throttle cables,MAINT_ITEM,1,1
MAINT_ITEM:throttle control quadrant,throttle control quadrant,MAINT_ITEM,1,1
MAINT_ITEM:throttle interconnect,throttle interconnect,MAINT_ITEM,1,1
MAINT_ITEM:throttle linkage dog bone,throttle linkage dog bone,MAINT_ITEM,1,1
MAINT_ITEM:tie rod hole,tie rod hole,MAINT_ITEM,1,1
MAINT_ITEM:tie rod nut,tie rod nut,MAINT_ITEM,1,1
MAINT_ITEM:tie wire assembly,tie wire assembly,MAINT_ITEM,1,1
MAINT_ITEM:ties,ties,MAINT_ITEM,1,1
MAINT_ITEM:tool,tool,MAINT_ITEM,2,1
MAINT_ITEM:top end,top end,MAINT_ITEM,1,1
MAINT_ITEM:trailer,trailer,MAINT_ITEM,1,1
MAINT_ITEM:transducer ground path,transducer ground path,MAINT_ITEM,1,1
MAINT_ITEM:transducer wire,transducer wire,MAINT_ITEM,1,1
MAINT_ITEM:transport,transport,MAINT_ITEM,1,1
MAINT_ITEM:trunnion bolt,trunnion bolt,MAINT_ITEM,1,1
MAINT_ITEM:tube keeper,tube keeper,MAINT_ITEM,1,1
MAINT_ITEM:tube seals,tube seals,MAINT_ITEM,1,1
MAINT_ITEM:turbine assembly,turbine assembly,MAINT_ITEM,1,1
MAINT_ITEM:two - 28 push rods,two - 28 push rods,MAINT_ITEM,1,1
MAINT_ITEM:two buttons,two buttons,MAINT_ITEM,1,1
MAINT_ITEM:two mount rivets,two mount rivets,MAINT_ITEM,1,1
MAINT_ITEM:two zip ties,two zip ties,MAINT_ITEM,1,1
MAINT_ITEM:tyrap,tyrap,MAINT_ITEM,2,1
MAINT_ITEM:tywrap,tywrap,MAINT_ITEM,2,1
MAINT_ITEM:upper baffle material,upper baffle material,MAINT_ITEM,1,1
MAINT_ITEM:upper baffling,upper baffling,MAINT_ITEM,1,1
MAINT_ITEM:upper ends,upper ends,MAINT_ITEM,1,1
MAINT_ITEM:upper leads,upper leads,MAINT_ITEM,1,1
MAINT_ITEM:upper nutplate,upper nutplate,MAINT_ITEM,1,1
MAINT_ITEM:upper rocker cover,upper rocker cover,MAINT_ITEM,1,1
MAINT_ITEM:vacuum adapter gasket,vacuum adapter gasket,MAINT_ITEM,1,1
MAINT_ITEM:vacuum pum,vacuum pum,MAINT_ITEM,1,1
MAINT_ITEM:vacuum pump cooling duct,vacuum pump cooling duct,MAINT_ITEM,1,1
MAINT_ITEM:vacuum pump line,vacuum pump line,MAINT_ITEM,1,1
MAINT_ITEM:vacuum tube,vacuum tube,MAINT_ITEM,1,1
MAINT_ITEM:valve contact,valve contact,MAINT_ITEM,1,1
MAINT_ITEM:valve seat,valve seat,MAINT_ITEM,1,1
MAINT_ITEM:valve spring,valve spring,MAINT_ITEM,1,1
MAINT_ITEM:valve tube,valve tube,MAINT_ITEM,1,1
MAINT_ITEM:vent hose,vent hose,MAINT_ITEM,1,1
MAINT_ITEM:vent hoses,vent hoses,MAINT_ITEM,1,1
MAINT_ITEM:weather stripping,weather stripping,MAINT_ITEM,1,1
MAINT_ITEM:wire spring,wire spring,MAINT_ITEM,1,1
MAINT_ITEM:wire strap,wire strap,MAINT_ITEM,1,1
MAINT_ITEM:wire tie,wire tie,MAINT_ITEM,1,1
MAINT_ITEM:wiring clamp,wiring clamp,MAINT_ITEM,1,1
MAINT_ITEM:wiring harness support bracket,wiring harness support bracket,MAINT_ITEM,1,1
MAINT_ITEM:wiring holder,wiring holder,MAINT_ITEM,1,1
MAINT_ITEM:zip tie,zip tie,MAINT_ITEM,1,1
OP_CTX:after 20 inches manifold pressure,after 20 inches manifold pressure,OP_CTX,1,1
OP_CTX:after coming to a stop after landing,after coming to a stop after landing,OP_CTX,1,1
OP_CTX:after completion of run up,after completion of run up,OP_CTX,1,1
OP_CTX:after engine run up,after engine run up,OP_CTX,1,1
OP_CTX:after landing ground roll stop,after landing ground roll stop,OP_CTX,1,1
OP_CTX:after post run,after post run,OP_CTX,1,1
OP_CTX:after run,after run,OP_CTX,1,1
OP_CTX:after run up,after run up,OP_CTX,1,1
OP_CTX:after shutdown,after shutdown,OP_CTX,1,1
OP_CTX:anytime rpms were,anytime rpms were,OP_CTX,1,1
OP_CTX:at different settings,at different settings,OP_CTX,1,1
OP_CTX:at hover,at hover,OP_CTX,1,1
OP_CTX:at limiting manifold,at limiting manifold,OP_CTX,1,1
OP_CTX:at low altitudes,at low altitudes,OP_CTX,1,1
OP_CTX:at stop for run up,at stop for run up,OP_CTX,1,1
OP_CTX:battery ground,battery ground,OP_CTX,1,1
OP_CTX:check on run up,check on run up,OP_CTX,1,1
OP_CTX:climb,climb,OP_CTX,1,1
OP_CTX:climb out,climb out,OP_CTX,1,1
OP_CTX:climbing after takeoff,climbing after takeoff,OP_CTX,1,1
OP_CTX:climbing out,climbing out,OP_CTX,1,1
OP_CTX:coming off runway,coming off runway,OP_CTX,1,1
OP_CTX:cowl off,cowl off,OP_CTX,1,1
OP_CTX:cruise,cruise,OP_CTX,1,1
OP_CTX:did normal start,did normal start,OP_CTX,1,1
OP_CTX:doing max perform takeoff at 3200,doing max perform takeoff at 3200,OP_CTX,1,1
OP_CTX:during aircraft run up,during aircraft run up,OP_CTX,1,1
OP_CTX:during climb and while cruising,during climb and while cruising,OP_CTX,1,1
OP_CTX:during crui,during crui,OP_CTX,1,1
OP_CTX:during entire flight,during entire flight,OP_CTX,1,1
OP_CTX:during entry to 180 degree auto,during entry to 180 degree auto,OP_CTX,1,1
OP_CTX:during fligh,during fligh,OP_CTX,1,1
OP_CTX:during go around from a simulated engine failure,during go around from a simulated engine failure,OP_CTX,1,1
OP_CTX:during high speed roll,during high speed roll,OP_CTX,1,1
OP_CTX:during idle check on,during idle check on,OP_CTX,1,1
OP_CTX:during idle check on run,during idle check on run,OP_CTX,1,1
OP_CTX:during idle check on run up,during idle check on run up,OP_CTX,1,1
OP_CTX:during initial climb,during initial climb,OP_CTX,1,1
OP_CTX:during manuevers,during manuevers,OP_CTX,1,1
OP_CTX:during override check,during override check,OP_CTX,1,1
OP_CTX:during pad check,during pad check,OP_CTX,1,1
OP_CTX:during post flight,during post flight,OP_CTX,1,1
OP_CTX:during recovery,during recovery,OP_CTX,1,1
OP_CTX:during removal,during removal,OP_CTX,1,1
OP_CTX:during shut down,during shut down,OP_CTX,1,1
OP_CTX:during shutdown,during shutdown,OP_CTX,1,1
OP_CTX:during shutdown prior,during shutdown prior,OP_CTX,1,1
OP_CTX:during start,during start,OP_CTX,1,1
OP_CTX:during stop and go whil,during stop and go whil,OP_CTX,1,1
OP_CTX:during takeoff roll,during takeoff roll,OP_CTX,1,1
OP_CTX:during which altimeter,during which altimeter,OP_CTX,1,1
OP_CTX:end of flight,end of flight,OP_CTX,1,1
OP_CTX:first stage,first stage,OP_CTX,1,1
OP_CTX:full throttle,full throttle,OP_CTX,1,1
OP_CTX:full through,full through,OP_CTX,1,1
OP_CTX:ground during,ground during,OP_CTX,1,1
OP_CTX:ground during pad check,ground during pad check,OP_CTX,1,1
OP_CTX:hard landing,hard landing,OP_CTX,1,1
OP_CTX:hidden damage inspection,hidden damage inspection,OP_CTX,1,1
OP_CTX:holding short of runway,holding short of runway,OP_CTX,1,1
OP_CTX:hover at limiting manifold,hover at limiting manifold,OP_CTX,1,1
OP_CTX:idle check on run up,idle check on run up,OP_CTX,1,1
OP_CTX:in bottom corner,in bottom corner,OP_CTX,1,1
OP_CTX:in climb and cruise,in climb and cruise,OP_CTX,1,1
OP_CTX:in cruise,in cruise,OP_CTX,1,1
OP_CTX:in down draft,in down draft,OP_CTX,1,1
OP_CTX:in fl,in fl,OP_CTX,1,1
OP_CTX:in hangar to warm up,in hangar to warm up,OP_CTX,1,1
OP_CTX:in heater hangar,in heater hangar,OP_CTX,1,1
OP_CTX:in middle,in middle,OP_CTX,1,1
OP_CTX:in pattern,in pattern,OP_CTX,1,1
OP_CTX:initially after takeoff,initially after takeoff,OP_CTX,1,1
OP_CTX:last daily shutdown,last daily shutdown,OP_CTX,1,1
OP_CTX:last landing,last landing,OP_CTX,1,1
OP_CTX:leaning mixt,leaning mixt,OP_CTX,1,1
OP_CTX:leaning mixture,leaning mixture,OP_CTX,1,1
OP_CTX:leaning mixture on ground,leaning mixture on ground,OP_CTX,1,1
OP_CTX:manifold psi gauge reads atmospheric pressure,manifold psi gauge reads atmospheric pressure,OP_CTX,1,1
OP_CTX:near idle,near idle,OP_CTX,1,1
OP_CTX:on . run up,on . run up,OP_CTX,1,1
OP_CTX:on bottom,on bottom,OP_CTX,1,1
OP_CTX:on climb,on climb,OP_CTX,1,1
OP_CTX:on departure,on departure,OP_CTX,1,1
OP_CTX:on departure climbout,on departure climbout,OP_CTX,1,1
OP_CTX:on descent,on descent,OP_CTX,1,1
OP_CTX:on down wind,on down wind,OP_CTX,1,1
OP_CTX:on downwind,on downwind,OP_CTX,1,1
OP_CTX:on engine start up,on engine start up,OP_CTX,1,1
OP_CTX:on entire,on entire,OP_CTX,1,1
OP_CTX:on final,on final,OP_CTX,1,1
OP_CTX:on flight,on flight,OP_CTX,1,1
OP_CTX:on ground during pad check,on ground during pad check,OP_CTX,1,1
OP_CTX:on landing,on landing,OP_CTX,1,1
OP_CTX:on last daily shut do,on last daily shut do,OP_CTX,1,1
OP_CTX:on mount,on mount,OP_CTX,1,1
OP_CTX:on order,on order,OP_CTX,1,1
OP_CTX:on taxi,on taxi,OP_CTX,1,1
OP_CTX:on the groun,on the groun,OP_CTX,1,1
OP_CTX:one at a time,one at a time,OP_CTX,1,1
OP_CTX:power at idle,power at idle,OP_CTX,1,1
OP_CTX:power to idle,power to idle,OP_CTX,1,1
OP_CTX:same position,same position,OP_CTX,1,1
OP_CTX:seasonal conditions,seasonal conditions,OP_CTX,1,1
OP_CTX:short dipstick,short dipstick,OP_CTX,1,1
OP_CTX:shut down,shut down,OP_CTX,1,1
OP_CTX:spring connector,spring connector,OP_CTX,1,1
OP_CTX:tearing off,tearing off,OP_CTX,1,1
OP_CTX:throughout res,throughout res,OP_CTX,1,1
OP_CTX:to hover,to hover,OP_CTX,1,1
OP_CTX:unable to start,unable to start,OP_CTX,1,1
OP_CTX:upon engine start,upon engine start,OP_CTX,1,1
OP_CTX:upon engine start up,upon engine start up,OP_CTX,1,1
OP_CTX:upon go-around,upon go-around,OP_CTX,1,1
OP_CTX:upon start up,upon start up,OP_CTX,1,1
OP_CTX:various power settings,various power settings,OP_CTX,1,1
OP_CTX:when brought up,when brought up,OP_CTX,1,1
OP_CTX:when climbing,when climbing,OP_CTX,1,1
OP_CTX:when it fired,when it fired,OP_CTX,1,1
OP_CTX:when leaning out,when leaning out,OP_CTX,1,1
OP_CTX:when power,when power,OP_CTX,1,1
OP_CTX:when pulled back throttle hard idle . several seconds,when pulled back throttle hard idle . several seconds,OP_CTX,1,1
OP_CTX:when rpm set in idle range,when rpm set in idle range,OP_CTX,1,1
OP_CTX:when under power,when under power,OP_CTX,1,1
OP_CTX:while adjusting mixture,while adjusting mixture,OP_CTX,1,1
OP_CTX:while doing unusual attitudes,while doing unusual attitudes,OP_CTX,1,1
OP_CTX:while holding short,while holding short,OP_CTX,1,1
OP_CTX:while leveling in down,while leveling in down,OP_CTX,1,1
OP_CTX:while making right turn,while making right turn,OP_CTX,1,1
OP_CTX:with increasing power,with increasing power,OP_CTX,1,1
OUTCOME:acceptable,acceptable,OUTCOME,1,1
OUTCOME:all check good,all check good,OUTCOME,1,1
OUTCOME:all indication,all indication,OUTCOME,1,1
OUTCOME:all parameters within chec,all parameters within chec,OUTCOME,1,1
OUTCOME:all systems within,all systems within,OUTCOME,1,1
OUTCOME:bore measure good,bore measure good,OUTCOME,1,1
OUTCOME:cold oil,cold oil,OUTCOME,1,1
OUTCOME:compression came up,compression came up,OUTCOME,1,1
OUTCOME:could not duplicate cht discrep,could not duplicate cht discrep,OUTCOME,1,1
OUTCOME:could not duplicate di,could not duplicate di,OUTCOME,1,1
OUTCOME:could not duplicate disc,could not duplicate disc,OUTCOME,1,1
OUTCOME:could not duplicate dispcrepancy,could not duplicate dispcrepancy,OUTCOME,1,1
OUTCOME:could not duplicate fuel smell,could not duplicate fuel smell,OUTCOME,1,1
OUTCOME:could not duplicate irregulor sounds or vib,could not duplicate irregulor sounds or vib,OUTCOME,1,1
OUTCOME:could not duplicate tapping noise or fuel smel,could not duplicate tapping noise or fuel smel,OUTCOME,1,1
OUTCOME:couldn ' t duplicate discrepancy,couldn ' t duplicate discrepancy,OUTCOME,1,1
OUTCOME:dead,dead,OUTCOME,1,1
OUTCOME:did not notice any roughness or hestitation,did not notice any roughness or hestitation,OUTCOME,1,1
OUTCOME:discrepancy,discrepancy,OUTCOME,1,1
OUTCOME:dry tappet clearance good,dry tappet clearance good,OUTCOME,1,1
OUTCOME:engage,engage,OUTCOME,1,1
OUTCOME:factory installed,factory installed,OUTCOME,1,1
OUTCOME:factory outboard,factory outboard,OUTCOME,1,1
OUTCOME:fine,fine,OUTCOME,1,1
OUTCOME:function normal,function normal,OUTCOME,1,1
OUTCOME:go,go,OUTCOME,1,1
OUTCOME:heat resistant,heat resistant,OUTCOME,1,1
OUTCOME:leak persists,leak persists,OUTCOME,1,1
OUTCOME:measure good,measure good,OUTCOME,1,1
OUTCOME:no action,no action,OUTCOME,1,1
OUTCOME:no adjustment,no adjustment,OUTCOME,1,1
OUTCOME:no bolts,no bolts,OUTCOME,1,1
OUTCOME:no co warning,no co warning,OUTCOME,1,1
OUTCOME:no cracking noted,no cracking noted,OUTCOME,1,1
OUTCOME:no cracks,no cracks,OUTCOME,1,1
OUTCOME:no d,no d,OUTCOME,1,1
OUTCOME:no dam,no dam,OUTCOME,1,1
OUTCOME:no defe,no defe,OUTCOME,1,1
OUTCOME:no defect noted,no defect noted,OUTCOME,1,1
OUTCOME:no defects note,no defects note,OUTCOME,1,1
OUTCOME:no disc,no disc,OUTCOME,1,1
OUTCOME:no discrepa,no discrepa,OUTCOME,1,1
OUTCOME:no discrepancies,no discrepancies,OUTCOME,1,1
OUTCOME:no discrepancy noted,no discrepancy noted,OUTCOME,1,1
OUTCOME:no effect,no effect,OUTCOME,1,1
OUTCOME:no effort,no effort,OUTCOME,1,1
OUTCOME:no engine roughness noted,no engine roughness noted,OUTCOME,1,1
OUTCOME:no fur,no fur,OUTCOME,1,1
OUTCOME:no further acti,no further acti,OUTCOME,1,1
OUTCOME:no further action,no further action,OUTCOME,1,1
OUTCOME:no further defects,no further defects,OUTCOME,1,1
OUTCOME:no improvement,no improvement,OUTCOME,1,1
OUTCOME:no leak,no leak,OUTCOME,1,1
OUTCOME:no leak noted,no leak noted,OUTCOME,1,1
OUTCOME:no leaks . noted,no leaks . noted,OUTCOME,1,1
OUTCOME:no leaks or seep found,no leaks or seep found,OUTCOME,1,1
OUTCOME:no lines disturbed,no lines disturbed,OUTCOME,1,1
OUTCOME:no loss in power or rough running,no loss in power or rough running,OUTCOME,2,1
OUTCOME:no other defects noted,no other defects noted,OUTCOME,1,1
OUTCOME:no other fod or defects noted,no other fod or defects noted,OUTCOME,1,1
OUTCOME:no rough,no rough,OUTCOME,1,1
OUTCOME:no roughness noted,no roughness noted,OUTCOME,1,1
OUTCOME:no roughness noted through ent,no roughness noted through ent,OUTCOME,1,1
OUTCOME:no significant oil,no significant oil,OUTCOME,1,1
OUTCOME:no sputtering,no sputtering,OUTCOME,1,1
OUTCOME:no squealing noise noted,no squealing noise noted,OUTCOME,1,1
OUTCOME:no success,no success,OUTCOME,1,1
OUTCOME:no unusual noise noted,no unusual noise noted,OUTCOME,1,1
OUTCOME:no vibra,no vibra,OUTCOME,1,1
OUTCOME:normal indications,normal indications,OUTCOME,1,1
OUTCOME:normally,normally,OUTCOME,1,1
OUTCOME:off old,off old,OUTCOME,1,1
OUTCOME:operated good,operated good,OUTCOME,1,1
OUTCOME:passed compression,passed compression,OUTCOME,1,1
OUTCOME:patching,patching,OUTCOME,1,1
OUTCOME:problem persisted,problem persisted,OUTCOME,1,1
OUTCOME:problem still there,problem still there,OUTCOME,1,1
OUTCOME:problems noted,problems noted,OUTCOME,1,1
OUTCOME:ran norm,ran norm,OUTCOME,1,1
OUTCOME:ran normally,ran normally,OUTCOME,1,1
OUTCOME:ran smooth through al,ran smooth through al,OUTCOME,1,1
OUTCOME:residual,residual,OUTCOME,1,1
OUTCOME:runs smooth through all operating,runs smooth through all operating,OUTCOME,1,1
OUTCOME:serviceable,serviceable,OUTCOME,1,1
OUTCOME:starter function normal,starter function normal,OUTCOME,1,1
OUTCOME:stayed,stayed,OUTCOME,1,1
OUTCOME:structural,structural,OUTCOME,1,1
OUTCOME:unable to duplicate discre,unable to duplicate discre,OUTCOME,1,1
OUTCOME:wear within acceptable limit,wear within acceptable limit,OUTCOME,1,1
OUTCOME:within limi,within limi,OUTCOME,1,1
OUTCOME:within limits,within limits,OUTCOME,1,1
OUTCOME:within specs,within specs,OUTCOME,1,1
REFERENCE:ad e 2015-19-07,ad e 2015-19-07,REFERENCE,1,1
"REFERENCE:check four , second four","check four , second four",REFERENCE,1,1
REFERENCE:cold start checklist,cold start checklist,REFERENCE,1,1
REFERENCE:cylinder ch,cylinder ch,REFERENCE,1,1
REFERENCE:direct drive manual,direct drive manual,REFERENCE,1,1
REFERENCE:direct drive overhau,direct drive overhau,REFERENCE,1,1
REFERENCE:engine start checklist,engine start checklist,REFERENCE,1,1
REFERENCE:including mount,including mount,REFERENCE,1,1
REFERENCE:lycoming 369m,lycoming 369m,REFERENCE,1,1
REFERENCE:lycoming di,lycoming di,REFERENCE,1,1
REFERENCE:lycoming dir,lycoming dir,REFERENCE,1,1
REFERENCE:lycoming direct drive,lycoming direct drive,REFERENCE,1,1
REFERENCE:lycoming direct drive manual,lycoming direct drive manual,REFERENCE,1,1
REFERENCE:lycoming direct drive over,lycoming direct drive over,REFERENCE,1,1
REFERENCE:lycoming inspection,lycoming inspection,REFERENCE,1,1
REFERENCE:lycoming outboard manual,lycoming outboard manual,REFERENCE,1,1
REFERENCE:lycoming service instruction 1492d,lycoming service instruction 1492d,REFERENCE,1,1
REFERENCE:main,main,REFERENCE,1,1
REFERENCE:maintenance,maintenance,REFERENCE,1,1
REFERENCE:maintenance man,maintenance man,REFERENCE,1,1
REFERENCE:paragraph 4-53,paragraph 4-53,REFERENCE,1,1
REFERENCE:rolls royce maintenance manual,rolls royce maintenance manual,REFERENCE,1,1
REFERENCE:sam,sam,REFERENCE,1,1
REFERENCE:sam material,sam material,REFERENCE,3,1
REFERENCE:se standard reference manual,se standard reference manual,REFERENCE,1,1
REFERENCE:se standard reference material 51,se standard reference material 51,REFERENCE,1,1
REFERENCE:se standard reference material 51-40-0,se standard reference material 51-40-0,REFERENCE,1,1
REFERENCE:service instruction 388c,service instruction 388c,REFERENCE,1,1
REFERENCE:standard reference material 51,standard reference material 51,REFERENCE,1,1
REFERENCE:standard reference material chapter 51-71,standard reference material chapter 51-71,REFERENCE,2,1
TECH_OBS:# 2 in,# 2 in,TECH_OBS,1,1
TECH_OBS:1-3 seconds,1-3 seconds,TECH_OBS,1,1
TECH_OBS:1-75,1-75,TECH_OBS,1,1
TECH_OBS:1-76,1-76,TECH_OBS,1,1
TECH_OBS:10 hrs,10 hrs,TECH_OBS,1,1
TECH_OBS:1000,1000,TECH_OBS,1,1
TECH_OBS:1000 rpm,1000 rpm,TECH_OBS,1,1
TECH_OBS:12.1 ground pressure,12.1 ground pressure,TECH_OBS,1,1
TECH_OBS:1200,1200,TECH_OBS,1,1
TECH_OBS:14/80 psi,14/80 psi,TECH_OBS,1,1
TECH_OBS:1450,1450,TECH_OBS,1,1
TECH_OBS:150 rise,150 rise,TECH_OBS,1,1
TECH_OBS:2-3 secs,2-3 secs,TECH_OBS,1,1
TECH_OBS:2-70,2-70,TECH_OBS,1,1
TECH_OBS:2-79,2-79,TECH_OBS,2,1
TECH_OBS:20 rpm,20 rpm,TECH_OBS,1,1
TECH_OBS:20 rpm for a few seconds,20 rpm for a few seconds,TECH_OBS,1,1
TECH_OBS:20 seconds,20 seconds,TECH_OBS,1,1
TECH_OBS:200 - 250 rpm,200 - 250 rpm,TECH_OBS,1,1
TECH_OBS:200 plus,200 plus,TECH_OBS,1,1
TECH_OBS:200 to 1200 engine alm,200 to 1200 engine alm,TECH_OBS,1,1
TECH_OBS:200-300 rpm suddenly,200-300 rpm suddenly,TECH_OBS,1,1
TECH_OBS:2000 feet msl,2000 feet msl,TECH_OBS,1,1
TECH_OBS:204,204,TECH_OBS,1,1
TECH_OBS:22,22,TECH_OBS,1,1
TECH_OBS:2300 - 2330 rpm,2300 - 2330 rpm,TECH_OBS,1,1
TECH_OBS:24,24,TECH_OBS,1,1
TECH_OBS:2600 rpm,2600 rpm,TECH_OBS,1,1
TECH_OBS:2630,2630,TECH_OBS,1,1
TECH_OBS:2640 rpm,2640 rpm,TECH_OBS,1,1
TECH_OBS:2667.8,2667.8,TECH_OBS,1,1
TECH_OBS:2710 rpm for a few seconds,2710 rpm for a few seconds,TECH_OBS,1,1
TECH_OBS:2720-2730,2720-2730,TECH_OBS,1,1
TECH_OBS:2722,2722,TECH_OBS,1,1
TECH_OBS:2733.2 rpm highest recording,2733.2 rpm highest recording,TECH_OBS,1,1
TECH_OBS:2740 peak rpm,2740 peak rpm,TECH_OBS,1,1
TECH_OBS:2740 rpm,2740 rpm,TECH_OBS,1,1
TECH_OBS:2740.3 peak,2740.3 peak,TECH_OBS,1,1
TECH_OBS:2750,2750,TECH_OBS,1,1
TECH_OBS:2750 - 2760 rpm,2750 - 2760 rpm,TECH_OBS,1,1
TECH_OBS:2760 rpm max,2760 rpm max,TECH_OBS,1,1
TECH_OBS:2770,2770,TECH_OBS,1,1
TECH_OBS:2778,2778,TECH_OBS,1,1
TECH_OBS:2800,2800,TECH_OBS,1,1
TECH_OBS:2840 rpm,2840 rpm,TECH_OBS,1,1
TECH_OBS:3 plus seconds,3 plus seconds,TECH_OBS,1,1
TECH_OBS:3 seconds,3 seconds,TECH_OBS,1,1
TECH_OBS:3 to 4 %,3 to 4 %,TECH_OBS,1,1
TECH_OBS:3-4 seconds,3-4 seconds,TECH_OBS,1,1
TECH_OBS:3-70,3-70,TECH_OBS,1,1
TECH_OBS:3-78,3-78,TECH_OBS,1,1
TECH_OBS:3-79,3-79,TECH_OBS,1,1
TECH_OBS:30 sec,30 sec,TECH_OBS,1,1
TECH_OBS:3275 rpm,3275 rpm,TECH_OBS,1,1
TECH_OBS:3300,3300,TECH_OBS,1,1
TECH_OBS:3300 rpm,3300 rpm,TECH_OBS,1,1
TECH_OBS:3350,3350,TECH_OBS,1,1
TECH_OBS:3961.3 tachometer,3961.3 tachometer,TECH_OBS,1,1
TECH_OBS:4-7,4-7,TECH_OBS,1,1
TECH_OBS:4-78,4-78,TECH_OBS,1,1
TECH_OBS:45 degree fitting,45 degree fitting,TECH_OBS,1,1
TECH_OBS:45/80,45/80,TECH_OBS,1,1
TECH_OBS:48 psi,48 psi,TECH_OBS,1,1
TECH_OBS:5 secs,5 secs,TECH_OBS,1,1
TECH_OBS:503 degrees,503 degrees,TECH_OBS,1,1
TECH_OBS:57/80 psi comp,57/80 psi comp,TECH_OBS,1,1
TECH_OBS:6 seconds,6 seconds,TECH_OBS,1,1
TECH_OBS:650 rpm,650 rpm,TECH_OBS,1,1
TECH_OBS:690 rpm,690 rpm,TECH_OBS,1,1
TECH_OBS:72,72,TECH_OBS,1,1
TECH_OBS:72/80,72/80,TECH_OBS,1,1
TECH_OBS:75/80,75/80,TECH_OBS,1,1
TECH_OBS:76/80,76/80,TECH_OBS,1,1
TECH_OBS:78/80,78/80,TECH_OBS,1,1
TECH_OBS:79/80,79/80,TECH_OBS,1,1
TECH_OBS:800 rpm,800 rpm,TECH_OBS,1,1
TECH_OBS:800 to 1400 rpm,800 to 1400 rpm,TECH_OBS,1,1
TECH_OBS:a few different times,a few different times,TECH_OBS,1,1
TECH_OBS:about 2 seconds,about 2 seconds,TECH_OBS,1,1
TECH_OBS:about eighty,about eighty,TECH_OBS,1,1
TECH_OBS:above 22 inches,above 22 inches,TECH_OBS,1,1
TECH_OBS:all cht temperatures in,all cht temperatures in,TECH_OBS,1,1
TECH_OBS:all compressions 74 plus,all compressions 74 plus,TECH_OBS,1,1
TECH_OBS:all temperatures and pressure,all temperatures and pressure,TECH_OBS,1,1
TECH_OBS:approximately 1 second,approximately 1 second,TECH_OBS,1,1
TECH_OBS:approximately 2 seconds,approximately 2 seconds,TECH_OBS,1,1
TECH_OBS:around 34 psi,around 34 psi,TECH_OBS,1,1
TECH_OBS:at least three instances,at least three instances,TECH_OBS,1,1
TECH_OBS:below 100,below 100,TECH_OBS,1,1
TECH_OBS:below 1000,below 1000,TECH_OBS,1,1
TECH_OBS:below 1000 rpm,below 1000 rpm,TECH_OBS,1,1
TECH_OBS:between 5 and 10,between 5 and 10,TECH_OBS,1,1
TECH_OBS:between 5 and 10 %,between 5 and 10 %,TECH_OBS,1,1
TECH_OBS:briefly,briefly,TECH_OBS,1,1
TECH_OBS:cht greater than 200 degrees fahrenheit warmer than other cylinders,cht greater than 200 degrees fahrenheit warmer than other cylinders,TECH_OBS,1,1
TECH_OBS:clearance,clearance,TECH_OBS,1,1
TECH_OBS:clearance within specs,clearance within specs,TECH_OBS,1,1
TECH_OBS:clearances,clearances,TECH_OBS,1,1
TECH_OBS:compersion . reading,compersion . reading,TECH_OBS,1,1
TECH_OBS:compre,compre,TECH_OBS,1,1
TECH_OBS:compress,compress,TECH_OBS,1,1
TECH_OBS:compression ( 50 lbs,compression ( 50 lbs,TECH_OBS,1,1
TECH_OBS:compression ( 54/80,compression ( 54/80,TECH_OBS,1,1
TECH_OBS:compression - now 65/80,compression - now 65/80,TECH_OBS,1,1
TECH_OBS:compression 75/80,compression 75/80,TECH_OBS,1,1
TECH_OBS:compression : two out of,compression : two out of,TECH_OBS,1,1
TECH_OBS:compression at zero psi,compression at zero psi,TECH_OBS,1,1
TECH_OBS:compression below 40/80 psi,compression below 40/80 psi,TECH_OBS,1,1
TECH_OBS:compression checks seventy out of,compression checks seventy out of,TECH_OBS,1,1
TECH_OBS:compression is thirty out of,compression is thirty out of,TECH_OBS,1,1
TECH_OBS:compression now 76/80,compression now 76/80,TECH_OBS,1,1
TECH_OBS:compression sixty out of,compression sixty out of,TECH_OBS,1,1
TECH_OBS:compression still 35/80,compression still 35/80,TECH_OBS,1,1
TECH_OBS:compressions ( 55 psi,compressions ( 55 psi,TECH_OBS,1,1
TECH_OBS:compressions about 20 psi,compressions about 20 psi,TECH_OBS,1,1
TECH_OBS:correct position,correct position,TECH_OBS,1,1
TECH_OBS:corrective action,corrective action,TECH_OBS,1,1
TECH_OBS:crew,crew,TECH_OBS,1,1
TECH_OBS:dirty between fins,dirty between fins,TECH_OBS,1,1
TECH_OBS:drop in rpm,drop in rpm,TECH_OBS,1,1
TECH_OBS:drop of thirty hundred and fifty rpm,drop of thirty hundred and fifty rpm,TECH_OBS,1,1
TECH_OBS:drop of thirty hundred rpm,drop of thirty hundred rpm,TECH_OBS,1,1
TECH_OBS:drops 100 rpm,drops 100 rpm,TECH_OBS,1,1
TECH_OBS:dry clearance,dry clearance,TECH_OBS,1,1
TECH_OBS:dry tappet clearance within specs,dry tappet clearance within specs,TECH_OBS,1,1
TECH_OBS:each time rp,each time rp,TECH_OBS,1,1
TECH_OBS:egt ' s,egt ' s,TECH_OBS,1,1
TECH_OBS:egt - cht - static rpm - idl,egt - cht - static rpm - idl,TECH_OBS,1,1
TECH_OBS:eight,eight,TECH_OBS,1,1
TECH_OBS:every four to five seconds,every four to five seconds,TECH_OBS,1,1
TECH_OBS:excessive rpm rise,excessive rpm rise,TECH_OBS,1,1
TECH_OBS:extra time,extra time,TECH_OBS,1,1
TECH_OBS:fastener,fastener,TECH_OBS,1,1
TECH_OBS:first two seconds,first two seconds,TECH_OBS,1,1
TECH_OBS:five minutes,five minutes,TECH_OBS,1,1
TECH_OBS:forty hundred and fifty rpm,forty hundred and fifty rpm,TECH_OBS,1,1
TECH_OBS:forty out of eighty cht,forty out of eighty cht,TECH_OBS,1,1
TECH_OBS:forty rpm,forty rpm,TECH_OBS,1,1
TECH_OBS:four compre,four compre,TECH_OBS,1,1
TECH_OBS:four places,four places,TECH_OBS,1,1
TECH_OBS:from.032,from.032,TECH_OBS,1,1
TECH_OBS:fuel pressure 32 - 33,fuel pressure 32 - 33,TECH_OBS,1,1
TECH_OBS:full throttle operations,full throttle operations,TECH_OBS,1,1
TECH_OBS:gap facing down,gap facing down,TECH_OBS,1,1
TECH_OBS:head temperature would jump 150 degrees fahrenheit,head temperature would jump 150 degrees fahrenheit,TECH_OBS,1,1
"TECH_OBS:head temperatures , over forty out of","head temperatures , over forty out of",TECH_OBS,1,1
TECH_OBS:high temperature rtv,high temperature rtv,TECH_OBS,1,1
TECH_OBS:highest number seen was 2740,highest number seen was 2740,TECH_OBS,1,1
TECH_OBS:highest rpm found was 28,highest rpm found was 28,TECH_OBS,1,1
TECH_OBS:hover higher that two inches,hover higher that two inches,TECH_OBS,1,1
"TECH_OBS:idle "" up "" to specs","idle "" up "" to specs",TECH_OBS,1,1
TECH_OBS:idle at 1700 rpm,idle at 1700 rpm,TECH_OBS,1,1
TECH_OBS:idle at 970 rpm,idle at 970 rpm,TECH_OBS,1,1
TECH_OBS:idle indicating 650 rpm,idle indicating 650 rpm,TECH_OBS,1,1
TECH_OBS:idle override speed was 1300,idle override speed was 1300,TECH_OBS,1,1
TECH_OBS:idle setting within ma,idle setting within ma,TECH_OBS,1,1
TECH_OBS:idle speed 1650 rpm,idle speed 1650 rpm,TECH_OBS,1,1
TECH_OBS:idle speed at 780 rpm,idle speed at 780 rpm,TECH_OBS,1,1
TECH_OBS:idle was at eighty rpm,idle was at eighty rpm,TECH_OBS,1,1
TECH_OBS:idled normal,idled normal,TECH_OBS,1,1
TECH_OBS:idles at approximately 1000 rpm,idles at approximately 1000 rpm,TECH_OBS,1,1
TECH_OBS:indicated zero psi,indicated zero psi,TECH_OBS,1,1
TECH_OBS:lash,lash,TECH_OBS,1,1
TECH_OBS:last two day,last two day,TECH_OBS,1,1
TECH_OBS:less than five percent requirements,less than five percent requirements,TECH_OBS,1,1
TECH_OBS:lmp,lmp,TECH_OBS,1,1
TECH_OBS:low n2 conditions,low n2 conditions,TECH_OBS,1,1
TECH_OBS:m volts dropped to 26,m volts dropped to 26,TECH_OBS,1,1
TECH_OBS:manifold pressure,manifold pressure,TECH_OBS,1,1
TECH_OBS:manifold psi,manifold psi,TECH_OBS,1,1
TECH_OBS:max overspeed of 2702,max overspeed of 2702,TECH_OBS,1,1
TECH_OBS:max overspeed was 2617 rpm,max overspeed was 2617 rpm,TECH_OBS,1,1
TECH_OBS:max rpm,max rpm,TECH_OBS,1,1
TECH_OBS:max rpm inspection,max rpm inspection,TECH_OBS,1,1
TECH_OBS:max rpm of 2739.8,max rpm of 2739.8,TECH_OBS,1,1
TECH_OBS:max rpm to be less than five percent rate,max rpm to be less than five percent rate,TECH_OBS,1,1
TECH_OBS:mixture rise,mixture rise,TECH_OBS,1,1
TECH_OBS:mixture settings,mixture settings,TECH_OBS,1,1
TECH_OBS:momentary rpm of 2733.7,momentary rpm of 2733.7,TECH_OBS,1,1
TECH_OBS:momentary rpm of 2772.5,momentary rpm of 2772.5,TECH_OBS,1,1
TECH_OBS:n1 rpm,n1 rpm,TECH_OBS,1,1
TECH_OBS:next due 7/31/17,next due 7/31/17,TECH_OBS,1,1
TECH_OBS:no more than 10 seconds,no more than 10 seconds,TECH_OBS,1,1
TECH_OBS:number two and number three egt ',number two and number three egt ',TECH_OBS,1,1
TECH_OBS:number two and number three egt ' s,number two and number three egt ' s,TECH_OBS,1,1
TECH_OBS:oil,oil,TECH_OBS,1,1
TECH_OBS:oil pressure,oil pressure,TECH_OBS,2,1
TECH_OBS:oil pressure 89 psi,oil pressure 89 psi,TECH_OBS,1,1
TECH_OBS:oil pressure readings,oil pressure readings,TECH_OBS,1,1
TECH_OBS:oil pressure setting,oil pressure setting,TECH_OBS,1,1
TECH_OBS:oil psi,oil psi,TECH_OBS,1,1
TECH_OBS:once,once,TECH_OBS,1,1
TECH_OBS:one foot,one foot,TECH_OBS,1,1
TECH_OBS:one or both,one or both,TECH_OBS,1,1
TECH_OBS:one two gone,one two gone,TECH_OBS,1,1
TECH_OBS:operating parameters,operating parameters,TECH_OBS,1,1
TECH_OBS:over ride speed was 1225 rpm,over ride speed was 1225 rpm,TECH_OBS,1,1
TECH_OBS:overspeed threshold,overspeed threshold,TECH_OBS,1,1
TECH_OBS:pd number 12,pd number 12,TECH_OBS,1,1
TECH_OBS:power,power,TECH_OBS,1,1
TECH_OBS:pressure came up to 65/80 psi,pressure came up to 65/80 psi,TECH_OBS,1,1
TECH_OBS:pressure low,pressure low,TECH_OBS,1,1
TECH_OBS:pressures,pressures,TECH_OBS,1,1
TECH_OBS:proper gap,proper gap,TECH_OBS,1,1
TECH_OBS:rated engine speed,rated engine speed,TECH_OBS,1,1
TECH_OBS:read . 2733.2 rpm highest recording,read . 2733.2 rpm highest recording,TECH_OBS,1,1
TECH_OBS:resecure,resecure,TECH_OBS,1,1
TECH_OBS:rpm 200 rise,rpm 200 rise,TECH_OBS,1,1
TECH_OBS:rpm 2700 for 2 sec,rpm 2700 for 2 sec,TECH_OBS,1,1
TECH_OBS:rpm 2740,rpm 2740,TECH_OBS,1,1
TECH_OBS:rpm found to 2703.4,rpm found to 2703.4,TECH_OBS,1,1
TECH_OBS:rpm got as low as 530,rpm got as low as 530,TECH_OBS,1,1
TECH_OBS:rpm hit 2720,rpm hit 2720,TECH_OBS,1,1
TECH_OBS:rpm of 2720,rpm of 2720,TECH_OBS,1,1
TECH_OBS:rpm over 1000,rpm over 1000,TECH_OBS,1,1
TECH_OBS:rpm reached 2720,rpm reached 2720,TECH_OBS,1,1
TECH_OBS:rpm reached 2760,rpm reached 2760,TECH_OBS,1,1
TECH_OBS:rpm reached 2770,rpm reached 2770,TECH_OBS,1,1
TECH_OBS:rpm to reach 2723,rpm to reach 2723,TECH_OBS,1,1
TECH_OBS:rpm was 1700,rpm was 1700,TECH_OBS,1,1
TECH_OBS:rpm was 2740 for 3 seconds,rpm was 2740 for 3 seconds,TECH_OBS,1,1
TECH_OBS:rpm was constant,rpm was constant,TECH_OBS,1,1
TECH_OBS:run out below.001,run out below.001,TECH_OBS,1,1
TECH_OBS:run smooth,run smooth,TECH_OBS,1,1
TECH_OBS:second time,second time,TECH_OBS,1,1
TECH_OBS:seventy out of eighty,seventy out of eighty,TECH_OBS,1,1
TECH_OBS:several hours,several hours,TECH_OBS,1,1
TECH_OBS:six inch puddle,six inch puddle,TECH_OBS,1,1
TECH_OBS:speed did not exceed five percent,speed did not exceed five percent,TECH_OBS,1,1
TECH_OBS:speed limitations,speed limitations,TECH_OBS,1,1
TECH_OBS:started normal,started normal,TECH_OBS,1,1
TECH_OBS:static 2340,static 2340,TECH_OBS,1,1
TECH_OBS:static 2340 at 12.1 ground pressure,static 2340 at 12.1 ground pressure,TECH_OBS,1,1
TECH_OBS:static full rpm,static full rpm,TECH_OBS,1,1
TECH_OBS:temperature,temperature,TECH_OBS,1,1
TECH_OBS:thirty hundred and fifty rpm,thirty hundred and fifty rpm,TECH_OBS,1,1
TECH_OBS:tire pressures,tire pressures,TECH_OBS,1,1
TECH_OBS:two different times,two different times,TECH_OBS,1,1
TECH_OBS:two number two nd time,two number two nd time,TECH_OBS,1,1
TECH_OBS:two places,two places,TECH_OBS,1,1
TECH_OBS:two t,two t,TECH_OBS,1,1
TECH_OBS:two thousand rpm,two thousand rpm,TECH_OBS,1,1
TECH_OBS:two times,two times,TECH_OBS,1,1
TECH_OBS:valve clearan,valve clearan,TECH_OBS,1,1
TECH_OBS:valve guide clearance,valve guide clearance,TECH_OBS,1,1
TECH_OBS:zero co,zero co,TECH_OBS,1,1
