IDENT,RAW,GOLD,digitize_flagged
100001,"ENGINE IDLE OVERRIDE KILLED ENGINE. TRIED TO ADJUST IDLE SEVERAL TIMES, WOULDN'T ADJUST.","engine idle override killed engine. tried to adjust idle several times, wouldn't adjust.",False
100002,ENGINE IDLE OVERRIDE KILLED ENGINE. REMOVED & REPLACED FUEL SERVO,engine idle override killed engine. removed and replaced fuel servo,False
100003,"ENGINE IDLE OVERRIDE KILLED ENGINE. A/C WAS RUN UP, SET IDLE SPEED, MIXTURE OK, NO LEAKS NO","engine idle override killed engine. aircraft was run up, set idle speed, mixture ok, no leaks noted",False
100006,ROCKER BOX COVER SCREWS LOOSE (ALL CYL). TIGHTENED SCREWS.,"rocker box cover screws loose, all cylinders. tightened screws.",False
100007,INDUCTION TUBE HOSE CLAMPS LOOSE (ALL CYL). TIGHTENED HOSE CLAMPS.,"induction tube hose clamps loose, all cylinders. tightened hose clamps.",False
100008,#3 INTAKE IS LEAKING. REMOVED & REPLACED GASKET.,number 3 intake is leaking. removed and replaced gasket.,False
100009,#2 INTAKE IS LEAKING. REMOVED & REPLACED #2 INTAKE GASKET.,number 2 intake is leaking. removed and replaced number 2 intake gasket.,False
100011,"HOLDING SHORT OF RUNWAY, AFTER COMPLETION OF RUN UP, ENGINE. PERFORMED ENGINE RUN UP, ADJUSTED IDLE & CLEANED SPARK","holding short of runway, after completion of run up. performed engine run up, adjusted idle and cleaned spark",False
100012,L/H REAR ENGINE BAFFLE CRACKED. STOP DRILLED CRACK.,left-hand rear engine baffle cracked. stop drilled crack.,False
100015,#2 ROCKER COVER GASKET LEAKING. REMOVED & REPLACED #2 ROCKER COVER GASKET.,number 2 rocker cover gasket leaking. removed and replaced number 2 rocker cover gasket.,False
100016,#1 & 3 ROCKER COVER GASKET LEAKING. REMOVED & REPLACED #1 & 3 ROCKER COVER GASKET.,number 1 and number 3 rocker cover gasket leaking. removed and replaced number 1 and number 3 rocker cover gasket.,False
100017,ROCKER BOX COVER SCREWS LOOSE. TIGHTENED SCREWS.,rocker box cover screws loose. tightened screws.,False
100019,#1 INTAKE GASKET LEAKING. REPLACED W/ NEW GASKET.,number 1 intake gasket leaking. replaced with new gasket.,False
100020,ROCKER COVER FOR CYL #1 IS LEAKING. REPLACED ROCKER COVER.,rocker cover for cylinder number 1 is leaking. replaced rocker cover.,False
100021,CYL #4 INTAKE LEAKING. REPLACED GASKET. LEAK CHECK GOOD.,cylinder number 4 intake leaking. replaced gasket. leak check good.,False
100023,ROCKER BOX COVER SCREWS ARE LOOSE. TIGHTENED SCREWS.,rocker box cover screws are loose. tightened screws.,False
100025,"#1 INTAKE GASKET LEAKING. REMOVED INTAKE TUBE, FOUND TUBE TO BE CRACKED. REMOVED","number 1 intake gasket leaking. removed intake tube, found tube to be cracked. removed",False
100026,INDUCTION TUBE HOSE CLAMPS LOOSE (ALL CYLS). TIGHTENED HOSE CLAMPS.,"induction tube hose clamps loose, all cylinders. tightened hose clamps.",False
100028,"ON START UP, ENGINE BEGAN TO RUN ROUGH. RAN ENGINE @ 1200 RP. INSPECTED CYL 1, 2 & 4 IAW  - CK'ED OK. REMOVED","on start up, engine began to run rough. ran engine at 1200 rpm. inspected cylinders 1, 2 and 4 in accordance with reference manual. checked ok. removed",False
100029,"ON START UP, ENGINE BEGAN TO RUN ROUGH. RAN ENGINE @ 1200 RP. PERFORMED COMPRESSION CHECK, CYL #3 INDICATED ZERO PSI.","on start up, engine began to run rough. ran engine at 1200 rpm. performed compression check, cylinder number 3 indicated 0 psi.",False
100031,#4 ROCKER COVER GASKET LEAKING. REPLACED GASKET.,number 4 rocker cover gasket leaking. replaced gasket.,False
100032,RIGHT ENG #4 AIR BAFFLE IS CRACKED. REMOVED & REPLACED #4 AIR BAFFLE.,right engine number 4 air baffle is cracked. removed and replaced number 4 air baffle.,False
100033,R/H ENG FWD ALT ATTACH BOLT LOOSE. SECURED ALT ATTACH BOLT & RESAFETIED.,right-hand engine forward alternator attach bolt loose. secured alternator attach bolt and resafetied.,False
100034,L/H ENGINE #4 AFT BAFFLE CRACKED IN MULTIPLE PLACES. REPLACED BAFFLE ASSY.,left-hand engine number 4 aft baffle cracked in multiple places. replaced baffle assembly.,False
100035,"RIGHT ENG, ALL VALVE COVERS ARE LEAKING. REMOVED & REPLACED ALL ROCKER GASKETS.","right engine, all valve covers are leaking. removed and replaced all rocker gaskets.",False
100036,L/H ENGINE ALL 4 ROCKER COVER GASKETS LEAKING. REPLACED ALL ROCKER COVER GASKETS.,left-hand engine all 4 rocker cover gaskets leaking. replaced all rocker cover gaskets.,False
100037,"L/H ENG #2 INTAKE LEAKING. REMOVED TUBE, FOUND TO BE CRACKED. REMOVED TUBE FROM CO","left-hand engine number 2 intake leaking. removed tube, found to be cracked. removed tube",False
100038,"IN FLIGHT, ENGINE BECAME ROUGH. DISCOVERED RIGHT MAG INOP. E. RAN A/C, MAGS CHECK GOOD. POWER & LEAK CHECK GOOD.","in flight, engine became rough. discovered right magneto inoperable. ran aircraft, magnetos check good. power and leak check good.",False
100039,"IN FLIGHT, ENGINE BECAME ROUGH. DISCOVERED RIGHT MAG INOP. E. REMOVED #3 CYL, DISCONNECTED FUEL DISTRIBUTOR LINE TO G","in flight, engine became rough. discovered right magneto inoperable. removed number 3 cylinder, disconnected fuel distributor line",False
100040,"IN FLIGHT, ENGINE BECAME ROUGH. DISCOVERED RIGHT MAG INOP. E. REASSEMBLED ENGINE, #3 CYL DRY TAPPET CLEARANCE CHECK G","in flight, engine became rough. discovered right magneto inoperable. reassembled engine, number 3 cylinder dry tappet clearance check good",False
100041,#4 INTAKE LEAKING. REMOVED & REPLACED #4 INTAKE GASKET.,number 4 intake leaking. removed and replaced number 4 intake gasket.,False
100042,#3 ROCKER COVER GASKET LEAKING. REMOVED & REPLACED #3 ROCKER COVER GASKET.,number 3 rocker cover gasket leaking. removed and replaced number 3 rocker cover gasket.,False
100043,TOP L/H BAFFLE HAS A CRACK. STOP DRILLED CRACK.,top left-hand baffle has a crack. stop drilled crack.,False
100045,#3 BRAKE MISSING SCREW. REPLACED SCREW.,number 3 brake missing screw. replaced screw.,False
100047,#2 & 4 ROCKER COVERS ARE LEAKING. REMOVED & REPLACED #2 & 4 ROCKER COVER GASKETS.,number 2 and number 4 rocker covers are leaking. removed and replaced number 2 and number 4 rocker cover gaskets.,False
100048,#3 AFT BAFFLE BRACKET LOOSE. REMOVED & REPLACED MISSING RIVETS W/ SCREWS & NUTS.,number 3 aft baffle bracket loose. removed and replaced missing rivets with screws and nuts.,False
100050,"#1, 2, & 6 COWL MOUNTS ARE TORN. REMOVED & REPLACED MOUNTS.","numbers 1, 2 and 6 cowl mounts are torn. removed and replaced mounts.",False
100052,#2 & 4 ROCKER COVERS LEAKING. REMOVED & REPLACED GASKETS.,number 2 and number 4 rocker covers leaking. removed and replaced gaskets.,False
100053,#4 INTAKE IS LEAKING. REPLACED GASKET & INSPECTED INTAKE TUBE.,number 4 intake is leaking. replaced gasket and inspected intake tube.,False
100055,L/H BAFFLE PLUG WORN. REMOVED & REPLACED PLUG.,left-hand baffle plug worn. removed and replaced plug.,False
100056,#1 ROCKER COVER LEAKING. REMOVED & REPLACED GASKET.,number 1 rocker cover leaking. removed and replaced gasket.,False
100057,L/H ENGINE #2 & 4 SIDE BAFFLE SEALS LOOSE. SECURED SEALS.,left-hand engine number 2 and number 4 side baffle seals loose. secured seals.,False
100058,R/H ENGINE #3 AFT BAFFLE SEAL IS LOOSE. SECURED BAFFLE SEAL.,right-hand engine number 3 aft baffle seal is loose. secured baffle seal.,False
100060,#4 ROCKER COVER GASKET TORN. REMOVED & REPLACED #4 ROCKER COVER GASKET.,number 4 rocker cover gasket torn. removed and replaced number 4 rocker cover gasket.,False
100061,#1 ROCKER COVER GASKET LEAKING. REMOVED & REPLACED ROCKER COVER W/ NEW.,number 1 rocker cover gasket leaking. removed and replaced rocker cover with new.,False
100062,DURING GROUND RUN PILOT NOTICED HIGH OIL PRESS (ENGINE). ADJUSTED ENGINE OIL PRESS RELIEF VALVE.,"during ground run pilot noticed high oil pressure, engine. adjusted engine oil pressure relief valve.",False
100066,"AFTER LANDING, A/C IDLE @ 970 RPM. ADJUSTED IDLE SETTING BY LOWERING. IDLE SETTING W/IN MA","after landing, aircraft idle at 970 rpm. adjusted idle setting by lowering. idle setting within manufacturer's limits",False
100068,R/H ENG #2 INTAKE LEAKS. REPLACED GASKET.,right-hand engine number 2 intake leaks. replaced gasket.,False
100069,L/H ENG #4 CYL BAFFLE CRACKED. STOP DRILLED CRACK.,left-hand engine number 4 cylinder baffle cracked. stop drilled crack.,False
100070,R/H ENG #4 CYL BAFFLE CRACKED. STOP DRILLED CRACK.,right-hand engine number 4 cylinder baffle cracked. stop drilled crack.,False
100071,"LAST DAILY SHUT DOWN IDLE OVER RIDE SPEED CHECK - ENGINE RPM. RAN A/C, ADJUSTED IDLE SPEED. CHECKS GOOD.","last daily shutdown idle override speed check, engine rpm. ran aircraft, adjusted idle speed. checks good.",False
100072,#2 & 4 SIDE BAFFLE BRACE BROKEN. FABRICATED BRACE FROM LIKE MATERIAL & INSTALLED.,number 2 and number 4 side baffle brace broken. fabricated brace from like material and installed.,False
100073,#4 CYL INTAKE GASKET IS LEAKING. REMOVED & REPLACED GASKET.,number 4 cylinder intake gasket is leaking. removed and replaced gasket.,False
100074,#4 ROCKER BOX COVER GASKET LEAKING. REMOVED & REPLACED ROCKER COVER GASKET.,number 4 rocker box cover gasket leaking. removed and replaced rocker cover gasket.,False
100075,BAFFLE PLUG HOLE WORN. INSTALLED PATCH & NEW PLUG.,baffle plug hole worn. installed patch and new plug.,False
100076,"ENGINE STARTED RUNNING ROUGH & VIBRATING A LOT. RAN A/C, OPS & LEAK CHECK GOOD.","engine started running rough and vibrating a lot. ran aircraft, operations and leak check good.",False
100078,ENGINE STARTED RUNNING ROUGH & VIBRATING A LOT. COMPLETED REASSEMBLY OF #3 CYL ASSY. INSTALLED NEW INTA,engine started running rough and vibrating a lot. completed reassembly of number 3 cylinder assembly. installed new intake valve,False
100079,ENGINE STARTED RUNNING ROUGH & VIBRATING A LOT. REMOVED #3 CYL. INSTALLED SERVICEABLE CYL ASSY. TORQUED,engine started running rough and vibrating a lot. removed number 3 cylinder. installed serviceable cylinder assembly.,False
100081,#2 INTAKE LEAKS. REPLACED GASKET.,number 2 intake leaks. replaced gasket.,False
100082,#4 INTAKE LEAKS. REPLACED GASKET.,number 4 intake leaks. replaced gasket.,False
100083,#3 INTAKE TUBE GASKET IS LEAKING. REPLACED GASKET.,number 3 intake tube gasket is leaking. replaced gasket.,False
100085,"ENGINE WOULD NOT START. STARTED ENGINE, LEANED MIXTURE TO CLEAN SPARK PLUGS. MA","engine would not start. started engine, leaned mixture to clean spark plugs.",False
100086,#2 INTAKE IS LEAKING. REMOVED & REPLACED #2 INTAKE GASKET.,number 2 intake is leaking. removed and replaced number 2 intake gasket.,False
100087,"TOP FRONT R/H BAFFLE, BAFFLE SEAL RIVET PULLED THROUGH. DRILLED OUT RIVET & INSTALLED SCREW & NUT TO ATTACH R/H","top front right-hand baffle, baffle seal rivet pulled through. drilled out rivet and installed screw and nut to attach right-hand",False
100088,ROCKER BOX COVER SCREWS LOOSE. TIGHTENED SCREWS.,rocker box cover screws loose. tightened screws.,False
100089,#2 INDUCTION TUBE GASKET LEAKING. REMOVED & REPLACED #2 INDUCTION TUBE GASKET.,number 2 induction tube gasket leaking. removed and replaced number 2 induction tube gasket.,False
100090,#2 & 4 ROCKER COVERS ARE LEAKING. REMOVED & REPLACED GASKETS.,number 2 and number 4 rocker covers are leaking. removed and replaced gaskets.,False
100091,#1 INTAKE LEAKING. REMOVED & REPLACED #1 INTAKE GASKET W/ NEW.,number 1 intake leaking. removed and replaced number 1 intake gasket with new.,False
100092,#3 & 4 ROCKER COVERS LEAKING. REMOVED & REPLACED #3 & 4 ROCKER COVER GASKETS W/ NEW.,number 3 and number 4 rocker covers leaking. removed and replaced number 3 and number 4 rocker cover gaskets with new.,False
100093,#1 ROCKER COVER IS LEAKING. REMOVED & REPLACED ROCKER COVER GASKET.,number 1 rocker cover is leaking. removed and replaced rocker cover gasket.,False
100094,L/H ENG #4 CYL INTAKE GASKET IS LEAKING. REMOVED & REPLACED #4 INTAKE GASKET W/ NEW.,left-hand engine number 4 cylinder intake gasket is leaking. removed and replaced number 4 intake gasket with new.,False
100096,#4 ROCKER COVER LEAKING. REMOVED & REPLACED #4 ROCKER COVER GASKET.,number 4 rocker cover leaking. removed and replaced number 4 rocker cover gasket.,False
100097,#2 OIL RETURN LINE HOSE CLAMP IS LOOSE. TIGHTENED HOSE CLAMP.,number 2 oil return line hose clamp is loose. tightened hose clamp.,False
100098,ROUGH RUNNING ENGINE ON START. ENGINE RAN SMOOTHER AS IT WAR. FINISHED REAMING ALL 4 EXHAUST VALVE GUIDES. INSTALLED,rough running engine on start. engine ran smoother as it warmed up. finished reaming all 4 exhaust valve guides.,False
100099,"ROUGH RUNNING ENGINE ON START. ENGINE RAN SMOOTHER AS IT WAR. REMOVED COWLING, REMOVED ALL SPARK PLUGS. REAMED #3 EXH","rough running engine on start. engine ran smoother as it warmed up. removed cowling, removed all spark plugs. reamed number 3 exhaust valve guide",False
100100,#3 ROCKER COVER IS LEAKING. REMOVED & REPLACED GASKET.,number 3 rocker cover is leaking. removed and replaced gasket.,False
100102,R/H ENGINE #4 CYL BAFFLE BOLT MISSING. INSTALLED NEW BOLT.,right-hand engine number 4 cylinder baffle bolt missing. installed new bolt.,False
100103,"R/H ENGINE #1 & 4 ROCKER COVERS LEAKING. REMOVED & REPLACED R/H ROCKER COVER GASKETS, 1 & 4.","right-hand engine number 1 and number 4 rocker covers leaking. removed and replaced right-hand rocker cover gaskets, 1 and 4.",False
100105,ENGINE DIED DURING MAG CK. STARTED A/C USING FLOODED START PROCEDURE & RAN A/C TO,engine died during magneto check. started aircraft using flooded start procedure,False
100106,#3 ROCKER COVER GASKET LEAKING. REMOVED & REPLACED #3 ROCKER COVER GASKET.,number 3 rocker cover gasket leaking. removed and replaced number 3 rocker cover gasket.,False
100107,"#2, 4 ROCKER COVER GASKET LEAKING. REMOVED & REPLACED #2 & 4 ROCKER COVER GASKETS.",number 2 and number 4 rocker cover gasket leaking. removed and replaced number 2 and number 4 rocker cover gaskets.,False
100108,#2 & 4 CYL OIL RETURN LINE CLAMPS LOOSE. TIGHTENED CLAMPS.,number 2 and number 4 cylinder oil return line clamps loose. tightened clamps.,False
100109,R/H ENGINE #2 INTAKE GASKET LEAKING. REMOVED & REPLACED GASKET.,right-hand engine number 2 intake gasket leaking. removed and replaced gasket.,False
100110,BAFFLE SEALS UNDER BOTH PROP GOVERNORS ARE LOOSE. RESECURED BAFFLE SEALS.,baffle seals under both propeller governors are loose. resecured baffle seals.,False
100111,L/H ENGINE #4 AFT BAFFLE CRACKED IN MULTIPLE PLACES. INSTALLED REPAIRED BAFFLING.,left-hand engine number 4 aft baffle cracked in multiple places. installed repaired baffling.,False
100112,L/H ENGINE #4 AFT BAFFLE CRACKED IN MULTIPLE PLACES. REMOVED BAFFLE & SWAPPED ACCESSORIES.,left-hand engine number 4 aft baffle cracked in multiple places. removed baffle and swapped accessories.,False
100114,#1 L/H INTAKE HAS LARGE GOUGE. REMOVED & REPLACED #1 L/H INTAKE PIPE W/ SERVICEABLE PI,number 1 left-hand intake has large gouge. removed and replaced number 1 left-hand intake pipe with serviceable pipe,False
100117,#4 ROCKER COVER IS LEAKING. REPLACED GASKET.,number 4 rocker cover is leaking. replaced gasket.,False
100118,L/H SIDE OF ENG FWD RUBBER SEAL LOOSE. SECURED BAFFLE SEAL.,left-hand side of engine forward rubber seal loose. secured baffle seal.,False
100119,#1 & 3 ROCKER COVER GASKETS ARE LEAKING. REMOVED & REPLACED GASKETS.,number 1 and number 3 rocker cover gaskets are leaking. removed and replaced gaskets.,False
100120,R/H BAFFLE FRONT SIDE HAS A CRACK. STOP DRILLED CRACK & FABRICATED PATCH W/ LIKE MATERIAL.,right-hand baffle front side has a crack. stop drilled crack and fabricated patch with like material.,False
100123,#4 ROCKER COVER IS LEAKING. REMOVED & REPLACED #4 ROCKER GASKET.,number 4 rocker cover is leaking. removed and replaced number 4 rocker gasket.,False
100124,R/H ENG #4 CYL INTAKE GASKET IS LEAKING. INSTALLED NEW #4 INTAKE GASKET.,right-hand engine number 4 cylinder intake gasket is leaking. installed new number 4 intake gasket.,False
100125,SCREW IS MISSING ON #3 CYL BAFFLE. INSTALLED NEW SCREW.,screw is missing on number 3 cylinder baffle. installed new screw.,False
100127,"TOP BACK L/H CORNER BAFFLE IS CRACKED. STOP DRILLED CRACK, FABRICATED PATCH W/ LIKE MATERIAL.","top back left-hand corner baffle is cracked. stop drilled crack, fabricated patch with like material.",False
100128,#2 CYL INTAKE GASKET IS LEAKING. REMOVED & REPLACED GASKET.,number 2 cylinder intake gasket is leaking. removed and replaced gasket.,False
100129,#2 & 3 ROCKER COVER GASKETS ARE LEAKING. REMOVED & REPLACED GASKETS.,number 2 and number 3 rocker cover gaskets are leaking. removed and replaced gaskets.,False
100131,"ENGINE STARTED RUNNING ROUGH SHORTLY AFTER TAKEOFF & LANDED. FREED EXHAUST VALVE, INSPECTED & FOUND TO BE SERVICEABL","engine started running rough shortly after takeoff and landed. freed exhaust valve, inspected and found to be serviceable",False
100132,#1 & 3 INTAKES LEAKING. REMOVED & REPLACED #1 & 3 ROCKER COVER GASKETS.,number 1 and number 3 intakes leaking. removed and replaced number 1 and number 3 rocker cover gaskets.,False
100133,#2 & 4 ROCKER COVER LEAKING. REMOVED & REPLACED ROCKER COVER GASKETS.,number 2 and number 4 rocker cover leaking. removed and replaced rocker cover gaskets.,False
100136,NOTED WEAR ON ENGINE MOUNT CAUSED BY ENGINE BREATHER SUPPORT. OPS & LEAK CHECK GOOD.,noted wear on engine mount caused by engine breather support. operations and leak check good.,False
100137,NOTED WEAR ON ENGINE MOUNT CAUSED BY ENGINE BREATHER SUPPORT. FINISHED INSTALLATION OF ENGINE.,noted wear on engine mount caused by engine breather support. finished installation of engine.,False
100138,"NOTED WEAR ON ENGINE MOUNT CAUSED BY ENGINE BREATHER SUPPORT. REMOVED ENGINE. REPLACED ENGINE MOUNT, TORQUED ENGINE M","noted wear on engine mount caused by engine breather support. removed engine. replaced engine mount, torqued engine mount",False
100139,"L/H ENGINE #2, 3 & 4 INTAKES ARE LEAKING. REPLACED ALL 3 GASKETS.","left-hand engine numbers 2, 3 and 4 intakes are leaking. replaced all 3 gaskets.",False
100140,L/H ENGINE #3 ROCKER COVER IS LEAKING. REMOVED & REPLACED GASKET.,left-hand engine number 3 rocker cover is leaking. removed and replaced gasket.,False
100141,R/H ENGINE #2 & 4 ROCKER COVERS ARE LEAKING. REPLACED #2 & 4 ROCKER COVERS.,right-hand engine number 2 and number 4 rocker covers are leaking. replaced number 2 and number 4 rocker covers.,False
100143,"L/H ENGINE, LEFT AFT BAFFLE ANGLE BRACKET IS CRACKED. REMOVED BRACE, STOP DRILLED CRACK. INSTALLED W/ LARGE A","left-hand engine, left aft baffle angle bracket is cracked. removed brace, stop drilled crack.",False
100144,ROCKER BOX COVER SCREWS LOOSE. RETORQUED SCREWS.,rocker box cover screws loose. retorqued screws.,False
100145,#2 ROCKER BOX COVER GASKET LEAKING. INSTALLED NEW #2 ROCKER BOX COVER GASKET.,number 2 rocker box cover gasket leaking. installed new number 2 rocker box cover gasket.,False
100146,#4 ROCKER COVER GASKET LEAKING. INSTALLED NEW #4 ROCKER BOX COVER GASKET.,number 4 rocker cover gasket leaking. installed new number 4 rocker box cover gasket.,False
100147,LEFT BRAKE LININGS ARE WORN OUT. REPLACED BRAKE LININGS.,left brake linings are worn out. replaced brake linings.,False
100148,RIGHT ENG #3 ROCKER COVER IS LEAKING. REMOVED & REPLACED #3 ROCKER COVER.,right engine number 3 rocker cover is leaking. removed and replaced number 3 rocker cover.,False
100149,ENGINE OVERSPEED UP TO 3400 RPM @ TERMINATION OF AN AUTO. LEAK CHECK GOOD.,engine overspeed up to 3400 rpm at termination of an autorotation. leak check good.,False
100151,ENGINE OVERSPEED UP TO 3400 RPM @ TERMINATION OF AN AUTO. BEGAN ENG OVERSPEED INSP IAW . IDENTIFIED & CORR,engine overspeed up to 3400 rpm at termination of an autorotation. began engine overspeed inspection in accordance with reference manual. identified and corrected,False
100152,ENGINE OVERSPEED UP TO 3400 RPM @ TERMINATION OF AN AUTO. FINISHED VALVE TRAIN OVERSPEED INSP.  WAS COMPLET,engine overspeed up to 3400 rpm at termination of an autorotation. finished valve train overspeed inspection was completed,False
100153,#2 ROCKER COVER GASKET LEAKING. REPLACED GASKET.,number 2 rocker cover gasket leaking. replaced gasket.,False
100155,#2 ROCKER BOX COVER SCREWS LOOSE. RETORQUED SCREWS.,number 2 rocker box cover screws loose. retorqued screws.,False
100157,"R/H ENG ROUGH IN FLIGHT. RAN A/C, COULDN'T DUPLICATE DISCREP. NO DEFECTS NOTED D","right-hand engine rough in flight. ran aircraft, couldn't duplicate discrepancy. no defects noted",False
100158,#1 & 3 ROCKER COVERS ARE LEAKING. REMOVED & REPLACED 1 & 3 ROCKER COVERS.,number 1 and number 3 rocker covers are leaking. removed and replaced number 1 and number 3 rocker covers.,False
100162,"BOTH ENGS, ALL ROCKER COVERS LOOSE. TIGHTENED ALL SCREWS FOR ROCKER COVERS.","both engines, all rocker covers loose. tightened all screws for rocker covers.",False
100163,L/H ENGINE NEEDS TO BE REMOVED TO FACILITATE REPAIR. OPS & LEAK CHECKED GOOD.,left-hand engine needs to be removed to facilitate repair. operations and leak checked good.,False
100164,R/H ENGINE NEEDS TO BE REMOVED TO FACILITATE REPAIR. OPS & LEAK CHECKED GOOD.,right-hand engine needs to be removed to facilitate repair. operations and leak checked good.,False
100165,R/H ENGINE NEEDS TO BE REMOVED TO FACILITATE REPAIR. INSTALLED R/H ENGINE TO AIRFRAME.,right-hand engine needs to be removed to facilitate repair. installed right-hand engine to airframe.,False
100166,R/H ENGINE NEEDS TO BE REMOVED TO FACILITATE REPAIR. FINISHED INSTALLING NACELLE WIRING.,right-hand engine needs to be removed to facilitate repair. finished installing nacelle wiring.,False
100168,R/H ENGINE NEEDS TO BE REMOVED TO FACILITATE REPAIR. CONTINUED WIRING & ENGINE CONTROL INSTALLATION.,right-hand engine needs to be removed to facilitate repair. continued wiring and engine control installation.,False
100169,L/H ENGINE NEEDS TO BE REMOVED TO FACILITATE REPAIR. PRESERVED CYLINDERS. PREPARED ENGINE FOR STORAGE.,left-hand engine needs to be removed to facilitate repair. preserved cylinders. prepared engine for storage.,False
100172,L/H ENGINE NEEDS TO BE REMOVED TO FACILITATE REPAIR. UNPACKED ENGINE FROM PALLET. INSTALLED ENGINE ASSY TO A,left-hand engine needs to be removed to facilitate repair. unpacked engine from pallet. installed engine assembly to airframe,False
100174,"L/H ENGINE NEEDS TO BE REMOVED TO FACILITATE REPAIR. ROUTED & SECURED WIRING, FUEL & OIL LINES, CONTROL CABL","left-hand engine needs to be removed to facilitate repair. routed and secured wiring, fuel and oil lines, control cable",False
100176,"L/H ENGINE NEEDS TO BE REMOVED TO FACILITATE REPAIR. CLEANED PLUGS, SERVICED OIL. RAN L/H ENGINE, ALL INDICA","left-hand engine needs to be removed to facilitate repair. cleaned plugs, serviced oil. ran left-hand engine",False
100177,"L/H ENGINE NEEDS TO BE REMOVED TO FACILITATE REPAIR. REMOVED LEFT ENGINE, PROP/MOUNT ASSY.","left-hand engine needs to be removed to facilitate repair. removed left engine, propeller and mount assembly.",False
100178,L/H ENGINE NEEDS TO BE REMOVED TO FACILITATE REPAIR. REMOVED OIL SUMP & ACCESSORY CASE. INSPECTED IAW,left-hand engine needs to be removed to facilitate repair. removed oil sump and accessory case. inspected in accordance with reference manual,False
100179,R/H ENGINE NEEDS TO BE REMOVED TO FACILITATE REPAIR. STARTED WIRING INSTALLATION & CONTROL CABLE INSTALLATIO,right-hand engine needs to be removed to facilitate repair. started wiring installation and control cable installation,False
100181,R/H ENGINE NEEDS TO BE REMOVED TO FACILITATE REPAIR. CONNECTED WIRING & SECURED. ATTACHED & RIGGED ENGINE CO,right-hand engine needs to be removed to facilitate repair. connected wiring and secured. attached and rigged engine,False
100182,"R/H ENGINE NEEDS TO BE REMOVED TO FACILITATE REPAIR. CLEANED PLUGS, SERVICED OIL. RAN ENGINE, ALL INDICATION","right-hand engine needs to be removed to facilitate repair. cleaned plugs, serviced oil. ran engine",False
100183,R/H ENGINE NEEDS TO BE REMOVED TO FACILITATE REPAIR. REMOVED R/H ENGINE/PROP/MOUNT ASSY. PRESERVED CYLS. PAL,"right-hand engine needs to be removed to facilitate repair. removed right-hand engine, propeller, and mount assembly. preserved cylinders.",False
100184,REMOVE ENGINE TO FACILITATE FIREWALL REPAIR. REMOVED ENGINE.,remove engine to facilitate firewall repair. removed engine.,False
100185,REINSTALL ENGINE AFTER REPAIR TO FIREWALL. INSTALLED ENGINE AFTER REPAIR TO FIREWALL WAS COMPLETED,reinstall engine after repair to firewall. installed engine after repair to firewall was completed,False
100186,REINSTALL ENGINE AFTER REPAIR TO FIREWALL. FIREWALL REPAIRED BY ODEGAARD WINGS.,reinstall engine after repair to firewall. firewall repaired by odegaard wings.,False
100187,#2 & 4 INTAKE GASKET LEAKING. REMOVED & REPLACED #2 & 4 INTAKE GASKETS.,number 2 and number 4 intake gasket leaking. removed and replaced number 2 and number 4 intake gaskets.,False
100188,#2 INTAKE LEAKING. REMOVED & REPLACED INTAKE GASKET.,number 2 intake leaking. removed and replaced intake gasket.,False
100189,#3 ROCKER COVER LEAKING. REMOVED & REPLACED #3 ROCKER COVER GASKET.,number 3 rocker cover leaking. removed and replaced number 3 rocker cover gasket.,False
100190,AFT BAFFLE SCREW LOOSE. TIGHTENED BAFFLE SCREW.,aft baffle screw loose. tightened baffle screw.,False
100191,#4 REAR ENGINE BAFFLE CRACKED. STOP DRILLED CRACK.,number 4 rear engine baffle cracked. stop drilled crack.,False
100192,INDUCTION TUBE HOSE CLAMPS LOOSE (ALL CYLS). TIGHTENED HOSE CLAMPS.,"induction tube hose clamps loose, all cylinders. tightened hose clamps.",False
100193,#3 CYL EXHAUST SEAL LEAKING. REMOVED & REPLACED SEAL.,number 3 cylinder exhaust seal leaking. removed and replaced seal.,False
100195,ENGINE BAFFLE BUTTONS WORN. REMOVED & REPLACED ENGINE BAFFLE BUTTONS ON L/H & R/H.,engine baffle buttons worn. removed and replaced engine baffle buttons on left-hand and right-hand.,False
100196,MISSING SCREW ON #3 ROCKER COVER. INSTALLED NEW SCREW.,missing screw on number 3 rocker cover. installed new screw.,False
100197,#2 & 4 INTAKES ARE LEAKING. REMOVED & REPLACED INTAKE GASKETS.,number 2 and number 4 intakes are leaking. removed and replaced intake gaskets.,False
100198,#2 ROCKER COVER GASKET LEAKING. REMOVED & REPLACED ROCKER COVER GASKET.,number 2 rocker cover gasket leaking. removed and replaced rocker cover gasket.,False
100199,"ENGINE RUNS ROUGH AFTER START. ENGINE SHUT DOWN WHEN POWER T. STARTED A/C, VERIFIED ENGINE RUNS VERY ROUGH. #3 EGT WA","engine runs rough after start. started aircraft, verified engine runs very rough.",False
100200,ENGINE RUNS ROUGH AFTER START. ENGINE SHUT DOWN WHEN POWER T. PERFORMED SI 388C ON ALL 4 CYLINDERS. REAMED EXHAUST VA,engine runs rough after start. performed service instruction 91 c on all 4 cylinders. reamed exhaust valve guides,False
100202,ALL ROCKER COVER SCREWS ARE LOOSE ON L/H ENGINE. TIGHTENED ALL SCREWS.,all rocker cover screws are loose on left-hand engine. tightened all screws.,False
100203,#2 INTAKE LEAKING ON R/H ENGINE. REMOVED & REPLACED #2 INTAKE GASKET ON R/H ENGINE.,number 2 intake leaking on right-hand engine. removed and replaced number 2 intake gasket on right-hand engine.,False
100207,"ON RIGHT ENG START, ENGINE RAN VERY ROUGH. RAN ENGINE, #3 CYL NO EGT. PULLED PROP THROUGH 4 COMPRE","on right engine start, engine ran very rough. ran engine, number 3 cylinder no egt. pulled propeller through 4 compressions",False
100208,#2 INTAKE IS LEAKING. REMOVED & REPLACED INTAKE GASKETS.,number 2 intake is leaking. removed and replaced intake gaskets.,False
100209,CYL #2 INTAKE GASKET IS LEAKING. REMOVED & REPLACED CYL #2 INTAKE GASKET.,cylinder number 2 intake gasket is leaking. removed and replaced cylinder number 2 intake gasket.,False
100210,CYL #2 & 3 ROCKER COVERS LEAKING. REMOVED & REPLACED CYL #2 & 3 ROCKER COVER GASKETS.,cylinder number 2 and number 3 rocker covers leaking. removed and replaced cylinder number 2 and number 3 rocker cover gaskets.,False
100213,#2 & 4 ROCKER COVER GASKETS LEAKING. REMOVED & REPLACED GASKETS.,number 2 and number 4 rocker cover gaskets leaking. removed and replaced gaskets.,False
100214,R/H ENGINE #2 INTAKE IS LEAKING. REMOVED & REPLACED GASKET.,right-hand engine number 2 intake is leaking. removed and replaced gasket.,False
100215,L/H ENGINE #4 ROCKER COVER GASKET LEAKING. REMOVED & REPLACED GASKET.,left-hand engine number 4 rocker cover gasket leaking. removed and replaced gasket.,False
100217,R/H REAR ENGINE BAFFLE SCREW MISSING. INSTALLED NEW SCREW.,right-hand rear engine baffle screw missing. installed new screw.,False
100220,#2 INTAKE LEAKING. REMOVED & REPLACED #2 INTAKE GASKET.,number 2 intake leaking. removed and replaced number 2 intake gasket.,False
100222,INDUCTION TUBE HOSE CLAMPS LOOSE (ALL CYL). TIGHTENED HOSE CLAMPS.,"induction tube hose clamps loose, all cylinders. tightened hose clamps.",False
100224,L/H ENGINE #1 INTAKE LEAKING. REMOVED & REPLACED L/H #1 INTAKE GASKET.,left-hand engine number 1 intake leaking. removed and replaced left-hand number 1 intake gasket.,False
100225,R/H ENGINE #2 & 1 INTAKE LEAKING. REMOVED & REPLACED R/H ENGINE INTAKE GASKETS 1 & 2.,right-hand engine number 2 and number 1 intake leaking. removed and replaced right-hand engine intake gaskets 1 and 2.,False
100226,R/H FWD UPPER BAFFLE SEAL IS LOOSE. REPLACED BAFFLE SEAL.,right-hand forward upper baffle seal is loose. replaced baffle seal.,False
100228,ROCKER BOX COVER SCREWS LOOSE. RETORQUE ROCKER BOX COVER SCREWS.,rocker box cover screws loose. retorque rocker box cover screws.,False
100229,#4 ROCKER GASKET LEAKING. REPLACED ROCKER GASKET.,number 4 rocker gasket leaking. replaced rocker gasket.,False
100230,#2 ROCKER COVER IS LEAKING. REMOVED & REPLACED ROCKER COVER GASKET.,number 2 rocker cover is leaking. removed and replaced rocker cover gasket.,False
100232,"#4 CYL HAS NO COMPRESSION. INSPECTED VALVES, FOUND NO DEFECTS. RAN A/C & RECHECKED","number 4 cylinder has no compression. inspected valves, found no defects. ran aircraft and rechecked",False
100233,SCREW MISSING ON #3 BAFFLE. REPLACED SCREW.,screw missing on number 3 baffle. replaced screw.,False
100234,#2 ROCKER COVER IS LEAKING. REPLACED GASKET.,number 2 rocker cover is leaking. replaced gasket.,False
100235,INDUCTION TUBE HOSE CLAMPS LOOSE. TIGHTENED HOSE CLAMPS.,induction tube hose clamps loose. tightened hose clamps.,False
100239,"L/H ENG #1, 2 & 3 ROCKER BOX COVERS LEAKING. REPLACED ROCKER COVER GASKETS.","left-hand engine numbers 1, 2 and 3 rocker box covers leaking. replaced rocker cover gaskets.",False
100240,R/H ENG #2 INTAKE TUBE GASKET IS LEAKING. INSTALLED NEW #2 INTAKE TUBE GASKET.,right-hand engine number 2 intake tube gasket is leaking. installed new number 2 intake tube gasket.,False
100241,R/H ENG ALL ROCKER COVER GASKETS LEAKING. INSTALLED NEW R/H ENG ROCKER BOX COVER GASKETS.,right-hand engine all rocker cover gaskets leaking. installed new right-hand engine rocker box cover gaskets.,False
100242,AFT BAFFLE BRACKET RIVETS SHEARED. RESECURED BAFFLE BRACKET.,aft baffle bracket rivets sheared. resecured baffle bracket.,False
100243,#3 AFT BAFFLE IS WORN THROUGH AT I/B CYLINDER WRAP. REMOVED WORN PIECE. FABRICATED REPLACEMENT FROM LIKE MA,number 3 aft baffle is worn through at inboard cylinder wrap. removed worn piece. fabricated replacement from like material,False
100244,FRONT R/H BAFFLE SIDE HAS A CRACK BY SCREW. STOP DRILLED CRACK.,front right-hand baffle side has a crack by screw. stop drilled crack.,False
100246,FRONT R/H BAFFLE WORN THROUGH FROM MUFFLER SHROUD. FABRICATED PATCH W/ LIKE MATERIALS. RIVETED IAW,front right-hand baffle worn through from muffler shroud. fabricated patch with like materials. riveted in accordance with reference manual,False
100247,"#2, 3 & 4 ROCKER GASKETS LEAKING. REPLACED #2, 3 & 4 ROCKER GASKETS. LEAK CHECK GOOD.","numbers 2, 3 and 4 rocker gaskets leaking. replaced numbers 2, 3 and 4 rocker gaskets. leak check good.",False
100248,#3 AFT BAFFLE CRACKED IN SEVERAL PLACES. INSTALLED NEW BAFFLE.,number 3 aft baffle cracked in several places. installed new baffle.,False
100249,#3 AFT BAFFLE CRACKED IN SEVERAL PLACES. REMOVED R/H REAR BAFFLE.,number 3 aft baffle cracked in several places. removed right-hand rear baffle.,False
100250,SCREW MISSING IN #4 ROCKER COVER. INSTALLED & TORQUED NEW SCREW IN #4 ROCKER BOX COVER. R,screw missing in number 4 rocker cover. installed and torqued new screw in number 4 rocker box cover.,False
100251,#2 INTAKE IS LEAKING. REPLACED GASKET.,number 2 intake is leaking. replaced gasket.,False
100253,REMOVE ENGINE TO FACILITATE FIREWALL REPAIR. REMOVED ENGINE TO FACILITATE REPAIR BY ODEGAARD WINGS.,remove engine to facilitate firewall repair. removed engine to facilitate repair by odegaard wings.,False
100254,REMOVE ENGINE TO FACILITATE FIREWALL REPAIR. REINSTALLED ENGINE IAW MAINTENANCE MAN,remove engine to facilitate firewall repair. reinstalled engine in accordance with maintenance manual,False
100257,"DOING MAX PERFORM T/O @ 3200, MP WON'T GO ANY HIGHER THAN 24. REQUIRES MX FLIGHT TO VERIFY DISCREPANCY","doing max performance takeoff at 3200, manifold pressure won't go any higher than 24. requires maintenance flight to verify discrepancy",False
100259,#2 & 4 CYLINDER ROCKER COVER GASKETS LEAKING. REMOVED & REPLACED #2 & 4 GASKETS.,number 2 and number 4 cylinder rocker cover gaskets leaking. removed and replaced number 2 and number 4 gaskets.,False
100260,"#1, 2 & 3 ROCKER BOX COVER SCREWS LOOSE. TIGHTENED SCREWS.","numbers 1, 2 and 3 rocker box cover screws loose. tightened screws.",False
100262,ROCKER BOX COVER SCREWS LOOSE (ALL CYL). TIGHTENED SCREWS.,"rocker box cover screws loose, all cylinders. tightened screws.",False
100264,#3 INTAKE LEAKING AT CLAMP. READJUSTED & TIGHTENED CLAMP.,number 3 intake leaking at clamp. readjusted and tightened clamp.,False
100265,#2 INTAKE GASKET LEAKING. REMOVED & REPLACED INTAKE GASKET W/ NEW.,number 2 intake gasket leaking. removed and replaced intake gasket with new.,False
100266,"RIVET PULLED THROUGH BAFFLE SEAL, #1 CYL. REMOVED OLD RIVET & INSTALLED NEW RIVET.","rivet pulled through baffle seal, number 1 cylinder. removed old rivet and installed new rivet.",False
100267,#3 ROCKER COVER LEAKING. REMOVED & REPLACED GASKET.,number 3 rocker cover leaking. removed and replaced gasket.,False
100270,"#1, 2, 3 CYLINDER INTAKE GASKETS LEAKING. INSTALLED NEW INTAKE GASKETS.","numbers 1, 2 and 3 cylinder intake gaskets leaking. installed new intake gaskets.",False
100271,#4 ROCKER COVER IS LEAKING. REMOVED & REPLACED #4 ROCKER COVER GASKET.,number 4 rocker cover is leaking. removed and replaced number 4 rocker cover gasket.,False
100272,AFT R/H BAFFLE HAS MISSING RIVET. REMOVED & REPLACED RIVET.,aft right-hand baffle has missing rivet. removed and replaced rivet.,False
100273,#2 & 4 ROCKER COVERS LEAKING. REMOVED & REPLACED #2 & 4 ROCKER COVER GASKETS.,number 2 and number 4 rocker covers leaking. removed and replaced number 2 and number 4 rocker cover gaskets.,False
100275,#3 CYLINDER OIL RETURN LINE BEEN CHAFING ON WIRE BUNDLE. LEAK CHECK GOOD.,number 3 cylinder oil return line been chafing on wire bundle. leak check good.,False
100276,#3 CYLINDER OIL RETURN LINE BEEN CHAFING ON WIRE BUNDLE. REMOVED & REPLACED OIL RETURN LINE.,number 3 cylinder oil return line been chafing on wire bundle. removed and replaced oil return line.,False
100277,R/H SIDE BACK BAFFLE IS CRACKED & BRACKET RIVETS BROKEN. REMOVED R/H SIDE BAFFLE OFF ENGINE.,right-hand side back baffle is cracked and bracket rivets broken. removed right-hand side baffle off engine.,False
100278,R/H SIDE BACK BAFFLE IS CRACKED & BRACKET RIVETS BROKEN. REPLACED BAFFLE W/ SERVICEABLE BAFFLE.,right-hand side back baffle is cracked and bracket rivets broken. replaced baffle with serviceable baffle.,False
100279,#1 ROCKER COVER LEAKING. REMOVED & REPLACED ROCKER COVER GASKET.,number 1 rocker cover leaking. removed and replaced rocker cover gasket.,False
100280,R/H ENGINE CYL #3 AFT BAFFLE IS CRACKED. STOP DRILLED CRACK IN R/H ENG #3 AFT BAFFLE.,right-hand engine cylinder number 3 aft baffle is cracked. stop drilled crack in right-hand engine number 3 aft baffle.,False
100281,L/H ENGINE CYL #4 AFT BAFFLE STIFFENER IS CRACKED. REMOVED & REPLACED CRACKED STIFFENER.,left-hand engine cylinder number 4 aft baffle stiffener is cracked. removed and replaced cracked stiffener.,False
100282,CYL #2 & 3 INTAKES ARE LEAKING. REMOVED & REPLACED CYL #2 & 3 INTAKE GASKETS.,cylinder number 2 and number 3 intakes are leaking. removed and replaced cylinder number 2 and number 3 intake gaskets.,False
100283,R/H FWD UPPER BAFFLE SEAL NEEDS TO BE RESECURED. INSTALLED POP RIVET TO RESECURE R/H FWD BAFFLE SEAL.,right-hand forward upper baffle seal needs to be resecured. installed pop rivet to resecure right-hand forward baffle seal.,False
100284,#1 INTAKE IS LEAKING. REMOVED & REPLACED #1 INTAKE GASKET.,number 1 intake is leaking. removed and replaced number 1 intake gasket.,False
100285,ROCKER COVERS 2 & 3 LEAKING. REMOVED & REPLACED ROCKER COVER GASKETS 2 & 3.,rocker covers 2 and 3 leaking. removed and replaced rocker cover gaskets 2 and 3.,False
100286,#2 INDUCTION TUBE GASKET LEAKING. INSTALLED NEW #2 INDUCTION TUBE GASKET.,number 2 induction tube gasket leaking. installed new number 2 induction tube gasket.,False
100287,#2 & 3 ROCKER BOX COVER GASKETS LEAKING. INSTALLED NEW ROCKER BOX COVER GASKETS.,number 2 and number 3 rocker box cover gaskets leaking. installed new rocker box cover gaskets.,False
100288,"DURING ENTRY TO 180 DEGREE AUTO, WHEN COLLECTIVE LOWERED TO. INSPECTED THROTTLE LINKAGE, COLLECTIVE LINKAGE, NO DISC","inspected throttle linkage, collective linkage, no discrepancy",False
100289,"CAP SCREW MISSING, L/H ENG #4 BAFFLE. INSTALLED NEW SCREW.","cap screw missing, left-hand engine number 4 baffle. installed new screw.",False
100290,#4 ROCKER COVER LEAKING. REMOVED & REPLACED #4 ROCKER COVER GASKET.,number 4 rocker cover leaking. removed and replaced number 4 rocker cover gasket.,False
100291,ALL ROCKER COVERS HAVE LOOSE SCREWS. TIGHTENED ALL COVERS.,all rocker covers have loose screws. tightened all covers.,False
100292,R/H ENG #3 INTAKE LEAKING. REMOVED & REPLACED #3 INTAKE GASKET W/ NEW.,right-hand engine number 3 intake leaking. removed and replaced number 3 intake gasket with new.,False
100293,HARDWARE MISSING ON R/H ENGINE #4 ROCKER COVER. INSTALLED NEW SCREW INTO #4 ROCKER COVER.,hardware missing on right-hand engine number 4 rocker cover. installed new screw into number 4 rocker cover.,False
100294,#4 INTAKE GASKET LEAKING. REPLACED GASKET.,number 4 intake gasket leaking. replaced gasket.,False
100297,#2 & 4 INDUCTION TUBE GASKETS LEAKING. INSTALLED NEW #2 & 4 INDUCTION TUBE GASKETS.,number 2 and number 4 induction tube gaskets leaking. installed new number 2 and number 4 induction tube gaskets.,False
100298,ALL SCREWS FOR ROCKER COVERS ARE LOOSE. TIGHTENED ALL SCREWS.,all screws for rocker covers are loose. tightened all screws.,False
100299,#1 & 4 INTAKES LEAKING. REMOVED & REPLACED INTAKE GASKETS 1 & 4.,number 1 and number 4 intakes leaking. removed and replaced intake gaskets 1 and 4.,False
100302,L/H BAFFLE PLUG MISSING. INSTALLED PATCH FABRICATED OUT OF LIKE MATERIAL. INSTAL,left-hand baffle plug missing. installed patch fabricated out of like material.,False
100306,CYL #2 & 3 INTAKES ARE LEAKING. REPLACED CYL #2 & 3 INTAKE GASKETS.,cylinder number 2 and number 3 intakes are leaking. replaced cylinder number 2 and number 3 intake gaskets.,False
100307,#2 INTAKE GASKET LEAKING. REMOVED & REPLACED INTAKE GASKET W/ NEW.,number 2 intake gasket leaking. removed and replaced intake gasket with new.,False
100308,"#2, 3 & 4 ROCKER BOX COVER SCREWS LOOSE. TIGHTENED SCREWS.","numbers 2, 3 and 4 rocker box cover screws loose. tightened screws.",False
100311,BOTH BAFFLE PLUGS WORN. REPLACED BOTH BAFFLE PLUGS.,both baffle plugs worn. replaced both baffle plugs.,False
100312,#1 ROCKER LEAKING. REMOVED & REPLACED #1 ROCKER COVER GASKET.,number 1 rocker leaking. removed and replaced number rocker cover gasket.,False
100313,R/H FWD BAFFLE MISSING SCREW. INSTALLED NEW SCREW.,right-hand forward baffle missing screw. installed new screw.,False
100315,#4 INTAKE LEAKING. REPLACED GASKET.,number 4 intake leaking. replaced gasket.,False
100316,#2 ROCKER COVER LEAKING. REMOVED & REPLACED #2 ROCKER COVER GASKET.,number 2 rocker cover leaking. removed and replaced number 2 rocker cover gasket.,False
100317,ROCKER COVERS 2 & 3 LEAKING. REMOVED & REPLACED #2 & 3 ROCKER COVER GASKETS.,rocker covers 2 and 3 leaking. removed and replaced number 2 and number 3 rocker cover gaskets.,False
100319,"L/H FWD ENGINE BAFFLE CRACKED. STOP DRILLED CRACK, FABRICATED PATCH. RIVETED IAW","left-hand forward engine baffle cracked. stop drilled crack, fabricated patch. riveted in accordance with reference manual",False
100320,L/H & R/H SPARK PLUG THROUGH HOLE PLUGS NEED TO BE REPLACED. INSTALLED NEW ENGINE BAFFLE BUTTON PLUGS.,left-hand and right-hand spark plug through hole plugs need to be replaced. installed new engine baffle button plugs.,False
100322,L/H FWD ENGINE BAFFLE BLAST TUBE BLOCKED. REMOVED BLOCKAGE,left-hand forward engine baffle blast tube blocked. removed blockage,False
100324,#3 ROCKER COVER LEAKING ON R/H ENGINE. REPLACED #3 ROCKER COVER GASKET.,number 3 rocker cover leaking on right-hand engine. replaced number 3 rocker cover gasket.,False
100325,"L/H ENGINE INTAKES 1, 2 & 4 LEAKING. REMOVED & REPLACED 1, 2 & 4 INTAKE GASKETS W/ NEW.","left-hand engine intakes 1, 2 and 4 leaking. removed and replaced 1, 2 and 4 intake gaskets with new.",False
100328,#3 INTAKE IS LEAKING. REMOVED & REPLACED #3 INTAKE GASKET.,number 3 intake is leaking. removed and replaced number 3 intake gasket.,False
100329,L/H BOTTOM BAFFLE WIRE HOLDER IS BROKEN. REMOVED & REPLACED LOWER L/H BAFFLE TIE ROD.,left-hand bottom baffle wire holder is broken. removed and replaced lower left-hand baffle tie rod.,False
100331,SPARK PLUG BAFFLE PLUG IS WORN. INSTALLED NEW BAFFLE PLUG.,spark plug baffle plug is worn. installed new baffle plug.,False
100332,#2 INTAKE IS LEAKING. REMOVED & REPLACED INTAKE GASKET. CLEANED FUEL STAINS I,number 2 intake is leaking. removed and replaced intake gasket. cleaned fuel stains,False
100333,#3 ROCKER COVER GASKET LEAKING. REMOVED & REPLACED GASKET.,number 3 rocker cover gasket leaking. removed and replaced gasket.,False
100334,#2 ROCKER COVER GASKET LEAKING. REMOVED & REPLACED #2 ROCKER COVER GASKET.,number 2 rocker cover gasket leaking. removed and replaced number 2 rocker cover gasket.,False
100335,"#2 CYL, LEFT ENG INTAKE IS LEAKING. REMOVED & REPLACED #2 INTAKE GASKET.","number 2 cylinder, left engine intake is leaking. removed and replaced number 2 intake gasket.",False
100336,R/H ENGINE #4 CYL INTAKE GASKET IS LEAKING. REPLACED GASKET.,right-hand engine number 4 cylinder intake gasket is leaking. replaced gasket.,False
100338,R/H ENGINE #3 CYL AFT BAFFLE SEAL IS OUT OF PLACE. RESECURED BAFFLE SEAL.,right-hand engine number 3 cylinder aft baffle seal is out of place. resecured baffle seal.,False
100339,"L/H SIDE BAFFLE CRACKED. PATCHED W/ LIKE MATERIAL. RIVETING IAW , CH",left-hand side baffle cracked. patched with like material. riveting in accordance with reference manual,False
100340,"L/H DEFLECTOR BAFFLE IS CRACKED. PATCHED W/ LIKE MATERIAL. RIVETING IAW , CH",left-hand deflector baffle is cracked. patched with like material. riveting in accordance with reference manual,False
100341,#2 & 4 ROCKER COVERS ARE LEAKING. REPLACED ROCKER COVER GASKETS.,number 2 and number 4 rocker covers are leaking. replaced rocker cover gaskets.,False
100342,ENGINE BAFFLE BUTTONS WORN. REMOVED OLD BAFFLE BUTTONS & INSTALLED NEW ONES ON L/H,engine baffle buttons worn. removed old baffle buttons and installed new ones on left-hand,False
100345,"R/H BACK BAFFLE BRACKET SCREWS ARE LOOSE. REMOVED BAFFLE, INSTALLED NEW BRACKET SCREWS & REINSTAL","right-hand back baffle bracket screws are loose. removed baffle, installed new bracket screws and reinstalled",False
100346,BOTH BAFFLE PLUGS BAD. REMOVED & REPLACED BOTH BAFFLE PLUGS.,both baffle plugs bad. removed and replaced both baffle plugs.,False
100348,#3 ROCKER COVER LEAKING. REMOVED & REPLACED #3 ROCKER COVER GASKET.,number 3 rocker cover leaking. removed and replaced number 3 rocker cover gasket.,False
100349,CYL #3 BACK BAFFLE SCREW MISSING. INSTALLED CYL #3 BACK BAFFLE SCREW.,cylinder number 3 back baffle screw missing. installed cylinder number 3 back baffle screw.,False
100350,SPIRAL WRAP ON ROCKER OIL RETURN LINES #1 & 3 REQUIRES REPLA. REMOVED & REPLACED SPIRAL WRAP ON ROCKER RETURN LINES #,spiral wrap on rocker oil return lines number 1 and number 3 requires replacement. removed and replaced spiral wrap on rocker return lines number 1 and number 3,False
100351,L/H ENGINE ROCKER BOX COVER SCREWS LOOSE. TIGHTENED DOWN SCREWS.,left-hand engine rocker box cover screws loose. tightened down screws.,False
100352,R/H ENGINE ROCKER BOX COVER SCREWS LOOSE. TIGHTENED DOWN SCREWS.,right-hand engine rocker box cover screws loose. tightened down screws.,False
100353,R/H ENG #2 INTAKE GASKET LEAKS. REMOVED & REPLACED INTAKE GASKET.,right-hand engine number 2 intake gasket leaks. removed and replaced intake gasket.,False
100354,#4 INDUCTION TUBE GASKET LEAKING. REPLACED #4 INDUCTION TUBE GASKET.,number 4 induction tube gasket leaking. replaced number 4 induction tube gasket.,False
100355,#2 & 4 ROCKER BOX COVER GASKETS LEAKING. REPLACED #2 & 4 ROCKER COVER GASKETS,number 2 and number 4 rocker box cover gaskets leaking. replaced number 2 and number 4 rocker cover gaskets,False
100360,CYL #1 ROCKER COVER GASKET LEAKING. REMOVED & REPLACED ROCKER COVER GASKET.,cylinder number 1 rocker cover gasket leaking. removed and replaced rocker cover gasket.,False
100361,#2 INTAKE IS LEAKING. REMOVED & REPLACED INTAKE GASKET.,number 2 intake is leaking. removed and replaced intake gasket.,False
100363,R/H ENGINE #3 & 2 INTAKES LEAKING. REMOVED & REPLACED GASKET.,right-hand engine number 3 and number 2 intakes leaking. removed and replaced gasket.,False
100365,#2 & 3 INTAKES ON L/H ENGINE ARE LEAKING. REPLACED #2 & 3 INTAKE GASKETS ON L/H ENGINE.,number 2 and number 3 intakes on left-hand engine are leaking. replaced number 2 and number 3 intake gaskets on left-hand engine.,False
100366,#2 CYL INTAKE GASKET LEAKING. REMOVED & REPLACED GASKET.,number 2 cylinder intake gasket leaking. removed and replaced gasket.,False
100367,#2 CYLINDER INNER INTAKE PUSH ROD SEAL LEAKING. REPLACED INNER & OUTER PUSH ROD TUBE SEALS & ROCKER COV,number 2 cylinder inner intake push rod seal leaking. replaced inner and outer push rod tube seals and rocker cover,False
100368,#2 ROCKER COVER GASKET LEAKING. REMOVED & REPLACED #2 ROCKER COVER GASKET.,number 2 rocker cover gasket leaking. removed and replaced number 2 rocker cover gasket.,False
100369,#3 ROCKER COVER GASKET LEAKING. REMOVED & REPLACED #3 ROCKER COVER GASKET.,number 3 rocker cover gasket leaking. removed and replaced number 3 rocker cover gasket.,False
100370,FWD PUSH ROD SEAL LEAKING @ ENGINE ON #3 CYLINDER. REMOVED & REPLACED #3 CYLINDER FWD PUSH ROD TUBE SEALS.,forward push rod seal leaking at engine on number 3 cylinder. removed and replaced number 3 cylinder forward push rod tube seals.,False
100371,CYL #1 BAFFLE CRACKED AT SCREW SUPPORT & FWD BAFFLE BELOW #1. FABRICATED PATCHES OF LIKE MATERIAL & RIVETED IAW,cylinder number 1 baffle cracked at screw support and forward baffle below number 1. fabricated patches of like material and riveted in accordance with reference manual,False
100374,FRONT BAFFLE RUBBING ON MUFFLER. APPLIED HIGH TEMP SEALANT TO SEPERATE & SECURE BAFFLE.,front baffle rubbing on muffler. applied high temperature sealant to separate and secure baffle.,False
100375,#2 INTAKE LEAKING. REPLACED GASKET.,number 2 intake leaking. replaced gasket.,False
100378,#4 CYL INTAKE GASKET IS LEAKING. REMOVED & REPLACED GASKET.,number 4 cylinder intake gasket is leaking. removed and replaced gasket.,False
100380,"#2, 4 ROCKER COVER IS LEAKING. REMOVED & REPLACED ROCKER COVER GASKETS.",number 2 and number 4 rocker cover is leaking. removed and replaced rocker cover gaskets.,False
100381,#2 & 3 INTAKES ARE LEAKING. REMOVED & REPLACED GASKETS.,number 2 and number 3 intakes are leaking. removed and replaced gaskets.,False
100382,#3 CYL AFT BAFFLE MISSING SCREW. INSTALLED NEW SCREW.,number 3 cylinder aft baffle missing screw. installed new screw.,False
100383,#4 ROCKER COVER IS LEAKING. REPLACED GASKET.,number 4 rocker cover is leaking. replaced gasket.,False
100384,"ENGINE ROUGH ON START, SUSPECT STUCK VALVE. INSP'D, FOUND #3 CYL EXHAUST VALVE STUCK OPEN, CONTACTE","engine rough on start, suspect stuck valve. inspected, found number 3 cylinder exhaust valve stuck open",False
100385,"ENGINE ROUGH ON START, SUSPECT STUCK VALVE. TORQUED CYL BASE, INSTALLED REMAINING LINES, TUBES, BAF","engine rough on start, suspect stuck valve. torqued cylinder base, installed remaining lines, tubes, baffles",False
100387,CYL #3 INTAKE TUBE LEAKING AT SUMP CONNECTOR HOSE. TIGHTENED CLAMPS.,cylinder number 3 intake tube leaking at sump connector hose. tightened clamps.,False
100388,"CYL #3 AFT BAFFLE MOUNT RIVETS ARE SHEARED. REMOVED BAFFLE, REPAIRED MOUNT & REINSTALLED.","cylinder number 3 aft baffle mount rivets are sheared. removed baffle, repaired mount and reinstalled.",False
100389,#2 CYL BAFFLE SEAL NEEDS TO BE RESECURED. RESECURED #2 BAFFLE SEAL.,number 2 cylinder baffle seal needs to be resecured. resecured number 2 baffle seal.,False
100390,#3 INTAKE GASKET LEAKS. REPLACED GASKET.,number 3 intake gasket leaks. replaced gasket.,False
100391,"SCREW MISSING FOR R/H SIDE OF BAFFLING, BEHIND DIPSTICK. REMOVED DIPSTICK, INSTALLED SCREW, INSTALLED & SAFETIED","screw missing for right-hand side of baffling, behind dipstick. removed dipstick, installed screw, installed and safetied",False
100393,LEFT ENGINE #3 DRAIN HOSE CLAMP AGAINST BAFFLE. REPOSITIONED DRAIN TUBE CLAMPS TO CLEAR BAFFLE.,left engine number 3 drain hose clamp against baffle. repositioned drain tube clamps to clear baffle.,False
100394,#4 INTAKE LEAKING. REMOVED & REPLACED #4 INTAKE GASKET.,number 4 intake leaking. removed and replaced number 4 intake gasket.,False
100395,#2 ROCKER COVER LEAKING. REMOVED & REPLACED #2 ROCKER COVER GASKET.,number 2 rocker cover leaking. removed and replaced number 2 rocker cover gasket.,False
100396,CYL #2 & 4 INTAKES ARE LEAKING. REPLACED INTAKE GASKETS.,cylinder number 2 and number 4 intakes are leaking. replaced intake gaskets.,False
100397,CYL #3 AFT BAFFLE MOUNT LOOSE. REMOVED BAFFLE & FOUND BAFFLE ALMOST WORN THROUGH AT AF,cylinder number 3 aft baffle mount loose. removed baffle and found baffle almost worn through at aft,False
100398,#3 ROCKER COVER REQUIRES NEW GASKET. INSTALLED NEW GASKET.,number 3 rocker cover requires new gasket. installed new gasket.,False
100399,#4 INTAKE LEAKING. REMOVED & REPLACED GASKET.,number 4 intake leaking. removed and replaced gasket.,False
100400,"SEVERE KNOCKING, VIBRATIONS ON START UP. INSPECTED, COMPRESSIONS INDICATED NORMAL. REMOVED COWL,","severe knocking, vibrations on start up. inspected, compressions indicated normal.",False
100401,#2 INTAKE LEAKING. REMOVED & REPLACED #2 INTAKE GASKET.,number 2 intake leaking. removed and replaced number 2 intake gasket.,False
100403,OIL RETURN LINE CLAMPS LOOSE. TIGHTENED OIL RETURN LINE CLAMPS.,oil return line clamps loose. tightened oil return line clamps.,False
100404,"LOOSE CABLE SAFETY BAFFLE BOLTS, CYL #2. TIGHTENED & RESECURED.","loose cable safety baffle bolts, cylinder number 2. tightened and resecured.",False
100405,#1 & 3 CYL FUEL INJ LINES STANDOFF LOOSE BY OIL FILLER TUBE. TIGHTENED SCREW.,number 1 and number 3 cylinder fuel injector lines standoff loose by oil filler tube. tightened screw.,False
100406,R/H ENGINE #4 INTAKE IS LEAKING. REPLACED GASKET.,right-hand engine number 4 intake is leaking. replaced gasket.,False
100407,L/H ENGINE #3 INTAKE IS LEAKING. REMOVED & REPLACED GASKET.,left-hand engine number 3 intake is leaking. removed and replaced gasket.,False
100409,R/H ENGINE ALL 4 ROCKER COVERS ARE LEAKING. REMOVED & REPLACED GASKETS.,right-hand engine all 4 rocker covers are leaking. removed and replaced gaskets.,False
100410,R/H ENGINE #2 & 4 ROCKER OIL RETURN LINES ARE LEAKING. TIGHTENED CLAMPS.,right-hand engine number 2 and number 4 rocker oil return lines are leaking. tightened clamps.,False
100413,REPLACE L/H ENGINE TORQUEMETER HOSES. REPLACED PRESSURE HOSE.,replace left-hand engine torquemeter hoses. replaced pressure hose.,False
100414,REPLACE R/H ENGINE TORQUEMETER HOSES. INSTALLED PRESSURE HOSE.,replace right-hand engine torquemeter hoses. installed pressure hose.,False
100416,REPLACE R/H ENGINE TORQUEMETER HOSES. REPLACED VENT HOSES FOR TORQUEMETER.,replace right-hand engine torquemeter hoses. replaced vent hoses for torquemeter.,False
100418,L/H FWD ENGINE BAFFLE CRACKED. INSTALLED PATCH OF LIKE MATERAL & RIVETED IAW,left-hand forward engine baffle cracked. installed patch of like material and riveted in accordance with reference manual,False
100419,#3 ROCKER COVER GASKET LEAKING. REMOVED & REPLACED #3 ROCKER COVER GASKET.,number 3 rocker cover gasket leaking. removed and replaced number 3 rocker cover gasket.,False
100420,#3 ROCKER COVER GASKET LEAKING. REMOVED & REPLACED #3 ROCKER COVER GASKET.,number 3 rocker cover gasket leaking. removed and replaced number 3 rocker cover gasket.,False
100424,ENGINE IS TIMED OUT. REMOVED BAFFLING & COMPONENTS FROM OLD ENGINE & STARTED,engine is timed out. removed baffling and components from old engine and started,False
100425,ENGINE IS TIMED OUT. INSTALLED ENGINE. PERFORMED PRE-OIL & INSTALLED SPARK P,engine is timed out. installed engine. performed pre-oil and installed spark plug,False
100426,"ENGINE IS TIMED OUT. ENGINE RUN UP, LEAK CHECK GOOD.","engine is timed out. engine run up, leak check good.",False
100432,#2 & 3 ROCKER COVERS LEAKING. REMOVED & REPLACED #2 & 3 ROCKER COVER GASKETS.,number 2 and number 3 rocker covers leaking. removed and replaced number 2 and number 3 rocker cover gaskets.,False
100433,"L/H AFT UPPER BAFFLE CRACKED. STOP DRILLED CRACK, FABRICATED PATCH & INSTALLED PATCH.","left-hand aft upper baffle cracked. stop drilled crack, fabricated patch and installed patch.",False
100434,#3 INTAKE GASKET LEAKING. REMOVED & REPLACED #3 INTAKE GASKET.,number 3 intake gasket leaking. removed and replaced number 3 intake gasket.,False
100435,#2 ROCKER COVER LEAKING. REMOVED & REPLACED #2 ROCKER COVER GASKET.,number 2 rocker cover leaking. removed and replaced number 2 rocker cover gasket.,False
100436,#1 & 3 ROCKER COVER GASKETS LEAKING. REMOVED & REPLACED #1 & 3 ROCKER COVER GASKETS.,number 1 and number 3 rocker cover gaskets leaking. removed and replaced number 1 and number 3 rocker cover gaskets.,False
100438,CYL #2 & 4 INTAKES ARE LEAKING. REPLACED CYL #2 & 4 INTAKE PIPE GASKETS.,cylinder number 2 and number 4 intakes are leaking. replaced cylinder number 2 and number 4 intake pipe gaskets.,False
100439,#2 CYL ROCKER COVER GASKET IS LEAKING. REMOVED & REPLACED #2 ROCKER COVER GASKET W/ NEW.,number 2 cylinder rocker cover gasket is leaking. removed and replaced number 2 rocker cover gasket with new.,False
100441,INTAKES 2 & 4 LEAKING ON L/H ENGINE. REMOVED & REPLACED INTAKE GASKETS 2 & 4 ON L/H ENGINE.,intakes 2 and 4 leaking on left-hand engine. removed and replaced intake gaskets 2 and 4 on left-hand engine.,False
100442,"INTAKES 2, 3 & 4 LEAKING ON R/H ENGINE. REMOVED & REPLACED INTAKE GASKETS #2, 3 & 4 ON R/H ENGI","intakes 2, 3 and 4 leaking on right-hand engine. removed and replaced intake gaskets numbers 2, 3 and 4 on right-hand engine",False
100443,#2 INDUCTION TUBE GASKET LEAKING. INSTALLED NEW #2 INDUCTION TUBE GASKET.,number 2 induction tube gasket leaking. installed new number 2 induction tube gasket.,False
100446,#2 CYLINDER INTAKE GASKET LEAKING. REPLACED INTAKE GASKET.,number 2 cylinder intake gasket leaking. replaced intake gasket.,False
100448,#3 INTAKE IS LEAKING. REMOVED & REPLACED GASKET.,number 3 intake is leaking. removed and replaced gasket.,False
100450,"ENGINE IDLE @ 1700 RPM DURING SHUT DOWN. NO RISE IN RPM ON M. ADJUSTED IDLE SPEEDS & MIXTURE RISE, OPS CHECK GOOD.","engine idle at 1700 rpm during shutdown. no rise in rpm on mixture change. adjusted idle speeds and mixture rise, operations check good.",False
100451,#4 ROCKER COVER IS LEAKING. REMOVED & REPLACED ROCKER COVER GASKET.,number 4 rocker cover is leaking. removed and replaced rocker cover gasket.,False
100452,"CYL #3 EXT PUSH ROD TUBE SEAL LEAKING AT CASE. REPOSITIONED SEAL, LEAK PERSISTS. DISASSEMBLED & REPLAC","cylinder number 3 exhaust push rod tube seal leaking at case. repositioned seal, leak persists. disassembled and replaced",False
100453,"A/C NEEDS TO BE RUN UP & CHECKED FOR FERRY FLIGHT. PERFORMED ENGINE RUN UP, SERVICED TIRE PRESSURES. REVIE","aircraft needs to be run up and checked for ferry flight. performed engine run up, serviced tire pressures.",False
100454,#2 ROCKER BOX COVER GASKET LEAKING. INSTALLED NEW ROCKER BOX COVER GASKET.,number 2 rocker box cover gasket leaking. installed new rocker box cover gasket.,False
100455,#4 INTAKE LEAKING. REMOVED & REPLACED #4 INTAKE GASKET.,number 4 intake leaking. removed and replaced number 4 intake gasket.,False
100456,#4 CYLINDER INTAKE GASKET LEAKING. REMOVED & REPLACED INTAKE GASKET.,number 4 cylinder intake gasket leaking. removed and replaced intake gasket.,False
100457,"PILOT REPORTED STRONG ENGINE VIBRATION DURING STOP & GO WHIL. RAN ENGINE, COULD NOT DUPLICATE DISCREPANCY. ENGINE OPE","pilot reported strong engine vibration during stop and go. ran engine, could not duplicate discrepancy.",False
100458,"NO RISE DURING MIXTURE CHECK. ADJUSTED IDLE MIXTURE, CHECKS GOOD.","no rise during mixture check. adjusted idle mixture, checks good.",False
100462,L/H BAFFLE PLUG NEEDS TO BE REPLACED. REMOVED & REPLACED BAFFLE PLUG.,left-hand baffle plug needs to be replaced. removed and replaced baffle plug.,False
100463,#2 INTAKE GASKET LEAKING. REMOVED & REPLACED INTAKE GASKET W/ NEW.,number 2 intake gasket leaking. removed and replaced intake gasket with new.,False
100464,R/H BOTTOM BAFFLE WIRE SPRING IS BROKEN. REMOVED & REPLACED BAFFLE & WIRE SPRING W/ NEW.,right-hand bottom baffle wire spring is broken. removed and replaced baffle and wire spring with new.,False
100465,AFT BAFFLE BRACKET RIVETS SHEARED. REPLACED RIVETS ON BAFFLE BRACKET & REINSTALLED BAFFLIN,aft baffle bracket rivets sheared. replaced rivets on baffle bracket and reinstalled baffling,False
100468,#3 BAFFLE PLUG IS WORN. REMOVED & REPLACED PLUG.,number 3 baffle plug is worn. removed and replaced plug.,False
100470,#4 INTAKE IS LEAKING. REMOVED & REPLACED #4 INTAKE GASKET.,number 4 intake is leaking. removed and replaced number 4 intake gasket.,False
100471,#4 CYL BAFFLE IS CRACKED. STOP DRILLED CRACK.,number 4 cylinder baffle is cracked. stop drilled crack.,False
100472,#2 CYL EXHAUST PUSH ROD TUBE HAS SMALL DENT. INSTALLED PUSH ROD SHROUD USING NEW SEALS.,number 2 cylinder exhaust push rod tube has small dent. installed push rod shroud using new seals.,False
100473,"#4 CYL HAS LOW COMPRESSION, AROUND 34 PSI. TRIED STAKING VALVES, STILL NO COMPRESION. INSPECTED CY","number 4 cylinder has low compression, around 34 psi. tried staking valves, still no compression. inspected cylinder",False
100474,#2 CYL EXHAUST PUSH ROD TUBE HAS SMALL DENT. CANNED & INSPECTED SERVICEABLE PUSH RODD SHROUD TUBE FR,number 2 cylinder exhaust push rod tube has small dent. canned and inspected serviceable push rod shroud tube,False
100476,INDUCTION TUBE HOSE CLAMPS LOOSE (ALL CYL). TIGHTENED HOSE CLAMPS.,"induction tube hose clamps loose, all cylinders. tightened hose clamps.",False
100477,#1 & 3 ROCKER COVER GASKETS ARE BROKEN. REMOVED & REPLACED ROCKER COVER GASKETS.,number 1 and number 3 rocker cover gaskets are broken. removed and replaced rocker cover gaskets.,False
100478,"#2 INTAKE GASKET LEAKING. REMOVED & REPLACED INTAKE GASKET, CLEANED LEAKS AROUND","number 2 intake gasket leaking. removed and replaced intake gasket, cleaned leaks around",False
100479,#2 & 3 CYLINDER ROCKER CVOER GASKET LEAKING. REMOVED & REPLACED ROCKER COVER GASKET. CLEANED LEAKS A,number 2 and number 3 cylinder rocker cover gasket leaking. removed and replaced rocker cover gasket. cleaned leaks,False
100482,#3 INTAKE LEAKING. INSTALLED NEW INTAKE GASKET.,number 3 intake leaking. installed new intake gasket.,False
100484,#2 ROCKER COVER LEAKING. REMOVED & REPLACED #2 ROCKER COVER GASKET.,number 2 rocker cover leaking. removed and replaced number 2 rocker cover gasket.,False
100485,L/H ENGINE ALL INTAKES ARE LEAKING. REMOVED & REPLACED GASKETS.,left-hand engine all intakes are leaking. removed and replaced gaskets.,False
100486,"#3 AFT BAFFLE TAB HAS BROKEN RIVETS, NEAR OIL FILLER TUBE. LEAK CHECK GOOD.","number 3 aft baffle tab has broken rivets, near oil filler tube. leak check good.",False
100487,"#4 AFT BAFFLE ATTACH PLATE BROKEN. FABRICATED, PAINTED & INSTALLED FROM LIKE MATERIAL & TH","number 4 aft baffle attach plate broken. fabricated, painted and installed from like material",False
100488,"#3 AFT BAFFLE TAB HAS BROKEN RIVETS, NEAR OIL FILLER TUBE. REMOVED BAFFLE, REPLACED RIVETS & REINSTALLED BAFFLE. L","number 3 aft baffle tab has broken rivets, near oil filler tube. removed baffle, replaced rivets and reinstalled baffle",False
100490,#3 ROCKER COVER LEAKING. REPLACED ROCKER COVER GASKET.,number 3 rocker cover leaking. replaced rocker cover gasket.,False
100491,#2 INTAKE LEAKING. REMOVED & REPLACED #2 INTAKE GASKET.,number 2 intake leaking. removed and replaced number 2 intake gasket.,False
100493,#3 & 4 ROCKER COVERS LEAKING. REMOVED & REPLACED ROCKER COVER GASKETS.,number 3 and number 4 rocker covers leaking. removed and replaced rocker cover gaskets.,False
100495,"INTAKES 1, 2, 3 & 4 LEAKING. REMOVED & REPLACED 1 - 4 INTAKE GASKETS.","intakes 1, 2, 3 and 4 leaking. removed and replaced 1 to 4 intake gaskets.",False
100496,L/H FWD ENGINE BAFFLE CRACKED. STOP DRILLED CRACK.,left-hand forward engine baffle cracked. stop drilled crack.,False
100498,#3 INTAKE LEAKING. REPLACED GASKET.,number 3 intake leaking. replaced gasket.,False
100501,FWD L/H ENGINE BAFFLE CRACKED. STOP DRILLED CRACK.,forward left-hand engine baffle cracked. stop drilled crack.,False
100502,ALL 4 ROCKER COVER GASKETS LEAKING. REPLACED ALL 4 ROCKER COVER GASKETS.,all 4 rocker cover gaskets leaking. replaced all 4 rocker cover gaskets.,False
100503,#2 CYL INTAKE GASKET IS LEAKING. REMOVED & REPLACED GASKET.,number 2 cylinder intake gasket is leaking. removed and replaced gasket.,False
100504,CYL #4 INTAKE GASKET IS LEAKING. REMOVED & REPLACED CYL #4 INTAKE GASKET.,cylinder number 4 intake gasket is leaking. removed and replaced cylinder number 4 intake gasket.,False
100505,#3 INTAKE LEAKING. REMOVED & REPLACED #3 INTAKE GASKET.,number 3 intake leaking. removed and replaced number 3 intake gasket.,False
100506,#4 ROCKER COVER GASKET IS LEAKING. REMOVED & REPLACED ROCKER COVER GASKET.,number 4 rocker cover gasket is leaking. removed and replaced rocker cover gasket.,False
100508,LEFT ENG #2 INTAKE GASKET LEAKS. REMOVED & REPLACED #2 INTAKE GASKET.,left engine number 2 intake gasket leaks. removed and replaced number 2 intake gasket.,False
100509,#2 & 3 ROCKER GASKETS LEAKING. REPLACED GASKETS.,number 2 and number 3 rocker gaskets leaking. replaced gaskets.,False
100510,#3 & 4 SIDE BAFFLE PLUGS HAVE BROKEN PRONGS. REPLACED PLUGS.,number 3 and number 4 side baffle plugs have broken prongs. replaced plugs.,False
100512,"R/H ENG, 1, 2, 4 INTAKE GASKETS ARE LEAKING. REPLACED ALL 3 GASKETS.","right-hand engine, 1, 2 and 4 intake gaskets are leaking. replaced all 3 gaskets.",False
100513,BAFFLE SPARK PLUG CAPS ARE WORN OUT. INSTALLED NEW BAFFLE CAPS.,baffle spark plug caps are worn out. installed new baffle caps.,False
100514,"#2 & 4 INTAKE GASKETS ARE LEAKING, CAUSING CHT & EGT VARIATI. REPLACED #2 & 4 INTAKE TUBES, FLANGES & GASKETS.","number 2 and number 4 intake gaskets are leaking, causing cht and egt variations. replaced number 2 and number 4 intake tubes, flanges and gaskets.",False
100516,INTAKES 2 & 4 LEAKING. REMOVED & REPLACED INTAKE GASKETS.,intakes 2 and 4 leaking. removed and replaced intake gaskets.,False
100519,CYL #4 ROCKER COVER GASKET LEAKING. REMOVED & REPLACED ROCKER COVER GASKET.,cylinder number 4 rocker cover gasket leaking. removed and replaced rocker cover gasket.,False
100520,"INTAKE PIPE GASKET LEAKING, CYL #2, 3 & 4. REMOVED & REPLACED INTAKE GASKETS.","intake pipe gasket leaking, cylinder numbers 2, 3 and 4. removed and replaced intake gaskets.",False
100522,"R/H SIDE OF ENG, AFT BAFFLE CRACKED PAST STOP DRILLED HOLES. FABRICATED PATCH FROM LIKE MATERIAL.","right-hand side of engine, aft baffle cracked past stop drilled holes. fabricated patch from like material.",False
100523,"STARTED A/C NORMALLY, BATTERY STILL SHOWING DISCHARGE. INCRE. STARTED ENGINE & PERFORMED RUN UP, ALL INDICATIONS NORM","started aircraft normally, battery still showing discharge. started engine and performed run up, all indications normal",False
100524,#3 CYLINDER OIL RETURN LINE LEAKING ON RUBBER HOSE SECTION. TIGHTENED CLAMPS ON RUBBER HOSE SECTION.,number 3 cylinder oil return line leaking on rubber hose section. tightened clamps on rubber hose section.,False
100526,"#1, 2, 3 COWL SHOCK MOUNTS TORN. REMOVED & REPLACED COWL SHOCK MOUNTS.","numbers 1, 2 and 3 cowl shock mounts torn. removed and replaced cowl shock mounts.",False
100528,ROCKER BOX COVER SCREWS LOOSE. RETORQUED SCREWS.,rocker box cover screws loose. retorqued screws.,False
100529,ROCKER BOX COVER SCREWS LOOSE. RETORQUED SCREWS.,rocker box cover screws loose. retorqued screws.,False
100530,INDUCTION TUBE HOSE CLAMPS LOOSE (ALL CYL). TIGHTENED HOSE CLAMPS.,"induction tube hose clamps loose, all cylinders. tightened hose clamps.",False
100531,#1 CYL BAFFLE CRACKED. FABRICATED PATCH FROM .032 OF LIKE MATERIAL AS BAFFLE.,number 1 cylinder baffle cracked. fabricated patch from 32 thousands of like material as baffle.,False
100532,SCROLL TO PC FLITTER TUBE HAS EXCESSIVE FRETTING UNDER FLOAT. ORDERED LINE.,scroll to pc flitter tube has excessive fretting under float. ordered line.,False
100533,SCROLL TO PC FLITTER TUBE HAS EXCESSIVE FRETTING UNDER FLOAT. REMOVED & REPLACED LINE.,scroll to pc flitter tube has excessive fretting under float. removed and replaced line.,False
100534,4TH STAGE NOZZLE HAS SEVERAL CRACKS IN IT. PREPPED ENGINE FOR INSTALLATION & REINSTALLED IN A/C.,fourth stage nozzle has several cracks in it. prepped engine for installation and reinstalled in aircraft.,False
100535,4TH STAGE NOZZLE HAS SEVERAL CRACKS IN IT. REMOVED ENGINE FROM AIRFRAME. DISASSEMBLED ENGINE IAW R,fourth stage nozzle has several cracks in it. removed engine from airframe. disassembled engine,False
100537,4TH STAGE NOZZLE HAS SEVERAL CRACKS IN IT. CONNECTED ENGINE IAW ROLLS ROYCE MAINT MANUAL. PERFORME,fourth stage nozzle has several cracks in it. connected engine in accordance with rolls royce maintenance manual.,False
100538,#3 INTAKE IS LEAKING. REMOVED & REPLACED INTAKE GASKET.,number 3 intake is leaking. removed and replaced intake gasket.,False
100541,ALL ROCKER COVER SCREWS ARE LOOSE. TIGHTENED SCREWS.,all rocker cover screws are loose. tightened screws.,False
100542,#2 INTAKE GASKET LEAKING. REMOVED & REPLACED INTAKE GASKET.,number 2 intake gasket leaking. removed and replaced intake gasket.,False
100544,"#2 CYL ""MISSING"" ON RUN UP (RUNS ROUGH). PERFORMED COMPRESSION CK ON #2 CYL - 78/80 & REMOVED RO","number 2 cylinder ""missing"" on run up, runs rough. performed compression check on number 2 cylinder, 78 out of 80",False
100545,"#2 CYL ""MISSING"" ON RUN UP (RUNS ROUGH). INSPECTED & FOUND #2 EXHAUST VALVE TIGHT. PERFORMED CLE","number 2 cylinder ""missing"" on run up, runs rough. inspected and found number 2 exhaust valve tight.",False
100546,"#2 CYL ""MISSING"" ON RUN UP (RUNS ROUGH). RAN, OPS OK. NO ROUGHNESS. EGT - CHT - STATIC RPM - IDL","number 2 cylinder ""missing"" on run up, runs rough. ran, operations ok. no roughness. egt, cht, static rpm, idle ok",False
100547,#2 INTAKE GASKET LEAKS. REPLACED GASKET.,number 2 intake gasket leaks. replaced gasket.,False
100548,BAFFLE PLUG MISSING ON ENGINE. REPLACED PLUG.,baffle plug missing on engine. replaced plug.,False
100549,#3 INTAKE LEAKING ON R/H ENGINE. REMOVED & REPLACED INTAKE GASKET W/ NEW.,number 3 intake leaking on right-hand engine. removed and replaced intake gasket with new.,False
100551,#1 & 3 ROCKER COVERS LEAKING ON R/H ENGINE. REMOVED & REPLACED #1 & 3 GASKETS W/ NEW.,number 1 and number 3 rocker covers leaking on right-hand engine. removed and replaced number 1 and number 3 gaskets with new.,False
100552,#2 INDUCTION TUBE GASKET LEAKING. REMOVED & REPLACED INTAKE GASKET.,number 2 induction tube gasket leaking. removed and replaced intake gasket.,False
100556,#3 CYLINDER HAS NO COMPRESSION. COMPLETED INSTALL OF CYLINDER. DRY TAPPET CLEARANCE CK',number 3 cylinder has no compression. completed install of cylinder. dry tappet clearance checked,False
100558,INTAKES #3 & 4 LEAKING ON R/H ENGINE. REMOVED & REPLACED INTAKE GASKETS W/ NEW.,intakes number 3 and number 4 leaking on right-hand engine. removed and replaced intake gaskets with new.,False
100559,"INTAKES #1, 2, 3 & 4 LEAKING ON L/H ENGINE. REMOVED & REPLACED INTAKE TUBE GASKETS.","intakes numbers 1, 2, 3 and 4 leaking on left-hand engine. removed and replaced intake tube gaskets.",False
100566,CYL #1 OIL RETURN LINE CHAFING. REMOVED & REPLACED OIL DRAIN LINE.,cylinder number 1 oil return line chafing. removed and replaced oil drain line.,False
100568,ENGINE BAFFLE PLUG TABS BROKEN. INSTALLED NEW ENGINE BAFFLE PLUGS.,engine baffle plug tabs broken. installed new engine baffle plugs.,False
100573,"ALL ROCKER COVERS, BOTH ENG, SCREWS ARE LOOSE. TIGHTENED ALL COVER SCREWS.","all rocker covers, both engines, screws are loose. tightened all cover screws.",False
100575,#2 & 4 ROCKER COVERS LEAKING. REMOVED & REPLACED ROCKER COVER GASKETS.,number 2 and number 4 rocker covers leaking. removed and replaced rocker cover gaskets.,False
100576,L/H REAR ENGINE BAFFLE CRACKED. STOP DRILLED CRACK.,left-hand rear engine baffle cracked. stop drilled crack.,False
100577,"#2, 3, 4 CYLINDER ROCKER COVER GASKETS LEAKING. REMOVED & REPLACED ROCKER COVER GASKETS. CLEANED LEAKS.","numbers 2, 3 and 4 cylinder rocker cover gaskets leaking. removed and replaced rocker cover gaskets. cleaned leaks.",False
100578,#4 CYL ROCKER DRAIN LINE CLAMP LOOSE & LEAKS NOTED. SECURED DRAIN CLAMP & TIGHTENING. CLEANED LEAKS IN AREA,number 4 cylinder rocker drain line clamp loose and leaks noted. secured drain clamp and tightening. cleaned leaks in area,False
100579,BAFFLE BOLT SAFETIES ARE LOOSE ON #1 & 3 CYL. TIGHTENED SCREWS & RESAFETIED.,baffle bolt safeties are loose on number 1 and number 3 cylinder. tightened screws and resafetied.,False
100580,#1 & 3 INTAKE GASKETS LEAKING. REMOVED & REPLACED INTAKE GASKETS.,number 1 and number 3 intake gaskets leaking. removed and replaced intake gaskets.,False
100583,#4 INTAKE GASKET LEAKING. REMOVED & REPLACED INTAKE GASKET W/ NEW.,number 4 intake gasket leaking. removed and replaced intake gasket with new.,False
100586,ALL ROCKER COVERS HAVE LOOSE SCREWS. TIGHTENED ALL SCREWS.,all rocker covers have loose screws. tightened all screws.,False
100587,#4 CYLINDER INTAKE TUBE GASKET LEAKING. REMOVED & REPLACED INTAKE GASKET.,number 4 cylinder intake tube gasket leaking. removed and replaced intake gasket.,False
100588,R/H ENGINE #1 INTAKE IS LEAKING. REMOVED & REPLACED GASKETS.,right-hand engine number 1 intake is leaking. removed and replaced gaskets.,False
100589,"ON L/H ENGINE #2, 3 & 4 INTAKES ARE LEAKING. REMOVED & REPLACED GASKETS.","on left-hand engine numbers 2, 3 and 4 intakes are leaking. removed and replaced gaskets.",False
100590,#2 INTAKE LEAKING. REMOVED & REPLACED #2 INTAKE GASKET.,number 2 intake leaking. removed and replaced number 2 intake gasket.,False
100592,ALL ROCKER COVER SCREWS LOOSE. TIGHTENED ALL SCREWS.,all rocker cover screws loose. tightened all screws.,False
100593,"AT 5500 FT, OAT +7, EXECUTED ENG FAILURE IN FLIGHT & ENGINE. REMOVED & REPLACED #2 INTAKE GASKET, CK'ED PROP ACCUMUL","at 5500 feet, oat plus 7, executed engine failure in flight and engine. removed and replaced number 2 intake gasket, checked propeller accumulator",False
100594,"AT 5500 FT, OAT +7, EXECUTED ENG FAILURE IN FLIGHT & ENGINE. STARTED & WARMED R/H ENGINE, OPS CK'ED IDLE RPM, MAG CK","at 5500 feet, oat plus 7, executed engine failure in flight and engine. started and warmed right-hand engine, operations checked idle rpm, magneto check",False
100596,#2 INTAKE GASKET LEAKING. REMOVED & REPLACED #2 INTAKE GASKET.,number 2 intake gasket leaking. removed and replaced number 2 intake gasket.,False
100598,"#2 INTAKE LUBE GASKET LEAKING. REMOVED & REPLACED INTAKE GASKET, CLEANED AREA OF LEAKS","number 2 intake lube gasket leaking. removed and replaced intake gasket, cleaned area of leaks",False
100599,#3 ROCKER COVER GASKET LEAKING. REMOVED & REPLACED #3 ROCKER COVER GASKET.,number 3 rocker cover gasket leaking. removed and replaced number 3 rocker cover gasket.,False
100600,#4 INTAKE GASKET LEAKING. REPLACED GASKET.,number 4 intake gasket leaking. replaced gasket.,False
100602,#4 ROCKER COVER GASKET LEAKING. REPLACED GASKET.,number 4 rocker cover gasket leaking. replaced gasket.,False
100604,#1 INTAKE LEAKING. REMOVED & REPLACED #1 INTAKE GASKET.,number 1 intake leaking. removed and replaced number 1 intake gasket.,False
100605,L/H #3 INTAKE GASKET LEAKING. REMOVED & REPLACED GASKET. LEAK CHECK GOOD.,left-hand number 3 intake gasket leaking. removed and replaced gasket. leak check good.,False
100609,CYL #2 ROCKER COVER IS LEAKING. REPLACED GASKET.,cylinder number 2 rocker cover is leaking. replaced gasket.,False
100610,#2 & 3 INTAKES LEAKING. REMOVED & REPLACED #2 & 3 INTAKE GASKETS.,number 2 and number 3 intakes leaking. removed and replaced number 2 and number 3 intake gaskets.,False
100611,#4 & 1 ROCKER COVERS LEAKING. REMOVED & REPLACED ROCKER COVER GASKETS.,number 4 and number 1 rocker covers leaking. removed and replaced rocker cover gaskets.,False
100612,ROCKER BOX COVER SCREWS LOOSE. TIGHTENED SCREWS.,rocker box cover screws loose. tightened screws.,False
100614,CRACK IN RIGHT FRONT BAFFLE. STOP DRILLED CRACK.,crack in right front baffle. stop drilled crack.,False
100616,#1 & 3 ROCKER COVERS LEAKING. REMOVED & REPLACED GASKETS.,number 1 and number 3 rocker covers leaking. removed and replaced gaskets.,False
100619,"ROCKER COVERS #1, 2 & 3 LEAKING. REMOVED & REPLACED ROCKER COVER GASKETS.","rocker covers numbers 1, 2 and 3 leaking. removed and replaced rocker cover gaskets.",False
100620,INDUCTION TUBE HOSE CLAMPS LOOSE (ALL CYLS). TIGHTENED HOSE CLAMPS.,"induction tube hose clamps loose, all cylinders. tightened hose clamps.",False
100621,R/H REAR ENGINE BAFFLE MOUNTING BRACKET RIVETS BROKEN. REMOVED & REPLACED BROKEN BAFFLE MOUNTING BRACKET RIVET,right-hand rear engine baffle mounting bracket rivets broken. removed and replaced broken baffle mounting bracket rivet,False
100622,#3 INTAKE LEAKING. REMOVED & REPLACED #3 INTAKE GASKET.,number 3 intake leaking. removed and replaced number 3 intake gasket.,False
100624,#4 INDUCTION TUBE GASKET LEAKING. REMOVED & REPLACED GASKET.,number 4 induction tube gasket leaking. removed and replaced gasket.,False
100625,#2 INTAKE GASKET LEAKING. REMOVED & REPLACED GASKET W/ NEW.,number 2 intake gasket leaking. removed and replaced gasket with new.,False
100627,#1 ROCKER GASKET LEAKING. REPLACED GASKET.,number 1 rocker gasket leaking. replaced gasket.,False
100628,#2 & 4 BAFFLE PLUGS HAVE SEVERAL BROKEN PRONGS. REPLACED BUTTON PLUGS.,number 2 and number 4 baffle plugs have several broken prongs. replaced button plugs.,False
100630,"ROCKER COVER GASKET, CYL #2, LEAKING. REMOVED & REPLACED GASKET. CLEANED LEAKS IN AREA.","rocker cover gasket, cylinder number 2, leaking. removed and replaced gasket. cleaned leaks in area.",False
100631,#2 INTAKE LEAKING ON LEFT ENGINE. REMOVED & REPLACED #2 INTAKE GASKET ON L/H ENGINE.,number 2 intake leaking on left engine. removed and replaced number 2 intake gasket on left-hand engine.,False
100632,"ENGINE BAFFLE CRACKED AT TOP REAR CENTER BRACKET, AT ENGINE. FABRICATED PATCH FROM LIKE MATERIAL & RIVETED IAW","engine baffle cracked at top rear center bracket, at engine. fabricated patch from like material and riveted in accordance with reference manual",False
100634,#3 & 4 ROCKER GASKETS ARE LEAKING. REMOVED & REPLACED #3 & 4 ROCKER COVER GASKETS.,number 3 and number 4 rocker gaskets are leaking. removed and replaced number 3 and number 4 rocker cover gaskets.,False
100636,R/H ENGINE #3 INDUCTION TUBE GASKET LEAKING. REMOVED & REPLACED INTAKE GASKET W/ NEW.,right-hand engine number 3 induction tube gasket leaking. removed and replaced intake gasket with new.,False
100637,"L/H ENG, ALT COOLING HOSE CHAFING AGAINST ALT ""BAT"" CABLE. REPOSITIONED ALTERNATOR COOLING HOSE.","left-hand engine, alternator cooling hose chafing against alternator ""bat"" cable. repositioned alternator cooling hose.",False
100639,"REAR R/H BAFFLE RIVETS MISSING. REMOVED BAFFLE, REPLACED RIVETS, REINSTALLED BAFFLE.","rear right-hand baffle rivets missing. removed baffle, replaced rivets, reinstalled baffle.",False
100640,"R/H ENG, L/H REAR BAFFLE CRACKED. PREVIOUSLY REPAIRED BY STOP DRILLING CRACK.","right-hand engine, left-hand rear baffle cracked. previously repaired by stop drilling crack.",False
100641,R/H ENG #2 & 4 INDUCTION TUBE GASKETS LEAKING. REMOVED & REPLACED #2 & 4 INTAKE GASKETS.,right-hand engine number 2 and number 4 induction tube gaskets leaking. removed and replaced number 2 and number 4 intake gaskets.,False
100642,"L/H ENG #2, 3 & 4 INDUCTION TUBE GASKETS LEAKING. REMOVED & REPLACED INTAKE GASKETS #2, 3 & 4.","left-hand engine numbers 2, 3 and 4 induction tube gaskets leaking. removed and replaced intake gaskets numbers 2, 3 and 4.",False
100643,"L/H ENG, ALL ROCKER BOX COVER GASKETS LEAKING. REMOVED & REPLACED #1, 2, 3 & 4 ROCKER COVER GASKETS.","left-hand engine, all rocker box cover gaskets leaking. removed and replaced numbers 1, 2, 3 and 4 rocker cover gaskets.",False
100644,"ENG BAFFLING CRACKED, R/H SIDE, ABOVE #1 CYLINDER. CLEANED UP EDGES & INSTALLED.","engine baffling cracked, right-hand side, above number 1 cylinder. cleaned up edges and installed.",False
100648,#2 & 4 INTAKE GASKETS LEAKING. REMOVED & REPLACED GASKETS.,number 2 and number 4 intake gaskets leaking. removed and replaced gaskets.,False
100649,#2 & 4 ROCKER GASKETS ARE LEAKING. REMOVED & REPLACED #2 & 4 GASKETS.,number 2 and number 4 rocker gaskets are leaking. removed and replaced number 2 and number 4 gaskets.,False
100651,"INTAKES 2, 3 & 4 LEAKING ON R/H ENGINE. REMOVED & REPLACED GASKETS.","intakes 2, 3 and 4 leaking on right-hand engine. removed and replaced gaskets.",False
100652,"INTAKES 2, 3 & 4 LEAKING ON L/H ENGINE. REMOVED & REPLACED INTAKE GASKETS.","intakes 2, 3 and 4 leaking on left-hand engine. removed and replaced intake gaskets.",False
100653,ROCKER COVER 1 & 4 LEAKING ON L/H ENGINE. REMOVED & REPLACED ROCKER COVER GASKETS.,rocker cover 1 and 4 leaking on left-hand engine. removed and replaced rocker cover gaskets.,False
100655,#2 INTAKE LEAKING. REMOVED & REPLACED #2 INTAKE GASKET.,number 2 intake leaking. removed and replaced number 2 intake gasket.,False
100656,#2 & 4 ROCKER COVERS ARE LEAKING. REMOVED & REPLACED ROCKER COVER GASKETS.,number 2 and number 4 rocker covers are leaking. removed and replaced rocker cover gaskets.,False
100660,#3 ROCKER COVER LEAKING. REMOVED & REPLACED ROCKER COVER.,number 3 rocker cover leaking. removed and replaced rocker cover.,False
100663,R/H BACK BAFFLE SCREW IS MISSING. INSTALLED NEW SCREW.,right-hand back baffle screw is missing. installed new screw.,False
100664,#2 INTAKE GASKET LEAKING. REMOVED & REPLACED #2 INTAKE GASKET.,number 2 intake gasket leaking. removed and replaced number 2 intake gasket.,False
100665,#1 & 3 ROCKER COVER GASKETS LEAKING. REMOVED & REPLACED #1 & 3 ROCKER COVER GASKETS.,number 1 and number 3 rocker cover gaskets leaking. removed and replaced number 1 and number 3 rocker cover gaskets.,False
100667,#3 & 4 ROCKER COVER GASKETS ARE BROKEN. REMOVED & REPLACED #3 & 4 ROCKER COVER GASKETS.,number 3 and number 4 rocker cover gaskets are broken. removed and replaced number 3 and number 4 rocker cover gaskets.,False
100670,PILOT COULDN'T REMOVE DIPSTICK. REMOVED DIPSTICK FOR PILOT.,pilot couldn't remove dipstick. removed dipstick for pilot.,False
100673,#2 & 4 INTAKE GASKETS LEAKING. REMOVED & REPLACED GASKETS.,number 2 and number 4 intake gaskets leaking. removed and replaced gaskets.,False
100674,#1 & 3 INTAKE GASKETS LEAKING. REMOVED & REPLACED #1 & 3 INTAKE GASKETS W/ NEW.,number 1 and number 3 intake gaskets leaking. removed and replaced number 1 and number 3 intake gaskets with new.,False
100675,INTAKES 2 & 4 LEAKING ON R/H ENGINE. REMOVED & REPLACED INTAKE GASKETS.,intakes 2 and 4 leaking on right-hand engine. removed and replaced intake gaskets.,False
100676,"INTAKES 2, 3 & 4 LEAKING ON L/H ENGINE. REMOVED & REPLACED INTAKE GASKETS.","intakes 2, 3 and 4 leaking on left-hand engine. removed and replaced intake gaskets.",False
100677,ROCKER COVERS 3 & 4 LEAKING ON L/H ENGINE. REMOVED & REPLACED ROCKER COVER GASKETS.,rocker covers 3 and 4 leaking on left-hand engine. removed and replaced rocker cover gaskets.,False
100678,"ROCKER COVERS 1, 2 & 3 LEAKING ON R/H ENGINE. REMOVED & REPLACED ROCKER COVER GASKETS.","rocker covers 1, 2 and 3 leaking on right-hand engine. removed and replaced rocker cover gaskets.",False
100679,R/H ENG #3 & 2 INTAKES LEAK. REMOVED & REPLACED GASKETS.,right-hand engine number 3 and number 2 intakes leak. removed and replaced gaskets.,False
100680,#3 INTAKE IS LEAKING ON L/H ENGINE. REMOVED & REPLACED GASKET.,number 3 intake is leaking on left-hand engine. removed and replaced gasket.,False
100681,#4 ROCKER COVER GASKET LEAKING. REMOVED & REPLACED ROCKER COVER GASKET.,number 4 rocker cover gasket leaking. removed and replaced rocker cover gasket.,False
100682,ROCKER BOX COVER SCREWS LOOSE. TIGHTENED SCREWS.,rocker box cover screws loose. tightened screws.,False
100683,#2 ROCKER BOX COVER GASKET LEAKS. REMOVED & REPLACED #2 COVER GASKET.,number 2 rocker box cover gasket leaks. removed and replaced number 2 cover gasket.,False
100684,"#1 & 3 CYLINDER LOWER BAFFLE IS CRACKED. REMOVED #1 CYL INTAKE TUBE, REMOVED & REPLACED BAFFLE.","number 1 and number 3 cylinder lower baffle is cracked. removed number 1 cylinder intake tube, removed and replaced baffle.",False
100685,"#1 INTAKE TUBE WAS CANNED. INSTALLED NEW INTAKE TUBE, O-RING & GASKET.","number 1 intake tube was canned. installed new intake tube, o-ring and gasket.",False
100686,L/H #2 INTAKE GASKET LEAKING. REMOVED & REPLACED #2 INTAKE GASKET W/ NEW.,left-hand number 2 intake gasket leaking. removed and replaced number 2 intake gasket with new.,False
100687,R/H ENG #2 & 3 INTAKES LEAKING. REMOVED & REPLACED INTAKE GASKETS W/ NEW.,right-hand engine number 2 and number 3 intakes leaking. removed and replaced intake gaskets with new.,False
100689,R/H ENG #2 CYL ROCKER COVER GASKET IS SPLIT. REPLACED GASKET.,right-hand engine number 2 cylinder rocker cover gasket is split. replaced gasket.,False
100690,R/H ENG #4 INDUCATION TUBE GASKET LEAKING. REPLACED #4 R/H INTAKE TUBE GASKET.,right-hand engine number 4 induction tube gasket leaking. replaced number 4 right-hand intake tube gasket.,False
100692,#2 INTAKE IS LEAKING. REMOVED & REPLACED INTAKE GASKET.,number 2 intake is leaking. removed and replaced intake gasket.,False
100693,#1 INTAKE LEAKING. REPLACED GASKET.,number 1 intake leaking. replaced gasket.,False
100694,"#2 EXHAUST DRY LIFTER CLEARANCE IS TOO TIGHT. REMOVED, INSPECTED & DETERMINED TO BE SERVICEABLE PUSH","number 2 exhaust dry lifter clearance is too tight. removed, inspected and determined to be serviceable push",False
100697,ENG RUNS ROUGH ON START. MX HAND SPUN PROP & REPORTED 1 CYL. REMOVED & REPLACED #3 CYLINDER IAW LYCOMING O/H MANUAL.,engine runs rough on start. maintenance hand spun propeller and reported 1 cylinder. removed and replaced number 3 cylinder in accordance with lycoming overhaul manual.,False
100699,BAFFLE SEAL LOOSE ON LEFT SIDE OF ENGINE. SECURED BAFFLE SEAL.,baffle seal loose on left side of engine. secured baffle seal.,False
100701,CYL #2 INTAKE GASKET LEAKING. REMOVED & REPLACED INTAKE GASKET.,cylinder number 2 intake gasket leaking. removed and replaced intake gasket.,False
100703,BAFFLE SEALS NEED TO BE RESECURED ON BOTH ENGINES. RESECURED BAFFLE SEALS.,baffle seals need to be resecured on both engines. resecured baffle seals.,False
100704,"INTAKES 2, 3 & 4 LEAKING ON R/H ENGINE. REMOVED & REPLACED INTAKE GASKETS. CLEANED AREA OF LEAK","intakes 2, 3 and 4 leaking on right-hand engine. removed and replaced intake gaskets. cleaned area of leak",False
100705,#2 INTAKE IS LEAKING. REMOVED & REPLACED GASKET.,number 2 intake is leaking. removed and replaced gasket.,False
100706,#2 ROCKER COVER IS LEAKING. REMOVED & REPLACED GASKET.,number 2 rocker cover is leaking. removed and replaced gasket.,False
100707,#2 INTAKE LEAKING. REMOVED & REPLACED #2 INTAKE GASKET.,number 2 intake leaking. removed and replaced number 2 intake gasket.,False
100708,R/H SIDE COWL SEAL IS LOOSE. SECURED SEAL.,right-hand side cowl seal is loose. secured seal.,False
100709,HARDWARE MISSING ON R/H AFT BAFFLE. INSTALLED NEW HARDWARE IN AFT R/H BAFFLE.,hardware missing on right-hand aft baffle. installed new hardware in aft right-hand baffle.,False
100711,ENGINE BAFFLE PLUGS BAD. INSTALLED NEW BAFFLE PLUGS.,engine baffle plugs bad. installed new baffle plugs.,False
100712,#2 ROCKER BOX COVER GASKET LEAKING. INSTALLED NEW #2 ROCKER BOX COVER GASKET.,number 2 rocker box cover gasket leaking. installed new number 2 rocker box cover gasket.,False
100714,R/H ENG CYL #2 INTAKE IS LEAKING. REPLACED R/H CYL #2 INTAKE GASKET.,right-hand engine cylinder number 2 intake is leaking. replaced right-hand cylinder number 2 intake gasket.,False
100715,"CYL #2 INTAKE IS LEAKING, L/H ENG. REPLACED CYL #2 L/H INTAKE TUBE GASKET.","cylinder number 2 intake is leaking, left-hand engine. replaced cylinder number 2 left-hand intake tube gasket.",False
100716,R/H ENG CORNER BRACKET BY PROP CABLE IS CRACKED. REMOVED & REPLACED BRACKET.,right-hand engine corner bracket by propeller cable is cracked. removed and replaced bracket.,False
100717,"R/H ENG CYL #2, 3 ROCKER COVERS ARE LEAKING. REMOVED & REPLACED ROCKER COVER GASKETS.",right-hand engine cylinder number 2 and number 3 rocker covers are leaking. removed and replaced rocker cover gaskets.,False
100718,"RAN ENGINE START CKLIST 3 TIMES, TRIED COLD START CKLIST 2 T. STARTED ENGINE USING NORMAL PROCEDURES, OPS CHECK GOOD.","ran engine start checklist 3 times, tried cold start checklist 2 times. started engine using normal procedures, operations check good.",False
100719,CYL #4 INTAKE IS LEAKING. REMOVED & REPLACED INTAKE GASKET.,cylinder number 4 intake is leaking. removed and replaced intake gasket.,False
100720,CYL #1/3 BAFFLE SPRING BROKEN. REPLACED #1/3 BAFFLE SPRING.,cylinder number 1 and number 3 baffle spring broken. replaced number 1 and number 3 baffle spring.,False
100721,"REAR R/H BAFFLE BRACKET RIVETS SHEARED. REMOVED BAFFLE, REPLACED RIVETS, REINSTALLED BAFFLE.","rear right-hand baffle bracket rivets sheared. removed baffle, replaced rivets, reinstalled baffle.",False
100723,"BACK R/H BAFFLE BACK BRACKET RIVET HEAD IS SHEARED OFF. REMOVED R/H BACK BAFFLE, INSTALLED BRACKET W/ SCREWS. I","back right-hand baffle back bracket rivet head is sheared off. removed right-hand back baffle, installed bracket with screws.",False
100724,"SCREW MISSING, AFT BAFFLE BRACKET. INSTALLED SCREW.","screw missing, aft baffle bracket. installed screw.",False
100725,SCREW MISSING ON BAFFLE ABOVE #3 CYL. INSTALLED SCREW.,screw missing on baffle above number 3 cylinder. installed screw.,False
100726,"BAFFLE CRACKED ABOVE #1 CYL. REMOVED BAFFLE, STOP DRILLED CRACK. FABRICATED PATCH, P","baffle cracked above number 1 cylinder. removed baffle, stop drilled crack. fabricated patch",False
100727,REAR BAFFLE PLUGS WORN OUT. REPLACED BOTH PLUGS W/ NEW.,rear baffle plugs worn out. replaced both plugs with new.,False
100728,STAND OFF NEEDED FOR FUEL LINE ON TOP OF ENG. CLAMPED STAND OFF @ PUSH ROD TUBE.,standoff needed for fuel line on top of engine. clamped standoff at push rod tube.,False
100729,"R/H BAFFLE MISSING RIVET ON AFT SUPPORT BRACKET. REMOVED BAFFLE, REPAIRED BRACKET & STRIPPED OIL COOLER","right-hand baffle missing rivet on aft support bracket. removed baffle, repaired bracket and stripped oil cooler",False
100730,R/H ENG #4 INTAKE GASKET LEAKING. REPLACED R/H #4 INTAKE GASKET.,right-hand engine number 4 intake gasket leaking. replaced right-hand number 4 intake gasket.,False
100731,R/H ENG #3 INDUCTION TUBE GASKET LEAKING. REPLACED R/H #3 INTAKE GASKET.,right-hand engine number 3 induction tube gasket leaking. replaced right-hand number 3 intake gasket.,False
100732,"L/H ENG #3 INDUCTION TUBE GASKET LEAKING. REPLACED INTAKE TUBE GASKET, L/H #3.","left-hand engine number 3 induction tube gasket leaking. replaced intake tube gasket, left-hand number 3.",False
100733,"R/H ENG, L/H FWD BAFFLE & L/H AFT BAFFLE MISSING SCREWS. REPLACED R/H ENG, L/H FWD & L/H AFT BAFFLE SCREWS.","right-hand engine, left-hand forward baffle and left-hand aft baffle missing screws. replaced right-hand engine, left-hand forward and left-hand aft baffle screws.",False
100734,CYL #1 INTAKE LEAKS. REMOVED & REPLACED CYL #1 INTAKE GASKET.,cylinder number 1 intake leaks. removed and replaced cylinder number 1 intake gasket.,False
100735,"L/H BAFFLE, SPARK PLUG ACCESS PLUG WORN TABS. REMOVED & REPLACED BROKEN BAFFLE PLUG.","left-hand baffle, spark plug access plug worn tabs. removed and replaced broken baffle plug.",False
100736,CYL #2 INTAKE IS LEAKING. REPLACED INTAKE GASKET.,cylinder number 2 intake is leaking. replaced intake gasket.,False
100737,#3 & 4 ROCKER GASKETS ARE LEAKING. REPLACED GASKETS.,number 3 and number 4 rocker gaskets are leaking. replaced gaskets.,False
100738,"A/C WON'T START. ATTEMPTED TO START A/C FOR PILOT. BATTERY WAS DEAD,","aircraft won't start. attempted to start aircraft for pilot. battery was dead,",False
100742,INTAKE 3 & 4 LEAKING ON R/H ENGINE. REPLACED #3 & 4 R/H INTAKE GASKETS.,intake 3 and 4 leaking on right-hand engine. replaced number 3 and number 4 right-hand intake gaskets.,False
100743,INTAKES 3 & 4 LEAKING ON L/H ENGINE. REPLACED L/H ENGINE #3 & 4 INTAKE GASKETS.,intakes 3 and 4 leaking on left-hand engine. replaced left-hand engine number 3 and number 4 intake gaskets.,False
100744,R/H SIDE ENGINE BAFFLE HARDWARE MISSING. INSTALLED NEW HARDWARE ON R/H BAFFLE.,right-hand side engine baffle hardware missing. installed new hardware on right-hand baffle.,False
100746,"R/H BACK BAFFLE BRACKET IS MISSING A RIVET & BAFFLE IS CRACK. FABRICATED PATCH, INSTALLED & RIVETED IAW  SRM 51","right-hand back baffle bracket is missing a rivet and baffle is cracked. fabricated patch, installed and riveted in accordance with standard reference manual 51",False
100747,#4 CYLINDER INTAKE GASKET LEAKING. REPLACED CYL #4 INTAKE GASKET.,number 4 cylinder intake gasket leaking. replaced cylinder number 4 intake gasket.,False
100750,L/H #2 SIDE BAFFLE SEAL TORN. REMOVED & REPLACED SEAL.,left-hand number 2 side baffle seal torn. removed and replaced seal.,False
100753,L/H ROCKER GASKETS ARE LEAKING. REPLACED ALL ROCKER GASKETS ON L/H ENGINE.,left-hand rocker gaskets are leaking. replaced all rocker gaskets on left-hand engine.,False
100754,L/H #1 INTAKE I/B PUSH ROD TUBE SEAL IS LEAKING. REPLACED PUSH ROD SEALS ON #1 INTAKE TUBE.,left-hand number 1 intake inboard push rod tube seal is leaking. replaced push rod seals on number 1 intake tube.,False
100755,ROCKER BOX COVER SCREW LOOSE ON ALL CYLS. TIGHTENED ROCKER BOX COVER SCREWS.,rocker box cover screw loose on all cylinders. tightened rocker box cover screws.,False
100756,"#2, 3 & 4 INDUCTION TUBE GASKETS LEAKING. INSTALLED NEW INDUCTION TUBE GASKETS.","numbers 2, 3 and 4 induction tube gaskets leaking. installed new induction tube gaskets.",False
100758,#4 INDUCTION TUBE GASKET LEAKING. REPLACED GASKET.,number 4 induction tube gasket leaking. replaced gasket.,False
100759,ENGINE BAFFLES NEED NEW BUTTON PLUGS. REPLACED BUTTON PLUGS.,engine baffles need new button plugs. replaced button plugs.,False
100761,CYL #3 INTAKE IS LEAKING ON L/H ENG. REMOVED & REPLACED INTAKE GASKET W/ NEW.,cylinder number 3 intake is leaking on left-hand engine. removed and replaced intake gasket with new.,False
100762,"CLIMB OUT 1 OR BOTH ENGINES RAN VERY ROUGH, TRIED LEANING &. INSPECTED L/H & R/H ENGINES, NO DEFECTS NOTED. RAN ENGI","climb out 1 or both engines ran very rough, tried leaning. inspected left-hand and right-hand engines, no defects noted. ran engine",False
100767,OIL COOLER NEEDS TO BE REPLACED. REMOVED & REPLACED OIL COOLER,oil cooler needs to be replaced. removed and replaced oil cooler,False
100769,CYL #2 & 4 ROCKER COVER GASKETS LEAKING. TIGHTENED ROCKER COVER SCREWS.,cylinder number 2 and number 4 rocker cover gaskets leaking. tightened rocker cover screws.,False
100770,R/H ENG #3 INDUCTION TUBE GASKET LEAKING. REMOVED & REPLACED INTAKE GASKET.,right-hand engine number 3 induction tube gasket leaking. removed and replaced intake gasket.,False
100771,"#3 INTAKE I/B TO ENGINE THREAD STRIPPED. DRILLED STRIPPED HOLE, TAPPED & INSERTED HELICOIL.","number 3 intake inboard to engine thread stripped. drilled stripped hole, tapped and inserted helicoil.",False
100772,"L/H ENG #3 INDUCTION TUBE GASKET LEAKING. REMOVED & REPLACED GASKET. RAN A/C, LEAK CHECK GOOD.","left-hand engine number 3 induction tube gasket leaking. removed and replaced gasket. ran aircraft, leak check good.",False
100774,#1 CYL INTAKE GASKET IS LEAKING. REPLACED GASKET.,number 1 cylinder intake gasket is leaking. replaced gasket.,False
100776,R/H BAFFLE SPRING BROKEN. REMOVED & REPLACED BAFFLE SPRING W/ NEW.,right-hand baffle spring broken. removed and replaced baffle spring with new.,False
100777,"AFT BAFFLE BRACKET RIVETS PULLING THROUGH. REMOVED BAFFLE FROM A/C, REMOVED & REPLACED LOOSE RIVET","aft baffle bracket rivets pulling through. removed baffle from aircraft, removed and replaced loose rivet",False
100778,ENGINE TOP SPINE IS LEAKING. LEAK CHECK GOOD.,engine top spine is leaking. leak check good.,False
100780,ALL ROCKER COVERS NEED TIGHTENING. TIGHTENED ALL COVERS.,all rocker covers need tightening. tightened all covers.,False
100781,#3 ROCKER COVER GASKET LEAKING. REMOVED & REPLACED GASKET.,number 3 rocker cover gasket leaking. removed and replaced gasket.,False
100782,L/H ENGINE #2 INTAKE LEAKING. REMOVED & REPLACED INTAKE GASKET.,left-hand engine number 2 intake leaking. removed and replaced intake gasket.,False
100783,R/H ENGINE #2 INTAKE LEAKING. REMOVED & REPLACED INTAKE GASKET.,right-hand engine number 2 intake leaking. removed and replaced intake gasket.,False
100784,CYL #1 BAFFLE IS CRACKED. STOP DRILLED CRACK.,cylinder number 1 baffle is cracked. stop drilled crack.,False
100785,"R/H AFT ENGINE BAFFLE CRACKED. REMOVED R/H AFT ENG BAFFLE, STOP DRILLED CRACK, FABRICA","right-hand aft engine baffle cracked. removed right-hand aft engine baffle, stop drilled crack, fabricated",False
100786,OVERBOARD BATTERY & ENGINE OVERBOARD VENT TUBES CHAFED. REMOVED DAMAGED PORTION OF TUBES.,overboard battery and engine overboard vent tubes chafed. removed damaged portion of tubes.,False
100787,ALL ROCKER COVER SCREWS LOOSE. TIGHTENED SCREWS.,all rocker cover screws loose. tightened screws.,False
100788,L/H ENGINE #3 ROCKER SHAFT PLUG WORN. REPLACED PLUGS.,left-hand engine number 3 rocker shaft plug worn. replaced plugs.,False
100789,R/H ENG #3 INTAKE IS LEAKING. REMOVED & REPLACED INTAKE GASKET.,right-hand engine number 3 intake is leaking. removed and replaced intake gasket.,False
100790,L/H ENG #3 ROCKER COVER GASKET LEAKING. REMOVED & REPLACED GASKET.,left-hand engine number 3 rocker cover gasket leaking. removed and replaced gasket.,False
100791,CYL #2 INTAKE IS LEAKING. REMOVED & REPLACED INTAKE GASKET W/ NEW.,cylinder number 2 intake is leaking. removed and replaced intake gasket with new.,False
100794,"CYL #2 INTAKE VALVE PUSH ROD I/B SEAL IS LEAKING. ROTATED PUSH ROD TUBE TO RESEAT SEAL, TORQUED STUD NUT.","cylinder number 2 intake valve push rod inboard seal is leaking. rotated push rod tube to reseat seal, torqued stud nut.",False
100798,#2 ROCKER COVER LEAKING. REMOVED & REPLACED GASKET W/ NEW.,number 2 rocker cover leaking. removed and replaced gasket with new.,False
100799,#2 INTAKE GASKET LEAKING. REMOVED & REPLACED GASKET W/ NEW.,number 2 intake gasket leaking. removed and replaced gasket with new.,False
100800,"#2, 3 & 4 INDUCTION TUBE GASKETS LEAKING. INSTALLED NEW INDICATION TUBE GASKETS.","numbers 2, 3 and 4 induction tube gaskets leaking. installed new indication tube gaskets.",False
100801,CYL #2 & 3 ROCKER COVER GASKETS LEAKING. REPLACED CYL #2 & 3 ROCKER COVER GASKETS.,cylinder number 2 and number 3 rocker cover gaskets leaking. replaced cylinder number 2 and number 3 rocker cover gaskets.,False
100802,L/H REAR ENGINE BAFFLE CRACKED. FABRICATED PATCH OF LIKE MATERIAL & RIVETED IAW,left-hand rear engine baffle cracked. fabricated patch of like material and riveted in accordance with reference manual,False
100804,CYL #4 INTAKE IS LEAKING. REMOVED & REPLACED GASKET.,cylinder number 4 intake is leaking. removed and replaced gasket.,False
100805,CYL #3 INTAKE GASKET LEAKING. REPLACED CYL #3 INTAKE GASKET.,cylinder number 3 intake gasket leaking. replaced cylinder number 3 intake gasket.,False
100806,FRONT ENGINE BAFFLE SCREWS CHAFING MUFFLER SHROUD. INSTALLED PROPER LENGTH SCREWS.,front engine baffle screws chafing muffler shroud. installed proper length screws.,False
100808,CYL #2 INTAKE GASKET LEAKING. REPLACED CYL #2 INTAKE GASKET.,cylinder number 2 intake gasket leaking. replaced cylinder number 2 intake gasket.,False
100809,#3 ROCKER COVER IS LEAKING. REMOVED & REPLACED #3 ROCKER GASKET.,number 3 rocker cover is leaking. removed and replaced number 3 rocker gasket.,False
100810,CYL #4 ROCKER COVER GASKET LEAKING. REMOVED & REPLACED COVER GASKET.,cylinder number 4 rocker cover gasket leaking. removed and replaced cover gasket.,False
100811,"REAR R/H ENGINE BAFFLE MOUNT BRACKET RIVETS SHEARED. DRILLED OUT SHEARED RIVET, INSTALLED NEW, REPAIR DONE I","rear right-hand engine baffle mount bracket rivets sheared. drilled out sheared rivet, installed new, repair done",False
100815,R/H BAFFLE #3 CYLINDER NEEDS BAFFLE SCREW. INSTALLED NEW FASTENER ON BAFFLE.,right-hand baffle number 3 cylinder needs baffle screw. installed new fastener on baffle.,False
100816,#2 CYLINDER INTAKE GASKET LEAKING. REMOVED & REPLACED INTAKE GASKET. CLEANED EXISTING LEAK,number 2 cylinder intake gasket leaking. removed and replaced intake gasket. cleaned existing leak,False
100818,L/H REAR ENGINE BAFFLE CRACKED. STOP DRILLED CRACK.,left-hand rear engine baffle cracked. stop drilled crack.,False
100819,#2 INDUCTION TUBE GASKET LEAKING. INSTALLED NEW #2 INDUCTION TUBE GASKET.,number 2 induction tube gasket leaking. installed new number 2 induction tube gasket.,False
100821,#2 INTAKE IS LEAKING. REMOVED & REPLACED INTAKE GASKET.,number 2 intake is leaking. removed and replaced intake gasket.,False
100822,#1 ROCKER COVER IS LEAKING. REMOVED & REPLACED ROCKER COVER GASKETS.,number 1 rocker cover is leaking. removed and replaced rocker cover gaskets.,False
100825,"FRONT BAFFLE BY INTAKE HEAT, AROUND MUFFLER SHROUD, IS CRACK. REMOVED MUFFLER TO GAIN ACCESS. BEGAN FABRICATING PATCH","front baffle by intake heat, around muffler shroud, is crack. removed muffler to gain access. began fabricating patch",False
100826,CYL #2 ROCKER COVER IS LEAKING. REPLACED ROCKER COVER GASKET.,cylinder number 2 rocker cover is leaking. replaced rocker cover gasket.,False
100827,FWD BAFFLE CENTER SECTION IS WORN THROUGH. REMOVED WORN SECTION OF BAFFLE. FABRICATED NEW SECTION,forward baffle center section is worn through. removed worn section of baffle. fabricated new section,False
100830,"L/H ENGINE #2, 3 ROCKER COVERS ARE LEAKING. REMOVED & REPLACED ROCKER COVER GASKETS.",left-hand engine number 2 and number 3 rocker covers are leaking. removed and replaced rocker cover gaskets.,False
100831,"#3 ROCKER COVER, ROCKER SHAFT PLUGS ARE BROKEN. REMOVED & REPLACED ROCKER SHAFT PLUGS.","number 3 rocker cover, rocker shaft plugs are broken. removed and replaced rocker shaft plugs.",False
100832,CYL #2 INTAKE IS LEAKING. REPLACED INTAKE GASKET.,cylinder number 2 intake is leaking. replaced intake gasket.,False
100833,CYL #2 & 4 ROCKER COVERS ARE LEAKING. REPLACED ROCKER COVER GASKET.,cylinder number 2 and number 4 rocker covers are leaking. replaced rocker cover gasket.,False
100834,#2 INTAKE IS LEAKING. REMOVED & REPLACED GASKET.,number 2 intake is leaking. removed and replaced gasket.,False
100836,#1 & 3 INTAKES ARE LEAKING. REMOVED & REPLACED INTAKE GASKET.,number 1 and number 3 intakes are leaking. removed and replaced intake gasket.,False
100837,R/H BACK BAFFLE IS MISSING A SCREW. INSTALLED NEW BAFFLE SCREW.,right-hand back baffle is missing a screw. installed new baffle screw.,False
100839,CYL #2 INTAKE PUSH ROD TUBE INNER SEAL IS WEEPING. LEAK CK GOOD.,cylinder number 2 intake push rod tube inner seal is weeping. leak check good.,False
100842,R/H SIDE OF BAFFLE IS CRACKED. STOP DRILLED CRACK.,right-hand side of baffle is cracked. stop drilled crack.,False
100844,R/H ENGINE ROCKER COVER SCREWS LOOSE. TIGHTENED SCREWS.,right-hand engine rocker cover screws loose. tightened screws.,False
100845,R/H ENG CYL #3 INTAKE IS LEAKING. REMOVED & REPLACED R/H #3 INTAKE GASKET.,right-hand engine cylinder number 3 intake is leaking. removed and replaced right-hand number 3 intake gasket.,False
100846,"#2, 3 ROCKER COVER GASKETS LEAKING. REMOVED & REPLACED #2, 3 ROCKER COVER GASKETS. REPLACED",number 2 and number 3 rocker cover gaskets leaking. removed and replaced number 2 and number 3 rocker cover gaskets. replaced,False
100847,#2 INTAKE GASKET LEAKING. REMOVED & REPLACED INTAKE GASKET W/ NEW.,number 2 intake gasket leaking. removed and replaced intake gasket with new.,False
100851,L/H BAFFLE O/B TIE ROD IS BROKEN. REMOVED & REPLACED L/H BAFFLE TIE ROD.,left-hand baffle outboard tie rod is broken. removed and replaced left-hand baffle tie rod.,False
100852,"L/H REAR BAFFLE MOUNT IS LOOSE. SECURED HARDWARE, BAFFLE CHECKS GOOD FOR SECURITY.","left-hand rear baffle mount is loose. secured hardware, baffle checks good for security.",False
100853,ENGINE IDLES VERY IRRATICALLY BELOW 1150 RPM. TRIED MAKING SEVERAL IDLE MIXTURE ADJUSTMENTS. REPLACED,engine idles very irratically below 1150 rpm. tried making several idle mixture adjustments. replaced,False
100854,ENGINE IDLES VERY IRRATICALLY BELOW 1150 RPM. REPLACED FUEL PUMP. PROBLEM PERSISTED,engine idles very irratically below 1150 rpm. replaced fuel pump. problem persisted,False
100855,ENGINE IDLES VERY IRRATICALLY BELOW 1150 RPM. RETIMED BOTH MAGS. BEGAN REPLACEMENT OF FUEL INJECTOR S,engine idles very irratically below 1150 rpm. retimed both magnetos. began replacement of fuel injectors,False
100856,"ENGINE IDLES VERY IRRATICALLY BELOW 1150 RPM. STARTED ENGINE IN HANGAR, OPS CHECK GOOD AT & BELOW 100","engine idles very irratically below 1150 rpm. started engine in hangar, operations check good at and below 100",False
100858,R/H ENG #2 & 3 INTAKE GASKETS ARE LEAKING. INSTALLED NEW GASKETS.,right-hand engine number 2 and number 3 intake gaskets are leaking. installed new gaskets.,False
100859,#2 & 3 ROCKER COVER GASKETS LEAKING. REMOVED & REPLACED #2 & 3 ROCKER COVER GASKETS.,number 2 and number 3 rocker cover gaskets leaking. removed and replaced number 2 and number 3 rocker cover gaskets.,False
100860,#3 BAFFLE IS MISSING SCREW ON BRACKET. INSTALLED NEW SCREW.,number 3 baffle is missing screw on bracket. installed new screw.,False
100861,"#2, 3 & 4 ROCKER COVERS ARE LEAKING. REMOVED & REPLACED ROCKER COVER GASKETS.","numbers 2, 3 and 4 rocker covers are leaking. removed and replaced rocker cover gaskets.",False
100862,#2 INTAKE GASKET LEAKS. REMOVED & REPLACED INTAKE GASKET.,number 2 intake gasket leaks. removed and replaced intake gasket.,False
100863,"#1, 3, 4 ROCKER COVER GASKETS LEAKING. REMOVED & REPLACED ROCKER COVER GASKETS.","numbers 1, 3 and 4 rocker cover gaskets leaking. removed and replaced rocker cover gaskets.",False
100864,INTAKE TUBE #2 LEAKING. REMOVED & REPLACED INTAKE GASKET #2.,intake tube number 2 leaking. removed and replaced intake gasket number 2.,False
100866,#1 INTAKE HAS EVIDENCE OF LEAKING. REPLACED GASKET.,number 1 intake has evidence of leaking. replaced gasket.,False
100867,#4 INTAKE GASKET IS LEAKING. REPLACED GASKET.,number 4 intake gasket is leaking. replaced gasket.,False
100869,#2 INDUCTION TUBE GASKET LEAKING. INSTALLED NEW INDUCTION TUBE GASKET.,number 2 induction tube gasket leaking. installed new induction tube gasket.,False
100870,#2 & 1 ROCKER COVERS LEAKING. REMOVED & REPLACED ROCKER COVER GASKETS W/ NEW.,number 2 and number 1 rocker covers leaking. removed and replaced rocker cover gaskets with new.,False
100871,R/H BAFFLE SPRING BROKEN. REMOVED & REPLACED BAFFLE SPRING W/ NEW.,right-hand baffle spring broken. removed and replaced baffle spring with new.,False
100873,FELT VIBRATION LIKE STUCK VALVE IN FLIGHT. STARTED DISASSEMBLY FOR VALVE REAMING.,felt vibration like stuck valve in flight. started disassembly for valve reaming.,False
100875,FELT VIBRATION LIKE STUCK VALVE IN FLIGHT. FINISHED REAMING ALL 4 EXHAUST VALVE GUIDES. BEGAN REAS,felt vibration like stuck valve in flight. finished reaming all 4 exhaust valve guides. began reassembly,False
100876,"FELT VIBRATION LIKE STUCK VALVE IN FLIGHT. COMPLETED ASSY OF BAFFLES, CLAMPS, FUEL SUPPLY HOSE, OI","felt vibration like stuck valve in flight. completed assembly of baffles, clamps, fuel supply hose",False
100878,#2 & 4 INTAKES LEAKING ON L/H ENGINE. REMOVED & REPLACED GASKETS.,number 2 and number 4 intakes leaking on left-hand engine. removed and replaced gaskets.,False
100879,#2 ROCKER COVER LEAKING ON R/H ENGINE. REMOVED & REPLACED GASKET.,number 2 rocker cover leaking on right-hand engine. removed and replaced gasket.,False
100880,R/H BAFFLE SPRING BROKEN. REMOVED & REPLACED BAFFLE SPRING W/ NEW.,right-hand baffle spring broken. removed and replaced baffle spring with new.,False
100881,AFT BAFFLE BRACKET MISSING RIVETS. INSTALLED NEW RIVETS IN BRACKET IAW  STRUCTURAL R,aft baffle bracket missing rivets. installed new rivets in bracket in accordance with structural repair manual,False
100882,L/H ENG CYL #2 INTAKE IS LEAKING. REPLACED INTAKE GASKET.,left-hand engine cylinder number 2 intake is leaking. replaced intake gasket.,False
100883,R/H ENG #3 CYL INTAKE IS LEAKING. REPLACED INTAKE GASKET.,right-hand engine number 3 cylinder intake is leaking. replaced intake gasket.,False
100884,L/H ENG #4 INTAKE TUBE GASKET LEAKING. REPLACED INTAKE GASKET.,left-hand engine number 4 intake tube gasket leaking. replaced intake gasket.,False
100890,"SCREW MISSING, L/H AFT BAFFLING, ON ENG (BEHIND DIPSTICK TUB. INSTALLED SCREW.","screw missing, left-hand aft baffling, on engine, behind dipstick tub. installed screw.",False
100891,#2 EGT READ HIGH 100 - 150 DEGREES ABOVE OTHER CYLS. REMOVED OBSTRUCTION FROM #2 CYL INJECTOR NOZZLE. REINST,number 2 egt read high 100 to 150 degrees above other cylinders. removed obstruction from number 2 cylinder injector nozzle. reinstalled,False
100892,"L/H ENGINE, L/H MAGNETO HAD DROP OF 300 RPM ON RUN UP. LEANE. RAN UP A/C, LEANED MIXTURE TO CLEAR FOULED PLUG. MAG DR","left-hand engine, left-hand magneto had drop of 300 rpm on run up. ran up aircraft, leaned mixture to clear fouled plug. magneto drop",False
100893,"LEAKING INTAKE GASKETS, CYL #2 & 3. REMOVED & REPLACED INTAKE GASKETS.","leaking intake gaskets, cylinder number 2 and number 3. removed and replaced intake gaskets.",False
100895,"R/H ENGINE, L/H SIDE FWD COWL SEAL IS LOOSE. SECURED SEAL.","right-hand engine, left-hand side forward cowl seal is loose. secured seal.",False
100897,R/H ENGINE #3 & 4 ROCKER COVERS ARE LEAKING. REMOVED & REPLACED R/H ENGINE #3 & 4 ROCKER COVER GASKE,right-hand engine number 3 and number 4 rocker covers are leaking. removed and replaced right-hand engine number 3 and number 4 rocker cover gaskets,False
100898,CYL #2 & 4 INTAKE GASKETS LEAKING. REMOVED & REPLACED GASKETS.,cylinder number 2 and number 4 intake gaskets leaking. removed and replaced gaskets.,False
100900,#1 & 2 ROCKER COVERS LEAKING. REMOVED & REPLACED 1 & 2 ROCKER COVER GASKETS.,number 1 and number 2 rocker covers leaking. removed and replaced 1 and 2 rocker cover gaskets.,False
100902,"R/H FWD BAFFLE SEAL NEEDS TO BE SECURED. REPLACED BAFFLE SEAL, FOUND UNSERVICEABLE.","right-hand forward baffle seal needs to be secured. replaced baffle seal, found unserviceable.",False
100903,BACK L/H BAFFLE HAS A CRACK. STOP DRILLED CRACK.,back left-hand baffle has a crack. stop drilled crack.,False
100904,#2 INTAKE IS LEAKING. REMOVED & REPLACED INTAKE GASKET.,number 2 intake is leaking. removed and replaced intake gasket.,False
100905,#2 ROCKER COVER LEAKING. REMOVED & REPLACED #2 ROCKER COVER GASKET.,number 2 rocker cover leaking. removed and replaced number 2 rocker cover gasket.,False
100906,#4 INTAKE LEAKING. REMOVED & REPLACED #4 INTAKE GASKET.,number 4 intake leaking. removed and replaced number 4 intake gasket.,False
100907,#4 ROCKER COVER LEAKING. REMOVED & REPLACED #4 ROCKER COVER GASKET.,number 4 rocker cover leaking. removed and replaced number 4 rocker cover gasket.,False
100908,TEST FLIGHT NEEDED FOR UNUSUAL VIBRATION. FOR TEST FLIGHT.,test flight needed for unusual vibration. for test flight.,False
100910,"TEST FLIGHT NEEDED FOR UNUSUAL VIBRATION. REMOVED SPARK PLUGS, LEADS, SIDE BAFFLES, LOWER COUPLIN","test flight needed for unusual vibration. removed spark plugs, leads, side baffles, lower coupling",False
100912,CYL #2 INTAKE IS LEAKING. REMOVED & REPLACED GASKET W/ NEW.,cylinder number 2 intake is leaking. removed and replaced gasket with new.,False
100915,CYL #1 EXT VALVE IS STICKING (40/80). ATTEMPTED TO STAKE VALVE BUT COMPRESSION REMAINS AT 40/,"cylinder number 1 exhaust valve is sticking, 40 out of 80. attempted to stake valve but compression remains at 40 out of 80",False
100916,"CYL #1 EXT VALVE IS STICKING (40/80). RAN A/C, COMPRESSIONS REMAINS LOW. DISASSEMBLED AS REQU","cylinder number 1 exhaust valve is sticking, 40 out of 80. ran aircraft, compressions remains low. disassembled as required",False
100918,"#3 CYL BAFFLE BRACKET RIVETS ARE LOOSE ON BACK SIDE OF BAFFL. REMOVED BAFFLE, REINSTALLED BRACKET. REINSTALLED BAFFLE","number 3 cylinder baffle bracket rivets are loose on back side of baffle. removed baffle, reinstalled bracket. reinstalled baffle",False
100919,CYL #3 ROCKER COVER GASKET LEAKING. REMOVED & REPLACED ROCKER COVER GASKET. CLEANED LEAKS.,cylinder number 3 rocker cover gasket leaking. removed and replaced rocker cover gasket. cleaned leaks.,False
100920,"FRONT RUBBER BAFFLE CHAFING ON STARTER GROUND WIRE. REMOVED RUBBER BAFFLE, TRIMMED AS NECESSARY & REINSTALL","front rubber baffle chafing on starter ground wire. removed rubber baffle, trimmed as necessary and reinstall",False
100921,"OVERSPEED OF 3300 IN FLT. COMPRESSIONS: #1-79, #2-74, #3-77, #4-73. C/W REQUIREME","overspeed of 3300 in flight. compressions, number 1 tested at 79, number 2 tested at 74, number 3 tested at 77, number 4 tested at 73. complied with requirements",False
100922,"#2, 4 ROCKER COVER GASKETS LEAKING. REMOVED & REPLACED #2, 4 ROCKER COVER GASKETS.",number 2 and number 4 rocker cover gaskets leaking. removed and replaced number 2 and number 4 rocker cover gaskets.,False
100923,L/H ENGINE #4 INTAKE LEAKING. REPLACED GASKET.,left-hand engine number 4 intake leaking. replaced gasket.,False
100924,L/H ENGINE #4 ROCKER COVER LEAKING. REPLACED GASKET.,left-hand engine number 4 rocker cover leaking. replaced gasket.,False
100925,R/H ENGINE #4 INTAKE LEAKING. REMOVED & REPLACED #4 INTAKE GASKET ON R/H ENGINE.,right-hand engine number 4 intake leaking. removed and replaced number 4 intake gasket on right-hand engine.,False
100926,R/H ENGINE IGNITION LEAD LACING CORE BROKEN TO OIL RIGGED LI. REMOVED DAMAGED LACING CORD.,right-hand engine ignition lead lacing core broken. removed damaged lacing cord.,False
100927,CYL #2 INTAKE IS LEAKING. REPLACED INTAKE GASKET.,cylinder number 2 intake is leaking. replaced intake gasket.,False
100928,CYL #2 INTAKE GASKET LEAKING. REMOVED & REPLACED GASKET W/ NEW.,cylinder number 2 intake gasket leaking. removed and replaced gasket with new.,False
100929,RING GEAR TEETH APPEAR TO BE DAMAGED. DRESSED RING GEAR TEETH.,ring gear teeth appear to be damaged. dressed ring gear teeth.,False
100931,#2 CYL INTAKE GASKET LEAKING. REMOVED & REPLACED GASKET.,number 2 cylinder intake gasket leaking. removed and replaced gasket.,False
100934,#4 ROCKER COVER GASKET LEAKING. REMOVED & REPLACED #4 ROCKER COVER GASKET.,number 4 rocker cover gasket leaking. removed and replaced number 4 rocker cover gasket.,False
100936,#2 CYLILNDER ROCKER COVER LEAKING. REMOVED & REPLACED GASKET.,number 2 cylinder rocker cover leaking. removed and replaced gasket.,False
100937,#2 CYLINDER INTAKE GASKET LEAKING. REMOVED & REPLACED GASKET.,number 2 cylinder intake gasket leaking. removed and replaced gasket.,False
100940,"ENGINE RAN ROUGH. AFTER RPM'S WERE STAB. PERFORMED GROUND RUN, OPS CHECKED GOOD. DECOWLED, REMOV","engine ran rough. after rpms were stable. performed ground run, operations checked good. decowled",False
100943,SCREW MISSING BEHIND #3 BAFFLE. REPLACED SCREW.,screw missing behind number 3 baffle. replaced screw.,False
100947,OIL COOLER STAND OFFS NEED ADJUSTMENT. ADJUSTED OIL COOLER STAND OFFS.,oil cooler standoffs need adjustment. adjusted oil cooler standoffs.,False
100949,"L/H AFT BAFFLE CRACKED PAST STOP DRILL. STOP DRILLED CRACK, CRACK WAS PREVIOUSLY PATCHED.","left-hand aft baffle cracked past stop drill. stop drilled crack, crack was previously patched.",False
100951,#2 CYL ROCKER COVER GASKET LEAKING. REMOVED & REPLACED ROCKER COVER GASKET.,number 2 cylinder rocker cover gasket leaking. removed and replaced rocker cover gasket.,False
100953,L/H ENG CYL #4 INTAKE IS LEAKING. REMOVED & REPLACED GASKET.,left-hand engine cylinder number 4 intake is leaking. removed and replaced gasket.,False
100954,R/H ENG CYL #3 & 4 BAFFLE SEALS NEED TO BE INSTALLED CORRECT. REINSTALLED R/H ENG CYL #3 & 4 BAFFLE SEALS PROPERLY.,right-hand engine cylinder number 3 and number 4 baffle seals need to be installed correctly. reinstalled right-hand engine cylinders number 3 and number 4 baffle seals properly.,False
100955,L/H ENG CYL #4 AFT & #2 SIDE BAFFLE SEAL NEEDS TO BE REATTAC. REINSTALLED L/H ENGINE CYL #4 AFT & 2 SIDE BAFFLE SEALS,left-hand engine cylinder number 4 aft and number 2 side baffle seal needs to be reattached. reinstalled left-hand engine cylinder number 4 aft and 2 side baffle seals,False
100957,AFT R/H BAFFLE SCREW LOOSE. RESECURED LOOSE BAFFLE SCREW. REMOVED & REPLACED SCREW.,aft right-hand baffle screw loose. resecured loose baffle screw. removed and replaced screw.,False
100958,#4 ROCKER COVER SCREWS LOOSE. TIGHTENED ALL ROCKER COVER SCREWS.,number 4 rocker cover screws loose. tightened all rocker cover screws.,False
100959,#2 INTAKE GASKET IS LEAKING. REMOVED & REPLACED GASKET.,number 2 intake gasket is leaking. removed and replaced gasket.,False
100960,#2 CYL ROCKER COVER IS MISSING A SCREW. INSTALLED NEW SCREW.,number 2 cylinder rocker cover is missing a screw. installed new screw.,False
100961,R/H ENGINE #2 ROCKER COVER LEAKING. REPLACED GASKET.,right-hand engine number 2 rocker cover leaking. replaced gasket.,False
100962,L/H ENGINE #4 ROCKER COVER IS LEAKING. REPLACED GASKET.,left-hand engine number 4 rocker cover is leaking. replaced gasket.,False
100964,L/H ENGINE #3 & 4 INTAKES ARE LEAKING. REPLACED GASKETS ON #3 & 4 INTAKES.,left-hand engine number 3 and number 4 intakes are leaking. replaced gaskets on number 3 and number 4 intakes.,False
100965,R/H ENGINE O/B TOP CENTER BAFFLE SEAL IS LOOSE. TIGHTENED BAFFLE SEAL W/ POP RIVETS.,right-hand engine outboard top center baffle seal is loose. tightened baffle seal with pop rivets.,False
100966,"L/H ENG, #4 CYL SIDE BAFFLE SEAL IS COMING LOOSE. RESECURED BAFFLE SEAL.","left-hand engine, number 4 cylinder side baffle seal is coming loose. resecured baffle seal.",False
100967,"R/H ENG, #3 CYL ROCKER COVER GASKET IS LEAKING. REMOVED & REPLACED GASKET.","right-hand engine, number 3 cylinder rocker cover gasket is leaking. removed and replaced gasket.",False
100968,"R/H ENG, #3 CYL INTAKE GASKET IS LEAKING. REMOVED & REPLACED INTAKE GASKET.","right-hand engine, number 3 cylinder intake gasket is leaking. removed and replaced intake gasket.",False
100969,"R/H ENG #3 CYL SIDE BAFFLE, BOTH BOLTS MISSING. INSTALLED NEW BOLTS & WASHERS.","right-hand engine number 3 cylinder side baffle, both bolts missing. installed new bolts and washers.",False
100970,R/H REAR BAFFLE MOUNTING SCREW LOOSE. REMOVED & REPLACED SCREW.,right-hand rear baffle mounting screw loose. removed and replaced screw.,False
100972,#4 INTAKE IS LEAKING. REMOVED & REPLACED GASKET.,number 4 intake is leaking. removed and replaced gasket.,False
100973,#2 ROCKER COVER LEAKING. REMOVED & REPLACED GASKET.,number 2 rocker cover leaking. removed and replaced gasket.,False
100974,L/H O/B LOWER BAFFLE TIE ROD BROKEN. REMOVED & REPLACED TIE ROD.,left-hand outboard lower baffle tie rod broken. removed and replaced tie rod.,False
100975,L/H FWD FRONT BAFFLE MISSING RUBBER PLUG. REPLACED MISSING PLUG.,left-hand forward front baffle missing rubber plug. replaced missing plug.,False
100976,"MIXTURE CONTROL NOT HITTING FULL RICH. ADJUSTED MIXTURE, OPS CHECK GOOD.","mixture control not hitting full rich. adjusted mixture, operations check good.",False
100977,#1 INTAKE TUBE GASKET LEAKING. REPLACED #1 INTAKE GASKET.,number 1 intake tube gasket leaking. replaced number 1 intake gasket.,False
100978,"1, 2 & 3 INTAKES LEAKING ON L/H ENG. REMOVED & REPLACED INTAKE GASKETS.","1, 2 and 3 intakes leaking on left-hand engine. removed and replaced intake gaskets.",False
100979,"R/H ENG BAFFLE TIE ROD IS LOOSE, L/H SIDE. TIGHTENED BAFFLE SUPPORT ROD.","right-hand engine baffle tie rod is loose, left-hand side. tightened baffle support rod.",False
100981,"R/H ENG CYL #2, 3, 4 ROCKER COVERS ARE LEAKING. REPLACED ROCKER COVER GASKETS.","right-hand engine cylinder numbers 2, 3 and 4 rocker covers are leaking. replaced rocker cover gaskets.",False
100982,L/H ENG CYL #3 ROCKER COVER IS LEAKING. REMOVED & REPLACED ROCKER COVER GASKET.,left-hand engine cylinder number 3 rocker cover is leaking. removed and replaced rocker cover gasket.,False
100984,"L/H ENGINE, CYL #2, 3 & 4 INTAKE GASKETS ARE LEAKING. REMOVED & REPLACED INTAKE GASKETS.","left-hand engine, cylinders numbers 2, 3 and 4 intake gaskets are leaking. removed and replaced intake gaskets.",False
100985,"L/H ENGINE, CYL #2 & 3 ROCKER COVER GASKETS ARE LEAKING. REMOVED & REPLACED GASKETS W/ NEW.","left-hand engine, cylinder number 2 and number 3 rocker cover gaskets are leaking. removed and replaced gaskets with new.",False
100986,R/H ENGINE CYL #2 & 3 ROCKER COVER GASKETS ARE LEAKING. REMOVED & REPLACED ROCKER COVER GASKETS W/ NEW.,right-hand engine cylinder number 2 and number 3 rocker cover gaskets are leaking. removed and replaced rocker cover gaskets with new.,False
100987,CYL #4 ROCKER COVER GASKET LEAKING. REMOVED & REPLACED CYL #4 ROCKER COVER GASKET.,cylinder number 4 rocker cover gasket leaking. removed and replaced cylinder number 4 rocker cover gasket.,False
100988,ROCKER COVER GASKET CYL #3 LEAKING. REMOVED & REPLACED ROCKER COVER GASKET.,rocker cover gasket cylinder number 3 leaking. removed and replaced rocker cover gasket.,False
100990,#2 & 4 ROCKER COVER GASKETS LEAKING. REMOVED & REPLACED GASKETS W/ NEW.,number 2 and number 4 rocker cover gaskets leaking. removed and replaced gaskets with new.,False
100991,#2 INDUCTION TUBE GASKET LEAKING. INSTALLED NEW #2 INDUCTION TUBE GASKET.,number 2 induction tube gasket leaking. installed new number 2 induction tube gasket.,False
100993,#4 ROCKER GASKET IS LEAKING. REPLACED GASKET.,number 4 rocker gasket is leaking. replaced gasket.,False
100994,#3 INNER EXHAUST PUSH ROD SEAL IS LEAKING. REPLACED SEALS & LOCK WASHER.,number 3 inner exhaust push rod seal is leaking. replaced seals and lock washer.,False
100996,#1 INTAKE IS LEAKING. REMOVED & REPLACED GASKET.,number 1 intake is leaking. removed and replaced gasket.,False
100997,#4 INTAKE GASKET LEAKING. REPLACED GASKET.,number 4 intake gasket leaking. replaced gasket.,False
100998,"A/C DIED DURING IDLE CK. RAN A/C, ATTEMPTED TO ADJUST IDLE MIXTURE TO CORRECT 30","aircraft died during idle check. ran aircraft, attempted to adjust idle mixture to correct 30",False
101000,"L/H ENGINE, #2 INTAKE IS LEAKING. REMOVED & REPLACED INTAKE GASKETS.","left-hand engine, number 2 intake is leaking. removed and replaced intake gaskets.",False
101003,"R/H ENGINE, #2 & 4 ROCKER COVERS ARE LEAKING. INSTALLED NEW ROCKER BOX COVER GASKETS.","right-hand engine, number 2 and number 4 rocker covers are leaking. installed new rocker box cover gaskets.",False
101004,ROCKER GASKETS ARE LEAKING (ALL 4). REMOVED & REPLACED ALL 4 ROCKER COVER GASKETS.,all 4 rocker gaskets are leaking. removed and replaced all 4 rocker cover gaskets.,False
101005,"L/H ENGINE, CYL #3 INTAKE GASKET LEAKING. REMOVED & REPLACED L/H ENGINE #3 INTAKE GASKET.","left-hand engine, cylinder number 3 intake gasket leaking. removed and replaced left-hand engine number 3 intake gasket.",False
101006,#3 INTAKE GASKET ON R/H ENGINE LEAKING. REMOVED & REPLACED #3 INTAKE GASKET ON R/H ENGINE.,number 3 intake gasket on right-hand engine leaking. removed and replaced number 3 intake gasket on right-hand engine.,False
101007,"ENGINE SHUTDOWN WHEN THROTTLE WAS PULLED TO IDLE. ADJUSTED IDLE SETTING TO 690 RPM, MIXTURE IDLE CHECK GO","engine shutdown when throttle was pulled to idle. adjusted idle setting to 690 rpm, mixture idle check good",False
101008,#2 INTAKE IS LEAKING. REMOVED & REPLACED GASKET.,number 2 intake is leaking. removed and replaced gasket.,False
101009,R/H ENGINE BAFFLE PLUG BROKEN. INSTALLED NEW BAFFLE PLUG.,right-hand engine baffle plug broken. installed new baffle plug.,False
101010,CYL #2 INTAKE IS LEAKING. REPALCED INTAKE GASKET.,cylinder number 2 intake is leaking. replaced intake gasket.,False
101011,R/H REAR BAFFLE MOUNT SCREW IS MISSING. INSTALLED NEW SCREW.,right-hand rear baffle mount screw is missing. installed new screw.,False
101012,FWD BAFFLE IS CRACKED UNDER HEAT SHROUD AIR INTAKE. STOP DRILLED CRACK.,forward baffle is cracked under heat shroud air intake. stop drilled crack.,False
101014,CYL #4 ROCKER COVER GASKET LEAKING. REMOVED & REPLACED ROCKER COVER GASKET.,cylinder number 4 rocker cover gasket leaking. removed and replaced rocker cover gasket.,False
101015,BAFFLE PLUG IS MISSING. INSTALLED NEW PLUG.,baffle plug is missing. installed new plug.,False
101016,"WHILE ADJUSTING MIXTURE, A/C WOULD START TO QUIT @ 1450. PERFORMED ENGINE RUN. COULD NOT DUPLICATE. NO DEFECTS N","while adjusting mixture, aircraft would start to quit at 1450. performed engine run. could not duplicate. no defects noted",False
101017,#1 & 3 SIDE BAFFLE CRACKED. REPLACED BAFFLE.,number 1 and number 3 side baffle cracked. replaced baffle.,False
101018,BAFFLE SCREW MISSING AT FRONT OF #2 CYL. REPLACED SCREW & BARREL NUT.,baffle screw missing at front of number 2 cylinder. replaced screw and barrel nut.,False
101024,"#1 L/H ENG, ROCKER COVER HAS DAMAGE. OPS & LEAK CK GOOD.","number 1 left-hand engine, rocker cover has damage. operations and leak check good.",False
101025,"L/H ENG #1 ROCKER COVER HAS DAMAGE. REMOVED COVER FROM CORE ENGINE, INSP & FOUND TO BE SERV","left-hand engine number 1 rocker cover has damage. removed cover from core engine, inspected and found to be serviceable",False
101026,"#1 L/H ENG, ROCKER COVER HAS DAMAGE. FOUND PART OF VALVE TUBE KEEPER BROKEN OFF & PART MISSI","number 1 left-hand engine, rocker cover has damage. found part of valve tube keeper broken off and part missing",False
101027,"#1 L/H ENG, ROCKER COVER HAS DAMAGE. RETRIEVED MISSING PIECE OF TUBE KEEPER, INSPECTED ROCKE","number 1 left-hand engine, rocker cover has damage. retrieved missing piece of tube keeper, inspected rocker cover",False
101028,ENGINE BAFFLE PLUGS WORN. REMOVED & REPLACED BAFFLE PLUGS.,engine baffle plugs worn. removed and replaced baffle plugs.,False
101029,#4 INTAKE GASKET IS LEAKING. REMOVED & REPLACED #4 INTAKE GASKET.,number 4 intake gasket is leaking. removed and replaced number 4 intake gasket.,False
101030,L/H BAFFLE SPRING IS BROKEN. REMOVED & REPLACED BAFFLE SPRING W/ NEW.,left-hand baffle spring is broken. removed and replaced baffle spring with new.,False
101033,"ROCKER COVER 2, 3 & 4 LEAKING ON L/H ENGINE. REMOVED & REPLACED ROCKER COVER GASKETS 2, 3 & 4 ON L/H","rocker cover 2, 3 and 4 leaking on left-hand engine. removed and replaced rocker cover gaskets 2, 3 and 4 on left-hand",False
101036,FWD BAFFLE IS CRACKED BY MUFFLER SHROUD OPENING. FABRICATED PATCH OUT OF LIKE MATERIAL & INSTALLED. RIVE,forward baffle is cracked by muffler shroud opening. fabricated patch out of like material and installed.,False
101038,LEFT ENG BACK FIRED WHEN BROUGHT TO 1800 RPM. RIGHT MAG DROP. SERVICED LEFT ENG W/ 8 QTS MINERAL OIL. PERFORMED GROUN,left engine backfired when brought to 1800 rpm. right magneto drop. serviced left engine with 8 quarts mineral oil. performed ground run,False
101040,LEFT ENG BACK FIRED WHEN BROUGHT TO 1800 RPM. RIGHT MAG DROP. RAN LEFT ENGINE NOTING NO #4 EGT & SIGNIFICANT VIBRATIO,left engine backfired when brought to 1800 rpm. right magneto drop. ran left engine noting no number 4 egt and significant vibration,False
101041,"LEFT ENG BACK FIRED WHEN BROUGHT TO 1800 RPM. RIGHT MAG DROP. REMOVED #4 CYL ASSY, INSTALLED SERVICEABLE CYL ASSY. DR","left engine backfired when brought to 1800 rpm. right magneto drop. removed number 4 cylinder assembly, installed serviceable cylinder assembly.",False
101042,MIXTURE CONTROL NOT HITTING FULL RICH. ADJUSTED MIXTURE CABLE RIGGING. CHECKS GOOD.,mixture control not hitting full rich. adjusted mixture cable rigging. checks good.,False
101044,CYL #2 ROCKER COVER GASKET LEAKING. REMOVED & REPLACED ROCKER COVER GASKET.,cylinder number 2 rocker cover gasket leaking. removed and replaced rocker cover gasket.,False
101048,R/H REAR ENGINE BAFFLE SCREW MISSING. INSTALLED NEW BAFFLE SCREW.,right-hand rear engine baffle screw missing. installed new baffle screw.,False
101049,#2 INTAKE IS LEAKING. REMOVED & REPLACED GASKET.,number 2 intake is leaking. removed and replaced gasket.,False
101050,#2 INTAKE I/B BOLT HOLE HAS DAMAGED THREADS. REPAIRED THREADS W/ TAP.,number 2 intake inboard bolt hole has damaged threads. repaired threads with tap.,False
101051,#2 & 4 ROCKER GASKETS ARE LEAKING. INSTALLED NEW ROCKER BOX COVER GASKETS.,number 2 and number 4 rocker gaskets are leaking. installed new rocker box cover gaskets.,False
101053,R/H ENG OIL COOLER BAFFLE CRACKED. LEAK CK GOOD.,right-hand engine oil cooler baffle cracked. leak check good.,False
101054,L/H ENG #2 ROCKER COVER IS LEAKING. REMOVED & REPLACED ROCKER GASKET.,left-hand engine number 2 rocker cover is leaking. removed and replaced rocker gasket.,False
101055,L/H & R/H OIL DIPSTICK TUBES ARE LOOSE. SECURED & SAFETIED DIPSTICK TUBES.,left-hand and right-hand oil dipstick tubes are loose. secured and safetied dipstick tubes.,False
101056,L/H ENG #4 BAFFLE HAS A CRACKED REINFORCING BRACE. REMOVED & REPLACED BRACE.,left-hand engine number 4 baffle has a cracked reinforcing brace. removed and replaced brace.,False
101058,R/H ENG OIL COOLER BAFFLE CRACKED. REMOVED CABLES & LINES TO REMOVE BAFFLE ASSY. INSTALLED,right-hand engine oil cooler baffle cracked. removed cables and lines to remove baffle assembly. installed,False
101060,ENGINE BAFFLE PLUGS TANGS BROKEN. INSTALLED NEW ENGINE BAFFLE PLUGS.,engine baffle plugs tangs broken. installed new engine baffle plugs.,False
101061,#4 CYL INTAKE GASKET IS LEAKING. REMOVED & REPLACED GASKET.,number 4 cylinder intake gasket is leaking. removed and replaced gasket.,False
101062,OIL SUMP SCREEN DAMAGED. REMOVED & REPLACED OIL SUMP SCREEN.,oil sump screen damaged. removed and replaced oil sump screen.,False
101063,"FWD BAFFLE, DIRECTLY BELOW ALTERNATOR MOUNT IS CRACKED. STOP DRILLED CRACK.","forward baffle, directly below alternator mount is cracked. stop drilled crack.",False
101064,"R/H BAFFLE IS CRACKED. STOP DRILLED CRACK, FABRICATED PATCH & INSTALLED.","right-hand baffle is cracked. stop drilled crack, fabricated patch and installed.",False
101067,R/H REAR ENGINE BAFFLE RIVET BROKEN. INSTALLED NEW RIVETS IAW,right-hand rear engine baffle rivet broken. installed new rivets in accordance with reference manual,False
101068,#4 CYL AFT BAFFLE HAS 2 RIVETS SHEARED. REMOVED RIVETS & INSTALLED SCREWS & NUTS. TIGHTENED.,number 4 cylinder aft baffle has 2 rivets sheared. removed rivets and installed screws and nuts. tightened.,False
101069,OIL FILLER TUBE LOOSE. TIGHTENED OIL FILLER TUBE & RESAFETIED.,oil filler tube loose. tightened oil filler tube and resafetied.,False
101070,CORNER PATCH ON L/H REAR ENGINE BAFFLE CRACKED. FABRICATED & INSTALLED NEW PATCH.,corner patch on left-hand rear engine baffle cracked. fabricated and installed new patch.,False
101071,ALT BELT LOOSE. TIGHTENED & SAFETIED ALTERNATOR BRACKET BOLTS. TENSION,alternator belt loose. tightened and safetied alternator bracket bolts.,False
101075,CYL #1 & 3 INTAKES ARE LEAKING. REMOVED & REPLACED CYL #1 & 3 INTAKE GASKETS.,cylinder number 1 and number 3 intakes are leaking. removed and replaced cylinder number 1 and number 3 intake gaskets.,False
101076,CYL #2 ROCKER COVER GASKET IS LEAKING. REMOVED & REPLACED CYL #2 ROCKER COVER GASKET.,cylinder number 2 rocker cover gasket is leaking. removed and replaced cylinder number 2 rocker cover gasket.,False
101078,"PROP RPM REACHED 2720, NOTICED & REDUCED IT. C/W , NO DEFECTS NOTED. NO FURTHER ACTION REQUIR","propeller rpm reached 2720, noticed and reduced it. complied with reference manual, no defects noted. no further action required",False
101079,"ON DESCENT, EXCEEDED MAX RPM, WENT UP TO 2800. C/W , NO DEFECTS NOTED. NO FURTHER ACTION REQUIR","on descent, exceeded max rpm, went up to 2800. complied with reference manual no defects noted. no further action required",False
101081,"IDLE OVERRIDE SPEED WAS 1300. RAN A/C, ADJUSTED IDLE SPEED. CHECKS GOOD.","idle override speed was 1300. ran aircraft, adjusted idle speed. checks good.",False
101082,"L/H ENGINE, #4 INTAKE LEAKING. REMOVED & REPLACED GASKET.","left-hand engine, number 4 intake leaking. removed and replaced gasket.",False
101085,"L/H ENG, CYL 1 & 3 ROCKER COVERS ARE LEAKING. REPLACED ROCKER COVER GASKETS.","left-hand engine, cylinder 1 and 3 rocker covers are leaking. replaced rocker cover gaskets.",False
101087,SNIFFLER VALVES ARE DIRTY. CLEANED SNIFFLER VALVES.,sniffler valves are dirty. cleaned sniffler valves.,False
101088,#3 CYL AFT BAFFLE INNER MOST BAFFLE SEAL RIVET IS PULLED THR. REFASTENED BAFFLE.,number 3 cylinder aft baffle inner most baffle seal rivet is pulled through. refastened baffle.,False
101089,#4 INTAKE IS LEAKING. REMOVED & REPLACED INTAKE GASKET W/ NEW.,number 4 intake is leaking. removed and replaced intake gasket with new.,False
101090,"AFTER PERFORMING SIMULATED ENGINE FAILURE, SMOOTHLY APPLIED. RAN UP A/C ENGINE. ENGINE RUNS SMOOTH. MAG DROPS, IDLE","after performing simulated engine failure, ran up aircraft engine. engine runs smooth. magneto drops",False
101091,CYL #4 ROCKER COVER GASKET IS LEAKING. REPLACED GASKET.,cylinder number 4 rocker cover gasket is leaking. replaced gasket.,False
101092,CYL #2 INTAKE GASKET IS LEAKING. REMOVED & REPLACED CYL #2 INTAKE GASKET.,cylinder number 2 intake gasket is leaking. removed and replaced cylinder number 2 intake gasket.,False
101094,EXPERIENCED PARTIAL POWER LOSS DURING CLIMB. FOR BILLING PURPOSES ONLY,experienced partial power loss during climb. for billing purposes only,False
101095,EXPERIENCED PARTIAL POWER LOSS DURING CLIMB. GROUND RUN & STATIC FULL RPM CHECKED 2300 - 2330 RPM. F,experienced partial power loss during climb. ground run and static full rpm checked 2300 to 2330 rpm.,False
101096,CYL #1 ROCKER COVER GASKET LEAKING. REMOVED & REPLACED ROCKER COVER GASKET.,cylinder number 1 rocker cover gasket leaking. removed and replaced rocker cover gasket.,False
101097,#2 INTAKE IS LEAKING. REMOVED & REPLACED GASKET.,number 2 intake is leaking. removed and replaced gasket.,False
101098,BAFFLE PLUGS ARE WORN. REMOVED & REPLACED PLUGS.,baffle plugs are worn. removed and replaced plugs.,False
101099,#4 ROCKER COVER IS LEAKING. REMOVED & REPLACED ROCKER COVER GASKET.,number 4 rocker cover is leaking. removed and replaced rocker cover gasket.,False
101100,"OIL LEAK EVIDENCE ON R/H SIDE OF ENGINE. RAN A/C, FOUND #3 CYLINDER EXHAUST VALVE PUSH ROD TUBE","oil leak evidence on right-hand side of engine. ran aircraft, found number 3 cylinder exhaust valve push rod tube loose",False
101102,FWD R/H BAFFLE SEAL NEEDS TO BE REATTACHED. REMOVED & REPLACED BAFFLE SEAL.,forward right-hand baffle seal needs to be reattached. removed and replaced baffle seal.,False
101103,"R/H REAR BAFFLE BRACKET RIVETS SHEARED. REMOVED BAFFLE, REATTACHED AFT BRACKET. REINSTALLED BAF","right-hand rear baffle bracket rivets sheared. removed baffle, reattached aft bracket. reinstalled baffle",False
101104,"INTAKE GASKET, CYL #4, LEAKING. REMOVED & REPLACED GASKET.","intake gasket, cylinder number 4, leaking. removed and replaced gasket.",False
101106,ENGINE BAFFLE SNAP PLUG TAB BROKEN OFF. INSTALLED NEW ENGINE BAFFLE PLUGS.,engine baffle snap plug tab broken off. installed new engine baffle plugs.,False
101107,#1 ROCKER COVER LEAKING. REMOVED & REPLACED #1 ROCKER COVER GASKET.,number 1 rocker cover leaking. removed and replaced number 1 rocker cover gasket.,False
101108,L/H ENGINE #3 & 4 ROCKER COVER GASKETS LEAKING. REMOVED & REPLACED ROCKER GASKETS W/ NEW.,left-hand engine number 3 and number 4 rocker cover gaskets leaking. removed and replaced rocker gaskets with new.,False
101109,"R/H ENGNIE CYL #3 INTAKE GASKET LEAKING. REMOVED & REPLACED CYL #3 INTAKE GASKET, R/H ENGINE.","right-hand engine cylinder number 3 intake gasket leaking. removed and replaced cylinder number 3 intake gasket, right-hand engine.",False
101110,"ROCKER COVER GASKETS #1, 2, 4 ON R/H ENGINE LEAKING. REMOVED & REPLACED R/H ENGINE ROCKER COVER GASKETS.","rocker cover gaskets numbers 1, 2 and 4 on right-hand engine leaking. removed and replaced right-hand engine rocker cover gaskets.",False
101111,#3 INTAKE LEAKING ON L/H ENGINE. REMOVED & REPLACED INTAKE GASKET.,number 3 intake leaking on left-hand engine. removed and replaced intake gasket.,False
101113,R/H ENGINE CYL #4 ROCKER COVER GASKET LEAKING. REMOVED & REPLACED GASKET.,right-hand engine cylinder number 4 rocker cover gasket leaking. removed and replaced gasket.,False
101114,ENGINE RPM REACHED 2760 FOR APPROX 2 SECONDS. C/W LYCOMING NO DEFECTS NOTED. NO FURTHER ACTI,engine rpm reached 2760 for approximately 2 seconds. complied with lycoming no defects noted. no further action required,False
101115,CYL #2 INTAKE IS LEAKING. REPLACED INTAKE GASKETS.,cylinder number 2 intake is leaking. replaced intake gaskets.,False
101116,"L/H ENG, #4 INDUCTION TUBE GASKET LEAKING. REMOVED & REPLACED INTAKE GASKET.","left-hand engine, number 4 induction tube gasket leaking. removed and replaced intake gasket.",False
101117,R/H ENG #3 CYL INTAKE GASKET LEAKS. REMOVED & REPLACED #3 CYL INTAKE GASKET.,right-hand engine number 3 cylinder intake gasket leaks. removed and replaced number 3 cylinder intake gasket.,False
101118,L/H ENGINE #2 INTAKE GASKET LEAKING. REMOVED & REPLACED INTAKE GASKET W/ NEW.,left-hand engine number 2 intake gasket leaking. removed and replaced intake gasket with new.,False
101120,IDLE MIXTURE NEEDS ADJUSTMENT. REMOVED MIXTURE ARM & REINDEXED AGAIN. A/C WAS STARTED,idle mixture needs adjustment. removed mixture arm and reindexed again. aircraft was started,False
101122,"IDLE MIXTURE NEEDS ADJUSTMENT. A/C WAS GROUND RAN BY PILOT, IDLE MIXTURE & SPEED NOW C",idle mixture needs adjustment. aircraft was ground ran by pilot,False
101123,"IDLE MIXTURE NEEDS ADJUSTMENT. A/C/ WAS STARTED, BUT WOULD ONLY RUN A FEW SECONDS. ALL","idle mixture needs adjustment. aircraft was started, but would only run a few seconds.",False
101124,CYL #2 INTAKE PIPE GASKET LEAKING. REMOVED & REPLACED INTAKE GASKET.,cylinder number 2 intake pipe gasket leaking. removed and replaced intake gasket.,False
101126,#2 INTAKE LEAKING. REPLACED GASKET.,number 2 intake leaking. replaced gasket.,False
101129,"#3 INTAKE LEAKING ON L/H ENGINE. REMOVED & REPLACED INTAKE GASKET, CYL #3.","number 3 intake leaking on left-hand engine. removed and replaced intake gasket, cylinder number 3.",False
101130,#2 & 3 ROCKER COVER LEAKING ON L/H ENGINE. REMOVED & REPLACED ROCKER COVER GASKETS.,number 2 and number 3 rocker cover leaking on left-hand engine. removed and replaced rocker cover gaskets.,False
101131,"#2 & 3 ROCKER COVER GASKETS LEAKING ON R/H ENGINE. REPLACED #2 & 3 ROCKER COVER GASKETS, R/H.","number 2 and number 3 rocker cover gaskets leaking on right-hand engine. replaced number 2 and number 3 rocker cover gaskets, right-hand.",False
101132,"WORN OUT THRUST BUTTON, ROCKER SHAFT CYL #3, L/H ENGINE. REMOVED & REPLACED THRUST BUTTONS ON CYL #3.","worn out thrust button, rocker shaft cylinder number 3, left-hand engine. removed and replaced thrust buttons on cylinder number 3.",False
101133,CYL #1 ROCKER COVER GASKET IS LEAKING. REMOVED & REPLACED ROCKER COVER GASKET.,cylinder number 1 rocker cover gasket is leaking. removed and replaced rocker cover gasket.,False
101135,"L/H ENGINE #1, 2 & 4 INTAKES LEAKING. REMOVED & REPLACED #1 & 2 GASKETS.","left-hand engine numbers 1, 2 and 4 intakes leaking. removed and replaced number 1 and number 2 gaskets.",False
101136,R/H ENGINE #2 CYLINDER COMPRESSION IS LOW. INSTALLED ROCKER COVER & GASKET.,right-hand engine number 2 cylinder compression is low. installed rocker cover and gasket.,False
101138,R/H ENGINE #2 CYLINDER COMPRESSION IS LOW. STAKED EXHAUST VALVE. PRESSURE CAME UP TO 65/80 PSI.,right-hand engine number 2 cylinder compression is low. staked exhaust valve. pressure came up to 65 out of 80 psi.,False
101139,#2 FWD BAFFLE CRACKED. STOP DRILLED CRACK.,number 2 forward baffle cracked. stop drilled crack.,False
101140,#4 ROCKER BOX COVER GASKET LEAKING. INSTALLED #4 ROCKER BOX COVER GASKET.,number 4 rocker box cover gasket leaking. installed number 4 rocker box cover gasket.,False
101141,BAFFLE CRACKED AFT OF #4 CYL. FABRICATED PATCH & DOUBLER OF LIKE MATERIAL.,baffle cracked aft of number 4 cylinder. fabricated patch and doubler of like material.,False
101142,BAFFLE CRACKED AFT OF #4 CYL. INSTALLED PATCH & DOUBLER IAW,baffle cracked aft of number 4 cylinder. installed patch and doubler in accordance with reference manual,False
101143,BACK L/H BAFFLE IS CRACKED. STOP DRILLED CRACK.,back left-hand baffle is cracked. stop drilled crack.,False
101145,L/H BAFFLE PLUG NEEDS TO BE REPLACED. REMOVED & REPLACED BAFFLE PLUG.,left-hand baffle plug needs to be replaced. removed and replaced baffle plug.,False
101147,ROCKER COVER GASKET CYL #2 & 3 LEAKING. REPLACED BOTH ROCKER COVER GASKETS.,rocker cover gasket cylinder number 2 and number 3 leaking. replaced both rocker cover gaskets.,False
101148,"CYL #3 AFT BAFFLE SCREW LOOSE. REMOVED DIPSTICK HOUSING, REMOVED OIL COOLER FROM BAFFL","cylinder number 3 aft baffle screw loose. removed dipstick housing, removed oil cooler from baffle",False
101150,"DIPSTICK TUBE LOOSE. TIGHTENED DIPSTICK TUBE, RESAFETIED.","dipstick tube loose. tightened dipstick tube, resafetied.",False
101151,R/H SIDE BAFFLE IS MISSING A SCREW. INSTALLED NEW SCREW ON BAFFLE.,right-hand side baffle is missing a screw. installed new screw on baffle.,False
101152,#2 ROCKER COVER IS LEAKING. REMOVED & REPLACED ROCKER COVER GASKET.,number 2 rocker cover is leaking. removed and replaced rocker cover gasket.,False
101153,R/H BACK BAFFLE BRACKET RIVET HEAD IS MISSING. REMOVED BACK BAFFLE TO GAIN ACCESS. REMVOED RIVETS & RE,right-hand back baffle bracket rivet head is missing. removed back baffle to gain access. removed rivets and reinstalled back baffle,False
101155,"1, 2, & 4 ROCKER COVERS ARE LEAKING. REMOVED & REPLACED ROCKER GASKETS.","1, 2, and 4 rocker covers are leaking. removed and replaced rocker gaskets.",False
101156,BOTH SPARK PLUG BAFFLE PLUGS ARE WORN. REMOVED & REPLACED SPARK PLUG BAFFLE PLUGS.,both spark plug baffle plugs are worn. removed and replaced spark plug baffle plugs.,False
101157,#3 INTAKE LEAKING ON R/H ENGINE. REMOVED & REPLACED #3 INTAKE GASKET ON R/H ENGINE.,number 3 intake leaking on right-hand engine. removed and replaced number 3 intake gasket on right-hand engine.,False
101158,#4 INTAKE LEAKING ON L/H ENIGNE. REMOVED & REPLACED #4 INTAKE GASKET ON L/H ENGINE.,number 4 intake leaking on left-hand engine. removed and replaced number 4 intake gasket on left-hand engine.,False
101160,"L/H BAFFLE REQUIRES PATCH. FABRICATED PATCH OF LIKE MATERIAL, RIVETED & INSTALLED","left-hand baffle requires patch. fabricated patch of like material, riveted and installed",False
101161,"AFT ALT MOUNTING BOLT EATING INTO SCROLL MOUNT. INSPECTED MOUNT, NO DEFECTS NOTED.","aft alternator mounting bolt eating into scroll mount. inspected mount, no defects noted.",False
101162,EXCESSIVE END PLAY AT THROTTLE CABLE ATTACHMENT. INSPECTED THROTTLE CABLE ATTACHMENT. NO DEFECTS NOTED.,excessive end play at throttle cable attachment. inspected throttle cable attachment. no defects noted.,False
101164,#2 & 4 ROCKER COVERS ARE LEAKING. REMOVED & REPLACED GASKETS.,number 2 and number 4 rocker covers are leaking. removed and replaced gaskets.,False
101165,CYL #2 ROCKER COVER LEAKING. REMOVED & REPLACED CYL #2 ROCKER COVER GASKET.,cylinder number 2 rocker cover leaking. removed and replaced cylinder number 2 rocker cover gasket.,False
101167,#2 INDUCTION TUBE GASKET LEAKING. INSTALLED NEW INDUCTION TUBE GASKET,number 2 induction tube gasket leaking. installed new induction tube gasket,False
101168,#1 INTAKE LEAKING ON L/H ENGINE. REMOVED & REPLACED INTAKE GASKET.,number 1 intake leaking on left-hand engine. removed and replaced intake gasket.,False
101169,#1 & 2 INTAKES LEAKING ON R/H ENGINE. REMOVED & REPLACED INTAKE GASKETS.,number 1 and number 2 intakes leaking on right-hand engine. removed and replaced intake gaskets.,False
101170,#2 INDUCTION TUBE GASKET LEAKING. INSTALLED NEW INDUCTION TUBE GASKET.,number 2 induction tube gasket leaking. installed new induction tube gasket.,False
101172,#2 & 4 BAFFLE INNER TIE & SPRING OUT OF PLACE. REINSTALLED BAFFLE TIE IN CORRECT POSITION.,number 2 and number 4 baffle inner tie and spring out of place. reinstalled baffle tie in correct position.,False
101175,OIL LEAK FROM L/H ENGINE. TIGHTENED TOP BOLTS ON TOP OF CASE. WASHED ENGINE.,oil leak from left-hand engine. tightened top bolts on top of case. washed engine.,False
101176,#2 ROCKER COVER IS LEAKING ON L/H ENGINE. REMOVED & REPLACED ROCKER COVER GASKET.,number 2 rocker cover is leaking on left-hand engine. removed and replaced rocker cover gasket.,False
101178,#2 ROCKER COVER THRUST BUTTON ON R/H ENGINE IS BROKEN. REMOVED & REPLACED THRUST BUTTON.,number 2 rocker cover thrust button on right-hand engine is broken. removed and replaced thrust button.,False
101179,#2 ROCKER COVER THRUST BUTTONS ON L/H ENGINE ARE BROKEN. REMOVED & REPLACED THRUST BUTTONS.,number 2 rocker cover thrust buttons on left-hand engine are broken. removed and replaced thrust buttons.,False
101180,CYL #3 BAFFLE SCREW SECURED TO CRANKCASE MISSING. INSTALLED NEW SCREW.,cylinder number 3 baffle screw secured to crankcase missing. installed new screw.,False
101182,BAFFLE SUPPORT ON AFT COPILOT SIDE ENGINE BAFFLE LOOSE. REMOVED COPILOT SIDE AFT ENGINE BAFFLE. RESECURED BAFFL,baffle support on aft copilot side engine baffle loose. removed copilot side aft engine baffle. resecured baffle,False
101183,"AFTER COMPLETING STEEP SPIRALS AT POWER IDLE, SMOOTHLY APPLI. MX FLIGHT IS REQUIRED","after completing steep spirals at power idle, maintenance flight is required",False
101184,"AFTER COMPLETING STEEP SPIRALS AT POWER IDLE, SMOOTHLY APPLI. PERFORMED GROUND RUN OF A/C, UNABLE TO DUPLICATE DISCRE","after completing steep spirals at power idle, performed ground run of aircraft, unable to duplicate discrepancy",False
101187,R/H ENGINE #3 INTAKE IS LEAKING. REPLACED W/ NEW GASKET.,right-hand engine number 3 intake is leaking. replaced with new gasket.,False
101188,"R/H ENGINE, L/H FWD BAFFLE SEAL IS GONE. INSTALLED NEW BAFFLE SEAL.","right-hand engine, left-hand forward baffle seal is gone. installed new baffle seal.",False
101189,L/H SIDE BAFFLE IS CRACKED. REPLACED L/H SIDE BAFFLE W/ SERVICEABLE PART.,left-hand side baffle is cracked. replaced left-hand side baffle with serviceable part.,False
101190,PLUGS FOR ENG BAFFLING WORN. REPLACED BOTH PLUGS.,plugs for engine baffling worn. replaced both plugs.,False
101191,"#3 & 4 ROCKER COVERS LEAKING. REMOVED & REPLACED #3 ROCKER COVER GASKET, TIGHTENED SC","number 3 and number 4 rocker covers leaking. removed and replaced number 3 rocker cover gasket, tightened screws",False
101192,R/H ENG #2 BAFFLE IS MISSING A BOLT. INSTALLED NEW SCREW.,right-hand engine number 2 baffle is missing a bolt. installed new screw.,False
101194,ROCKER BOX COVER SCREWS LOOSE. RETORQUED SCREWS.,rocker box cover screws loose. retorqued screws.,False
101195,SIDE BAFFLE PLUGS HAVE MANY MISSING FINGERS. REMOVED & REPLACED PLUGS.,side baffle plugs have many missing fingers. removed and replaced plugs.,False
101196,#2 ROCKER COVER IS LEAKING. REMOVED & REPLACED GASKET.,number 2 rocker cover is leaking. removed and replaced gasket.,False
101198,#2 & 4 CYL ROCKER COVER GASKETS ARE LEAKING ON R/H ENGINE. REMOVED & REPLACED #2 & 4 CYL ROCKER COVER GASKETS ON R,number 2 and number 4 cylinder rocker cover gaskets are leaking on right-hand engine. removed and replaced number 2 and number 4 cylinder rocker cover gaskets,False
101199,#2 ROCKER COVER LEAKING. REMOVED & REPLACED ROCKER COVER GASKET.,number 2 rocker cover leaking. removed and replaced rocker cover gasket.,False
101201,"ROCKER COVER GASKET CYL #2, R/H ENGINE, LEAKING. REMOVED & REPLACED GASKET.","rocker cover gasket cylinder number 2, right-hand engine, leaking. removed and replaced gasket.",False
101202,"INTAKE GASKET CYL #3, R/H ENGINE, LEAKING. REMOVED & REPLACED INTAKE GASKET.","intake gasket cylinder number 3, right-hand engine, leaking. removed and replaced intake gasket.",False
101203,"CYL #3, 4 ROCKER COVER GASKETS LEAKING ON L/H ENG. REMOVED & REPLACED ROCKER COVER GASKETS.",cylinder number 3 and number 4 rocker cover gaskets leaking on left-hand engine. removed and replaced rocker cover gaskets.,False
101204,CYL #3 AFT UPPER BAFFLE SEAL IS LOOSE. RESECURED BAFFLE SEAL.,cylinder number 3 aft upper baffle seal is loose. resecured baffle seal.,False
101205,BOTH BAFFLE PLUGS ARE MISSING TOO MANY TABS. INSTALLED BAFFLE PLUGS.,both baffle plugs are missing too many tabs. installed baffle plugs.,False
101206,#4 INTAKE GASKET LEAKING. REPLACED W/ NEW GASKET.,number 4 intake gasket leaking. replaced with new gasket.,False
101207,#4 ROCKER COVER GASKET LEAKING. REPLACED W/ NEW GASKET.,number 4 rocker cover gasket leaking. replaced with new gasket.,False
101211,L/H #4 INTAKE GASKET LEAKING. REMOVED & REPLACED #4 INTAKE GASKET.,left-hand number 4 intake gasket leaking. removed and replaced number 4 intake gasket.,False
101212,L/H #3 CYL ROCKER SHAFT THRUST BUTTONS DETERIORATED. REPLACED BUTTONS.,left-hand number 3 cylinder rocker shaft thrust buttons deteriorated. replaced buttons.,False
101213,"R/H ENG, R/H REAR ENGINE BAFFLE SEAL LOOSE. REATTACHED R/H REAR BAFFLE.","right-hand engine, right-hand rear engine baffle seal loose. reattached right-hand rear baffle.",False
101215,#3 ROCKER COVER LEAKING. REMOVED & REPLACED #3 ROCKER GASKET.,number 3 rocker cover leaking. removed and replaced number 3 rocker gasket.,False
101217,RIVETS MISSING ON ENGINE DATA PLATE. INSTALLED RIVETS.,rivets missing on engine data plate. installed rivets.,False
101219,#2 & 3 INTAKES LEAKING ON R/H ENGINE. REPLACED GASKETS ON 2 & 3.,number 2 and number 3 intakes leaking on right-hand engine. replaced gaskets on 2 and 3.,False
101220,#2 ROCKER COVER LEAKING ON R/H ENGINE. REMOVED & REPLACED ROCKER COVER GASKET.,number 2 rocker cover leaking on right-hand engine. removed and replaced rocker cover gasket.,False
101224,"CRACK ON ENGINE BAFFLE, LEFT SIDE, BY #3 CYLINDER. INSTALLED BAFFLE.","crack on engine baffle, left side, by number 3 cylinder. installed baffle.",False
101226,L/H BAFFLE SEAL REQUIRES REPLACEMENT. REMOVED & REPLACED BAFFLE SEAL W/ NEW.,left-hand baffle seal requires replacement. removed and replaced baffle seal with new.,False
101227,R/H ENGINE #4 ROCKER COVER LEAKS. REMOVED & REPLACED R/H ENGINE #4 ROCKER COVER GASKET.,right-hand engine number 4 rocker cover leaks. removed and replaced right-hand engine number 4 rocker cover gasket.,False
101228,R/H ENGINE #1 & 4 INTAKES ARE LEAKING. REMOVED & REPLACED R/H ENGINE #1 & 4 INTAKE GASKETS.,right-hand engine number 1 and number 4 intakes are leaking. removed and replaced right-hand engine number 1 and number 4 intake gaskets.,False
101229,L/H ENGINE CYL #3 ROCKER GASKET IS LEAKING. REMOVED & REPLACED L/H ENGINE #3 ROCKER COVER GASKET.,left-hand engine cylinder number 3 rocker gasket is leaking. removed and replaced left-hand engine number 3 rocker cover gasket.,False
101230,R/H ENGINE #2 & 3 ROCKER COVERS ARE LEAKING. REMOVED & REPLACED R/H ENGINE #2 & 3 ROCKER COVER GASKE,right-hand engine number 2 and number 3 rocker covers are leaking. removed and replaced right-hand engine number 2 and number 3 rocker cover gasket,False
101231,R/H ENG #4 CYL HAS LOW COMPRESSION (20/80 PSI). COMPRESSION 20/80. STAKED EXHAUST VALVE W/ NO AFFECT. C,"right-hand engine number 4 cylinder has low compression, 20 out of 80 psi. compression 20 out of 80. staked exhaust valve with no affect.",False
101233,R/H #3 AFT BAFFLE SEAL IS LOOSE. RESECURED BAFFLE SEAL.,right-hand number 3 aft baffle seal is loose. resecured baffle seal.,False
101234,L/H #2 INTAKE GASKET IS LEAKING. REMOVED & REPLACED GASKET.,left-hand number 2 intake gasket is leaking. removed and replaced gasket.,False
101235,L/H ENGINE O/B BAFFLE TIE ROD BROKEN. REPLACED BAFFLE TIE ROD.,left-hand engine outboard baffle tie rod broken. replaced baffle tie rod.,False
101238,#2 & 4 INTAKES ARE LEAKING. REMOVED & REPLACED INTAKE GASKETS.,number 2 and number 4 intakes are leaking. removed and replaced intake gaskets.,False
101239,ENGINE BAFFLE CYL #3 MOUNT BRACKET SHEARED RIVET. REMOVED & REPLACED RIVETS BY REMOVING BAFFLE & REINSTAL,engine baffle cylinder number 3 mount bracket sheared rivet. removed and replaced rivets by removing baffle and reinstalling,False
101240,L/H BAFFLE PLUG HOLE IS TOO LARGE. INSTALLED BAFFLE PATCH MADE OUT OF LIKE MATERIAL.,left-hand baffle plug hole is too large. installed baffle patch made out of like material.,False
101241,#3 & 4 INTAKE LEAKING. REMOVED & REPLACED GASKETS.,number 3 and number 4 intake leaking. removed and replaced gaskets.,False
101242,"#2, 3 & 4 ROCKER COVERS LEAKING. REMOVED & REPLACED GASKETS.","numbers 2, 3 and 4 rocker covers leaking. removed and replaced gaskets.",False
101244,R/H ENGINE OIL RETURN LINES ARE LEAKING. LEAK CHECK GOOD.,right-hand engine oil return lines are leaking. leak check good.,False
101245,R/H ENGINE OIL RETURN LINES ARE LEAKING. TIGHTENED CLAMPS.,right-hand engine oil return lines are leaking. tightened clamps.,False
101246,R/H ENGINE #3 INTAKE IS LEAKING. REMOVED & REPLACED GASKET.,right-hand engine number 3 intake is leaking. removed and replaced gasket.,False
101248,L/H ENGINE #3 ROCKER COVER IS LEAKING. REMOVED & REPLACED GASKET W/ NEW.,left-hand engine number 3 rocker cover is leaking. removed and replaced gasket with new.,False
101250,#3 ROCKER COVER IS LEAKING. REMOVED & REPLACED GASKET.,number 3 rocker cover is leaking. removed and replaced gasket.,False
101255,"WHILE TAXING, ENGINE COUGHED & SPUTTERED ANYTIME RPMS WERE B. RAN ENGINE. NOTED DISCREPANCY, ROUGH ENGINE BELOW 1000","while taxing, engine coughed and sputtered anytime rpms were below idle. ran engine. noted discrepancy, rough engine below 1000",False
101256,CYL #2 INTAKE PIPE GASKET LEAKING. REMOVED & REPLACED INTAKE GASKET.,cylinder number 2 intake pipe gasket leaking. removed and replaced intake gasket.,False
101257,#2 CYL ROCKER COVER GASKET LEAKING. REMOVED & REPLACED ROCKER GASKET W/ NEW.,number 2 cylinder rocker cover gasket leaking. removed and replaced rocker gasket with new.,False
101258,R/H ENG OIL COOLER BAFFLE CRACKED. REPLACED CRACKED BAFFLE W/ SERVICEABLE BAFFLE.,right-hand engine oil cooler baffle cracked. replaced cracked baffle with serviceable baffle.,False
101259,ROCKER COVER GASKET CYL #2 & 3 LEAKING. REMOVED & REPLACED ROCKER COVER GASKETS.,rocker cover gasket cylinder number 2 and number 3 leaking. removed and replaced rocker cover gaskets.,False
101260,INTERCYLINDER BAFFLE SUPPORT ROD BROKEN. REMOVED & REPLACED INTERCYLINDER BAFFLE ROD.,intercylinder baffle support rod broken. removed and replaced intercylinder baffle rod.,False
101261,R/H ENG OIL RETURN LIKE CLAMPS ARE LOOSE. TIGHTENED CLAMPS.,right-hand engine oil return like clamps are loose. tightened clamps.,False
101263,"L/H ENG, CYL #3 ROCKER COVER GASKET IS LEAKING. REMOVED & REPLACED L/H ENG CYL #3 ROCKER COVER GASKET.","left-hand engine, cylinder number 3 rocker cover gasket is leaking. removed and replaced left-hand engine cylinder number 3 rocker cover gasket.",False
101271,"HIDDEN DAMAGE INSP REQUIRED FOR ENG FIRE. PERFORMED HIDDEN DAMAGE ON AFFECTED AREA, NO DAMAGE NOT","hidden damage inspection required for engine fire. performed hidden damage on affected area, no damage noted",False
101272,#2 INTAKE IS LEAKING. REMOVED & REPLACED GASKET W/ NEW.,number 2 intake is leaking. removed and replaced gasket with new.,False
101273,CYLINDER #3 ROCKER COVER IS LEAKING. REPLACED ROCKER COVER GASKET.,cylinder number 3 rocker cover is leaking. replaced rocker cover gasket.,False
101276,"L/H ENG INTAKE GASKET, CYL #2, LEAKING. REMOVED & REPLACED GASKET FOR L/H ENG CYL #2 INTAKE.","left-hand engine intake gasket, cylinder number 2, leaking. removed and replaced gasket for left-hand engine cylinder number 2 intake.",False
101277,"L/H ENG CYL #1, 2 & 3 ROCKER COVER GASKETS LEAKING. REMOVED & REPLACED L/H ENG CYL #1, 2, 3 ROCKER COVER GA","left-hand engine cylinder numbers 1, 2 and 3 rocker cover gaskets leaking. removed and replaced left-hand engine cylinder numbers 1, 2, and 3 rocker cover gaskets",False
101278,#2 ROCKER COVER IS LEAKING. REMOVED & REPLACED ROCKER COVER GASKETS ON CYL #1 & 2.,number 2 rocker cover is leaking. removed and replaced rocker cover gaskets on cylinder number 1 and number 2.,False
101279,#2 ROCKER COVER IS LEAKING. REMOVED & REPLACED GASKET.,number 2 rocker cover is leaking. removed and replaced gasket.,False
101280,#4 ROCKER COVER IS LEAKING. REMOVED & REPLACED GASKET.,number 4 rocker cover is leaking. removed and replaced gasket.,False
101281,#6 COWL SHOCK MOUNT TORN. REMOVED & REPLACED COWL SHOCK MOUNT.,number 6 cowl shock mount torn. removed and replaced cowl shock mount.,False
101282,#2 INTAKE LEAKING ON L/H ENGINE. REMOVED & REPLACED #2 INTAKE GASKET.,number 2 intake leaking on left-hand engine. removed and replaced number 2 intake gasket.,False
101284,ROCKER COVERS 1 & 3 LEAKING ON R/H ENGINE. REMOVED & REPLACED ROCKER GASKETS.,rocker covers 1 and 3 leaking on right-hand engine. removed and replaced rocker gaskets.,False
101285,ROCKER COVER GASKET #3 TORN. REMOVED & REPLACED ROCKER COVER GASKET.,rocker cover gasket number 3 torn. removed and replaced rocker cover gasket.,False
101286,L/H & R/H ENGINE BAFFLE PLUGS DAMAGED. REMOVED & REPLACED L/H & R/H ENGINE BAFFLE PLUGS.,left-hand and right-hand engine baffle plugs damaged. removed and replaced left-hand and right-hand engine baffle plugs.,False
101288,L/H ENG #3 CYL ROCKER COVER GASKET IS LEAKING. REMOVED & REPLACED GASKET.,left-hand engine number 3 cylinder rocker cover gasket is leaking. removed and replaced gasket.,False
101289,#3 INTAKE TUBE RUBBING ON BAFFLE. ADJUSTED BAFFLE.,number 3 intake tube rubbing on baffle. adjusted baffle.,False
101291,LOOSE ENGINE GROUND. TIGHTENED ENGINE GROUND CABLE.,loose engine ground. tightened engine ground cable.,False
101292,INTAKE GASKET CYL #4 LEAKING. REMOVED & REPLACED INTAKE GASKET.,intake gasket cylinder number 4 leaking. removed and replaced intake gasket.,False
101294,BAFFLE SUPPORT STEEL ROD CYL #2 & 4 MISSING. INSTALLED NEW BAFFLE FASTENER FOR CYL #2 & 4.,baffle support steel rod cylinder number 2 and number 4 missing. installed new baffle fastener for cylinder number 2 and number 4.,False
101297,"#3 CYL AFT BAFFLE BRACKET LOOSE. BRACKET SECURED TO ENGINE C. REMOVED #3 AFT BAFFLE, REPLACED SCREWS IN BRACKET. REIN","number 3 cylinder aft baffle bracket loose. bracket secured to engine. removed number 3 aft baffle, replaced screws in bracket. reinstalled",False
101299,#3 ROCKER COVER GASKET IS TORN. INSTALLED NEW #3 ROCKER BOX COVER GASKET.,number 3 rocker cover gasket is torn. installed new number 3 rocker box cover gasket.,False
101300,#2 ROCKER COVER LEAKING. REMOVED & REPLACED #2 ROCKER COVER GASKET.,number 2 rocker cover leaking. removed and replaced number 2 rocker cover gasket.,False
101302,#3 ROCKER COVER IS LEAKING. REMOVED & REPLACED GASKET.,number 3 rocker cover is leaking. removed and replaced gasket.,False
101303,ROCKER COVER GASKET #3 TORN. REMOVED & REPLACED ROCKER COVER GASKET.,rocker cover gasket number 3 torn. removed and replaced rocker cover gasket.,False
101306,ROCKER COVER GASKETS CYL #2 & 3 LEAKING. REMOVED & REPLACED ROCKER COVER GASKET.,rocker cover gaskets cylinder number 2 and number 3 leaking. removed and replaced rocker cover gasket.,False
101307,"INTAKE TUBE LEAKING AT CONNECTION POINT W/ OIL SUMP CYL #4. CLEANED & PERFORMED ENGINE RUN UP, CONFIRMED DISCREPANC","intake tube leaking at connection point with oil sump cylinder number 4. cleaned and performed engine run up, confirmed discrepancy",False
101309,UPPER R/H BAFFLE SEAL LOOSE. RESECURED BAFFLE SEAL.,upper right-hand baffle seal loose. resecured baffle seal.,False
101310,"R/H ENGINE RUNNING ROUGH. ENGINE WAS FINE @ LOW ALTITUDES, O. RAN UP A/C, NO ENGINE ROUGHNESS NOTED. CHECKED GOOD AT","right-hand engine running rough. engine was fine at low altitudes. ran up aircraft, no engine roughness noted. checked",False
101312,CYL #4 & 2 ROCKER COVER GASKETS LEAKING. REMOVED & REPLACED ROCKER COVER GASKETS.,cylinder number 4 and number 2 rocker cover gaskets leaking. removed and replaced rocker cover gaskets.,False
101313,INTAKE #2 LEAKING ON L/H ENGINE. INSTALLED NEW INTAKE GASKET.,intake number 2 leaking on left-hand engine. installed new intake gasket.,False
101315,"ROCKER COVERS 2, 3 & 4 LEAKING ON L/H ENGINE. INSTALLED NEW ROCKER BOX COVER GASKETS.","rocker covers 2, 3 and 4 leaking on left-hand engine. installed new rocker box cover gaskets.",False
101316,LEFT REAR BAFFLE CRACKED ON R/H ENGINE. REMOVED & REPLACED LEFT REAR BAFFLE ON R/H ENGINE.,left rear baffle cracked on right-hand engine. removed and replaced left rear baffle on right-hand engine.,False
101317,#2 INTAKE GASKET LEAKING. REPLACED GASKET.,number 2 intake gasket leaking. replaced gasket.,False
101319,L/H ENGINE CYL #2 & 3 INTAKE GASKETS LEAKING. REMOVED & REPLACED INTAKE GASKETS.,left-hand engine cylinder number 2 and number 3 intake gaskets leaking. removed and replaced intake gaskets.,False
101320,L/H ENGINE CYL #3 ROCKER COVER GASKET LEAKING. REMOVED & REPLACED #3 ROCKER COVER GASKET.,left-hand engine cylinder number 3 rocker cover gasket leaking. removed and replaced number 3 rocker cover gasket.,False
101321,"R/H ENGINE, CYL #3 ROCKER COVER GASKET LEAKING. REMOVED & REPLACED #3 ROCKER COVER GASKET.","right-hand engine, cylinder number 3 rocker cover gasket leaking. removed and replaced number 3 rocker cover gasket.",False
101322,#1 INTAKE GASKET LEAKING. REPLACED GASKET.,number 1 intake gasket leaking. replaced gasket.,False
101323,#3 ROCKER COVER GASKET IS LEAKING. REMOVED & REPLACED GASKET.,number 3 rocker cover gasket is leaking. removed and replaced gasket.,False
101325,"SHEARED RIVET ON CYL #3 BAFFLE, AFT. REPLACED RIVETS W/ SCREWS/WASHERS/NUTS.","sheared rivet on cylinder number 3 baffle, aft. replaced rivets with screws, washers, and nuts.",False
101326,#2 & 4 CYL ROCKER COVER GASKETS LEAKING. REMOVED & REPLACED ROCKER COVER GASKETS.,number 2 and number 4 cylinder rocker cover gaskets leaking. removed and replaced rocker cover gaskets.,False
101327,"CYL #3 INTAKE TUBE FLANGE LEAKING FUEL, CONNECTION BETWEEN T. RESWAGED INTAKE TUBE IAW LYCOMING OVERHAUL",cylinder number 3 intake tube flange leaking fuel. reswaged intake tube in accordance with lycoming overhaul manual,False
101329,TOP BAFFLE BACK SIDE RIVETS MISSING. INSTALLED SCREWS WHERE RIVETS MISSING.,top baffle back side rivets missing. installed screws where rivets missing.,False
101331,#2 & 3 ROCKER COVERS ARE LEAKING. REMOVED & REPLACED ROCKER COVER GASKETS.,number 2 and number 3 rocker covers are leaking. removed and replaced rocker cover gaskets.,False
101334,INTAKE GASKET CYL #4 LEAKING. REMOVED & REPLACED INTAKE GASKET.,intake gasket cylinder number 4 leaking. removed and replaced intake gasket.,False
101335,ROCKER COVER GASKET CYL #2 LEAKING. REMOVED & REPLACED ROCKER COVER GASKET.,rocker cover gasket cylinder number 2 leaking. removed and replaced rocker cover gasket.,False
101336,#3 INTAKE LEAKING ON L/H ENGINE. REPLACED GASKET.,number 3 intake leaking on left-hand engine. replaced gasket.,False
101337,BAFFLE CORNER BY CYL #4 CRACKED. STOP DRILLED CRACK.,baffle corner by cylinder number 4 cracked. stop drilled crack.,False
101338,"CYL #1, 3, 2 ROCKER COVER GASKETS LEAKING. REMOVED & REPLACED ROCKER COVER GASKETS.","cylinder numbers 1, 3, and 2 rocker cover gaskets leaking. removed and replaced rocker cover gaskets.",False
101340,"ENGINE OVERSPEED TO 3300 RPM. CHANGED OIL FILTER, CHECKED SUMP SCREEN, CHANGED OIL &","engine overspeed to 3300 rpm. changed oil filter, checked sump screen, changed oil",False
101341,R/H ENG BAFFLE SCREW MISSING. REPLACED SCREW.,right-hand engine baffle screw missing. replaced screw.,False
101343,#3 INTAKE LEAKING ON R/H ENGINE. REMOVED & REPLACED #3 INTAKE GASKET ON R/H ENGINE.,number 3 intake leaking on right-hand engine. removed and replaced number 3 intake gasket on right-hand engine.,False
101344,#2 INTAKE IS LEAKING. REPLACED GASKET.,number 2 intake is leaking. replaced gasket.,False
101345,#2 ROCKER COVER IS LEAKING. REMOVED & REPLACED GASKET.,number 2 rocker cover is leaking. removed and replaced gasket.,False
101346,R/H BACK BAFFLE RIVET HEAD IS SHEARED. COMPLETED REASSEMBLY.,right-hand back baffle rivet head is sheared. completed reassembly.,False
101347,"R/H BACK BAFFLE RIVET HEAD IS SHEARED. REMOVED BACK BAFFLE, INSTALLED SCREWS WHERE RIVETS WHER","right-hand back baffle rivet head is sheared. removed back baffle, installed screws where rivets were sheared",False
101350,L/H #2 & 3 ROCKER GASKETS LEAKING. REMOVED & REPLACED ROCKER COVER GASKETS.,left-hand number 2 and number 3 rocker gaskets leaking. removed and replaced rocker cover gaskets.,False
101351,R/H #2 & 4 ROCKER GASKETS LEAKING. REMOVED & REPLACED ROCKER COVER GASKETS.,right-hand number 2 and number 4 rocker gaskets leaking. removed and replaced rocker cover gaskets.,False
101352,#2 ROCKER COVER GASKET LEAKING. REMOVED & REPLACED ROCKER COVER GASKET.,number 2 rocker cover gasket leaking. removed and replaced rocker cover gasket.,False
101354,#3 ROCKER COVER LEAKING ON L/H ENGINE. REMOVED & REPLACED GASKET.,number 3 rocker cover leaking on left-hand engine. removed and replaced gasket.,False
101355,#2 INTAKE LEAKING ON L/H ENGINE. REMOVED & REPLACED INTAKE GASKET.,number 2 intake leaking on left-hand engine. removed and replaced intake gasket.,False
101356,R/H ENG #2 & 4 CYL ROCKER COVER GASKETS ARE LEAKING. REMOVED & REPLACED GASKETS.,right-hand engine number 2 and number 4 cylinder rocker cover gaskets are leaking. removed and replaced gaskets.,False
101358,ALL 4 ROCKER GASKETS ARE LEAKING. REPLACED W/ NEW ROCKER GASKETS. LEAK CHECK GOOD.,all 4 rocker gaskets are leaking. replaced with new rocker gaskets. leak check good.,False
101359,#2 & 3 INTAKE GASKETS ARE LEAKING. REPLACED W/ NEW INTAKE GASKETS. LEAK CHECK GOOD.,number 2 and number 3 intake gaskets are leaking. replaced with new intake gaskets. leak check good.,False
101361,#3 ROCKER COVER IS LEAKING. REMOVED & REPLACED #3 ROCKER COVER GASKET.,number 3 rocker cover is leaking. removed and replaced number 3 rocker cover gasket.,False
101362,#2 & 3 INTAKES LEAKING ON L/H ENGINE. REMOVED & REPLACED GASKETS.,number 2 and number 3 intakes leaking on left-hand engine. removed and replaced gaskets.,False
101364,#2 & 3 ROCKER COVERS LEAKING ON L/H ENGINE. REMOVED & REPLACED GASKETS.,number 2 and number 3 rocker covers leaking on left-hand engine. removed and replaced gaskets.,False
101365,L/H CARB HEAT BRACKET LOOSE. REMOVED & REPLACED LOOSE RIVETS.,left-hand carb heat bracket loose. removed and replaced loose rivets.,False
101366,R/H #4 INTAKE GASKET IS LEAKING. REMOVED & REPLACED INTAKE GASKET.,right-hand number 4 intake gasket is leaking. removed and replaced intake gasket.,False
101367,#3 ROCKER COVER LEAKING. REOVED & REPLACED #3 ROCKER COVER GASKET.,number 3 rocker cover leaking. removed and replaced number 3 rocker cover gasket.,False
101368,#1 ROCKER COVER GASKET LEAKING. REMOVED & REPLACED ROCKER COVER GASKET.,number 1 rocker cover gasket leaking. removed and replaced rocker cover gasket.,False
101369,"MIXTURE CHECK FAILS - RPM 200 RISE. RAN A/C, ADJUSTED IDLE MIXTURE IAW HMI, CHECKS GOOD.","mixture check fails, rpm 200 rise. ran aircraft, adjusted idle mixture in accordance with hmi, checks good.",False
101370,#4 INTAKE GASKET IS LEAKING. REMOVED & REPLACED INTAKE GASKET.,number 4 intake gasket is leaking. removed and replaced intake gasket.,False
101371,AFT BAFFLE BRACKET MISSING SCREW. INSTALLED NEW SCREW ON BAFFLE.,aft baffle bracket missing screw. installed new screw on baffle.,False
101372,#3 & 4 INTAKE GASKETS ARE LEAKING. REPLACED GASKETS.,number 3 and number 4 intake gaskets are leaking. replaced gaskets.,False
101373,#2 INTAKE GASKET IS LEAKING. REMOVED & REPLACED GASKET W/ NEW.,number 2 intake gasket is leaking. removed and replaced gasket with new.,False
101374,L/H AFT BAFFLE CRACKED. STOP DRILLED CRACK ON AFT BAFFLE.,left-hand aft baffle cracked. stop drilled crack on aft baffle.,False
101376,R/H AFT BAFFLE SUPPORT RIVETS SHEARED. REMOVED BAFFLE. DRILLED OUT SHEARED RIVETS. INSTALLED S,right-hand aft baffle support rivets sheared. removed baffle. drilled out sheared rivets. installed,False
101377,TOP BAFFLE IS CRACKED. FABRICATED PATCHES OUT OF LIKE MATERIAL & INSTALLED. RI,top baffle is cracked. fabricated patches out of like material and installed.,False
101379,L/H SIDE BAFFLE IS CRACKED. PROCURED SERVICEABLE SIDE BAFFLE - INSTALLED ON PD #2.,left-hand side baffle is cracked. procured serviceable side baffle. installed on pd number 2.,False
101380,R/H SIDE BAFFLE IS CRACKED. PATCHED R/H SIDE BAFFLE W/ LIKE MATERIAL. RIVETING IAW,right-hand side baffle is cracked. patched right-hand side baffle with like material. riveting in accordance with reference manual,False
101381,INDUCTION AIR FILTER CAN BE REPLACED. INSTALLED NEW FILTER. NEXT DUE @ 3961.3 TACH.,induction air filter can be replaced. installed new filter. next due at 3961 point 3 tach.,False
101382,BOTH LOWER DEFLECTORS CRACKED. PATCHED DEFLECTORS W/ LIKE MATERIAL.,both lower deflectors cracked. patched deflectors with like material.,False
101383,FWD L/H BAFFLE ANTI-CHAFE STRIP FELL OFF. CLEANED BAFFLE & REINSTALLED ANTI-CHAFE STRIP.,forward left-hand baffle anti-chafe strip fell off. cleaned baffle and reinstalled anti-chafe strip.,False
101384,#3 INTAKE LEAKING. REMOVED & REPLACED INTAKE GASKET.,number 3 intake leaking. removed and replaced intake gasket.,False
101385,R/H #3 AFT BAFFLE CRACKED. STOP DRILLED CRACK.,right-hand number 3 aft baffle cracked. stop drilled crack.,False
101386,L/H #3 INTAKE GASKET LEAKING. REMOVED & REPLACED INTAKE GASKET.,left-hand number 3 intake gasket leaking. removed and replaced intake gasket.,False
101387,R/H #2 & 4 INTAKE GASKETS LEAKING. REMOVED & REPLACED INTAKE GASKETS.,right-hand number 2 and number 4 intake gaskets leaking. removed and replaced intake gaskets.,False
101388,L/H ALL 4 ROCKER GASKETS ARE LEAKING. REMOVED & REPLACED ALL ROCKER COVER GASKETS.,left-hand all 4 rocker gaskets are leaking. removed and replaced all rocker cover gaskets.,False
101389,R/H ENG ALL 4 ROCKER GASKETS ARE LEAKING. REMOVED & REPLACED ALL ROCKER COVER GASKETS.,right-hand engine all 4 rocker gaskets are leaking. removed and replaced all rocker cover gaskets.,False
101390,ENGINE IS DIRTY. WASHED ENGINE.,engine is dirty. washed engine.,False
101392,"#1, 3, 4 ROCKER COVERS ARE LEAKING. REMOVED & REPLACED GASKETS.","numbers 1, 3, and 4 rocker covers are leaking. removed and replaced gaskets.",False
101394,ROCKER COVER GASKET FROM #3 CYLINDER TORN. REMOVED & REPLACED W/ NEW GASKET.,rocker cover gasket from number 3 cylinder torn. removed and replaced with new gasket.,False
101395,"REAR R/H ENGINE BAFFLE BRACKET RIVETS SHEARED. REMOVED REAR R/H ENGINE BAFFLE, INSTALLED NEW RIVETS TO","rear right-hand engine baffle bracket rivets sheared. removed rear right-hand engine baffle, installed new rivets",False
101396,#3 INTAKE LEAKING. REMOVED & REPLACED #3 INTAKE GASKET.,number 3 intake leaking. removed and replaced number 3 intake gasket.,False
101397,R/H REAR ENGINE BAFFLE SCREW LOOSE. TIGHTENED SCREW.,right-hand rear engine baffle screw loose. tightened screw.,False
101398,ENGINE IS DIRTY. CLEANED ENGINE.,engine is dirty. cleaned engine.,False
101399,#2 INTAKE IS LEAKING. REMOVED & REPLACED GASKET.,number 2 intake is leaking. removed and replaced gasket.,False
101400,MISSING SCREW FRONT BAFFLE ON R/H SIDE. INSTALLED NEW SCREW.,missing screw front baffle on right-hand side. installed new screw.,False
101401,"#1, 2 & 4 ROCKER COVERS ARE LEAKING. REMOVED & REPLACED GASKETS.","numbers 1, 2 and 4 rocker covers are leaking. removed and replaced gaskets.",False
101403,#2 & 3 ROCKER GASKET LEAKING. REMOVED & REPLACED GASKET.,number 2 and number 3 rocker gasket leaking. removed and replaced gasket.,False
101404,ROCKER COVER GASKET #3 CYL LEAKING. REMOVED & REPLACED ROCKER COVER GASKET.,rocker cover gasket number 3 cylinder leaking. removed and replaced rocker cover gasket.,False
101405,"AFT ENGINE BAFFLE BY CYL #3, SUPPORT SECURED TO ENGINE CASE. REMOVED & REPLACED RIVETS FOR ENGINE BAFFLE BRACKET BY","aft engine baffle by cylinder number 3, support secured to engine case. removed and replaced rivets for engine baffle bracket",False
101406,#3 ROCKER COVER LEAKING ON L/H ENGINE. REPLACED GASKET.,number 3 rocker cover leaking on left-hand engine. replaced gasket.,False
101407,#2 ROCKER COVER LEAKING ON R/H ENGINE. REMOVED & REPLACED ROCKER COVER GASKET.,number 2 rocker cover leaking on right-hand engine. removed and replaced rocker cover gasket.,False
101409,CYL #1 ROCKER COVER GASKET LEAKING. REMOVED & REPLACED ROCKER COVER GASKET.,cylinder number 1 rocker cover gasket leaking. removed and replaced rocker cover gasket.,False
101410,REAR R/H ENGINE BAFFLE BRACKET CRACKED. REMOVED REAR R/H ENGINE BAFFLE. FABRICATED NEW BRACKET,rear right-hand engine baffle bracket cracked. removed rear right-hand engine baffle. fabricated new bracket,False
101411,R/H REAR ENGINE BAFFLE MOUNTING SCREW MISSING. INSTALLED NEW SCREW.,right-hand rear engine baffle mounting screw missing. installed new screw.,False
101412,#2 & 4 ROCKER COVER IS LEAKING. REMOVED & REPLACED ROCKER COVER GASKETS.,number 2 and number 4 rocker cover is leaking. removed and replaced rocker cover gaskets.,False
101413,ENGINE IS DIRTY. WASHED ENGINE.,engine is dirty. washed engine.,False
101415,#3 ROCKER COVER IS LEAKING. REMOVED & REPLACED #3 ROCKER COVER GASKET.,number 3 rocker cover is leaking. removed and replaced number 3 rocker cover gasket.,False
101416,STUDENT COULDN'T START A/C. STARTED A/C.,student couldn't start aircraft. started aircraft.,False
101417,ENGINE RUNNING ROUGH AT IDLE. RAN A/C & CONFIRMED DISCREPANCY.,engine running rough at idle. ran aircraft and confirmed discrepancy.,False
101418,L/H ENGINE CYL #3 AFT BAFFLE CRACKED. STOP DRILLED CRACK.,left-hand engine cylinder number 3 aft baffle cracked. stop drilled crack.,False
101419,R/H ENG #3 INTAKE TUBE LEAKING. REPLACED GASKET.,right-hand engine number 3 intake tube leaking. replaced gasket.,False
101420,"L/H ENG #2, 3 & 4 ROCKER BOX COVERS LEAKING. REMOVED & REPLACED GASKETS.","left-hand engine numbers 2, 3 and 4 rocker box covers leaking. removed and replaced gaskets.",False
101421,IMPELLER MAKING CONTACT W/ SCROLL. CLEARANCED IMPELLER TO SCROLL BY REMOVING SHIM IN LOWER,impeller making contact with scroll. clearanced impeller to scroll by removing shim,False
101423,L/H ENG CYL # ROCKER COVER GASKET LEAKING. REMOVED & REPLACED GASKET.,left-hand engine cylinder rocker cover gasket leaking. removed and replaced gasket.,False
101425,"R/H ENG CYL #3, 1 ROCKER COVER GASKETS LEAKING. REMOVED & REPLACED R/H ENG CYL #1, 3 ROCKER COVER GASKE",right-hand engine cylinder number 3 and number 1 rocker cover gaskets leaking. removed and replaced right-hand engine cylinder number 1 and number 3 rocker cover gaskets,False
101427,#3 ROCKER COVER GASKET LEAKING. REMOVED & REPLACED GASKET W/ NEW.,number 3 rocker cover gasket leaking. removed and replaced gasket with new.,False
101429,ROCKER COVER GASKETS CYL #2 & 4 LEAKING. REMOVED & REPLACED ROCKER COVER GASKETS.,rocker cover gaskets cylinder number 2 and number 4 leaking. removed and replaced rocker cover gaskets.,False
101431,#1 ROCKER COVER IS LEAKING. REMOVED & REPLACED GASKET.,number 1 rocker cover is leaking. removed and replaced gasket.,False
101432,CYL #3 EXT GASKET IS 1/2 GONE. REPLACED EXT GASKET.,cylinder number 3 exhaust gasket is half gone. replaced exhaust gasket.,False
101433,OIL COOLER LINES LACING CORD IS FALLLING APART. REPLACED LANCING CORD.,oil cooler lines lacing cord is falling apart. replaced lacing cord.,False
101434,"R/H ENG CYL #4, 3 INTAKE GASKETS LEAKING. REMOVED & REPLACED GASKETS.",right-hand engine cylinder number 4 and number 3 intake gaskets leaking. removed and replaced gaskets.,False
101437,R/H ENG ALL CYL ROCKER COVER GASKETS LEAKING. REMOVED & REPLACED ALL CYL ROCKER COVER GASKETS ON R/H,right-hand engine all cylinder rocker cover gaskets leaking. removed and replaced all cylinder rocker cover gaskets on right-hand,False
101438,CYL #4 INTAKE GASKET LEAKING. REMOVED & REPLACED INTAKE GASKET W/ NEW.,cylinder number 4 intake gasket leaking. removed and replaced intake gasket with new.,False
101442,"R/H ENGINE #4 CYLINDER AFT BAFFLE WIRE HARNESS TAB IS CRACKE. REMOVED CRACKED PART, FABRICATED PART W/ SIMILAR MATERI","right-hand engine number 4 cylinder aft baffle wire harness tab is cracked. removed cracked part, fabricated part with similar material",False
101444,#4 ROCKER COVER LEAKING. REMOVED & REPLACED ROCKER COVER GASKET.,number 4 rocker cover leaking. removed and replaced rocker cover gasket.,False
101445,"#2 INTAKE GASKET IS LEAKING. REPLACED W/ NEW GASKET, LEAK CHECK GOOD.","number 2 intake gasket is leaking. replaced with new gasket, leak check good.",False
101446,#1 CYLINDER IS MISSING A ROCKER COVER SCREW. INSTALLED SCREW & CHECKED ALL OTHER SCREWS - OK.,"number 1 cylinder is missing a rocker cover screw. installed screw and checked all other screws, ok.",False
101447,INTAKE GASKET CYL #2 LEAKING. REMOVED & REPLACED INTAKE GASKET.,intake gasket cylinder number 2 leaking. removed and replaced intake gasket.,False
101448,ROCKER COVER GASKET CYL #4 LEAKING. REMOVED & REPLACED ROCKER COVER GASKET.,rocker cover gasket cylinder number 4 leaking. removed and replaced rocker cover gasket.,False
101449,CYL #2 & 3 ROCKER COVERS ARE LEAKING. REMOVED & REPLACED ROCKER COVER GASKETS.,cylinder number 2 and number 3 rocker covers are leaking. removed and replaced rocker cover gaskets.,False
101450,#3 CYLINDER EXHAUST VALVE PUSH ROD TUBE APPEARS TO BE LEAKIN. CLEANED AREA.,number 3 cylinder exhaust valve push rod tube appears to be leaking. cleaned area.,False
101453,INTAKES 2 & 4 LEAKING ON L/H ENGINE. REMOVED & REPLACED INTAKE GASKETS.,intakes 2 and 4 leaking on left-hand engine. removed and replaced intake gaskets.,False
101454,"ROCKER COVERS 1, 2 & 4 LEAKING ON L/H ENGINE. REMOVED & REPLACED ROCKER COVER GASKETS.","rocker covers 1, 2 and 4 leaking on left-hand engine. removed and replaced rocker cover gaskets.",False
101455,#3 CYLINDER ON R/H ENGINE HAS LOW COMPRESSION. RUN UP & LEAK CK GOOD (COMPRESSION 75/80).,number 3 cylinder on right-hand engine has low compression. run up and leak check good. compression 75 out of 80.,False
101456,"#3 CYLINDER ON R/H ENGINE HAS LOW COMPRESSION. STAKED VALVES, REINSTALL COVER W/ NEW GASKET.","number 3 cylinder on right-hand engine has low compression. staked valves, reinstall cover with new gasket.",False
101457,#3 CYLINDER ON R/H ENGINE HAS LOW COMPRESSION. #3 CYL PRESS LOW EVEN AFTER ENGINE RUN UP. REMOVED R/H,number 3 cylinder on right-hand engine has low compression. number 3 cylinder pressure low even after engine run up. removed right-hand engine,False
101458,"#3 CYLINDER ON R/H ENGINE HAS LOW COMPRESSION. FOUND LEAKY INTAKE VALVE. DISASSEMBLED CYLINDER, DRESSE",number 3 cylinder on right-hand engine has low compression. found leaky intake valve. disassembled cylinder,False
101459,#3 CYLINDER ON R/H ENGINE HAS LOW COMPRESSION. DRY TAPPET CLEARANCE CK GOOD W/ SHORTER PUSH ROD ON INT,number 3 cylinder on right-hand engine has low compression. dry tappet clearance check good with shorter push rod on intake,False
101460,"#3 CYLINDER ON R/H ENGINE HAS LOW COMPRESSION. HONED CYL, MEASURED BORE - CHECK OK. CLEANED PISTON, FI","number 3 cylinder on right-hand engine has low compression. honed cylinder, measured bore, check ok. cleaned piston",False
101461,"R/H ENG, #1 INTAKE IS LEAKING. REMOVED & REPLACED INTAKE GASKET.","right-hand engine, number 1 intake is leaking. removed and replaced intake gasket.",False
101462,"L/H ENG, #2 INTAKE TUBE GASKET LEAKING. INSTALLED NEW INTAKE TUBE GASKET.","left-hand engine, number 2 intake tube gasket leaking. installed new intake tube gasket.",False
101465,"R/H ENG CYL #1, 2, 3 & 4 ROCKER COVERS LEAKING. REMOVED & REPLACED R/H ENG ROCKER COVER GASKETS.","right-hand engine cylinder numbers 1, 2, 3 and 4 rocker covers leaking. removed and replaced right-hand engine rocker cover gaskets.",False
101466,"L/H ENG, CYL #1, 3, 4 ROCKER COVER GASKETS LEAKING. REMOVED & REPLACED L/H ENG CYL #1, 3 & 4 ROCKER COVER G","left-hand engine, cylinder numbers 1, 3, and 4 rocker cover gaskets leaking. removed and replaced left-hand engine cylinder numbers 1, 3 and 4 rocker cover gaskets",False
101467,#1 CYL LWR INTAKE CLAMPS ARE LOOSE. ADJUSTED BOTH CLAMPS TO ACCESS BETTER & TIGHTENED.,number 1 cylinder lower intake clamps are loose. adjusted both clamps to access better and tightened.,False
101468,#2 & 3 ROCKER COVERS LEAKING. REMOVED & REPLACED GASKETS.,number 2 and number 3 rocker covers leaking. removed and replaced gaskets.,False
101469,CRACK IN AFT ENGINE BAFFLE @ OIL COOLER ON R/H ENGINE. STOP DRILLED CRACK.,crack in aft engine baffle at oil cooler on right-hand engine. stop drilled crack.,False
101471,"IDLE OVERRIDE LOW. PILOT RAN A/C, ADJUSTED IDLE SPEED. CHECKS GOOD.","idle override low. pilot ran aircraft, adjusted idle speed. checks good.",False
101472,"#1, 3 & 4 CYLINDER ROCKER COVERS ARE LEAKING. REPLACED ROCKER COVER GASKETS, CYL #3 HOLES HAD TO BE T","numbers 1, 3 and 4 cylinder rocker covers are leaking. replaced rocker cover gaskets, cylinder number 3 holes had to be tapped",False
101473,CYL #2 ROCKER COVER GASKET LEAKING. REMOVED & REPLACED ROCKER COVER GASKET.,cylinder number 2 rocker cover gasket leaking. removed and replaced rocker cover gasket.,False
101474,CYL #2 ROCKER COVER GASKET LEAKING. REMOVED & REPLACED CYL #2 ROCKER COVER GASKET.,cylinder number 2 rocker cover gasket leaking. removed and replaced cylinder number 2 rocker cover gasket.,False
101475,SPARK PLUG ACCESS HOLE ON BAFFLE CYL #4 ELONGATED. FABRICATED PATCH AROUND ACCESS HOLE & RIVETED,spark plug access hole on baffle cylinder number 4 elongated. fabricated patch around access hole and riveted,False
101479,INTAKE GASKET CYL #2 LEAKING. REMOVED & REPLACED INTAKE GASKET.,intake gasket cylinder number 2 leaking. removed and replaced intake gasket.,False
101480,"ROCKER COVER GASKETS CYL #1, 2 & 3 LEAKING. REMOVED & REPLACED ROCKER COVER GASKETS.","rocker cover gaskets cylinder numbers 1, 2 and 3 leaking. removed and replaced rocker cover gaskets.",False
101481,"FRONT RUBBER BAFFLE ON ENGINE, R/H SIDE, RIPPED FROM MOUNTIN. INSTALLED NEW RIVET ON BAFFLE.","front rubber baffle on engine, right-hand side, ripped from mounting. installed new rivet on baffle.",False
101483,CYL #4 INTAKE IS LEAKING. REMOVED & REPLACED CYL #4 INTAKE.,cylinder number 4 intake is leaking. removed and replaced cylinder number 4 intake.,False
101484,CYL #3 ROCKER COVER IS LEAKING. REMOVED & REPLACED CYL #3 ROCKER COVER GASKET.,cylinder number 3 rocker cover is leaking. removed and replaced cylinder number 3 rocker cover gasket.,False
101485,CYL #1 ROCKER COVER GASKET TORN. REMOVED & REPLACED ROCKER COVER GASKET.,cylinder number 1 rocker cover gasket torn. removed and replaced rocker cover gasket.,False
101486,CYL #4 INTAKE GASKET LEAKING. REMOVED & REPLACED INTAKE GASKET.,cylinder number 4 intake gasket leaking. removed and replaced intake gasket.,False
101488,#4 INTAKE LEAKING ON L/H ENGINE. REPLACED GASKET.,number 4 intake leaking on left-hand engine. replaced gasket.,False
101491,L/H ENGINE CYL #3 AFT BAFFLE IS CRACKED. STOP DRILLED CRACK.,left-hand engine cylinder number 3 aft baffle is cracked. stop drilled crack.,False
101492,L/H ENGINE CYL #1 & 3 INNER CYL BAFFLE TIE ROD AFT NUT IS MI. INSTALLED NEW NUT.,left-hand engine cylinder number 1 and number 3 inner cylinder baffle tie rod aft nut is missing. installed new nut.,False
101493,"CYL #2, 3 & 4 INTAKE GASKETS ARE LEAKING ON L/H ENG. REMOVED & REPLACED GASKETS.","cylinder numbers 2, 3 and 4 intake gaskets are leaking on left-hand engine. removed and replaced gaskets.",False
101495,R/H ENG CYL 1 & 3 ROCKER COVER GASKETS ARE LEAKING. REMOVED & REPLACED R/H ENG CYL #1 & 3 ROCKER COVER GASK,right-hand engine cylinder 1 and 3 rocker cover gaskets are leaking. removed and replaced right-hand engine cylinder number 1 and number 3 rocker cover gaskets,False
101496,CYL #3 INTAKE PIPE NEEDS TO BE RESWEDGED INTO SUMP. RESWEDGED INTAKE TUBE IAW LYCOMING OVERHAUL,cylinder number 3 intake pipe needs to be reswedged into sump. reswedged intake tube in accordance with lycoming overhaul manual,False
101497,R/H REAR BAFFLE MOUNTING SCREW LOOSE. TIGHTENED SCREW.,right-hand rear baffle mounting screw loose. tightened screw.,False
101498,#2 INTAKE TUBE GASKET LEAKING. INSTALLED NEW #2 INTAKE TUBE GASKET.,number 2 intake tube gasket leaking. installed new number 2 intake tube gasket.,False
101499,#1 INTAKE LEAKING. REPLACED GASKET.,number 1 intake leaking. replaced gasket.,False
101500,#2 INTAKE GASKET IS LEAKING. REPLACED GASKET.,number 2 intake gasket is leaking. replaced gasket.,False
101501,"#2, 3, 4 ROCKER GASKETS ARE LEAKING. REPLACED GASKETS.","numbers 2, 3, and 4 rocker gaskets are leaking. replaced gaskets.",False
101502,R/H SIDE BAFFLE IS CRACKED. FABRICATED PATCH W/ LIKE MATERIALS. RIVETED IAW,right-hand side baffle is cracked. fabricated patch with like materials. riveted in accordance with reference manual,False
101503,#1 ROCKER COVER IS LEAKING. REMOVED & REPLACED ROCKER COVER GASKET.,number 1 rocker cover is leaking. removed and replaced rocker cover gasket.,False
101505,#4 INTAKE LEAKING. REMOVED & REPLACED GASKETS.,number 4 intake leaking. removed and replaced gaskets.,False
101506,#2 INTAKE LEAKING. REMOVED & REPLACED #2 INTAKE GASKET.,number 2 intake leaking. removed and replaced number 2 intake gasket.,False
101507,#2 ROCKER COVER LEAKING. REMOVED & REPLACED #2 ROCKER COVER GASKET.,number 2 rocker cover leaking. removed and replaced number 2 rocker cover gasket.,False
101508,#3 ROCKER COVER LEAKING. REMOVED & REPLACED #3 ROCKER COVER GASKET.,number 3 rocker cover leaking. removed and replaced number 3 rocker cover gasket.,False
101509,CYL #4 ROCKER COVER GASKET IS LEAKING. REMOVED & REPLACED ROCKER COVER GASKET.,cylinder number 4 rocker cover gasket is leaking. removed and replaced rocker cover gasket.,False
101510,#2 & 4 INTAKE GASKETS LEAKING. REMOVED & REPLACED GASKETS W/ NEW.,number 2 and number 4 intake gaskets leaking. removed and replaced gaskets with new.,False
101512,L/H SIDE OF ENG BAFFLE WIRE LOOSE. INSTALLED NEW TIE WIRE.,left-hand side of engine baffle wire loose. installed new tie wire.,False
101513,L/H ENG CYL #2 INTAKE GASKET LEAKING. REMOVED & REPLACED INTAKE GASKET.,left-hand engine cylinder number 2 intake gasket leaking. removed and replaced intake gasket.,False
101514,R/H ENG CYL #3 INTAKE GASKET LEAKING. REMOVED & REPLACED INTAKE GASKET.,right-hand engine cylinder number 3 intake gasket leaking. removed and replaced intake gasket.,False
101515,"L/H ENGINE, R/H BACK BAFFLE IS CRACKED. STOP DRILLED CRACK.","left-hand engine, right-hand back baffle is cracked. stop drilled crack.",False
101516,L/H ENG #2 INTAKE LEAKING. REMOVED & REPLACED #2 INTAKE GASKET.,left-hand engine number 2 intake leaking. removed and replaced number 2 intake gasket.,False
101518,ENGINE BAFFLE BEHIND ALTERNATOR CRACKED. STOP DRILLED CRACK.,engine baffle behind alternator cracked. stop drilled crack.,False
101519,ROCKER COVER GASKETS #2 & 4 LEAKING. REMOVED & REPLACED ROCKER COVER GASKETS.,rocker cover gaskets number 2 and number 4 leaking. removed and replaced rocker cover gaskets.,False
101520,R/H FWD BAFFLE IS CRACKED. STOP DRILLED CRACK.,right-hand forward baffle is cracked. stop drilled crack.,False
101521,#3 ROCKER COVER IS LEAKING. REMOVED & REPLACED GASKET W/ NEW.,number 3 rocker cover is leaking. removed and replaced gasket with new.,False
101522,R/H ENGINE BAFFLE SCREW MISSING. INSTALLED NEW SCREW.,right-hand engine baffle screw missing. installed new screw.,False
101524,FWD BAFFLE CHAFING ON MUFFLER SHROUD. REPOSITIONED BAFFLE.,forward baffle chafing on muffler shroud. repositioned baffle.,False
101525,CYL #4 INTAKE IS LEAKING. REMOVED & REPLACED INTAKE GASKET.,cylinder number 4 intake is leaking. removed and replaced intake gasket.,False
101526,#1 ROCKER COVER LEAKING. REMOVED & REPLACED #1 ROCKER COVER GASKET.,number 1 rocker cover leaking. removed and replaced number 1 rocker cover gasket.,False
101527,#3 ROCKER COVER LEAKING. REMOVED & REPLACED #3 ROCKER COVER GASKET.,number 3 rocker cover leaking. removed and replaced number 3 rocker cover gasket.,False
101528,#3 INTAKE GASKET LEAKING. REMOVED & REPLACED #3 INTAKE GASKET.,number 3 intake gasket leaking. removed and replaced number 3 intake gasket.,False
101529,CYL #4 ROCKER COVER GASKET LEAKING. REMOVED & REPLACED CYL #4 ROCKER COVER GASKET.,cylinder number 4 rocker cover gasket leaking. removed and replaced cylinder number 4 rocker cover gasket.,False
101530,R/H ENG #4 BAFFLE SEAL TORN. REMOVED & REPLACED BAFFLE SEAL.,right-hand engine number 4 baffle seal torn. removed and replaced baffle seal.,False
101531,R/H ENG #3 INTAKE TUBE GASKET LEAKING. REMOVED & REPLACED GASKET.,right-hand engine number 3 intake tube gasket leaking. removed and replaced gasket.,False
101532,R/H ENG #1 & 3 BAFFLE TIE ROD SPACER LOOSE. RESECURED BAFFLE TIE ROD.,right-hand engine number 1 and number 3 baffle tie rod spacer loose. resecured baffle tie rod.,False
101533,CYL #3 L/H ENG INTAKE GASKET LEAKING. REMOVED & REPLACED CYL #3 L/H ENG INTAKE GASKET.,cylinder number 3 left-hand engine intake gasket leaking. removed and replaced cylinder number 3 left-hand engine intake gasket.,False
101534,R/H ENG CYL #2 INTAKE GASKET LEAKING. REMOVED & REPLACED R/H ENG CYL #2 INTAKE GASKET.,right-hand engine cylinder number 2 intake gasket leaking. removed and replaced right-hand engine cylinder number 2 intake gasket.,False
101536,L/H ENG CYL #4 INTAKE IS LEAKING. REMOVED & REPLACED INTAKE GASKET.,left-hand engine cylinder number 4 intake is leaking. removed and replaced intake gasket.,False
101538,R/H ENG FWD CYL #2 BAFFLE SEAL IS TORN. REMOVED & REPLACED BAFFLE SEAL W/ NEW.,right-hand engine forward cylinder number 2 baffle seal is torn. removed and replaced baffle seal with new.,False
101539,L/H ENG SNIFFLER VALVE HOSE ADEL CLAMP RUBBER IS WORN OUT. REMOVED & REPLACED ADEL CLAMP.,left-hand engine sniffler valve hose adel clamp rubber is worn out. removed and replaced adel clamp.,False
101540,"L/H ENG CYL #1, 2 & 3 ROCKER COVERS ARE LEAKING. REMOVED & REPLACED ROCKER COVER GASKETS.","left-hand engine cylinder numbers 1, 2 and 3 rocker covers are leaking. removed and replaced rocker cover gaskets.",False
101541,"IMMEDIATELY AFTER ENGINE START, HIGH PITCHED WHINE/SQUEAL/WH. RAN A/C, ENGINE FUNCTION NORMAL. NO UNUSUAL NOISE NOTED","immediately after engine start, high pitched whine, squeal. ran aircraft, engine function normal. no unusual noise noted",False
101542,"CYL #4, 3 ROCKER COVER GASKETS LEAKING. REMOVED & REPLACED ROCKER COVER GASKETS.",cylinder number 4 and number 3 rocker cover gaskets leaking. removed and replaced rocker cover gaskets.,False
101544,L/H BACK BAFFLE HAS A CRACK. STOP DRILLED CRACK.,left-hand back baffle has a crack. stop drilled crack.,False
101545,#1 INTAKE IS LEAKING. REMOVED & REPLACED INTAKE GASKET.,number 1 intake is leaking. removed and replaced intake gasket.,False
101547,ADEL CLAMP TORN BY R/H ENGINE MOUNT. REMOVED & REPLACED CLAMP.,adel clamp torn by right-hand engine mount. removed and replaced clamp.,False
101548,RIVNUT STRIPPED OUT ON FIREWALL FOR A/F FUEL FILTER. REMOVED & REPLACED RIVNUT.,rivnut stripped out on firewall for aft fuel filter. removed and replaced rivnut.,False
101549,"LEFT ENGINE N1 RPM HAS 3 TO 4% UNCOMMANDED INCREASE WHEN ENG. INSPECTED EXTERNAL LINKAGE, NO PROBLEMS NOTED.","left engine n 1 rpm has 3 to 4 percent uncommanded increase. inspected external linkage, no problems noted.",False
101550,"TABS ARE BROKEN OFF BAFFLE PLUGS, L/H & R/H SIDES. REPLACED L/H & R/H BAFFLE PLUGS.","tabs are broken off baffle plugs, left-hand and right-hand sides. replaced left-hand and right-hand baffle plugs.",False
101551,"ENGINE QUIT WHEN THROTTLE WAS CLOSED DURING SHUT DOWN PRIOR. RAN UP A/C, NO DEFECTS NOTED.","engine quit when throttle was closed during shutdown prior. ran up aircraft, no defects noted.",False
101552,"L/H ENG, L/H BAFFLE TIE ROD PULLED THROUGH BAFFLE. REMOVED & REPLACED BAFFLE.","left-hand engine, left-hand baffle tie rod pulled through baffle. removed and replaced baffle.",False
101553,L/H ENG #2 INTAKE GASKET LEAKING. REMOVED & REPLACED L/H ENG #2 INTAKE GASKET.,left-hand engine number 2 intake gasket leaking. removed and replaced left-hand engine number 2 intake gasket.,False
101554,"BAFFLE SEAL LOOSE ON LH/ ENG, #4 AFT BAFFLE. SECURED BAFFLE SEAL BACK ON ENGINE BAFFLE.","baffle seal loose on left-hand engine, number 4 aft baffle. secured baffle seal back on engine baffle.",False
101557,"R/H ENG BURNER CAN DRAIN, RIGID LINE IS CONTACTING BOTTOM CO. LEAK CK GOOD.","right-hand engine burner can drain, rigid line is contacting bottom. leak check good.",False
101561,"AFTER TAKEOFF, RPM'S WERE FLUCTUATING & ENGINE STARTED TO RU. RAN A/C, COULD NOT DUPLICATE. REMOVED COWLING & INSPECT","after takeoff, rpms were fluctuating and engine started to run rough. ran aircraft, could not duplicate. removed cowling and inspected",False
101563,OIL LEAK NOTED ON FRONT ENGINE SECTION. CHECKED TORQUE ON FRONT MAIN BEARING NUTS & CRANKCASE B,oil leak noted on front engine section. checked torque on front main bearing nuts and crankcase,False
101564,CYL #1 INTAKE GASKET LEAKING. REMOVED & REPLACED INTAKE GASKET.,cylinder number 1 intake gasket leaking. removed and replaced intake gasket.,False
101565,"CYL #2, 3 & 4 ROCKER COVERS ARE LEAKING. REMOVED & REPLACED GASKETS.","cylinder numbers 2, 3 and 4 rocker covers are leaking. removed and replaced gaskets.",False
101567,CYL #4 INTAKE GASKET LEAKING. REMOVED & REPLACED CYL #4 INTAKE GASKET.,cylinder number 4 intake gasket leaking. removed and replaced cylinder number 4 intake gasket.,False
101568,FWD ENGINE BAFFLE CRACKED BEHIND ALTERNATOR. STOP DRILLED CRACK.,forward engine baffle cracked behind alternator. stop drilled crack.,False
101569,"CYL #1, 2 ROCKER COVER GASKETS LEAKING. REMOVED & REPLACED GASKETS.",cylinder number 1 and number 2 rocker cover gaskets leaking. removed and replaced gaskets.,False
101571,INTAKES #2 & 4 LEAKING ON L/H ENGINE. REMOVED & REPLACED INTAKE GASKETS.,intakes number 2 and number 4 leaking on left-hand engine. removed and replaced intake gaskets.,False
101574,CYL #4 INTAKE IS LEAKING. REPLACED INTAKE GASKET.,cylinder number 4 intake is leaking. replaced intake gasket.,False
101575,FWD BAFFLE IS CHAFING ON MUFFLER HEAT SHROUD. REPOSITIONED BAFFLE.,forward baffle is chafing on muffler heat shroud. repositioned baffle.,False
101577,CYL #1 GOV BAFFLE SEAL IS COMING OFF. REFASTENED BAFFLE SEAL.,cylinder number 1 governor baffle seal is coming off. refastened baffle seal.,False
101579,"ON RUN UP, L/H MAG DROPPED 350 RPM. REMOVED PISTON, CLEANED & PRESERVED #2 CYL. ROCKER OIL","on run up, left-hand magneto dropped 350 rpm. removed piston, cleaned and preserved number 2 cylinder.",False
101580,"ON RUN UP, L/H MAG DROPPED 350 RPM. REMOVED #4 CYL, FOUND OIL CONTROL RING GAP FACING DOWN.","on run up, left-hand magneto dropped 350 rpm. removed number 4 cylinder, found oil control ring gap facing down.",False
101581,"ON RUN UP, L/H MAG DROPPED 350 RPM. COMPLETED REASSY OF ENGINE. ADDED 8 QTS OF MINERAL OIL.","on run up, left-hand magneto dropped 350 rpm. completed reassembly of engine. added 8 quarts of mineral oil.",False
101582,"ON RUN UP, L/H MAG DROPPED 350 RPM. LEAK CK'ED VALVES, HONED CYLINDER, BORE MEASURE GOOD. F","on run up, left-hand magneto dropped 350 rpm. leak checked valves, honed cylinder, bore measure good.",False
101584,ALL 4 ROCKER COVERS HAVE LOOSE SCREWS. TIGHTENED SCREWS.,all 4 rocker covers have loose screws. tightened screws.,False
101585,CYL #4 BAFFLE PLUG HOLE IS ENLARGED. INSTALLED PATCH FABRICATED OUT OF LIKE MATERIAL.,cylinder number 4 baffle plug hole is enlarged. installed patch fabricated out of like material.,False
101586,CYL #2 ROCKER COVER GASKET LEAKING. REMOVED & REPLACED CYL #2 ROCKER COVER GASKET.,cylinder number 2 rocker cover gasket leaking. removed and replaced cylinder number 2 rocker cover gasket.,False
101587,CYL #4 INTAKE IS LEAKING. REPLACED INTAKE GASKET.,cylinder number 4 intake is leaking. replaced intake gasket.,False
101588,CYL 32 INTAKE GASKET IS LEAKING. REMOVED & REPLACED GASKET W/ NEW.,cylinder 32 intake gasket is leaking. removed and replaced gasket with new.,False
101592,ROCKER COVER GASKET #3 LEAKING. REMOVED & REPLACED ROCKER COVER GASKET.,rocker cover gasket number 3 leaking. removed and replaced rocker cover gasket.,False
101594,FWD R/H ENGINE BAFFLE SEAL LOOSE. RESECURED BAFFLE SEAL.,forward right-hand engine baffle seal loose. resecured baffle seal.,False
101595,#4 ROCKER COVER GASKET IS LEAKING. REMOVED & REPLACED ROCKER COVER GASKET W/ NEW.,number 4 rocker cover gasket is leaking. removed and replaced rocker cover gasket with new.,False
101596,OIL LINE 90 DEGREE ADEL CLAMP BRACKET IS BROKEN. REMOVED & REPLACED BROKEN BRACKET.,oil line 90 degree adel clamp bracket is broken. removed and replaced broken bracket.,False
101597,CYL #4 ROCKER COVER GASKET NEEDS TO BE REPLACED. REMOVED & REPLACED CYL #4 ROCKER COVER GASKET & RETAPPE,cylinder number 4 rocker cover gasket needs to be replaced. removed and replaced cylinder number 4 rocker cover gasket and retapped,False
101598,CYL #2 & 3 INTAKES ARE LEAKING. REMOVED & REPLACED INTAKE GASKETS.,cylinder number 2 and number 3 intakes are leaking. removed and replaced intake gaskets.,False
101599,BOTH BAFFLE PLUGS HAVE TOO MANY TABS MISSING. REMOVED & REPLACED BAFFLE PLUGS.,both baffle plugs have too many tabs missing. removed and replaced baffle plugs.,False
101600,CYL #2 & 4 ROCKER COVERS ARE LEAKING. REMOVED & REPLACED ROCKER COVER GASKETS.,cylinder number 2 and number 4 rocker covers are leaking. removed and replaced rocker cover gaskets.,False
101601,"CYL #3 AFT BAFFLE I/B MOUNT RIVETS SHEARED. REMOVED BAFFLE, REPLACED RIVETS & REINSTALLED BAFFLE.","cylinder number 3 aft baffle inboard mount rivets sheared. removed baffle, replaced rivets and reinstalled baffle.",False
101602,#3 & 4 INTAKES LEAKING. REMOVED & REPLACED INTAKE GASKETS.,number 3 and number 4 intakes leaking. removed and replaced intake gaskets.,False
101603,"CYL #2 INTAKE TUBE AT SUMP HAS POSSIBLE FUEL LEAK. CLEANED TUBE, GROUND RUN LEAK CK GOOD.","cylinder number 2 intake tube at sump has possible fuel leak. cleaned tube, ground run leak check good.",False
101604,#4 INTAKE LEAKING. REMOVED & REPLACED #4 INTAKE GASKET.,number 4 intake leaking. removed and replaced number 4 intake gasket.,False
101605,#1 ROCKER COVER LEAKING. REMOVED & REPLACED #1 ROCKER COVER GASKET.,number 1 rocker cover leaking. removed and replaced number 1 rocker cover gasket.,False
101606,"ROCKER COVERS 1, 2 & 4 LEAKING. REMOVED & REPLACED ROCKER COVER GASKETS.","rocker covers 1, 2 and 4 leaking. removed and replaced rocker cover gaskets.",False
101607,R/H FWD BAFFLE SEAL LOOSE. RESECURED BAFFLE SEAL.,right-hand forward baffle seal loose. resecured baffle seal.,False
101608,#4 INTAKE LEAKING. REPLACED GASKET.,number 4 intake leaking. replaced gasket.,False
101609,#4 INTAKE GASKET LEAKING. REMOVED & REPLACED GASKET.,number 4 intake gasket leaking. removed and replaced gasket.,False
101610,CYL #2 ROCKER COVER LEAKING. REMOVED & REPLACED ROCKER COVER GASKET.,cylinder number 2 rocker cover leaking. removed and replaced rocker cover gasket.,False
101611,"CYL #1, 3 ROCKER COVER GASKETS LEAKING. REMOVED & REPLACED ROCKER COVER GASKETS.",cylinder number 1 and number 3 rocker cover gaskets leaking. removed and replaced rocker cover gaskets.,False
101612,"POWER AT IDLE, ENGINE QUIT. RESTARTED & TESTED IDLE W/ FULL. RAN UP A/C ENGINE. ADJUSTED IDLE SPEED. IDLE MIXTURE CH","power at idle, engine quit. restarted and tested idle with full. ran up aircraft engine. adjusted idle speed. idle mixture check good",False
101613,"DURING FLIGHT, R/H COWL FLAP WOULD NOT STAY OPEN. TIGHTENED BOLT THAT ATTACHES COWL FLAP LEVERS & ADJUSTE","during flight, right-hand cowl flap would not stay open. tightened bolt that attaches cowl flap levers and adjusted",False
101614,R/H BAFFLE TIE ROD BROKEN. REMOVED & REPLACED BAFFLE TIE ROD.,right-hand baffle tie rod broken. removed and replaced baffle tie rod.,False
101616,L/H ENG #2 INTAKE GASKET LEAKING. REMOVED & REPLACED GASKET.,left-hand engine number 2 intake gasket leaking. removed and replaced gasket.,False
101618,R/H ENG #4 CYL BAFFLE SEAL IS TEARING OFF. INSTALLED NEW BAFFLE SEAL.,right-hand engine number 4 cylinder baffle seal is tearing off. installed new baffle seal.,False
101619,"R/H ENG TOP CRANKCASE HALF BOLT W/ ENG HOIST LOOP IS LEAKING. REMOVED BOLT, CLEANED, RESEALED W/ HI-TEMP SILICONE & T","right-hand engine top crankcase half bolt with engine hoist loop is leaking. removed bolt, cleaned, resealed with high-temperature silicone",False
101620,"SUPPORT FROM #4 CYL AFT BAFFLE TO CRANKCASE HALF IS BROKEN O. REMOVED ROD, REPAIRED IAW , CH 4, SEC 5. REI","support from number 4 cylinder aft baffle to crankcase half is broken. removed rod, repaired in accordance with reference manual, chapter 4, section 5.",False
101622,#2 INTAKE CYL GASKET LEAKING. REMOVED & REPLACED INTAKE GASKET.,number 2 intake cylinder gasket leaking. removed and replaced intake gasket.,False
101623,FWD R/H BAFFLE SEAL LOOSE. RESECURED BAFFLE SEAL.,forward right-hand baffle seal loose. resecured baffle seal.,False
101624,CYL #3 INTAKE GASKET LEAKING. REMOVED & REPLACED INTAKE GASKET.,cylinder number 3 intake gasket leaking. removed and replaced intake gasket.,False
101626,CYL #4 & 2 INTAKE GASKETS LEAKING. REMOVED & REPLACED CYL #2 & 4 INTAKE GASKETS.,cylinder number 4 and number 2 intake gaskets leaking. removed and replaced cylinder number 2 and number 4 intake gaskets.,False
101627,#2 INDUCTION TUBE GASKET LEAKING. INSTALLED NEW INDUCTION TUBE GASKET.,number 2 induction tube gasket leaking. installed new induction tube gasket.,False
101628,R/H FORWARD BAFFLE SEAL IS LOOSE. RESECURED R/H BAFFLE SEAL.,right-hand forward baffle seal is loose. resecured right-hand baffle seal.,False
101631,"ON ENGINE START, ENGINE WAS UNUSUALLY ROUGH. ATTEMPTED TO LE. STARTED A/C, ENGINE RAN VERY ROUGH, THEN SMOOTHED OUT.","on engine start, engine was unusually rough. attempted to lean. started aircraft, engine ran very rough, then smoothed out.",False
101633,"ON ENGINE START, ENGINE WAS UNUSUALLY ROUGH. ATTEMPTED TO LE. INSTALLED FUEL FLOW TRANSDUCER & BEGAN TO ROUTE FUEL LI","on engine start, engine was unusually rough. attempted to lean. installed fuel flow transducer and began to route fuel lines",False
101637,"AFT BAFFLE SEAL LOOSE, R/H SIDE. RESECURED BAFFLE SEAL.","aft baffle seal loose, right-hand side. resecured baffle seal.",False
101638,CYL #2 & 4 ROCKER COVERS ARE LEAKING. REMOVED & REPLACED ROCKER COVER GASKETS.,cylinder number 2 and number 4 rocker covers are leaking. removed and replaced rocker cover gaskets.,False
101639,"#1, 2, 3 & 4 ROCKER COVER GASKETS LEAKING. REMOVED & REPLACED ROCKER COVER GASKETS.","numbers 1, 2, 3 and 4 rocker cover gaskets leaking. removed and replaced rocker cover gaskets.",False
101640,CYL #3 INTAKE GASKET LEAKING. REMOVED & REPLACED INTAKE GASKET.,cylinder number 3 intake gasket leaking. removed and replaced intake gasket.,False
101641,#4 INTAKE LEAKING. INSTALLED NEW #4 INDUCTION TUBE GASKET.,number 4 intake leaking. installed new number 4 induction tube gasket.,False
101642,#1 ROCKER COVER IS LEAKING. REMOVED & REPLACED GASKET.,number 1 rocker cover is leaking. removed and replaced gasket.,False
101643,#2 INDUCTION TUBE GASKET LEAKING. INSTALLED NEW #2 INDUCTION TUBE GASKET.,number 2 induction tube gasket leaking. installed new number 2 induction tube gasket.,False
101644,#4 CYL COMPRESSION TEST WAS 35/80. STAKED VALVES - NO CHANGE IN COMPRESSION.,number 4 cylinder compression test was 35 out of 80. staked valves. no change in compression.,False
101646,#4 CYL COMPRESSION TEST WAS 35/80. #2 & 4 OIL DRAINS CONNECTED. #4 FUEL INJECTOR LINE INST,number 4 cylinder compression test was 35 out of 80. number 2 and number 4 oil drains connected. number 4 fuel injector line installed,False
101647,"#4 CYL COMPRESSION TEST WAS 35/80. REMOVED #4 CYL, INCLUDED #4 FUEL INJ LINE AND #2 & 4 OI","number 4 cylinder compression test was 35 out of 80. removed number 4 cylinder, included number 4 fuel injector line",False
101649,"LEAKING INTAKE TUBE CYL #4, LEAK AT ATTACH POINT TO OIL SUMP. REMOVED ENGINE COWLING.","leaking intake tube cylinder number 4, leak at attach point to oil sump. removed engine cowling.",False
101650,"LEAKING INTAKE TUBE CYL #4, LEAK AT ATTACH POINT TO OIL SUMP. RESWEDGED INTAKE CONNECTOR INTO SUMP. REINSTALLED COWLI","leaking intake tube cylinder number 4, leak at attach point to oil sump. reswedged intake connector into sump. reinstalled cowling",False
101651,#4 INTAKE LEAKING. REPLACED INTAKE GASKET.,number 4 intake leaking. replaced intake gasket.,False
101653,"OIL SEEP, R/H ENGINE TACH GEN. REMOVED TACH GENERATOR. FABRICATED EXTRACTION TOOL. REM","oil seep, right-hand engine tach generator. removed tachometer generator. fabricated extraction tool.",False
101654,CYL #2 OIL RETURN LINE WAS DISCONNECTED & FITTING REMOVED. LEAK CK GOOD.,cylinder number 2 oil return line was disconnected and fitting removed. leak check good.,False
101655,#1 - 3 O/B BAFFLE TIE WORN THRU AFT BAFFLE. REPOSITIONED #1 & 3 O/B BAFFLE TIE.,number 1 and number 3 outboard baffle tie worn through aft baffle. repositioned number 1 and number 3 outboard baffle tie.,False
101656,"#2 OIL DRAIN TUBE CHAFING ON BAFFLE. REMOVED #2 OIL RETURN LINE FROM CYL HEAD, REMOVED ROCKE","number 2 oil drain tube chafing on baffle. removed number 2 oil return line from cylinder head, removed rocker cover",False
101657,"#2 FWD BAFFLE CRACKED BEYOND STOP DRILL. STOP DRILLED CRACK, FABRICATED PATCH OF LIKE MATERIAL &","number 2 forward baffle cracked beyond stop drill. stop drilled crack, fabricated patch of like material",False
101658,"REAR BAFFLE BRACKET AT ENGINE CENTER BROKEN AT BOLT. REMOVED CRACKED BRACKET, FABRICATED NEW BRACKET FROM LI","rear baffle bracket at engine center broken at bolt. removed cracked bracket, fabricated new bracket from like material",False
101659,CYL #2 OIL RETURN LINE WAS DISCONNECTED & FITTING REMOVED. REINSTALLED 45 DEGREE FITTING & REATTACHED CYL HEAD END,cylinder number 2 oil return line was disconnected and fitting removed. reinstalled 45 degree fitting and reattached cylinder head end,False
101660,#2 ROCKER COVER LEAKING. REMOVED & REPLACED ROCKER COVER GASKET.,number 2 rocker cover leaking. removed and replaced rocker cover gasket.,False
101661,R/H REAR ENGINE BAFFLE SCREW LOOSE. TIGHTENED SCREW.,right-hand rear engine baffle screw loose. tightened screw.,False
101662,#3 INTAKE LEAKING. REPLACED GASKET.,number 3 intake leaking. replaced gasket.,False
101663,R/H FWD ENGINE BAFFLE MISSING PLUG. REPLACED PLUG.,right-hand forward engine baffle missing plug. replaced plug.,False
101664,#4 INTAKE LEAKING. REMOVED & REPLACED INTAKE GASKET.,number 4 intake leaking. removed and replaced intake gasket.,False
101665,#1 ROCKER COVER LEAKING. REMOVED & REPLACED ROCKER COVER GASKET.,number 1 rocker cover leaking. removed and replaced rocker cover gasket.,False
101666,"CYL #2, 3 & 4 ROCKER COVER GASKETS LEAKING. REMOVED & REPLACED ROCKER COVER GASKETS.","cylinder numbers 2, 3 and 4 rocker cover gaskets leaking. removed and replaced rocker cover gaskets.",False
101667,"FAILED OVERRIDE SPEED CHECK, RPM DROPPED TO 800 RPM & STABIL. ADJUSTED IDLE SPEED, RAN UP A/C, OPS CK GOOD.","failed override speed check, rpm dropped to 800 rpm and stabilized. adjusted idle speed, ran up aircraft, operations check good.",False
101669,CYL #2 INTAKE GASKET LEAKING. REMOVED & REPLACED INTAKE GASKET.,cylinder number 2 intake gasket leaking. removed and replaced intake gasket.,False
101670,"ENGINE RPM WAS 1700. RAN UP A/C, ADJUSTED IDLE SPEED. OPS CK GOOD.","engine rpm was 1700. ran up aircraft, adjusted idle speed. operations check good.",False
101671,R/H BAFFLE SUPPORT ROD FOR CYL 1 & 3 BROKEN. REMOVED & REPLACED ROD.,right-hand baffle support rod for cylinder 1 and 3 broken. removed and replaced rod.,False
101672,CYL #3 AFT BAFFLE HAS SHEARED RIVET. REMOVED AFT BAFFLE & OIL PSI LINE. REPLACED RIVET. INST,cylinder number 3 aft baffle has sheared rivet. removed aft baffle and oil psi line. replaced rivet.,False
101673,#2 & 4 ROCKER COVER GASKETS LEAKING. REMOVED & REPLACED ROCKER COVER GASKETS & SAFETIED BOLT,number 2 and number 4 rocker cover gaskets leaking. removed and replaced rocker cover gaskets and safetied bolt,False
101676,"#3 CYL AFT BAFFLE ON L/H ENG IS CRACKED. FABRICATED & INSTALLED PATCH IAW , PAR 4-53","number 3 cylinder aft baffle on left-hand engine is cracked. fabricated and installed patch in accordance with reference manual, paragraph 57",False
101677,#4 INTAKE GASKET LEAKING. REMOVED & REPLACED #4 INTAKE GASKET.,number 4 intake gasket leaking. removed and replaced number 4 intake gasket.,False
101678,#2 ROCKER COVER LEAKING. REMOVED & REPLACED #2 ROCKER COVER GASKET.,number 2 rocker cover leaking. removed and replaced number 2 rocker cover gasket.,False
101679,CYL #2 INTAKE GASKET LEAKING. REMOVED & REPLACED INTAKE GASKET.,cylinder number 2 intake gasket leaking. removed and replaced intake gasket.,False
101680,R/H ENG #2 INDUCTION TUBE GASKET LEAKING. INSTALLED NEW #2 INDUCTION TUBE GASKET.,right-hand engine number 2 induction tube gasket leaking. installed new number 2 induction tube gasket.,False
101681,"ROCKER COVERS #2, 3 & 4 LEAKING ON R/H ENGINE. INSTALLED NEW ROCKER BOX COVER GASKETS.","rocker covers numbers 2, 3 and 4 leaking on right-hand engine. installed new rocker box cover gaskets.",False
101683,#2 INTAKE LEAKING ON L/H ENGINE. INSTALLED NEW #2 INTAKE GASKET.,number 2 intake leaking on left-hand engine. installed new number 2 intake gasket.,False
101684,#2 & 4 ROCKER COVERS LEAKING ON L/H ENGINE. INSTALLED NEW ROCKER BOX COVER GASKETS.,number 2 and number 4 rocker covers leaking on left-hand engine. installed new rocker box cover gaskets.,False
101685,ROCKER COVERS #2 & 4 LEAKING ON R/H ENGINE. INSTALLED NEW ROCKER BOX COVER GASKETS.,rocker covers number 2 and number 4 leaking on right-hand engine. installed new rocker box cover gaskets.,False
101686,"#3 CYL ON R/H ENG HAS LOW COMPRESSION. BORESCOPED CYLINDER, FOUND EXHAUST VALVE TO APPEAR BURN","number 3 cylinder on right-hand engine has low compression. borescoped cylinder, found exhaust valve to appear burned",False
101687,#3 CYL ON R/H ENG HAS LOW COMPRESSION. REMOVED CYLINDER ASSY. INSTALLED REPAIRED CYL ASSY & PE,number 3 cylinder on right-hand engine has low compression. removed cylinder assembly. installed repaired cylinder assembly,False
101688,"#3 CYL ON R/H ENG HAS LOW COMPRESSION. TORQUED BASE NUTS TO SPECS. REINSTALLED EXHAUST, INTAKE",number 3 cylinder on right-hand engine has low compression. torqued base nuts to specs. reinstalled exhaust,False
101689,CYL #3 LEAKING INTAKE TUBE AT OIL SUMP. REMOVED ENGINE COWLING.,cylinder number 3 leaking intake tube at oil sump. removed engine cowling.,False
101690,CYL #3 LEAKING INTAKE TUBE AT OIL SUMP. RESWEDGED #3 INTAKE TUBE IAW LYCOMING OVERHAUL MANUAL.,cylinder number 3 leaking intake tube at oil sump. reswedged number 3 intake tube in accordance with lycoming overhaul manual.,False
101691,"ROCKER COVER GASKETS CYL #2, 3 & 4 LEAKING. REMOVED & REPLACED ROCKER COVER GASKETS, CLEANED LEAKS.","rocker cover gaskets cylinder numbers 2, 3 and 4 leaking. removed and replaced rocker cover gaskets, cleaned leaks.",False
101692,#2 INTAKE LEAKING. REMOVED & REPLACED #2 INTAKE GASKET.,number 2 intake leaking. removed and replaced number 2 intake gasket.,False
101693,#4 INTAKE LEAKING. REMOVED & REPLACED INTAKE GASKET.,number 4 intake leaking. removed and replaced intake gasket.,False
101694,INTAKE GASKET #4 LEAKING. REMOVED & REPLACED INTAKE GASKET #4.,intake gasket number 4 leaking. removed and replaced intake gasket number 4.,False
101696,#1 INTAKE IS LEAKING. REMOVED & REPLACED GASKET.,number 1 intake is leaking. removed and replaced gasket.,False
101697,BAFFLE SPARK PLUG ACCESS PLUG WORN. REPLACED PLUGS.,baffle spark plug access plug worn. replaced plugs.,False
101699,CYL #2 INTAKE GASKET LEAKING. REMOVED & REPLACED GASKET.,cylinder number 2 intake gasket leaking. removed and replaced gasket.,False
101700,CYL #2 & 4 ROCKER COVER GASKETS LEAKING. REMOVED & REPLACED GASKETS.,cylinder number 2 and number 4 rocker cover gaskets leaking. removed and replaced gaskets.,False
101701,ALTERANATE AIR DOOR IS WORN. REMOVED & REPLACED AIR FILTER BOX W/ SERVICEABLE ONE.,alternate air door is worn. removed and replaced air filter box with serviceable 1.,False
101702,"CYL #1 BAFFLE IS CRACKED. STOP DRILLED CRACK, FABRICATED PATCH OUT OF LIKE MATERI","cylinder number 1 baffle is cracked. stop drilled crack, fabricated patch out of like material",False
101704,CYL #2 & 3 ROCKER COVER GASKETS LEAKING. REMOVED & REPLACED ROCKER COVER GASKETS.,cylinder number 2 and number 3 rocker cover gaskets leaking. removed and replaced rocker cover gaskets.,False
101705,ROCKER COVER GASKET CYL #2 LEAKING. REMOVED & REPLACED ROCKER COVER GASKET.,rocker cover gasket cylinder number 2 leaking. removed and replaced rocker cover gasket.,False
101706,R/H AFT BAFFLE IS CRACKED BY ENGINE MOUNT BOLT HOLE. STOP DRILLED CRACK.,right-hand aft baffle is cracked by engine mount bolt hole. stop drilled crack.,False
101707,CENTER TOP BAFFLE BRACKET IS CRACKED. FABRICATED BAFFLE BRACKET OUT OF LIKE MATERIAL & INSTAL,center top baffle bracket is cracked. fabricated baffle bracket out of like material and installed,False
101708,#2 INTAKE LEAKING. REMOVED & REPLACED GASKET.,number 2 intake leaking. removed and replaced gasket.,False
101709,ALL ENG ROCKER COVER SCREWS LOOSE. TIGHTENED ALL SCREWS.,all engine rocker cover screws loose. tightened all screws.,False
101710,"STARTER WOULD TURN TWICE, THEN CUT OFF DURING START UP. STARTED A/C, STARTER FUNCTION NORMAL.","starter would turn twice, then cut off during start up. started aircraft, starter function normal.",False
101711,#4 INTAKE GASKET IS LEAKING. REPLACED GASKET.,number 4 intake gasket is leaking. replaced gasket.,False
101712,#4 ROCKER GASKET IS LEAKING. REPLACED GASKET.,number 4 rocker gasket is leaking. replaced gasket.,False
101713,WORN BAFFLE PLUGS. REMOVED & REPLACED BAFFLE PLUGS.,worn baffle plugs. removed and replaced baffle plugs.,False
101714,ROCKER COVER GASKETS CYL #2 & 4 LEAKING. REMOVED & REPLACED ROCKER COVER GASKETS.,rocker cover gaskets cylinder number 2 and number 4 leaking. removed and replaced rocker cover gaskets.,False
101715,#2 ROCKER COVER GASKET LEAKING. REMOVED & REPLACED #2 ROCKER COVER GASKET.,number 2 rocker cover gasket leaking. removed and replaced number 2 rocker cover gasket.,False
101716,"DURING GO AROUND FROM A SIMULATED ENG FAILURE, ENG RAN ROUGH. RAN A/C, MAG DROP, IDLE & IDLE MIXTURE RISE CK GOOD. A/","during go-around from a simulated engine failure, engine ran rough. ran aircraft, magneto drop, idle and idle mixture rise check good.",False
101718,#3 INTAKE LEAKING ON R/H ENGINE. REMOVED & REPLACED #3 INTAKE GASKET ON R/H ENGINE.,number 3 intake leaking on right-hand engine. removed and replaced number 3 intake gasket on right-hand engine.,False
101719,#1 & 3 ROCKER COVERS LEAKING ON L/H ENGINE. REMOVED & REPLACED ROCKER COVER GASKETS ON L/H ENGINE.,number 1 and number 3 rocker covers leaking on left-hand engine. removed and replaced rocker cover gaskets on left-hand engine.,False
101720,"L/H ENGINE #4 CYLINDER HAS BAD EXHAUST VALVE. RECONNECTED ALL CONNECTIONS, ATTACHED PROP GOV CABLE (1","left-hand engine number 4 cylinder has bad exhaust valve. reconnected all connections, attached propeller governor cable",False
101723,CYL #2 TOP BAFFLE SEAL IS  LOOSE. RESECURED BAFFLE SEAL.,cylinder number 2 top baffle seal is loose. resecured baffle seal.,False
101724,INTAKE GASKET CYL #3 LEAKING. REMOVED & REPLACED INTAKE GASKET.,intake gasket cylinder number 3 leaking. removed and replaced intake gasket.,False
101725,ROCKER COVER GASKET CYL #3 LEAKING. REMOVED & REPLACED ROCKER COVER GASKET.,rocker cover gasket cylinder number 3 leaking. removed and replaced rocker cover gasket.,False
101727,INTAKE TUBE CYL #1 LEAKING AROUND OIL SUMP CONNECTION AREA. SWEDGED INTAKE TUBE IAW LYCOMING OVERHAUL,intake tube cylinder number 1 leaking around oil sump connection area. swedged intake tube in accordance with lycoming overhaul manual,False
101728,#4 INTAKE GASKET LEAKING. REPLACED GASKET.,number 4 intake gasket leaking. replaced gasket.,False
101730,"ENGINE OVERSPEED TO 2730 RPM FOR 1 SECOND. REMOVED SD CARD, DOWNLOADED DATA WHICH INDICATED MAX RP","engine overspeed to 2700 thrity rpm for 1 second. removed sd card, downloaded data which indicated max rpm",False
101732,#2 INTAKE TUBE LEAKING AT SUMP & CYLINDER. REMOVED & REPLACED INTAKE GASKET W/ NEW. TIGHTENED SUMP,number 2 intake tube leaking at sump and cylinder. removed and replaced intake gasket with new. tightened sump,False
101733,CYL #4 ROCKER COVER GASKET LEAKING. REMOVED & REPLACED CYL #4 ROCKER COVER GASKET.,cylinder number 4 rocker cover gasket leaking. removed and replaced cylinder number 4 rocker cover gasket.,False
101735,"CYL #2, 4 INTAKE GASKETS APPEAR TO BE LEAKING. REMOVED & REPLACED CYL #2, 4 INTAKE GASKETS.",cylinder number 2 and number 4 intake gaskets appear to be leaking. removed and replaced cylinder number 2 and number 4 intake gaskets.,False
101737,#3 & 2 ROCKER COVERS ARE LEAKING. REMOVED & REPLACED #2 & 3 ROCKER COVER GASKETS.,number 3 and number 2 rocker covers are leaking. removed and replaced number 2 and number 3 rocker cover gaskets.,False
101739,LOW POWER AVAILABLE. HELO REQUIRED LMP TO HOVER. INSPECTED & FOUND NO DEFECTS. MX FLIGHT REQUIRED,low power available. helicopter required lmp to hover. inspected and found no defects. maintenance flight required,False
101740,CYL #4 & 2 ROCKER COVER GASKETS LEAKING. REMOVED & REPLACED ROCKER COVER GASKETS.,cylinder number 4 and number 2 rocker cover gaskets leaking. removed and replaced rocker cover gaskets.,False
101741,#1 CYL ROCKER OIL RETURN LINE IS CHAFING. LEAK CK GOOD.,number 1 cylinder rocker oil return line is chafing. leak check good.,False
101744,BAFFLE BUTTON PLUG IS WORN. REMOVED & REPLACED PLUG W/ NEW.,baffle button plug is worn. removed and replaced plug with new.,False
101745,#3 ROCKER COVER GASKET IS TORN. REMOVED & REPLACED GASKET W/ NEW.,number 3 rocker cover gasket is torn. removed and replaced gasket with new.,False
101746,CYL #2 INTAKE GASKET LEAKING. REMOVED & REPLACED INTAKE GASKET.,cylinder number 2 intake gasket leaking. removed and replaced intake gasket.,False
101748,CYL #3 ROCKER COVER GASKET LEAKING. REMOVED & REPLACED ROCKER COVER GASKET.,cylinder number 3 rocker cover gasket leaking. removed and replaced rocker cover gasket.,False
101749,#4 ROCKER COVER GASKET LEAKING. REMOVED & REPLACED #4 ROCKER COVER GASKET.,number 4 rocker cover gasket leaking. removed and replaced number 4 rocker cover gasket.,False
101750,OIL COOLER LOWER BAFFLE SEAL IS MISSING. APPLIED HIGH TEMP SILICONE.,oil cooler lower baffle seal is missing. applied high temperature silicone.,False
101754,#2 INTAKE LEAKING. REPLACED GASKET.,number 2 intake leaking. replaced gasket.,False
101757,"ENG HAD MOMENTARY OVERSPEED TO 2770 RPM. PER LYCOMING , NO FURTHER ACTION REQUIRED AS OVE","engine had momentary overspeed to 2770 rpm. per lycoming , no further action required",False
101758,#2 CYL ROCKER COVER SCREW IS MISSING. INSTALLED NEW SCREW.,number 2 cylinder rocker cover screw is missing. installed new screw.,False
101759,#1 ROCKER COVER GASKET LEAKING. INSTALLED NEW #1 ROCKER BOX COVER GASKET.,number 1 rocker cover gasket leaking. installed new number 1 rocker box cover gasket.,False
101760,INTAKE GASKET CYL #2 LEAKING. REMOVED & REPLACED INTAKE GASKET.,intake gasket cylinder number 2 leaking. removed and replaced intake gasket.,False
101761,ROCKER COVER GASKET CYL #2 LEAKING. REMOVED & REPLACED ROCKER COVER GASKET.,rocker cover gasket cylinder number 2 leaking. removed and replaced rocker cover gasket.,False
101765,L/H BAFFLE BUTTON PLUG IS BROKEN. INSTALLED NEW PLUG.,left-hand baffle button plug is broken. installed new plug.,False
101768,"CASE HALVES LEAKING ON BOTTOM FWD PORTION. CLEANED ENGINE, RAN A/C, INSPECTED & DETECTED NO LEAKS.","case halves leaking on bottom forward portion. cleaned engine, ran aircraft, inspected and detected no leaks.",False
101769,#1 INTAKE IS LEAKING. REMOVED & REPLACED GASKET.,number 1 intake is leaking. removed and replaced gasket.,False
101771,ROCKER COVER GASKET CYL #2 LEAKING. DRESSED PROP.,rocker cover gasket cylinder number 2 leaking. dressed propeller.,False
101772,"INTAKE GASKET, CYLINDER #2, LEAKING. REMOVED & REPLACED INTAKE GASKET.","intake gasket, cylinder number 2, leaking. removed and replaced intake gasket.",False
101774,#2 & 4 INTAKES ARE LEAKING ON L/H ENGINE. REPLACED GASKETS ON 2 & 4 INTAKES.,number 2 and number 4 intakes are leaking on left-hand engine. replaced gaskets on 2 and 4 intakes.,False
101775,R/H ENG CYL #4 AFT BAFFLE BRACKET CRACKED. STOP DRILLED CRACK.,right-hand engine cylinder number 4 aft baffle bracket cracked. stop drilled crack.,False
101776,R/H ENG CYL #3 INTAKE GASKET LEAKING. REMOVED & REPLACED CYL #3 INTAKE GASKET.,right-hand engine cylinder number 3 intake gasket leaking. removed and replaced cylinder number 3 intake gasket.,False
101777,"L/H ENG, CYL #2 ROCKER COVER LEAKING. REMOVED & REPLACED L/H ENG CYL #2 ROCKER COVER GASKET.","left-hand eng, cylinder number 2 rocker cover leaking. removed and replaced left-hand engine cylinder number 2 rocker cover gasket.",False
101778,"L/H ENGINE ROCKER COVER GASKETS, CYL 3, LEAKING. REMOVED & REPLACED L/H ENG ROCKER COVER GASKET.","left-hand engine rocker cover gaskets, cylinder 3, leaking. removed and replaced left-hand engine rocker cover gasket.",False
101779,R/H ENG CYL #3 ROCKER COVER GASKET LEAKING. REMOVED & REPLACED R/H ENG CYL #3 ROCKER COVER GASKET.,right-hand engine cylinder number 3 rocker cover gasket leaking. removed and replaced right-hand engine cylinder number 3 rocker cover gasket.,False
101781,PARTICLE SEPERATOR HAS GRASS IN IT. CLEANED GRASS OUT OF PARTICLE SEPERATOR.,particle separator has grass in it. cleaned grass out of particle separator.,False
101782,CYL #4 INTAKE IS LEAKING. INSTALLED NEW INDUCTION TUBE GASKET.,cylinder number 4 intake is leaking. installed new induction tube gasket.,False
101783,"FWD LOWER ENGINE BAFFLE CRACKED. REMOVED ENGINE BAFFLE, STOP DRILLED CRACK, FABRICATED P","forward lower engine baffle cracked. removed engine baffle, stop drilled crack, fabricated patch with like material",False
101785,CYL #2 ROCKER COVER GASKET LEAKING. REMOVED & REPLACED CYL #2 ROCKER COVER GASKET.,cylinder number 2 rocker cover gasket leaking. removed and replaced cylinder number 2 rocker cover gasket.,False
101787,BOTH ENG BAFFLE BUTTONS WORN. REPLACED & INSTALLED 2 BUTTONS.,both engine baffle buttons worn. replaced and installed 2 buttons.,False
101788,ALL ROCKER COVER SCREWS LOOSE & 1 MISSING. REPLACED MISSING SCREW & TIGHTENED ALL SCREWS.,all rocker cover screws loose and 1 missing. replaced missing screw and tightened all screws.,False
101789,CYL #4 INTAKE IS LEAKING. INSTALLED NEW INDUCTION TUBE GASKET.,cylinder number 4 intake is leaking. installed new induction tube gasket.,False
101790,"DURING CRUISE, ENGINE BECAME INCREDIBLY ROUGH. ENGINE CONTIN. RAN A/C & CYLINDER LEAK & OPS CK'ED GOOD.","during cruise, engine became incredibly rough. ran aircraft and cylinder leak and operations checked good.",False
101791,"DURING CRUISE, ENGINE BECAME INCREDIBLY ROUGH. ENGINE CONTIN. REMOVED #2 CYL. FOUND #2 EXHAUST VALVE & GUIDE GALLED.","during cruise, engine became incredibly rough. removed number 2 cylinder. found number 2 exhaust valve and guide galled.",False
101794,BOTH BAFFLE PLUGS WORN. REMOVED & REPLACED PLUGS.,both baffle plugs worn. removed and replaced plugs.,False
101796,ROCKER COVER GASKET CYL #1 LEAKING. REMOVED & REPLACED ROCKER COVER GASKET.,rocker cover gasket cylinder number 1 leaking. removed and replaced rocker cover gasket.,False
101799,SCREW MISSING ON #4 ROCKER COVER. INSTALLED NEW SCREW.,screw missing on number 4 rocker cover. installed new screw.,False
101801,L/H BAFFLE PLUG LOCK TABS MISSING. INSTALLED NEW BAFFLE PLUG.,left-hand baffle plug lock tabs missing. installed new baffle plug.,False
101802,#3 ROCKER COVER IS LEAKING. REMOVED & REPLACED GASKET.,number 3 rocker cover is leaking. removed and replaced gasket.,False
101803,#2 INTAKE LEAKING. REPLACED CYL #2 INTAKE GASKET.,number 2 intake leaking. replaced cylinder number 2 intake gasket.,False
101804,R/H FWD ENGINE BAFFLE SEAL LOOSE. REATTACHED BAFFLE SEAL.,right-hand forward engine baffle seal loose. reattached baffle seal.,False
101808,#3 INTAKE LEAKING ON R/H ENGINE. REMOVED & REPLACED INTAKE GASKET.,number 3 intake leaking on right-hand engine. removed and replaced intake gasket.,False
101809,"INTAKES 2, 3 & 4 LEAKING ON L/H ENGINE. REMOVED & REPLACED INTAKE GASKETS.","intakes 2, 3 and 4 leaking on left-hand engine. removed and replaced intake gaskets.",False
101810,LOWER L/H FWD BAFFLE SEAL IS LOOSE. REPAIRED BAFFLE SEAL & SECURED.,lower left-hand forward baffle seal is loose. repaired baffle seal and secured.,False
101811,"CLIMBING AFTER TAKEOFF, ENGINE CHOKED & BACK FIRED. PERFORMED ENGINE RUN UP, CK'ED FOR NORMAL OPERATION AT","climbing after takeoff, engine choked and backfired. performed engine run up, checked for normal operation",False
101812,"LOWER FRONT ENGINE CASE HALF SEAM IS LEAKING. REINSTALLED FLYWHEEL. REINSTALLED, TORQUED & SAFETIED P","lower front engine case half seam is leaking. reinstalled flywheel. reinstalled, torqued and safetied",False
101813,LOWER FRONT ENGINE CASE HALF SEAM IS LEAKING. REMOVED PROP & FLYWHEEL TO GAIN ACCESS. CLEANED FWD CAS,lower front engine case half seam is leaking. removed propeller and flywheel to gain access. cleaned forward case,False
101817,"LEFT IDLER GEAR HAS SPALLING ON FUEL PUMP CAM. INSPECTED, FOUND TO BE SERVICEABLE.","left idler gear has spalling on fuel pump cam. inspected, found to be serviceable.",False
101818,CYL #2 ROCKER COVER GASKET LEAKING. REMOVED & REPLACED ROCKER COVER GASKET.,cylinder number 2 rocker cover gasket leaking. removed and replaced rocker cover gasket.,False
101820,#2 ROCKER COVER LEAKING. REMOVED & REPLACED ROCKER COVER GASKET.,number 2 rocker cover leaking. removed and replaced rocker cover gasket.,False
101821,#2 INTAKE LEAKING. LEAK CK GOOD.,number 2 intake leaking. leak check good.,False
101822,#2 INTAKE LEAKING. REMOVED & REPLACED INTAKE GASKET.,number 2 intake leaking. removed and replaced intake gasket.,False
101824,ROCKER COVER GASKETS #3 & 2 ARE LEAKING. REMOVED & REPLACED ROCKER COVER GASKETS.,rocker cover gaskets number 3 and number 2 are leaking. removed and replaced rocker cover gaskets.,False
101825,"CYL #4 AFT BAFFLE CRACKED. REMOVED & REPLACED AFT BAFFLE, INSTALLED NEW BAFFLE SPR","cylinder number 4 aft baffle cracked. removed and replaced aft baffle, installed new baffle",False
101826,"L/H ENGINE BAFFLE PLUG DAMAGED. REMOVED & REPLACED L/H BAFFLE PLUG, NEW CYL #4 AFT BAFF","left-hand engine baffle plug damaged. removed and replaced left-hand baffle plug, new cylinder number 4 aft baffle",False
101828,"CYL #2, 3, & 4 ROCKER COVER GASKETS LEAKING. REMOVED & REPLACED ROCKER COVER GASKETS.","cylinder number 2, 3, and 4 rocker cover gaskets leaking. removed and replaced rocker cover gaskets.",False
101830,ROCKER COVER GASKET CYL #4 LEAKING. REMOVED & REPLACED ROCKER COVER GASKET.,rocker cover gasket cylinder number 4 leaking. removed and replaced rocker cover gasket.,False
101831,#1 & 3 ROCKER COVERS LEAKING. REMOVED & REPLACED ROCKER COVER GASKETS.,number 1 and number 3 rocker covers leaking. removed and replaced rocker cover gaskets.,False
101832,#2 & 4 ROCKER COVERS LEAKING. REMOVED & REPLACED ROCKER COVER GASKETS.,number 2 and number 4 rocker covers leaking. removed and replaced rocker cover gaskets.,False
101833,BOLT MISSING FROM #4 CYL HEAD. INSTALLED NEW SCREW.,bolt missing from number 4 cylinder head. installed new screw.,False
101834,"BOLT MISSING FROM #4 CYL HEAD. INSPECTED, FOUND NO BOLTS MISSING FROM CYL #4 HEAD. FOU","bolt missing from number 4 cylinder head. inspected, found no bolts missing from cylinder number 4 head.",False
101835,#2 & 3 INTAKE LEAKING. REMOVED & REPLACED #2 & 3 INTAKE GASKETS.,number 2 and number 3 intake leaking. removed and replaced number 2 and number 3 intake gaskets.,False
101836,#2 ROCKER COVER LEAKING. REMOVED & REPLACED #2 ROCKER COVER GASKET.,number 2 rocker cover leaking. removed and replaced number 2 rocker cover gasket.,False
101839,R/H ENG REACHED 2770 RPM ON TAKE OFF. 2770 RPM IS BELOW LYCOMING  OVERSPEED THRESHOLD.,right-hand engine reached 2770 rpm on takeoff. 2770 rpm is below lycoming overspeed threshold.,False
101843,#3 & 1 CYL INTAKE GASKETS LEAKING. REPLACED INTAKE GASKETS.,number 3 and number 1 cylinder intake gaskets leaking. replaced intake gaskets.,False
101844,CRACK IN FWD BAFFLE CENTER. STOP DRILLED CRACK.,crack in forward baffle center. stop drilled crack.,False
101845,FWD LOWER BAFFLE SEAL LOOSE. RESECURED BAFFLE SEAL.,forward lower baffle seal loose. resecured baffle seal.,False
101846,CYL #2 INTAKE GASKET LEAKING. REMOVED & REPLACED INTAKE GASKET.,cylinder number 2 intake gasket leaking. removed and replaced intake gasket.,False
101847,ROCKER COVER GASKETS CYL #1 & 2 LEAKING. REMOVED & REPLACED ROCKER COVER GASKETS.,rocker cover gaskets cylinder number 1 and number 2 leaking. removed and replaced rocker cover gaskets.,False
101848,"FWD L/H ENGINE BAFFLE CRACKED FROM HEAT AIR INTAKE DOWN. REMOVED BAFFLE, FABRICATED PATCH OF LIKE MATERIAL. RIVE","forward left-hand engine baffle cracked from heat air intake down. removed baffle, fabricated patch of like material.",False
101850,ROCKER COVER GASKET FROM CYL #2 LEAKING. REMOVED & REPLACED GASKET.,rocker cover gasket from cylinder number 2 leaking. removed and replaced gasket.,False
101851,OIL COOLER HAS A GAP FROM COWLING & BOX ON BOTTOM. APPLIED HIGH TEMP SILICONE SEALANT.,oil cooler has a gap from cowling and box on bottom. applied high temperature silicone sealant.,False
101852,EGT CYL #1 CLAMP LOOSE. TIGHTENED CLAMP & SECURED W/ SAFETY WIRE.,egt cylinder number 1 clamp loose. tightened clamp and secured with safety wire.,False
101854,#2 & 4 ROCKER COVER LEAKING. REMOVED & REPLACED ROCKER COVER GASKETS.,number 2 and number 4 rocker cover leaking. removed and replaced rocker cover gaskets.,False
101855,#4 ROCKER COVER GASKET TORN. REMOVED & REPLACED ROCKER COVER GASKET.,number 4 rocker cover gasket torn. removed and replaced rocker cover gasket.,False
101857,L/H ENGINE BAFFLE SEAL RIVETS LOOSE. REMOVED RIVETS & REINSTALLED NEW.,left-hand engine baffle seal rivets loose. removed rivets and reinstalled new.,False
101858,R/H REAR ENGINE BAFFLE MOUNTING SCREW MISSING & BRACKET RIVE. REMOVED BAFFLE & REATTACHED BRACKET. REPLACED MISSING S,right-hand rear engine baffle mounting screw missing and bracket rivet. removed baffle and reattached bracket. replaced missing screw,False
101859,INTAKE GASKETS #1 & 3 LEAKING. REMOVED & REPLACED GASKETS.,intake gaskets number 1 and number 3 leaking. removed and replaced gaskets.,False
101860,CYLINDER #4 BAFFLE PLUG TEETH ARE BROKEN. REMOVED & REPLACED BAFFLE PLUG.,cylinder number 4 baffle plug teeth are broken. removed and replaced baffle plug.,False
101861,"ROCKER COVER GASKETS ON CYL #3, 4 LEAKING. REMOVED & REPLACED ROCKER COVER GASKETS.",rocker cover gaskets on cylinder number 3 and number 4 leaking. removed and replaced rocker cover gaskets.,False
101862,#3 INTAKE GASKET IS LEAKING. REPLACED GASKET.,number 3 intake gasket is leaking. replaced gasket.,False
101863,#1 SIDE BAFFLE CRACKED. REPAIRED W/ RIVETED PATCH.,number 1 side baffle cracked. repaired with riveted patch.,False
101866,#3 INTAKE LEAKING ON R/H ENGINE. REMOVED & REPLACED GASKET.,number 3 intake leaking on right-hand engine. removed and replaced gasket.,False
101868,INTAKES 2 & 4 LEAKING ON R/H ENGINE. REMOVED & REPLACED #2 & 4 INTAKE GASKETS.,intakes 2 and 4 leaking on right-hand engine. removed and replaced number 2 and number 4 intake gaskets.,False
101869,MUFFLER HEAT MUFF CRACKED. STOP DRILLED CRACK & REINSTALLED.,muffler heat muff cracked. stop drilled crack and reinstalled.,False
101870,FAILS MIXTURE CK - NO RPM RISE. ADJUSTED IDLE SPEED & MIXTURE TO SPECS. OPS CK GOOD.,"fails mixture check, no rpm rise. adjusted idle speed and mixture to specs. operations check good.",False
101871,INTAKE GASKETS CYL #2 & 4 LEAKING. REMOVED & REPLACED INTAKE GASKETS.,intake gaskets cylinder number 2 and number 4 leaking. removed and replaced intake gaskets.,False
101873,#2 INDUCTION TUBE GASKET LEAKING. INSTALLED NEW INDUCTION TUBE GASKET.,number 2 induction tube gasket leaking. installed new induction tube gasket.,False
101874,BOTH BAFFLE PLUGS BAD. REMOVED & REPLACED BAFFLE PLUGS.,both baffle plugs bad. removed and replaced baffle plugs.,False
101875,#3 ROCKER COVER LEAKING. REMOVED & REPLACED ROCKER COVER GASKET.,number 3 rocker cover leaking. removed and replaced rocker cover gasket.,False
101878,R/H REAR ENGINE BAFFLE MOUNTING SCREW MISSING. INSTALLED NEW SCREW.,right-hand rear engine baffle mounting screw missing. installed new screw.,False
101879,"RAN SMOOTHLY AFTER ENGINE START LEAN PROCEDURE, THEN RAN VER. RAN A/C & FOUND ENGINE RUNNING EXTREMELY ROUGH, INTERMI","ran smoothly after engine start lean procedure, then ran very rough. ran aircraft and found engine running extremely rough",False
101880,"RAN SMOOTHLY AFTER ENGINE START LEAN PROCEDURE, THEN RAN VER. INSTALLED NEW GASKETS & SEALS, AS WELL AS, #2 CYL VALVE","ran smoothly after engine start lean procedure, then ran very rough. installed new gaskets and seals, as well as, number 2 cylinder valve",False
101881,"RAN SMOOTHLY AFTER ENGINE START LEAN PROCEDURE, THEN RAN VER. REMOVED INJECTOR NOZZLES, CLEANED & REINSTALLED. PERFOR","ran smoothly after engine start lean procedure, then ran very rough. removed injector nozzles, cleaned and reinstalled.",False
101882,#3 AFT BAFFLE CRACKED. STOP DRILLED CRACK.,number 3 aft baffle cracked. stop drilled crack.,False
101883,#2 & 3 INTAKE GASKETS LEAKING. REPLACED GASKETS.,number 2 and number 3 intake gaskets leaking. replaced gaskets.,False
101884,"R/H & L/H VALVE COVERS LEAKING. INSTALLED ALL NEW VALVE COVERS, BOTH ENGINES.","right-hand and left-hand valve covers leaking. installed all new valve covers, both engines.",False
101885,L/H ENGINE OIL COOLER TO ENGINE LIFTING EYE BRACKET BROKEN. INSTALLED SERVICEABLE BRACKET.,left-hand engine oil cooler to engine lifting eye bracket broken. installed serviceable bracket.,False
101887,#2 INTAKE LEAKING. REMOVED & REPLACED INTAKE GASKET.,number 2 intake leaking. removed and replaced intake gasket.,False
101888,R/H ENGINE #4 CYL BAFFLE BRACE NEEDS TO BE REMOVED FOR CAN O. INSTALLED NEW BRACE.,right-hand engine number 4 cylinder baffle brace needs to be removed for cannibalization. installed new brace.,False
101890,AUTO RELIGHT DEFERRED. SEE,auto relight deferred.,False
101891,"LEFT ENGINE WOULD NOT START. ATTEMPTED NORMAL & FLOODED. PERFORMED NORMAL ENGINE START, NO DISCREPANCY NOTED. L/","left engine would not start. attempted normal and flooded. performed normal engine start, no discrepancy noted.",False
101892,L/H BAFFLE PLUG DAMAGED. INSTALLED NEW PLUG.,left-hand baffle plug damaged. installed new plug.,False
101893,CYL #2 BAFFLE SCREW IS MISSING. INSTALLED NEW SCREW.,cylinder number 2 baffle screw is missing. installed new screw.,False
101894,"ENGINE HESITATION/ROUGHNESS 30 SEC AFTER TAKEOFF. NO FURTHER. RAN A/C, DID NOT NOTICE ANY ROUGHNESS OR HESTITATION.","engine hesitation or roughness 30 seconds after takeoff. ran aircraft, did not notice any roughness or hestitation.",False
101896,#2 & 4 INTAKES LEAKING. REMOVED & REPLACED INTAKE GASKETS.,number 2 and number 4 intakes leaking. removed and replaced intake gaskets.,False
101898,#3 INDUCTION TUBE GASKET LEAKING. INSTALLED NEW #3 INDUCTION TUBE GASKET.,number 3 induction tube gasket leaking. installed new number 3 induction tube gasket.,False
101899,#2 & 4 INTAKE GASKETS ARE LEAKING. REMOVED & REPLACED GASKETS W/ NEW.,number 2 and number 4 intake gaskets are leaking. removed and replaced gaskets with new.,False
101900,"LEAKING INTAKE GASKET, CYL #2. REMOVED & REPLACED INTAKE GASKET.","leaking intake gasket, cylinder number 2. removed and replaced intake gasket.",False
101901,"LEAKING ROCKER COVER GASKET, CYL #4. REMOVED & REPLACED ROCKER COVER GASKET.","leaking rocker cover gasket, cylinder number 4. removed and replaced rocker cover gasket.",False
101902,"ENGINE RPM OF 2720. C/W LYCOMING , LESS THAN 5% REQUIREMENTS. NO FUR","engine rpm of 2720. complied with lycoming , less than 5 percent requirements.",False
101904,"CRANKSHAFT SEAL APPEARS TO BE LEAKING. REMOVED COWL, LEAK CK GOOD. REINSTALLED COWL.","crankshaft seal appears to be leaking. removed cowl, leak check good. reinstalled cowl.",False
101905,CRANKSHAFT SEAL APPEARS TO BE LEAKING. REMOVED SAFETY WIRE FROM PROP BOLTS. CLEANED AREA. RAN,crankshaft seal appears to be leaking. removed safety wire from propeller bolts. cleaned area.,False
101907,CYL #2 & 4 INTAKE GASKETS LEAKING. REMOVED & REPLACED INTAKE GASKETS.,cylinder number 2 and number 4 intake gaskets leaking. removed and replaced intake gaskets.,False
101910,"ROCKER COVER GASKETS LEAKING, CYL #2 & 3. REMOVED & REPLACED ROCKER COVER GASKETS.","rocker cover gaskets leaking, cylinder number 2 and number 3. removed and replaced rocker cover gaskets.",False
101911,#4 INTAKE LEAKING. REMOVED & REPLACED #4 INTAKE GASKET.,number 4 intake leaking. removed and replaced number 4 intake gasket.,False
101912,#2 & 4 INTAKES LEAKING. REMOVED & REPLACED INTAKE GASKETS.,number 2 and number 4 intakes leaking. removed and replaced intake gaskets.,False
101915,L/H BAFFLE TIE BROKEN. INSTALLED NEW BAFFLE TIE.,left-hand baffle tie broken. installed new baffle tie.,False
101918,#4 INTAKE GASKET LEAKING. REPLACED GASKET.,number 4 intake gasket leaking. replaced gasket.,False
101919,#2 INTAKE GASKET IS LEAKING. REPLACED GASKET.,number 2 intake gasket is leaking. replaced gasket.,False
101920,"#2 CYL COMPERSSION READING LOW. STAKED INTAKE VALVE, COMPRESSION NOW 76/80.","number 2 cylinder compression reading low. staked intake valve, compression now 76 out of 80.",False
101922,#4 INTAKE GASKET LEAKING. REPLACED GASKET.,number 4 intake gasket leaking. replaced gasket.,False
101923,#2 & 4 CYL ROCKER COVER SCREWS ARE LOOSE. TIGHTENED SCREWS.,number 2 and number 4 cylinder rocker cover screws are loose. tightened screws.,False
101926,CYL #3 ROCKER COVER GASKET LEAKING. REMOVED & REPLACED ROCKER COVER GASKET.,cylinder number 3 rocker cover gasket leaking. removed and replaced rocker cover gasket.,False
101928,#2 CYL INTAKE LEAKS. REPLACED GASKET.,number 2 cylinder intake leaks. replaced gasket.,False
101929,#1 CYL HAS LOW COMPRESSION. LEAK CK GOOD.,number 1 cylinder has low compression. leak check good.,False
101930,#1 CYL HAS LOW COMPRESSION. SERVICED W/ MINERAL OIL.,number 1 cylinder has low compression. serviced with mineral oil.,False
101931,"INTAKE 2, 3 & 4 LEAKING. REMOVED & REPLACED INTAKE GASKETS.","intake 2, 3 and 4 leaking. removed and replaced intake gaskets.",False
101933,#1 CYL HAS LOW COMPRESSION. BORESCOPED ENGINE & FOUND EXHAUST VALVE BURNED.,number 1 cylinder has low compression. borescoped engine and found exhaust valve burned.,False
101934,#1 CYL HAS LOW COMPRESSION. REMOVED CYL #1. REMOVED PISTON. INSTALLED NEW PISTON. I,number 1 cylinder has low compression. removed cylinder number 1. removed piston. installed new piston.,False
101938,CYL #1 ROCKER COVER GASKET LEAKING. REPLACED ROCKER COVER GASKET.,cylinder number 1 rocker cover gasket leaking. replaced rocker cover gasket.,False
101939,"ROCKER COVER GASKETS, CYL #2 & 4, LEAKING. REMOVED & REPLACED ROCKER COVER GASKETS.","rocker cover gaskets, cylinder number 2 and number 4, leaking. removed and replaced rocker cover gaskets.",False
101941,"BAFFLING CRACKED, R/H ENG BY #4 CYLINDER. STOP DRILLED CRACKED BAFFLE.","baffling cracked, right-hand engine by number 4 cylinder. stop drilled cracked baffle.",False
101942,CYL #3 ROCKER COVER GASKET LEAKING. INSTALLED NEW GASKET.,cylinder number 3 rocker cover gasket leaking. installed new gasket.,False
101943,L/H COOLING BAFFLE CONNECTING ROD BROKEN. INSTALLED NEW CONNECTING ROD ON COOLING BAFFLE.,left-hand cooling baffle connecting rod broken. installed new connecting rod on cooling baffle.,False
101945,CYL #2 INTAKE GASKET LEAKING. REMOVED & REPLACED INTAKE GASKET.,cylinder number 2 intake gasket leaking. removed and replaced intake gasket.,False
101948,"CYL #2, 3 & 4 ROCKER COVER GASKETS LEAKING. REMOVED & REPLACED ROCKER COVER GASKETS.","cylinder numbers 2, 3 and 4 rocker cover gaskets leaking. removed and replaced rocker cover gaskets.",False
101949,#2 ROCKER COVER LEAKING. REPLACED ROCKER COVER GASKET.,number 2 rocker cover leaking. replaced rocker cover gasket.,False
101951,#2 INDUCTION TUBE GASKET LEAKING. INSTALLED NEW #2 INDUCTION TUBE GASKET.,number 2 induction tube gasket leaking. installed new number 2 induction tube gasket.,False
101952,R/H BAFFLE SEAL BY PROP GOVERNOR LOOSE. RIVETED BAFFLE SEAL BACK ONTO BAFFLE.,right-hand baffle seal by propeller governor loose. riveted baffle seal back onto baffle.,False
101953,#2 & 4 INTAKE LEAKING. REMOVED & REPLACED INTAKE GASKETS.,number 2 and number 4 intake leaking. removed and replaced intake gaskets.,False
101958,"#3 CYL LOWER SPARK PLUG BOSS THREADS DAMAGED. CLEANED THREADS W/ 18MM TAP, INSPECTED THREADS, THREADS","number 3 cylinder lower spark plug boss threads damaged. cleaned threads with 18 millimeter tap, inspected threads, threads",False
101959,R/H BAFFLE PLUG WORN. REMOVED & REPLACED R/H BAFFLE PLUG.,right-hand baffle plug worn. removed and replaced right-hand baffle plug.,False
101963,#4 BOTTOM ROCKER COVER SCREW WON'T TIGHTEN. CLEANED THREADS IN CYLINDER HEAD & TIGHTENED SCREW.,number 4 bottom rocker cover screw won't tighten. cleaned threads in cylinder head and tightened screw.,False
101964,#2 & 3 INTAKES LEAKING ON L/H ENGINE. REPLACED BOTH #2 & 3 INTAKE GASKETS.,number 2 and number 3 intakes leaking on left-hand engine. replaced both number 2 and number 3 intake gaskets.,False
101966,#4 INTAKE LEAKING ON L/H ENGINE. REMOVED & REPLACED #4 INTAKE GASKET ON L/H ENG.,number 4 intake leaking on left-hand engine. removed and replaced number 4 intake gasket on left-hand engine.,False
101967,"#3 INTAKE LEAKING ON L/H ENGINE, ALONG W/ #2. REMOVED & REPLACED #2 & 3 INTAKE GASKETS.","number 3 intake leaking on left-hand engine, along with number 2. removed and replaced number 2 and number 3 intake gaskets.",False
101968,"INTAKES 2, 3 & 4 LEAKING. REMOVED & REPLACED INTAKE GASKETS.","intakes 2, 3 and 4 leaking. removed and replaced intake gaskets.",False
101970,ROCKER COVER GASKET #1 LEAKING. REMOVED & REPLACED ROCKER COVER GASKET.,rocker cover gasket number 1 leaking. removed and replaced rocker cover gasket.,False
101972,#2 & 4 INTAKES ON R/H ENGINE LEAKING. REPLACED INTAKE GASKETS.,number 2 and number 4 intakes on right-hand engine leaking. replaced intake gaskets.,False
101975,LEFT & RIGHT BAFFLE PLUGS HAVE SEVERAL BROKEN FINGERS. REPLACED BAFFLE PLUGS.,left and right baffle plugs have several broken fingers. replaced baffle plugs.,False
101977,ROCKER COVER GASKETS #2 & 3 LEAKING. REMOVED & REPLACED ROCKER GASKETS.,rocker cover gaskets number 2 and number 3 leaking. removed and replaced rocker gaskets.,False
101979,R/H ENG BAFFLE #2 & 4 CROSSTIE BROKEN. INSTALLED NEW BAFFLE CROSSTIE.,right-hand engine baffle number 2 and number 4 crosstie broken. installed new baffle crosstie.,False
101980,"R/H ENG #2, 3 & 4 ROCKER BOX COVERS LEAKING. REMOVED & REPLACED ROCKER COVER GASKETS ON R/H ENGINE.","right-hand engine numbers 2, 3 and 4 rocker box covers leaking. removed and replaced rocker cover gaskets on right-hand engine.",False
101981,CYL #3 ROCKER COVER GASKET LEAKING. INSTALLED NEW GASKET.,cylinder number 3 rocker cover gasket leaking. installed new gasket.,False
101983,CYL #3 ROCKER COVER GASKET LEAKING. REMOVED & REPLACED CYL #3 ROCKER COVER GASKET.,cylinder number 3 rocker cover gasket leaking. removed and replaced cylinder number 3 rocker cover gasket.,False
101984,BAFFLE PLUGS HAVE BROKEN FINGERS. REPLACED PLUGS.,baffle plugs have broken fingers. replaced plugs.,False
101985,"CYL #2, 4 ROCKER COVER GASKETS LEAKING. REMOVED & REPLACED ROCKER COVER GASKETS.",cylinder number 2 and number 4 rocker cover gaskets leaking. removed and replaced rocker cover gaskets.,False
101986,#4 BAFFLE CRACKED IN FRONT OF OIL COOLER. UPON FURTHER INSPECTION DETERMINED TO BE A SCRATCH.,number 4 baffle cracked in front of oil cooler. upon further inspection determined to be a scratch.,False
101987,CYL #2 & 3 ROCKER COVER GASKETS LEAKING. REMOVED & REPLACED ROCKER COVER GASKET.,cylinder number 2 and number 3 rocker cover gaskets leaking. removed and replaced rocker cover gasket.,False
101988,#4 INTAKE LEAKING ON R/H ENGINE. REMOVED & REPLACED INTAKE GASKET.,number 4 intake leaking on right-hand engine. removed and replaced intake gasket.,False
101989,#2 & 4 INTAKES LEAKING ON L/H ENGINE. REMOVED & REPLACED INTAKE GASKETS.,number 2 and number 4 intakes leaking on left-hand engine. removed and replaced intake gaskets.,False
101992,"R/H PROP SHAFT SEAL SEEPING. RAN, LEAK CK'ED OK.","right-hand propeller shaft seal seeping. ran, leak checked ok.",False
101993,R/H PROP SHAFT SEAL SEEPING. INSTALLED NEW SEAL & GASKET. TORQUED & SAFETIED REATINE,right-hand propeller shaft seal seeping. installed new seal and gasket. torqued and safetied retainer nut,False
101995,CYL #2 INTAKE GASKET LEAKING. REMOVED & REPLACED INTAKE GASKET.,cylinder number 2 intake gasket leaking. removed and replaced intake gasket.,False
102000,L/H I/B BAFFLE SPRING IS BROKEN. REMOVED & REPLACED SPRING W/ NEW.,left-hand inboard baffle spring is broken. removed and replaced spring with new.,False
102003,CYL #4 INTAKE GASKET IS LEAKING. REMOVED & REPLACED GASKET W/ NEW.,cylinder number 4 intake gasket is leaking. removed and replaced gasket with new.,False
102004,"CYL #4 HAS LOW COMPRESSION. RECHECKED COMPRESSIONS AFTER POST RUN, OPS CK GOOD.","cylinder number 4 has low compression. rechecked compressions after post run, operations check good.",False
102005,#2 INTAKE GASKET LEAKS. REMOVED & REPLACED INTAKE GASKET.,number 2 intake gasket leaks. removed and replaced intake gasket.,False
102008,ALL ROCKER COVERS HAVE LOOSE SCREWS. TIGHTENED ALL SCREWS.,all rocker covers have loose screws. tightened all screws.,False
102009,RIVET SHEARED @ R/H AFT BAFFLE. REMOVED & REPLACED SHEARED RIVET.,rivet sheared at right-hand aft baffle. removed and replaced sheared rivet.,False
102010,"RIVET SHEARED @ R/H AFT BAFFLE. REPLACED UPPER BAFFLE MATERIAL RIVET, INSTALLED NEW SCR","rivet sheared at right-hand aft baffle. replaced upper baffle material rivet, installed new screw",False
102011,"ROCKER COVERS 2, 3 & 4 LEAKING. REMOVED ROCKER COVERS, CLEANED MATING SURFACES, INSTALL","rocker covers 2, 3 and 4 leaking. removed rocker covers, cleaned mating surfaces, installed",False
102013,L/H #3 ROCKER COVER LEAKING. FOR CORRECTIVE ACTION.,left-hand number 3 rocker cover leaking. for corrective action.,False
102014,#2 ENGINE LEFT REAR BAFFLE CRACKED @ INTER-CYLINDER CONNECT. INSTALLED SHEET METAL DOUBLER & STOP DRILLED.,number 2 engine left rear baffle cracked at inter-cylinder connection. installed sheet metal doubler and stop drilled.,False
102015,#2 ROCKER GASKET IS LEAKING. REPLACED GASKET.,number 2 rocker gasket is leaking. replaced gasket.,False
102016,#1 & 3 BAFFLE TIE WIRE LOOSE. RESECURED TIE WIRE.,number 1 and number 3 baffle tie wire loose. resecured tie wire.,False
102018,"BOLT MISSING CONNECTING UPPER ENDS OF #3 & 4 AFT BAFFLES. INSTALLED NEW BOLT, WASHER & NUT.","bolt missing connecting upper ends of number 3 and number 4 aft baffles. installed new bolt, washer and nut.",False
102019,R/H REAR ENGINE BAFFLE MOUNTING SCREW LOOSE. TIGHTENED SCREW.,right-hand rear engine baffle mounting screw loose. tightened screw.,False
102020,"CRACKED FRONT UPPER R/H SIDE ENG BAFFLE ON #1 CYL. REMOVED OLD CRACKED PATCH, RIVETED NEW PATCH ON BAFFLE","cracked front upper right-hand side engine baffle on number 1 cylinder. removed old cracked patch, riveted new patch on baffle",False
102022,"ON APPROACH, ENGINE ROUGHNESS ABOUT 7 - 10 SECS. ADJUSTED MI. PERFORMED GROUND RUN, ALL SYSTEMS OPS CK'ED GOOD.","on approach, engine roughness about 7 to 10 seconds. adjusted mixture. performed ground run, all systems operations checked good.",False
102023,"ON APPROACH, ENGINE ROUGHNESS ABOUT 7 - 10 SECS. ADJUSTED MI. INSPECTED ENGINE, FOUND CYL #2 INTAKE LEAK. REMOVED & R","on approach, engine roughness about 7 to 10 seconds. adjusted mixture. inspected engine, found cylinder number 2 intake leak. removed and replaced",False
102024,"PERFORMING GROUND REF MAN, THROTTLE WAS AT 1600 RPM, THROTTL. RAN A/C, ENGINE RAN VERY ROUGH. #2 & 3 EGT'S WERE MUCH","performing ground reference maneuvers, throttle was at 1600 rpm. ran aircraft, engine ran very rough.",False
102025,"PERFORMING GROUND REF MAN, THROTTLE WAS AT 1600 RPM, THROTTL. INSPECTED, FOUND EXHAUST VALVE CONTACTED PISTON. BEGAN","performing ground reference maneuvers, throttle was at 1600 rpm. inspected, found exhaust valve contacted piston.",False
102027,"PERFORMING GROUND REF MAN, THROTTLE WAS AT 1600 RPM, THROTTL. RAN ENGINE, OPS & LEAK CK GOOD. INSTALLED COWL & ""MINER","performing ground reference maneuvers, throttle was at 1600 rpm. ran engine, operations and leak check good. installed cowl",False
102028,"PERFORMING GROUND REF MAN, THROTTLE WAS AT 1600 RPM, THROTTL. INSTALLED BAFFLES. DIRECT DRIVE OVERH","performing ground reference maneuvers, throttle was at 1600 rpm. installed baffles.",False
102029,"PERFORMING GROUND REF MAN, THROTTLE WAS AT 1600 RPM, THROTTL. REMOVED #3 AFT CYL ASS & INSTALLED REPAIRED CYL ASSY KI","performing ground reference maneuvers, throttle was at 16 rpm. removed number 3 aft cylinder assembly and installed repaired cylinder assembly kit",False
102032,#2 INTAKE ON R/H ENGINE LEAKING. REMOVED & REPLACED INTAKE GASKET.,number 2 intake on right-hand engine leaking. removed and replaced intake gasket.,False
102035,L/H ENG #3 ROCKER COVER LEAKING. REMOVED & REPLACED ROCKER COVER GASKET ON L/H ENG #3.,left-hand engine number 3 rocker cover leaking. removed and replaced rocker cover gasket on left-hand engine number 3.,False
102036,ENGINE STARTED & SEEMED TO BE RUNNING FINE. SUDDENLY ENGINE. GROUND RUN CHECKS GOOD.,engine started and seemed to be running fine. ground run checks good.,False
102038,ENGINE STARTED & SEEMED TO BE RUNNING FINE. SUDDENLY ENGINE. TIMED BOTH MAGS TO ENGINE & TORQUED HOLD DOWNS. GROUND,engine started and seemed to be running fine. timed both magnetos to engine and torqued hold downs.,False
102039,ENGINE STARTED & SEEMED TO BE RUNNING FINE. SUDDENLY ENGINE. GROUND RAN A/C & FOUND NO ROUGH ENGINE. CK'ED MAG TIMIN,engine started and seemed to be running fine. ground ran aircraft and found no rough engine. checked magneto timing,False
102040,R/H ENG #3 CYL INTAKE GASKET IS LEAKING. REMOVED & REPLACED GASKET.,right-hand engine number 3 cylinder intake gasket is leaking. removed and replaced gasket.,False
102041,R/H ENG #4 CYL INTAKE GASKET IS LEAKING. REMOVED & REPLACED GASKET.,right-hand engine number 4 cylinder intake gasket is leaking. removed and replaced gasket.,False
102043,"L/H ENG, R/H FWD BAFFLE SEAL IS LOOSE. REMOVED & REPLACED BAFFLE SEAL W/ NEW.","left-hand engine, right-hand forward baffle seal is loose. removed and replaced baffle seal with new.",False
102044,L/H ENG #1 CYL INTAKE LEAKS. REPLACED GASKET.,left-hand engine number 1 cylinder intake leaks. replaced gasket.,False
102046,"L/H ENG #3 CYL COMPRESSION IS LOW. COMPLETED INSTALL OF #3 CYL, LINES & BAFFLES.","left-hand engine number 3 cylinder compression is low. completed install of number 3 cylinder, lines and baffles.",False
102048,L/H ENG #3 CYL COMPRESSION IS LOW. REMOVED BAFFLES & LINES. REMOVED #3 CYL. INSTALLED REPA,left-hand engine number 3 cylinder compression is low. removed baffles and lines. removed number 3 cylinder.,False
102050,#2 & 4 ROCKER COVERS LEAKING ON L/H ENGINE. REMOVED & REPLACED ROCKER COVER GASKETS ON L/H ENG.,number 2 and number 4 rocker covers leaking on left-hand engine. removed and replaced rocker cover gaskets on left-hand engine.,False
102051,ALL 4 VALVE COVERS LEAKING ON R/H ENGINE. REMOVED & REPLACED ALL 4 ROCKER COVER GASKETS ON R/H EN,all 4 valve covers leaking on right-hand engine. removed and replaced all 4 rocker cover gaskets on right-hand engine,False
102053,CRACK ON OIL COOLER FLANGE. STOP DRILLED CRACK.,crack on oil cooler flange. stop drilled crack.,False
102055,CYL #4 ROCKER COVER GASKET IS LEAKING. TIGHTENED SCREWS.,cylinder number 4 rocker cover gasket is leaking. tightened screws.,False
102056,CYL #1 & 3 BOTTOM BAFFLE IS CRACKED @ TIE ROD. FABRICATED PATCH OF LIKE MATERIAL & INSTALLED IAW,cylinder number 1 and number 3 bottom baffle is cracked at tie rod. fabricated patch of like material and installed in accordance with reference manual,False
102057,"#3 CYL ROCKER BOX COVER SCREW MISSING. INSTALLED NEW SCREW, CK'ED & TIGHTENED ALL ROCKER BOX C","number 3 cylinder rocker box cover screw missing. installed new screw, checked and tightened all rocker box covers",False
102059,#4 INTAKE LEAKING @ OIL SUMP. LEAK CK GOOD.,number 4 intake leaking at oil sump. leak check good.,False
102061,INTAKE GASKET CYL #2 LEAKING. REMOVED & REPLACED INTAKE GASKET.,intake gasket cylinder number 2 leaking. removed and replaced intake gasket.,False
102062,ROCKER COVER GASKETS CYL #2 & 4 LEAKING. REMOVED & REPLACED ROCKER COVER GASKETS.,rocker cover gaskets cylinder number 2 and number 4 leaking. removed and replaced rocker cover gaskets.,False
102063,AFT ENGINE BAFFLE WORN FROM RUBBING. REPOSITIONED LEFT BAFFLE TO CLEAR FROM ENGINE CASING. D,aft engine baffle worn from rubbing. repositioned left baffle to clear from engine casing.,False
102064,#1 CYL BAFFLE NOT BEHIND CYLINDER NUT - INCORRECT INSTALL. PUT IN PROPER POSITION.,"number 1 cylinder baffle not behind cylinder nut, incorrect install. put in proper position.",False
102066,L/H ENG #3 INTAKE IS LEAKING. REPLACED INTAKE GASKET.,left-hand engine number 3 intake is leaking. replaced intake gasket.,False
102070,#3 ROCKER COVER GASKET LEAKING. REMOVED & REPLACED ROCKER COVER GASKET.,number 3 rocker cover gasket leaking. removed and replaced rocker cover gasket.,False
102071,#2 ROCKER COVER LEAKING. REMOVED & REPLACED ROCKER COVER GASKET.,number 2 rocker cover leaking. removed and replaced rocker cover gasket.,False
102072,"COOLING BAFFLE ATTACHMENT BRACKET, BEHIND OIL FILL TUBE, IS. FINISHED BAFFLE INSTALL.","cooling baffle attachment bracket, behind oil fill tube. finished baffle install.",False
102073,ENGINE COOLING BAFFLE SEAL LOOSE ON TOP L/H SIDE. REATTACHED BAFFLE SEAL ON TOP L/H SIDE.,engine cooling baffle seal loose on top left-hand side. reattached baffle seal on top left-hand side.,False
102074,"COOLING BAFFLE ATTACHMENT BRACKET, BEHIND OIL FILL TUBE, IS. INSTALLED NEW BRACKET & STARTED REINSTALLING BAFFLE.","cooling baffle attachment bracket, behind oil fill tube. installed new bracket and started reinstalling baffle.",False
102075,#1 ROCKER GASKET SEEPING. INSTALLED FRESH GASKET.,number 1 rocker gasket seeping. installed fresh gasket.,False
102077,#1 INTAKE GASKET TORN. REMOVED & REPLACED #1 INTAKE GASKET.,number 1 intake gasket torn. removed and replaced number 1 intake gasket.,False
102079,#4 ROCKER GASKET LEAKING. REPLACED ROCKER COVER GASKET.,number 4 rocker gasket leaking. replaced rocker cover gasket.,False
102080,"#3 PUSH ROD SEALS LEAKING. REPLACED SEALS, LEAK CK GOOD.","number 3 push rod seals leaking. replaced seals, leak check good.",False
102082,#4 ROCKER COVER IS LEAKING. REMOVED & REPLACED GASKET.,number 4 rocker cover is leaking. removed and replaced gasket.,False
102083,"#1 INTAKE IS LEAKING AT OIL SUMP. CLEANED, REMOVED TUBE (UPPER) & RESWAGED LOWER TUBE IN","number 1 intake is leaking at oil sump. cleaned, removed upper tube and reswaged lower tube",False
102084,#4 INTAKE GASKET LEAKING. REMOVED & REPLACED INTAKE GASKET.,number 4 intake gasket leaking. removed and replaced intake gasket.,False
102085,#4 ROCKER COVER GASKET LEAKING. REMOVED & REPLACED ROCKER COVER GASKET.,number 4 rocker cover gasket leaking. removed and replaced rocker cover gasket.,False
102086,#2 ROCKER COVER GASKET SEEPING. INSTALLED NEW ROCKER COVER GASKET.,number 2 rocker cover gasket seeping. installed new rocker cover gasket.,False
102088,CYL #2 INTAKE GASKET LEAKING. REMOVED & REPLACED INTAKE GASKET.,cylinder number 2 intake gasket leaking. removed and replaced intake gasket.,False
102090,CYL #1 & 3 SIDE BAFFLE BOLT IS LOOSE. TIGHTENED LOOSE BOLT & RESAFETIED.,cylinder number 1 and number 3 side baffle bolt is loose. tightened loose bolt and resafetied.,False
102091,ENGINE AFT R/H GROUND STRAP NEEDS TO BE SECURED. SECURED ENGINE GROUND STRAP.,engine aft right-hand ground strap needs to be secured. secured engine ground strap.,False
102093,R/H ENG #2 & 4 SIDE BAFFLE SEALS ARE TORN. INSTALLED FRESH BAFFLE SEAL.,right-hand engine number 2 and number 4 side baffle seals are torn. installed fresh baffle seal.,False
102095,"#2 & 4 INTAKE GASKETS ARE LEAKING, L/H ENG. REMOVED & REPLACED INTAKE GASKETS, L/H ENG.","number 2 and number 4 intake gaskets are leaking, left-hand engine. removed and replaced intake gaskets, left-hand engine.",False
102096,"#2, 3 & 4 ROCKER GASKETS ARE LEAKING, L/H ENG. REMOVED & REPLACED ROCKER GASKETS, L/H ENG.","numbers 2, 3 and 4 rocker gaskets are leaking, left-hand engine. removed and replaced rocker gaskets, left-hand engine.",False
102098,SCREW BEHIND OIL FILLER TUBE LOOSE. LEAK CK OK.,screw behind oil filler tube loose. leak check ok.,False
102099,"SCREW BEHIND OIL FILLER TUBE LOOSE. REMOVED OIL FILLER TUBE, TOP OIL COOLER LINE, SECURED S","screw behind oil filler tube loose. removed oil filler tube, top oil cooler line, secured",False
102101,L/H ENGINE #3 & 4 INTAKES ARE LEAKING. REMOVED & REPLACED GASKETS.,left-hand engine number 3 and number 4 intakes are leaking. removed and replaced gaskets.,False
102102,L/H ENGINE #3 & 4 ROCKER COVERS ARE LEAKING. REMOVED & REPLACED GASKETS.,left-hand engine number 3 and number 4 rocker covers are leaking. removed and replaced gaskets.,False
102103,"R/H ENG CYL #2, 3, 4 INTAKE GASKETS LEAKING. REMOVED & REPLACED R/H ENG INTAKE GASKETS.","right-hand engine cylinder number 2, 3, and 4 intake gaskets leaking. removed and replaced right-hand engine intake gaskets.",False
102104,TOOL ON TOP OF ENGINE BETWEEN CYLINDERS. REMOVED TOOL,tool on top of engine between cylinders. removed tool,False
102105,#3 CYL BAFFLE IS MISSING SCREW ON BRACKET. INSTALLED NEW SCREW.,number 3 cylinder baffle is missing screw on bracket. installed new screw.,False
102107,#2 INTAKE LEAKING. REPLACED #2 INTAKE GASKET.,number 2 intake leaking. replaced number 2 intake gasket.,False
102108,"L/H ENG #3 BAFFLE (AFT) SEAL LOOSE. SECURED #3 BAFFLE SEAL, L/H.","left-hand engine number 3 aft baffle seal loose. secured number 3 baffle seal, left-hand.",False
102109,#2 & 4 SIDE BAFFLE SEALS TORN ON R/H ENGINE. REPAIRED #2 & 4 BAFFLE SEALS ON R/H SIDE.,number 2 and number 4 side baffle seals torn on right-hand engine. repaired number 2 and number 4 baffle seals on right-hand side.,False
102110,#1 INDUCTION TUBE GASKET LEAKING. REPLACED INTAKE GASKET.,number 1 induction tube gasket leaking. replaced intake gasket.,False
102111,BOTH L/H & R/H BAFFLE PLUGS WORN. INSTALLED NEW BAFFLE PLUGS.,both left-hand and right-hand baffle plugs worn. installed new baffle plugs.,False
102112,BROKEN ANCHOR ASSY ON #1 CYL. REMOVED & REPLACED ANCHOR ASSY ON #1 CYL.,broken anchor assembly on number 1 cylinder. removed and replaced anchor assembly on number 1 cylinder.,False
102113,"#2 CYL FWD BAFFLE CRACKED. DISASSEMBLED AS REQUIRED, DETERMINED BAFFLE WAS PREVIOU","number 2 cylinder forward baffle cracked. disassembled as required, determined baffle was previously cracked",False
102114,CYL #2 INTAKE GASKET LEAKING. REMOVED & REPLACED GASKET W/ NEW.,cylinder number 2 intake gasket leaking. removed and replaced gasket with new.,False
102115,#2 & 3 ROCKER GASKETS LEAKING. REMOVED & REPLACED ROCKER GASKETS.,number 2 and number 3 rocker gaskets leaking. removed and replaced rocker gaskets.,False
102116,#3 & 4 INTAKE GASKETS ARE LEAKING. REMOVED & REPLACED INTAKE GASKETS.,number 3 and number 4 intake gaskets are leaking. removed and replaced intake gaskets.,False
102118,INTAKE GASKET #4 IS LEAKING. INSTALLED NEW INTAKE GASKET.,intake gasket number 4 is leaking. installed new intake gasket.,False
102119,#2 & 4 ROCKER COVER GASKETS LEAKING. REMOVED & REPLACED ROCKER COVER GASKETS.,number 2 and number 4 rocker cover gaskets leaking. removed and replaced rocker cover gaskets.,False
102120,"SCREW MISSING ON ENGINE COOLING BAFFLE, R/H SIDE NEXT TO OIL. INSTALLED NEW SCREW.","screw missing on engine cooling baffle, right-hand side next to oil installed new screw.",False
102121,"DURING HIGH SPEED ROLL, A/C HAD STRONG VIBRATION. RAN & TAXIED A/C. PERFORMED COMPRESSION CK. CLEANED, GA","during high speed roll, aircraft had strong vibration. ran and taxied aircraft. performed compression check.",False
102122,"#2 & 3 INTAKE GASKETS LEAKING. REPLACED GASKETS, LEAK CK GOOD.","number 2 and number 3 intake gaskets leaking. replaced gaskets, leak check good.",False
102123,"AFTER 20"" MANIFOLD PRESSURE, APPLIED FULL THROTTLE, STARTED. WARMED UP BOTH ENGINES, OPS CK'ED BOTH ENGINES NOTING N","after 20 inches manifold pressure, applied full throttle, started. warmed up both engines, operations checked both engines noting no defects",False
102125,#4 & 2 INDUCTION TUBE GASKET LEAKING. REMOVED & REPLACED INTAKES.,number 4 and number 2 induction tube gasket leaking. removed and replaced intakes.,False
102126,"CYL #2, 3, 4 INTAKE GASKETS LEAKING. REMOVED & REPLACED INTAKE GASKETS.","cylinder number 2, 3, and 4 intake gaskets leaking. removed and replaced intake gaskets.",False
102127,"CYL #2, 3, 4 ROCKER COVER GASKETS LEAKING. REMOVED & REPLACED ROCKER COVER GASKETS.","cylinder number 2, 3, and 4 rocker cover gaskets leaking. removed and replaced rocker cover gaskets.",False
102128,CYL #4 INTAKE GASKET IS LEAKING. REMOVED & REPLACED GASKET.,cylinder number 4 intake gasket is leaking. removed and replaced gasket.,False
102129,CYL #1 WIRING HARNESS SUPPORT BRACKET IS BROKEN. REMOVED & REPLACED STAND OFF.,cylinder number 1 wiring harness support bracket is broken. removed and replaced standoff.,False
102130,"AIR INDUCTION ELBOW TO SERVO BOOT IS WEEPING FUEL. REMOVED, DISASSEMBLED, CLEANED & INSPECTED BOOT, NO DEF","air induction elbow to servo boot is weeping fuel. removed, disassembled, cleaned and inspected boot, no defects",False
102131,#3 CYL ROCKER GASKET SEEPING. INSTALLED FRESH GASKET.,number 3 cylinder rocker gasket seeping. installed fresh gasket.,False
102133,"#1, 3 & 4 ROCKER COVERS LEAKING. REMOVED & REPLACED ROCKER COVER GASKETS.","numbers 1, 3 and 4 rocker covers leaking. removed and replaced rocker cover gaskets.",False
102134,#2 INTAKE LEAKING. REMOVED & REPLACED INTAKE GASKET.,number 2 intake leaking. removed and replaced intake gasket.,False
102135,#2 INDUCTION TUBE GASKET LEAKING. INSTALLED NEW INDUCTION TUBE GASKET.,number 2 induction tube gasket leaking. installed new induction tube gasket.,False
102136,#2 INTAKE LEAKING. REPLACED GASKET.,number 2 intake leaking. replaced gasket.,False
102138,#2 SIDE BAFFLE SEAL STAPLES LOOSE. TIGHTENED/RECRIMPED STAPLES.,"number 2 side baffle seal staples loose. tightened, recrimped staples.",False
102139,#2 & 4 ROCKER GASKETS LEAKING. REMOVED & REPLACED ROCKER COVER GASKETS. LEAK CK GOOD.,number 2 and number 4 rocker gaskets leaking. removed and replaced rocker cover gaskets. leak check good.,False
102141,#3 INTAKE LEAKING. REMOVED & REPLACED INTAKE GASKET.,number 3 intake leaking. removed and replaced intake gasket.,False
102142,#3 ROCKER COVER LEAKING. REMOVED & REPLACED ROCKER COVER GASKET.,number 3 rocker cover leaking. removed and replaced rocker cover gasket.,False
102143,"#4 CYL COMPRESSION 15/80. RAN A/C, OPS & LEAK CK GOOD.","number 4 cylinder compression 15 out of 80. ran aircraft, operations and leak check good.",False
102144,#4 CYL COMPRESSION 15/80. SERVICED W/ 8 QTS MINERAL OIL.,number 4 cylinder compression 15 out of 80. serviced with 8 quarts mineral oil.,False
102145,"#4 CYL COMPRESSION 15/80. DISCONNECTED #4 CYL FUEL & OIL LINES, INTAKE, EXHAUST S","number 4 cylinder compression 15 out of 80. disconnected number 4 cylinder fuel and oil lines, intake, exhaust",False
102147,CYL #2 INTAKE GASKET LEAKING. REMOVED & REPLACED INTAKE GASKET.,cylinder number 2 intake gasket leaking. removed and replaced intake gasket.,False
102149,"R/H AFT BAFFLE BRACKET SCREW MISSING. REMOVED OIL FILLER TUBE, LOCATED & REINSTALLED BAFFLE S","right-hand aft baffle bracket screw missing. removed oil filler tube, located and reinstalled baffle screw",False
102150,MISSING SCREW ON L/H ENG #3 BAFFLE. REPLACED #3 BAFFLE SCREW ON L/H ENG.,missing screw on left-hand engine number 3 baffle. replaced number 3 baffle screw on left-hand engine.,False
102151,#3 INTAKE LEAKING ON L/H ENGINE. REMOVED & REPLACED #3 INTAKE GASKET ON L/H ENGINE.,number 3 intake leaking on left-hand engine. removed and replaced number 3 intake gasket on left-hand engine.,False
102152,"#3 & 4 INTAKE GASKETS LEAKING, R/H ENGINE. REMOVED & REPLACED R/H ENGINE INTAKE GASKETS.","number 3 and number 4 intake gaskets leaking, right-hand engine. removed and replaced right-hand engine intake gaskets.",False
102154,#4 INTAKE LEAKING. REMOVED & REPLACED #4 INTAKE GASKET.,number 4 intake leaking. removed and replaced number 4 intake gasket.,False
102155,#4 ROCKER COVER LEAKING. REMOVED & REPLACED #4 ROCKER COVER GASKET.,number 4 rocker cover leaking. removed and replaced number 4 rocker cover gasket.,False
102156,CYL #4 ROCKER COVER GASKET IS LEAKING. REMOVED & REPLACED GASKET W/ NEW.,cylinder number 4 rocker cover gasket is leaking. removed and replaced gasket with new.,False
102157,CYL #2 INTAKE GASKET IS LEAKING. REMOVED & REPLACED INTAKE GASKET W/ NEW.,cylinder number 2 intake gasket is leaking. removed and replaced intake gasket with new.,False
102159,"INTAKE GASKET, CYL #2, LEAKING. REMOVED & REPLACED INTAKE GASKET.","intake gasket, cylinder number 2, leaking. removed and replaced intake gasket.",False
102160,ROCKER COVER GASKET CYL #3 LEAKING. REMOVED & REPLACED ROCKER COVER GASKET.,rocker cover gasket cylinder number 3 leaking. removed and replaced rocker cover gasket.,False
102161,"R/H AFT BAFFLE SCREW MISSING. LOCATED & REINSTALLED SCREW. REMOVED OIL FILLER TUBE, I",right-hand aft baffle screw missing. located and reinstalled screw. removed oil filler tube,False
102162,"CYL #2, 3, 4 ROCKER COVER GASKET LEAKING. REMOVED & REPLACED ROCKER COVER GASKET.","cylinder number 2, 3, 4 rocker cover gasket leaking. removed and replaced rocker cover gasket.",False
102164,AIR INLET TUBE DAMAGED. REMOVED & REPLACED AIR INLET.,air inlet tube damaged. removed and replaced air inlet.,False
102165,"WHILE MAKING RIGHT TURN, CLIMBING OUT - HEARD LOUD KNOCK, CO. INSPECTED ENGINE, CABIN, M/R SYSTEM - NO DEFECTS NOTED.","while making right turn, climbing out, heard loud knock. inspected engine, cabin, m/r system, no defects noted.",False
102166,L/H ENG TAC GEN LEAKS AT SEAL. REPLACED SEAL IN CARRIER.,left-hand engine tachometer generator leaks at seal. replaced seal in carrier.,False
102169,"#2, 3, & 4 INTAKES LEAKING ON L/H ENGINE. INSTALLED NEW INTAKE GASKETS.","number 2, 3, and 4 intakes leaking on left-hand engine. installed new intake gaskets.",False
102171,L/H O/B BAFFLE SPRING IS BROKEN. REMOVED & REPLACED SPRING W/ NEW.,left-hand outboard baffle spring is broken. removed and replaced spring with new.,False
102178,"ENGINE BAFFLE SEAL TORN, BOTTOM R/H CORNER. REPAIRED & SECURED BAFFLE SEAL.","engine baffle seal torn, bottom right-hand corner. repaired and secured baffle seal.",False
102179,"#2, 3 & 4 ROCKER COVER GASKETS LEAKING, L/H ENGINE. REMOVED & REPLACED GASKETS.","numbers 2, 3 and 4 rocker cover gaskets leaking, left-hand engine. removed and replaced gaskets.",False
102180,"#1, 3 & 4 ROCKER COVER GASKETS LEAKING ON R/H ENGINE. REMOVED & REPLACED GASKETS.","numbers 1, 3 and 4 rocker cover gaskets leaking on right-hand engine. removed and replaced gaskets.",False
102181,"L/H #3 INTAKE GASKET IS LEAKING. REMOVED & REPLACED #3 INTAKE GASKET, L/H ENGINE.","left-hand number 3 intake gasket is leaking. removed and replaced number 3 intake gasket, left-hand engine.",False
102182,"R/H #2 & 3 INTAKE GASKETS LEAKING. REMOVED & REPLACED #2 & 3 INTAKE GASKETS, R/H ENGINE.","right-hand number 2 and number 3 intake gaskets leaking. removed and replaced number 2 and number 3 intake gaskets, right-hand engine.",False
102183,#3 ROCKER BOX COVER GASKET LEAKING. INSTALLED NEW #3 ROCKER BOX COVER GASKET.,number 3 rocker box cover gasket leaking. installed new number 3 rocker box cover gasket.,False
102184,#2 ROCKER COVER GASKET LEAKING. REMOVED & REPLACED ROCKER COVER GASKET.,number 2 rocker cover gasket leaking. removed and replaced rocker cover gasket.,False
102185,BROKEN ANCHOR STANDBY ASSY ON #3 CYL. REMOVED & REPLACED ANCHOR STANDBY ASSY.,broken anchor standby assembly on number 3 cylinder. removed and replaced anchor standby assembly.,False
102187,CYL #4 INTAKE GASKET LEAKING. REMOVED & REPLACED INTAKE GASKET.,cylinder number 4 intake gasket leaking. removed and replaced intake gasket.,False
102190,"ROCKER COVER GASKET, CYL #2 & 4, LEAKING. REMOVED & REPLACED ROCKER COVER GASKETS.","rocker cover gasket, cylinder number 2 and number 4, leaking. removed and replaced rocker cover gaskets.",False
102192,"CYL #1, 3, 4 INTAKE GASKETS LEAKING. REMOVED & REPLACED INTAKE GASKETS.","cylinder number 1, 3, 4 intake gaskets leaking. removed and replaced intake gaskets.",False
102193,BROKEN ANCHOR ASSY ON #2 CYL. REMOVED & REPLACED ANCHOR ASSY ON #2 CYL.,broken anchor assembly on number 2 cylinder. removed and replaced anchor assembly on number 2 cylinder.,False
102195,INTAKE #2 & 4 LEAKING ON R/H ENGINE. REMOVED & REPLACED INTAKE GASKETS.,intake number 2 and number 4 leaking on right-hand engine. removed and replaced intake gaskets.,False
102196,"INTAKE 1, 2, 3 & 4 LEAKING ON L/H ENGINE. INSTALLED NEW INTAKE GASKETS.","intake 1, 2, 3 and 4 leaking on left-hand engine. installed new intake gaskets.",False
102197,"ROCKER COVERS 2, 3 & 4 LEAKING ON R/H ENGINE. REMOVED & REPLACED ROCKER COVER GASKETS.","rocker covers 2, 3 and 4 leaking on right-hand engine. removed and replaced rocker cover gaskets.",False
102198,L/H & R/H AFT #4 BAFFLES HAVE CRACKS. STOP DRILLED CRACKS.,left-hand and right-hand aft number 4 baffles have cracks. stop drilled cracks.,False
102200,L/H #4 INTAKE GASKET LEAKING. REMOVED & REPLACED L/H #4 INTAKE GASKET.,left-hand number 4 intake gasket leaking. removed and replaced left-hand number 4 intake gasket.,False
102201,L/H ENG #1 & 3 BAFFLE TIE ROD WEARING ON INTERBAFFLE. REPOSITIONED TIE ROD.,left-hand engine number 1 and number 3 baffle tie rod wearing on interbaffle. repositioned tie rod.,False
102202,L/H #3 & 4 ROCKER COVER GASKETS LEAKING. REMOVED & REPLACED L/H #3 & 4 ROCKER COVER GASKETS.,left-hand number 3 and number 4 rocker cover gaskets leaking. removed and replaced left-hand number 3 and number 4 rocker cover gaskets.,False
102203,#2 CYL INTAKE GASKET IS LEAKING. REMOVED & REPLACED GASKET.,number 2 cylinder intake gasket is leaking. removed and replaced gasket.,False
102204,A/C WILL NOT START. BROUGHT A/C IN HANGAR TO WARM UP. A/C STARTED.,aircraft will not start. brought aircraft in hangar to warm up. aircraft started.,False
102205,2 & 4 INTAKES LEAKING. REMOVED & REPLACED BOTH INTAKE GASKETS.,2 and 4 intakes leaking. removed and replaced both intake gaskets.,False
102206,"#2 ROCKER GASKET IS LEAKING. REPLACED GASKETS, LEAK CK GOOD.","number 2 rocker gasket is leaking. replaced gaskets, leak check good.",False
102207,SCREW LOOSE ON ENGINE BAFFLING. TIGHTENED SCREW.,screw loose on engine baffling. tightened screw.,False
102209,LEFT ENGINE #3 INTAKE IS LEAKING. REMOVED & REPLACED INTAKE GASKET W/ NEW.,left engine number 3 intake is leaking. removed and replaced intake gasket with new.,False
102210,#3 INDUCTION TUBE GASKET LEAKING. INSTALLED NEW #3 INDUCTION TUBE GASKET.,number 3 induction tube gasket leaking. installed new number 3 induction tube gasket.,False
102211,CYL #3 & 4 ROCKER COVER GASKETS LEAKING. REMOVED & REPLACED ROCKER COVER GASKETS.,cylinder number 3 and number 4 rocker cover gaskets leaking. removed and replaced rocker cover gaskets.,False
102214,"ENGINE BAFFLE, R/H AFT NEXT TO #3 CYL, NEEDS TO BE SCREWED I. REMOVED OIL DIPSTICK, INSTALLED BAFFLE SCREW, REINSTALL","engine baffle, right-hand aft next to number 3 cylinder, needs to be screwed in. removed oil dipstick, installed baffle screw, reinstalled",False
102215,CYL #1 ROCKER COVER GASKET LEAKING. REMOVED & REPLACED CYL #1 ROCKER COVER GASKET.,cylinder number 1 rocker cover gasket leaking. removed and replaced cylinder number 1 rocker cover gasket.,False
102216,CYL #2 ROCKER COVER GASKET LEAKING. REMOVED & REPLACED CYL #2 ROCKER COVER GASKET.,cylinder number 2 rocker cover gasket leaking. removed and replaced cylinder number 2 rocker cover gasket.,False
102217,"OIL LEAK ON R/H ENGINE, BACK BONE CASE SEAM. LEAK CK GOOD.","oil leak on right-hand engine, backbone case seam. leak check good.",False
102218,"L/H ENG, L/H BAFFLE TIE ROD DAMAGED. REPLACED TIE ROD W/ NEW.","left-hand engine, left-hand baffle tie rod damaged. replaced tie rod with new.",False
102219,L/H ENG #1 ROCKER BOX COVER LEAKING. INSTALLED NEW ROCKER BOX COVER GASKET.,left-hand engine number 1 rocker box cover leaking. installed new rocker box cover gasket.,False
102221,#1 INTAKE GASKET LEAKS. REMOVED & REPLACED #1 INTAKE GASKET.,number 1 intake gasket leaks. removed and replaced number 1 intake gasket.,False
102222,R/H ENG LEFT SIDE AFT BAFFLE CRACKED. LEAK CK GOOD.,right-hand engine left side aft baffle cracked. leak check good.,False
102223,R/H ENG LEFT SIDE AFT BAFFLE CRACKED. DISCONNECTED OIL LINE FROM BAFFLE. REMOVED & REPLACED B,right-hand engine left side aft baffle cracked. disconnected oil line from baffle. removed and replaced bolt,False
102224,R/H ENG ALL ROCKER COVER GASKETS LEAKING. REMOVED & REPLACED ALL R/H ENG ROCKER COVER GASKETS.,right-hand engine all rocker cover gaskets leaking. removed and replaced all right-hand engine rocker cover gaskets.,False
102225,R/H ENG #2 INTAKE IS LEAKING. INSTALLED NEW #2 INTAKE GASKET.,right-hand engine number 2 intake is leaking. installed new number 2 intake gasket.,False
102227,#4 INTAKE IS LEAKING. REMOVED & REPLACED GASKET.,number 4 intake is leaking. removed and replaced gasket.,False
102228,R/H ENGINE BAFFLE PLUG MISSING. INSTALLED BAFFLE PLUG HOLE DOUBLER FABRICATED FROM LIKE,right-hand engine baffle plug missing. installed baffle plug hole doubler fabricated from like material,False
102229,CYL #1 INTAKE GASKET IS LEAKING. REMOVED & REPLACED INTAKE GASKET.,cylinder number 1 intake gasket is leaking. removed and replaced intake gasket.,False
102234,"AT FULL POWER (SMOOTHLY APPLIED), ENGINES WOULD VIBRATE VIOL. RAN ENGINES - PROBLEM IS ON L/H ENGINE, RUNNING RATHER","at full power, smoothly applied, engines would vibrate violently. ran engines, problem is on left-hand engine, running rather rough",False
102237,#2 CYL INTAKE GASKET LEAKING. INSTALLED NEW INTAKE GASKET.,number 2 cylinder intake gasket leaking. installed new intake gasket.,False
102241,#3 ROCKER COVER LEAKING ON L/H ENGINE. REMOVED & REPLACED #3 ROCKER COVER GASKET ON L/H ENGINE,number 3 rocker cover leaking on left-hand engine. removed and replaced number 3 rocker cover gasket on left-hand engine,False
102242,"#2 TO #4 CYL BAFFLE TIE ROD BROKEN ON LEFT ENGINE. REMOVED BROKEN END, RETHREADED & SECURED TIE ROD.","number 2 to number 4 cylinder baffle tie rod broken on left engine. removed broken end, rethreaded and secured tie rod.",False
102243,BOLT W/ BARREL @ AFT R/H SIDE OF ENGINE MISSING. INSTALLED NEW BARREL NUT & SCREW.,bolt with barrel at aft right-hand side of engine missing. installed new barrel nut and screw.,False
102244,R/H ENG #3 CYL INTAKE GASKET IS LEAKING. REMOVED & REPLACED GASKET W/ NEW.,right-hand engine number 3 cylinder intake gasket is leaking. removed and replaced gasket with new.,False
102245,"BOLT MISSING ON #4 CYL BAFFLE, R/H ENGINE. REPLACED MISSING BOLT.","bolt missing on number 4 cylinder baffle, right-hand engine. replaced missing bolt.",False
102246,"ROCKER COVERS 2, 3, 4 LEAKING ON L/H ENGINE. REMOVED & REPLACED GASKETS.","rocker covers 2, 3, 4 leaking on left-hand engine. removed and replaced gaskets.",False
102247,"R/H ENGINE, R/H FWD BAFFLE CRACKED. REMOVED BAFFLE FROM ENGINE, FABRICATED PATCH FROM LIKE","right-hand engine, right-hand forward baffle cracked. removed baffle from engine, fabricated patch from like material",False
102252,#4 CYL INTAKE GASKET IS LEAKING. REMOVED & REPLACED GASKET.,number 4 cylinder intake gasket is leaking. removed and replaced gasket.,False
102255,SCREW MISSING FROM R/H AFT BAFFLE. REPLACED MISSING SCREW.,screw missing from right-hand aft baffle. replaced missing screw.,False
102256,#4 ROCKER COVER LEAKING. REMOVED & REPLACED #4 ROCKER GASKET.,number 4 rocker cover leaking. removed and replaced number 4 rocker gasket.,False
102257,"EXCEEDED PROP LIMITS, 2710 RPM FOR A FEW SECONDS. DOWNLOADED INFO & COMPLETED ACTIONS PER.","exceeded propeller limits, 2710 rpm for a few seconds. downloaded information and completed actions per reference manual.",False
102258,#3 ROCKER COVER LEAKS. REMOVED & REPLACED #3 ROCKER COVER GASKET.,number 3 rocker cover leaks. removed and replaced number 3 rocker cover gasket.,False
102259,BAFFLE TIE ROD LOOSE ON L/H SIDE OF R/H ENGINE. TIGHTENED TIE ROD.,baffle tie rod loose on left-hand side of right-hand engine. tightened tie rod.,False
102260,CRACK IN R/H #4 BAFFLE BRACKET. CRACK HAS BEEN PREVIOUSLY STOP DRILLED.,crack in right-hand number 4 baffle bracket. crack has been previously stop drilled.,False
102262,#3 INTAKE GASKET LEAKING ON R/H ENGINE. REMOVED & REPLACED #3 INTAKE GASKET ON R/H ENGINE.,number 3 intake gasket leaking on right-hand engine. removed and replaced number 3 intake gasket on right-hand engine.,False
102263,"#3 INTAKE GASKET ON L/H ENGINE IS LEAKING. REMOVED & REPLACED #3 INTAKE GASKET, L/H ENGINE.","number 3 intake gasket on left-hand engine is leaking. removed and replaced number 3 intake gasket, left-hand engine.",False
102265,"#2 INTAKE GASKET LEAKING. REPLACED GASKET, LEAK CK GOOD.","number 2 intake gasket leaking. replaced gasket, leak check good.",False
102268,#4 INTAKE GASKET IS LEAKING. REPLACED GASKET.,number 4 intake gasket is leaking. replaced gasket.,False
102269,"ROCKER COVER GASKET ON CYL #3, 4 LEAKING. REMOVED & REPLACED ROCKER COVER GASKETS.","rocker cover gasket on cylinder number 3, 4 leaking. removed and replaced rocker cover gaskets.",False
102270,CYL #2 INTAKE LEAKING ON R/H ENGINE. REMOVED & REPLACED INTAKE GASKET.,cylinder number 2 intake leaking on right-hand engine. removed and replaced intake gasket.,False
102271,"LEAKING ROCKER COVER GASKETS, CYL #3 & 4. REMOVED & REPLACED GASKETS.","leaking rocker cover gaskets, cylinder number 3 and number 4. removed and replaced gaskets.",False
102273,"#2, 3, 4 ROCKER GASKETS LEAKING. REMOVED & REPLACED ROCKER COVER GASKETS.","number 2, 3, 4 rocker gaskets leaking. removed and replaced rocker cover gaskets.",False
102274,#1 ROCKER COVER GASKET LEAKS. REPLACED GASKET.,number 1 rocker cover gasket leaks. replaced gasket.,False
102275,BAFFLE CRACKED BEHIND ALTERNATOR. STOP DRILLED & REMOVED EXCESS METAL FROM CRACKED AREA.,baffle cracked behind alternator. stop drilled and removed excess metal from cracked area.,False
102276,CYL #4 & 3 ROCKER COVER GASKETS LEAKING. INSTALLED NEW #3 & 4 ROCKER BOX COVER GASKET.,cylinder number 4 and number 3 rocker cover gaskets leaking. installed new number 3 and number 4 rocker box cover gasket.,False
102281,"AFTER ENGINE START, ENGINE RAN ROUGH BUT THEN SMOKED OUT. AF. RAN A/C, MAG CHECKS GOOD & LEAK CK GOOD.","after engine start, engine ran rough but then smoked out. ran aircraft, magneto checks good and leak check good.",False
102284,"AFTER ENGINE START, ENGINE RAN ROUGH BUT THEN SMOKED OUT. AF. INSTALLED BOTH MAGNETOS, TIMED & TORQUED TO SPECS. INST","after engine start, engine ran rough but then smoked out. installed both magnetos, timed and torqued to specs. installed",False
102286,"ON RUN UP, FAULTY MAGNETO CK PROCEDURES. RAN A/C, NO DEFECTS NOTED. MAG DROPS 100 RPM.","on run up, faulty magneto check procedures. ran aircraft, no defects noted. magneto drops 100 rpm.",False
102288,#4 CYL ROCKER COVER GASKET LEAKING. REMOVED & REPLACED ROCKER COVER GASKET.,number 4 cylinder rocker cover gasket leaking. removed and replaced rocker cover gasket.,False
102289,"#3 ROCKER COVER LEAKING, L/H. LEAK CK GOOD.","number 3 rocker cover leaking, left-hand. leak check good.",False
102290,#3 ROCKER COVER LEAKING ON R/H ENGINE. LEAK CK GOOD.,number 3 rocker cover leaking on right-hand engine. leak check good.,False
102293,"#3 ROCKER COVER LEAKING, L/H. REMOVED & REPLACED ROCKER COVER GASKET.","number 3 rocker cover leaking, left-hand. removed and replaced rocker cover gasket.",False
102294,#2 & 3 INTAKES LEAKING ON R/H ENGINE. REMOVED & REPLACED INTAKE GASKETS.,number 2 and number 3 intakes leaking on right-hand engine. removed and replaced intake gaskets.,False
102295,#3 ROCKER COVER LEAKING ON R/H ENGINE. REMOVED & REPLACED ROCKER COVER GASKET.,number 3 rocker cover leaking on right-hand engine. removed and replaced rocker cover gasket.,False
102296,#2 & 3 INTAKE GASKETS LEAKING. REMOVED & REPLACED INTAKE GASKETS. LEAK CK GOOD.,number 2 and number 3 intake gaskets leaking. removed and replaced intake gaskets. leak check good.,False
102297,#2 & 4 INTAKES ARE LEAKING. REMOVED & REPLACED INTAKE GASKETS.,number 2 and number 4 intakes are leaking. removed and replaced intake gaskets.,False
102298,#4 ROCKER COVER LEAKING. REMOVED & REPLACED ROCKER COVER GASKET.,number 4 rocker cover leaking. removed and replaced rocker cover gasket.,False
102299,"#3 & 2 ROCKER COVER GASKETS LEAK, R/H ENGINE. REMOVED & REPLACED ROCKER COVER GASKETS.","number 3 and number 2 rocker cover gaskets leak, right-hand engine. removed and replaced rocker cover gaskets.",False
102300,"#3 & 2 ROCKER COVER GASKETS LEAK, L/H ENGINE. REMOVED & REPLACED ROCKER COVERS GASKETS.","number 3 and number 2 rocker cover gaskets leak, left-hand engine. removed and replaced rocker covers gaskets.",False
102301,L/H O/B BAFFLE TIE BROKEN. REMOVED & REPLACED BAFFLE TIE.,left-hand outboard baffle tie broken. removed and replaced baffle tie.,False
102302,"R/H ENG, L/H BAFFLE TIE ROD IS BROKEN. REMOVED & REPLACED TIE ROD.","right-hand engine, left-hand baffle tie rod is broken. removed and replaced tie rod.",False
102303,R/H ENG #3 & 4 CYL INTAKE GASKETS ARE LEAKING. REMOVED & REPLACED GASKETS.,right-hand engine number 3 and number 4 cylinder intake gaskets are leaking. removed and replaced gaskets.,False
102304,"R/H ENG #4 CYL AFT BAFFLE, AFT BAFFLE CORNER SUPPORT BRACKET. STOP DRILLED CRACK.","right-hand engine number 4 cylinder aft baffle, aft baffle corner support bracket stop drilled crack.",False
102305,#2 & 4 INTAKE GASKETS LEAKING. REPLACED GASKETS.,number 2 and number 4 intake gaskets leaking. replaced gaskets.,False
102306,"OVERSPEED PROP 2700 RPM FOR 3 SECONDS, NOTICED 2760 RPM MAX. REVIEWED FDM DATA, DETERMINED OVERSPEED TO BE 2778. C/W","overspeed propeller 2700 rpm for 3 seconds, noticed 2760 rpm max. reviewed fdm data, determined overspeed to be 2778. complied with reference manual",False
102307,"CLIMBED TO ALTITUDE & ATTEMPTED DESCENT BACK TO ALTITUDE LEA. REVIEW OF FDM DATA SHOWED MOMENTARY RPM OF 2733.7, COMP",climbed to altitude and attempted descent back to altitude. review of fdm data showed momentary rpm of 2733 point 7,False
102308,R/H ENG #2 CYL FWD BAFFLE IS MISSING A SCREW. INSTALLED NEW SCREW.,right-hand engine number 2 cylinder forward baffle is missing a screw. installed new screw.,False
102310,L/H ENG #3 & 4 CYL INTAKE GASKETS ARE LEAKING. INSTALLED NEW GASKETS ON #3 & 4 INTAKE PIPES.,left-hand engine number 3 and number 4 cylinder intake gaskets are leaking. installed new gaskets on number 3 and number 4 intake pipes.,False
102311,"L/H ENG #2, 3 & 4 CYL ROCKER COVER GASKETS ARE LEAKING. INSTALLED NEW GASKETS ON 2, 3, 4 ROCKER COVERS.","left-hand engine numbers 2, 3 and 4 cylinder rocker cover gaskets are leaking. installed new gaskets on 2, 3, 4 rocker covers.",False
102312,BAFFLE PLUGS MISSING. INSTALLED NEW PLUGS.,baffle plugs missing. installed new plugs.,False
102313,CYL #2 INTAKE GASKET LEAKING. REMOVED & REPLACED INTAKE GASKET.,cylinder number 2 intake gasket leaking. removed and replaced intake gasket.,False
102314,ENGINE BAFFLE RUBBER SEAL INSECURE @ #2 CYLINDER. ATTACHED/SECURED BAFFLE RUBBER SEAL.,"engine baffle rubber seal insecure at number 2 cylinder. attached, secured baffle rubber seal.",False
102315,CYL #2 INTAKE GASKET IS LEAKING. REMOVED & REPLACED GASKET W/ NEW.,cylinder number 2 intake gasket is leaking. removed and replaced gasket with new.,False
102316,"ENGINE AFT BAFFLE CYL #3 AREA HAS SHEARED RIVETS ON SUPPORT. REMOVED SHEARED RIVETS, INSTALLED SCREWS & NUTS ON SUPP","engine aft baffle cylinder number 3 area has sheared rivets on support. removed sheared rivets, installed screws and nuts on support",False
102320,#4 INTAKE GASKET TUBE IS LEAKING AT SUMP. RESWAGED TUBE & REINSTALLED W/ NEW GASKET. LEAK CK'ED &,number 4 intake gasket tube is leaking at sump. reswaged tube and reinstalled with new gasket. leak checked,False
102322,R/H AFT BAFFLE PLUG BAD. REMOVED & REPLACED R/H AFT BAFFLE PLUG.,right-hand aft baffle plug bad. removed and replaced right-hand aft baffle plug.,False
102323,"LEFT AFT BAFFLE SCREW LOOSE, BY #4 ROCKER COVER. TIGHTENED SCREW.","left aft baffle screw loose, by number 4 rocker cover. tightened screw.",False
102324,"CRACK IN ENGINE COOLING BAFFLE, AROUND LANDING LIGHT WIRE SE. STOP DRILLED CRACK.","crack in engine cooling baffle, around landing light wire. stop drilled crack.",False
102326,"CRACK IN ENGINE COOLING BAFFLE, NEXT TO R/H UPPER MOTOR MOUN. INSTALLED NEW #3 AFT BAFFLE.","crack in engine cooling baffle, next to right-hand upper motor mount. installed new number 3 aft baffle.",False
102327,#3 INDUCTION TUBE GASKET LEAKING. REPLACED GASKET.,number 3 induction tube gasket leaking. replaced gasket.,False
102329,"L/H ENG, L/H AFT BAFFLE CRACKED, SEVERAL PLACES. REPLACED BAFFLE W/ REPAIRED ASSY.","left-hand engine, left-hand aft baffle cracked, several places. replaced baffle with repaired assembly.",False
102331,CYL #2 ROCKER COVER GASKET LEAKING. REMOVED & REPLACED ROCKER COVER GASKET.,cylinder number 2 rocker cover gasket leaking. removed and replaced rocker cover gasket.,False
102332,"INTAKE GASKET LEAKING, CYL #2 & 3. REMOVED & REPLACED INTAKE GASKETS.","intake gasket leaking, cylinder number 2 and number 3. removed and replaced intake gaskets.",False
102333,"ROCKER COVER GASKET LEAKING, CYL #2, 3 & 4. REMOVED & REPLACED ROCKER COVER GASKETS.","rocker cover gasket leaking, cylinder numbers 2, 3 and 4. removed and replaced rocker cover gaskets.",False
102334,R/H ENGINE BAFFLE PLUG BAD. INSTALLED NEW BAFFLE PLUG.,right-hand engine baffle plug bad. installed new baffle plug.,False
102338,L/H ENGINE BAFFLE PLUG BAD. INSTALLED NEW BAFFLE PLUG.,left-hand engine baffle plug bad. installed new baffle plug.,False
102339,R/H #1 & 3 INTAKE GASKETS LEAKING. REPLACED GASKETS.,right-hand number 1 and number 3 intake gaskets leaking. replaced gaskets.,False
102340,R/H ENG HAS 4 LEAKING ROCKER GASKETS. REMOVED & REPLACED ALL 4 ROCKER COVER GASKETS.,right-hand engine has 4 leaking rocker gaskets. removed and replaced all 4 rocker cover gaskets.,False
102342,"L/H ENGINE, ALL 4 INTAKE GASKETS ARE LEAKING. REMOVED & REPLACED ALL 4 INTAKE GASKETS.","left-hand engine, all 4 intake gaskets are leaking. removed and replaced all 4 intake gaskets.",False
102343,"BAFFLE SEAL TORN, BOTTOM LEFT SIDE. RESECURED BAFFLE SEAL.","baffle seal torn, bottom left side. resecured baffle seal.",False
102346,INTAKES 2 & 4 LEAKING ON L/H ENGINE. REMOVED & REPLACED INTAKE GASKETS.,intakes 2 and 4 leaking on left-hand engine. removed and replaced intake gaskets.,False
102347,ROCKER COVER #1 LEAKING ON L/H ENGINE. REMOVED & REPLACED ROCKER COVER GASKET.,rocker cover number 1 leaking on left-hand engine. removed and replaced rocker cover gasket.,False
102348,#1 & 2 ROCKER COVERS LEAKING. REPLACED GASKETS.,number 1 and number 2 rocker covers leaking. replaced gaskets.,False
102349,PILOT REPORTED SLIGHT FLUCTUATIONS IN R/H ENGINE DURING CRUI. REMOVED COWLNIG AS REQUIRED. INSPECTED - SET RESET ARM,"pilot reported slight fluctuations in right-hand engine during cruise. removed cowling as required. inspected, set reset arm",False
102350,"#2 ROCKER COVER GASKET LEAKING, R/H ENG. REMOVED & REPLACED ROCKER COVER GASKET.","number 2 rocker cover gasket leaking, right-hand engine. removed and replaced rocker cover gasket.",False
102353,"CRACKED BAFFLE #3 CYL, R/H ENG. STOP DRILLED CRACK. REPAIRED BY PATCHING. RIVETED IAW A","cracked baffle number 3 cylinder, right-hand engine. stop drilled crack. repaired by patching. riveted in accordance with reference manual",False
102354,"#4 INTAKE GASKET LEAKING. REPLACED GASKET, LEAK CK GOOD.","number 4 intake gasket leaking. replaced gasket, leak check good.",False
102356,MX FLIGHT REQUIRED. TIGHTENED THROTTLE INTERCONNECT.,maintenance flight required. tightened throttle interconnect.,False
102358,#2 INTAKE GASKET LEAKING. REMOVED & REPLACED #2 INTAKE GASKET.,number 2 intake gasket leaking. removed and replaced number 2 intake gasket.,False
102359,#3 ROCKER COVER GASKET LEAKING. REMOVED & REPLACED #3 ROCKER COVER GASKET.,number 3 rocker cover gasket leaking. removed and replaced number 3 rocker cover gasket.,False
102363,#4 INTAKE GASKET LEAKING. REMOVED & REPLACED INTAKE GASKET.,number 4 intake gasket leaking. removed and replaced intake gasket.,False
102364,#3 ROCKER COVER GASKET LEAKING. REMOVED & REPLACED ROCKER COVER GASKET.,number 3 rocker cover gasket leaking. removed and replaced rocker cover gasket.,False
102366,#2 CYLINDER INTAKE GASKET IS LEAKING. REMOVED & REPLACED CYL INTAKE GASKET.,number 2 cylinder intake gasket is leaking. removed and replaced cylinder intake gasket.,False
102367,BAFFLE PLUGS DAMAGED. INSTALLED NEW BAFFLE PLUGS.,baffle plugs damaged. installed new baffle plugs.,False
102368,#4 INTAKE LEAKING. REMOVED & REPLACED GASKET.,number 4 intake leaking. removed and replaced gasket.,False
102369,R/H AFT BAFFLE BRACKET RIVETS LOOSE. INSTALLED NEW BAFFLE TAB/RIVETS. REINSTALLED BAFFLE. RE,"right-hand aft baffle bracket rivets loose. installed new baffle tab, rivets. reinstalled baffle.",False
102370,R/H FWD BAFFLE IS CRACKED. STOP DRILLED CRACK.,right-hand forward baffle is cracked. stop drilled crack.,False
102373,L/H ENGINE #2 ROCKER COVER LEAKING. REMOVED & REPLACED GASKET.,left-hand engine number 2 rocker cover leaking. removed and replaced gasket.,False
102374,R/H ENGINE #3 CYL ROCKER COVER LEAKING. REMOVED & REPLACED GASKET.,right-hand engine number 3 cylinder rocker cover leaking. removed and replaced gasket.,False
102375,L/H ENGINE #3 CYL INTAKE GASKET LEAKING. REMOVED & REPLACED GASKET.,left-hand engine number 3 cylinder intake gasket leaking. removed and replaced gasket.,False
102376,R/H ENGINE #2 & 4 INTAKE GASKETS LEAKING. REMOVED & REPLACED GASKETS.,right-hand engine number 2 and number 4 intake gaskets leaking. removed and replaced gaskets.,False
102377,R/H ENG #2 & 4 BAFFLE TIE ROD BROKEN. REPLACED TIE ROD.,right-hand engine number 2 and number 4 baffle tie rod broken. replaced tie rod.,False
102378,"L/H ENG #4 CYL COMPRESSION @ 35. STAKED EXHAUST VALVE, NO CHANGE.","left-hand engine number 4 cylinder compression at 35. staked exhaust valve, no change.",False
102379,L/H ENGINE OIL COOLER MOUNTING BAFFLE CRACKED. STOP DRILLED CRACK.,left-hand engine oil cooler mounting baffle cracked. stop drilled crack.,False
102380,R/H ENG #2 FWD BAFFLE SCREW & WASHER LOOSE. REPLACED BAFFLE SCREW & WASHER.,right-hand engine number 2 forward baffle screw and washer loose. replaced baffle screw and washer.,False
102381,L/H ENG #3 INDUCTION TUBE GASKET LEAKING. INSTALLED NEW #3 INTAKE TUBE GASKET.,left-hand engine number 3 induction tube gasket leaking. installed new number 3 intake tube gasket.,False
102382,"L/H ENG #4 CYL COMPRESSION @ 35. STARTED TO REMOVE BAFFLES, EXHAUST STACK, INTAKE TUBE,","left-hand engine number 4 cylinder compression at 35. started to remove baffles, exhaust stack, intake tube,",False
102383,"L/H ENG #4 CYL COMPRESSION @ 35. INSTALLED ROCKER COVER, SIDE BAFFLES, #4 EXHAUST STACK,","left-hand engine number 4 cylinder compression at 35. installed rocker cover, side baffles, number 4 exhaust stack,",False
102384,"L/H ENG #4 CYL COMPRESSION @ 35. REMOVED #4 CYL ASSY, OIL COOLER & INSTALLED REPAIRED CY","left-hand engine number 4 cylinder compression at 35. removed number 4 cylinder assembly, oil cooler and installed repaired cylinder",False
102385,#1 ROCKER COVER LEAKING. REMOVED & REPLACED #1 ROCKER COVER GASKET.,number 1 rocker cover leaking. removed and replaced number 1 rocker cover gasket.,False
102388,"#2, 3 & 4 ROCKER COVER GASKETS LEAKING. REMOVED & REPLACED #2, 3 & 4 ROCKER COVER GASKETS.","numbers 2, 3 and 4 rocker cover gaskets leaking. removed and replaced numbers 2, 3 and 4 rocker cover gaskets.",False
102389,#2 INTAKE LEAKING. REMOVED & REPLACED INTAKE GASKET.,number 2 intake leaking. removed and replaced intake gasket.,False
102390,#4 INTAKE GASKET LEAKING. REMOVED & REPLACED #4 INTAKE GASKET.,number 4 intake gasket leaking. removed and replaced number 4 intake gasket.,False
102392,"CYL #1, 3 ROCKER COVER GASKETS LEAKING. REMOVED & REPLACED ROCKER COVER GASKETS.","cylinder number 1, 3 rocker cover gaskets leaking. removed and replaced rocker cover gaskets.",False
102393,#2 CYL ANCHOR ASSY BROKEN. REMOVED & REPLACED #2 CYL ANCHOR ASSY.,number 2 cylinder anchor assembly broken. removed and replaced number 2 cylinder anchor assembly.,False
102395,#3 ROCKER COVER LEAKING. REMOVED & REPLACED GASKET.,number 3 rocker cover leaking. removed and replaced gasket.,False
102396,CYL #4 & 3 ROCKER COVER GASKETS ARE LEAKING. REMOVED & REPLACED ROCKER COVER GASKETS.,cylinder number 4 and number 3 rocker cover gaskets are leaking. removed and replaced rocker cover gaskets.,False
102397,#3 & 4 INTAKES LEAKING ON L/H ENG. REMOVED & REPLACED INTAKE GASKETS.,number 3 and number 4 intakes leaking on left-hand engine. removed and replaced intake gaskets.,False
102398,"#2, 3 & 4 INTAKES LEAKING ON R/H ENG. REMOVED & REPLACED INTAKE GASKETS.","numbers 2, 3 and 4 intakes leaking on right-hand engine. removed and replaced intake gaskets.",False
102399,#4 ROCKER COVER LEAKING ON R/H ENG. REMOVED & REPLACED ROCKER COVER GASKET.,number 4 rocker cover leaking on right-hand engine. removed and replaced rocker cover gasket.,False
102400,#2 & 3 ROCKER COVERS LEAKING ON L/H ENG. REMOVED & REPLACED ROCKER COVER GASKETS.,number 2 and number 3 rocker covers leaking on left-hand engine. removed and replaced rocker cover gaskets.,False
102401,L/H #2 INTAKE GASKET LEAKING. REPLACED GASKET.,left-hand number 2 intake gasket leaking. replaced gasket.,False
102403,L/H #2 SIDE BAFFLE SEAL TORN. FASTENED W/ PROP RIVET.,left-hand number 2 side baffle seal torn. fastened with propeller rivet.,False
102406,"#3 AFT BAFFLE, L/H ENG, COWL SEAL NOT SEALING. REMOVED & REPLACED BAFFLE SEAL.","number 3 aft baffle, left-hand engine, cowl seal not sealing. removed and replaced baffle seal.",False
102407,"CYL #2, L/H ENG, INTAKE GASKET LEAKING. REMOVED & REPLACED INTAKE GASKET.","cylinder number 2, left-hand engine, intake gasket leaking. removed and replaced intake gasket.",False
102408,R/H ENG CYL #1 ROCKER COVER GASKET LEAKING. REMOVED & REPLACED ROCKER COVER GASKET.,right-hand engine cylinder number 1 rocker cover gasket leaking. removed and replaced rocker cover gasket.,False
102409,"ROCKER COVER GASKETS, L/H ENG CYL #2, 3, & 4 LEAKING. REMOVED & REPLACED ROCKER COVER GASKETS.","rocker cover gaskets, left-hand engine cylinder number 2, 3, and 4 leaking. removed and replaced rocker cover gaskets.",False
102410,"DURING RUN UP, RPM WOULD NOT INCREASE PAST 1560, REGARDLESS. RAN A/C, ENGINE RAN ROUGH FOR FIRST 2 SECONDS, THEN SMO","during run up, rpm would not increase past 1560, regardless. ran aircraft, engine ran rough for first 2 seconds, then smoothed",False
102412,"DURING RUN UP, RPM WOULD NOT INCREASE PAST 1560, REGARDLESS. REMOVED ROCKER COVERS, CK'ED EXHAUST VALVES FOR BINDING","during run up, rpm would not increase past 1560, regardless. removed rocker covers, checked exhaust valves for binding",False
102413,#1 INTAKE GASKET IS LEAKING. REPLACED GASKET.,number 1 intake gasket is leaking. replaced gasket.,False
102414,#1 FRONT BAFFLE SEAL TORN. REPLACED SECTION OF SEAL.,number 1 front baffle seal torn. replaced section of seal.,False
102415,ALL 4 ROCKER GASKETS ARE LEAKING. REPLACED ALL ROCKER GASKETS.,all 4 rocker gaskets are leaking. replaced all rocker gaskets.,False
102417,"#4 ROCKER COVER GASKET LEAKING, R/H ENGINE. REMOVED & REPLACED #4 ROCKER COVER GASKET.","number 4 rocker cover gasket leaking, right-hand engine. removed and replaced number 4 rocker cover gasket.",False
102420,SIDE BAFFLE PLUG HOLES ARE WORN TOO LARGE. REPAIRED W/ RIVETED PATCHES.,side baffle plug holes are worn too large. repaired with riveted patches.,False
102421,#1 & 4 ROCKER COVER GASKETS LEAKING. REMOVED & REPLACED #1 & 4 ROCKER COVER GASKETS.,number 1 and number 4 rocker cover gaskets leaking. removed and replaced number 1 and number 4 rocker cover gaskets.,False
102422,#2 INTAKE LEAKING. REMOVED & REPLACED INTAKE GASKET.,number 2 intake leaking. removed and replaced intake gasket.,False
102425,CYL #3 ROCKER COVER GASKET LEAKING. REMOVED & REPLACED GASKET.,cylinder number 3 rocker cover gasket leaking. removed and replaced gasket.,False
102426,R/H BAFFLE PLUG WORN. INSTALLED NEW BAFFLE PLUG.,right-hand baffle plug worn. installed new baffle plug.,False
102428,"SCREW MISSING ON R/H ENGINE BAFFLE, BEHIND OIL COOLER. INSTALLED NEW SCREW, INSTALLED NEW GASKET & SAFETIED OI","screw missing on right-hand engine baffle, behind oil cooler. installed new screw, installed new gasket and safetied oil cooler",False
102429,#1 CYL BAFFLE CRACKED. STOP DRILLED CRACK.,number 1 cylinder baffle cracked. stop drilled crack.,False
102430,SNIFFLE VALVES DIRTY. CLEANED BOTH SNIFFLE VALVES.,sniffle valves dirty. cleaned both sniffle valves.,False
102432,"L/H ENGINE INTAKE GASKET LEAKING, CYL #4. REMOVED & REPLACED #4 CYL INTAKE GASKET.","left-hand engine intake gasket leaking, cylinder number 4. removed and replaced number 4 cylinder intake gasket.",False
102433,R/H ENG #3 CYL ROCKER COVER GASKET LEAKING. REMOVED & REPLACED #3 CYL ROCKER COVER GASKET.,right-hand engine number 3 cylinder rocker cover gasket leaking. removed and replaced number 3 cylinder rocker cover gasket.,False
102434,R/H #2 & 4 ROCKER GASKETS ARE LEAKING. REMOVED & REPLACED #2 & 4 CYL ROCKER COVER GASKETS ON R,right-hand number 2 and number 4 rocker gaskets are leaking. removed and replaced number 2 and number 4 cylinder rocker cover gaskets,False
102435,"ENGINE BAFFLE ON #4 CYL, RIVETS SHEARED OFF. REMOVED SHEARED RIVETS, INSTALLED NEW RIVETS TO ENGINE","engine baffle on number 4 cylinder, rivets sheared off. removed sheared rivets, installed new rivets to engine",False
102437,CYL #2 ROCKER COVER GASKET LEAKING. REMOVED & REPLACED ROCKER COVER GASKET.,cylinder number 2 rocker cover gasket leaking. removed and replaced rocker cover gasket.,False
102438,#4 INTAKE GASKET LEAKING. REMOVED & REPLACED #4 INTAKE GASKET.,number 4 intake gasket leaking. removed and replaced number 4 intake gasket.,False
102439,R/H BAFFLE SPRING IS DISCONNECTED. RECONNECTED SPRING.,right-hand baffle spring is disconnected. reconnected spring.,False
102440,L/H BAFFLE PLUG HOLE IS ELONGATED. INSTALLED BAFFLE PATCH & PLUG.,left-hand baffle plug hole is elongated. installed baffle patch and plug.,False
102441,FOD IN ENGINE INTABLE. REMOVED FOD,fod in engine intake. removed fod,False
102442,WRENCH LEFT ON ENGINE BOLT. REMOVED WRENCH,wrench left on engine bolt. removed wrench,False
102443,L/H FUEL PLACARD IS COVERED. UN-COVERED PLACARD,left-hand fuel placard is covered. un-covered placard,False
102444,"INTAKE GASKET, CYL #2 LEAKING. REMOVED & REPLACED INSTAKE GASKET.","intake gasket, cylinder number 2 leaking. removed and replaced instake gasket.",False
102448,"R/H #1, 2, 3 ROCKER GASKETS ARE LEAKING. REPLACED GASKETS.","right-hand number 1, 2, 3 rocker gaskets are leaking. replaced gaskets.",False
102449,"R/H #2, 3, 4 INTAKE GASKETS ARE LEAKING. REMOVED & REPLACED INTAKE GASKETS, R/H ENG.","right-hand number 2, 3, 4 intake gaskets are leaking. removed and replaced intake gaskets, right-hand engine.",False
102450,"#2, 3, 4 INTAKE GASKETS LEAKING, L/H ENG. REMOVED & REPLACED INTAKE GASKETS ON L/H ENG.","number 2, 3, 4 intake gaskets leaking, left-hand engine. removed and replaced intake gaskets on left-hand engine.",False
102452,"#1, 2, 3, 4 ROCKER COVER GASKETS LEAKING ON L/H ENGINE. REMOVED & REPLACED ROCKER COVER GASKETS, L/H ENG.","numbers 1, 2, 3, and 4 rocker cover gaskets leaking on left-hand engine. removed and replaced rocker cover gaskets, left-hand engine.",False
102455,"BAFFLE SEAL TORN, BOTTOM R/H SIDE. SECURED BAFFLE SEAL W/ SAFETY WIRE.","baffle seal torn, bottom right-hand side. secured baffle seal with safety wire.",False
102456,"CYL BAFFLE CHAFING ON OIL RETURN LINE, #3 CYL. REPOSITIONED CYL BAFFLE & APPLIED SPIRAL WRAP TO OIL RE","cylinder baffle chafing on oil return line, number 3 cylinder. repositioned cylinder baffle and applied spiral wrap to oil return line",False
102457,SCREW MISSING ON #3 BAFFLE. REPLACED SCREW.,screw missing on number 3 baffle. replaced screw.,False
102459,"LEFT ENG #2 INTAKE GASKET LEAKS. REMOVED & REPLACED #2 INTAKE GASKET, L/H ENG.","left engine number 2 intake gasket leaks. removed and replaced number 2 intake gasket, left-hand engine.",False
102460,L/H ENG #1 INTAKE GASKET LEAKS. REMOVED & REPLACED #1 INTAKE GASKET & PRIMER LINE CLAMP,left-hand engine number 1 intake gasket leaks. removed and replaced number 1 intake gasket and primer line clamp,False
102462,CYL #3 ROCKER DRAIN LINE LOOSE. TIGHTENED DRAIN LINE.,cylinder number 3 rocker drain line loose. tightened drain line.,False
102463,"CYL #3 AFT BAFFLE SUPPORT RIVETS SHEARED. REMOVED BAFFLE, REATTACHED BAFFLE SUPPORT & REINSTALLED","cylinder number 3 aft baffle support rivets sheared. removed baffle, reattached baffle support and reinstalled",False
102464,#4 INTAKE LEAKING. REPLACED GASKET.,number 4 intake leaking. replaced gasket.,False
102465,#2 INTAKE GASKET LEAKING. REMOVED & REPLACED #2 INTAKE GASKET.,number 2 intake gasket leaking. removed and replaced number 2 intake gasket.,False
102467,L/H ENG #3 AFT BAFFLE CRACKED. STOP DRILLED CRACK ON #3 AFT BAFFLE.,left-hand engine number 3 aft baffle cracked. stop drilled crack on number 3 aft baffle.,False
102469,"INTAKE GASKET, CYL #2 LEAKING, L/H ENGINE. REMOVED & REPLACED INTAKE GASKET.","intake gasket, cylinder number 2 leaking, left-hand engine. removed and replaced intake gasket.",False
102472,"L/H ENGINE CYL #2, 3 & 4 ROCKER COVER GASKETS LEAKING. REMOVED & REPLACED ROCKER COVER GASKETS.","left-hand engine cylinder numbers 2, 3 and 4 rocker cover gaskets leaking. removed and replaced rocker cover gaskets.",False
102473,"#3 & 2 INTAKE GASKET LEAKING, R/H ENGINE. REMOVED & REPLACED #2 & 3 INTAKE GASKETS & PRIMER SLEEV","number 3 and number 2 intake gasket leaking, right-hand engine. removed and replaced number 2 and number 3 intake gaskets and primer sleeves",False
102474,"BOTTOM OIL COOLER LINE CHAFING ON FUEL PUMP, R/H ENGINE. INSPECTED LINE & FUEL PUMP, OK. INSTALLED RTV SILICONE","bottom oil cooler line chafing on fuel pump, right-hand engine. inspected line and fuel pump, ok. installed rtv silicone",False
102478,"#1 CYL SIDE BAFFLE CRACKED. STOP DRILLED CRACK, INSTALLED PATCH SAME MATERIAL IAW A","number 1 cylinder side baffle cracked. stop drilled crack, installed patch same material in accordance with reference manual",False
102480,L/H ENG #2 PRIMER LNE CLAMP NEEDS TO BE REPOSITIONED. REPOSITIONED LINE & REPLACED SLEEVE.,left-hand engine number 2 primer line clamp needs to be repositioned. repositioned line and replaced sleeve.,False
102482,#4 INTAKE LEAKING. REPLACED GASKET.,number 4 intake leaking. replaced gasket.,False
102483,#2 ROCKER COVER LEAKING. REPLACED GASKET.,number 2 rocker cover leaking. replaced gasket.,False
102484,#3 INDUCTION TUBE GASKET LEAKING. INSTALLED NEW #3 INDUCTION TUBE GASKET.,number 3 induction tube gasket leaking. installed new number 3 induction tube gasket.,False
102485,#2 ROCKER COVER GASKET LEAKING. REMOVED & REPLACED #2 ROCKER COVER GASKET.,number 2 rocker cover gasket leaking. removed and replaced number 2 rocker cover gasket.,False
102486,"ROCKER COVER #2, 3, 4 GASKETS LEAKING. REMOVED & REPLACED ROCKER COVER GASKETS.","rocker cover numbers 2, 3, and 4 gaskets leaking. removed and replaced rocker cover gaskets.",False
102487,MUFFLER MISSING NUT. REPLACED NUT.,muffler missing nut. replaced nut.,False
102488,ENGINE REQUIRES DISASSEMBLY & INSPECTION AFTER PROP STRIKE. PATCHED LOWER RIGHT FWD BAFFLE.,engine requires disassembly and inspection after propeller strike. patched lower right forward baffle.,False
102489,"ENGINE REQUIRES DISASSEMBLY & INSPECTION AFTER PROP STRIKE. PATCHED #4 BAFFLE, STOP DRILLED CRACK.","engine requires disassembly and inspection after propeller strike. patched number 4 baffle, stop drilled crack.",False
102491,ENGINE REQUIRES DISASSEMBLY & INSPECTION AFTER PROP STRIKE. DISASSEMBLED ENGINE. SENT CRANK IN FOR R,engine requires disassembly and inspection after propeller strike. disassembled engine. sent crank in for repair,False
102493,ENGINE REQUIRES DISASSEMBLY & INSPECTION AFTER PROP STRIKE. STARTED ASSEMBLY OF ENGINE IAW DIRECT DRIVE MANUAL. MEA,engine requires disassembly and inspection after propeller strike. started assembly of engine in accordance with direct drive manual.,False
102495,ENGINE REQUIRES DISASSEMBLY & INSPECTION AFTER PROP STRIKE. INSTALLED ALL 4 PISTONS ON CONNECTING RODS. INSTALLED P,engine requires disassembly and inspection after propeller strike. installed all 4 pistons on connecting rods. installed pistons,False
102496,ENGINE REQUIRES DISASSEMBLY & INSPECTION AFTER PROP STRIKE. RETORQUE CASE HALF. CLEANED & INSTALLED NECESSARY GEARS,engine requires disassembly and inspection after propeller strike. retorque case half. cleaned and installed necessary gears,False
102497,"ENGINE REQUIRES DISASSEMBLY & INSPECTION AFTER PROP STRIKE. INSTALLED ACCESSORY CASE & OIL SUMP, INSPECTED HYDRAULI",engine requires disassembly and inspection after propeller strike. installed accessory case and oil sump,False
102498,"ENGINE REQUIRES DISASSEMBLY & INSPECTION AFTER PROP STRIKE. INSTALLED FUEL & OIL PRESSURE LINES, MOUNTED OIL COOLER","engine requires disassembly and inspection after propeller strike. installed fuel and oil pressure lines, mounted oil cooler",False
102499,#2 INTAKE IS LEAKING. REMOVED & REPLACED #2 INTAKE GASKET.,number 2 intake is leaking. removed and replaced number 2 intake gasket.,False
102500,#4 CYL INTAKE GASKET LEAKAGE. REPLACED GASKET.,number 4 cylinder intake gasket leakage. replaced gasket.,False
102503,"TOP OIL COOLER LINE CHAFING ON VACUUM PUMP LINE. INSPECTED BOTH LINES, FOUND TO BE IN AIRWORTHY CONDITIO","top oil cooler line chafing on vacuum pump line. inspected both lines, found to be in airworthy condition",False
102504,#2 CYL INTAKE LEAKING. REMOVED & REPLACED #2 INTAKE GASKET.,number 2 cylinder intake leaking. removed and replaced number 2 intake gasket.,False
102505,#2 CYL ROCKER COVER GASKET LEAKING. REMOVED & REPLACED #2 ROCKER COVER GASKET.,number 2 cylinder rocker cover gasket leaking. removed and replaced number 2 rocker cover gasket.,False
102506,CYL #2 INTAKE GASKET LEAKING. REMOVED & REPLACED INTAKE GASKET.,cylinder number 2 intake gasket leaking. removed and replaced intake gasket.,False
102507,LEFT ENG #2 EGT INOP. OPS CK GOOD.,left engine number 2 egt inoperable. operations check good.,False
102508,LEFT ENG #2 EGT INOP. REMOVED & REPLACED #2 EGT PROBE.,left engine number 2 egt inoperable. removed and replaced number 2 egt probe.,False
102510,"ROCKER COVERS 1, 2 & 3 LEAKING ON R/H ENGINE. REMOVED & REPLACED GASKETS.","rocker covers 1, 2, and 3 leaking on right-hand engine. removed and replaced gaskets.",False
102511,#4 ROCKER COVER LEAKING ON R/H ENGINE. REMOVED & REPLACED #4 ROCKER GASKET.,number 4 rocker cover leaking on right-hand engine. removed and replaced number 4 rocker gasket.,False
102513,#1 & 3 ROCKER COVER GASKETS LEAKING. REMOVED & REPLACED #1 & 3 ROCKER COVER GASKETS.,number 1 and number 3 rocker cover gaskets leaking. removed and replaced number 1 and number 3 rocker cover gaskets.,False
102514,#4 INTAKE GASKET LEAKING. REPLACED GASKET.,number 4 intake gasket leaking. replaced gasket.,False
102515,"BROKEN MANIFOLD PSI LINE. REMOVED & REPLACED MANIFOLD PSI LINE, OPS CK GOOD.","broken manifold psi line. removed and replaced manifold psi line, operations check good.",False
102516,INTAKE GASKET TO CYL #2 LEAKING. REPLACED GASKET.,intake gasket to cylinder number 2 leaking. replaced gasket.,False
102517,CYL #4 ROCKER COVER GASKET LEAKING. REPLACED GASKET.,cylinder number 4 rocker cover gasket leaking. replaced gasket.,False
102518,#4 CYL INTAKE GASKET IS LEAKING. REMOVED & REPLACED CYL #4 INTAKE GASKET.,number 4 cylinder intake gasket is leaking. removed and replaced cylinder number 4 intake gasket.,False
102519,#1 & 4 CYL ROCKER COVER GASKETS ARE LEAKING. REMOVED & REPLACED ROCKER COVER GASKETS.,number 1 and number 4 cylinder rocker cover gaskets are leaking. removed and replaced rocker cover gaskets.,False
102521,#4 SPARK PLUG ACCESS HOLE ON BAFFLE REQUIRES PATCH. INSTALLED PATCH.,number 4 spark plug access hole on baffle requires patch. installed patch.,False
102522,#4 INTAKE GASKET LEAKING. REMOVED & REPLACED #4 CYL INTAKE GASKET.,number 4 intake gasket leaking. removed and replaced number 4 cylinder intake gasket.,False
102523,#3 & 4 ROCKER COVERS LEAKING. REMOVED & REPLACED #3 & 4 CYL ROCKER COVER GASKETS.,number 3 and number 4 rocker covers leaking. removed and replaced number 3 and number 4 cylinder rocker cover gaskets.,False
102524,#1 & 2 ROCKER COVERS LEAKING. REMOVED & REPLACED ROCKER COVER GASKETS.,number 1 and number 2 rocker covers leaking. removed and replaced rocker cover gaskets.,False
102525,#2 INTAKE IS LEAKING. REMOVED & REPLACED GASKET.,number 2 intake is leaking. removed and replaced gasket.,False
102528,LOOSELY HANGING FRONT ENGINE RUBBER BAFFLE. SECURED BAFFLE W/ RIVET INTO REQUIRED POSITION.,loosely hanging front engine rubber baffle. secured baffle with rivet into required position.,False
102529,CYL #2 & 3 ROCKER COVER GASKETS LEAKING. LEAK CK GOOD.,cylinder number 2 and number 3 rocker cover gaskets leaking. leak check good.,False
102530,CYL #2 & 4 INTAKE GASKETS LEAKING. REMOVED & REPLACED INTAKE GASKETS.,cylinder number 2 and number 4 intake gaskets leaking. removed and replaced intake gaskets.,False
102533,CYL #3 & 1 ROCKER COVER GASKETS LEAKING. REMOVED & REPLACED ROCKER COVER GASKETS.,cylinder number 3 and number 1 rocker cover gaskets leaking. removed and replaced rocker cover gaskets.,False
102535,R/H ENG OIL COOLER LEAKING. TIGHTENED LOWER FITTING ON OIL COOLER.,right-hand engine oil cooler leaking. tightened lower fitting on oil cooler.,False
102538,TOP LIFTING BRACKET CASE HALF BOLT LEAKING OIL. SEALED LEAK BY RETORQUING NUT.,top lifting bracket case half bolt leaking oil. sealed leak by retorquing nut.,False
102539,R/H ENG BAFFLE CRACKED ON LEFT SIDE OF OIL COOLER. SEPERATED FROM SIDE BAFFLE & FOUND CRACK TO BE PREVIOUS,right-hand engine baffle cracked on left side of oil cooler. separated from side baffle and found crack to be previously cracked,False
102540,"ENGINE BAFFLE CHAFING ON #3 OIL RETURN LINE, L/H ENG. ADJUSTED OIL RETURN LINE TO PREVENT ENGINE BAFFLE CHAFI","engine baffle chafing on number 3 oil return line, left-hand engine. adjusted oil return line to prevent engine baffle chafing",False
102544,ROCKER BOX COVER SCREWS LOOSE (ALL CYL). TIGHTENED SCREWS.,"rocker box cover screws loose, all cylinders. tightened screws.",False
102545,"#3 & #2 CYL ROCKER DRAIN LINES HAVE NO TORQUE SEAL. CK'ED TORQUE OF B-NUT, TORQUE SEALED.","number 3 and number 2 cylinder rocker drain lines have no torque seal. checked torque of b-nut, torque sealed.",False
102547,"BAFFLE SEAL LOOSE, #1 CYL FWD BAFFLE. RESECURED BAFFLE SEAL TO FWD BAFFLE.","baffle seal loose, number 1 cylinder forward baffle. resecured baffle seal to forward baffle.",False
102548,R/H #4 SIDE BAFFLE IS MISSING A BOLT. INSTALLED BOLT & WASHERS.,right-hand number 4 side baffle is missing a bolt. installed bolt and washers.,False
102550,"L/H ENGINE BAFFLE SNAP PLUG HOLE WORN, R/H SIDE ALSO. INSTALLED NEW STRIKER PLATES. RIVETED IAW ,","left-hand engine baffle snap plug hole worn, right-hand side also. installed new striker plates. riveted in accordance with reference manual",False
102551,L/H OIL COOLER SUPPORT BAFFLE CRACKED. LEAK CK GOOD ON PROP GOV LINE.,left-hand oil cooler support baffle cracked. leak check good on propeller governor line.,False
102552,ALL ROCKER COVERS (BOTH ENGS) HAVE LOOSE SCREWS. TIGHTENED ALL SCREWS.,"all rocker covers, both engines, have loose screws. tightened all screws.",False
102555,#2 CYL STANDBY ASSY BROKEN. REMOVED & REPLACED #2 CYL ANCHOR STANDBY ASSY.,number 2 cylinder standby assembly broken. removed and replaced number 2 cylinder anchor standby assembly.,False
102557,"#4 CYL, L/H ENG, HAS LOW COMPRESSION. LEAK CK GOOD. OPS CK GOOD.","number 4 cylinder, left-hand engine, has low compression. leak check good. operations check good.",False
102558,L/H SIDE OF L/H ENGINE BAFFLING CONNECTING ROD BROKEN. REMOVED & REPLACED ROD.,left-hand side of left-hand engine baffling connecting rod broken. removed and replaced rod.,False
102559,"#4 CYL, L/H ENG, HAS LOW COMPRESSION. REMOVED #4 CYL, BAFFLES, OIL LINES & OIL COOLER. REMOVE","number 4 cylinder, left-hand engine, has low compression. removed number 4 cylinder, baffles, oil lines and oil cooler.",False
102562,STARTER FRONT CAP LOOSE. SECURED & TIGHTENED STARTER FRONT CAP.,starter front cap loose. secured and tightened starter front cap.,False
102563,#3 & 2 ROCKER COVER GASKETS LEAKING. REMOVED #3 & 2 ROCKER COVER GASKETS & REPLACED.,number 3 and number 2 rocker cover gaskets leaking. removed number 3 and number 2 rocker cover gaskets and replaced.,False
102564,#2 & 4 INTAKES LEAKING. REMOVED & REPLACED #2 & 4 INTAKE GASKETS.,number 2 and number 4 intakes leaking. removed and replaced number 2 and number 4 intake gaskets.,False
102566,1 BAFFLE PLUG WORN. REMOVED & REPLACED BAFFLE PLUG.,1 baffle plug worn. removed and replaced baffle plug.,False
102567,INTAKE BOOT IS TORN. REPLACED BOOT.,intake boot is torn. replaced boot.,False
102568,"LEFT ENGINE #4 BAFFLE CRACKED, NEAR COOLER. STOP DRILLED CRACK.","left engine number 4 baffle cracked, near cooler. stop drilled crack.",False
102569,LEFT ENGINE BAFFLE SCREW MISSING FWD OF #2 CYL. INSTALLED NEW SCREW & WASHERS IN L/H ENGINE BAFFLE.,left engine baffle screw missing forward of number 2 cylinder. installed new screw and washers in left-hand engine baffle.,False
102571,#2 CYL ROCKER COVER LEAKING. REPLACED #2 CYL ROCKER COVER GASKET.,number 2 cylinder rocker cover leaking. replaced number 2 cylinder rocker cover gasket.,False
102573,"#2, 3, 4 ROCKER COVER GASKETS LEAKING. REPLACED ROCKER COVER GASKETS.","numbers 2, 3, and 4 rocker cover gaskets leaking. replaced rocker cover gaskets.",False
102575,L/H AFT ENGINE BAFFLE CRACKED. STOP DRILLED CRACK.,left-hand aft engine baffle cracked. stop drilled crack.,False
102576,#2 & 1 INTAKE LEAKING. REPLACED #1 INTAKE GASKET.,number 2 and number 1 intake leaking. replaced number 1 intake gasket.,False
102579,#1 & 3 CYL LWR BAFFLE PATCHE IS CRACKED. STOP DRILLED CRACK.,number 1 and number 3 cylinder lower baffle patch is cracked. stop drilled crack.,False
102580,#2 CYL INTAKE LEAKING. REMOVED & REPLACED INTAKE GASKET.,number 2 cylinder intake leaking. removed and replaced intake gasket.,False
102581,"INTAKE TUBE LEAKING, CYL #1 ATTACHMENT POINT TO OIL SUMP. LEAK CK GOOD.","intake tube leaking, cylinder number 1 attachment point to oil sump. leak check good.",False
102582,"INTAKE TUBE LEAKING, CYL #1 ATTACHMENT POINT TO OIL SUMP. SWAGED INTAKE TUBE ATTACHMENT GROOVE. INSTALLED NEW INT","intake tube leaking, cylinder number 1 attachment point to oil sump. swaged intake tube attachment groove. installed new intake tube",False
102583,L/H BAFFLE HAS LOOSE SCREW. ADJUSTED BAFFLE & TIGHTENED SCREWS.,left-hand baffle has loose screw. adjusted baffle and tightened screws.,False
102584,CYL #4 INTAKE GASKET LEAKING. REMOVED & REPLACED GASKET.,cylinder number 4 intake gasket leaking. removed and replaced gasket.,False
102587,"L/H ENG #2, 3 & 4 ROCKER BOX COVER GASKETS LEAKING. TIGHTENED ALL ROCKER BOX COVERS.","left-hand engine numbers 2, 3 and 4 rocker box cover gaskets leaking. tightened all rocker box covers.",False
102588,#3 CYL SIDE BAFFLE HAS LOOSE HARDWARE. REMOVED & REPLACED BAFFLE SCREW & WASHER.,number 3 cylinder side baffle has loose hardware. removed and replaced baffle screw and washer.,False
102589,"ENGINE COOLING BAFFLE MISISNG SCREW, R/H SIDE. REPLACED MISSING SCREW ON R/H SIDE OF ENGINE COOLING BA","engine cooling baffle missing screw, right-hand side. replaced missing screw on right-hand side of engine cooling baffle",False
102593,CYL #3 ROCKER COVER GASKET LEAKING. REMOVED & REPLACED #3 ROCKER COVER GASKET.,cylinder number 3 rocker cover gasket leaking. removed and replaced number 3 rocker cover gasket.,False
102594,#4 INDUCTION TUBE GASKET LEAKING. REMOVED & REPLACED INDUCTION TUBE GASKET.,number 4 induction tube gasket leaking. removed and replaced induction tube gasket.,False
102596,#1 & 4 INTAKES LEAKING. REMOVED & REPLACED INTAKE GASKETS.,number 1 and number 4 intakes leaking. removed and replaced intake gaskets.,False
102597,#2 ROCKER COVER LEAKING. REMOVED & REPLACED #2 ROCKER COVER GASKET W/ NEW.,number 2 rocker cover leaking. removed and replaced number 2 rocker cover gasket with new.,False
102598,#2 INTAKE GASKET IS LEAKING. REPLACED GASKET. LEAK CK GOOD.,number 2 intake gasket is leaking. replaced gasket. leak check good.,False
102599,BOTH BAFFLE PLUGS WORN. REMOVED & REPLACED PLUGS.,both baffle plugs worn. removed and replaced plugs.,False
102601,FUEL LINE SUPPORT BRACKET AT BAFFLE SUPPORT LOOSE. TIGHTENED FUEL LINE SUPPORT BRACKET AT BAFFLE SUPPORT.,fuel line support bracket at baffle support loose. tightened fuel line support bracket at baffle support.,False
102602,"#2 & 4 INTAKE GASKETS LEAKING. REMOVED & REPLACED CYL #2, 4 INTAKE GASKETS.",number 2 and number 4 intake gaskets leaking. removed and replaced cylinder number 2 and number 4 intake gaskets.,False
102603,"ENGINE OVERSPEED. DETERMINED TO BE PILOT INDUCED MOMENTARY OVERSPEED, NO","engine overspeed. determined to be pilot induced momentary overspeed, no actions required",False
102604,#4 INTAKE LEAKS. REPLACED GASKET.,number 4 intake leaks. replaced gasket.,False
102605,#1 ROCKER COVER GASKET LEAKING. REPLACED ROCKER COVER GASKET.,number 1 rocker cover gasket leaking. replaced rocker cover gasket.,False
102606,#2 & 4 INTAKES LEAKING. REMOVED & REPLACED INTAKE GASKETS.,number 2 and number 4 intakes leaking. removed and replaced intake gaskets.,False
102608,#2 INTAKE LEAKING. REPLACED GASKET.,number 2 intake leaking. replaced gasket.,False
102609,#4 ROCKER COVER GASKET LEAKING. REMOVED & REPLACED #4 ROCKER COVER GASKET.,number 4 rocker cover gasket leaking. removed and replaced number 4 rocker cover gasket.,False
102610,"RIVET MISSING ON R/H BAFFLE HOLD DOWN ANGLE, BEHIND OIL COOL. REMOVED BAFFLE, REPLACED MISSING RIVET. INSTALLED BAFFL","rivet missing on right-hand baffle hold down angle, behind oil cool. removed baffle, replaced missing rivet. installed baffle",False
102612,"CRACK IN ENGINE COWLING BAFFLE, #1 CYL. STOP DRILLED CRACK.","crack in engine cowling baffle, number 1 cylinder. stop drilled crack.",False
102613,#1 & 2 ROCKER COVER GASKETS LEAKING. REMOVED & REPLACED #1 & 2 ROCKER COVER GASKETS.,number 1 and number 2 rocker cover gaskets leaking. removed and replaced number 1 and number 2 rocker cover gaskets.,False
102614,#2 & 3 ROCKER COVER GASKETS LEAKING. REMOVED & REPLACED #2 & 3 ROCKER COVER GASKETS.,number 2 and number 3 rocker cover gaskets leaking. removed and replaced number 2 and number 3 rocker cover gaskets.,False
102615,CYL #2 & 3 ROCKER COVER GASKETS LEAKING. REMOVED & REPLACED ROCKER COVER GASKETS.,cylinder number 2 and number 3 rocker cover gaskets leaking. removed and replaced rocker cover gaskets.,False
102616,#2 ROCKER GASKET LEAKING. REMOVED & REPLACED CYL #2 ROCKER GASKET.,number 2 rocker gasket leaking. removed and replaced cylinder number 2 rocker gasket.,False
102617,#4 & 3 INTAKES LEAKING. REMOVED & REPLACED INTAKE GASKETS.,number 4 and number 3 intakes leaking. removed and replaced intake gaskets.,False
102618,#2 & 3 ROCKER COVERS LEAKING. REMOVED & REPLACED ROCKER COVERS.,number 2 and number 3 rocker covers leaking. removed and replaced rocker covers.,False
102619,"DID NORMAL START & WHEN IT FIRED - ENGINE RAN ROUGH FOR SEVE. COULD NOT DUPLICATE DISCREP. RAN UP A/C, PERFORMED MAG,","did normal start and when it fired, engine ran rough for several minutes. could not duplicate discrepancy. ran up aircraft, performed magneto check",False
102621,#1 & 4 INTAKE GASKETS LEAKING ON R/H ENGINE. REMOVED & REPLACED #1 & 4 INTAKE GASKETS ON R/H ENGINE.,number 1 and number 4 intake gaskets leaking on right-hand engine. removed and replaced number 1 and number 4 intake gaskets on right-hand engine.,False
102622,#2 ROCKER COVER GASKET LEAKING. REMOVED & REPLACED #2 ROCKER COVER GASKET.,number 2 rocker cover gasket leaking. removed and replaced number 2 rocker cover gasket.,False
102623,"ENGINE BAFFLE SUPPORT BRACKET HAS LOOSE SCREWS, #3 CYL. TIGHTENED LOOSE SCREWS ON #3 CYL ENGINE BAFFLE.","engine baffle support bracket has loose screws, number 3 cylinder. tightened loose screws on number 3 cylinder engine baffle.",False
102624,COWL SEAL BY #2 CYL NEEDS TO BE REATTCHED TO BAFFLING. RESECURED COWL SEAL TO #2 CYL BAFFLING W/ NEW FASTENER.,cowl seal by number 2 cylinder needs to be reattached to baffling. resecured cowl seal to number 2 cylinder baffling with new fastener.,False
102625,#2 INTAKE GASKET LEAKING. REPLACED GASKET.,number 2 intake gasket leaking. replaced gasket.,False
102626,#4 INTAKE GASKET LEAKS. REMOVED & REPLACED GASKET.,number 4 intake gasket leaks. removed and replaced gasket.,False
102627,#2 ROCKER COVER GASKET LEAKS. REMOVED & REPLACED GASKET.,number 2 rocker cover gasket leaks. removed and replaced gasket.,False
102628,#2 INTAKE LEAKING. REMOVED & REPLACED GASKET.,number 2 intake leaking. removed and replaced gasket.,False
102629,#2 ROCKER COVER LEAKING. REMOVED & REPLACED GASKET.,number 2 rocker cover leaking. removed and replaced gasket.,False
102630,HARDWARE MISSING FROM R/H AFT SIDE BAFFLE. INSTALLED NEW HARDWARE.,hardware missing from right-hand aft side baffle. installed new hardware.,False
102632,#2 INTAKE GASKET LEAKING. REMOVED & REPLACED #2 INTAKE GASKET.,number 2 intake gasket leaking. removed and replaced number 2 intake gasket.,False
102633,#3 ROCKER COVER GASKET LEAKING. REMOVED & REPLACED #3 CYL ROCKER COVER GASKET.,number 3 rocker cover gasket leaking. removed and replaced number 3 cylinder rocker cover gasket.,False
102635,3 EACH BAFFLE SCREWS MISSING. INSTALLED SCREWS.,3 each baffle screws missing. installed screws.,False
102636,#2 & 4 ROCKER COVER GASKETS LEAKING. REMOVED & REPLACED #2 & 4 ROCKER COVER GASKETS.,number 2 and number 4 rocker cover gaskets leaking. removed and replaced number 2 and number 4 rocker cover gaskets.,False
102638,"START ASSIST. STARTED A/C FOR PILOT, USING NORMAL PROCEDURES.","start assist. started aircraft for pilot, using normal procedures.",False
102642,"CRACK ON ENGINE COOLING BAFFLE, #1 CYL. STOP DRILLED CRACK.","crack on engine cooling baffle, number 1 cylinder. stop drilled crack.",False
102643,#2 INTAKE GASKET LEAKING. REMOVED & REPLACED #2 INTAKE GASKET.,number 2 intake gasket leaking. removed and replaced number 2 intake gasket.,False
102644,#1 ROCKER COVER GASKET LEAKING. REMOVED & REPLACED #1 ROCKER COVER GASKET.,number 1 rocker cover gasket leaking. removed and replaced number 1 rocker cover gasket.,False
102645,"SCREW LOOSE ON BAFFLE, BEHIND OIL FILLER TUBE. REMOVED & REPLACED BAFFLE SCREW.","screw loose on baffle, behind oil filler tube. removed and replaced baffle screw.",False
102646,"BAFFLE SEAL, ON BOTTOM RIGHT SIDE, NEEDS TO BE SECURED. SECURED BOTTOM RIGHT SIDE BAFFLE SEAL.","baffle seal, on bottom right side, needs to be secured. secured bottom right side baffle seal.",False
102647,L/H BAFFLE O/B SPRING IS BROKEN. REMOVED & REPLACED SPRING W/ NEW.,left-hand baffle outboard spring is broken. removed and replaced spring with new.,False
102650,#2 INTAKE LEAKING. REPLACED INTAKE GASKET.,number 2 intake leaking. replaced intake gasket.,False
102651,L/H BAFFLE PLUG WORN. REPLACED BAFFLE PLUG.,left-hand baffle plug worn. replaced baffle plug.,False
102652,"#2, 3 & 4 ROCKER COVERS LEAKING. REPLACED ROCKER COVER GASKETS.","numbers 2, 3 and 4 rocker covers leaking. replaced rocker cover gaskets.",False
102654,FRONT & L/H ENGINE BAFFLE CRACKED. STOP DRILLED CRACK.,front and left-hand engine baffle cracked. stop drilled crack.,False
102655,#4 INTAKE GASKET LEAKING. REPLACED #4 INTAKE GASKET.,number 4 intake gasket leaking. replaced number 4 intake gasket.,False
102659,L/H ENG BROKEN BAFFLE ROD RUNNING ALONG CYL #2 & 4. REMOVED & REPLACED L/H ENG BAFFLE TIE ROD.,left-hand engine broken baffle rod running along cylinder number 2 and number 4. removed and replaced left-hand engine baffle tie rod.,False
102660,CYL #2 & 3 LEFT ENGINE LEAKING INTAKE GASKETS. REMOVED & REPLACED INTAKE GASKETS ON #2 & 3 CYL OF L/H,cylinder number 2 and number 3 left engine leaking intake gaskets. removed and replaced intake gaskets on number 2 and number 3 cylinder of left-hand engine,False
102662,"LEFT ENGINE ROCKER COVER GASKETS CYL #2, 3 & 4 LEAKING. REMOVED & REPLACED VALVE COVER GASKETS ON CYL #2, 3 & 4","left engine rocker cover gaskets cylinder numbers 2, 3 and 4 leaking. removed and replaced valve cover gaskets on cylinder numbers 2, 3 and 4",False
102665,#3 INTAKE LEAKING ON R/H ENGINE. REMOVED & REPLACED #3 INTAKE GASKET ON R/H ENGINE.,number 3 intake leaking on right-hand engine. removed and replaced number 3 intake gasket on right-hand engine.,False
102666,"L/H ENG, #3 CYL ROCKER COVER GASKET LEAKING. REMOVED & REPLACED ROCKER COVER GASKET.","left-hand engine, number 3 cylinder rocker cover gasket leaking. removed and replaced rocker cover gasket.",False
102667,#4 INTAKE LEAKING. REMOVED & REPLACED INTAKE GASKET.,number 4 intake leaking. removed and replaced intake gasket.,False
102668,#3 & 4 ROCKER COVERS LEAKING. REMOVED & REPLACED ROCKER COVER GASKETS.,number 3 and number 4 rocker covers leaking. removed and replaced rocker cover gaskets.,False
102669,#4 INTAKE GASKET LEAKS. REPLACED #4 INTAKE GASKET W/ NEW.,number 4 intake gasket leaks. replaced number 4 intake gasket with new.,False
102670,"R/H ENG #2 INTAKE LEAKING. REMOVED & REPLACED #2 INTAKE GASKET, R/H ENG.","right-hand engine number 2 intake leaking. removed and replaced number 2 intake gasket, right-hand engine.",False
102671,"#4 INTAKE GASKET LEAKING, R/H ENG. REMOVED & REPLACED #4 INTAKE GASKET ON R/H ENG.","number 4 intake gasket leaking, right-hand engine. removed and replaced number 4 intake gasket on right-hand engine.",False
102672,"#2, 3 & 4 ROCKER COVER GASKETS LEAKING, R/H ENG. REMOVED & REPLACED CYL #2, 3, 4 ROCKER COVER GASKETS.","numbers 2, 3 and 4 rocker cover gaskets leaking, right-hand engine. removed and replaced cylinder numbers 2, 3, and 4 rocker cover gaskets.",False
102674,#4 ROCKER COVER GASKET LEAKING. REMOVED & REPLACED GASKET.,number 4 rocker cover gasket leaking. removed and replaced gasket.,False
102675,CYL #2 INTAKE GASKET LEAKING. REMOVED & REPLACED INTAKE GASKET.,cylinder number 2 intake gasket leaking. removed and replaced intake gasket.,False
102676,#3 CYL BAFFLE PLUG IS MISSING. INSTALLED NEW BAFFLE PLUG.,number 3 cylinder baffle plug is missing. installed new baffle plug.,False
102679,"#2 & 3 ROCKER COVER GASKETS LEAKING. REMOVED & REPLACED #2, 3 ROCKER COVER GASKETS.",number 2 and number 3 rocker cover gaskets leaking. removed and replaced number 2 and number 3 rocker cover gaskets.,False
102680,START ASSIST. STARTED A/C USING NORMAL PROCEDURES.,start assist. started aircraft using normal procedures.,False
102681,PILOT REQUESTS START ASSIST. ASSISTED START.,pilot requests start assist. assisted start.,False
102683,START ASSIST. ASSISTED PILOT STARTING A/C.,start assist. assisted pilot starting aircraft.,False
102684,#3 INTAKE LEAKING ON L/H ENGINE. REMOVED & REPLACED #3 INTAKE GASKET ON L/H ENG.,number 3 intake leaking on left-hand engine. removed and replaced number 3 intake gasket on left-hand engine.,False
102685,"#2, 3 & 4 ROCKERS LEAKING ON L/H ENGINE. REMOVED & REPLACED #2, 3, 4 ROCKER COVER GASKETS ON L/H","numbers 2, 3 and 4 rockers leaking on left-hand engine. removed and replaced numbers 2, 3, and 4 rocker cover gaskets on left-hand",False
102686,"#2, 3, 4 ROCKER COVERS LEAKING ON R/H ENGINE. REMOVED & REPLACED #2, 3, 4 ROCKER COVER GASKETS ON R/H","numbers 2, 3, and 4 rocker covers leaking on right-hand engine. removed and replaced numbers 2, 3, and 4 rocker cover gaskets on right-hand",False
102687,"L/H ENG, R/H REAR BAFFLE IS CRACKED. STOP DRILLED CRACK.","left-hand engine, right-hand rear baffle is cracked. stop drilled crack.",False
102689,ALL 4 INTAKES LEAKING ON R/H ENGINE. REMOVED & REPLACED INTAKE GASKETS ON ALL CYLS.,all 4 intakes leaking on right-hand engine. removed and replaced intake gaskets on all cylinders.,False
102693,ALL ROCKER COVERS ON L/H ENGINE ARE LEAKING. REMOVED & REPLACED ROCKER COVER GASKETS ON ALL CYLS.,all rocker covers on left-hand engine are leaking. removed and replaced rocker cover gaskets on all cylinders.,False
102694,"L/H ENG CARB AIR BOX APPEARS TO HAVE BEEN ON FIRE. UPON FURTHER INSP, FOUND FIRE DAMAGE TO CARB AIR VALVE","left-hand engine carb airbox appears to have been on fire. upon further inspection, found fire damage to carb air valve",False
102695,#4 ROCKER COVER GASKET LEAKING. REMOVED & REPLACED ROCKER COVER GASKET.,number 4 rocker cover gasket leaking. removed and replaced rocker cover gasket.,False
102696,AIR INTAKE TUBING TORN. REMOVED & REPLACED AIR INTAKE TUBE.,air intake tubing torn. removed and replaced air intake tube.,False
102697,BAFFLING SUPPORT BRACKET BROKEN ON CYL #2. FABRICATED NEW BAFFLE SUPPORT BRACKET ON #2 CYL.,baffling support bracket broken on cylinder number 2. fabricated new baffle support bracket on number 2 cylinder.,False
102698,FRONT R/H ENGINE BAFFLING RIVETS SHEARED. REMOVED & REPLACED RIVETS ON FRONT R/H ENGINE BAFFLING.,front right-hand engine baffling rivets sheared. removed and replaced rivets on front right-hand engine baffling.,False
102699,R/H SIDE ENG BAFFLING CONECTION WIRE BROKEN. INSTALLED NEW CONNECTION WIRE TO R/H ENG BAFFLING ON BO,right-hand side engine baffling conection wire broken. installed new connection wire to right-hand engine baffling,False
102700,"CRACK IN BAFFLING, TOP R/H SIDE OF ENG, NEXT TO ENG MOUNT BO. STOP DRILLED CRACK IN R/H SIDE ENGINE BAFFLING, NEXT TO","crack in baffling, top right-hand side of engine, next to engine mount bolt. stop drilled crack in right-hand side engine baffling",False
102703,START ASSIST. STARTED A/C USING NORMAL PROCEDURES.,start assist. started aircraft using normal procedures.,False
102704,CYL #4 INTAKE GASKET LEAKING. REMOVED & REPLACED INTAKE GASKET.,cylinder number 4 intake gasket leaking. removed and replaced intake gasket.,False
102706,BAFFLING SUPPORT BRACKET ON CYL #2 CRACKED. REMOVED & REPLACED SUPPORT BRACKET.,baffling support bracket on cylinder number 2 cracked. removed and replaced support bracket.,False
102708,R/H #2 & 3 ROCKER GASKET LEAKING. REMOVED & REPLACED GASKETS.,right-hand number 2 and number 3 rocker gasket leaking. removed and replaced gaskets.,False
102709,L/H #2 & 3 ROCKER GASKETS ARE LEAKING. REMOVED & REPLACED GASKETS.,left-hand number 2 and number 3 rocker gaskets are leaking. removed and replaced gaskets.,False
102712,"CYL #1, 3, 4 ROCKER COVER GASKETS LEAKING. REMOVED & REPLACED ROCKER COVER GASKETS.","cylinder numbers 1, 3, and 4 rocker cover gaskets leaking. removed and replaced rocker cover gaskets.",False
102714,#4 ROCKER COVER GASKET LEAKING. REMOVED & REPLACED #4 ROCKER COVER GASKET.,number 4 rocker cover gasket leaking. removed and replaced number 4 rocker cover gasket.,False
102715,SNIFFLER VALVES DIRTY. CLEANED VALVES.,sniffler valves dirty. cleaned valves.,False
102716,R/H ENG #2 INTAKE IS LEAKING. REPLACED GASKET.,right-hand engine number 2 intake is leaking. replaced gasket.,False
102717,CYL #3 INTAKE GASKET LEAKING. REMOVED & REPLACED GASKET.,cylinder number 3 intake gasket leaking. removed and replaced gasket.,False
102718,CYL #4 ROCKER COVER GASKET LEAKING. REMOVED & REPLACED #4 CYL ROCKER COVER GASKET.,cylinder number 4 rocker cover gasket leaking. removed and replaced number 4 cylinder rocker cover gasket.,False
102719,#3 INTAKE LEAKING. REMOVED & REPLACED INTAKE GASKET.,number 3 intake leaking. removed and replaced intake gasket.,False
102721,"R/H ENGINE OIL LEAK AT FILTER HOUSING AFTER RUN UP. REPLACED COVER O-RING, RAN, LEAK CK'ED OK.","right-hand engine oil leak at filter housing after run up. replaced cover o-ring, ran, leak checked ok.",False
102723,INTER CYLINDER BAFFLE CRACKED BETWEEN #1 & 3 CYLS. REMOVED & REPLACED BAFFLE.,inter cylinder baffle cracked between number 1 and number 3 cylinders. removed and replaced baffle.,False
102725,#2 & 3 ROCKER COVERS LEAKING. REMOVED & REPLACED GASKETS.,number 2 and number 3 rocker covers leaking. removed and replaced gaskets.,False
102726,#2 INTAKE LEAKING. REMOVED & REPLACED INTAKE GASKET.,number 2 intake leaking. removed and replaced intake gasket.,False
102727,#1 ROCKER COVER LEAKING. REMOVED & REPLACED ROCKER COVER GASKET.,number 1 rocker cover leaking. removed and replaced rocker cover gasket.,False
102728,#4 INTAKE GASKET IS LEAKING. REPLACED INTAKE GASKET.,number 4 intake gasket is leaking. replaced intake gasket.,False
102730,"#4 CYL HAS LOW COMPRESSION. RAN A/C, COMPRESSION CK STILL LOW.","number 4 cylinder has low compression. ran aircraft, compression check still low.",False
102732,#4 CYL HAS LOW COMPRESSION. BEGAN DISASSEMBLY OF #4 CYL. REMOVED INTAKE & EXHAUST T,number 4 cylinder has low compression. began disassembly of number 4 cylinder. removed intake and exhaust tubes,False
102734,"#4 CYL HAS LOW COMPRESSION. REINSTALLED LIFTERS, ROCKERS, ROCKER SHAFT & PUSH ROD T","number 4 cylinder has low compression. reinstalled lifters, rockers, rocker shaft and push rod tube",False
102735,"#4 CYL HAS LOW COMPRESSION. INSTALLED #4 AFT BAFFLE, NEW INTERCONNECTING RODS, INST","number 4 cylinder has low compression. installed number 4 aft baffle, new interconnecting rods, installed",False
102736,TORN GROMMET TOP ENGINE BAFFLE AFT MIDDLE (SMALL GROMMET). REMOVED & REPLACED SMALL GROMMET.,"torn grommet top engine baffle aft middle, small grommet. removed and replaced small grommet.",False
102737,CYL #4 INTAKE GASKET IS LEAKING. REMOVED & REPLACED GASKET W/ NEW.,cylinder number 4 intake gasket is leaking. removed and replaced gasket with new.,False
102738,"#2 & 4 INTAKE GASKETS LEAKING. REPLACED GASKETS, LEAK CK GOOD.","number 2 and number 4 intake gaskets leaking. replaced gaskets, leak check good.",False
102739,#2 ROCKER COVER GASKET LEAKING. REPLACED #2 ROCKER COVER GASKET. LEAK CK GOOD.,number 2 rocker cover gasket leaking. replaced number 2 rocker cover gasket. leak check good.,False
102740,L/H SIDE BAFFLE HOLE WORN TOO LARGE FOR BAFFLE PLUG. INSTALLED PATCH ON #4 SIDE BAFFLE.,left-hand side baffle hole worn too large for baffle plug. installed patch on number 4 side baffle.,False
102741,CYL #2 INTAKE GASKET LEAKING. REMOVED & REPLACED INTAKE GASKET.,cylinder number 2 intake gasket leaking. removed and replaced intake gasket.,False
102743,BAFFLE SUPPORT ROD CYL #2 & 4 BROKEN. REMOVED & REPLACED BAFFLE SUPPORT FASTENER.,baffle support rod cylinder number 2 and number 4 broken. removed and replaced baffle support fastener.,False
102744,"#1, 2 & 4 ROCKER COVERS ARE LEAKING. REMOVED & REPLACED ROCKER COVER GASKETS.","numbers 1, 2 and 4 rocker covers are leaking. removed and replaced rocker cover gaskets.",False
102745,BAFFLE IS CRACKED ABOVE #1 CYL. STOP DRILLED CRACK & INSTALLED PATCH AROUND CRACKED ARE,baffle is cracked above number 1 cylinder. stop drilled crack and installed patch around cracked area,False
102748,#3 ROCKER COVER LEAKING. REMOVED & REPLACED #3 ROCKER COVER GASKET.,number 3 rocker cover leaking. removed and replaced number 3 rocker cover gasket.,False
102749,"#1, 2, 3 ROCKER COVERS ARE LEAKING. REMOVED & REPLACED ROCKER COVER GASKETS.","numbers 1, 2, and 3 rocker covers are leaking. removed and replaced rocker cover gaskets.",False
102750,#2 ROCKER GASKET LEAKING. REPLACED GASKET.,number 2 rocker gasket leaking. replaced gasket.,False
102751,CYL #4 INTAKE GASKET LEAKING. REMOVED & REPLACED CYL #4 INTAKE GASKET.,cylinder number 4 intake gasket leaking. removed and replaced cylinder number 4 intake gasket.,False
102753,#1 & 2 ROCKER COVER GASKETS LEAKING. REMOVED & REPLACED ROCKER COVER GASKETS.,number 1 and number 2 rocker cover gaskets leaking. removed and replaced rocker cover gaskets.,False
102755,#4 INTAKE GASKET LEAKS. REMOVED & REPLACED #4 CYL INTAKE GASKET.,number 4 intake gasket leaks. removed and replaced number 4 cylinder intake gasket.,False
102757,"#2, 3 & 4 INTAKE GASKETS ARE LEAKING. REPLACED GASKETS.","numbers 2, 3 and 4 intake gaskets are leaking. replaced gaskets.",False
102760,LEFT & RIGHT BAFFLE PLUGS ARE WORN. REMOVED & REPLACED BAFFLE PLUG.,left and right baffle plugs are worn. removed and replaced baffle plug.,False
102761,#3 ROCKER COVER GASKET IS LEAKING. REMOVED & REPLACED ROCKER COVER GASKET.,number 3 rocker cover gasket is leaking. removed and replaced rocker cover gasket.,False
102762,R/H & L/H FRONT BAFFLE SEAL NEEDS TO BE SECURED. SECURED R/H & L/H FRONT BAFFLE SEAL.,right-hand and left-hand front baffle seal needs to be secured. secured right-hand and left-hand front baffle seal.,False
102763,"#1, 3 & 4 VALVE COVER GASKETS LEAKING. REMOVED & REPLACED #1, 3 & 4 VALVE COVER GASKETS.","numbers 1, 3 and 4 valve cover gaskets leaking. removed and replaced numbers 1, 3 and 4 valve cover gaskets.",False
102764,"ROCKER COVER GASKETS, CYL #2 & 3, LEAKING. REMOVED & REPLACED #2 & 3 ROCKER COVER GASKETS.","rocker cover gaskets, cylinder number 2 and number 3, leaking. removed and replaced number 2 and number 3 rocker cover gaskets.",False
102766,"#3, 2, 4 ROCKER COVER GASKETS ARE LEAKING. REMOVED & REPLACED #2, 3, 4 CYL ROCKER COVER GASKETS.","numbers 3, 2, and 4 rocker cover gaskets are leaking. removed and replaced numbers 2, 3, and 4 cylinder rocker cover gaskets.",False
102767,CYL #1 INTAKE LEAKING. INTAKE TUBE ALSO LEAKING AT ATTACHMEN. LEAK CK GOOD.,cylinder number 1 intake leaking. intake tube also leaking at attachment. leak check good.,False
102768,"CYL #2, 3 ROCKER COVER GASKETS LEAKING. REMOVED & REPLACED CYL #2, 3 ROCKER COVER GASKETS.",cylinder number 2 and number 3 rocker cover gaskets leaking. removed and replaced cylinder number 2 and number 3 rocker cover gaskets.,False
102769,CYL #1 INTAKE LEAKING. INTAKE TUBE ALSO LEAKING AT ATTACHMEN. REMOVED & REPLACED CYL #1 INTAKE GASKET. SWEDGED CYL #1,cylinder number 1 intake leaking. intake tube also leaking at attachment. removed and replaced cylinder number 1 intake gasket. swedged cylinder number 1,False
102771,#3 INTAKE LEAKING. REMOVED & REPLACED #3 CYL INTAKE GASKET.,number 3 intake leaking. removed and replaced number 3 cylinder intake gasket.,False
102773,#3 ROCKER COVER GASKET LEAKING. REMOVED & REPLACED GASKET.,number 3 rocker cover gasket leaking. removed and replaced gasket.,False
102776,"HARDWARE MISSING ON #4 ROCKER COVER, L/H ENG. REPLACED MISSING SCREW ON L/H ENG #4 ROCKER COVER.","hardware missing on number 4 rocker cover, left-hand engine. replaced missing screw on left-hand engine number 4 rocker cover.",False
102778,PARTICLE SEPERATOR HAS GRASS IN IT. REMOVED GRASS FROM PARTICLE SEPERATOR.,particle separator has grass in it. removed grass from particle separator.,False
102779,#2 ROCKER GASKET IS LEAKING. REMOVED & REPLACED ROCKER COVER GASKET.,number 2 rocker gasket is leaking. removed and replaced rocker cover gasket.,False
102781,#3 & 4 ROCKER COVERS LEAKING ON R/H ENG. REMOVED & REPLACED ROCKER COVER GASKETS.,number 3 and number 4 rocker covers leaking on right-hand engine. removed and replaced rocker cover gaskets.,False
102783,CYL #2 INTAKE GASKET LEAKING. REMOVED & REPLACED #2 CYL INTAKE GASKET.,cylinder number 2 intake gasket leaking. removed and replaced number 2 cylinder intake gasket.,False
102786,#3 CYL INTAKE LEAKING. REMOVED & REPLACED INTAKE GASKET.,number 3 cylinder intake leaking. removed and replaced intake gasket.,False
102790,R/H BAFFLE SPRING BROKEN. REMOVED & REPLACED SPRING.,right-hand baffle spring broken. removed and replaced spring.,False
102791,CYL #4 ROCKER COVER GASKET LEAKING. REMOVED & REPLACED #4 CYL ROCKER COVER GASKET.,cylinder number 4 rocker cover gasket leaking. removed and replaced number 4 cylinder rocker cover gasket.,False
102794,#2 & 3 INTAKE GASKETS LEAKING. REMOVED & REPLACED #2 INTAKE GASKET.,number 2 and number 3 intake gaskets leaking. removed and replaced number 2 intake gasket.,False
102795,#2 & 3 INTAKE GASKETS LEAKING. REMOVED & REPLACED CYL #3 INTAKE GASKET.,number 2 and number 3 intake gaskets leaking. removed and replaced cylinder number 3 intake gasket.,False
102797,#2 INTAKE BOLT HOLE STRIPPED. REPAIRED BOLT HOLE W/ HELI-COIL KIT. REINSTALLED INTAKE,number 2 intake bolt hole stripped. repaired bolt hole with helicoil kit. reinstalled intake bolt,False
102798,OIL COOLER FLANGE CRACKED. STOP DRILLED CRACK.,oil cooler flange cracked. stop drilled crack.,False
102799,CYL #2 & 4 ROCKER COVER GASKETS LEAKING. REMOVED & REPLACED GASKETS.,cylinder number 2 and number 4 rocker cover gaskets leaking. removed and replaced gaskets.,False
102801,CYL #4 INTAKE GASKET LEAKING. REMOVED & REPLACED INTAKE GASKET.,cylinder number 4 intake gasket leaking. removed and replaced intake gasket.,False
102802,#4 CYL ROCKER COVER GASKET LEAKING. REMOVED & REPLACED ROCKER COVER GASKET.,number 4 cylinder rocker cover gasket leaking. removed and replaced rocker cover gasket.,False
102803,"INTAKE GASKET LEAKING ON #3 CYL, L/H ENG. REMOVED & REPLACED #3 CYL INTAKE GASKET.","intake gasket leaking on number 3 cylinder, left-hand engine. removed and replaced number 3 cylinder intake gasket.",False
102804,"L/H ENG, AFT BAFFLING CRACKED BEHIND CYL #4. REMOVED & REPLACED CYL #4 REAR BAFFLE.","left-hand engine, aft baffling cracked behind cylinder number 4. removed and replaced cylinder number 4 rear baffle.",False
102805,#3 INTAKE LEAKING ON R/H ENGINE. REMOVED & REPLACED #3 CYL INTAKE GASKET ON R/H ENGINE.,number 3 intake leaking on right-hand engine. removed and replaced number 3 cylinder intake gasket on right-hand engine.,False
102806,"L/H ENGINE #1, 2, 4 ROCKER COVER GASKETS LEAKING. REMOVED & REPLACED #1, 2 & 4 GASKETS.","left-hand engine numbers 1, 2, and 4 rocker cover gaskets leaking. removed and replaced numbers 1, 2 and 4 gaskets.",False
102807,#1 & 2 ROCKER COVERS LEAKING ON R/H ENGINE. REMOVED & REPLACED #1 & 2 ROCKER COVER GASKETS.,number 1 and number 2 rocker covers leaking on right-hand engine. removed and replaced number 1 and number 2 rocker cover gaskets.,False
102808,#3 ROCKER COVER LEAKING. REMOVED & REPLACED CYL #3 ROCKER COVER GASKET.,number 3 rocker cover leaking. removed and replaced cylinder number 3 rocker cover gasket.,False
102810,#2 INTAKE GASKET LEAKING. REMOVED & REPLACED INTAKE GASKET ON #2 CYL.,number 2 intake gasket leaking. removed and replaced intake gasket on number 2 cylinder.,False
102811,#1 ROCKER COVER GASKET LEAKS. REMOVED & REPLACED ROCKER COVER GASKET ON #1 CYL.,number 1 rocker cover gasket leaks. removed and replaced rocker cover gasket on number 1 cylinder.,False
102812,#4 INTAKE LEAKING. REPLACED GASKET.,number 4 intake leaking. replaced gasket.,False
102813,#3 ROCKER COVER LEAKING. REPLACED GASKET.,number 3 rocker cover leaking. replaced gasket.,False
102815,"#3 & 4 CYL ROCKER COVERS LEAKING. REMOVED & REPLACED CYL #3, 4 ROCKER COVER GASKETS.",number 3 and number 4 cylinder rocker covers leaking. removed and replaced cylinder number 3 and number 4 rocker cover gaskets.,False
102816,#2 & 3 ROCKER COVER GASKETS LEAKING. REMOVED & REPLACED #2 & 3 ROCKER COVER GASKETS.,number 2 and number 3 rocker cover gaskets leaking. removed and replaced number 2 and number 3 rocker cover gaskets.,False
102819,#3 OIL DRAIN LINE HAS RUB MARK. REMOVED & REPLACED OIL DRAIN LINE.,number 3 oil drain line has rub mark. removed and replaced oil drain line.,False
102820,CYL #4 INTAKE GASKET LEAKING. REMOVED & REPLACED INTAKE GASKET.,cylinder number 4 intake gasket leaking. removed and replaced intake gasket.,False
102821,TEST FLIGHT NEEDED FOR HOVER POWER. CLEANED SNIFFLER VALVES. MX FLIGHT REQUIRED.,test flight needed for hover power. cleaned sniffler valves. maintenance flight required.,False
102822,CYL #4 TEMP PROBE LOOSE. REMOVED & REPLACED CHT PROBE.,cylinder number 4 temperature probe loose. removed and replaced cht probe.,False
102823,#1 & 4 INTAKES LEAKING. REMOVED & REPLACED #1 & 4 CYL INTAKE GASKETS.,number 1 and number 4 intakes leaking. removed and replaced number 1 and number 4 cylinder intake gaskets.,False
102824,#4 ROCKER COVER LEAKING. REMOVED & REPLACED #4 CYL ROCKER COVER GASKET.,number 4 rocker cover leaking. removed and replaced number 4 cylinder rocker cover gasket.,False
102826,"ROCKER COVER GASKET, CYL #3, LEAKING. REMOVED & REPLACED #3 CYL ROCKER COVER GASKET.","rocker cover gasket, cylinder number 3, leaking. removed and replaced number 3 cylinder rocker cover gasket.",False
102827,"NOTICED VIBRATIONS & ENGINE ROUGHNESS, ALSO NOT PRODUCING FU. RAN A/C. MAG, IDLE RPM & IDLE MIXTURE CK GOOD. NO VIBRA","noticed vibrations and engine roughness. ran aircraft. magneto, idle rpm and idle mixture check good. no vibrations",False
102829,L/H ENG CORNER BRACKET ON L/H REAR BAFFLE IS CRACKED. REMOVED & REPLACED BRACKET.,left-hand engine corner bracket on left-hand rear baffle is cracked. removed and replaced bracket.,False
102830,"LEAKING ROCKER COVER GASKETS, CYL #3 & 4, R/H ENGINE. REMOVED & REPLACED ROCKER GASKETS ON R/H ENG.","leaking rocker cover gaskets, cylinder number 3 and number 4, right-hand engine. removed and replaced rocker gaskets on right-hand engine.",False
102833,"FRONT BAFFLE SEAL ON BOTTOM LEFT & BOTTOM RIGHT SIDES, NEEDS. SECURED BOTTOM LEFT & BOTTOM RIGHT SIDES OF FRONT BAFFL","front baffle seal on bottom left and bottom right sides, needs secured bottom left and bottom right sides of front baffle",False
102834,#4 ROCKER COVER LEAKING. REMOVED & REPLACED GASKET.,number 4 rocker cover leaking. removed and replaced gasket.,False
102835,#2 CYL ROCKER COVER GASKET LEAKING. REMOVED & REPLACED #2 CYL ROCKER COVER GASKET.,number 2 cylinder rocker cover gasket leaking. removed and replaced number 2 cylinder rocker cover gasket.,False
102836,UPPER RIGHT BAFFLE SEAL NEEDS TO BE SECURED. SECURED UPPER RIGHT BAFFLE SEAL.,upper right baffle seal needs to be secured. secured upper right baffle seal.,False
102837,#2 ROCKER COVER GASKET LEAKING. REMOVED & REPLACED CYL #2 ROCKER COVER GASKET.,number 2 rocker cover gasket leaking. removed and replaced cylinder number 2 rocker cover gasket.,False
102838,#2 INTAKE HAS LEAK. REMOVED & REPLACED INTAKE GASKET.,number 2 intake has leak. removed and replaced intake gasket.,False
102839,#2 & 4 INTAKES LEAKING. REMOVED & REPLACED INTAKE GASKETS.,number 2 and number 4 intakes leaking. removed and replaced intake gaskets.,False
102840,BOTH OIL COOLERS NEED TO BE CLEANED. CLEANED BOTH OIL COOLERS.,both oil coolers need to be cleaned. cleaned both oil coolers.,False
102841,#2 INTAKE GASKET LEAKING. REMOVED & REPLACED INTAKE GASKET.,number 2 intake gasket leaking. removed and replaced intake gasket.,False
102842,"BAFFLE, #1 CYL, REQUIRES PATCH. INSTALLED PATCH ON #1 CYL BAFFLE.","baffle, number 1 cylinder, requires patch. installed patch on number 1 cylinder baffle.",False
102843,"MISSING BAFFLE PLUG, R/H SIDE, L/H SIDE NEED REPLACEMENT. REPLACED BAFFLE PLUGS.","missing baffle plug, right-hand side, left-hand side need replacement. replaced baffle plugs.",False
102844,#2 ROCKER COVER GASKET NEEDS REPLACEMENT. REMOVED & REPLACED ROCKER COVER GASKET.,number 2 rocker cover gasket needs replacement. removed and replaced rocker cover gasket.,False
102846,"L/H & R/H BAFFLE PLUG HOLES REQUIRE PATCHES. AFTER FURTHER INSPECTION, FOUND PLUG HOLES TO BE OK.","left-hand and right-hand baffle plug holes require patches. after further inspection, found plug holes to be ok.",False
102847,"#1 & 2 INTAKES LEAKING. REMOVED & REPLACED CYL #1, 2 INTAKE GASKETS.",number 1 and number 2 intakes leaking. removed and replaced cylinder number 1 and number 2 intake gaskets.,False
102848,#3 ROCKER COVER LEAKING. REMOVED & REPLACED CYL #3 ROCKER COVER GASKET.,number 3 rocker cover leaking. removed and replaced cylinder number 3 rocker cover gasket.,False
102849,#2 INTAKE LEAKING. REMOVED & REPLACED INTAKE GASKET.,number 2 intake leaking. removed and replaced intake gasket.,False
102850,#2 & 4 ROCKER COVERS LEAKING. REMOVED & REPLACED ROCKER COVER GASKETS.,number 2 and number 4 rocker covers leaking. removed and replaced rocker cover gaskets.,False
102852,FOUND RIGHT BAFFLE SEAL NEEDS TO BE SECURED. SECURED BAFFLE SEAL.,found right baffle seal needs to be secured. secured baffle seal.,False
102853,OIL COOLER NEEDS TO BE BLOWN OUT. BLEW OUT OIL COOLER.,oil cooler needs to be blown out. blew out oil cooler.,False
102854,#2 ROCKER COVER GASKET LEAKING. REMOVED & REPLACED ROCKER COVER GASKET.,number 2 rocker cover gasket leaking. removed and replaced rocker cover gasket.,False
102855,ALL ROCKER COVERS ARE LEAKING. REPLACED GASKETS ON ALL 4 ROCKER COVERS.,all rocker covers are leaking. replaced gaskets on all 4 rocker covers.,False
102856,ENGINE OIL COOLER CAN BE CLEANED EXTERNALLY. CLEANED ENGINE OIL COOLER.,engine oil cooler can be cleaned externally. cleaned engine oil cooler.,False
102857,M/R TRANSMISSION OIL COOLER CAN BE CLEANED OUT EXTERNALLY. CLEANED M/R TRANSMISSION OIL COOLER.,m/r transmission oil cooler can be cleaned out externally. cleaned m/r transmission oil cooler.,False
102858,#3 CYL INTAKE GASKET LEAKING. REMOVED & REPLACED #3 CYL INTAKE GASKET.,number 3 cylinder intake gasket leaking. removed and replaced number 3 cylinder intake gasket.,False
102859,"#2, 3 & 4 CYL ROCKER COVER GASKETS LEAKING. REMOVED & REPLACED GASKETS.","numbers 2, 3 and 4 cylinder rocker cover gaskets leaking. removed and replaced gaskets.",False
102861,STRIPPED NUT ON C FLANGE BOLT. REPLACED HARDWARE.,stripped nut on c flange bolt. replaced hardware.,False
102862,STRIPPED NUT ON C FLANGE BOLT. FILED OFF NUT & REMOVED.,stripped nut on c flange bolt. filed off nut and removed.,False
102868,R/H ENG CYL #3 & 4 INTAKE GASKETS LEAKING. REPLACED GASKETS.,right-hand engine cylinder number 3 and number 4 intake gaskets leaking. replaced gaskets.,False
102870,R/H OIL FILLER TUBE LOOSE. TIGHTENED & RESAFETIED OIL FILLER TUBE.,right-hand oil filler tube loose. tightened and resafetied oil filler tube.,False
102871,R/H ENG CYL #3 & 4 ROCKER COVER GASKETS LEAKING. REPLACED GASKETS.,right-hand engine cylinder number 3 and number 4 rocker cover gaskets leaking. replaced gaskets.,False
102872,L/H CRANKSHAFT SEAL SEEPING. REMOVED & REPLACED CRANKSHAFT OIL SEAL.,left-hand crankshaft seal seeping. removed and replaced crankshaft oil seal.,False
102873,"#2 INTAKE GASKET LEAKING, L/H ENG. REMOVED & REPLACED INTAKE GASKET.","number 2 intake gasket leaking, left-hand engine. removed and replaced intake gasket.",False
102874,#2 INTAKE GASKET LEAKING (R/H ENG). REMOVED & REPLACED INTAKE GASKET.,"number 2 intake gasket leaking, right-hand engine. removed and replaced intake gasket.",False
102875,R/H ENG #2 CYL ROCKER COVER GASKET IS LEAKING. REMOVED & REPLACED #2 ROCKER COVER GASKET.,right-hand engine number 2 cylinder rocker cover gasket is leaking. removed and replaced number 2 rocker cover gasket.,False
102878,#2 SIDE BAFFLE SEAL LOOSE ON BAFFLE. RESECURED BAFFLE SEAL.,number 2 side baffle seal loose on baffle. resecured baffle seal.,False
102879,#3 INTAKE GASKET LEAKING. REPLACED GASKET.,number 3 intake gasket leaking. replaced gasket.,False
102880,#4 INTAKE GASKET IS LEAKING. REPLACED GASKET.,number 4 intake gasket is leaking. replaced gasket.,False
102885,INTAKES 2 & 4 LEAKING ON R/H ENGINE. REMOVED & REPLACED INTAKE GASKETS.,intakes 2 and 4 leaking on right-hand engine. removed and replaced intake gaskets.,False
102886,L/H CARB HEAT VALVE MISSING FELT. REMOVED & REPLACED L/H CARB HEAT VALVE.,left-hand carb heat valve missing felt. removed and replaced left-hand carb heat valve.,False
102888,ROCKER COVERS 2 & 3 LEAKING ON L/H ENGINE. REMOVED & REPLACED ROCKER COVER GASKETS.,rocker covers 2 and 3 leaking on left-hand engine. removed and replaced rocker cover gaskets.,False
102889,"ROCKER COVERS 1, 2, 3 & 4 LEAKING ON R/H ENGINE. REMOVED ALL R/H ROCKER COVER GASKETS & REPLACED.","rocker covers 1, 2, 3 and 4 leaking on right-hand engine. removed all right-hand rocker cover gaskets and replaced.",False
102890,#4 ROCKER COVER GASKET LEAKING. REPLACED GASKET.,number 4 rocker cover gasket leaking. replaced gasket.,False
102892,BAFFLE ABOVE #1 CYL REQUIRES PATCH. INSTALLED BAFFLE PATCH.,baffle above number 1 cylinder requires patch. installed baffle patch.,False
102893,#2 & 4 ROCKER COVER GASKETS LEAKING. REMOVED & REPLACED ROCKER COVER GASKETS.,number 2 and number 4 rocker cover gaskets leaking. removed and replaced rocker cover gaskets.,False
102894,#3 INTAKE GASKET ON L/H ENGINE LEAKING. REMOVED & REPLACED GASKET.,number 3 intake gasket on left-hand engine leaking. removed and replaced gasket.,False
102895,"ROCKER COVER GASKET LEAKING, #3 R/H ENGINE. REMOVED & REPLACED #3 CYL ROCKER COVER GASKET ON R/H EN","rocker cover gasket leaking, number 3 right-hand engine. removed and replaced number 3 cylinder rocker cover gasket on right-hand engine",False
102896,#2 & 3 ROCKER COVER GASKETS LEAKING ON L/H ENGINE. REMOVED & REPLACED ROCKER COVER GASKETS ON #2 & 3 CYLS,number 2 and number 3 rocker cover gaskets leaking on left-hand engine. removed and replaced rocker cover gaskets on number 2 and number 3 cylinders,False
102899,R/H ENG #1 & 2 ROCKER COVERS ARE LEAKING. REMOVED & REPLACED R/H ENG ROCKER COVER GASKETS.,right-hand engine number 1 and number 2 rocker covers are leaking. removed and replaced right-hand engine rocker cover gaskets.,False
102900,"#2, 3 & 4 ROCKER COVERS ARE LEAKING ON L/H ENGINE. REMOVED & REPLACED ROCKER COVER GASKETS, L/H ENGINE.","numbers 2, 3 and 4 rocker covers are leaking on left-hand engine. removed and replaced rocker cover gaskets, left-hand engine.",False
102901,"#2 INTAKE GASKET LEAKING, L/H ENGINE. REMOVED & REPLACED INTAKE GASKET.","number 2 intake gasket leaking, left-hand engine. removed and replaced intake gasket.",False
102904,"#2, 3, 4 ROCKER COVER GASKETS LEAKING, R/H ENGINE. REMOVED & REPLACED ROCKER COVER GASKETS.","numbers 2, 3, and 4 rocker cover gaskets leaking, right-hand engine. removed and replaced rocker cover gaskets.",False
102905,"#2, 3, 4 ROCKER COVER GASKETS LEAKING, L/H ENGINE. REMOVED & REPLACED ROCKER COVER GASKETS, L/H SIDE.","numbers 2, 3, and 4 rocker cover gaskets leaking, left-hand engine. removed and replaced rocker cover gaskets, left-hand side.",False
102906,L/H ENG IS MISSING BAFFLE BOLT FROM #3 CYL. INSTALLED NEW HARDWARE.,left-hand engine is missing baffle bolt from number 3 cylinder. installed new hardware.,False
102908,INTAKE 2 & 3 LEAKING. REMOVED & REPLACED INTAKE GASKETS.,intake 2 and 3 leaking. removed and replaced intake gaskets.,False
102909,BAFFLE TIE ROD BROKEN. REPLACED TIE ROD.,baffle tie rod broken. replaced tie rod.,False
102910,ROCKER COVER SCREWS LOOSE ON L/H ENGINE. TIGHTENED SCREWS.,rocker cover screws loose on left-hand engine. tightened screws.,False
102912,R/H ENGNIE CYL #3 & 2 INTAKE GASKETS LEAKING. REMOVED & REPLACED GASKETS.,right-hand engine cylinder number 3 and number 2 intake gaskets leaking. removed and replaced gaskets.,False
102913,R/H ENG CYL #3 ROCKER COVER GASKET LEAKING. REMOVED & REPLACED ROCKER COVER GASKET.,right-hand engine cylinder number 3 rocker cover gasket leaking. removed and replaced rocker cover gasket.,False
102914,"L/H ENG #2 CYL HAS LOW COMPRESSION. RAN A/C, COMPRESSION CK AT 14/80 PSI (CONTINUED ON PD #","left-hand engine number 2 cylinder has low compression. ran aircraft, compression check at 14 out of 80 psi",False
102915,LH/ ENG #2 CYL HAS LOW COMPRESSION. FINISHED INSTALLATION & OPS CK GOOD.,left-hand engine number 2 cylinder has low compression. finished installation and operations check good.,False
102916,"L/H ENG #2 EXHAUST ROCKER WAS NICKED DURING VALVE STAKING. REMOVED & REPLACED ROCKER ARM, SHAFT & GASKET.","left-hand engine number 2 exhaust rocker was nicked during valve staking. removed and replaced rocker arm, shaft and gasket.",False
102917,"LH/ ENG #2 CYL HAS LOW COMPRESSION. REPLACED EXHAUST VALVE, FITTED VALVE TO CYL. INSTALLED","left-hand engine number 2 cylinder has low compression. replaced exhaust valve, fitted valve to cylinder. installed",False
102918,LH/ ENG #2 CYL HAS LOW COMPRESSION. REMOVED #2 CYL ON L/H ENG. REMOVED EXHAUST & INTAKE TUB,left-hand engine number 2 cylinder has low compression removed number 2 cylinder on left-hand engine. removed exhaust and intake tube,False
102919,BOTH OIL COOLERS NEED TO BE CLEANED. CLEANED BOTH OIL COOLERS.,both oil coolers need to be cleaned. cleaned both oil coolers.,False
102920,#1 CYL COMPRESSION LOW. STAKED EXHAUST VALVE. COMPRESSION CHECKS 70/80. REPLACE,number 1 cylinder compression low. staked exhaust valve. compression checks 70 out of 80. replace,False
102921,CYL #1 ROCKER COVER GASKET LEAKING. REMOVED & REPLACED ROCKER COVER GASKET.,cylinder number 1 rocker cover gasket leaking. removed and replaced rocker cover gasket.,False
102922,AFT L/H BAFFLE IS CRACKED. FABRICATED PATCH FROM LIKE MATERIAL & RIVETED IAW,aft left-hand baffle is cracked. fabricated patch from like material and riveted in accordance with reference manual,False
102923,#4 CYL AFT BAFFLE IS CRACKED. STOP DRILLED CRACK.,number 4 cylinder aft baffle is cracked. stop drilled crack.,False
102924,SMALL CRACK ON OIL COOLER (O/B FWD). STOP DRILLED.,"small crack on oil cooler, outboard forward. stop drilled.",False
102927,"BAFFLE SEAL, FWD OF #2 CYL, IS LOOSE. SECURED BAFFLE SEAL.","baffle seal, forward of number 2 cylinder, is loose. secured baffle seal.",False
102928,#3 & 4 INTAKES LEAKING. REMOVED & REPLACED #3 & 4 INTAKE GASKETS.,number 3 and number 4 intakes leaking. removed and replaced number 3 and number 4 intake gaskets.,False
102929,"#2 ROCKER COVER LEAKS, R/H ENG. REPLACED GASKET.","number 2 rocker cover leaks, right-hand engine. replaced gasket.",False
102930,"#3 CYL ZERO COMPRESSION ON L/H ENG. RAN A/C, LEAK CK'ED GOOD.","number 3 cylinder 0 compression on left-hand engine. ran aircraft, leak checked good.",False
102931,#3 CYL ZERO COMPRESSION ON L/H ENG. TRIED STAKING EXHAUST VALVE. TEST STILL FAILED. SEEMS T,number 3 cylinder 0 compression on left-hand engine. tried staking exhaust valve. test still failed.,False
102933,#3 CYL ZERO COMPRESSION ON L/H ENG. REMOVED CYL. REPLACED & GROUND EXHAUST VALVE. GROUND IN,number 3 cylinder 0 compression on left-hand engine. removed cylinder. replaced and ground exhaust valve.,False
102934,#1 ROCKER COVER LEAKING ON R/H ENGINE. REPLACED GASKET.,number 1 rocker cover leaking on right-hand engine. replaced gasket.,False
102936,"#3 CYL BAFFLING ON L/H ENGINE, CRACKED ON AFT SIDE. STOP DRILLED CRACK.","number 3 cylinder baffling on left-hand engine, cracked on aft side. stop drilled crack.",False
102938,#2 & 3 ROCKER GASKETS LEAKING ON L/H ENGINE. REMOVED & REPLACED ROCKER COVER GASKETS.,number 2 and number 3 rocker gaskets leaking on left-hand engine. removed and replaced rocker cover gaskets.,False
102940,"#4 CYL BAFFLING ON L/H ENGINE, CRACKED ON ANGLE BRACKETS. STOP DRILLED CRACKS & REPLACED ANGLE BRACKETS W/ LIKE M","number 4 cylinder baffling on left-hand engine, cracked on angle brackets. stop drilled cracks and replaced angle brackets with like material",False
102942,#4 CYL ON L/H ENG HAS LOW COMPRESSION. LEAKING FROM EXHAUST. REMOVED #4 CYL. REPLACED EXHAUST VALVE & GROUND SEAT. G,number 4 cylinder on left-hand engine has low compression. leaking from exhaust. removed number 4 cylinder. replaced exhaust valve and ground seat.,False
102943,"#4 CYL ON L/H ENG HAS LOW COMPRESSION. LEAKING FROM EXHAUST. REINSTALLED AFT MUFFLER ASSY, CARB HEAT BOX. RAN ENGINE","number 4 cylinder on left-hand engine has low compression. leaking from exhaust. reinstalled aft muffler assembly, carb heat box. ran engine",False
102944,#3 INTAKE LEAKING. REMOVED & REPLACED INTAKE GASKET.,number 3 intake leaking. removed and replaced intake gasket.,False
102945,#2 INTAKE IS LEAKING. REMOVED & REPLACED #2 CYL INTAKE GASKET.,number 2 intake is leaking. removed and replaced number 2 cylinder intake gasket.,False
102946,"CYL #3 HAD LOW COMPRESSION (50/80). STAKED VALVE, COMPRESSION CK'ED GOOD (72).","cylinder number 3 had low compression, 50 out of 80. staked valve, compression checked good, 72.",False
102947,"BOTTOM RIVET HEAD SHEARED OFF ON ENGINE BAFFLE, R/H SIDE, I/. REMOVED ENGINE BAFFLE, R/H AFT. REMOVED & REPLACED SHEA","bottom rivet head sheared off on engine baffle, right-hand side. removed engine baffle, right-hand aft. removed and replaced sheared rivet",False
102948,PUSH ROD TUBE BENT. INSTALLED SERVICEABLE PUSH RODD TUBE ON ENGINE.,push rod tube bent. installed serviceable push rod tube on engine.,False
102949,PUSH ROD TUBE BENT. REMOVED PUSH ROD TUBE FROM CORE ENGINE. CLEANED & INSPE,push rod tube bent. removed push rod tube from core engine. cleaned and inspected,False
102950,#2 CYL ROCKER COVER GASKET LEAKING. REMOVED & REPLACED #2 CYL ROCKER COVER GASKET.,number 2 cylinder rocker cover gasket leaking. removed and replaced number 2 cylinder rocker cover gasket.,False
102951,"NOTED EXCESSIVE VIBRATION & ROUGH RUNNING ENGINE, UPON POST. REMOVED & REPLACED #2 CYL ASSY. TORQUED CYL TO CASE, IN",noted excessive vibration and rough running engine. removed and replaced number 2 cylinder assembly. torqued cylinder to case,False
102952,AUTO RE-IGN DOES NOT ACTIVATE W/ LOW N2 CONDITIONS. COULD NOT DUPLICATE DISCREP. OPS CK GOOD.,auto reignition does not activate with low n 2 conditions. could not duplicate discrepancy. operations check good.,False
102953,"#2 & 3 INTAKES ARE LEAKING ON L/H ENGINE. REMOVED & REPLACED CYL #2, 3 INTAKE GASKETS ON L/H ENGI",number 2 and number 3 intakes are leaking on left-hand engine. removed and replaced cylinder number 2 and number 3 intake gaskets on left-hand engine,False
102954,OIL COOLER LWR BAFFLE SEAL MISSING. SEALED AREA W/ RTV.,oil cooler lower baffle seal missing. sealed area with rtv.,False
102956,FWD ENGINE BAFFLE WORN THRU. FABRICATED NEW BAFFLE PIECE OF LIKE MATERIAL & INSTALLE,forward engine baffle worn through. fabricated new baffle piece of like material and installed,False
102958,"ON A/C RUN UP, L/H PROP TIP WAS DAMAGED. REMOVED ACCESSORY CASE, PERFORMED LYCOMING.","on aircraft run up, left-hand propeller tip was damaged. removed accessory case, performed lycoming.",False
102959,"ON A/C RUN UP, L/H PROP TIP WAS DAMAGED. ENGINE RUN & LEAK CK GOOD. ADJUSTED PROP LOW PITCH STOP","on aircraft run up, left-hand propeller tip was damaged. engine run and leak check good. adjusted propeller low pitch stop",False
102960,CYL #2 INTAKE GASKET LEAKING. REMOVED & REPLACED INTAKE GASKET.,cylinder number 2 intake gasket leaking. removed and replaced intake gasket.,False
102961,CYL #2 ROCKER COVER GASKET LEAKING. REMOVED & REPLACED ROCKER COVER GASKET.,cylinder number 2 rocker cover gasket leaking. removed and replaced rocker cover gasket.,False
102962,"R/H ENG BAFFLE, BETWEEN #2 & 4 CYL, REQ REWORK. RESECURED BAFFLE SEAL.","right-hand engine baffle, between number 2 and number 4 cylinder, required rework. resecured baffle seal.",False
102967,#1 CYL HAS LOW COMPRESSION. PERFORMED ENGINE RUN & PERFORMED COMPRESSION CK ON #1 N,number 1 cylinder has low compression. performed engine run and performed compression check on number 1,False
102969,"BAFFLE CRACKED PAST STOP DRILL, #4 CYL. FABRICATED PATCH, STOP DRILLED CRACK & INSTALLED PATCH.","baffle cracked past stop drill, number 4 cylinder. fabricated patch, stop drilled crack and installed patch.",False
102970,"BAFFLE PLUG HOLE REQUIRES PATCH, #3 CYL. FABRICATED & INSTALLED BAFFLE PLUG PATCH. REPLACED BAFF","baffle plug hole requires patch, number 3 cylinder. fabricated and installed baffle plug patch. replaced baffle",False
102973,#2 INTAKE GASKET LEAKING. REPLACED GASKET.,number 2 intake gasket leaking. replaced gasket.,False
102975,#1 CYL ENGINE BAFFLE IS CRACKED. STOP DRILLED CRACK.,number 1 cylinder engine baffle is cracked. stop drilled crack.,False
102976,#3 AFT BAFFLE TAB LOOSE. STARTED REMOVING R/H AFT ENGINE BAFFLE.,number 3 aft baffle tab loose. started removing right-hand aft engine baffle.,False
102977,#4 INTAKE TUBE GASKET IS LEAKING. INSTALLED NEW #4 INTAKE TUBE GASKET.,number 4 intake tube gasket is leaking. installed new number 4 intake tube gasket.,False
102978,#3 AFT BAFFLE TAB LOOSE. INSTALLED NEW SCREWS & NUTS ON BAFFLE TAB. REINSTALLED,number 3 aft baffle tab loose. installed new screws and nuts on baffle tab. reinstalled,False
102979,#3 & 4 ROCKER BOX COVER GASKETS LEAKING. INSTALLED NEW ROCKER BOX COVER GASKETS.,number 3 and number 4 rocker box cover gaskets leaking. installed new rocker box cover gaskets.,False
102980,UPPER ENG COWL NEEDS CHAFE TAPE. INSTALLED CHAFE TAPE AS REQUIRED.,upper engine cowl needs chafe tape. installed chafe tape as required.,False
102981,L/H BAFFLE BUTTON PLUG NEEDS TO BE REPLACED. INSTALLED NEW BAFFLE PLUG.,left-hand baffle button plug needs to be replaced. installed new baffle plug.,False
102983,FWD LOWER R/H BAFFLE SEAL NEEDS REPLACEMENT. INSTALLED NEW SECTION OF BAFFLE MATERIAL.,forward lower right-hand baffle seal needs replacement. installed new section of baffle material.,False
102986,#2 & 3 ROCKER COVERS ARE LEAKING. REMOVED & REPLACED #2 & 3 CYL ROCKER COVER GASKETS.,number 2 and number 3 rocker covers are leaking. removed and replaced number 2 and number 3 cylinder rocker cover gaskets.,False
102987,#2 & 4 INTERCYLINDER BAFFLE CONNECTING ROD BROKEN. REMOVED & REPLACED BAFFLE CONNECTING ROD.,number 2 and number 4 intercylinder baffle connecting rod broken. removed and replaced baffle connecting rod.,False
102990,#2 & 3 ROCKER COVERS LEAKING ON L/H ENGINE. REMOVED & REPLACED ROCKER COVER GASKETS.,number 2 and number 3 rocker covers leaking on left-hand engine. removed and replaced rocker cover gaskets.,False
102991,OIL FILLER TUBE LOOSE. TIGHTENED OIL FILLER TUBE.,oil filler tube loose. tightened oil filler tube.,False
102992,FWD L/H BAFFLE NEEDS TO BE SECURED. SECURED BAFFLE.,forward left-hand baffle needs to be secured. secured baffle.,False
102993,#4 INTAKE LEAKING. REMOVED & REPLACED #4 CYL INTAKE GASKET.,number 4 intake leaking. removed and replaced number 4 cylinder intake gasket.,False
102994,FWD ADEL CLAMP ON #3 CYL LOOSE & RUBBING ON PUSH ROD TUBE. REMOVED & REPLACED FWD ADEL CLAMP ON #3 CYL PUSH ROD TU,forward adel clamp on number 3 cylinder loose and rubbing on push rod tube. removed and replaced forward adel clamp on number 3 cylinder push rod tube,False
102995,#2 INTAKE IS LEAKING. REMOVED & REPLACED GASKET.,number 2 intake is leaking. removed and replaced gasket.,False
102996,#4 ROCKER COVER GASKET LEAKING. REMOVED & REPLACED #4 ROCKER COVER GASKET.,number 4 rocker cover gasket leaking. removed and replaced number 4 rocker cover gasket.,False
102999,#2 CYL INTAKE LEAKING. REMOVED & REPLACED GASKET.,number 2 cylinder intake leaking. removed and replaced gasket.,False
103000,#2 CYL ROCKER COVER GASKET LEAKING. REMOVED & REPLACED GASKET.,number 2 cylinder rocker cover gasket leaking. removed and replaced gasket.,False
103001,UPPER COWLING NEEDS SMALL PIECE OF CHAFE TAPE. INSTALLED TAPE.,upper cowling needs small piece of chafe tape. installed tape.,False
103002,"L/H UPPER ENG BAFFLING ON ENG, WORN SEAL SUPPORT. SECURED SEAL.","left-hand upper engine baffling on engine, worn seal support. secured seal.",False
103003,"BETWEEN #2 & 4 CYLDERS, SPIRAL WRAP MELTED. REMOVED PLASTIC, RECONTOURED LINE OUT OF WAY.","between number 2 and number 4 cylinders, spiral wrap melted. removed plastic, recontoured line out of way.",False
103004,#2 CYL ROCKER COVER LEAKING. REMOVED & REPLACED ROCKER COVER GASKET.,number 2 cylinder rocker cover leaking. removed and replaced rocker cover gasket.,False
103005,#3 CYL ROCKER COVER BOTTOM SCREW NEEDS SWAPPED W/ AFT BAFFLE. SWAPPED SCREWS.,number 3 cylinder rocker cover bottom screw needs swapped with aft baffle. swapped screws.,False
103006,#2 & 3 ROCKER COVER GASKETS LEAKING. REMOVED & REPLACED GASKETS.,number 2 and number 3 rocker cover gaskets leaking. removed and replaced gaskets.,False
103007,#3 CYL BAFFLING MISSING SPARK PLUG ACCESS PLUG. INSTALLED NEW SPARK PLUG ACCESS PLUG.,number 3 cylinder baffling missing spark plug access plug. installed new spark plug access plug.,False
103008,CRACK NOTED ON TOP OF #2 CYL BAFFLING. CRACK PREVIOUSLY STOP DRILLED. NO FURTHER DEFECTS NOTED,crack noted on top of number 2 cylinder baffling. crack previously stop drilled. no further defects noted,False
103009,R/H ENG FWD BAFFLE LOOSE. REATTACHED BAFFLE.,right-hand engine forward baffle loose. reattached baffle.,False
103011,#2 INTAKE GASKET LEAKING. REMOVED & REPLACED GASKET.,number 2 intake gasket leaking. removed and replaced gasket.,False
103013,#2 ROCKER COVER GASKET LEAKING. LEAK CK GOOD.,number 2 rocker cover gasket leaking. leak check good.,False
103016,OIL COOLER REQUIRES TIME CHANGE. REMOVED & REPLACED OIL COOLER,oil cooler requires time change. removed and replaced oil cooler,False
103017,ENGINE REQUIRES TIME CHANGE. INSTALLED EXHAUST SYSTEM. CONNECTED ELECTRICAL WIRING.,engine requires time change. installed exhaust system. connected electrical wiring.,False
103018,ENGINE REQUIRES TIME CHANGE. DISCONNECTED BATTERY GROUND. REMOVED EXHAUST SYSTEM. DI,engine requires time change. disconnected battery ground. removed exhaust system.,False
103019,"ENGINE REQUIRES TIME CHANGE. INSTALLED BUILT UP ENGINE ON MOUNT, TOR",engine requires time change. installed built up engine on mount,False
103023,"ON RUN UP, IDLE RPM WAS AT 720. ADJUSTED IDLE SPEED.","on run up, idle rpm was at 720. adjusted idle speed.",False
103026,#3 INTAKE GASKET LEAKING. REMOVED & REPLACD #3 CYL INTAKE GASKET.,number 3 intake gasket leaking. removed and replaced number 3 cylinder intake gasket.,False
103027,#2 INTAKE GASKET LEAKING. REMOVED & REPLACED #2 CYL INTAKE GASKET.,number 2 intake gasket leaking. removed and replaced number 2 cylinder intake gasket.,False
103029,#4 INTAKE LEAKING. REPLACED GASKET.,number 4 intake leaking. replaced gasket.,False
103030,"ENGINE RPM WOULD FLUCTUATE 200 - 250 RPM @ HOVER. RAN ROUGH. RAN UP A/C, NO DEFECTS NOTED.","engine rpm would fluctuate 200 to 250 rpm at hover. ran rough. ran up aircraft, no defects noted.",False
103031,BOTH BAFFLE PLUGS WORN. REMOVED & REPLACED BAFFLE PLUGS.,both baffle plugs worn. removed and replaced baffle plugs.,False
103034,#4 ROCKER COVER GASKET LEAKING. REMOVED & REPLACED GASKET.,number 4 rocker cover gasket leaking. removed and replaced gasket.,False
103035,#4 INTAKE LEAKING. REMOVED & REPLACED GASKET.,number 4 intake leaking. removed and replaced gasket.,False
103037,#2 ROCKER COVER GASKET LEAKING. REMOVED & REPLACED ROCKER COVER GASKET.,number 2 rocker cover gasket leaking. removed and replaced rocker cover gasket.,False
103038,"CRACK NOTED ON INSIDE OF #2 CYL BAFFLING, NEAR RIVET. STOP DRILLED CRACK.","crack noted on inside of number 2 cylinder baffling, near rivet. stop drilled crack.",False
103039,CYL #2 COMPRESSION LOW. AIR NOTED & OBSERVED OUT OF EXHAUST. PERFORMED COMPRESSION ON #2 CYL AFTER RUN & NOTED 70/80,cylinder number 2 compression low. air noted and observed out of exhaust. performed compression on number 2 cylinder after run and noted 70 out of 80,False
103042,#2 & 3 ROCKER COVERS LEAKING. REMOVED & REPLACED GASKETS.,number 2 and number 3 rocker covers leaking. removed and replaced gaskets.,False
103043,#2 ROCKER COVER IS LEAKING. REMOVED & REPLACED CYL #2 ROCKER COVER GASKET.,number 2 rocker cover is leaking. removed and replaced cylinder number 2 rocker cover gasket.,False
103045,#3 & 4 ROCKER COVER GASKETS ARE LEAKING. REMOVED & REPLACED #3 & 4 CYL ROCKER COVER GASKETS.,number 3 and number 4 rocker cover gaskets are leaking. removed and replaced number 3 and number 4 cylinder rocker cover gaskets.,False
103046,#4 INTAKE GASKET LEAKING. REMOVED & REPLACED GASKET.,number 4 intake gasket leaking. removed and replaced gasket.,False
103047,SNIFFLER VALVE DIRTY. CLEANED SNIFFLER VALVES.,sniffler valve dirty. cleaned sniffler valves.,False
103048,"#2, 4 ROCKER COVER GASKETS LEAKING. REPLACED #2, 4 ROCKER COVER GASKETS.",number 2 and number 4 rocker cover gaskets leaking. replaced number 2 and number 4 rocker cover gaskets.,False
103049,"#2, 3, 4 ROCKER GASKETS LEAKING. REPLACED GASKETS, LEAK CK GOOD.","numbers 2, 3, and 4 rocker gaskets leaking. replaced gaskets, leak check good.",False
103050,#2 INTAKE LEAKING. REMOVED & REPLACED INTAKE GASKET.,number 2 intake leaking. removed and replaced intake gasket.,False
103051,CYL #4 ROCKER COVER GASKET LEAKING. REMOVED & REPLACED #4 ROCKER COVER GASKET.,cylinder number 4 rocker cover gasket leaking. removed and replaced number 4 rocker cover gasket.,False
103052,"#4 INTAKE IS LEAKING, CYL #3 INTAKE LEAKING, CYL #2 INTAKE L. REMOVED & REPLACED #2, 3 & 4 INTAKE GASKETS.","number 4 intake is leaking, cylinder number 3 intake leaking, cylinder number 2 intake leaking. removed and replaced numbers 2, 3 and 4 intake gaskets.",False
103054,"CRACK NOTED ON INSIDE OF #1 CYL UPPER BAFFLE, NEAR RIVET. STOP DRILLED BOTH ENDS OF CRACK, NO FURTHER DEFECTS NOT","crack noted on inside of number 1 cylinder upper baffle, near rivet. stop drilled both ends of crack, no further defects noted",False
103056,ALL CYL DRAIN LINE B' NUTS ARE LOOSE. TIGHTENED ALL B' NUTS.,all cylinder drain line b nuts are loose. tightened all b nuts.,False
103057,"SPRING WIRE FOR I/B L/H SIDE ENG, BROKEN. REPLACED SPRING WIRE.","spring wire for inboard left-hand side engine, broken. replaced spring wire.",False
103058,BOTH BAFFLE PLUGS WORN. REMOVED & REPLACED BAFFLE PLUGS.,both baffle plugs worn. removed and replaced baffle plugs.,False
103061,#2 INTAKE IS LEAKING. REMOVED & REPLACED GASKET.,number 2 intake is leaking. removed and replaced gasket.,False
103062,#3 INTAKE LEAKING. REMOVED & REPLACED #3 CYL INTAKE GASKET.,number 3 intake leaking. removed and replaced number 3 cylinder intake gasket.,False
103063,#4 INDUCTION TUBE GASKET LEAKING. INSTALLED NEW #4 INDUCTION TUBE GASKET.,number 4 induction tube gasket leaking. installed new number 4 induction tube gasket.,False
103065,BOTTOM R/H BAFFLE TIE DOWN UNSECURED FROM BAFFLE. INSTALLED NEW TIE ROD.,bottom right-hand baffle tie down unsecured from baffle. installed new tie rod.,False
103066,R/H FUEL TOP ENGINE BAFFLE SEAL NEEDS TO BE SECURED. RESECURED BAFFLE SEAL.,right-hand fuel top engine baffle seal needs to be secured. resecured baffle seal.,False
103068,#2 & 3 ROCKER COVER GASKETS LEAKING. REMOVED & REPLACED ROCKER COVER GASKETS.,number 2 and number 3 rocker cover gaskets leaking. removed and replaced rocker cover gaskets.,False
103069,#1 CYL BAFFLE CRACK NOTED BY CYL HEAD SCREW PLATE. STOP DRILLED CRACK & INSTALLED DOUBLER PLATE TO #1 CYL,number 1 cylinder baffle crack noted by cylinder head screw plate. stop drilled crack and installed doubler plate to number 1 cylinder,False
103070,#4 INTAKE LEAKING. REPLACED GASKET.,number 4 intake leaking. replaced gasket.,False
103073,#2 & 4 INTAKE GASKETS LEAKING. REMOVED & REPLACED #2 & 4 CYL INTAKE GASKETS.,number 2 and number 4 intake gaskets leaking. removed and replaced number 2 and number 4 cylinder intake gaskets.,False
103074,"R/H ENGINE FOAM SEAL LOOSE ON BULKHEAD, BEHIND ENGINE INLET. RESECURED R/H ENGINE FOAM SEAL.","right-hand engine foam seal loose on bulkhead, behind engine inlet. resecured right-hand engine foam seal.",False
103076,#4 INTAKE GASKET LEAKING. REMOVED & REPLACED INTAKE GASKET.,number 4 intake gasket leaking. removed and replaced intake gasket.,False
103077,#3 ROCKER COVER GASKET LEAKING. REMOVED & REPLACED #3 CYL ROCKER COVER GASKET.,number 3 rocker cover gasket leaking. removed and replaced number 3 cylinder rocker cover gasket.,False
103078,"OIL PRESENT ON ENGINE, R/H SIDE. OIL SPRAYED BELOW & AFT. FOUND #4 ROCKER COVER GASKET LEAKING. REMOVED & REPLACE","oil present on engine, right-hand side. oil sprayed below and aft. found number 4 rocker cover gasket leaking. removed and replaced",False
103079,"ON TAXI, ENGINE RAN ROUGH FROM 800 TO 1400 RPM. LEANING MIXT. RAN UP A/C & LEANED OUT TO CLEAN PLUGS. OPS CK OK.","on taxi, engine ran rough from 800 to 1400 rpm. leaning mixture. ran up aircraft and leaned out to clean plugs. operations check ok.",False
103080,#4 CYLINDER INTAKE LEAKS. REPLACED GASKET.,number 4 cylinder intake leaks. replaced gasket.,False
103081,FRONT BAFFLE SEAL WORN BY ENG INLET & EDGES. INSTALLED RTV IN WORN AREAS.,front baffle seal worn by engine inlet and edges. installed rtv in worn areas.,False
103083,#3 INTAKE LEAKING. REMOVED & REPLACED INTAKE GASKET.,number 3 intake leaking. removed and replaced intake gasket.,False
103084,#2 ROCKER COVER LEAKING. REMOVED & REPLACED #2 ROCKER GASKET.,number 2 rocker cover leaking. removed and replaced number 2 rocker gasket.,False
103085,#1 ROCKER GASKET LEAKING. REPLACED W/ NEW GASKET. LEAK CK GOOD.,number 1 rocker gasket leaking. replaced with new gasket. leak check good.,False
103088,"#2, 3 & 4 INTAKE GASKETS LEAKING. REMOVED & REPLACED INTAKE GASKETS.","numbers 2, 3 and 4 intake gaskets leaking. removed and replaced intake gaskets.",False
103089,#2 & 4 ROCKER COVERS MISSING HARDWARE. INSTALLED SCREWS ONTO ROCKER COVERS.,number 2 and number 4 rocker covers missing hardware. installed screws onto rocker covers.,False
103090,"CRACK NOTED ON INSIDE OF #1 CYL BAFFLE, BY SCREW PLATE. STOP DRILLED CRACK.","crack noted on inside of number 1 cylinder baffle, by screw plate. stop drilled crack.",False
103092,CRACK NOTED ON ENGINE BAFFLE NEAR AFT ALTERNATOR ATTACH BOLT. STOP DRILLED CRACK.,crack noted on engine baffle near aft alternator attach bolt. stop drilled crack.,False
103093,L/H SIDE COWL SEAL COMING LOOSE. RESECURED COWL SEAL.,left-hand side cowl seal coming loose. resecured cowl seal.,False
103094,"#3 & 4 INTAKE GASKETS LEAKING. REPLACED BOTH GASKETS, LEAK CK GOOD.","number 3 and number 4 intake gaskets leaking. replaced both gaskets, leak check good.",False
103095,ALL ROCKER GASKETS ARE LEAKING. REPLACED ALL ROCKER GASKETS. LEAK CK GOOD.,all rocker gaskets are leaking. replaced all rocker gaskets. leak check good.,False
103096,#4 INTAKE GASKET LEAKING. REMOVED & REPLACED INTAKE GASKET.,number 4 intake gasket leaking. removed and replaced intake gasket.,False
103097,#3 CYL INTAKE GASKET IS LEAKING. REMOVED & REPLACED GASKET.,number 3 cylinder intake gasket is leaking. removed and replaced gasket.,False
103098,#2 & 4 CYL INTAKE GASKETS LEAKING. REPLACED GASKETS.,number 2 and number 4 cylinder intake gaskets leaking. replaced gaskets.,False
103099,"VACUUM PUMP COOLING DUCT CHAFING OIL COOLER LINE. NO DAMAGED NOTED, APPLIED SILICONE AS BUFFER.","vacuum pump cooling duct chafing oil cooler line. no damaged noted, applied silicone as buffer.",False
103100,#3 AFT BAFFLE CRACKED ON R/H ENGINE. STOP DRILLED CRACK.,number 3 aft baffle cracked on right-hand engine. stop drilled crack.,False
103102,"L/H ENGINE #2, 3, 4 INTAKES LEAKING. REMOVED & REPLACED INTAKES GASKETS.","left-hand engine numbers 2, 3, and 4 intakes leaking. removed and replaced intakes gaskets.",False
103103,"R/H ENGINE #4, 2, 3 ROCKER COVERS LEAKING. REMOVED & REPLACED ROCKER COVER GASKETS.","right-hand engine numbers 4, 2, and 3 rocker covers leaking. removed and replaced rocker cover gaskets.",False
103104,"INTAKE GASKET, CYL #2, LEAKING. REMOVED & REPLACED INTAKE GASKET.","intake gasket, cylinder number 2, leaking. removed and replaced intake gasket.",False
103107,R/H ENGINE #4 INTAKE GASKET LEAKING. REMOVED & REPLACED INTAKE GASKET.,right-hand engine number 4 intake gasket leaking. removed and replaced intake gasket.,False
103108,#2 & 4 INTAKES LEAKING ON L/H ENGINE. REMOVED & REPLACED INTAKE GASKETS.,number 2 and number 4 intakes leaking on left-hand engine. removed and replaced intake gaskets.,False
103110,#4 ROCKER COVER IS LEAKING ON L/H ENGINE. REMOVED & REPLACED ROCKER COVER GASKET.,number 4 rocker cover is leaking on left-hand engine. removed and replaced rocker cover gasket.,False
103111,#2 & 3 INDUCTION PIPES ARE LEAKING ON L/H ENGINE. REMOVED & REPLACED INTAKE GASKETS.,number 2 and number 3 induction pipes are leaking on left-hand engine. removed and replaced intake gaskets.,False
103112,"ENGINE RUNNING ROUGH, #2 CYL EGT LOW. RAN A/C, OPS CK GOOD. BORESCOPED CYLINDER, NO DEFECTS F","engine running rough, number 2 cylinder egt low. ran aircraft, operations check good. borescoped cylinder, no defects found",False
103116,"ENGINE STARTED RUNNING ROUGH & BACK FIRING. BOTH POWER REDUC. COMPLETED REASSEMBLY. RAN UP A/C, OPS CK GOOD.","engine started running rough and backfiring. completed reassembly. ran up aircraft, operations check good.",False
103118,ROUGH ENGINE W/ OIL LEAK. INSTALLED O/H'ED OIL COOLER. REINSTALLED EXHAU,rough engine with oil leak. installed overhauled oil cooler. reinstalled exhaust manifold,False
103119,ROUGH ENGINE W/ OIL LEAK. PERFORMED OPERATIONAL & LEAK CK. ADJUST IDLE MIXTURE. N,rough engine with oil leak performed operational and leak check. adjust idle mixture.,False
103120,ROUGH ENGINE W/ OIL LEAK. RECEIVED CUSTOMER SUPPLIED ENG. CLEANED & INSPECTED ENG,rough engine with oil leak. received customer supplied engine. cleaned and inspected engine,False
103123,"NEAR IDLE, ENGINE WAS A LITTLE ROUGH. AT STOP FOR RUN UP, RP. STARTED ENGINE, WARMED TO OPERATING TEMPS. ENGINE IDLE","near idle, engine was a little rough. started engine, warmed to operating temperatures.",False
103126,FWD ENG BAFFLE SEAL ABOVE VACUUM PUMP TORN. REMOVED & REPLACED FWD ENG BAFFLE SEAL ABOVE VACUUM PUM,forward engine baffle seal above vacuum pump torn. removed and replaced forward engine baffle seal above vacuum pump,False
103128,"#2 & 3 ROCKER COVER GASKETS LEAKING, L/H ENG. REMOVED & REPLACED ROCKER COVER GASKETS.","number 2 and number 3 rocker cover gaskets leaking, left-hand engine. removed and replaced rocker cover gaskets.",False
103130,#2 INTAKE TUBE GASKET LEAKING. REMOVED & REPLACED INTAKE GASKET.,number 2 intake tube gasket leaking. removed and replaced intake gasket.,False
103131,#2 INTAKE GASKET LEAKING. REMOVED & REPLACED #2 INTAKE GASKET.,number 2 intake gasket leaking. removed and replaced number 2 intake gasket.,False
103132,#2 & 3 CYL ROCKER COVERS LEAKING. REMOVED & REPLACED ROCKER COVER GASKETS.,number 2 and number 3 cylinder rocker covers leaking. removed and replaced rocker cover gaskets.,False
103133,#2 CHT FITTING NEEDS TO BE REPLACED. REPLACED CHT FITTING.,number 2 cht fitting needs to be replaced. replaced cht fitting.,False
103135,"FWD BAFFLE SEALS ON ENG, WEAR MARKS AGAINST AIR FILTER. RTV'ED AREAS.","forward baffle seals on engine, wear marks against air filter. rtv'ed areas.",False
103136,#2 CYL INTAKE GASKET LEAKING. REMOVED & REPLACED GASKET.,number 2 cylinder intake gasket leaking. removed and replaced gasket.,False
103137,"#3, 4 & 1 INTAKES LEAKING. REMOVED & REPLACED GASKETS.","numbers 3, 4 and 1 intakes leaking. removed and replaced gaskets.",False
103139,"ACCIDENTALLY OVERSPED ENGINE BEFORE PULLING THROTTLE BACK, E. EVALUATED DATA ON FDM CARD & FOUND ENGINE OVERSPEED TO",accidentally oversped engine before pulling throttle back. evaluated data on fdm card and found engine overspeed,False
103140,#4 INTAKE IS LEAKING. REMOVED & REPLACED INTAKE GASKET.,number 4 intake is leaking. removed and replaced intake gasket.,False
103141,ENGINE BAFFLE PLUGS ARE WORN. REMOVED & REPLACED BAFFLE PLUGS.,engine baffle plugs are worn. removed and replaced baffle plugs.,False
103142,"#1, 2 & 3 ROCKER COVERS ARE LEAKING. REMOVED & REPLACED ROCKER COVER GASKETS.","numbers 1, 2 and 3 rocker covers are leaking. removed and replaced rocker cover gaskets.",False
103144,"LOWER INTERCYLINDER BAFFLE SPRING ON R/H SIDE OF ENGINE, BRO. REMOVED & REPLACED BAFFLE SPRING.","lower intercylinder baffle spring on right-hand side of engine, broken. removed and replaced baffle spring.",False
103145,INTAKES #1 & 2 LEAKING. REMOVED & REPLACED INTAKE GASKETS.,intakes number 1 and number 2 leaking. removed and replaced intake gaskets.,False
103147,CYL #2 INTAKE GASKET LEAKING. REMOVED & REPLACED INTAKE GASKET.,cylinder number 2 intake gasket leaking. removed and replaced intake gasket.,False
103148,CYL #1 ROCKER COVER GASKET LEAKING. REMOVED & REPLACED ROCKER COVER GASKET.,cylinder number 1 rocker cover gasket leaking. removed and replaced rocker cover gasket.,False
103149,#1 ROCKER DRAIN LINE LOOSE. TIGHTENED DRAIN LINE.,number 1 rocker drain line loose. tightened drain line.,False
103151,R/H AFT ENGINE BAFFLE MOUNTING BRACKET LOOSE. REATTACHED MOUNTING BRACKET TO ENGINE BAFFLE.,right-hand aft engine baffle mounting bracket loose. reattached mounting bracket to engine baffle.,False
103154,#2 INTAKE TUBE GASKET LEAKING. REMOVED & REPLACED INTAKE GASKET.,number 2 intake tube gasket leaking. removed and replaced intake gasket.,False
103155,#3 & 4 INTAKE GASKETS ARE LEAKING. REPLACED BOTH GASKETS.,number 3 and number 4 intake gaskets are leaking. replaced both gaskets.,False
103157,EGT/CHT WIRE BUNDLE MOUNTING SCREW & IGN LEAD/OIL COOLER MOU. TIGHTENED HARDWARED ON OIL COOLER.,"egt, cht wire bundle mounting screw and ignition lead, oil cooler mount. tightened hardware on oil cooler.",False
103158,"BAFFLE SCREW HAS OVERSIZED WASHER, WHICH IS CHAFING #3 CYL R. REMOVED WASHER & INSTALLED CORRECT HARDWARE TO PREVENT","baffle screw has oversized washer, which is chafing number 3 cylinder. removed washer and installed correct hardware to prevent chafing",False
103159,"OIL LEAK AT CRANKCASE BOLTS, USED TO MOUNT FUEL FLOW TRANSDU. REMOVED BOLTS, CLEANED BOLT HOLES, RESEALED BOLTS & TOR","oil leak at crankcase bolts, used to mount fuel flow transducer. removed bolts, cleaned bolt holes, resealed bolts and torqued nuts",False
103160,#2 INTAKE GASKET LEAKING. REMOVED & REPLACED INTAKE GASKET.,number 2 intake gasket leaking. removed and replaced intake gasket.,False
103161,#2 ROCKER COVER GASKET LEAKING. REMOVED & REPLACED ROCKER COVER GASKET.,number 2 rocker cover gasket leaking. removed and replaced rocker cover gasket.,False
103162,#2 & 4 INTAKES LEAKING. REMOVED & REPLACED INTAKE GASKETS.,number 2 and number 4 intakes leaking. removed and replaced intake gaskets.,False
103165,"PROPELLER FLANGE RUN OUT CK REQUESTED. PERFORMED TEST, RUN OUT BELOW .001","propeller flange run out check requested. performed test, run out below point 1",False
103166,LEFT #1 INTAKE LEAKING. REPLACED GASKET.,left number 1 intake leaking. replaced gasket.,False
103168,"SHEARED OFF RIVETS ON BAFFLE BRACKET, BEHIND #3 CYL. REMOVED BAFFLE, INSTALLED NEW RIVETS & REINSTALLED BAFF","sheared off rivets on baffle bracket, behind number 3 cylinder. removed baffle, installed new rivets and reinstalled baffle",False
103169,LWR FWD ENG SEAL WORN IN AREA ABOVE ENG INLET. INSTALLED RTV IN WORN AREAS.,lower forward engine seal worn in area above engine inlet. installed rtv in worn areas.,False
103171,"#3 & 4 CYL WERE REMOVED BY OFF SITE MAINTENANCE. FITTED NEW EXHAUST VALVE TO #3 CYL, FITTED INTAKE VALVE","number 3 and number 4 cylinder were removed by off site maintenance. fitted new exhaust valve to number 3 cylinder, fitted intake valve",False
103172,"#3 & 4 CYL WERE REMOVED BY OFF SITE MAINTENANCE. FITTED NEW EXHAUST VALVE TO #4 CYL, FITTED INTAKE VALVE","number 3 and number 4 cylinder were removed by off site maintenance. fitted new exhaust valve to number 4 cylinder, fitted intake valve",False
103173,#2 & 4 INTAKES LEAKING. REMOVED & REPLACED INTAKE GASKETS.,number 2 and number 4 intakes leaking. removed and replaced intake gaskets.,False
103175,FRONT CRANKSHAFT OIL SEAL LEAKING. LEAK CK OK.,front crankshaft oil seal leaking. leak check ok.,False
103176,FRONT CRANKSHAFT OIL SEAL LEAKING. REMOVED PROP & RING GEAR. REMOVED FRONT CRANKSHAFT OIL,front crankshaft oil seal leaking. removed propeller and ring gear. removed front crankshaft oil,False
103177,#2 & 3 CYL INTAKE GASKETS LEAKING. REMOVED & REPLACED #2 & 3 CYL INTAKE GASKETS.,number 2 and number 3 cylinder intake gaskets leaking. removed and replaced number 2 and number 3 cylinder intake gaskets.,False
103178,#2 INTAKE GASKET LEAKING. REMOVED & REPLACED #2 INTAKE GASKET.,number 2 intake gasket leaking. removed and replaced number 2 intake gasket.,False
103179,#2 INTAKE GASKET LEAKING. REPLACED GASKET.,number 2 intake gasket leaking. replaced gasket.,False
103180,#3 ROCKER COVER GASKET LEAKING. REPLACED GASKET.,number 3 rocker cover gasket leaking. replaced gasket.,False
103181,"ZERO COMPRESSION ON #1 CYLINDER. LEAKING FROM EXHAUST VALVE,. REPLACED CYLINDER ASSY W/ REPAIRED CYL, NEW PISTON, RIN","0 compression on number 1 cylinder. leaking from exhaust valve. replaced cylinder assembly with repaired cylinder, new piston, rings",False
103182,#2 INTAKE LEAKS. REPLACED GASKET.,number 2 intake leaks. replaced gasket.,False
103183,NEED 2 NEW BAFFLE BUTTONS. INSTALLED BOTH BUTTONS.,need 2 new baffle buttons. installed both buttons.,False
103185,#2 INTAKE GASKET LEAKING. REMOVED & REPLACED #2 INTAKE GASKET.,number 2 intake gasket leaking. removed and replaced number 2 intake gasket.,False
103187,#1 CYL OUTER BAFFLING CRACKED BY NUTPLATE. STOP DRILLED CRACK.,number 1 cylinder outer baffling cracked by nutplate. stop drilled crack.,False
103188,#2 & 3 INTAKE GASKETS LEAKING. REMOVED & REPLACED INTAKE GASKETS.,number 2 and number 3 intake gaskets leaking. removed and replaced intake gaskets.,False
103189,"BOTTOM BAFFLE ON #1 CYL, CHAFING ON CYL FINS. REMOVED BAFFLE, FABRICATED & INSTALLED NEW BAFFLE.","bottom baffle on number 1 cylinder, chafing on cylinder fins. removed baffle, fabricated and installed new baffle.",False
103190,#4 CYL BOTTOM BAFFLE CRACKED/CHAFING ON CYL FINS. REMOVED OLD BAFFLE. FABRICATED NEW BAFFLE & INSTALLED.,"number 4 cylinder bottom baffle cracked, chafing on cylinder fins. removed old baffle. fabricated new baffle and installed.",False
103192,#3 & 4 CYL INTAKE GASKETS ARE LEAKING. REMOVED & REPLACED GASKETS.,number 3 and number 4 cylinder intake gaskets are leaking. removed and replaced gaskets.,False
103193,"WHILE FOGGING #2 CYL, TIP FROM SPRAYER NOZZLE CAME INTO CONT. INSTALLED INTERCYLINDER BAFFLE & HARDWARE.","while fogging number 2 cylinder, tip from sprayer nozzle came into contact with cylinder. installed intercylinder baffle and hardware.",False
103194,"WHILE FOGGING #2 CYL, TIP FROM SPRAYER NOZZLE CAME INTO CONT. REMOVED NECESSARY BAFFLING, LINES, TUBES, HARDWARE TO F","while fogging number 2 cylinder, tip from sprayer nozzle came into contact with cylinder. removed necessary baffling, lines, tubes, hardware",False
103196,"WHILE FOGGING #2 CYL, TIP FROM SPRAYER NOZZLE CAME INTO CONT. COMPLETED CYL INSTALLATION. INSTALLED ROCKER COVER, INJ","while fogging number 2 cylinder, tip from sprayer nozzle came into contact with cylinder. completed cylinder installation. installed rocker cover",False
103197,"WHILE FOGGING #2 CYL, TIP FROM SPRAYER NOZZLE CAME INTO CONT. CYL & PISTON REPLACEMENT DONE IAW LYCOMING DIRECT DRIVE","while fogging number 2 cylinder, tip from sprayer nozzle came into contact with cylinder. cylinder and piston replacement done in accordance with lycoming direct drive overhaul manual",False
103198,1 BAFFLE BUTTON WORN. REPLACED BUTTON.,1 baffle button worn. replaced button.,False
103200,L/H ENG BREATHER LINE KINKED. REPLACED TUBE.,left-hand engine breather line kinked. replaced tube.,False
103201,R/H ENGINE HAS OIL LEAK AT HOISTING LOOP. LEAK CK GOOD.,right-hand engine has oil leak at hoisting loop. leak check good.,False
103202,"R/H #2, 3 & 4 INTAKE GASKETS ARE LEAKING. LEAK CK GOOD.","right-hand numbers 2, 3 and 4 intake gaskets are leaking. leak check good.",False
103203,R/H ENG #1 SIDE BAFFLE SEAL LOOSE. SECURED BAFFLE SEAL.,right-hand engine number 1 side baffle seal loose. secured baffle seal.,False
103204,#2 & 4 INTAKE GASKETS LEAKING ON L/H ENGINE. LEAK CK GOOD.,number 2 and number 4 intake gaskets leaking on left-hand engine. leak check good.,False
103205,"#1, 3 & 4 ROCKER COVER GASKET LEAKING ON L/H ENGINE. LEAK CK GOOD.","numbers 1, 3 and 4 rocker cover gasket leaking on left-hand engine. leak check good.",False
103206,"R/H #2, 3 & 4 INTAKE GASKETS ARE LEAKING. REMOVED & REPLACED INTAKE GASKETS.","right-hand numbers 2, 3 and 4 intake gaskets are leaking. removed and replaced intake gaskets.",False
103207,#2 & 4 INTAKE GASKETS LEAKING ON L/H ENGINE. REMOVED & REPLACED INTAKE GASKETS.,number 2 and number 4 intake gaskets leaking on left-hand engine. removed and replaced intake gaskets.,False
103208,"R/H ENGINE HAS OIL LEAK AT HOISTING LOOP. REMOVED, CLEANED, SEALED & REINSTALLED BOLT.","right-hand engine has oil leak at hoisting loop. removed, cleaned, sealed and reinstalled bolt.",False
103209,"#1, 3 & 4 ROCKER COVER GASKET LEAKING ON L/H ENGINE. REMOVED & REPLACED ROCKER COVER GASKETS.","numbers 1, 3 and 4 rocker cover gasket leaking on left-hand engine. removed and replaced rocker cover gaskets.",False
103210,LOWER COWL SEAL LOOSE. REATTACHED LOWER COWL SEAL.,lower cowl seal loose. reattached lower cowl seal.,False
103212,"COWL BRACKET CRACKED, L/H ENGINE. REMOVED BRACKET. STARTED CREATING PATCH.","cowl bracket cracked, left-hand engine. removed bracket. started creating patch.",False
103213,DING IN COMPRESSOR FIRST STAGE BLADE. DAMAGE TO COMPRESSOR FIRST STAGE BLADE IS ACCEPTABLE. I,ding in compressor first stage blade. damage to compressor first stage blade is acceptable.,False
103214,#4 INTAKE GASKET IS LEAKING. REMOVED & REPLACED INTAKE GASKET.,number 4 intake gasket is leaking. removed and replaced intake gasket.,False
103215,#3 ROCKER COVER GASKET LEAKING. REMOVED CORK GASKET & REPLACED W/ SILICONE GASKET.,number 3 rocker cover gasket leaking. removed cork gasket and replaced with silicone gasket.,False
103216,#4 ROCKER COVER GASKET LEAKING. REMOVED CORK GASKET & REPLACED W/ SILICONE GASKET.,number 4 rocker cover gasket leaking. removed cork gasket and replaced with silicone gasket.,False
103217,#2 & 3 ROCKER COVER GASKETS LEAKING. REMOVED & REPLACED GASKETS.,number 2 and number 3 rocker cover gaskets leaking. removed and replaced gaskets.,False
103218,#2 & 3 INTAKE GASKETS LEAKING. REMOVED & REPLACED INTAKE GASKETS.,number 2 and number 3 intake gaskets leaking. removed and replaced intake gaskets.,False
103219,#3 INTAKE GASKET LEAKING. REMOVED & REPLACED INTAKE GASKET.,number 3 intake gasket leaking. removed and replaced intake gasket.,False
103220,#3 INTAKE LEAKING. REMOVED & REPLACED GASKET.,number 3 intake leaking. removed and replaced gasket.,False
103221,L/H & R/H BAFFLE PLUGS ARE MISSING TABS. REPLACED L/H & R/H BAFFLE PLUGS.,left-hand and right-hand baffle plugs are missing tabs. replaced left-hand and right-hand baffle plugs.,False
103222,L/H ENG #4 ROCKER COVER LEAKING. REMOVED & REPLACED ROCKER COVER GASKET.,left-hand engine number 4 rocker cover leaking. removed and replaced rocker cover gasket.,False
103223,L/H ENG #2 & 4 INTAKES LEAKING. REMOVED & REPLACED INTAKE GASKETS ON L/H ENG.,left-hand engine number 2 and number 4 intakes leaking. removed and replaced intake gaskets on left-hand engine.,False
103224,"R/H ENGINE INTAKES 2, 3 & 4 LEAKING. REMOVED & REPLACED INTAKE GASKETS ON R/H ENGINE.","right-hand engine intakes 2, 3 and 4 leaking. removed and replaced intake gaskets on right-hand engine.",False
103225,#4 INTAKE IS LEAKING. REMOVED & REPLACED #4 CYL INTAKE GASKET.,number 4 intake is leaking. removed and replaced number 4 cylinder intake gasket.,False
103226,R/H BAFFLE TIE ROD IS BROKEN. REMOVED & REPLACED R/H BAFFLE TIE ROD.,right-hand baffle tie rod is broken. removed and replaced right-hand baffle tie rod.,False
103227,#4 ROCKER COVER GASKET LEAKING. REMOVED & REPLACED GASKET.,number 4 rocker cover gasket leaking. removed and replaced gasket.,False
103229,#1 OUTER CYL BAFFLING CRACKED BY NUTPLATE. STOP DRILLED CRACK ON #1 CYL OUTER BAFFLING.,number 1 outer cylinder baffling cracked by nutplate. stop drilled crack on number 1 cylinder outer baffling.,False
103230,#4 INDUCTION TUBE GASKET IS LEAKING. REMOVED & REPLACED #4 INTAKE GASKET.,number 4 induction tube gasket is leaking. removed and replaced number 4 intake gasket.,False
103231,#3 & 4 INTAKES LEAKING. REPLACED INTAKE GASKETS.,number 3 and number 4 intakes leaking. replaced intake gaskets.,False
103232,ALUM FITTINGS FOR OIL COOLER OK? FITTINGS OK.,aluminum fittings for oil cooler ok? fittings ok.,False
103234,BOTH BAFFLE BUTTONS WORN. REMOVED & REPLACED BOTH BAFFLE BUTTONS.,both baffle buttons worn. removed and replaced both baffle buttons.,False
103235,OIL COOLER LOWER LINE REQ REROUTING. REROUTED LOWER OIL COOLER LINE.,oil cooler lower line required rerouting. rerouted lower oil cooler line.,False
103236,FRONT FWD BAFFLE HUNG UP ON BOLT OF ALTERNATOR EXTRA BRACKET. REROUTED BAFFLE.,front forward baffle hung up on bolt of alternator extra bracket. rerouted baffle.,False
103237,"BAFFLE BOLT OR SCREW MISSING, FWD L/H SIDE IN FRONT OF #2 CY. INSTALLED NEW SCREW.","baffle bolt or screw missing, forward left-hand side in front of number 2 cylinder. installed new screw.",False
103239,"NUT MISSING ON TOP BACK BONE OF ENG, AFT SLING POINT. INSTALLED NUT & WASHERS ON ENGINE AFT SLING POINT BOLT.","nut missing on top backbone of engine, aft sling point. installed nut and washers on engine aft sling point bolt.",False
103240,FOD ON TOP L/H SIDE OF ENGINE. REMOVED FOD FROM TOP L/H SIDE OF ENGINE,fod on top left-hand side of engine. removed fod from top left-hand side of engine,False
103241,EXTRA SPARK PLUG ON TOP OF #2 CYLINDER. REMOVED EXTRA SPARK PLUG FROM #2 CYL,extra spark plug on top of number 2 cylinder. removed extra spark plug from number 2 cylinder,False
103244,"BAFFLE PLUG DAMAGED, REQUIRES REPLACEMENT. REMOVED & REPLACED BAFFLE PLUG.","baffle plug damaged, requires replacement. removed and replaced baffle plug.",False
103245,#4 CYL ROCKER COVER LEAKING. REMOVED & REPLACED GASKET.,number 4 cylinder rocker cover leaking. removed and replaced gasket.,False
103246,PROP/ENGINE OVERSPEED. REVIEWED FDM DATA. FOUND OVERSPEED TO BE W/IN LIMITS PE,"propeller, engine overspeed. reviewed fdm data. found overspeed to be within limits",False
103247,"#1, 2 & 3 INTAKE GASKETS LEAKING. REMOVED & REPLACED INTAKE GASKETS.","numbers 1, 2 and 3 intake gaskets leaking. removed and replaced intake gaskets.",False
103249,#2 INTAKE LEAKING. REMOVED & REPLACED INTAKE GASKET.,number 2 intake leaking. removed and replaced intake gasket.,False
103251,2 & 4 CYL INNER BAFFLE CONNECTOR ROD IS BROKEN. REMOVED & REPLACED ROD.,2 and 4 cylinder inner baffle connector rod is broken. removed and replaced rod.,False
103252,#4 CYL INTAKE GASKET IS LEAKING. REMOVED & REPLACED CYL #4 INTAKE GASKET.,number 4 cylinder intake gasket is leaking. removed and replaced cylinder number 4 intake gasket.,False
103254,"CRACK ON FWD BAFFLE, AFT OF ALTERNATOR MOUNT BOLT. STOP DRILLED CRACK.","crack on forward baffle, aft of alternator mount bolt. stop drilled crack.",False
103255,#1 & 2 ROCKER COVER GASKETS LEAKING. REMOVED & REPLACED ROCKER GASKETS.,number 1 and number 2 rocker cover gaskets leaking. removed and replaced rocker gaskets.,False
103258,#1 CYL BAFFLING CRACK EXTENDING BEYOND STOP DRILL. STOP DRILLED CRACK & INSTALLED DOUBLER PLATE IN REFEREN,number 1 cylinder baffling crack extending beyond stop drill. stop drilled crack and installed doubler plate in reference,False
103259,CRACK NOTED ON UPPER PORTION OF FWD R/H BAFFLE IN FRONT OF #. STOP DRILLED CRACK & RIVETED DOUBLER PLATE IN REFERENCE,crack noted on upper portion of forward right-hand baffle. stop drilled crack and riveted doubler plate in reference,False
103260,#3 ROCKER COVER IS LEAKING. REMOVED & REPLACED ROCKER COVER GASKET.,number 3 rocker cover is leaking. removed and replaced rocker cover gasket.,False
103261,"#1, 3, 4 & 2 ROCKER COVERS LEAKING (ALL 4). REMOVED & REPLACED ROCKER COVER GASKETS.","numbers 1, 3, 4 and 2 rocker covers leaking, all 4. removed and replaced rocker cover gaskets.",False
103264,"#1, 2, 3 & 4 INTAKE GASKETS LEAKING. REMOVED & REPLACED INTAKE GASKETS.","numbers 1, 2, 3 and 4 intake gaskets leaking. removed and replaced intake gaskets.",False
103266,"#2, 3, 4 INTAKES LEAKING ON L/H ENGINE. REMOVED & REPLACED INTAKE GASKETS.","numbers 2, 3, and 4 intakes leaking on left-hand engine. removed and replaced intake gaskets.",False
103268,R/H REAR ENGINE BAFFLE ATTACH BRACKET LOOSE. REMOVED R/H REAR BAFFLE. REATTACHED ATTACH BRACKET & RE,right-hand rear engine baffle attach bracket loose. removed right-hand rear baffle. reattached attach bracket,False
103270,#3 & 4 SIDE BAFFLE SEALS ARE WORN. REPLACED BAFFLE SEALS.,number 3 and number 4 side baffle seals are worn. replaced baffle seals.,False
103271,BAFFLE CRACKED @ #1 CYL. STOP DRILLED CRACK.,baffle cracked at number 1 cylinder. stop drilled crack.,False
103273,"BAFFLING ABOVE CYL #4 HAS A CRACK IN IT. STOP DRILLED CRACK, NO FURTHER DEFECTS NOTED.","baffling above cylinder number 4 has a crack in it. stop drilled crack, no further defects noted.",False
103276,FWD BAFFLE SEAL HAS WORN SPOTS BY ENG INDUCTION. INSTALLED BLACK RTV IN AREAS WORN.,forward baffle seal has worn spots by engine induction. installed black rtv in areas worn.,False
103278,"SCREW MISSING #3 CYL ROCKER COVER, L/H ENGINE. INSTALLED NEW SCREW.","screw missing number 3 cylinder rocker cover, left-hand engine. installed new screw.",False
103279,"#2, 3 ROCKER COVERS LEAKING ON R/H ENGINE. REMOVED & REPLACED ROCKER GASKETS ON R/H ENG.",number 2 and number 3 rocker covers leaking on right-hand engine. removed and replaced rocker gaskets on right-hand engine.,False
103280,"#2, 3, 4 INTAKES LEAKING ON R/H ENGINE. REMOVED & REPLACED #2, 3 & 4 INTAKE GASKETS ON R/H ENG.","numbers 2, 3, and 4 intakes leaking on right-hand engine. removed and replaced numbers 2, 3 and 4 intake gaskets on right-hand engine.",False
103282,#3 & 4 ROCKER COVERS LEAKING ON L/H ENGINE. REMOVED & REPLACED #3 & 4 ROCKER COVERS ON L/H ENGINE.,number 3 and number 4 rocker covers leaking on left-hand engine. removed and replaced number 3 and number 4 rocker covers on left-hand engine.,False
103285,"R/H ENGINE BACK BONE SEEPING OIL. REMOVED BOLTS (ONE AT A TIME), CLEANED, RESEALED & RETO","right-hand engine backbone seeping oil. removed bolts, 1 at a time, cleaned, resealed and retorqued",False
103288,#3 & 4 INTAKE IS LEAKING. REMOVED & REPLACED INTAKE GASKETS.,number 3 and number 4 intake is leaking. removed and replaced intake gaskets.,False
103289,BAFFLE PLUGS ABOVE #3 & 4 CYL WORN. REMOVED & REPLACED BAFFLE PLUGS.,baffle plugs above number 3 and number 4 cylinder worn. removed and replaced baffle plugs.,False
103290,L/H SIDE BAFFLE REQUIRES BAFFLE PLUG PATCH. INSTALLED BAFFLE PLUG PATCH.,left-hand side baffle requires baffle plug patch. installed baffle plug patch.,False
103292,"BAFFLE PATCH CRACKED ABOVE #4 CYL. REMOVED CRACKED BAFFLE PATCH, FABRICATED NEW PATCH, INS","baffle patch cracked above number 4 cylinder. removed cracked baffle patch, fabricated new patch, installed",False
103293,L/H ENG #4 CYL DEAD. COMPRESSION ON #4 = 78/80.,left-hand engine number 4 cylinder dead. compression on number 4 equals 78 out of 80.,False
103294,L/H FWD BAFFLE MATERIAL TORN. REMOVED & REPLACED BAFFLE MATERIAL.,left-hand forward baffle material torn. removed and replaced baffle material.,False
103295,#3 & 4 INTAKES LEAKING ON L/H ENGINE. REMOVED & REPLACED INTAKE GASKETS.,number 3 and number 4 intakes leaking on left-hand engine. removed and replaced intake gaskets.,False
103296,L/H ENGINE BACK BAFFLE BY #4 CYL HAS A CRACK. REMOVED & REPLACED BRACKET.,left-hand engine back baffle by number 4 cylinder has a crack. removed and replaced bracket.,False
103300,L/H ENG #4 CYL DEAD. REINSTALLED AFT BAFFLE & BOTH SIDE BAFFLES. INSTALLED B,left-hand engine number 4 cylinder dead. reinstalled aft baffle and both side baffles.,False
103301,#1 & 4 ROCKER GASKETS LEAKING ON L/H ENGINE. REPLACED L/H ENG ROCKER COVER GASKETS.,number 1 and number 4 rocker gaskets leaking on left-hand engine. replaced left-hand engine rocker cover gaskets.,False
103302,"L/H ENG BACK BONE LEAKING OIL IN MIDDLE. CLEANED, RESEALED & TORQUED TOP BACK BONE BOLTS.","left-hand engine back bone leaking oil in middle. cleaned, resealed and torqued top back bone bolts.",False
103303,INTAKE GASKETS LEAKING ON L/H ENGINE. REMOVED & REPLACED ALL INTAKE GASKETS ON L/H ENGINE.,intake gaskets leaking on left-hand engine. removed and replaced all intake gaskets on left-hand engine.,False
103304,L/H ENGINE QUICK DRAIN NEEDS INSTALLATION. INSTALLED QUICK DRAIN.,left-hand engine quick drain needs installation. installed quick drain.,False
103305,R/H ENGINE QUICK DRAIN NEEDS INSTALLATION. INSTALLED QUICK DRAIN.,right-hand engine quick drain needs installation. installed quick drain.,False
103306,"#1, 2 & 4 CYL INTAKES LEAKING. REMOVED & REPLACED CYL INTAKE GASKETS.","numbers 1, 2 and 4 cylinder intakes leaking. removed and replaced cylinder intake gaskets.",False
103307,CYL #1 INTAKE GASKET IS LEAKING. REPLACED LEAKY CYL #1 INTAKE GASKET.,cylinder number 1 intake gasket is leaking. replaced leaky cylinder number 1 intake gasket.,False
103309,BATTERY BOX BRACKET CRACKED. REMOVED & REPLACED BRACKET.,battery box bracket cracked. removed and replaced bracket.,False
103310,SIMULATED OIL LEAK ON ENGINE. REMOVED SIMULATION,simulated oil leak on engine. removed simulation,False
103311,BAFFLE PLUG ABOVE #4 CYL HAS BROKEN TABS. REPLACED BAFFLE PLUGS W/ NEW.,baffle plug above number 4 cylinder has broken tabs. replaced baffle plugs with new.,False
103315,INTAKES 2 & 3 LEAKING ON L/H ENGINE. REPLACED 2 & 3 GASKETS.,intakes 2 and 3 leaking on left-hand engine. replaced 2 and 3 gaskets.,False
103316,INTAKES 2 & 4 LEAKING ON R/H ENGINE. REMOVED & REPLACED GASKETS.,intakes 2 and 4 leaking on right-hand engine. removed and replaced gaskets.,False
103317,#3 CYLINDER L/H ENGINE THRUST BUTTONS WORN. REMOVED & REPLACED BUTTONS.,number 3 cylinder left-hand engine thrust buttons worn. removed and replaced buttons.,False
103318,"ALL 4 ROCKER COVERS LEAKING ON R/H ENGINE. REMOVED ROCKER COVERS, CLEANED COVERS & INSTALLED NEW G","all 4 rocker covers leaking on right-hand engine. removed rocker covers, cleaned covers and installed new gaskets",False
103320,#2 BAFFLE SEAL DISCONNECTED. RESECURED LOOSE BAFFLE SEAL.,number 2 baffle seal disconnected. resecured loose baffle seal.,False
103321,WIRING BETWEEN #2 - 4 UNSUPPORTED. RESECURED WIRING TO BAFFLE STANDOFF.,wiring between number 2 and 4 unsupported. resecured wiring to baffle standoff.,False
103322,#1 CHT RED X AT FULL POWER. OPS CK GOOD.,number 1 cht red x at full power. operations check good.,False
103323,"#1 EGT RED X. REMOVED & REPLACED #1 EGT, OPS CK GOOD.","number 1 egt red x. removed and replaced number 1 egt, operations check good.",False
103324,#1 ROCKER COVER LEAKING. REMOVED & REPLACED ROCKER COVER GASKET.,number 1 rocker cover leaking. removed and replaced rocker cover gasket.,False
103325,#1 CHT RED X AT FULL POWER. REMOVED & REPLACED CHT PROBE ON #1 CYL.,number 1 cht red x at full power. removed and replaced cht probe on number 1 cylinder.,False
103326,"#1, 2, 4 INTAKE GASKETS LEAKING. REMOVED & REPLACED INTAKE GASKETS.","numbers 1, 2, and 4 intake gaskets leaking. removed and replaced intake gaskets.",False
103328,INTAKES 2 & 4 LEAKING ON R/H ENG. REMOVED & REPLACED INTAKE GASKETS.,intakes 2 and 4 leaking on right-hand engine. removed and replaced intake gaskets.,False
103329,"INTAKES 1 & 3 LEAKING ON L/H ENG. UPON FURTHER INSP, NO LEAK FROM INTAKE TUBE FOUND.","intakes 1 and 3 leaking on left-hand engine. upon further inspection, no leak from intake tube found.",False
103331,#4 INTAKE IS LEAKING. REMOVED & REPLACED GASKET.,number 4 intake is leaking. removed and replaced gasket.,False
103332,R/H FWD ENGINE BAFFLE SEAL LOOSE. REATTACHED BAFFLE SEAL.,right-hand forward engine baffle seal loose. reattached baffle seal.,False
103333,#3 INTAKE LEAKING. REPLACED GASKET.,number 3 intake leaking. replaced gasket.,False
103334,"2 BAFFLE SCREWS MISSING, ABOVE STARTER. INSTALLED SCREWS.","2 baffle screws missing, above starter. installed screws.",False
103336,R/H FWD BAFFLE MATERIAL LOOSE. RESECURED BAFFLE MATERIAL.,right-hand forward baffle material loose. resecured baffle material.,False
103337,CYL #2 INTAKE GASKET LEAKING. REMOVED & REPLACED CYL #2 INTAKE GASKET.,cylinder number 2 intake gasket leaking. removed and replaced cylinder number 2 intake gasket.,False
103338,"CYL #1, 4 ROCKER COVERS LEAKING. REMOVED & REPLACED CYL #1, 4 ROCKER COVER GASKETS.","cylinder number 1 and number 4 rocker covers leaking. removed and replaced cylinder number 1, and number 4 rocker cover gaskets.",False
103339,#1 & 2 CYL ROCKER COVER GASKETS LEAKING. REMOVED & REPLACED ROCKER COVER GASKETS.,number 1 and number 2 cylinder rocker cover gaskets leaking. removed and replaced rocker cover gaskets.,False
103341,#2 CYL INTAKE GASKET LEAKING. REMOVED & REPLACED #2 CYL INTAKE GASKET.,number 2 cylinder intake gasket leaking. removed and replaced number 2 cylinder intake gasket.,False
103342,BAFFLE CRACKED ABOVE #1 CYL. STOP DRILLED CRACK.,baffle cracked above number 1 cylinder. stop drilled crack.,False
103348,#3 INTAKE LEAKING. REMOVED & REPLACED INTAKE GASKET.,number 3 intake leaking. removed and replaced intake gasket.,False
103350,FWD LWR ENG BAFFLE SEAL WORN ABOVE ENG AIR INTAKE. INSTALLED RTV TO AREAS.,forward lower engine baffle seal worn above engine air intake. installed rtv to areas.,False
103351,CYL #3 INTAKE GASKET IS LEAKING. REPLACED #3 INTAKE GASKET.,cylinder number 3 intake gasket is leaking. replaced number 3 intake gasket.,False
103352,RIGHT BAFFLE PLUG DAMAGED. REPLACED RIGHT BAFFLE PLUG.,right baffle plug damaged. replaced right baffle plug.,False
103353,A/C & PILOT REQUIRE START ASSIST. STARTED A/C.,aircraft and pilot require start assist. started aircraft.,False
103354,#3 INTAKE GASKET LEAKING. INSTALLED NEW #3 INTAKE GASKET.,number 3 intake gasket leaking. installed new number 3 intake gasket.,False
103355,ENGINE BACK BONE BOLTS SEEPING. RETORQUED BACK BONE BOLTS.,engine backbone bolts seeping. retorqued back bone bolts.,False
103356,OIL FILLER TUBE LOOSE. TIGHTENED OIL FILLER TUBE & SAFETIED.,oil filler tube loose. tightened oil filler tube and safetied.,False
103357,INTER BAFFLE ROD FASTENER BROKEN. REMOVED & REPLACED INTER BAFFLE ROD FASTENER.,interbaffle rod fastener broken. removed and replaced inter baffle rod fastener.,False
103358,"#3 AFT BAFFLE TAB RIVETS LOOSE. REMOVED BAFFLE, REMOVED RIVETS & INSTALLED NEW HARDWARE","number 3 aft baffle tab rivets loose. removed baffle, removed rivets and installed new hardware",False
103360,SPRING CONNECTOR BETWEEN #1 & 3 CYL BAFFLES IS BROKEN. REMOVED & REPLACED SPRING CONNECTOR BETWEEN #1 & 3 CYLS,spring connector between number 1 and number 3 cylinder baffles is broken. removed and replaced spring connector between number 1 and number 3 cylinders,False
103361,#3 BAFFLE CRACKED. STOP DRILLED CRACK IN #3 ENG BAFFLE.,number 3 baffle cracked. stop drilled crack in number 3 engine baffle.,False
103362,"ENG FWD LWR COWL SEAL WORN, ABOVE AIR INTAKE. APPLIED SILICONE SEALANT TO SEAL, NO DAMAGE NOTED.","engine forward lower cowl seal worn, above air intake. applied silicone sealant to seal, no damage noted.",False
103363,"BOLT MISSING ON #4 BAFFLE, R/H ENG. REPLACED BOLT.","bolt missing on number 4 baffle, right-hand engine. replaced bolt.",False
103364,CYL #4 ROCKER COVER GASKET IS LEAKING. REMOVED & REPLACED CYL #4 ROCKER COVER GASKET.,cylinder number 4 rocker cover gasket is leaking. removed and replaced cylinder number 4 rocker cover gasket.,False
103365,#1 & 2 INTAKE GASKETS LEAKING. REMOVED & REPLACED #1 & 2 INTAKE GASKETS.,number 1 and number 2 intake gaskets leaking. removed and replaced number 1 and number 2 intake gaskets.,False
103367,#3 ROCKER COVER GASKET LEAKING. REMOVED & REPLACED ROCKER COVER GASKET.,number 3 rocker cover gasket leaking. removed and replaced rocker cover gasket.,False
103369,ALL ROCKER COVER SCREWS NEED TIGHTENING. RESECURED ALL ROCKER COVER SCREWS.,all rocker cover screws need tightening. resecured all rocker cover screws.,False
103370,RIGHT BAFFLE TIE ROD IS BROKEN. DRILLED NEW TIE ROD HOLE IN R/H AFT BAFFLE. INSTALLED S,right baffle tie rod is broken. drilled new tie rod hole in right-hand aft baffle.,False
103371,"L/H ENG #2, 3 ROCKER COVER GASKETS ARE LEAKING. REMOVED & REPLACED ROCKER COVER GASKETS.","left-hand engine number 2, and number 3 rocker cover gaskets are leaking. removed and replaced rocker cover gaskets.",False
103372,BAFFLE SEAL WORN & WEARING ABOVE ENG INLET. SEALED UP AREAS W/ RTV.,baffle seal worn and wearing above engine inlet. sealed up areas with rtv.,False
103374,#1 & 2 ROCKER COVERS LEAKING. REMOVED & REPLACED ROCKER GASKETS.,number 1 and number 2 rocker covers leaking. removed and replaced rocker gaskets.,False
103375,#1 & 3 ROCKER DRAIN LINES LEAKING. TIGHTENED ROCKER DRAIN LINE CLAMPS.,number 1 and number 3 rocker drain lines leaking. tightened rocker drain line clamps.,False
103377,R/H ENG #3 & 4 CYL INTAKE GASKETS ARE LEAKING. REMOVED & REPLACED GASKETS.,right-hand engine number 3 and number 4 cylinder intake gaskets are leaking. removed and replaced gaskets.,False
103379,INTAKE #3 LEAKING ON R/H ENGINE. REMOVED & REPLACED GASKET.,intake number 3 leaking on right-hand engine. removed and replaced gasket.,False
103380,#1 & 2 ROCKER COVERS LEAKING ON L/H ENGINE. REMOVED & REPLACED ROCKER COVER GASKETS.,number 1 and number 2 rocker covers leaking on left-hand engine. removed and replaced rocker cover gaskets.,False
103381,R/H FWD ENGINE BAFFLE LOOSE. RESECURED BAFFLE SEAL.,right-hand forward engine baffle loose. resecured baffle seal.,False
103382,#2 INTAKE TUBE GASKET LEAKING. REMOVED & REPLACED GASKET.,number 2 intake tube gasket leaking. removed and replaced gasket.,False
103383,"FWD LWR BAFFLE SEAL FOR ENG, INTAKE WEARING INTO IT. PATCHED BAFFLE W/ SILICONE SEALANT.","forward lower baffle seal for engine, intake wearing into it. patched baffle with silicone sealant.",False
103384,"R/H ENGINE WOULD NOT START. STARTED A/C, ALL CHECKS GOOD.","right-hand engine would not start. started aircraft, all checks good.",False
103385,ENGINE NEEDS TO BE PRESERVED. PERFORMED CORROSION PREVENTION IN ENGINES INSTALLED IN,engine needs to be preserved. performed corrosion prevention in engines,False
103387,ENGINE NEEDS TO BE PRESERVED. PERFORMED CORROSION PREVENTION IN ENGINE IAW LYCOMING O,engine needs to be preserved. performed corrosion prevention in engine in accordance with lycoming operations manual,False
103388,ENGINE NEEDS TO BE PRESERVED. PERFORMED CORROSION PREVENTION IAW LYCOMING OPS MANUAL.,engine needs to be preserved. performed corrosion prevention in accordance with lycoming operations manual.,False
103389,ENGINE NEEDS TO BE PRESERVED. PERFORMED CORROSION PROTECTION IAW LYCOMING OPS MANUAL.,engine needs to be preserved. performed corrosion protection in accordance with lycoming operations manual.,False
103391,ENGINE NEEDS TO BE PRESERVED. PERFORMED CORROSION PREVENTION IN ENGINES INSTALLED IN,engine needs to be preserved. performed corrosion prevention in engines,False
103392,ENGINE NEEDS TO BE PRESERVED. PERFORMED CORROSION PREVENTION IN ENGINE IAW LYCOMING O,engine needs to be preserved. performed corrosion protection in accordance with lycoming operations manual,False
103394,SCREW MISSING FROM R/H ENGINE #4 BAFFLE. INSTALLED FASTENER.,screw missing from right-hand engine number 4 baffle. installed fastener.,False
103395,"L/H ENG, R/H REAR ENGINE BAFFLE CRACKED. STOP DRILLED CRACK.","left-hand engine, right-hand rear engine baffle cracked. stop drilled crack.",False
103397,RIVNUT STRIPPED OUT ON BAFFLE FOR OIL COOLER. REMOVED & REPLACED RIVNUT.,rivnut stripped out on baffle for oil cooler. removed and replaced rivnut.,False
103398,"ENGINE BAFFLE CRACKED, #3 CYL. REMOVED CRACKED BAFFLE, FABRICATED & INSTALLED NEW BAFF","engine baffle cracked, number 3 cylinder. removed cracked baffle, fabricated and installed new baffle",False
103401,CYL #1 FWD BAFFLE IS CRACKED. STOP DRILLED CRACKS & FABRICATED PATCHES OF LIKE MATERI,cylinder number 1 forward baffle is cracked. stop drilled cracks and fabricated patches of like material,False
103402,#4 ROCKER COVER IS LEAKING. REMOVED & REPLACED GASKET.,number 4 rocker cover is leaking. removed and replaced gasket.,False
103403,#2 & 4 INTAKES ARE LEAKING. REMOVED & REPLACED GASKETS.,number 2 and number 4 intakes are leaking. removed and replaced gaskets.,False
103405,"#2, 3, 4 ROCKER COVER GASKETS LEAKING. REMOVED & REPLACED ROCKER COVER GASKETS.","numbers 2, 3, and 4 rocker cover gaskets leaking. removed and replaced rocker cover gaskets.",False
103406,#2 & 4 CYL BAFFLE CONNECTION ROD BROKEN. REMOVED & REPLACED BAFFLE CONNECTING SPRING FOR #2 & 4,number 2 and number 4 cylinder baffle connection rod broken. removed and replaced baffle connecting spring for number 2 and number 4,False
103409,#4 INDUCTION TUBE GASKET LEAKING. INSTALLED NEW #4 INDUCTION TUBE GASKET.,number 4 induction tube gasket leaking. installed new number 4 induction tube gasket.,False
103411,#4 INTAKE IS LEAKING. REMOVED & REPLACED INTAKE GASKET.,number 4 intake is leaking. removed and replaced intake gasket.,False
103412,#2 ROCKER GASKET LEAKING. REPLACED GASKET.,number 2 rocker gasket leaking. replaced gasket.,False
103414,R/H ENGINE #3 INTAKE LEAKING. REPLACED GASKET.,right-hand engine number 3 intake leaking. replaced gasket.,False
103415,L/H ENG #4 INTAKE GASKET LEAKS. REPLACED GASKET.,left-hand engine number 4 intake gasket leaks. replaced gasket.,False
103416,#2 INTAKE TUBE GASKET LEAKING. REMOVED & REPLACED #2 INTAKE TUBE GASKET.,number 2 intake tube gasket leaking. removed and replaced number 2 intake tube gasket.,False
103417,#2 INTAKE GASKET IS LEAKING. REPLACED #2 INTAKE GASKET.,number 2 intake gasket is leaking. replaced number 2 intake gasket.,False
103418,#3 & 4 INTAKES LEAKING ON R/H ENGINE. REMOVED & REPLACED INTAKE GASKETS.,number 3 and number 4 intakes leaking on right-hand engine. removed and replaced intake gaskets.,False
103419,"#2, 3 & 4 INTAKES LEAKING ON L/H ENGINE. REMOVED & REPLACED INTAKE GASKETS.","numbers 2, 3 and 4 intakes leaking on left-hand engine. removed and replaced intake gaskets.",False
103420,#2 ENG CYL INTAKE LEAKS. REPLACED GASKET.,number 2 engine cylinder intake leaks. replaced gasket.,False
103421,FWD BLACK ENG SEAL WORN. INSTALLED RTV SILICONE IN WORN AREAS.,forward black engine seal worn. installed rtv silicone in worn areas.,False
103423,#2 & 4 CYL BAFFLE FASTENER IS BROKEN. REMOVED & REPLACED FASTENER.,number 2 and number 4 cylinder baffle fastener is broken. removed and replaced fastener.,False
103424,MOMENTARY STUCK VALVE W/ SLIGHT DROP IN RPM. IN CRUISE FLIGH. REMOVED BAFFLES AS REQUIRED & DISCONNECTED OIL LINES TO,momentary stuck valve with slight drop in rpm. in cruise flight. removed baffles as required and disconnected oil lines,False
103425,"MOMENTARY STUCK VALVE W/ SLIGHT DROP IN RPM. IN CRUISE FLIGH. PERFORMED LYCOMING  ON CYL #2, 4. FOUND #4 CYL T","momentary stuck valve with slight drop in rpm. in cruise flight. performed lycoming on cylinder number 2, and number 4.",False
103426,#3 CYL INTAKE FEELS LOOSE. REMOVED INTAKE TUBE FROM INVENTORY ENGINE. INSTALLED ON,number 3 cylinder intake feels loose. removed intake tube from inventory engine. installed on number 3 cylinder,False
103427,#2 INTAKE LEAKING. REMOVED & REPLACED #2 INTAKE GASKET.,number 2 intake leaking. removed and replaced number 2 intake gasket.,False
103428,#3 ROCKER COVER LEAKING. REMOVED & REPLACED #3 ROCKER COVER GASKET.,number 3 rocker cover leaking. removed and replaced number 3 rocker cover gasket.,False
103429,#4 INTAKE GASKET LEAKING. REMOVED & REPLACED GASKET.,number 4 intake gasket leaking. removed and replaced gasket.,False
103431,R/H BAFFLING CONNECTING ROD IS BROKEN. REMOVED & REPLACED ROD.,right-hand baffling connecting rod is broken. removed and replaced rod.,False
103432,CYL #3 INTAKE GASKET IS LEAKING. REMOVED & REPLACED INTAKE GASKET.,cylinder number 3 intake gasket is leaking. removed and replaced intake gasket.,False
103436,"CYL #2, 3 & 4 INTAKE GASKETS LEAKING. REMOVED & REPLACED INTAKE GASKETS.","cylinder numbers 2, 3 and 4 intake gaskets leaking. removed and replaced intake gaskets.",False
103438,#3 EXHAUST PUSH ROD SEAL (I/B) LEAKING. REMOVED & REPLACED #3 EXHAUST PUSH ROD SEALS. LEAK CK G,"number 3 exhaust push rod seal, inboard, leaking. removed and replaced number 3 exhaust push rod seals. leak check good",False
103439,CYL #3 & 4 INTAKE GASKETS LEAKING. REMOVED & REPLACED GASKETS.,cylinder number 3 and number 4 intake gaskets leaking. removed and replaced gaskets.,False
103441,#1 ROCKER GASKET LEAKING ON L/H ENGINE. INSTALLED NEW ROCKER BOX COVER GASKET.,number 1 rocker gasket leaking on left-hand engine. installed new rocker box cover gasket.,False
103443,"#3 & 4 INTAKE GASKETS LEAKING, L/H ENGINE. REMOVED & REPLACED INTAKE GASKETS.","number 3 and number 4 intake gaskets leaking, left-hand engine. removed and replaced intake gaskets.",False
103444,#2 & 4 INTAKE GASKETS LEAKING ON R/H ENGINE. REMOVED & REPLACED INTAKE GASKETS.,number 2 and number 4 intake gaskets leaking on right-hand engine. removed and replaced intake gaskets.,False
103446,"#1 CYL HAS OIL LEAKING AT CYLINDER BASE, LOWER AFT CORNER. WASHED ENGINE, RAN A/C, LEAK CK GOOD.","number 1 cylinder has oil leaking at cylinder base, lower aft corner. washed engine, ran aircraft, leak check good.",False
103447,DUCT TAPE ON BACK OF OIL COOLER. REMOVED DUCT TAPE,duct tape on back of oil cooler. removed duct tape,False
103448,WRENCH ON TYRAP ON TOE OF ENGINE. REMOVED WRENCH AND TYRAP,wrench on tyrap on toe of engine. removed wrench and tyrap,False
103450,"SEAL WEARING AT FWD LWR BAFFLE, ABOVE INTAKE. INSTALLED RTV IN AREAS.","seal wearing at forward lower baffle, above intake. installed rtv in areas.",False
103451,ENGINE R/H REAR BAFFLE MOUNTING BRACKET LOOSE. LOOSENED OIL COOLER & OIL FILLER TUBE.,engine right-hand rear baffle mounting bracket loose. loosened oil cooler and oil filler tube.,False
103452,ENGINE R/H REAR BAFFLE MOUNTING BRACKET LOOSE. REMOVED ENGINE BAFFLE. DRILLED HOLES IN ENGINE BAFFLE &,engine right-hand rear baffle mounting bracket loose. removed engine baffle. drilled holes in engine baffle,False
103453,"SCREW MISSING I/B OF OIL COOLER, FOR ENGINE BAFFLE. REPLACED SCREW.","screw missing inboard of oil cooler, for engine baffle. replaced screw.",False
103455,#3 CYL RUNNING VERY CLEAN. REMOVED #3 INJECTOR & ULTRASONICALLY CLEANED. REINSTALL,number 3 cylinder running very clean. removed number 3 injector and ultrasonically cleaned. reinstalled,False
103456,CYL #2 INTAKE GASKET LEAKING. REMOVED & REPLACED INTAKE GASKET.,cylinder number 2 intake gasket leaking. removed and replaced intake gasket.,False
103458,"FRONT ENGINE OIL SEAL LEAKING. REMOVED PROP ASSY, LOOSENED ALTERNATOR BELT TENSION & R","front engine oil seal leaking. removed propeller assembly, loosened alternator belt tension",False
103460,ENGINE NEEDS TO BE FOGGED. FOGGED ENGINE.,engine needs to be fogged. fogged engine.,False
103461,ENGINE NEEDS TO BE FOGGED. DE-PRESERVED ENGINE. LUBRICATED MAIN & TAIL ROTOR. RAN,engine needs to be fogged. de-preserved engine. lubricated main and tail rotor.,False
103462,ENGINE NEEDS TO BE FOGGED. PERFORMED CORROSION PREVENTION IN ENGINE IAW LYCOMING O,engine needs to be fogged. performed corrosion prevention in engine in accordance with lycoming operations manual,False
103464,LEFT SIDE #4 CYL INTAKE GASKET LEAKING. REMOVED & REPLACED GASKET.,left side number 4 cylinder intake gasket leaking. removed and replaced gasket.,False
103471,#3 ROCKER COVER LEAKING. REMOVED & REPLACED #3 ROCKER COVER GASKET.,number 3 rocker cover leaking. removed and replaced number 3 rocker cover gasket.,False
103472,#4 ROCKER COVER GASKET LEAKING. REMOVED & REPLACED GASKET.,number 4 rocker cover gasket leaking. removed and replaced gasket.,False
103473,#1 INTAKE GASKET LEAKING. REMOVED & REPLACED INTAKE GASKET.,number 1 intake gasket leaking. removed and replaced intake gasket.,False
103475,#2 & 4 INTAKES ARE LEAKING. REPLACED #2 & 4 INTAKE GASKETS.,number 2 and number 4 intakes are leaking. replaced number 2 and number 4 intake gaskets.,False
103477,#4 INTAKE GASKET LEAKING. REMOVED & REPLACED #4 INTAKE GASKET.,number 4 intake gasket leaking. removed and replaced number 4 intake gasket.,False
103478,LOW COMPRESSION ON #3 CYL. RAN UP A/C & PERFORMED COMPRESSION TEST ON #3 CYL. COMP,low compression on number 3 cylinder. ran up aircraft and performed compression test on number 3 cylinder.,False
103479,"#1, 2, 3 & 4 INTAKE GASKETS LEAKING. REPLACED INTAKE GASKETS, LEAK CK GOOD.","numbers 1, 2, 3 and 4 intake gaskets leaking. replaced intake gaskets, leak check good.",False
103480,"#1 OIL RETURN LINE LEAKING. TIGHTENED CYL #1 OIL RETURN LINE CLAMPS, LEAK CK GOOD.","number 1 oil return line leaking. tightened cylinder number 1 oil return line clamps, leak check good.",False
103481,#3 CYL BAFFLE PLUG DAMAGED. REMOVED & REPLACED BAFFLE PLUG.,number 3 cylinder baffle plug damaged. removed and replaced baffle plug.,False
103482,#3 IGNTION LEAD STAND OFF IS BROKEN. INSTALLED NEW STAND OFF.,number 3 ignition lead standoff is broken. installed new standoff.,False
103484,#3 & 4 ROCKER COVERS LEAKING. REMOVED & REPLACED GASKETS ON #3 & 4 CYLS.,number 3 and number 4 rocker covers leaking. removed and replaced gaskets on number 3 and number 4 cylinders.,False
103485,"#2 INTAKE GASKET TORN AND #4. REMOVED MUFFLER SHROUD, OIL FILTER, #2, 4 INTAKE TUBES,","number 2 intake gasket torn and number 4. removed muffler shroud, oil filter, number 2, and number 4 intake tubes,",False
103487,#3 AFT BAFFLE BRACKET RIVETS HAVE PULLED THRU BRACKET. REPLACED W/ NEW BAFFLE.,number 3 aft baffle bracket rivets have pulled through bracket. replaced with new baffle.,False
103488,START ASSIST NEEDED. STARTED A/C.,start assist needed. started aircraft.,False
103489,CYL #3 INTAKE LEAKING. REMOVED & REPLACED CYL #3 INTAKE GASKET.,cylinder number 3 intake leaking. removed and replaced cylinder number 3 intake gasket.,False
103490,CYL #4 BAFFLE HOLE/PLUG WORN. REPAIRED W/ RIVETED DOUBLER & REPLACED BAFFLE PLUG.,"cylinder number 4 baffle hole, plug worn. repaired with riveted doubler and replaced baffle plug.",False
103491,"CYL #2, 4 INTAKE TUBES LEAKING AT FLEXIBLE TUBE CONNECTION. DETERIMED LEAKS WERE COMING FROM INTAKE FLANGES. REMOVE","cylinder number 2, and number 4 intake tubes leaking at flexible tube connection. determined leaks were coming from intake flanges. removed",False
103492,#2 & 3 INDUCTION TUBE GASKETS LEAKING. INSTALLED NEW INDUCTION TUBE GASKETS.,number 2 and number 3 induction tube gaskets leaking. installed new induction tube gaskets.,False
103494,#1 ROCKER COVER LEAKING ON R/H ENGINE. REMOVED & REPLACED ROCKER COVER.,number 1 rocker cover leaking on right-hand engine. removed and replaced rocker cover.,False
103495,"INTAKES 2, 3 & 4 LEAKING ON R/H ENGINE. REPLACED INTAKE GASKETS ON R/H ENGINE.","intakes 2, 3 and 4 leaking on right-hand engine. replaced intake gaskets on right-hand engine.",False
103498,CYL #1 FWD BAFFLE SEAL IS TORN LOOSE FROM FASTENER. REMOVED & REPLACED BAFFLE SEAL FASTENER.,cylinder number 1 forward baffle seal is torn loose from fastener. removed and replaced baffle seal fastener.,False
103499,"#1, 2, 3 & 4 INTAKE GASKETS ARE LEAKING. REPLACED W/ NEW INTAKE GASKETS.","numbers 1, 2, 3 and 4 intake gaskets are leaking. replaced with new intake gaskets.",False
103500,LEFT & RIGHT SIDE BAFFLE PLUGS LOOSE. REMOVED & REPLACED W/ NEW BAFFLE PLUGS.,left and right side baffle plugs loose. removed and replaced with new baffle plugs.,False
103501,"L/H ENG, #3 INTAKE TUBE GASKET LEAKING. REMOVED & REPLACED INTAKE GASKET.","left-hand engine, number 3 intake tube gasket leaking. removed and replaced intake gasket.",False
103502,LEFT ENGINE #3 INTAKE LEAKING. REPLACED GASKET.,left engine number 3 intake leaking. replaced gasket.,False
103503,#4 CYL INTAKE GASKET IS LEAKING. REMOVED & REPLACED GASKET.,number 4 cylinder intake gasket is leaking. removed and replaced gasket.,False
103505,"#1 ROCKER COVER LEAKING. REMOVED, CLEANED & REPLACED W/ NE GASKET.","number 1 rocker cover leaking. removed, cleaned and replaced with new gasket.",False
103506,"#2, 3 INTAKE GASKETS LEAKING. REMOVED & REPLACED W/ NEW INTAKE GASKETS.","number 2, and number 3 intake gaskets leaking. removed and replaced with new intake gaskets.",False
103507,L/H & R/H BAFFLE PLUGS LOOSE & BROKEN. REMOVED & REPLACED W/ NEW BAFFLE PLUGS.,left-hand and right-hand baffle plugs loose and broken. removed and replaced with new baffle plugs.,False
103508,CYL #4 INTAKE LEAKING. REMOVED & REPLACED INTAKE GASKET.,cylinder number 4 intake leaking. removed and replaced intake gasket.,False
103509,"UPON RUN UP, HAD MAG DROP OF 300+ RPM W/ AGGRESSIVE SHAKING. PERFORMED RUN UP ON ENGINE & NOTED NORMAL INDICATIONS &","upon run up, had magneto drop of 300 plus rpm with aggressive shaking. performed run up on engine and noted normal indications",False
103511,FWD LWR BAFFLE BLACK SEAL WORN FROM INTAKE. INSTALLED RTV IN WORN AREAS.,forward lower baffle black seal worn from intake. installed rtv in worn areas.,False
103514,#4 INTAKE TUBE GASKET LEAKING. INSTALLED NEW #4 INTAKE GASKET.,number 4 intake tube gasket leaking. installed new number 4 intake gasket.,False
103515,"L/H ENG #2, 3 CYL INTAKE GASKETS LEAKING. REMOVED & REPLACED L/H ENG CYL #2, 3 INTAKE GASKETS.","left-hand engine number 2, and number 3 cylinder intake gaskets leaking. removed and replaced left-hand engine cylinder number 2, and number 3 intake gaskets.",False
103518,"SCREW LOOSE, 1 FOR BAFFLE BEHIND OIL DIPSTICK TUBE. TIGHTENED LOOSE CYL #3 AFT BAFFLE SCREW.","screw loose, 1 for baffle behind oil dipstick tube. tightened loose cylinder number 3 aft baffle screw.",False
103519,R/H BAFFLE PLUG LOOSE. INSTALLED NEW BAFFLE PLUG.,right-hand baffle plug loose. installed new baffle plug.,False
103520,#4 INTAKE GASKET LEAKING. REMOVED & REPLACED W/ NEW GASKET.,number 4 intake gasket leaking. removed and replaced with new gasket.,False
103523,R/H #1 INTAKE GASKET LEAKING. REMOVED & REPLACED GASKET.,right-hand number 1 intake gasket leaking. removed and replaced gasket.,False
103526,#3 & 4 INTAKES ARE LEAKING. REPLACED INTAKE GASKETS.,number 3 and number 4 intakes are leaking. replaced intake gaskets.,False
103527,"#1 CYL HAS LOW COMPRESSION (30/80). RAN A/C, OPS & LEAK CK GOOD.","number 1 cylinder has low compression, 30 out of 80. ran aircraft, operations and leak check good.",False
103530,"#1 CYL HAS LOW COMPRESSION (30/80). REMOVED BAFFLING, EXHAUST, ALTERNATOR, AIR INTAKE ELBOW","number 1 cylinder has low compression, 30 out of 80. removed baffling, exhaust, alternator, air intake elbow",False
103531,"#1 CYL HAS LOW COMPRESSION (30/80). REINSTALLED EXHAUST, BAFFLING, AIR INTAKE ELBOW, #1 INT","number 1 cylinder has low compression, 30 out of 80. reinstalled exhaust, baffling, air intake elbow, number 1 intake buffling",False
103533,"#1, 2, 3 4 INTAKE GASKETS LEAKING. REMOVED & REPLACED INTAKE GASKETS.","numbers 1, 2, 3 and 4 intake gaskets leaking. removed and replaced intake gaskets.",False
103535,#2 & 4 CYL HARNESS ANCHORS ARE BROKEN. INSTALLED NEW STANDOFFS.,number 2 and number 4 cylinder harness anchors are broken. installed new standoffs.,False
103536,R/H ENG #4 AFT BAFFLE CRACKED. STOP DRILLED CRACK.,right-hand engine number 4 aft baffle cracked. stop drilled crack.,False
103537,R/H ENG #2 & 4 INTAKE GASKETS ARE LEAKING. REMOVED & REPLACED W/ NEW GASKETS.,right-hand engine number 2 and number 4 intake gaskets are leaking. removed and replaced with new gaskets.,False
103539,LUECO MARKINGS REQUIRED. MARKED ENGINE & CYLINDERS.,lueco markings required. marked engine and cylinders.,False
103541,R/H #1 INTAKE GASKET LEAKING. REMOVED & REPLACED W/ NEW GASKET.,right-hand number 1 intake gasket leaking. removed and replaced with new gasket.,False
103542,#3 & 4 INTAKE LEAKING ON R/H ENGINE. REMOVED & REPLACED INTAKE GASKETS.,number 3 and number 4 intake leaking on right-hand engine. removed and replaced intake gaskets.,False
103543,"ENGINE QUIT AT IDLE, LOW RPM DURING TAXI, SMALL ADJUSTMENTS. ATTEMPTED TO START ENGINE SEVERAL TIMES W/ NO SUCCESS.","engine quit at idle, low rpm during taxi, small adjustments to fuel mixture. attempted to start engine several times with no success.",False
103544,L/H ENG #2 & 3 INTAKES ARE LEAKING. REPLACED #3 GASKET.,left-hand engine number 2 and number 3 intakes are leaking. replaced number 3 gasket.,False
103545,R/H ENG #1 & 3 ROCKER COVERS ARE LEAKING. LEAK CK GOOD.,right-hand engine number 1 and number 3 rocker covers are leaking. leak check good.,False
103546,"R/H ENG #4 INTAKE IS LEAKING. REPLACED GASKET, CLEANED AREA.","right-hand engine number 4 intake is leaking. replaced gasket, cleaned area.",False
103547,R/H ENG #1 & 3 ROCKER COVERS ARE LEAKING. REPLACED BOTH GASKETS.,right-hand engine number 1 and number 3 rocker covers are leaking. replaced both gaskets.,False
103548,L/H ENG #2 & 3 INTAKES ARE LEAKING. REMOVED & REPLACED #2 GASKET.,left-hand engine number 2 and number 3 intakes are leaking. removed and replaced number 2 gasket.,False
103549,L/H ENG #4 CYL HAS NO COMPRESSION. REMOVED ROCKER COVER & STAKED VALVE W/ NO EFFORT.,left-hand engine number 4 cylinder has no compression. removed rocker cover and staked valve with no effort.,False
103550,"L/H ENG #4 CYL HAS NO COMPRESSION. REMOVED #4 CYL BAFFLES, OIL LINES & OIL COOLER. REMOVED","left-hand engine number 4 cylinder has no compression. removed number 4 cylinder baffles, oil lines and oil cooler.",False
103551,L/H ENG #4 CYL HAS NO COMPRESSION. COMPLETED REINSTALLATION OF CYL #4 BAFFLING. REINSTALLE,left-hand engine number 4 cylinder has no compression. completed reinstallation of cylinder number 4 baffling.,False
103553,#4 ROCKER GASKET LEAKING. REMOVED & REPLACED W/ NEW GASKET.,number 4 rocker gasket leaking. removed and replaced with new gasket.,False
103554,#2 INTAKE LEAKING. REMOVED & REPLACED #2 INTAKE GASKET.,number 2 intake leaking. removed and replaced number 2 intake gasket.,False
103555,START ASSIST. STARTED A/C FOR PILOT.,start assist. started aircraft for pilot.,False
103557,"#4 INTAKE, O/B BOLT LOCK WASHER WRONG POSITION. INSTALLED NEW LOCK WASHER TO CORRECT POSITION.","number 4 intake, outboard bolt lock washer wrong position. installed new lock washer to correct position.",False
103558,"#4 INTAKE GASKET LEAKING, R/H ENGINE. REPLACED GASKET.","number 4 intake gasket leaking, right-hand engine. replaced gasket.",False
103559,R/H ENG #3 BAFFLE SEAL SECTION LOOSE. REMOVED & REPLACED BAFFLE SEAL.,right-hand engine number 3 baffle seal section loose. removed and replaced baffle seal.,False
103561,#4 INTAKE GASKET LEAKING. REMOVED & REPLACED #4 INTAKE GASKET.,number 4 intake gasket leaking. removed and replaced number 4 intake gasket.,False
103563,SCREW MISSING ON #1 OUTER CYLINDER BAFFLING. REPLACED MISSING SCREW W/ REQUIRED HARDWARE.,screw missing on number 1 outer cylinder baffling. replaced missing screw with required hardware.,False
103564,AFT CRANKCASE SPIN BOLT MISSING NUT. INSTALLED NUT & WASHER. TORQUED.,aft crankcase spin bolt missing nut. installed nut and washer. torqued.,False
103565,R/H SIDE BAFFLE PLUG LOOSE W/ TABS BROKEN. REMOVED & REPLACED W/ NEW BAFFLE PLUG.,right-hand side baffle plug loose with tabs broken. removed and replaced with new baffle plug.,False
103566,THROTTLE AT IDLE ENGINE RAN ROUGH. RAN UP ENGINE TO OPERATING TEMPS. ENGINE IDLE SPEED & M,throttle at idle engine ran rough. ran up engine to operating temperatures.,False
103567,R/H ENG REAR BAFFLE MOUNTING SCREW LOOSE. TIGHTENED SCREW.,right-hand engine rear baffle mounting screw loose. tightened screw.,False
103572,"R/H ENG, L/H REAR BAFFLE SUPPORT CRACKED. STOP DRILLED CRACK.","right-hand engine, left-hand rear baffle support cracked. stop drilled crack.",False
103576,#4 RUBBER BAFFLE SEAL TORN ON R/H ENGINE. REATTACHED RUBBER BAFFLE SEAL.,number 4 rubber baffle seal torn on right-hand engine. reattached rubber baffle seal.,False
103577,"INTAKES #2, 3 & 4 ARE LEAKING ON L/H ENGINE. REMOVED & REPLACED INTAKE GASKETS.","intakes numbers 2, 3 and 4 are leaking on left-hand engine. removed and replaced intake gaskets.",False
103579,CYL #4 ROCKER COVER GASKET LEAKING. REPLACED ROCKER COVER GASKET.,cylinder number 4 rocker cover gasket leaking. replaced rocker cover gasket.,False
103581,LEFT ENGINE BLEED AIR LINE CHAFING. REPOSITIONED LINE.,left engine bleed air line chafing. repositioned line.,False
103582,L/H AFT COWL I/B ACCESS PANEL SCREW STRIPPED. REMOVED SCREW & REPLACED W/ NEW.,left-hand aft cowl inboard access panel screw stripped. removed screw and replaced with new.,False
103583,"L/H ENGINE REPORTED AS SMOKING AFTER SHUT DOWN. INSPECTED PURGE SYSTEM, CK'ED OK.","left-hand engine reported as smoking after shutdown. inspected purge system, checked ok.",False
103585,#2 & 3 ROCKER COVER GASKETS LEAKING. REMOVED & REPLACED ROCKER COVER GASKETS.,number 2 and number 3 rocker cover gaskets leaking. removed and replaced rocker cover gaskets.,False
103588,CYL #1 ROCKER GASKET LEAKING. REMOVED & REPLACED GASKET.,cylinder number 1 rocker gasket leaking. removed and replaced gasket.,False
103591,START ASSIST. STARTED A/C FOR PILOT.,start assist. started aircraft for pilot.,False
103592,#2 INTAKE GASKET LEAKING. REPLACED GASKET.,number 2 intake gasket leaking. replaced gasket.,False
103593,#2 INTAKE GASKET LEAKING. REMOVED & REPLACED W/ NEW GASKET.,number 2 intake gasket leaking. removed and replaced with new gasket.,False
103594,#2 INTAKE LEAKING. REMOVED & REPLACED #2 INTAKE GASKET.,number 2 intake leaking. removed and replaced number 2 intake gasket.,False
103595,#2 INTAKE LEAKS. REMOVED & REPLACED W/ NEW INTAKE GASKET.,number 2 intake leaks. removed and replaced with new intake gasket.,False
103596,#2 & 4 INTAKE GASKETS LEAKING. REMOVED & REPLACED INTAKE GASKETS.,number 2 and number 4 intake gaskets leaking. removed and replaced intake gaskets.,False
103597,#3 & 4 ROCKER COVER GASKETS LEAKING. REMOVED & REPLACED ROCKER COVER GASKETS.,number 3 and number 4 rocker cover gaskets leaking. removed and replaced rocker cover gaskets.,False
103599,"R/H #3 ROCKER COVER LEAKING. REMOVED, CLEANED & INSTALLED NEW GASKET.","right-hand number 3 rocker cover leaking. removed, cleaned and installed new gasket.",False
103601,"L/H ENGINE #2, 3, 4 INTAKE GASKETS LEAKING. REMOVED & REPLACED INTAKE GASKETS W/ NEW.","left-hand engine numbers 2, 3, and 4 intake gaskets leaking. removed and replaced intake gaskets with new.",False
103602,#2 INTAKE GASKET LEAKING. INSTALLED NEW #2 INTAKE GASKET.,number 2 intake gasket leaking. installed new number 2 intake gasket.,False
103605,L/H ENG #4 CYL INTAKE GASKET IS LEAKING. REMOVED & REPLACED GASKET.,left-hand engine number 4 cylinder intake gasket is leaking. removed and replaced gasket.,False
103606,L/H ENG #4 CYL SIDE BAFFLE IS MISSING A BOLT. INSTALLED NEW HARDWARE.,left-hand engine number 4 cylinder side baffle is missing a bolt. installed new hardware.,False
103608,L/H ENG #2 & 4 CYL ROCKER COVER GASKETS ARE LEAKING. REMOVED & REPLACED GASKETS.,left-hand engine number 2 and number 4 cylinder rocker cover gaskets are leaking. removed and replaced gaskets.,False
103611,"#3 INTAKE GASKET LEAKS ON L/H ENGINE. REMOVED, CLEANED & INSTALLED NEW GASKET.","number 3 intake gasket leaks on left-hand engine. removed, cleaned and installed new gasket.",False
103613,"R/H ENGINE, R/H FRONT ENGINE BAFFLE SEAL NEEDS TO BE RESECUR. RESECURED R/H ENGINE, R/H FRONT ENGINE BAFFLE SEAL.","right-hand engine, right-hand front engine baffle seal needs to be resecured. resecured right-hand engine, right-hand front engine baffle seal.",False
103614,"L/H #2, 3 & 4 INTAKE TUBE GASKETS LEAKING. REPLACED L/H #2, 3, 4 INTAKE GASKETS.","left-hand numbers 2, 3 and 4 intake tube gaskets leaking. replaced left-hand numbers 2, 3, and 4 intake gaskets.",False
103615,BOTH BAFFLE PLUG TABS BROKEN OFF. INSTALLED NEW PLUGS.,both baffle plug tabs broken off. installed new plugs.,False
103616,#2 & 4 CYL INTAKE GASKETS LEAKING. REMOVED & REPLACED INTAKE GASKETS.,number 2 and number 4 cylinder intake gaskets leaking. removed and replaced intake gaskets.,False
103617,ROCKER BOX COVER SCREWS LOOSE. TIGHTENED SCREWS.,rocker box cover screws loose. tightened screws.,False
103618,#4 CYLINDER HARNESS CLAMP BROKEN. INSTALLED NEW CLAMP.,number 4 cylinder harness clamp broken. installed new clamp.,False
103621,#4 INTAKE GASKET IS LEAKING. REMOVED & REPLACED W/ NEW GASKET.,number 4 intake gasket is leaking. removed and replaced with new gasket.,False
103624,L/H FWD #2 ENGINE BAFFLE CRACKED. STOP DRILLED CRACK.,left-hand forward number 2 engine baffle cracked. stop drilled crack.,False
103625,#1 & 2 INTAKE GASKETS LEAKING. REMOVED & REPLACED INTAKE GASKETS.,number 1 and number 2 intake gaskets leaking. removed and replaced intake gaskets.,False
103628,#1 CYL FWD BAFFLE CRACKED. STOP DRILLED CRACK.,number 1 cylinder forward baffle cracked. stop drilled crack.,False
103629,#4 INTAKE GASKET LEAKING. REMOVED & REPLACED GASKET.,number 4 intake gasket leaking. removed and replaced gasket.,False
103632,"ON POST RUN UP, FOUND ENGINE RUNNING ROUGH AT IDLE. #2 CYL C. REPLACED CYLINDER W/ NEW CYL ASSY. TORQUED TO CASE. DRY","on post run up, found engine running rough at idle. replaced cylinder with new cylinder assembly. torqued to case.",False
103636,#4 ROCKER COVER GASKET LEAKING. REMOVED & REPLACED #4 CYL ROCKER COVER GASKET.,number 4 rocker cover gasket leaking. removed and replaced number 4 cylinder rocker cover gasket.,False
103637,"UPON RUN UP, ROUGH MAG & NOT W/IN TOLERANCE. RAN FOULED PROC. RAN A/C & FOUND R/H MAG TO HAVE ROUGH MAG DROP. REMOVED","upon run up, rough magneto and not within tolerance. ran fouled procedure. ran aircraft and found right-hand magneto to have rough magneto drop. removed",False
103638,START ASSIST REQUIRED. STARTED A/C USING NORMAL PROCEDURES.,start assist required. started aircraft using normal procedures.,False
103640,"#4 INTAKE GASKET LEAKING. REMOVED, CLEANED & REPLACED W/ NEW GASKET.","number 4 intake gasket leaking. removed, cleaned and replaced with new gasket.",False
103641,L/H REAR ENGINE BAFFLE CRACKED. STOP DRILLED CRACK.,left-hand rear engine baffle cracked. stop drilled crack.,False
103642,#2 INTAKE GASKET LEAKING. REMOVED & REPLACED #2 INTAKE GASKET.,number 2 intake gasket leaking. removed and replaced number 2 intake gasket.,False
103644,"ENGINE BAFFLE CRACKED, ABOVE #1 CYL. STOP DRILLED CRACK.","engine baffle cracked, above number 1 cylinder. stop drilled crack.",False
103645,#2 ROCKER COVER GASKET LEAKING. REMOVED & REPLACED ROCKER COVER GASKET.,number 2 rocker cover gasket leaking. removed and replaced rocker cover gasket.,False
103646,CYL #2 & 4 INTAKE GASKET LEAKING. REMOVED & REPLACED INTAKE GASKETS.,cylinder number 2 and number 4 intake gasket leaking. removed and replaced intake gaskets.,False
103647,ROCKER COVER GASKET CYL #3 & 4 LEAKING. REMOVED & REPLACED ROCKER COVER GASKETS.,rocker cover gasket cylinder number 3 and number 4 leaking. removed and replaced rocker cover gaskets.,False
103648,R/H BAFFLE SPRING BROKEN. INSTALLED NEW BAFFLE SPRING.,right-hand baffle spring broken. installed new baffle spring.,False
103649,#2 CYL INTAKE GASKET LEAKING. REPLACED INTAKE GASKET.,number 2 cylinder intake gasket leaking. replaced intake gasket.,False
103650,#1 CYL ROCKER COVER LEAKING. REPLACED ROCKER COVER GASKET.,number 1 cylinder rocker cover leaking. replaced rocker cover gasket.,False
103651,R/H #3 INTAKE GASKET IS LEAKING. REPLACED #3 INTAKE GASKET.,right-hand number 3 intake gasket is leaking. replaced number 3 intake gasket.,False
103652,R/H #3 AFT BAFFLE SEAL HAS A HOLE. REMOVED SEAL & INSTALLED NEW SEAL W/ POP RIVETS.,right-hand number 3 aft baffle seal has a hole. removed seal and installed new seal with pop rivets.,False
103654,L/H ENG INTAKE 2 & 3 LEAKING. REMOVED & REPLACED GASKETS.,left-hand engine intake 2 and 3 leaking. removed and replaced gaskets.,False
103655,BAFFLE SEAL LOOSE ABOVE #4 CYL ON L/H ENGINE. SECURED BAFFLE SEAL.,baffle seal loose above number 4 cylinder on left-hand engine. secured baffle seal.,False
103656,OIL COOLERS DIRTY. CLEANED FWD & AFT OIL COOLERS.,oil coolers dirty. cleaned forward and aft oil coolers.,False
103657,"SNIFFLER VALVES DIRTY. REMOVED, CLEANED & REINSTALLED BOTH SNIFFLER VALVES.","sniffler valves dirty. removed, cleaned and reinstalled both sniffler valves.",False
103658,#2 ROCKER COVER GASKET LEAKING. REMOVED & REPLACED #2 ROCKER COVER GASKET.,number 2 rocker cover gasket leaking. removed and replaced number 2 rocker cover gasket.,False
103660,CRACK EXTENDING BEYOND STOP DRILL ON UPPER #2 CYL BAFFLE. STOP DRILLED CRACK.,crack extending beyond stop drill on upper number 2 cylinder baffle. stop drilled crack.,False
103661,#2 INTAKE GASKET LEAKING. LEAK CK GOOD.,number 2 intake gasket leaking. leak check good.,False
103662,#2 INTAKE GASKET LEAKING. REPLACED GASKET.,number 2 intake gasket leaking. replaced gasket.,False
103663,#3 ROCKER COVER GASKET LEAKING. LEAK CK GOOD.,number 3 rocker cover gasket leaking. leak check good.,False
103664,#3 ROCKER COVER GASKET LEAKING. REPLACED GASKET.,number 3 rocker cover gasket leaking. replaced gasket.,False
103665,#3 AFT BAFFLE SCREW APPEARS TO BE LOOSE BEHIND DIPSTICK TUBE. TIGHTENED SCREW.,number 3 aft baffle screw appears to be loose behind dipstick tube. tightened screw.,False
103666,FWD LWR ENG SEAL WORN ABOVE AIR INTAKE. FILLED IN WORN SPOTS W/ BLACK RTV.,forward lower engine seal worn above air intake. filled in worn spots with black rtv.,False
103667,#2 INTAKE LEAKING. REMOVED & REPLACED INTAKE GASKET.,number 2 intake leaking. removed and replaced intake gasket.,False
103668,CYL #2 INTAKE GASKET LEAKING. REMOVED & REPLACED INTAKE GASKET.,cylinder number 2 intake gasket leaking. removed and replaced intake gasket.,False
103669,L/H ENG #2 BAFFLE LOOSE. SECURED BAFFLE SECTION.,left-hand engine number 2 baffle loose. secured baffle section.,False
103670,"#1, 2, 4 ROCKER GASKETS LEAKING. REMOVED, CLEANED & REPLACED W/ NEW GASKETS.","numbers 1, 2, and 4 rocker gaskets leaking. removed, cleaned and replaced with new gaskets.",False
103671,"#2, 3, 4 INTAKE GASKETS LEAKING ON L/H ENG. REMOVED & REPLACED INTAKE GASKETS.","numbers 2, 3, and 4 intake gaskets leaking on left-hand engine. removed and replaced intake gaskets.",False
103674,#3 & 4 INTAKE GASKETS LEAKING ON R/H ENG. REMOVED & REPLACED INTAKE GASKETS ON R/H ENGINE.,number 3 and number 4 intake gaskets leaking on right-hand engine. removed and replaced intake gaskets on right-hand engine.,False
103677,"R/H ENG #3 INTAKE TUBE GASKET LEAKING. REMOVED, CLEANED & REPLACED W/ NEW GASKET.","right-hand engine number 3 intake tube gasket leaking. removed, cleaned and replaced with new gasket.",False
103679,"L/H ENG #1, 2, 3 & 4 ROCKER BOX COVER GASKETS LEAKING. REMOVED, CLEANED & REPLACED W/ NEW GASKETS.","left-hand engine numbers 1, 2, 3 and 4 rocker box cover gaskets leaking. removed, cleaned and replaced with new gaskets.",False
103682,#1 CYL ROCKER GASKET LEAKING. REPLACED GASKET.,number 1 cylinder rocker gasket leaking. replaced gasket.,False
103683,"#2, 4 CYLINDER INTERCOOLING BAFFLE WIRE NEEDS TO BE REPOSITI. REPOSITIONED WIRE IN NEW BAFFLE SLOT & APPLIED SPIRAL W","number 2, and number 4 cylinder intercooling baffle wire needs to be repositioned. repositioned wire in new baffle slot and applied spiral wrap",False
103684,R/H ENG #3 & 4 INTAKE GASKETS LEAKING. REMOVED & REPLACED INTAKE GASKETS.,right-hand engine number 3 and number 4 intake gaskets leaking. removed and replaced intake gaskets.,False
103686,BAFFLE PLUG OUT. INSTALLED PLUG,baffle plug out. installed plug,False
103688,FWD LWR SEAL ON BAFFLING WORN AT AIR INTAKE. INSTALLED RTV TO AREAS.,forward lower seal on baffling worn at air intake. installed rtv to areas.,False
103689,L/H ENG ALL ROCKER BOX COVER SCREWS LOOSE. TIGHTENED SCREWS.,left-hand engine all rocker box cover screws loose. tightened screws.,False
103690,L/H ENG #1 ROCKER COVER GASKET LEAKING. REMOVED OLD GASKET & REPLACED W/ NEW.,left-hand engine number 1 rocker cover gasket leaking. removed old gasket and replaced with new.,False
103692,#4 INTAKE GASKET LEAKING. INSTALLED NEW GASKET.,number 4 intake gasket leaking. installed new gasket.,False
103694,"#4 CYLINDER HAS LOW COMPRESSION, LEAKING #4 EXHAUST VALVE. REMOVED PISTON & INJECTOR.","number 4 cylinder has low compression, leaking number 4 exhaust valve. removed piston and injector.",False
103695,#2/4 BAFFLE CONNECT WIRE INSTALLED BELOW INTERCYLINDER BAFFL. REROUTED BAFFLE CONNECT WIRE.,number 2 and number 4 baffle connect wire installed below intercylinder baffle. rerouted baffle connect wire.,False
103697,"#4 CYLINDER HAS LOW COMPRESSION, LEAKING #4 EXHAUST VALVE. REMOVED CYL #4 & VERIFIED EXHAUST VALVE TO BE BURNT.","number 4 cylinder has low compression, leaking number 4 exhaust valve. removed cylinder number 4 and verified exhaust valve to be burnt.",False
103698,"#4 CYLINDER HAS LOW COMPRESSION, LEAKING #4 EXHAUST VALVE. BEGAN CYLINDER REMOVAL, EXH STACK, INTAKE TUBE & BAFFLE","number 4 cylinder has low compression, leaking number 4 exhaust valve. began cylinder removal, exhaust stack, intake tube and baffle",False
103701,BAFFLE PLUGS ARE WORN. INSTALLED NEW BAFFLE PLUGS.,baffle plugs are worn. installed new baffle plugs.,False
103702,ENGINE BAFFLE SCREW LOOSE BEHIND OIL FILLER TUBE. TIGHTENED SCREW.,engine baffle screw loose behind oil filler tube. tightened screw.,False
103704,SNIFFLER VALVES DIRTY. CLEANED BOTH SNIFFLER VALVES.,sniffler valves dirty. cleaned both sniffler valves.,False
103705,#3 BAFFLE SEAL RIVETS LOOSE. REMOVED & INSTALLED NEW RIVET IAW  SE SRM 51-40-0,number 3 baffle seal rivets loose. removed and installed new rivet in accordance with se standard reference manual 91,False
103706,TOP BOLT ON ENGINE CASE LEAKING. CLEANED & SEALED BOLTS.,top bolt on engine case leaking. cleaned and sealed bolts.,False
103707,#4 CYLINDER INTAKE GASKET LEAKING. REMOVED & REPLACED GASKET W/ NEW.,number 4 cylinder intake gasket leaking. removed and replaced gasket with new.,False
103708,ENGINE BAFFLE CRACKED ABOVE #1 CYL. STOP DRILLED CRACK.,engine baffle cracked above number 1 cylinder. stop drilled crack.,False
103709,#2 INTAKE TUBE GASKET LEAKING. INSTALLED NEW INTAKE GASKET.,number 2 intake tube gasket leaking. installed new intake gasket.,False
103710,MISSING SCREW ON CYL #3 BAFFLE. INSTALLED SCREW.,missing screw on cylinder number 3 baffle. installed screw.,False
103711,"R/H AFT ENGINE BAFFLE SCREW MISSING, SECURED TO ENGINE CASE. INSTALLED SCREW ON ENGINE BAFFLE.","right-hand aft engine baffle screw missing, secured to engine case. installed screw on engine baffle.",False
103712,"#1, 2, 3, 4 ROCKER COVER GASKETS NEED TO BE REPLACED. REMOVED & REPLACED ROCKER COVER GASKETS.","numbers 1, 2, 3, and 4 rocker cover gaskets need to be replaced. removed and replaced rocker cover gaskets.",False
103713,"MISSING BAFFLE SCREW ON R/H UPPER ROCKER COVER, #1 CYL. INSTALLED NEW BAFFLE SCREW ON R/H #1 CYL BAFFLE.","missing baffle screw on right-hand upper rocker cover, number 1 cylinder. installed new baffle screw on right-hand number 1 cylinder baffle.",False
103714,#4 ROCKER COVER GASKET LEAKING. REMOVED & REPLACED #4 ROCKER COVER GASKET.,number 4 rocker cover gasket leaking. removed and replaced number 4 rocker cover gasket.,False
103719,"L/H #3, 4 ROCKER COVER GASKETS LEAKING. REMOVED & REPLACED GASKETS.","left-hand number 3, and number 4 rocker cover gaskets leaking. removed and replaced gaskets.",False
103721,#3 INTAKE TUBE GASKET LEAKING. INSTALLED NEW INTAKE TUBE GASKET.,number 3 intake tube gasket leaking. installed new intake tube gasket.,False
103722,#4 INATKE GASKET LEAKING. REMOVED & REPLACED W/ NEW GASKET.,number 4 inatke gasket leaking. removed and replaced with new gasket.,False
103723,"#1 ROCKER COVER GASKET LEAKING. REMOVED, CLEANED & REPLACED GASKET.","number 1 rocker cover gasket leaking. removed, cleaned and replaced gasket.",False
103724,BAFFLE SCREW BEHIND DIPSTICK MISSING. INSTALLED SCREW IN BAFFLE & RESAFETY WIRED DIPSTICK TUB,baffle screw behind dipstick missing. installed screw in baffle and resafety wired dipstick tube,False
103727,"#2, 3 ROCKER COVER GASKETS LEAKING. REMOVED & REPLACED ROCKER COVER GASKETS.","number 2, and number 3 rocker cover gaskets leaking. removed and replaced rocker cover gaskets.",False
103729,FOD ON TOP OF ENGINE. REMOVED FOD FROM TOP OF ENGINE,fod on top of engine. removed fod from top of engine,False
103730,#2 CYL ROCKER COVER GASKET LEAKING. REPLACED ROCKER COVER GASKET.,number 2 cylinder rocker cover gasket leaking. replaced rocker cover gasket.,False
103732,ROCKER COVER GASKET CYL #2 LEAKING. REMOVED & REPLACED GASKET.,rocker cover gasket cylinder number 2 leaking. removed and replaced gasket.,False
103733,INTAKE GASKET CYL #4 LEAKING. REMOVED & REPLACED INTAKE GASKET.,intake gasket cylinder number 4 leaking. removed and replaced intake gasket.,False
103734,LEFT ENGINE LOWER FIRE SEAL LOOSE. REPLACED SEAL.,left engine lower fire seal loose. replaced seal.,False
103735,R/H ENG INTAKE SCREEN LOOSE. REPLACED R/H ENGINE INTAKE SCREEN.,right-hand engine intake screen loose. replaced right-hand engine intake screen.,False
103736,"1 FIRST STAGE COMPRESSOR BLADE HAS DAMAGE, NEAR TIP. INSPECTED & FOUND NICKED LEADING EDGE FIRST STAGE COMPR","1 first stage compressor blade has damage, near tip. inspected and found nicked leading edge first stage compressor blade",False
103737,R/H ENG AFT BAFFLE SUPPORT BRACKET RIVETS ARE SHEARED. REMOVED BAFFLE. INSTALLED NEW RIVETS IAW,right-hand engine aft baffle support bracket rivets are sheared. removed baffle. installed new rivets in accordance with reference manual,False
103738,R/H ENG #3 INTAKE TUBE GASKET LEAKING. REPLACED GASKET.,right-hand engine number 3 intake tube gasket leaking. replaced gasket.,False
103739,R/H ENG #2 & 3 ROCKER BOX COVER GASKET LEAKING. REPLACED GASKETS.,right-hand engine number 2 and number 3 rocker box cover gasket leaking. replaced gaskets.,False
103741,R/H ENG #2 & 4 ROCKER COVER GASKETS LEAKING. REMOVED & REPLACED ROCKER COVER GASKETS.,right-hand engine number 2 and number 4 rocker cover gaskets leaking. removed and replaced rocker cover gaskets.,False
103747,#2 & 4 ROCKER COVERS LEAKING. REMOVED & REPLACED ROCKER COVER GASKETS.,number 2 and number 4 rocker covers leaking. removed and replaced rocker cover gaskets.,False
103748,#2 INTAKE GASKET LEAKING. REMOVED & REPLACED GASKET.,number 2 intake gasket leaking. removed and replaced gasket.,False
103749,#3 & 4 ROCKER GASKETS LEAKING. REMOVED & REPLACED GASKETS.,number 3 and number 4 rocker gaskets leaking. removed and replaced gaskets.,False
103751,INTAKES 3 & 4 LEAKING. REMOVED & REPLACED INTAKE GASKETS.,intakes 3 and 4 leaking. removed and replaced intake gaskets.,False
103752,"#3 EXHAUST VALVE LEAKING ON R/H ENGINE. RUN UP, OPS & LEAK CK OK.","number 3 exhaust valve leaking on right-hand engine. run up, operations and leak check ok.",False
103754,R/H CYL #3 AFT BAFFLE IS CRACKED. FABRICATED PATCH OF LIKE MATERIAL & RIVETED IAW,right-hand cylinder number 3 aft baffle is cracked. fabricated patch of like material and riveted in accordance with reference manual,False
103756,#3 EXHAUST VALVE LEAKING ON R/H ENGINE. TRIED TO STAKE VALVE W/ NO AFFECT. ROCKER COVER IS REMO,number 3 exhaust valve leaking on right-hand engine. tried to stake valve with no effect. rocker cover is removed,False
103757,#3 EXHAUST VALVE LEAKING ON R/H ENGINE. REMOVED & INSTALLED REPAIRED CYL ASSY. TORQUED MOUNTING,number 3 exhaust valve leaking on right-hand engine. removed and installed repaired cylinder assembly. torqued mounting,False
103758,"L/H ENG, L/H FWD BAFFLE SEAL IS LOOSE. RESECURED BAFFLE SEAL.","left-hand engine, left-hand forward baffle seal is loose. resecured baffle seal.",False
103760,L/H FWD ENGINE BAFFLE CRACKED. STOP DRILLED CRACK.,left-hand forward engine baffle cracked. stop drilled crack.,False
103761,L/H REAR ENGINE BAFFLE SUPPORT CRACKED. FABRICATED NEW BAFFLE SUPPORT OF LIKE MATERIAL & RIVETE,left-hand rear engine baffle support cracked. fabricated new baffle support of like material and riveted,False
103762,INTAKES #2 & 4 LEAKING ON R/H ENGINE. REMOVED & REPLACED INTAKE GASKETS.,intakes number 2 and number 4 leaking on right-hand engine. removed and replaced intake gaskets.,False
103763,"R/H ENG #1 CYL HAS LOW COMPRESSIONS (55 PSI). STAKED EXHAUST VALVE, OPS CK GOOD ON COMPRESSIONS. REMO","right-hand engine number 1 cylinder has low compressions, 55 psi. staked exhaust valve, operations check good on compressions.",False
103766,#4 ROCKER COVER GASKET LEAKING. REMOVED & REPLACED GASKET.,number 4 rocker cover gasket leaking. removed and replaced gasket.,False
103768,L/H ENG #1 & 4 ROCKER COVERS ARE LEAKING. REPLACED GASKETS.,left-hand engine number 1 and number 4 rocker covers are leaking. replaced gaskets.,False
103769,"L/H & R/H ENG FIREWALLS NEED TO BE SEALED, WHERE ENG CONTROL. CLEANED FIREWALL ON BOTH ENGINES & APPLIED FIREWALL SEA",left-hand and right-hand engine firewalls need to be sealed. cleaned firewall on both engines and applied firewall sealant,False
103772,#2 INTAKE GASKET LEAKING. REPLACED INTAKE GASKET.,number 2 intake gasket leaking. replaced intake gasket.,False
103773,BOTH ENG BAFFLE PLUGS WORN. REPLACED PLUGS.,both engine baffle plugs worn. replaced plugs.,False
103774,"TOP BOLT ON CRANKCASE HAS OIL LEAK. REMOVED BOLT, APPLIED SEALANT TO BOLT & REINSTALLED BOL","top bolt on crankcase has oil leak. removed bolt, applied sealant to bolt and reinstalled bolt",False
103775,FOD ON TOP OF ENGINE. REMOVED FOD FROM TOP OF ENGINE,fod on top of engine. removed fod from top of engine,False
103776,OIL COOLER BOLT BACKED OFF. TIGHTENED BOLT ON THE OIL COOLER,oil cooler bolt backed off. tightened bolt on the oil cooler,False
103777,#4 & 1 INTAKE GASKET LEAKING. REMOVED & REPLACED INTAKE GASKETS.,number 4 and number 1 intake gasket leaking. removed and replaced intake gaskets.,False
103779,"CRACKS NOTED EXTENDING FROM RIVET ON INSIDE OF #! CYL BAFFLE. STOP DRILLED CRACKS ON #1 CYL BAFFLE, ON INSIDE.","cracks noted extending from rivet on inside of number 1 cylinder baffle. stop drilled cracks on number 1 cylinder baffle, on inside.",False
103780,"ENGINE R/H REAR BAFFLE SUPPORT BRACKET LOOSE. REMOVED REAR BAFFLE, DRILLED OUT RIVETS ON BAFFLE SUPPO","engine right-hand rear baffle support bracket loose. removed rear baffle, drilled out rivets on baffle support",False
103782,"DAMAGED GROMMET FOR OIL PRESSURE SWITCH WIRE HARNESS THROUGH. REMOVED & REPLACED GROMMET. INSPECTED WIRES FOR DAMAGE,","damaged grommet for oil pressure switch wire harness. removed and replaced grommet. inspected wires for damage,",False
103784,OIL COLLECTING ON BOTTOM OF L/H NACELLE. POOLING ON INTERIOR. INSPECTED. REPALCED O-RING ON ENGINE BREATHER FITTING.,oil collecting on bottom of left-hand nacelle. pooling on interior inspected. repalced o-ring on engine breather fitting.,False
103786,OIL COLLECTING ON BOTTOM OF L/H NACELLE. POOLING ON INTERIOR. REMOVED L/H LOWER NACELLE PANEL. BEGAN VISUAL INSP TO F,oil collecting on bottom of left-hand nacelle. pooling on interior. removed left-hand lower nacelle panel. began visual inspection,False
103788,"DURING CRUISE, RPM OVERSPED, HIGHEST NUMBER SEEN WAS 2740. N. ANALYZED FDM CARD DATA. FOUND TO BE MOMENTARY OVERSPEED","during cruise, rpm oversped, highest number seen was 2740. analyzed fdm card data. found to be momentary overspeed",False
103789,CREW WAS UNABLE TO START L/H ENGINE. GOT L/H ENGINE STARTED FOR CREW.,crew was unable to start left-hand engine. got left-hand engine started for crew.,False
103792,#2 & 3 INTAKE GASKETS LEAKING ON R/H ENGINE. REMOVED & REPLACED GASKETS.,number 2 and number 3 intake gaskets leaking on right-hand engine. removed and replaced gaskets.,False
103793,#2 & 3 CYLINDER ROCKER COVERS LEAKING. REMOVED & REPLACED ROCKER COVER GASKETS.,number 2 and number 3 cylinder rocker covers leaking. removed and replaced rocker cover gaskets.,False
103794,R/H ENG #3 INTAKE GASKET LEAKING. REMOVED & REPLACED GASKET.,right-hand engine number 3 intake gasket leaking. removed and replaced gasket.,False
103795,ALL VALVE COVERS LOOSE. TIGHTENED ALL COVERS.,all valve covers loose. tightened all covers.,False
103796,"1 BAFFLE BUTTON WORN. REPLACED W/ NEW, R/H SIDE.","1 baffle button worn. replaced with new, right-hand side.",False
103797,#2 INTAKE GASKET LEAKING. REMOVED & REPLACED #2 INTAKE GASKET.,number 2 intake gasket leaking. removed and replaced number 2 intake gasket.,False
103798,#4 ROCKER COVER IS LEAKING. REMOVED & REPLACED GASKET.,number 4 rocker cover is leaking. removed and replaced gasket.,False
103799,"FWD BAFFLE SEAL WORN, BY AIR FILTER. APPLIED RTV TO WORN AREAS.","forward baffle seal worn, by air filter. applied rtv to worn areas.",False
103800,"L/H ENG, L/H REAR ENGINE BAFFLE CRACKED. STOP DRILLED CRACK.","left-hand engine, left-hand rear engine baffle cracked. stop drilled crack.",False
103802,L/H ENG #3 INTAKE LEAKING. REMOVED & REPLACED INTAKE GASKET.,left-hand engine number 3 intake leaking. removed and replaced intake gasket.,False
103803,"#2 & 3 ROCKER COVER GASKETS LEAKING, L/H ENGINE. REMOVED & REPLACED ROCKER COVER GASKETS.","number 2 and number 3 rocker cover gaskets leaking, left-hand engine. removed and replaced rocker cover gaskets.",False
103805,"OIL LEAK AT FRONT LOWER PORTION OF CRANKCASE, NEAR OIL SEAL. RAN ENGINE, LEAK CK GOOD.","oil leak at front lower portion of crankcase, near oil seal. ran engine, leak check good.",False
103808,#3 INTAKE TUBE GASKET IS LEAKING. REMOVED & REPLACED INTAKE GASKET.,number 3 intake tube gasket is leaking. removed and replaced intake gasket.,False
103811,R/H ENG #1 ROCKER BOX COVER GASKET LEAKING. REPLACED GASKET W/ NEW SILICONE GASKET.,right-hand engine number 1 rocker box cover gasket leaking. replaced gasket with new silicone gasket.,False
103813,"R/H ENG #2 CYL COMPRESSION 15/80 (EXHAUST LEAK). REINSTALLED CYL, TORQUED TO SPECS. CK DRY VALVE CLEARAN","right-hand engine number 2 cylinder compression 15 out of 80, exhaust leak. reinstalled cylinder, torqued to specs. check dry valve clearance",False
103814,#4 INTAKE LEAKING. REMOVED & REPLACED INTAKE GASKET.,number 4 intake leaking. removed and replaced intake gasket.,False
103815,#4 INTAKE GASKET LEAKING. REMOVED & REPLACED #4 INTAKE GASKET.,number 4 intake gasket leaking. removed and replaced number 4 intake gasket.,False
103816,SCREW MISSING ON AFT #4 CYLINDER ENGINE BAFFLE. INSTALLED NEW SCREW & APPLICABLE WASHERS ON #4 CYL ENG,screw missing on aft number 4 cylinder engine baffle. installed new screw and applicable washers on number 4 cylinder engine,False
103818,"#2, 3, 4 INTAKE GASKETS LEAKING ON L/H ENG. REMOVED & REPLACED INTAKE GASKETS.","numbers 2, 3, and 4 intake gaskets leaking on left-hand engine. removed and replaced intake gaskets.",False
103819,#3 VALVE COVER GASKET LEAKING ON L/H ENGINE. REMOVED & REPLACED #3 VALVE COVER GASKET.,number 3 valve cover gasket leaking on left-hand engine. removed and replaced number 3 valve cover gasket.,False
103820,"#1, 2, 3 VALVE COVER GASKETS LEAKING ONR/H ENGINE. REMOVED & REPLACED VALVE COVER GASKETS.","numbers 1, 2, and 3 valve cover gaskets leaking on right-hand engine. removed and replaced valve cover gaskets.",False
103821,ALL ROCKER COVER SCREWS ARE LOOSE. TIGHTENED ALL SCREWS.,all rocker cover screws are loose. tightened all screws.,False
103822,#2 & 4 CYL INTAKE GASKETS LEAKING. REMOVED & REPLACED GASKETS.,number 2 and number 4 cylinder intake gaskets leaking. removed and replaced gaskets.,False
103823,#2 & 4 INTAKE LEAKING. REMOVED & REPLACED GASKETS.,number 2 and number 4 intake leaking. removed and replaced gaskets.,False
103824,"#3, 4 & 1 INTAKES ARE LEAKING. REPLACED INTAKE GASKETS.","number 3, 4 and 1 intakes are leaking. replaced intake gaskets.",False
103825,#3 ROCKER COVER IS LEAKING. REPLACED ROCKER COVER GASKET.,number 3 rocker cover is leaking. replaced rocker cover gasket.,False
103827,"#2 INTAKE GASKET LEAKING, R/H ENGINE. REMOVED & REPLACED GASKET.","number 2 intake gasket leaking, right-hand engine. removed and replaced gasket.",False
103828,"CRACK IN ENGINE BAFFLE, ABOVE #3 CYL, R/H ENGINE. STOP DRILLED CRACK.","crack in engine baffle, above number 3 cylinder, right-hand engine. stop drilled crack.",False
103830,R/H ENG PRIMER LINE CHAFING ON #2 INTAKE TUBE. REMOVED & REPLACED TUBE. NO DAMAGE NOTED ON PRIMER LINE,right-hand engine primer line chafing on number 2 intake tube. removed and replaced tube. no damage noted on primer line,False
103831,L/H SIDE BAFFLING ON #3 CYL CRACKED. STOP DRILLED CRACK.,left-hand side baffling on number 3 cylinder cracked. stop drilled crack.,False
103832,"BAFFLE SEAL ABOVE #4 CYL, L/H ENG, HAS PULLED RIVET. RESECURED BAFFLE SEAL.","baffle seal above number 4 cylinder, left-hand engine, has pulled rivet. resecured baffle seal.",False
103833,SCREW MISSING IN #3 SIDE BAFFLE. INSTALLED SCREW.,screw missing in number 3 side baffle. installed screw.,False
103834,L/H BAFFLE PLUG NEEDS TO BE REPLACED. INSTALLED NEW PLUG.,left-hand baffle plug needs to be replaced. installed new plug.,False
103836,#2 INTAKE GASKET LEAKING ON R/H ENGINE. REMOVED & REPLACED W/ NEW GASKET.,number 2 intake gasket leaking on right-hand engine. removed and replaced with new gasket.,False
103838,#1 CYL BAFFLING CRACKED BY ALTERNATOR BELT. STOP DRILLED CRACK.,number 1 cylinder baffling cracked by alternator belt. stop drilled crack.,False
103839,OIL COOLER SUPPORT BRACKET ON CYL #4 CRACKED. FABRICATED NEW BRACKET OUT OF LIKE MATERIAL.,oil cooler support bracket on cylinder number 4 cracked. fabricated new bracket out of like material.,False
103841,#3 SIDE BAFFLE CRACKED ON R/H ENGINE. STOP DRILLED CRACK.,number 3 side baffle cracked on right-hand engine. stop drilled crack.,False
103844,"#3 AFT BAFFLE CRACKED ON R/H ENGINE. REMOVED BAFFLE, STOP DRILLED CRACK, FABRICATED & INSTAL","number 3 aft baffle cracked on right-hand engine. removed baffle, stop drilled crack, fabricated and installed baffle",False
103845,"BAFFLE REPAIR PERFORMED ON PD #12 HAS RIVETS THAT ARE RUBBIN. REMOVED BAFFLE, REMOVED PREVIOUSLY INSTALLED PATCH. FAB","baffle repair performed on pd number 12 has rivets that are rubbing. removed baffle, removed previously installed patch.",False
103848,#3 REAR BAFFLE SCREW LOOSE. REMOVED OIL FILLER TUBE TO TIGHTEN SCREW. TIGHTENED SCR,number 3 rear baffle screw loose. removed oil filler tube to tighten screw. tightened screw,False
103849,#3 INTAKE GASKET LEAKING. REPLACED GASKET.,number 3 intake gasket leaking. replaced gasket.,False
103854,R/H BAFFLE PLUG MISSING. INSTALLED BAFFLE PLUG DOUBLER.,right-hand baffle plug missing. installed baffle plug doubler.,False
103857,FWD R/H ENGINE BAFFLE SEAL NEEDS TO BE RESECURED. INSTALLED POP RIVET.,forward right-hand engine baffle seal needs to be resecured. installed pop rivet.,False
103858,L/H BAFFLE SEAL ON CYL #2 HAS STAPLE PULLED THROUGH. INSTALLED POP RIVET.,left-hand baffle seal on cylinder number 2 has staple pulled through. installed pop rivet.,False
103859,"DURING FLARE PHASE OF LANDING, ENGINE QUIT. ATTEMPTED TO RES. RETRIEVED A/C FROM RUNWAY.","during flare phase of landing, engine quit. attempted to restart. retrieved aircraft from runway.",False
103860,"DURING FLARE PHASE OF LANDING, ENGINE QUIT. ATTEMPTED TO RES. PERFORMED GROUND RUN OF ENGINE. TRIED TO PERFORM SEASON","during flare phase of landing, engine quit. attempted to restart. performed ground run of engine. tried to perform seasonal adjustment",False
103861,#4 INDUCTION TUBE GASKET LEAKING. REMOVED & REPLACED GASKET.,number 4 induction tube gasket leaking. removed and replaced gasket.,False
103862,OIL IS LEAKING FROM TOP OF R/H ENG COWLING. RUN UP LEAK CK GOOD.,oil is leaking from top of right-hand engine cowling. run up leak check good.,False
103864,R/H SIDE AFT BAFFLE SEAL RIVET PULLED THRU. REPLACED RIVET.,right-hand side aft baffle seal rivet pulled through. replaced rivet.,False
103865,CRACK NOTED BY NUTPLATE ON #1 CYL BAFFLE. STOP DRILLED CRACK.,crack noted by nutplate on number 1 cylinder baffle. stop drilled crack.,False
103866,#3 & 4 INTAKE GASKETS LEAKING. REMOVED & REPLACED INTAKE GASKETS.,number 3 and number 4 intake gaskets leaking. removed and replaced intake gaskets.,False
103867,"WHILE PERFORMING GO-AROUND @ D37 ON CLIMBOUT, ENGINE SPUTTER. RAN A/C & PERFORMED GROUND RUN SEVERAL TIMES. COULD NOT","while performing go-around at d 37 on climbout, engine sputter. ran aircraft and performed ground run several times.",False
103868,#3 & 4 ROCKER COVER GASKETS LEAKING. REMOVED & REPLACED GASKETS.,number 3 and number 4 rocker cover gaskets leaking. removed and replaced gaskets.,False
103870,L/H ENG #4 INTAKE GASKET LEAKING. REMOVED & REPLACED L/H ENG INTAKE GASKET.,left-hand engine number 4 intake gasket leaking. removed and replaced left-hand engine intake gasket.,False
103872,"#4 CYL INTAKE TUBE FLANGE WORN, L/H ENG. REMOVED & REPLACED INTAKE TUBE FLANGE.","number 4 cylinder intake tube flange worn, left-hand engine. removed and replaced intake tube flange.",False
103874,#4 INTAKE GASKET LEAKING ON R/H ENGINE. REMOVED & REPLACED #4 INTAKE GASKET ON R/H ENGINE.,number 4 intake gasket leaking on right-hand engine. removed and replaced number 4 intake gasket on right-hand engine.,False
103876,#2 INTAKE LEAKING. REPLACED CYL #2 INTAKE GASKET.,number 2 intake leaking. replaced cylinder number 2 intake gasket.,False
103878,#2 ROCKER COVER GASKET LEAKING. REPLACED GASKET.,number 2 rocker cover gasket leaking. replaced gasket.,False
103881,#2 CYL BOTTOM ENGINE BAFFLE SEAL NEEDS TO BE SECURED. SECURED SEAL W/ POP RIVET.,number 2 cylinder bottom engine baffle seal needs to be secured. secured seal with pop rivet.,False
103882,"1, 2, 3 ROCKER COVER GASKETS LEAKING. REMOVED, CLEANED & REPLACED W/ NEW SILICONE GASKETS.","1, 2, and 3 rocker cover gaskets leaking. removed, cleaned and replaced with new silicone gaskets.",False
103883,FWD LWR SEAL WORN ABOVE INTAKE FILTER HOUSING. INSTALLED RTV TO WORN AREAS.,forward lower seal worn above intake filter housing. installed rtv to worn areas.,False
103884,BAFFLE SCREW MISSING ABOVE STARTER. INSTALLED NEW BAFFLE SCREW & WASHERS.,baffle screw missing above starter. installed new baffle screw and washers.,False
103885,#1 CYL BAFFLING CRACKED. STOP DRILLED CRACK.,number 1 cylinder baffling cracked. stop drilled crack.,False
103887,#4 ROCKER COVER GASKET LEAKING. REMOVED OLD GASKET & INSTALLED NEW ONE.,number 4 rocker cover gasket leaking. removed old gasket and installed new 1.,False
103888,"CRACK EXTENDING BEYOND RIVET ON #1 CYL BAFFLE. REMOCED BAFFLE, CLEANED. INSP, FOUND PAINT CRACKED. INS","crack extending beyond rivet on number 1 cylinder baffle. removed baffle, cleaned. inspected, found paint cracked.",False
103890,R/H ENG CRANKCASE LIFTING EYEBOLT LEAKING OIL. LEAK CK GOOD.,right-hand engine crankcase lifting eyebolt leaking oil. leak check good.,False
103891,#1 ROCKER COVER LEAKING ON R/H ENG. REMOVED & REPLACED GASKET.,number 1 rocker cover leaking on right-hand engine. removed and replaced gasket.,False
103892,#2 & 3 INTAKES LEAKING ON R/H ENG. REMOVED & REPLACED GASKETS.,number 2 and number 3 intakes leaking on right-hand engine. removed and replaced gaskets.,False
103895,"R/H ENG CRANKCASE LIFTING EYEBOLT LEAKING OIL. CLEANED AREA, REMOVED BOLT, CLEANED & INSTALLED BOLT &","right-hand engine crankcase lifting eyebolt leaking oil. cleaned area, removed bolt, cleaned and installed bolt",False
103896,"2, 3, 4 ROCKER COVER GASKETS LEAKING. REMOVED & REPLACED ROCKER COVER GASKETS.","2, 3, and 4 rocker cover gaskets leaking. removed and replaced rocker cover gaskets.",False
103898,"#1 BAFFLE BENT. REMOVED BAFFLE, STRAIGHTENED BAFFLE & REINSTALLED.","number 1 baffle bent. removed baffle, straightened baffle and reinstalled.",False
103899,SOME ROCKER COVER SCREWS LOOSE. TIGHTENED ALL ROCKER COVER SCREWS.,some rocker cover screws loose. tightened all rocker cover screws.,False
103900,#2 & 4 INTAKE GASKETS LEAKING. REMOVED & REPLACED INTAKE GASKETS.,number 2 and number 4 intake gaskets leaking. removed and replaced intake gaskets.,False
103903,INTERCYLINDER BAFFLE TENSION WIRE CHAFING ON #1 CYL OIL RETU. PUT BEND IN BAFFLE TENSIONER WIRE TO AVOID OIL RETURN L,intercylinder baffle tension wire chafing on number 1 cylinder oil return line. put bend in baffle tensioner wire to avoid oil return line chafing,False
103904,BOTH BAFFLE BUTTONS WORN. INSTALLED NEW PLUGS,both baffle buttons worn installed new plugs,False
103905,"#1 CYLINDER COMPRESSION LOW, 25LBS. COMING FROM EXHAUST. RAN AIRCRAFT, OPS AND LEAK CHECK GOOD","number 1 cylinder compression low, 25 pounds. coming from exhaust. ran aircraft, operations and leak check good",False
103907,"FRONT BAFFLE SEAL NEEDS RTV, ABOVE ENG INLET. INSTALLED RTV TO SEAL.","front baffle seal needs rtv, above engine inlet. installed rtv to seal.",False
103909,LH ENGINE #4 CYL BAFFLE SEAL STAPLE PULLED THROUGH. REPLACED STAPLE WITH POP RIVET,left-hand engine number 4 cylinder baffle seal staple pulled through. replaced staple with pop rivet,False
103910,"#1 AND #3 ROCKER COVERS LEAKING. REMOVED, CLEANED, INSTALLED NEW SILICONE GASKETS","number 1 and number 3 rocker covers leaking. removed, cleaned, installed new silicone gaskets",False
103911,R/H ENGINE #3 INTAKE GASKET LEAKING. REMOVED AND REPLACED #3 INTAKE GASKET ON R/H ENG,right-hand engine number 3 intake gasket leaking. removed and replaced number 3 intake gasket on right-hand engine,False
103912,"EXCESSIVE ENGINE VIBRATION ON DEPARTURE CLIMBOUT. VIBRATION. RAN ACFT, IDLE RPM AND MIXTURE AND MAG CHECKS GOOD RAN","excessive engine vibration on departure climbout. vibration ran aircraft, idle rpm and mixture and magneto checks good",False
103913,CYL #2 & 4 INTAKE GASKETS LEAKING. REPLACED CYL #2 & 4 INTAKE GASKETS,cylinder number 2 and number 4 intake gaskets leaking replaced cylinder number 2 and number 4 intake gaskets,False
103915,"#1, 2, 4 ROCKER COVER GASKETS LEAKING. REMOVED & REPLACED ROCKER COVER GASKETS.","numbers 1, 2, and 4 rocker cover gaskets leaking. removed and replaced rocker cover gaskets.",False
103916,#1 CYL BOTTOM BAFFLE SEAL RIVET PULLED THROUGH. INSTALLED NEW POP RIVET.,number 1 cylinder bottom baffle seal rivet pulled through. installed new pop rivet.,False
103917,"2, 3, 4 ROCKER COVER GASKETS LEAKING. REMOVED OLD GASKETS, CLEANED & INSTALLED NEW SILICONE G","2, 3, and 4 rocker cover gaskets leaking. removed old gaskets, cleaned and installed new silicone gaskets",False
103918,#4 INTAKE LEAKING ON L/H ENGINE. REMOVED & REPLACED GASKET.,number 4 intake leaking on left-hand engine. removed and replaced gasket.,False
103919,#3 ROCKER COVER LEAKING ON R/H ENGINE. REPLACED ROCKER COVER GASKET.,number 3 rocker cover leaking on right-hand engine. replaced rocker cover gasket.,False
103920,#3 CYL TOP BAFFLING HAS A CRACK. STOP DRILLED CRACK.,number 3 cylinder top baffling has a crack. stop drilled crack.,False
103923,#1 & 2 INTAKE GASKETS LEAKING. REMOVED & REPLACED GASKETS.,number 1 and number 2 intake gaskets leaking. removed and replaced gaskets.,False
103925,#2 FWD SIDE BAFFLE SEAL DISCONNECTED. REATTACHED USING POP RIVETS.,number 2 forward side baffle seal disconnected. reattached using pop rivets.,False
103926,"MISSING SCREW ON ENG BAFFLE AFT & NEXT TO CYL #3, SCREW MOUN. INSTALLED SCREW.","missing screw on engine baffle aft and next to cylinder number 3, screw mount. installed screw.",False
103927,R/H ENG #2 INTAKE GASKET LEAKING. REPLACED GASKET.,right-hand engine number 2 intake gasket leaking. replaced gasket.,False
103928,L/H ENG #2 & 4 ROCKER GASKETS ARE LEAKING. REMOVED & REPLACED GASKETS.,left-hand engine number 2 and number 4 rocker gaskets are leaking. removed and replaced gaskets.,False
103929,"L/H ENG #2, 3, 4 INTAKE GASKETS ARE LEAKING. REMOVED & REPLACED GASKETS.","left-hand engine numbers 2, 3, and 4 intake gaskets are leaking. removed and replaced gaskets.",False
103930,R/H ENGINE #3 & 4 ROCKER GASKETS ARE LEAKING. REMOVED & REPLACED GASKETS.,right-hand engine number 3 and number 4 rocker gaskets are leaking. removed and replaced gaskets.,False
103931,L/H ENG INTAKE SCREEN WORN. ORDERED PART.,left-hand engine intake screen worn. ordered part.,False
103932,L/H ENG INTAKE SCREEN WORN. INSTALLED NEW SCREEN.,left-hand engine intake screen worn. installed new screen.,False
103933,#2 INDUCTION TUBE GASKET LEAKING. INSTALLED NEW INTAKE GASKET.,number 2 induction tube gasket leaking. installed new intake gasket.,False
103934,INTAKE GASKET CYL #1 LEAKING. REMOVED & REPLACED INTAKE GASKET.,intake gasket cylinder number 1 leaking. removed and replaced intake gasket.,False
103935,EXPERIENCED ENGINE ROUGHNESS & MOMENTARY POWER HESITATION. A. PERFORMED ENG RUN UP & NOTED EXCESSIVE RPM RISE AT IDLE,experienced engine roughness and momentary power hesitation. performed engine run up and noted excessive rpm rise at idle,False
103936,EXPERIENCED ENGINE ROUGHNESS & MOMENTARY POWER HESITATION. A. REINSTALLED COWLING & PERFORMED ENG RUN NOTING IDLE SPE,experienced engine roughness and momentary power hesitation. reinstalled cowling and performed engine run noting idle speed,False
103938,R/H ENG #1 ROCKER COVER IS LEAKING. REMOVED & REPLACED R/H ENG #1 ROCKER COVER GASKET.,right-hand engine number 1 rocker cover is leaking. removed and replaced right-hand engine number 1 rocker cover gasket.,False
103939,CYL #2 INTAKE GASKET IS LEAKING. REMOVED & REPLACED GASKET W/ NEW.,cylinder number 2 intake gasket is leaking. removed and replaced gasket with new.,False
103940,#2 & 4 INTAKE GASKETS LEAKING ON L/H ENGINE. REMOVED & REPLACED INTAKE GASKETS.,number 2 and number 4 intake gaskets leaking on left-hand engine. removed and replaced intake gaskets.,False
103941,#1 & 2 ROCKER COVER GASKETS LEAKING ON L/H ENGINE. REMOVED & REPLACED ROCKER COVERS.,number 1 and number 2 rocker cover gaskets leaking on left-hand engine. removed and replaced rocker covers.,False
103942,"PILOT REPORTED THAT CYL #1 FWD BAFFLE SEAL NEEDED TO BE LOOK. LOOKED AT BAFFLE SEAL, REPOSITIONED, CHECKED GOOD","pilot reported that cylinder number 1 forward baffle seal needed to be looked at. looked at baffle seal, repositioned, checked good",False
103943,ALL ROCKER COVER SCREWS LOOSE. TIGHTENED ALL SCREWS ON ROCKER COVERS.,all rocker cover screws loose. tightened all screws on rocker covers.,False
103945,R/H ENG #3 CYL HAS LOW COMPRESSION 20/80. LEAK CK GOOD.,right-hand engine number 3 cylinder has low compression 20 out of 80. leak check good.,False
103946,R/H ENG #4 BAFFLE CRACKED AT OIL COOLER. STOP DRILLED CRACK.,right-hand engine number 4 baffle cracked at oil cooler. stop drilled crack.,False
103947,#4 CYL BAFFLE SEAL RIVET PULLED THROUGH. RESECURED BAFFLE SEAL.,number 4 cylinder baffle seal rivet pulled through. resecured baffle seal.,False
103949,R/H ENG #1 CYL HAS LOW COMPRESSION 5/80. REMOVED CYLINDER & PISTON ASSY. STARTED INSTALLATION OF,right-hand engine number 1 cylinder has low compression 5 out of 80. removed cylinder and piston assembly.,False
103950,R/H ENG #1 CYL HAS LOW COMPRESSION 5/80. FINISHED INSTALLING CYLINDER IAW LYCOMING OVERH,right-hand engine number 1 cylinder has low compression 5 out of 80. finished installing cylinder in accordance with lycoming overhaul manual,False
103952,R/H ENG #3 CYL HAS LOW COMPRESSION 20/80. FINISHED INSTALLING CYLINDER IAW LYCOMING OVERH,right-hand engine number 3 cylinder has low compression 20 out of 80. finished installing cylinder in accordance with lycoming overhaul manual,False
103954,BAFFLE SCREW MISSING ON R/H SIDE BY OIL DIPSTICK HOUSING. INSTALED NEW SCREW.,baffle screw missing on right-hand side by oil dipstick housing. installed new screw.,False
103955,"1, 2, 3 ROCKER COVER GASKETS LEAKING. REMOVED & REPLACED ROCKER COVER GASKETS.","1, 2, and 3 rocker cover gaskets leaking. removed and replaced rocker cover gaskets.",False
103956,#4 INTAKE GASKET LEAKING. REMOVED & REPLACED INTAKE GASKET.,number 4 intake gasket leaking. removed and replaced intake gasket.,False
103957,"WHILE TAXIING, ENGINE QUIT & COULD NOT RESTART. STARTED A/C SEVERAL TIMES USING NORMAL PROCEDURES. PERF","while taxiing, engine quit and could not restart. started aircraft several times using normal procedures.",False
103958,ENGINE BAFFLE PATCH CRACKED ABOVE #4 CYL. STOP DRILLED CRACK.,engine baffle patch cracked above number 4 cylinder. stop drilled crack.,False
103960,"ON RUN UP; R/H ENG, L/H MAG FAILED MAG CK. CYL #1 HAD NO TEM. RAN A/C, OPS & LEAK CK GOOD.","on run up; right-hand engine, left-hand magneto failed magneto check. cylinder number 1 had no temperature. ran aircraft, operations and leak check good.",False
103962,"ON RUN UP; R/H ENG, L/H MAG FAILED MAG CK. CYL #1 HAD NO TEM. PERFORMED GROUND RUN, FOUND R/H ENG TO RUN ROUGH ANYTIM","on run up; right-hand engine, left-hand magneto failed magneto check. cylinder number 1 had no temperature. performed ground run, found right-hand engine to run rough",False
103963,"ON RUN UP; R/H ENG, L/H MAG FAILED MAG CK. CYL #1 HAD NO TEM. REMOVED & REPLACED CYL ASSY, DRY TAPPET CLEARANCE CK'ED","on run up; right-hand engine, left-hand magneto failed magneto check. cylinder number 1 had no temperature. removed and replaced cylinder assembly, dry tappet clearance checked",False
103964,LEFT ENGINE #2 INTAKE LEAKING. REMOVED & REPLACED GASKET.,left engine number 2 intake leaking. removed and replaced gasket.,False
103965,"ON RUN UP, OBSERVED ENGINE ROUGHNESS. CONSISTANT W/ STICKING. REAMED #4 EXHAUST GUIDE IAW LYCOMING .","on run up, observed engine roughness. consistant with sticking. reamed number 4 exhaust guide in accordance with lycoming .",False
103966,SCREW MISSING FROM CYL #2 FWD BAFFLE. INSTALLED NEW SCREW.,screw missing from cylinder number 2 forward baffle. installed new screw.,False
103969,"#2, 3, 4 INTAKE GASKETS LEAKING. REMOVED & REPLACED INTAKE GASKETS.","number 2, 3, and 4 intake gaskets leaking. removed and replaced intake gaskets.",False
103972,R/H #3 & 4 INTAKE GASKETS ARE LEAKING. REPLACED GASKETS.,right-hand number 3 and number 4 intake gaskets are leaking. replaced gaskets.,False
103973,#2 CYL BOTTOM FRONT BAFFLING HAS A CRACK. STOP DRILLED CRACK.,number 2 cylinder bottom front baffling has a crack. stop drilled crack.,False
103974,L/H ENGINE HAD C CLIP IN OIL SCREEN. REMOVED LH ENG & PROP.,left-hand engine had c clip in oil screen. removed left-hand engine and propeller.,False
103975,R/H #3 REAR & #4 SIDE BAFFLE SEALS TORN. REPLACED #3 BAFFLE SEAL & RESECURED #4 SIDE.,right-hand number 3 rear and number 4 side baffle seals torn. replaced number 3 baffle seal and resecured number 4 side.,False
103976,L/H ENGINE HAD C CLIP IN OIL SCREEN. NO OTHER FOD OR DEFECTS NOTED.,left-hand engine had c clip in oil screen. no other fod or defects noted.,False
103978,"L/H ENGINE HAD C CLIP IN OIL SCREEN. INSTALLED PROP, BUT IS NOT TORQUED OR SAFETIED. INSTALL","left-hand engine had c clip in oil screen. installed propeller, but is not torqued or safetied.",False
103980,"L/H ENGINE HAD C CLIP IN OIL SCREEN. CONTINUED INSTALLATION. SAEFTIED PROP, TIMED MAGNETOS T","left-hand engine had c clip in oil screen. continued installation. safetied propeller, timed magnetos",False
103981,"CYL #1, 2 & 3 INTAKE GASKETS ARE LEAKING. REMOVED & REPLACED INTAKE GASKETS.","cylinder numbers 1, 2 and 3 intake gaskets are leaking. removed and replaced intake gaskets.",False
103983,#4 INTAKE GASKET ON L/H ENGINE LEAKING. REMOVED & REPLACED GASKET.,number 4 intake gasket on left-hand engine leaking. removed and replaced gasket.,False
103985,PRIMER LINE CLAMP ON #4 INTAKE TUBE OF L/H ENGINE LOOSE. TIGHTENED CLAMP.,primer line clamp on number 4 intake tube of left-hand engine loose. tightened clamp.,False
103986,"#2, 3, 4 INTAKE GASKETS LEAKING ON R/H ENGINE. REMOVED & REPLACED INTAKE GASKETS ON R/H ENGINE.","numbers 2, 3, and 4 intake gaskets leaking on right-hand engine. removed and replaced intake gaskets on right-hand engine.",False
103988,ENGINE SCROLL DIRTY. CLEANED ENGINE SCROLL.,engine scroll dirty. cleaned engine scroll.,False
103989,CYL #3 & 4 INTAKE GASKETS LEAKING. REMOVED & REPLACED INTAKE GASKET.,cylinder number 3 and number 4 intake gaskets leaking. removed and replaced intake gasket.,False
103990,R/H ENGINE #2 INTAKE LEAKING. REPLACED GASKET.,right-hand engine number 2 intake leaking. replaced gasket.,False
103991,CYL #1 & 3 INTAKE GASKETS ARE LEAKING. REMOVED & REPLACED GASKETS.,cylinder number 1 and number 3 intake gaskets are leaking. removed and replaced gaskets.,False
103992,CYL #2 ROCKER COVER GASKET IS LEAKING. REMOVED & REPLACED ROCKER COVER GASKET.,cylinder number 2 rocker cover gasket is leaking. removed and replaced rocker cover gasket.,False
103993,L/H I/B CYL BAFFLING CONNECTING ROD IS BROKEN. REMOVED & REPLACED CONNECTING ROD.,left-hand inboard cylinder baffling connecting rod is broken. removed and replaced connecting rod.,False
103994,LEFT ENGINE WILL NOT START HOT. STARTED BOTH ENGINES USING NORMAL PROCEDURES. SHUT DOWN,left engine will not start hot. started both engines using normal procedures.,False
103996,#3 ROCKER GASKET IS LEAKING. REPLACED GASKET.,number 3 rocker gasket is leaking. replaced gasket.,False
103997,ALL 4 INTAKE GASKETS ARE LEAKING. REPLACED GASKETS.,all 4 intake gaskets are leaking. replaced gaskets.,False
103999,#4 ROCKER COVER LEAKING. REPLACED ROCKER COVER GASKET.,number 4 rocker cover leaking. replaced rocker cover gasket.,False
104001,#2 INTAKE GASKET LEAKING. REMOVED & REPLACED GASKET.,number 2 intake gasket leaking. removed and replaced gasket.,False
104002,#2 ROCKER COVER GASKET LEAKING. REMOVED & REPLACED GASKET.,number 2 rocker cover gasket leaking. removed and replaced gasket.,False
104004,#1 ROCKER COVER GASKET LEAKS. REMOVED & REPLACED GASKET.,number 1 rocker cover gasket leaks. removed and replaced gasket.,False
104005,CYL #1 ROCKER COVER GASKET IS LEAKING. REMOVED & REPLACED ROCKER COVER GASKET.,cylinder number 1 rocker cover gasket is leaking. removed and replaced rocker cover gasket.,False
104006,"#4 ROCKER COVER GASKET LEAKING. REMOVED COVER, CLEANED & INSTALLED NEW SILICONE GASKET.","number 4 rocker cover gasket leaking. removed cover, cleaned and installed new silicone gasket.",False
104007,SIGNIFICANT AMOUNT OF OIL LEAKING FROM #4 CYLINDER AREA. REMOVED & REPLACED #4 CYL ROCKER COVER GASKET. RAN ENGI,significant amount of oil leaking from number 4 cylinder area. removed and replaced number 4 cylinder rocker cover gasket. ran engine,False
104008,SMALL LEAK NOTED ON UPPER ENGINE CRANKCASE BACKBONE. REMOVED BOLT ON UPPER CRANKCASE BACKBONE & APPLIED HIGH,small leak noted on upper engine crankcase backbone. removed bolt on upper crankcase backbone and applied high temperature sealant,False
104010,CYL #2 ROCKER COVER GASKET IS LEAKING. REMOED & REPLACED ROCKER GASKET.,cylinder number 2 rocker cover gasket is leaking. removed and replaced rocker gasket.,False
104011,#4 INTAKE GASKET LEAKING. REPLACED #4 INTAKE GASKET.,number 4 intake gasket leaking. replaced number 4 intake gasket.,False
104013,"#2, 3 & 4 INTAKE GASKETS LEAKING. REMOVED & REPLACED INTAKE GASKETS.","numbers 2, 3 and 4 intake gaskets leaking. removed and replaced intake gaskets.",False
104014,L/H AFT ENGINE BAFFLE CRACKED. STOP DRILLED CRACK & REPAIRED BAFFLE BY PATCHING.,left-hand aft engine baffle cracked. stop drilled crack and repaired baffle by patching.,False
104015,"ROCKER COVER GASKETS, CYL #2 & 3, LEAKING. REMOVED & REPLACED ROCKER COVER GASKETS.","rocker cover gaskets, cylinder number 2 and number 3, leaking. removed and replaced rocker cover gaskets.",False
104018,#1 CYL BAFFLING HAS A CRACK. STOP DRILLED CRACK.,number 1 cylinder baffling has a crack. stop drilled crack.,False
104019,L/H SIDE BAFFLE PLUG HAS BROKEN TABS. REPLACED W/ NEW BAFFLE PLUG.,left-hand side baffle plug has broken tabs. replaced with new baffle plug.,False
104020,#2 INTAKE LEAKING ON R/H ENGINE. REMOVED & REPLACED GASKET.,number 2 intake leaking on right-hand engine. removed and replaced gasket.,False
104023,"#3, 4 ROCKER COVER GASKETS LEAKING. REMOVED & REPLACED GASKETS.","number 3, and number 4 rocker cover gaskets leaking. removed and replaced gaskets.",False
104024,CREW REQUESTED START ASSIST. STARTED ENGINE FOR CREW.,crew requested start assist. started engine for crew.,False
104025,#4 ROCKER COVER GASKET LEAKING. REMOVED & REPLACED GASKET.,number 4 rocker cover gasket leaking. removed and replaced gasket.,False
104026,#2 INTAKE GASKET LEAKING. REMOVED & REPLACED #2 INTAKE GASKET.,number 2 intake gasket leaking. removed and replaced number 2 intake gasket.,False
104027,"PREVIOUS PATCH REPAIR FOR #4 CYL BAFFLE, CRACKED. FABRICATED NEW BAFFLE PATCH REPAIR OUT OF LIKE MATERIAL","previous patch repair for number 4 cylinder baffle, cracked. fabricated new baffle patch repair out of like material",False
104028,"LEAK NOTED BY OIL RETURN LINE, BYT ACCESSORY CASE. REMOVED OIL RETURN LINE AT ACCESSORY CASE FITTING. TIGH","leak noted by oil return line, by accessory case. removed oil return line at accessory case fitting.",False
104030,ALL ROCKER COVER SCREWS LOOSE. TIGHTENED SCREWS.,all rocker cover screws loose. tightened screws.,False
104031,#4 AFT BAFFLE CRACKED. REPLACED W/ REPAIRED BAFFLE.,number 4 aft baffle cracked. replaced with repaired baffle.,False
104032,R/H ENG #2 INTAKE GASKET IS LEAKING. REPLACED INTAKE GASKET.,right-hand engine number 2 intake gasket is leaking. replaced intake gasket.,False
104033,#3 AFT BAFFLE CRACKED. REPAIRED W/ RIVETED PATCH & INSTALLED BAFFLE.,number 3 aft baffle cracked. repaired with riveted patch and installed baffle.,False
104034,R/H ENG #3 AFT BAFFLE SEAL TORN. APPLIED RUBBER SILICONE TO TORN BAFFLE SEALS.,right-hand engine number 3 aft baffle seal torn. applied rubber silicone to torn baffle seals.,False
104035,L/H OIL COOLER NEEDS TO BE REPLACED. INSTALLED OVERHAULED OIL COOLER,left-hand oil cooler needs to be replaced. installed overhauled oil cooler,False
104037,NLG UPPER COVER INSTALLED INCORRECTLY. REPOSITIONED COVER TO CORRECT POSITION.,nose landing gear upper cover installed incorrectly. repositioned cover to correct position.,False
104038,"R/H ENG I/B AFT BAFFLE @ UPPER I/B OIL COOLER CRACKED. AFTER FURTHER INSP, FOUND PART TO HAVE PREVIOUSLY BEEN","right-hand engine inboard aft baffle at upper inboard oil cooler cracked. after further inspection, found part to have previously been cracked",False
104039,#3 CYL ROCKER COVER GASKET IS LEAKING. REMOVED & REPLACED ROCKER COVER GASKET.,number 3 cylinder rocker cover gasket is leaking. removed and replaced rocker cover gasket.,False
104040,CYL #2 ROCKER COVER GASKET IS LEAKING. REMOVED & REPLACED GASKET.,cylinder number 2 rocker cover gasket is leaking. removed and replaced gasket.,False
104041,"DURING CLIMB OUT, OBSERVED MOMENTARY RPM DROP AROUN. RAN UP A/C, COULD NOT DUPLICATE DISCREPANCY. OPS CK GOO","during climb out, observed momentary rpm drop. ran up aircraft, could not duplicate discrepancy. operations check good",False
104042,#3 INTAKE LEAKING ON L/H ENGINE. REMOVED & REPLACED GASKET W/ NEW.,number 3 intake leaking on left-hand engine. removed and replaced gasket with new.,False
104044,SMALL CRACK NOTED ON R/H AFT BAFFLE OF R/H ENGINE ON I/B SID. STOP DRILLED CRACK.,small crack noted on right-hand aft baffle of right-hand engine on inboard side. stop drilled crack.,False
104045,CHAFING NOTED ON R/H ENGINE STARTER WIRE BY THROTTLE CABLE O. APPLIED HIGH TEMP SILICONE.,chafing noted on right-hand engine starter wire by throttle cable. applied high temperature silicone.,False
104047,#4 INTAKE LEAKING. REMOVED & REPLACED INTAKE.,number 4 intake leaking. removed and replaced intake.,False
104049,#2 & 4 INTAKE GASKETS LEAKING. REMOVED & REPLACED GASKETS W/ NEW.,number 2 and number 4 intake gaskets leaking. removed and replaced gaskets with new.,False
104051,"L/H ENG #3, 2, 4 ROCKER COVER GASKETS ARE LEAKING. REMOVED & REPLACED GASKETS.","left-hand engine numbers 3, 2, and 4 rocker cover gaskets are leaking. removed and replaced gaskets.",False
104052,"R/H ENG #1, 2, 4 HAS LEAKING ROCKER COVER GASKETS. REMOVED & REPLACED GASKETS.","right-hand engine numbers 1, 2, and 4 has leaking rocker cover gaskets. removed and replaced gaskets.",False
104053,R/H ENGINE OIL PRESSURE SETTING ADJUSTER SAFETY WIRE IS LOOS. REMOVED OLD SAFETY WIRE & RESAFETIED.,right-hand engine oil pressure setting adjuster safety wire is loose. removed old safety wire and resafetied.,False
104054,R/H ENG #3 INTAKE TUBE GASKET LEAKING. INSTALLED NEW INTAKE GASKET.,right-hand engine number 3 intake tube gasket leaking. installed new intake gasket.,False
104055,"#2, 3, 4 INTAKE GASKETS LEAKING ON L/H ENG. REMOVED & REPLACED L/H ENG INTAKE GASKETS.","numbers 2, 3, and 4 intake gaskets leaking on left-hand engine. removed and replaced left-hand engine intake gaskets.",False
104056,ADEL CLAMP FOR MIXTURE & THROTTLE CABLES ON R/H SDIE OF UPPE. REMOVED & REPLACED ADEL CLAMP.,adel clamp for mixture and throttle cables on right-hand side. removed and replaced adel clamp.,False
104057,ZIP TIES USED ON L/H & R/H ENGINE MOUNT IN PLACE OF LACING C. REATTACHED CABLE & HOSES W/ LACING CORD.,zip ties used on left-hand and right-hand engine mount in place of lacing cord. reattached cable and hoses with lacing cord.,False
104060,"CRACK NOTED ON UNDERSIDE OF #1 ENG CYL BAFFLE, BY NUTS. STOP DRILLED CRACK.","crack noted on underside of number 1 engine cylinder baffle, by nuts. stop drilled crack.",False
104061,OIL COOLER O/B CYLINDER BRACKET CRACKED. FABRICATED NEW BRACKET OUT OF LIKE MATERIAL REFERENCING,oil cooler outboard cylinder bracket cracked. fabricated new bracket out of like material referencing,False
104062,#2 INTAKE GASKET IS LEAKING. REMOVED & REPLACED INTAKE GASKET.,number 2 intake gasket is leaking. removed and replaced intake gasket.,False
104063,LH OIL COOLER NEEDS TO BE CHANGED. LEAK CK GOOD.,left-hand oil cooler needs to be changed. leak check good.,False
104064,R/H OIL COOLER NEEDS TO BE CHANGED. LEAK CK GOOD.,right-hand oil cooler needs to be changed. leak check good.,False
104065,LH OIL COOLER NEEDS TO BE CHANGED. REMOVED COOLER.,left-hand oil cooler needs to be changed. removed cooler.,False
104066,R/H OIL COOLER NEEDS TO BE CHANGED. REMOVED OIL COOLER.,right-hand oil cooler needs to be changed. removed oil cooler.,False
104067,BAFFLE BRACKET BY OIL COOLER IS CRACKED. REMOVED & REPLACED BRACKET.,baffle bracket by oil cooler is cracked. removed and replaced bracket.,False
104068,R/H OIL COOLER NEEDS TO BE CHANGED. INSTALLED NEW OIL COOLER,right-hand oil cooler needs to be changed. installed new oil cooler,False
104069,"L/H ENGINE, LEFT REAR BAFFLE IS CRACKED. REMOVED & REPLACED BAFFLING SECTION.","left-hand engine, left rear baffle is cracked. removed and replaced baffling section.",False
104071,"R/H ENG, R/H REAR BAFFLE IS CRACKED. INSPECTED & FOUND CRACKS. MADE PATCH OUT OF LIKE MATERI","right-hand engine, right-hand rear baffle is cracked. inspected and found cracks. made patch out of like material",False
104072,#2 CYL INTAKE GASKET IS LEAKING. REMOVED INTAKE TUBE & GASKET. CLEANED INTAKE TUBE & CYL,number 2 cylinder intake gasket is leaking. removed intake tube and gasket. cleaned intake tube and cylinder,False
104073,#3 CYL BAFFLE PLUG MISSING. INSTALLED NEW PLUG.,number 3 cylinder baffle plug missing. installed new plug.,False
104074,"RPM DROP AT 2000 RPM ON DOWNWIND ACCOMPANIED BY VIBRATION 2. RAN UP ENGINE. MAG DROPS, IDLE SPEED & MIXTURE CK GOOD.","rpm drop at 2000 rpm on downwind accompanied by vibration. ran up engine. magneto drops, idle speed and mixture check good.",False
104076,#2 & 4 ROCKER COVERS ARE LEAKING. REMOVED & REPLACED GASKETS.,number 2 and number 4 rocker covers are leaking. removed and replaced gaskets.,False
104078,"CYL #4 INTAKE GASKET IS LEAKING. REMOVED #4 CYL INTAKE TUBE, CLEANED INTAKE TUBE & FLAGE","cylinder number 4 intake gasket is leaking. removed number 4 cylinder intake tube, cleaned intake tube and flange",False
104079,#2 INTAKE IS LEAKING. REMOVED & REPLACED GASKET.,number 2 intake is leaking. removed and replaced gasket.,False
104080,#3 ROCKER COVER IS LEAKING. REMOVED & REPLACED GASKET.,number 3 rocker cover is leaking. removed and replaced gasket.,False
104081,"#4 CYLINDER HAS NO COMPRESSION (0/80), AIR COMING OUT EXHAUS. CLEARANCE W/IN SPECS.","number 4 cylinder has no compression, 0 out of 80, air coming out exhaust. clearance within specs.",False
104082,"#4 CYLINDER HAS NO COMPRESSION (0/80), AIR COMING OUT EXHAUS. REMOVED #4 CYL (LUECO).","number 4 cylinder has no compression, 0 out of 80, air coming out exhaust valve. removed number 4 cylinder, lueco.",False
104085,"#4 CYLINDER HAS NO COMPRESSION (0/80), AIR COMING OUT EXHAUS. INSTALLED BAFFLES, EXHAUST, INTAKE, DRAIN TUBE, PLUGS,","number 4 cylinder has no compression, 0 out of 80, air coming out exhaust. installed baffles, exhaust, intake, drain tube, plugs,",False
104086,"#4 CYLINDER HAS NO COMPRESSION (0/80), AIR COMING OUT EXHAUS. INSTALLED #29 PUSH RODS, FOUND TO BE OUT OF LIMITS. INS","number 4 cylinder has no compression, 0 out of 80, air coming out exhaust valve. installed number 29 push rods, found to be out of limits.",False
104087,"#4 CYLINDER HAS NO COMPRESSION (0/80), AIR COMING OUT EXHAUS. INSTALLED NEW -29 PUSH ROD, VERIFIED PROPER GAP & BEGAN","number 4 cylinder has no compression, 0 out of 80, air coming out exhaust valve. installed new number 29 push rod, verified proper gap",False
104088,"FWD LWR BLACK SEAL WORN, ABOVE AIR INTAKE. PATCHED FWD LWR BLACK SEAL ABOVE AIR INTAKE.","forward lower black seal worn, above air intake. patched forward lower black seal above air intake.",False
104089,CRACK AT FWD BAFFLE BY HEAT INLET. STOP DRILLED CRACK @ FWD BAFFLE BY HEAT INLET ON AFT SI,crack at forward baffle by heat inlet. stop drilled crack at forward baffle by heat inlet on aft side,False
104091,"DURING TAKEOFF @ CKN, ENG RAN VERY ROUGH FOR 3 SECONDS W/ FU. RUN UP 2ND TIME (FOR PHASE), NO DEFECTS NOTED & COMPRES","during takeoff at ckn, engine ran very rough for 3 seconds with full throttle. run up second time, for phase, no defects noted",False
104092,LWR FWD SEAL NEEDS RTV ABOVE ENG INTAKE. FILLED IN AREAS W/ RTV.,lower forward seal needs rtv above engine intake. filled in areas with rtv.,False
104093,"#3 INTAKE GASKET LEAKING. REMOVED GASKET, CLEANED COLLAR & INSTALLED NEW GASKET.","number 3 intake gasket leaking. removed gasket, cleaned collar and installed new gasket.",False
104094,#3 INTAKE LEAKING. REMOVED & REPLACED INTAKE GASKET.,number 3 intake leaking. removed and replaced intake gasket.,False
104096,"WHEN RPM SET IN IDLE RANGE, ENGINE KICKS & SPUTTERS AS IF FU. RAN A/C & LEAK CK'ED. INSTALLED CHIN COWL. LEAK CK'ED G","when rpm set in idle range, engine kicks and sputters as if fuel blocked. ran aircraft and leak checked. installed chin cowl. leak checked good",False
104097,CYL #4 INTAKE GASKET IS LEAKING. REMOVED & REPLACED GASKET.,cylinder number 4 intake gasket is leaking. removed and replaced gasket.,False
104098,CYL #1 & 2 ROCKER COVER GASKETS ARE LEAKING. REMOVED & REPLACED ROCKER COVER GASKETS.,cylinder number 1 and number 2 rocker cover gaskets are leaking. removed and replaced rocker cover gaskets.,False
104102,R/H ENG CYL #3 INTAKE GASKET LEAKING. REMOVED & REPLACED INTAKE GASKET.,right-hand engine cylinder number 3 intake gasket leaking. removed and replaced intake gasket.,False
104103,"SEAL LOOSE ON ENGINE COWL, ABOVE L/H & R/H OIL COOLERS (BLAC. RESECURED SEAL ON LOWER ENGINE COWLS, L/H & R/H, ABOVE","seal loose on engine cowl, above left-hand and right-hand oil coolers. resecured seal on lower engine cowls, left-hand and right-hand",False
104104,"ROCKER COVER GASKETS 1, 2, 3 & 4 LEAKING ON R/H ENGINE. REMOVED & REPLACED ROCKER COVER GASKETS.","rocker cover gaskets 1, 2, 3 and 4 leaking on right-hand engine. removed and replaced rocker cover gaskets.",False
104105,#4 INTAKE LEAKING. REMOVED & REPLACED INTAKE GASKET.,number 4 intake leaking. removed and replaced intake gasket.,False
104106,ROCKER COVER GASKET CYL #2 LEAKING. REPLACED GASKET.,rocker cover gasket cylinder number 2 leaking. replaced gasket.,False
104107,"UPON GO-AROUND, ENGINE MADE A SPUTTERING NOISE FOR 3 SECS. C. RAN A/C, ALL CHECKS GOOD. NO SPUTTERING DURING RUN UP.","upon go-around, engine made a sputtering noise for 3 seconds. ran aircraft, all checks good. no sputtering during run up.",False
104109,"AFTER START, ENGINE RAN CONSISTANTLY ROUGH. RAN A/C & CONFIRMED DISCREP. IDLE WAS @ 800 RPM & NO ID","after start, engine ran consistently rough. ran aircraft and confirmed discrepancy. idle was at 800 rpm",False
104110,"AFTER START, ENGINE RAN CONSISTANTLY ROUGH. REMOVED & REPLACED ENGINE DRIVEN FUEL PUMP","after start, engine ran consistently rough. removed and replaced engine driven fuel pump",False
104112,"L/H ENGINE, R/H REAR ENGINE BAFFLE CRACKED. STOP DRILLED CRACK.","left-hand engine, right-hand rear engine baffle cracked. stop drilled crack.",False
104114,"L/H ENG, L/H REAR ENGINE BAFFLE SEAL LOOSE. REATTACHED ENGINE BAFFLE SEAL.","left-hand engine, left-hand rear engine baffle seal loose. reattached engine baffle seal.",False
104116,"COMPRESSION CK REQUIRED. L/H: #1-78, #2-79, #3-79, #4-78; R/H: #1-78, #2-79, #3-","compression check required. left-hand: number 1 tested at 78, number 2 tested at 79, number 3 tested at 79, and number 4 tested at 78; right-hand: number 1 tested at 78, and number 2 tested at 79",False
104117,CYL #2 BAFFLE SCREW MISSING L/H ENGINE. INSTALLED SCREW.,cylinder number 2 baffle screw missing left-hand engine. installed screw.,False
104118,"CYL #4 OF L/H ENGINE, BAFFLE SEAL IS LOOSE. SECURED ENGINE BAFFLE.","cylinder number 4 of left-hand engine, baffle seal is loose. secured engine baffle.",False
104119,CYL #4 INTAKE GASKET IS LEAKING. REMOVED & REPLACED #4 INTAKE GASKET.,cylinder number 4 intake gasket is leaking. removed and replaced number 4 intake gasket.,False
104121,"FAILED MAG CK ON RUN UP. TRIED FOULED PLUG PROCEDURE, RPM WA. RAN A/C, PERFORMED GROUND RUN. ALL PARAMETERS W/IN CHEC","failed magneto check on run up. tried fouled plug procedure. ran aircraft, performed ground run. all parameters within check",False
104122,"DURING OVERRIDE CK, ENGINE RAN ROUGH. 200 TO 1200 ENGINE ALM. ADJUSTED IDLE RPM, OPS CK GOOD.","during override check, engine ran rough. 200 to 1200 engine rpm. adjusted idle rpm, operations check good.",False
104123,#2 CYL INTAKE GASKE LEAKING. REPLACED GASKET.,number 2 cylinder intake gasket leaking. replaced gasket.,False
104124,#4 ROCKER COVER SCREW MISSING. INSTALLED NEW SCREW.,number 4 rocker cover screw missing. installed new screw.,False
104125,#3 CYL SIDE BAFFLE SCREW MISSING. INSTALLED NEW SCREW.,number 3 cylinder side baffle screw missing. installed new screw.,False
104126,#2 & 4 INTAKES LEAKING. REMOVED & REPLACED INTAKE GASKETS.,number 2 and number 4 intakes leaking. removed and replaced intake gaskets.,False
104127,"ENGINE RAN ROUGH DURING RUN UP. RAN UP A/C, OPS CK GOOD.","engine ran rough during run up. ran up aircraft, operations check good.",False
104129,"A/C NEEDS RUN UP FOR FINAL CHECKS BEFORE BEING SOLD. RAN A/C, ADJUSTED IDLE SPEEDS TO MATCH L/H & R/H SIDES.","aircraft needs run up for final checks before being sold. ran aircraft, adjusted idle speeds to match left-hand and right-hand sides.",False
104130,CYL #3 INTAKE GASKET IS LEAKING. REMOVED & REPLACED GASKET W/ NEW.,cylinder number 3 intake gasket is leaking. removed and replaced gasket with new.,False
104131,"AFT BAFFLE, R/H SIDE OF ENGINE, HAS SHEARED RIVET. REMOVED BAFFLE, REPLACED RIVETS W/ SCREWS & REINSTALLED","aft baffle, right-hand side of engine, has sheared rivet. removed baffle, replaced rivets with screws and reinstalled",False
104132,"CYL #2, 3 INTAKE GASKETS ARE LEAKING. REMOVED & REPLACED GASKETS.","cylinder number 2, and number 3 intake gaskets are leaking. removed and replaced gaskets.",False
104133,CYL #4 ROCKER COVER GASKET IS LEAKING. REMOVED & REPLACED ROCKER COVER GASKET.,cylinder number 4 rocker cover gasket is leaking. removed and replaced rocker cover gasket.,False
104135,BAFFLE PLUG IS DAMAGED. REMOVED & REPLACED BAFFLE PLUG.,baffle plug is damaged. removed and replaced baffle plug.,False
104137,BAFFLE CRACKED ON R/H ENGINE #1 CYLINDER. STOP DRILLED CRACK.,baffle cracked on right-hand engine number 1 cylinder. stop drilled crack.,False
104138,"L/H ENGINE CYL #3 & 4 INTAKE GASKETS ARE LEAKING. REMOVED, CLEANED & REPLACED W/ NEW GASKETS.","left-hand engine cylinder number 3 and number 4 intake gaskets are leaking. removed, cleaned and replaced with new gaskets.",False
104139,ENGINE QUIT ON LANDING & DURING ENGINE SHUT DOWN. RAN UP A/C & WAS UNABLE TO DUPLICATE DISCREPANCY. OPS C,engine quit on landing and during engine shutdown. ran up aircraft and was unable to duplicate discrepancy. operations check good,False
104143,"R/H ENG #2 COMPRESSION 55 LBS (RINGS LEAKING). RAN UP 2ND TIME, TEMPS NORMAL & PRESSURES NORMAL. NO CH","right-hand engine number 2 compression 55 pounds, rings leaking. ran up second time, temperatures normal and pressures normal.",False
104144,"R/H ENG #2 COMPRESSION 55 LBS (RINGS LEAKING). REMOVED #2 CYL & RING, HONED CYL. LEAK CK'ED. VALVES OK","right-hand engine number 2 compression 55 pounds, rings leaking. removed number 2 cylinder and ring, honed cylinder. leak checked. valves ok",False
104146,R/H REAR ENGINE BAFFLE MOUNTING SCREW LOOSE. TIGHTENED SCREW.,right-hand rear engine baffle mounting screw loose. tightened screw.,False
104147,SNIFFLER VALVES DIRTY. CLEANED SNIFFLER VALVES.,sniffler valves dirty. cleaned sniffler valves.,False
104148,#3 OIL RETURN LINE INTER-COOLER BAFFLING GROMMET WORN. REPLACED GROMMET.,number 3 oil return line inter-cooler baffling grommet worn. replaced grommet.,False
104149,#2 & 4 CYL ROCKER COVERS LEAKING. REMOVED & REPLACED GASKETS.,number 2 and number 4 cylinder rocker covers leaking. removed and replaced gaskets.,False
104150,#1 CYL AFT PUSH ROD TUBE STAND OFF RIVET NEEDS TO BE SQUEEZE. SQUEEZED RIVET.,number 1 cylinder aft push rod tube standoff rivet needs to be squeezed. squeezed rivet.,False
104151,R/H ENG #2 ROCKER SCREW IS MISSING. INSTALLED SCREW.,right-hand engine number 2 rocker screw is missing. installed screw.,False
104152,R/H ENGINE #1 INTAKE GASKET IS LEAKING. REPLACED GASKET.,right-hand engine number 1 intake gasket is leaking. replaced gasket.,False
104153,BLACK FWD ENG SEAL WORN. INSTALLED RTV IN WORN AREAS.,black forward engine seal worn. installed rtv in worn areas.,False
104156,#4 ROCKER COVER LEAKING. REMOVED & REPLACED GASKET.,number 4 rocker cover leaking. removed and replaced gasket.,False
104158,NEW RIVET NEEDED ON #4 CYL BAFFLE SEAL. INSTALLED NEW RIVET.,new rivet needed on number 4 cylinder baffle seal. installed new rivet.,False
104162,CRANKSHAFT SEAL IS LEAKING ON R/H ENGINE. CLEANED ENGINE AROUND FRONT CRANKSHAFT SEAL. RAN ENGINE,crankshaft seal is leaking on right-hand engine. cleaned engine around front crankshaft seal. ran engine,False
104163,"#2 & 4 INTAKE GASKETS LEAKING, L/H ENGINE. REMOVED BOTTOM COWL, REMOVED & REPLACED GASKETS. INSTAL","number 2 and number 4 intake gaskets leaking, left-hand engine. removed bottom cowl, removed and replaced gaskets.",False
104165,#3 INTAKE LEAKING ON L/H ENGINE. REMOVED & REPLACED INTAKE GASKET.,number 3 intake leaking on left-hand engine. removed and replaced intake gasket.,False
104167,"#3 & 4 INTAKES LEAKING ON R/H ENGINE. REMOVED INTAKE TUBES, CLEANED TUBES & CYLINDER INTAKE F","number 3 and number 4 intakes leaking on right-hand engine. removed intake tubes, cleaned tubes and cylinder intake",False
104168,#2 INTAKE IS LEAKING. REMOVED & REPLACED GASKET.,number 2 intake is leaking. removed and replaced gasket.,False
104170,L/H ENG #2 & 4 CYL BAFFLE TIE ROD THREADS STRIPPED. REPLACED TIE ROD.,left-hand engine number 2 and number 4 cylinder baffle tie rod threads stripped. replaced tie rod.,False
104171,R/H ENGINE BAFFLE SEALS LOOSE. SECURED BAFFLE SEALS W/ POP RIVETS.,right-hand engine baffle seals loose. secured baffle seals with pop rivets.,False
104172,#4 INTAKE GASKET IS LEAKING. REPLACED GASKET.,number 4 intake gasket is leaking. replaced gasket.,False
104173,CYL #4 INTAKE GASKET LEAKING. REMOVED & REPLACED INTAKE GASKET.,cylinder number 4 intake gasket leaking. removed and replaced intake gasket.,False
104176,"ROUGH ENGINE START UNUSUAL INDICATION CYL #4, LOWER TEMPERAT. CONFIRMED. REMOVED #4 CYL. FOUND EXHAUST VALVE STUCK. R","rough engine start unusual indication cylinder number 4, lower temperature. confirmed. removed number 4 cylinder. found exhaust valve stuck.",False
104177,"ROUGH ENGINE START UNUSUAL INDICATION CYL #4, LOWER TEMPERAT. PERFORMED GROUND RUN, OPS CK'ED GOOD, BUT FOUND EVIDENC","rough engine start unusual indication cylinder number 4, lower temperature. performed ground run, operations checked good, but found evidence",False
104179,RIVET SHEARED OFF ON BAFFLE SEAL ABOVE #2 CYL. REPLACED RIVET W/ LIKE HARDWARE.,rivet sheared off on baffle seal above number 2 cylinder. replaced rivet with like hardware.,False
104180,CYL #2 & 3 ROCKER COVER GASKETS LEAKING. REMOVED & REPLACED GASKETS.,cylinder number 2 and number 3 rocker cover gaskets leaking. removed and replaced gaskets.,False
104181,BAFFLING ON LOWER #4 CYLINDER HAS A CRACK. STOP DRILLED CRACK.,baffling on lower number 4 cylinder has a crack. stop drilled crack.,False
104183,#1 & 4 ROCKER COVERS ARE LEAKING. REMOVED & REPLACED ROCKER COVER GASKETS.,number 1 and number 4 rocker covers are leaking. removed and replaced rocker cover gaskets.,False
104184,L/H ENG #2 & 4 INTAKES HAVE EVIDENCE OF LEAKING. REPLACED GASKETS.,left-hand engine number 2 and number 4 intakes have evidence of leaking. replaced gaskets.,False
104185,L/H ENG OIL COOLER HOSE IS POSITIONED TOO CLOSE TO OIL FILTE. LEAK CK GOOD.,left-hand engine oil cooler hose is positioned too close to oil filter. leak check good.,False
104186,L/H ENG OIL COOLER HOSE IS POSITIONED TOO CLOSE TO OIL FILTE. REPOSITIONED HOSE.,left-hand engine oil cooler hose is positioned too close to oil filter. repositioned hose.,False
104187,#4 INTAKE LEAKING. REMOVED & REPLACED INTAKE GASKET.,number 4 intake leaking. removed and replaced intake gasket.,False
104189,R/H ENGINE #1 & 3 CYL ROCKER COVER GASKETS LEAKING. REMOVED & REPLACED GASKETS.,right-hand engine number 1 and number 3 cylinder rocker cover gaskets leaking. removed and replaced gaskets.,False
104191,L/H BAFFLE TIE RODS BROKEN. INSTALLED 2 NEW TIE RODS.,left-hand baffle tie rods broken. installed 2 new tie rods.,False
104192,R/H REAR  BAFFLING MOUNT BRACKET LOOSE. TIGHTENED SCREWS.,right-hand rear baffling mount bracket loose. tightened screws.,False
104193,CYL #1 ROCKER COVER IS LEAKING. REMOVED & REPLACED GASKET.,cylinder number 1 rocker cover is leaking. removed and replaced gasket.,False
104194,#3 CYL INTAKE GASKET LEAKING. REMOVED & REPLACED GASKET.,number 3 cylinder intake gasket leaking. removed and replaced gasket.,False
104195,#4 CYLINDER ROCKER COVER LEAKING. REMOVED & REPLACED GASKET.,number 4 cylinder rocker cover leaking. removed and replaced gasket.,False
104196,"P&W, OVERSPEED GOV WASHER APPLIES. INSPECTED L/H & R/H ENGINES, WASHERS CORRECT.","pratt and whitney, overspeed governor washer applies. inspected left-hand and right-hand engines, washers correct.",False
104197,"L/H ENG COMPRESSOR HAS 1 BLADE W/ SMALL NICK. DRESSED OUT NICK, WELL UNDER ACCEPTABLE LIMITS IAW MAIN","left-hand engine compressor has 1 blade with small nick. dressed out nick, well under acceptable limits in accordance with maintenance manual",False
104199,ENGINE BAFFLE SNAP PLUGS BAD. INSTALLED NEW BAFFLE PLUGS.,engine baffle snap plugs bad. installed new baffle plugs.,False
104200,#2 INTAKE GASKET LEAKING. REPLACED INTAKE GASKET.,number 2 intake gasket leaking. replaced intake gasket.,False
104201,#1 CYL FWD BAFFLE SEAL NEEDS TO BE RESECURED. RESECURED BAFFLE SEAL.,number 1 cylinder forward baffle seal needs to be resecured. resecured baffle seal.,False
104202,SIGNS OF OIL LEAKING FROM FWD ENGINE CASE BOLTS AT MAIN CRAN. RETORQUED BOLTS.,signs of oil leaking from forward engine case bolts at main crankshaft. retorqued bolts.,False
104203,#2 INTAKE LEAKING. REMOVED & REPLACED GASKET.,number 2 intake leaking. removed and replaced gasket.,False
104204,"#4 CYL, R/H ENG, INTAKE GASKET LEAKING. REMOVED & REPLACED GASKET W/ NEW.","number 4 cylinder, right-hand engine, intake gasket leaking. removed and replaced gasket with new.",False
104207,SNIFFLER VALVES NEEDS TO BE CLEANED. CLEANED SNIFFLER VALVES.,sniffler valves needs to be cleaned. cleaned sniffler valves.,False
104208,CYL #3 AFT BAFFLE SCREW MISSING. INSTALLED NEW SCREW.,cylinder number 3 aft baffle screw missing. installed new screw.,False
104209,#3 INTAKE LEAKING. REMOVED & REPLACED INTAKE GASKET.,number 3 intake leaking. removed and replaced intake gasket.,False
104210,OIL COOLER IS DIRTY. CLEANED OIL COOLER.,oil cooler is dirty. cleaned oil cooler.,False
104211,#4 CYL HAD LOW COMPRESSION (50 LBS). STAKED EXHAUST; COMP UP TO 75/80.,"number 4 cylinder had low compression, 50 pounds. staked exhaust; compression up to 75 out of 80.",False
104213,#1 ROCKER COVER LEAKING ON R/H ENGINE. REMOVED & REPLACED GASKET.,number 1 rocker cover leaking on right-hand engine. removed and replaced gasket.,False
104214,#3 ROCKER COVER LEAKING ON L/H ENGINE. REMOVED & REPLACED GASKET.,number 3 rocker cover leaking on left-hand engine. removed and replaced gasket.,False
104215,#3 INTAKE LEAKING ON R/H ENGINE. REMOVED & REPLACED INTAKE GASKET.,number 3 intake leaking on right-hand engine. removed and replaced intake gasket.,False
104217,L/H I/B BAFFLE SPRING IS BROKEN. REPLACED BAFFLE ROD & SPRING.,left-hand inboard baffle spring is broken. replaced baffle rod and spring.,False
104218,FWD R/H BAFFLE SEAL IS TORN. APPLIED HIGH TEMP SILICONE TO TEAR.,forward right-hand baffle seal is torn. applied high temperature silicone to tear.,False
104219,BOTH OIL COOLERS DIRTY. CLEANED OUT COOLING FINS.,both oil coolers dirty. cleaned out cooling fins.,False
104220,"#2 CYL BAFFLE BARREL NUT & SCREW MISSING. INSTALLED NEW NUT, PLUG & HARDWARE ON #2 CYL FOR #2 CYL","number 2 cylinder baffle barrel nut and screw missing. installed new nut, plug and hardware on number 2 cylinder for number 2 cylinder",False
104221,"SMALL FWD SCREEN ON FUEL INJECTOR NEEDS TO BE CLEANED. REMOVED, CLEANED, INSPECTED, REINSTALLED SMALL FWD SCRE","small forward screen on fuel injector needs to be cleaned. removed, cleaned, inspected, reinstalled small forward screen",False
104224,#3 INTAKE GASKET IS LEAKING. REMOVED & REPLACED GASKET.,number 3 intake gasket is leaking. removed and replaced gasket.,False
104225,OIL COOLER IS DIRTY. REMVOED DIRT FROM OIL COOLER.,oil cooler is dirty. remvoed dirt from oil cooler.,False
104226,R/H ENG #4 REAR BAFFLE SEAL PULLED THRU ONE RIVET. INSTALLED NEW RIVET.,right-hand engine number 4 rear baffle seal pulled through 1 rivet. installed new rivet.,False
104228,#4 INTAKE LEAKING. REMOVED & REPLACED INTAKE GASKET.,number 4 intake leaking. removed and replaced intake gasket.,False
104229,#2 CYL INTAKE GASKET LEAKING. REMOVED & REPLACED GASKET.,number 2 cylinder intake gasket leaking. removed and replaced gasket.,False
104230,BOTH BAFFLE BUTTONS NEED REPLACEMENT. INSTALLED NEW PLUGS.,both baffle buttons need replacement. installed new plugs.,False
104231,R/H FWD ENGINE BAFFLE LOOSE. REATTACHED BAFFLE STRIPS.,right-hand forward engine baffle loose. reattached baffle strips.,False
104232,#3 INTAKE LEAKING ON L/H ENGINE. REMOVED & REPLACED GASKET.,number 3 intake leaking on left-hand engine. removed and replaced gasket.,False
104234,#2 INTAKE GASKET LEAKING. REMOVED & REPLACED GASKET.,number 2 intake gasket leaking. removed and replaced gasket.,False
104235,"#1, 3 ROCKER GASKETS LEAKING. REMOVED & REPLACED GASKETS.","number 1, and number 3 rocker gaskets leaking. removed and replaced gaskets.",False
104236,FWD LWR BLACK BAFFLE SEAL WORN. INSTALLED RTV IN WORN AREAS.,forward lower black baffle seal worn. installed rtv in worn areas.,False
104237,SCREW MISSING ON R/H #1 & 3 BAFFLE. INSTALLED NEW SCREW.,screw missing on right-hand number 1 and number 3 baffle. installed new screw.,False
104238,"L/H ENG, CYL #3 INTAKE GASKET LEAKING. REMOVED & REPLACED INTAKE GASKET.","left-hand engine, cylinder number 3 intake gasket leaking. removed and replaced intake gasket.",False
104239,#4 ROCKER COVER LEAKING. REPLACED ROCKER COVER GASKET.,number 4 rocker cover leaking. replaced rocker cover gasket.,False
104241,ENGINE ROUGHNESS ON FINAL. PRECAUTIONARY LANDING. RAN UP ENGINE. ENGINE RUNS SMOOTH THROUGH ALL OPERATING,engine roughness on final. precautionary landing. ran up engine. engine runs smooth through all operating,False
104242,FWD LWR BLACK SEAL HAS WORN SPOTS FOR AIR INTAKE (ENG). INSTALLED BLACK RTV TO WORN AREAS.,"forward lower black seal has worn spots for air intake, engine. installed black rtv to worn areas.",False
104243,#4 INTAKE GASKET IS LEAKING. REMOVED & REPLACED GASKET.,number 4 intake gasket is leaking. removed and replaced gasket.,False
104245,#4 CYL COMPRESSION @ ZERO PSI. OPS & LEAK CK GOOD.,number 4 cylinder compression at 0 psi. operations and leak check good.,False
104246,"#4 CYL COMPRESSION @ ZERO PSI. REMOVED CYL, FOUND EXHAUST VALVE BURNT. REPLACED VALVE","number 4 cylinder compression at 0 psi. removed cylinder, found exhaust valve burnt. replaced valve",False
104247,"#4 CYL COMPRESSION @ ZERO PSI. COMPLETED INSTALL OF BAFFLES, LINES, PLUG WIRING & INTA","number 4 cylinder compression at 0 psi. completed install of baffles, lines, plug wiring and intake manifold",False
104249,ALL 4 ROCKER COVERS ARE LEAKING. REMOVED & REPLACED ALL ROCKER COVER GASKETS.,all 4 rocker covers are leaking. removed and replaced all rocker cover gaskets.,False
104250,ROCKER COVER CYL #2 & 3 LEAKING. REMOVED & REPLACED ROCKER COVER GASKETS.,rocker cover cylinder number 2 and number 3 leaking. removed and replaced rocker cover gaskets.,False
104251,VACUUM PUMP HAS POSSIBLE OIL LEAK. LEAK CK GOOD.,vacuum pump has possible oil leak. leak check good.,False
104253,"TOP ENGINE CASE BOLT IS LEAKING. REMOVED BOLT, INSTALLED HIGH TEMP SILICONE, INSTALLED B","top engine case bolt is leaking. removed bolt, installed high temperature silicone, installed bolt",False
104254,#2 SIDE BAFFLE SEAL LOOSE ON BAFFLE. SECURED BAFFLE SEAL W/ RIVET.,number 2 side baffle seal loose on baffle. secured baffle seal with rivet.,False
104255,#2 INTAKE GASKET LEAKING. REMOVED & REPLACED GASKET.,number 2 intake gasket leaking. removed and replaced gasket.,False
104256,#1 CYL NEEDS TO BE CHANGED BACK TO A LUECO ASSY. REPLACED CYLINDER ASSY USING NEW LUECO CYL ASSY,number 1 cylinder needs to be changed back to a lueco assembly. replaced cylinder assembly using new lueco cylinder assembly,False
104257,"#4 CYL NEEDS TO BE CHANGED BACK TO A LUECO ASSY. REPLACED CYL ASSY USING NEW LUECO, TORQUED","number 4 cylinder needs to be changed back to a lueco assembly. replaced cylinder assembly using new lueco, torqued",False
104258,OVERSPEED PROP FOR APPROX 3 SECONDS. C/W  ENGINE INSP AFTER OVERSPEED. COMPRESSIONS:,overspeed propeller for approximately 3 seconds. complied with reference manual engine inspected after overspeed.,False
104259,OVERSPEED PROP FOR APPROX 3 SECONDS. DOWN LOAD DATA & FOUND OVESPEED TO BE BETWEEN 5 & 10% I,overspeed propeller for approximately 3 seconds. download data and found ovespeed to be between 5 and 10 percent,False
104261,#2 ROCKER COVER GASKET LEAKING. REPLACED ROCKER COVER GASKET.,number 2 rocker cover gasket leaking. replaced rocker cover gasket.,False
104262,INTAKE CYL #2 LEAKING. REMOVED & REPLACED GASKET.,intake cylinder number 2 leaking. removed and replaced gasket.,False
104263,"ROCKER COVER GASKET, CYL #2, LEAKING. REMOVED & REPLACED GASKET.","rocker cover gasket, cylinder number 2, leaking. removed and replaced gasket.",False
104264,#3 & 4 INTAKES LEAKING. REMOVED & REPLACED GASKETS.,number 3 and number 4 intakes leaking. removed and replaced gaskets.,False
104265,#1 BAFFLE SEAL LOOSE. SECURED W/ 1 RIVET.,number 1 baffle seal loose. secured with 1 rivet.,False
104266,BAFFLE PLUGS NEED TO BE REPLACED. REPLACED BOTH PLUGS.,baffle plugs need to be replaced. replaced both plugs.,False
104267,#2 INTAKE GASKET IS LEAKING. REMOVED & REPLACED INTAKE GASKET.,number 2 intake gasket is leaking. removed and replaced intake gasket.,False
104268,RIVET LOOSE ON BAFFLE SEAL ON #1 CYL. REMOEVD & REPLACED RIVET.,rivet loose on baffle seal on number 1 cylinder. removed and replaced rivet.,False
104269,"CYL #2 INTAKE LEAKING, CYL #4 INTAKE LEAKING. REMOVED & REPLACED INTAKE GASKETS.","cylinder number 2 intake leaking, cylinder number 4 intake leaking. removed and replaced intake gaskets.",False
104270,"WORN GROMMET ON ENGINE AFT BAFFLE, ON GROMMET HOLE FOR OIL P. INSTALLED NEW GROMMET.","worn grommet on engine aft baffle, on grommet hole for oil pump. installed new grommet.",False
104273,#3 ROCKER COVER GASKET LEAKING. REMOVED & REPLACED GASKET.,number 3 rocker cover gasket leaking. removed and replaced gasket.,False
104274,"LWR RUBBER DRAIN LINES, FOR CYLINDER, CLAMPS ARE LOOSE. SECURED ALL CLAMPS ON OIL RETURN LINES.","lower rubber drain lines, for cylinder, clamps are loose. secured all clamps on oil return lines.",False
104276,#3 ROCKER COVER LEAKING. REMOVED & REPLACED GASKET.,number 3 rocker cover leaking. removed and replaced gasket.,False
104277,#4 INTAKE LEAKING. REMOVED & REPLACED INTAKE GASKET.,number 4 intake leaking. removed and replaced intake gasket.,False
104278,#1 ROCKER COVER IS LEAKING. REMOVED & REPLACED ROCKER COVER GASKET.,number 1 rocker cover is leaking. removed and replaced rocker cover gasket.,False
104279,ALL 4 OIL RETURN LINES ARE LEAKING. TIGHTENED ALL OIL DRAIN LINE HOSE CLAMPS.,all 4 oil return lines are leaking. tightened all oil drain line hose clamps.,False
104280,"#1, 3 ROCKER COVER GASKETS LEAKING. REMOVED COVERS, CLEANED & REPLACED W/ NEW SILICONE GASK","number 1, and number 3 rocker cover gaskets leaking. removed covers, cleaned and replaced with new silicone gask",False
104282,BAFFLE SCREW MISSING BY OIL FILLER TUBE. REPLACED SCREW.,baffle screw missing by oil filler tube. replaced screw.,False
104284,"#4 INTAKE GASKET LEAKING, L/H ENGINE. TORQUED BOLTS ON INTAKE.","number 4 intake gasket leaking, left-hand engine. torqued bolts on intake.",False
104285,"#3/2 INTAKE GASKETS LEAKING, R/H ENGINE. TORQUED BOLTS ON INTAKES.","number 3 and number 2 intake gaskets leaking, right-hand engine. torqued bolts on intakes.",False
104286,#3 INTAKE TUBE GASKET LEAKING. INSTALLED NEW GASKET.,number 3 intake tube gasket leaking. installed new gasket.,False
104287,BAFFLE IS CRACKED ON PREVIOUS REPAIR ON #1 CYL. REMOVED & REPLACED BAFFLE SECTION W/ REPAIRED BAFFLE.,baffle is cracked on previous repair on number 1 cylinder. removed and replaced baffle section with repaired baffle.,False
104288,ROCKER COVER GASKET #2 LEAKING. RESET GASKET.,rocker cover gasket number 2 leaking. reset gasket.,False
104290,"INTAKE GASKETS #2, 4, 1 LEAKING. REMOVED & REPLACED GASKETS.","intake gaskets numbers 2, 4, and 1 leaking. removed and replaced gaskets.",False
104291,"TOP SIDE BAFFLES NEEDS TO BE SECURED. RESECURED CYL #1, 2 & 4 BAFFLE SEALS.","top side baffles needs to be secured. resecured cylinder numbers 1, 2 and 4 baffle seals.",False
104292,R/H AFT BAFFLE BRACKET LOOSE. REMOVED #4 AFT BAFFLE FROM ENGINE. RESECURED BRACKET &,right-hand aft baffle bracket loose. removed number 4 aft baffle from engine. resecured bracket,False
104295,#4 INTAKE GASKET LEAKING. REMOVED & REPLACED GASKET.,number 4 intake gasket leaking. removed and replaced gasket.,False
104296,ALT OUTPUT WIRE LOOSE. SECURED OUTPUT WIRE.,alternator output wire loose. secured output wire.,False
104297,BAFFLE TIE WIRES NOT SECURED. RESECURED BAFFLE TIES.,baffle tie wires not secured. resecured baffle ties.,False
104299,#2 FWD BAFFLE SEAL DISCONNECTED FOR 3 RIVETS. RESECURED BAFFLE.,number 2 forward baffle seal disconnected for 3 rivets. resecured baffle.,False
104300,#2 FWD BAFFLE CHAFING #2 DRAIN LINE. SEPERATED BAFFLE & DRAIN LINE.,number 2 forward baffle chafing number 2 drain line. separated baffle and drain line.,False
104301,#3 AFT BAFFLE CHAFING #3 DRAIN LINE. SEPERATED BAFFLE & DRAIN LINE. INSTALLED HEAT RESISTANT,number 3 aft baffle chafing number 3 drain line. separated baffle and drain line. installed heat resistant,False
104302,ENGINE BAFFLE PLUG WORN OUT. INSTALLED NEW PLUGS.,engine baffle plug worn out. installed new plugs.,False
104303,FUZZ IN OIL COOLER. RMOVED FUZZ.,fuzz in oil cooler. removed fuzz.,False
104304,CYL #2 INTAKE GASKET IS LEAKING. REMOVED & REPLACED GASKET.,cylinder number 2 intake gasket is leaking. removed and replaced gasket.,False
104305,CYL #2 & 4 ROCKER COVER GASKETS LEAKING. REMOVED & REPLACED GASKETS.,cylinder number 2 and number 4 rocker cover gaskets leaking. removed and replaced gaskets.,False
104306,"PILOT NOTICED WHISTLING NOISE ON RUN UP. RAN A/C, UNABLE TO DUPLICATE.","pilot noticed whistling noise on run up. ran aircraft, unable to duplicate.",False
104307,L/H ENG #2 INTAKE GASKET LEAKING. REPLACED GASKET.,left-hand engine number 2 intake gasket leaking. replaced gasket.,False
104308,R/H ENGINE MANIFOLD PRESSURE FITTING LOOSE. TIGHTENED FITTING.,right-hand engine manifold pressure fitting loose. tightened fitting.,False
104311,BACKBONE OF ENG BAFFLING NEEDS TO BE SEALED. SEALED AREA.,backbone of engine baffling needs to be sealed. sealed area.,False
104312,FWD LWR BLACK ENG SEAL WEARING AT AIR INTAKE CAMLOCKS. SEALED AREAS W/ RTV.,forward lower black engine seal wearing at air intake camlocks. sealed areas with rtv.,False
104315,#3 & 4 INTAKES LEAKING ON R/H ENG. REMOVED & REPLACED INTAKE GASKETS.,number 3 and number 4 intakes leaking on right-hand engine. removed and replaced intake gaskets.,False
104316,"#3, 2 & 4 INTAKES LEAKING ON L/H ENG. REMOVED & REPLACED INTAKE GASKETS.","numbers 3, 2 and 4 intakes leaking on left-hand engine. removed and replaced intake gaskets.",False
104318,L/H ENG #3 & 4 INTAKES ARE LEAKING. REMOVED & REPLACED GASKETS.,left-hand engine number 3 and number 4 intakes are leaking. removed and replaced gaskets.,False
104319,R/H ENG #2 & 3 INTAKES ARE LEAKING. REMOVED & REPLACED GASKETS.,right-hand engine number 2 and number 3 intakes are leaking. removed and replaced gaskets.,False
104320,L/H ENG ALL ROCKER COVERS ARE LEAKING. REMOVED & REPLACED GASKETS.,left-hand engine all rocker covers are leaking. removed and replaced gaskets.,False
104322,R/H FWD BAFFLE HAS BROKEN SUPPORT. FABRICATED BRACKET & INSTALLED AT SAME POSITION.,right-hand forward baffle has broken support. fabricated bracket and installed at same position.,False
104325,L/H ENG #1 ROCKER BOX COVER GASKET LEAKING. REMOVED & REPLACED GASKET.,left-hand engine number 1 rocker box cover gasket leaking. removed and replaced gasket.,False
104326,L/H ENG #3 & 2 INTAKE GASKETS LEAKING. REMOVED & REPLACED GASKETS W/ NEW.,left-hand engine number 3 and number 2 intake gaskets leaking. removed and replaced gaskets with new.,False
104327,R/H ENG #2 & 3 ROCKER BOX COVER GASKETS LEAKING. REMOVED & REPLACED GASKETS.,right-hand engine number 2 and number 3 rocker box cover gaskets leaking. removed and replaced gaskets.,False
104328,R/H ENGINE BAFFLE SEALS LOOSE. REPLACED BAFFLE SEAL MATERIAL & SECURED W/ POP RIVETS.,right-hand engine baffle seals loose. replaced baffle seal material and secured with pop rivets.,False
104329,RPM OVERSPEED. C/W LYCOMING  INSP FOR LESS THAN 5% OVERSPEED. V,rpm overspeed. complied with lycoming inspection for less than 5 percent overspeed.,False
104330,#2 INTAKE GASKET HAS SIGNS OF LEAKING. REMOVED & REPLACED GASKET.,number 2 intake gasket has signs of leaking. removed and replaced gasket.,False
104331,"TIE WRAP MISSING BY #1 CYL ANCHOR, FOR WIRES. INSTALLED NEW TIE WRAP.","tie wrap missing by number 1 cylinder anchor, for wires. installed new tie wrap.",False
104332,#2 INTAKE GASKET LEAKING. REMOVED & REPLACED GASKET.,number 2 intake gasket leaking. removed and replaced gasket.,False
104333,ALL INTAKE HOSE CLAMPS LOOSE. TIGHTENED ALL CLAMPS.,all intake hose clamps loose. tightened all clamps.,False
104336,RIVETS WORN THRU AT CENTER LINE OF AFT BAFFLE. DRILLED OUT RIVETS & INSTALLED NEW HARDWARE.,rivets worn through at center line of aft baffle. drilled out rivets and installed new hardware.,False
104337,#3 INTAKE GASKET LEAKING. REPLACED GASKET.,number 3 intake gasket leaking. replaced gasket.,False
104338,CYL #3 AFT BAFFLE BRACKETS LOOSE. OIL LEAK LEAK CK GOOD.,cylinder number 3 aft baffle brackets loose. oil leak leak check good.,False
104339,#1 & 4 ROCKER COVER GASKETS LEAKING. REMOVED & REPLACED GASKETS.,number 1 and number 4 rocker cover gaskets leaking. removed and replaced gaskets.,False
104340,CYL #3 AFT BAFFLE BRACKETS LOOSE. REMOVED & REPLACED RIVETS. REINSTALLED BAFFLE.,cylinder number 3 aft baffle brackets loose. removed and replaced rivets. reinstalled baffle.,False
104341,"CYL #4 AFT BAFFLE IS CRACKED. STOP DRILLED CRACK, FABRICATED PATCH & RIVETED IAW CESS","cylinder number 4 aft baffle is cracked. stop drilled crack, fabricated patch and riveted in accordance with ces",False
104342,LWR BLACK SEAL ABOVE INTAKE WORN SPOTS. FILLED AREAS IN W/ RTV.,lower black seal above intake worn spots. filled areas in with rtv.,False
104343,R/H ENG BOLT MISSING ON AFT #1 CYL BAFFLE. REPLACED BOLT.,right-hand engine bolt missing on aft number 1 cylinder baffle. replaced bolt.,False
104344,L/H ENG #2 & 3 ROCKER GASKETS ARE LEAKING. REPLACED GASKETS.,left-hand engine number 2 and number 3 rocker gaskets are leaking. replaced gaskets.,False
104348,L/H ENGINE HAS SOME LOOSE BAFFLE SEALS. RESECURED LOOSE BAFFLE SEAL ON L/H SIDE OF L/H ENG.,left-hand engine has some loose baffle seals. resecured loose baffle seal on left-hand side of left-hand engine.,False
104353,BAFFLE PLUGS NEEDS TO BE REPLACED. REPLACED BAFFLE PLUGS.,baffle plugs needs to be replaced. replaced baffle plugs.,False
104354,BAFFLING CRACKED BY OIL COOLER ON L/H ENGINE. STOP DRILLED CRACK.,baffling cracked by oil cooler on left-hand engine. stop drilled crack.,False
104355,"#3, 4 INTAKE GASKETS LEAKING ON R/H ENGINE. REMOVED & REPLACED GASKETS.","number 3, and number 4 intake gaskets leaking on right-hand engine. removed and replaced gaskets.",False
104356,#4 ROCKER COVER GASKET LEAKING ON R/H ENGINE. REMOVED & REPLACED GASKET.,number 4 rocker cover gasket leaking on right-hand engine. removed and replaced gasket.,False
104357,L/H ENG CYL #2 & 3 INTAKE GASKETS ARE LEAKING. REMOVED & REPLACED GASKETS.,left-hand engine cylinder number 2 and number 3 intake gaskets are leaking. removed and replaced gaskets.,False
104358,#4 INTAKE LEAKING. REPLACED GASKET.,number 4 intake leaking. replaced gasket.,False
104359,SCREW MISSING IN #3 SIDE BAFFLE. INSTALLED SCREW.,screw missing in number 3 side baffle. installed screw.,False
104360,ADEL CLAMP ON BATTERY MOUNT IS TOO LARGE. INSTALLED SMALLER ADEL CLAMP.,adel clamp on battery mount is too large. installed smaller adel clamp.,False
104361,CYL #2 & 4 INTAKE GASKETS LEAKING. REMOVED & REPLACED INTAKE GASKETS W/ NEW.,cylinder number 2 and number 4 intake gaskets leaking. removed and replaced intake gaskets with new.,False
104362,R/H ENGINE #4 CYL LOW ON COMPRESSION (30 LBS). REMOVED R/H ENGINE #4 CYL.,"right-hand engine number 4 cylinder low on compression, 30 pounds. removed right-hand engine number 4 cylinder.",False
104366,#4 BAFFLE PLUG MISSING. REPLACED MISSING PLUG.,number 4 baffle plug missing. replaced missing plug.,False
104367,#1 CYL INTAKE GASKET LEAKING. REMOVED & REPLACED GASKET.,number 1 cylinder intake gasket leaking. removed and replaced gasket.,False
104368,#4 BAFFLE WIRE CHAFING #4 OIL RETURN TUBE. REPLACED TENSION WIRE.,number 4 baffle wire chafing number 4 oil return tube. replaced tension wire.,False
104369,"#4 CYL HAS LOW COMPRESSION, LEAKING THROUGH EXHAUST VALVE (2. LEAK CK GOOD.","number 4 cylinder has low compression, leaking through exhaust valve. leak check good.",False
104370,"#4 CYL HAS LOW COMPRESSION, LEAKING THROUGH EXHAUST VALVE (2. STARTED TO REMOVE #4 BAFFLES.","number 4 cylinder has low compression, leaking through exhaust valve. started to remove number 4 baffles.",False
104371,"#4 CYL HAS LOW COMPRESSION, LEAKING THROUGH EXHAUST VALVE (2. FINISHED REMOVING CYL ASSY. INSTALLED REPAIRED CYL ASSY","number 4 cylinder has low compression, leaking through exhaust valve. finished removing cylinder assembly. installed repaired cylinder assembly",False
104373,"#4 CYL HAS LOW COMPRESSION, LEAKING THROUGH EXHAUST VALVE (2. REINSTALLED INTAKE, ROCKER COVER, EXHAUST & REROUTED HA","number 4 cylinder has low compression, leaking through exhaust valve. reinstalled intake, rocker cover, exhaust",False
104374,#3 INTAKE TUBE GASKET LEAKING. REMOVED & REPLACED GASKET.,number 3 intake tube gasket leaking. removed and replaced gasket.,False
104377,"BAFFLE ATTACHMENT TAB, BEHIND OIL TUBE, IS LOOSE. TIGHTENED SCREWS.","baffle attachment tab, behind oil tube, is loose. tightened screws.",False
104378,1 BAFFLING PLUG WORN. INSTALLED NEW PLUG.,1 baffling plug worn. installed new plug.,False
104379,"#1, 3 & 4 INTAKES LEAK. REPLACED ALL 3 INTAKE GASKETS.","numbers 1, 3 and 4 intakes leak. replaced all 3 intake gaskets.",False
104380,"LWR BLACK SEAL ON ENG, WORN AT ENGINE INTAKE. SEALED AREA W/ RTV.","lower black seal on engine, worn at engine intake. sealed area with rtv.",False
104381,BACKBONE LEAKS AT BOLT IN MIDDLE. INSTALLED HIGH TEMP SEALANT & RETORQUED BOLT.,backbone leaks at bolt in middle. installed high temperature sealant and retorqued bolt.,False
104382,"#1, 2, 4 INTAKE GASKETS LEAKING. REMOVED & REPLACED GASKETS.","numbers 1, 2, and 4 intake gaskets leaking. removed and replaced gaskets.",False
104383,R/H BAFFLE PLUG REQUIRES REPLACEMENT. REMOVED & REPLACED PLUG W/ NEW.,right-hand baffle plug requires replacement. removed and replaced plug with new.,False
104384,#3 & 4 INTAKE GASKETS ARE LEAKING. REPLACED BOTH GASKETS.,number 3 and number 4 intake gaskets are leaking. replaced both gaskets.,False
104385,BOTH BAFFLE PLUGS NEED TO BE REPLACED. REPLACED BOTH BAFFLE PLUGS.,both baffle plugs need to be replaced. replaced both baffle plugs.,False
104386,#2 CYL INTAKE LEAKS. REPLACED GASKET.,number 2 cylinder intake leaks. replaced gasket.,False
104387,SCREW MISSING ON R/H ENG BAFFLING. INSTALLED NEW SCREW.,screw missing on right-hand engine baffling. installed new screw.,False
104388,#2 INTAKE GASKET IS LEAKING. REPLACED GASKET.,number 2 intake gasket is leaking. replaced gasket.,False
104389,#2 & 4 INTAKES LEAKING ON L/H ENGINE. REMOVED & REPLACED GASKETS.,number 2 and number 4 intakes leaking on left-hand engine. removed and replaced gaskets.,False
104391,L/H ENG CYL #4 BAFFLE SEAL NEEDS TO BE RESECURED. REMOVED & REPLACED BAFFLE.,left-hand engine cylinder number 4 baffle seal needs to be resecured. removed and replaced baffle.,False
104395,#2 & 4 INTAKE GASKETS LEAKING. REMOVED & REPLACED GASKETS.,number 2 and number 4 intake gaskets leaking. removed and replaced gaskets.,False
104397,L/H & R/H BAFFLE PLUGS BROKEN. REMOVED & REPLACED BAFFLE PLUGS.,left-hand and right-hand baffle plugs broken. removed and replaced baffle plugs.,False
104398,#2 & 3 ROCKER COVER GASKETS LEAKING. REMOVED & REPLACED GASKETS.,number 2 and number 3 rocker cover gaskets leaking. removed and replaced gaskets.,False
104400,R/H BAFFLE PLUG IS MISSING. REPLACED PLUG.,right-hand baffle plug is missing. replaced plug.,False
104401,R/H ENG #2 & 4 INTAKE GASKETS LEAKING. REMOVED & REPLACED GASKETS.,right-hand engine number 2 and number 4 intake gaskets leaking. removed and replaced gaskets.,False
104402,#2 INTAKE LEAKING. REMOVED & REPLACED GASKET.,number 2 intake leaking. removed and replaced gasket.,False
104403,#2 INTAKE LEAKING. REMOVED & REPLACED GASKET.,number 2 intake leaking. removed and replaced gasket.,False
104406,R/H ENGINE #3 INTAKE LEAKING. REPLACED GASKET.,right-hand engine number 3 intake leaking. replaced gasket.,False
104407,LEFT ENGINE #2 INTAKE LEAKING. REPLACED GASKET.,left engine number 2 intake leaking. replaced gasket.,False
104408,#4 ROCKER COVER GASKET LEAKING. REMOVED & REPLACED GASKET.,number 4 rocker cover gasket leaking. removed and replaced gasket.,False
104412,"#1 CYL NEEDS TO BE REPLACED. RUN UP, LEAK CK GOOD.","number 1 cylinder needs to be replaced. run up, leak check good.",False
104414,"#3 CYL NEEDS TO BE REPLACED. RUN UP, LEAK CK GOOD.","number 3 cylinder needs to be replaced run up, leak check good.",False
104415,"#4 CYL NEEDS TO BE REPLACED. RUN UP, LEAK CK GOOD.","number 4 cylinder needs to be replaced run up, leak check good.",False
104417,#1 CYL NEEDS TO BE REPLACED. REPLACED CYL W/ NEW CYL ASSY. TORQUED TO CASE.,number 1 cylinder needs to be replaced. replaced cylinder with new cylinder assembly. torqued to case.,False
104420,"#2 CYL NEEDS TO BE REPLACED. COMPLETED INSTALL OF LINES & BAFFLING, INTAKE & EXHAUST","number 2 cylinder needs to be replaced. completed install of lines and baffling, intake and exhaust",False
104421,#3 CYL NEEDS TO BE REPLACED. REPLACED CYL W/ NEW CYL ASSY & TORQUED. INSTALLED LINES,number 3 cylinder needs to be replaced. replaced cylinder with new cylinder assembly and torqued. installed lines,False
104423,#2 CYL INTAKE GASKET LEAKING. REMOVED & REPLACED GASKET.,number 2 cylinder intake gasket leaking. removed and replaced gasket.,False
104427,"INTAKES #1, 2, 3 & 4 LEAKING ON R/H ENGINE. REMOVED & REPLACED ALL GASKETS W/ NEW.","intakes numbers 1, 2, 3 and 4 leaking on right-hand engine. removed and replaced all gaskets with new.",False
104428,R/H ENG #2 INTAKE IS LEAKING. REMOVED & REPLACED GASKET.,right-hand engine number 2 intake is leaking. removed and replaced gasket.,False
104430,OIL COOLER NEEDS CLEANING. CLEANED OIL COOLER.,oil cooler needs cleaning. cleaned oil cooler.,False
104431,#2 & 4 INTAKE GASKET LEAKING. REMOVED & REPLACED INTAKE GASKETS.,number 2 and number 4 intake gasket leaking. removed and replaced intake gaskets.,False
104432,R/H BAFFLE PLUG BROKEN ON #3 CYL. REMOVED & REPLACED BAFFLE PLUG.,right-hand baffle plug broken on number 3 cylinder. removed and replaced baffle plug.,False
104434,#3 INTAKE LEAKING ON R/H ENGINE. REMOVED & REPLACED GASKET.,number 3 intake leaking on right-hand engine. removed and replaced gasket.,False
104435,INTAKE #4 LEAKING ON L/H ENGINE. REMOVED & REPLACED GASKET.,intake number 4 leaking on left-hand engine. removed and replaced gasket.,False
104436,#2 INTAKE GASKET LEAKING. REPLACED INTAKE GASKET.,number 2 intake gasket leaking. replaced intake gasket.,False
104437,#4 INTAKE GASKET LEAKING. REMOVED & REPLACED GASKET.,number 4 intake gasket leaking. removed and replaced gasket.,False
104438,#4 INTAKE LEAKING. ERMOVED & REPLACED GASKET.,number 4 intake leaking. removed and replaced gasket.,False
104439,L/H ENG #4 INTAKE LEAKING. REMOVED & REPLACED GASKET.,left-hand engine number 4 intake leaking. removed and replaced gasket.,False
104440,R/H ENG #4 & 3 INTAKE GASKETS LEAK. REPLACED #3 INTAKE GASKET.,right-hand engine number 4 and number 3 intake gaskets leak. replaced number 3 intake gasket.,False
104441,R/H ENG #4 & 3 INTAKE GASKETS LEAK. REPLACED #4 INTAKE GASKET.,right-hand engine number 4 and number 3 intake gaskets leak. replaced number 4 intake gasket.,False
104443,#4 INTAKE GASKET LEAKING ON L/H ENGINE. REPLACED GASKETS.,number 4 intake gasket leaking on left-hand engine. replaced gaskets.,False
104444,#4 INTAKE GASKET LEAKING ON R/H ENG. REMOVED & REPLACED GASKET.,number 4 intake gasket leaking on right-hand engine. removed and replaced gasket.,False
104447,L/H ENG #3 ROCKER COVER IS LEAKING. REMOVED & REPLACED GASKET.,left-hand engine number 3 rocker cover is leaking. removed and replaced gasket.,False
104448,L/H ENG #2 & 3 INTAKES ARE LEAKING. INSTALLED NEW INTAKE GASKETS.,left-hand engine number 2 and number 3 intakes are leaking. installed new intake gaskets.,False
104449,L/H ENG ALL ROCKER COVER DRAIN HOSE CLAMPS ARE LEAKING. TIGHTENED CLAMPS.,left-hand engine all rocker cover drain hose clamps are leaking. tightened clamps.,False
104450,R/H ENG #3 ROCKER COVER IS LEAKING. REMOVED & REPLACED ROCKER COVER GASKET.,right-hand engine number 3 rocker cover is leaking. removed and replaced rocker cover gasket.,False
104453,"FWD COOLING BAFFLE LOOSE, UNDER ALT. SECURED LOOSE BAFFLE.","forward cooling baffle loose, under alternator. secured loose baffle.",False
104454,CYL #2 BAFFLE SEAL IS LOOSE. RESECURED BAFFLE SEAL.,cylinder number 2 baffle seal is loose. resecured baffle seal.,False
104455,#2 & 3 INTAKES LEAKING. REMOVED & REPLACED GASKETS.,number 2 and number 3 intakes leaking. removed and replaced gaskets.,False
104456,L/H & R/H BAFFLE PLUGS WORN. REMOVED & REPLACED BAFFLE PLUGS.,left-hand and right-hand baffle plugs worn. removed and replaced baffle plugs.,False
104457,L/H ENGINE BAFFLE BY ROCKER COVERS CRACKED. REMOVED & REPLACED L/H ENGINE BAFFLE OVER ROCKER COVERS,left-hand engine baffle by rocker covers cracked. removed and replaced left-hand engine baffle over rocker covers,False
104458,#4 & 3 INTAKE GASKETS LEAKING ON LEFT ENGINE. REMOVED & REPLACED GASKETS.,number 4 and number 3 intake gaskets leaking on left engine. removed and replaced gaskets.,False
104459,"CYLINDER HEAD TEMP WOULD JUMP 150*F. REMOVED & REPLACED CHT PROBE, RAN A/C, OPS GOOD.","cylinder head temperature would jump 150 degrees fahrenheit. removed and replaced cht probe, ran aircraft, operations good.",False
104463,"#3 INTAKE GASKET LEAKING, R/H ENG. REMOVED & REPLACED GASKET.","number 3 intake gasket leaking, right-hand engine. removed and replaced gasket.",False
104464,CYL #3 INTAKE GASKET LEAKING ON L/H ENG. REMOVED & REPLACED GASKET.,cylinder number 3 intake gasket leaking on left-hand engine. removed and replaced gasket.,False
104466,"#1, 2, 4 OIL RETURN LINES LEAKING. TIGHTENED RETURN LINES.","numbers 1, 2, and 4 oil return lines leaking. tightened return lines.",False
104467,R/H REAR ENGINE BAFFLE SCREW MISSING. INSTALLED NEW SCREW.,right-hand rear engine baffle screw missing. installed new screw.,False
104469,CRACK ON L/H UPPER BAFFLE. STOP DRILLED CRACK.,crack on left-hand upper baffle. stop drilled crack.,False
104471,"#1, 2, 4 INTAKES LEAKING. REMOVED & REPLACED INTAKE GASKETS.","numbers 1, 2, and 4 intakes leaking. removed and replaced intake gaskets.",False
104472,"POSSIBLE CRANKSHAFT OIL SEAL LEAKING. REMOVED PROP & FLYWHEEL. INSPECTED CRANKSHAFT, NO LEAK","possible crankshaft oil seal leaking. removed propeller and flywheel. inspected crankshaft, no leak",False
104473,"AFTER START, ENG RAN ROUGH. RPM OVER 1000, ENG WOULD SPUTTER. RAN UP TO OPERATING TEMPS, ENGINE RAN SMOOTH THROUGH AL","after start, engine ran rough. rpm over 1000, engine would sputter. ran up to operating temperatures, engine ran smooth through all",False
104475,#3 BAFFLE TIE ROD BROKEN. REPLACED TIE ROD.,number 3 baffle tie rod broken. replaced tie rod.,False
104476,"#3, 4 INTAKES LEAKING. REMOVED & REPLACED GASKETS.","number 3, and number 4 intakes leaking. removed and replaced gaskets.",False
104477,#3 INTAKE GASKET LEAKING. REMOVED & REPLACED INTAKE GASKET.,number 3 intake gasket leaking. removed and replaced intake gasket.,False
104479,#4 INTAKE LEAKING ON L/H ENGINE. REMOVED & REPLACED GASKET.,number 4 intake leaking on left-hand engine. removed and replaced gasket.,False
104480,#3 ROCKER COVER LEAKING ON R/H ENGINE. REMOVED & REPLACED GASKET.,number 3 rocker cover leaking on right-hand engine. removed and replaced gasket.,False
104481,#1 & 3 ROCKER COVERS ARE LEAKING. REMOVED & REPLACED BOTH ROCKER GASKETS.,number 1 and number 3 rocker covers are leaking. removed and replaced both rocker gaskets.,False
104482,#2 & 4 INTAKE GASKET HAS EVIDENCE OF LEAKING. REPLACED BOTH INTAKE GASKETS.,number 2 and number 4 intake gasket has evidence of leaking. replaced both intake gaskets.,False
104484,"#3 CYL FAILED  @ .032"". FOR BREAK-IN FLIGHT.",number 3 cylinder failed at point 5 inches. for break-in flight.,False
104485,"#4 CYL FAILED  @ .033"". FOR BREAK-IN FLIGHT.",number 4 cylinder failed at point 6 inches. for break-in flight.,False
104486,"#4 CYL FAILED  @ .033"". REASSEMBLED CYL, DRY TAPPET CLEARANCE CK GOOD.","number 4 cylinder failed at point 6 inches. reassembled cylinder, dry tappet clearance check good.",False
104487,"#1 CYL VALVE GUIDE FAILED  @ .035"". FOR BREAK-IN FLIGHT.",number 1 cylinder valve guide failed at point 8 inches. for break-in flight.,False
104488,"#2 CYL FAILED  @ .031"". COMPLETED REASSEMBLY, DRY TAPPET CLEARANCE CK GOOD.","number 2 cylinder failed at point 4 inches. completed reassembly, dry tappet clearance check good.",False
104490,"#3 CYL FAILED  @ .032"". DISASSEMBLED ENGINE. REMOVED CYLINDER. INSTALLED CYL KI",number 3 cylinder failed at point 5 inches. disassembled engine. removed cylinder. installed cylinder kit,False
104491,"#4 CYL FAILED  @ .033"". DISASSEMBLED ENGINE. REMOVED CYLINDER. INSTALLED CYL KI",number 4 cylinder failed at point 6 inches. disassembled engine. removed cylinder. installed cylinder kit,False
104492,"#3 CYL FAILED  @ .032"". REASSEMBLED CYL. EXHAUST PUSH ROD TOO SHORT. REPLACED P",number 3 cylinder failed at point 5 inches. reassembled cylinder. exhaust push rod too short. replaced push rod,False
104494,"#1 CYL VALVE GUIDE FAILED  @ .035"". COMPLETED REASSEMBLY, EXHAUST PUSH ROD TOO SHORT. REPLA","number 1 cylinder valve guide failed at point 8 inches. completed reassembly, exhaust push rod too short. replaced push rod",False
104495,#2 INTAKE GASKET LEAKING. REMOVED & REPLACED INTAKE GASKET.,number 2 intake gasket leaking. removed and replaced intake gasket.,False
104496,R/H BAFFLE PLUG BROKEN. REMOVED & REPLACED PLUG.,right-hand baffle plug broken. removed and replaced plug.,False
104497,"L/H ENG, R/H REAR BAFFLE CRACKED. STOP DRILLED CRACKS.","left-hand engine, right-hand rear baffle cracked. stop drilled cracks.",False
104498,R/H ENGINE #2 & 4 INTAKE TUBE GASKETS LEAK. INSTALLED NEW GASKETS.,right-hand engine number 2 and number 4 intake tube gaskets leak. installed new gaskets.,False
104499,L/H ENG #2 INTAKE TUBE GASKET LEAKING. INSTALLED NEW INTAKE TUBE GASKET.,left-hand engine number 2 intake tube gasket leaking. installed new intake tube gasket.,False
104501,FOD ON TOP OF STARTER. REMOVED FOD.,fod on top of starter. removed fod.,False
104502,BAFFLING ON #3 CYL CRACKED. STOP DRILLED CRACK.,baffling on number 3 cylinder cracked. stop drilled crack.,False
104503,"#2, 4 CYL BAFFLING TENSION RODS NOT CONNECTED. FOUND REAR BAFFLE TENSION ROD TO BE BROKEN, REPLACED TE","number 2, and number 4 cylinder baffling tension rods not connected. found rear baffle tension rod to be broken, replaced tension rod",False
104505,L/H BAFFLE PLUG MISSING. INSTALLED PLUG.,left-hand baffle plug missing. installed plug.,False
104506,FWD INLET SCREEN ON SERVO NEEDS TO BE CLEANED. CLEANED SCREEN.,forward inlet screen on servo needs to be cleaned. cleaned screen.,False
104508,"L/H ENGINE, ENGINE BAFFLE CRACKED AT OIL COOLER. STOP DRILLED CRACK.","left-hand engine, engine baffle cracked at oil cooler. stop drilled crack.",False
104510,"PROP OVERSPEED 2770 FOR 3+ SECONDS. REVIEWED FDM DATA, SHOWED MOMENTARY RPM OF 2772.5, COMP","propeller overspeed 2770 for 3 plus seconds. reviewed fdm data, showed momentary rpm of 2772 point 5",False
104511,#1 INTAKE LEAKING. REPLACED GASKET.,number 1 intake leaking. replaced gasket.,False
104512,#1 FWD BAFFLE CRACKED. STOP DRILLED CRACK.,number 1 forward baffle cracked. stop drilled crack.,False
104514,#4 INTAKE GASKET LEAKING. REPLACED INTAKE GASKET.,number 4 intake gasket leaking. replaced intake gasket.,False
104515,#2 & 1 INTAKES LEAKING. REPLACED GASKETS.,number 2 and number 1 intakes leaking. replaced gaskets.,False
104518,#4 INTAKE GASKET LEAKING. REPLACED GASKET.,number 4 intake gasket leaking. replaced gasket.,False
104519,"#1, 3 INTAKE GASKETS LEAKING. REMOVED & REPLACED GASKETS.","number 1, and number 3 intake gaskets leaking. removed and replaced gaskets.",False
104521,CYL #1 FWD BAFFLE IS CRACKED. STOP DRILLED CRACK.,cylinder number 1 forward baffle is cracked. stop drilled crack.,False
104524,ALL 4 INTAKES LEAKING. REMOVED & REPLACED GASKETS.,all 4 intakes leaking. removed and replaced gaskets.,False
104526,"#2, 3 INTAKE ON R/H ENGINE LEAKING. REMOVED & REPLACED GASKETS.","number 2, and number 3 intake on right-hand engine leaking. removed and replaced gaskets.",False
104528,#2 CYL BAFFLING SEAL UNSECURED ON R/H ENGINE. RESECURED BAFFLE SEAL W/ POP RIVETS.,number 2 cylinder baffling seal unsecured on right-hand engine. resecured baffle seal with pop rivets.,False
104529,"L/H ENG #2, 3 & 4 INTAKE TUBE GASKETS LEAKING. INSTALLED NEW GASKETS.","left-hand engine numbers 2, 3 and 4 intake tube gaskets leaking. installed new gaskets.",False
104530,R/H ENG #2 & 3 INTAKE TUBE GASKETS LEAKING. INSTALLED NEW INTAKE TUBE GASKETS.,right-hand engine number 2 and number 3 intake tube gaskets leaking. installed new intake tube gaskets.,False
104531,ROCKER COVER SCREW IS MISSING. REPLACED ROCKER COVER SCREW.,rocker cover screw is missing. replaced rocker cover screw.,False
104532,HARDWARE MISSING ON #3 BAFFLE. INSTALLED NEW HARDWARE.,hardware missing on number 3 baffle. installed new hardware.,False
104536,ALL ENGINE BAFFLING FELT SEALS DAMAGED & ABRASION BUFFER PAD. CLEANED ALL BAFFLING OF OLD FELT & ADHESIVE. CLEANED AB,all engine baffling felt seals damaged and abrasion buffer pad. cleaned all baffling of old felt and adhesive. cleaned abrasion buffer pad,False
104537,#2 & 4 ROCKER COVERS ARE LEAKING. REMOVED & REPLACED GASKETS.,number 2 and number 4 rocker covers are leaking. removed and replaced gaskets.,False
104539,INTAKES 2 & 3 LEAKING ON L/H ENGINE. REMOVED & REPLACED GASKETS.,intakes 2 and 3 leaking on left-hand engine. removed and replaced gaskets.,False
104540,#1 ROCKER COVER LEAKING ON L/H ENGINE. REMOVED & REPLACED GASKET.,number 1 rocker cover leaking on left-hand engine. removed and replaced gasket.,False
104543,BREATHER TUBE BLOCKED. REMOVED BLOCKAGE,breather tube blocked. removed blockage,False
104545,"WHEN LEANING OUT ENGINE, ENGINE WOULD QUIT & DIE. RAN A/C & WARMED ENGINE. ALL CHECKS GOOD. NO DEFECTS FO","when leaning out engine, engine would quit and die. ran aircraft and warmed engine. all checks good. no defects found",False
104546,START ASSIST NEEDED. STARTED A/C FOR PILOT.,start assist needed. started aircraft for pilot.,False
104547,#3 INTAKE GASKET LEAKING. REMOVED & REPLACED GASKET.,number 3 intake gasket leaking. removed and replaced gasket.,False
104548,#1 INTAKE LEAKING. REMVED & REPLACED GASKET.,number 1 intake leaking. removed and replaced gasket.,False
104550,#2 INTAKE LEAKING. REMOVED & REPLACED GASKET.,number 2 intake leaking. removed and replaced gasket.,False
104551,"L/H ENG #2, 3, 4 INTAKE GASKETS ARE LEAKING. REMOVED & REPLACED GASKETS.","left-hand engine numbers 2, 3, and 4 intake gaskets are leaking. removed and replaced gaskets.",False
104552,R/H ENGINE ALL 4 INTAKE GASKETS ARE LEAKING. REMOVED & REPLACED ALL 4 GASKETS.,right-hand engine all 4 intake gaskets are leaking. removed and replaced all 4 gaskets.,False
104555,#2 INTAKE LEAKING. REMOVED & REPLACED INTAKE GASKET.,number 2 intake leaking. removed and replaced intake gasket.,False
104556,ROCKER COVERS 1 & 3 LEAKING. REMOVED & REPLACED GASKETS.,rocker covers 1 and 3 leaking. removed and replaced gaskets.,False
104559,#2 INTAKE GASKET IS LEAKING. REPLACED GASKET.,number 2 intake gasket is leaking. replaced gasket.,False
104560,#2 SIDE BAFFLE SEAL IS LOOSE. SECURED W/ POP RIVETS.,number 2 side baffle seal is loose. secured with pop rivets.,False
104564,"2, 3, 4 INTAKES ARE LEAKING ON LEFT ENGINE. REMOVED & REPLACED INTAKE GASKETS W/ NEW.","2, 3, and 4 intakes are leaking on left engine. removed and replaced intake gaskets with new.",False
104568,"#3 CYL EXHAUST VALVE FAILED  (EX CLEARNACE .034""). LEAK CK GOOD.","number 3 cylinder exhaust valve failed, exhaust clearance point 7 inches. leak check good.",False
104569,"#2 CYL EXHAUST VALVE FAILED  (EX CLEARNACE .035""). STARTED DISASSEMBLY.","number 2 cylinder exhaust valve failed, exhaust clearance point 8 inches. started disassembly.",False
104570,"#4 CYL EXHAUST VALVE FAILED  (EX CLEARNACE .033""). LEAK CK GOOD. FOR MX BREAK-IN FLIGHT.","number 4 cylinder exhaust valve failed, exhaust clearance point 6 inches. leak check good. for maintenance break-in flight.",False
104571,"#1 CYL EXHAUST VALVE FAILED  (EX CLEARANCE .033""). REPLACED CYLINDER W/ NEW CYLINDER. TORQUED TO CASE, STA","number 1 cylinder exhaust valve failed, exhaust clearance point 6 inches. replaced cylinder with new cylinder. torqued to case",False
104574,"#3 CYL EXHAUST VALVE FAILED  (EX CLEARNACE .034""). REPLACED CYLINDER, TORQUED TO CASE, DRY TAPPET CLEARANC","number 3 cylinder exhaust valve failed, exhaust clearance point 7 inches. replaced cylinder, torqued to case, dry tappet clearance check good",False
104575,"#4 CYL EXHAUST VALVE FAILED  (EX CLEARNACE .033""). REPLACED CYLINDER, TORQUED TO CASE, DRY TAPPET CLEARANC","number 4 cylinder exhaust valve failed, exhaust clearance point 6 inches. replaced cylinder, torqued to case, dry tappet clearance check good",False
104576,#4 INTAKE LEAKING. REPLACED INTAKE GASKET.,number 4 intake leaking. replaced intake gasket.,False
104580,#2 INTAKE GASKET LEAKING. REPLACED GASKET.,number 2 intake gasket leaking. replaced gasket.,False
104581,#2 INTAKE TUBE GASKET LEAKING. REPLACED GASKET.,number 2 intake tube gasket leaking. replaced gasket.,False
104582,#2 LOWER INTAKE CLAMP LOOSE. RESECURED CLAMP.,number 2 lower intake clamp loose. resecured clamp.,False
104583,#4 INTAKE LEAKING. REMOVED & REPLACED GASKET.,number 4 intake leaking. removed and replaced gasket.,False
104584,SCREW MISSING ON BACK OF #3 BAFFLE. INSTALLED NEW SCREW.,screw missing on back of number 3 baffle. installed new screw.,False
104586,R/H BAFFLE PLUG NEEDS TO BE REPLACED. INSTALLED NEW PLUG.,right-hand baffle plug needs to be replaced. installed new plug.,False
104588,#2 INTAKE IS LEAKING. REMOVED & REPLACED GASKET.,number 2 intake is leaking. removed and replaced gasket.,False
104589,ENGINE DIRTY. WASHED ENGINE.,engine dirty. washed engine.,False
104590,OIL SEEPING FROM TOP OF CASE HALVES. LEAK CK GOOD.,oil seeping from top of case halves. leak check good.,False
104591,OIL SEEPING FROM TOP OF CASE HALVES. CLEANED & SEALED LEAKING BOLT HOLE.,oil seeping from top of case halves. cleaned and sealed leaking bolt hole.,False
104592,#3 REAR BAFFLE MOUNTING BRACKET CRACKED. INSTALLED REPAIRED R/H REAR BAFFLE.,number 3 rear baffle mounting bracket cracked. installed repaired right-hand rear baffle.,False
104593,#2 & 3 ROCKER COVERS LEAKING. REMOVED & REPLACED GASKETS.,number 2 and number 3 rocker covers leaking. removed and replaced gaskets.,False
104594,"L/H ENG #3, 4 INTAKE GASKETS LEAKING. REMOVED & REPLACED BOTH INTAKE GASKETS.","left-hand engine number 3, and number 4 intake gaskets leaking. removed and replaced both intake gaskets.",False
104597,SNIFFLER VALVES DIRTY. CLEANED BOTH SNIFFLER VALVES.,sniffler valves dirty. cleaned both sniffler valves.,False
104603,HARD LANDING REPORTED BY TOWER. COMPLETED REASSEMBLY; INCLUDING FUEL LINES AT PUMP. RAN,hard landing reported by tower. completed reassembly; including fuel lines at pump.,False
104604,"L/H MAG, LOWER STUD PULLED OUT FROM CASE. DAMAGED AREA NOT REPAIRABLE. INSTALLED & TORQUED ORIGIN","left-hand magneto, lower stud pulled out from case. damaged area not repairable. installed and torqued original left-hand magneto",False
104605,UPPER EXHAUST SHROUD DOES NOT ALIGN W/ LOWER SHROUD. TRIMMED FRONT BAFFLE & SEAL TO ALLOW PROPER ALIGNMENT.,upper exhaust shroud does not align with lower shroud. trimmed front baffle and seal to allow proper alignment.,False
104606,#2 INTAKE TUBE GASKET LEAKING. INSTALLED NEW INTAKE GASKET.,number 2 intake tube gasket leaking. installed new intake gasket.,False
104607,#2 INTAKE GASKET LEAKING. REMOVED & REPLACED GASKET.,number 2 intake gasket leaking. removed and replaced gasket.,False
104608,#2 CYL ROCKER GASKET LEAKING. REMOVED & REPLACED ROCKER COVER GASKET.,number 2 cylinder rocker gasket leaking. removed and replaced rocker cover gasket.,False
104609,R/H FWD ENGINE BAFFLE BOLT NEEDS TO BE SAFETIED. SAFETIED R/H FWD ENGINE BAFFLE BOLT.,right-hand forward engine baffle bolt needs to be safetied. safetied right-hand forward engine baffle bolt.,False
104610,FRONT ENG SEAL (BLACK) ABOVE AIR INTAKE WORN SPOTS. INSTALLED RTV TO WORN AREAS.,"front engine seal, black, above air intake worn spots. installed rtv to worn areas.",False
104614,#4 CYL ON R/H ENGINE BAFFLE SEALS NEED TO BE SECURED. RESECURED BAFFLE SEALS W/ POP RIVETS.,number 4 cylinder on right-hand engine baffle seals need to be secured. resecured baffle seals with pop rivets.,False
104615,#2 INTAKE LEAKING. REMOVED & REPLACED GASKET.,number 2 intake leaking. removed and replaced gasket.,False
104616,#1 ROCKER COVER LEAKING. REMOVED & REPLACED GASKET.,number 1 rocker cover leaking. removed and replaced gasket.,False
104617,#2 & 3 INTAKE GASKETS LEAKING. REMED & REPLACED GASKETS.,number 2 and number 3 intake gaskets leaking. removed and replaced gaskets.,False
104618,CYL #2 INTAKE GASKET IS LEAKING. REMOVED & REPLACED INTAKE GASKET.,cylinder number 2 intake gasket is leaking. removed and replaced intake gasket.,False
104619,"#3, 4 PISTON PINS DAMAGED DURING REMOVAL. REPLACED PINS W/ NEW PARTS.","number 3, and number 4 piston pins damaged during removal. replaced pins with new parts.",False
104620,"#1, 3 INTAKE PUSH ROD TOO LONG. REPLACED PUSH RODS, DRY TAPPET CLEARANCE GOOD.","number 1, and number 3 intake push rod too long. replaced push rods, dry tappet clearance good.",False
104623,"INSPECTED & FOUND CRANKSHAFT TO BE GOUGED BEHIND CRANKSHAFT. INSTALLED BAFFLES, ROUTED & SECURED ALL ENGINE ELECTRIC","inspected and found crankshaft to be gouged behind crankshaft. installed baffles, routed and secured all engine electrical wires",False
104625,"INSPECTED & FOUND CRANKSHAFT TO BE GOUGED BEHIND CRANKSHAFT. REMOVED STARTER, ALTERNATOR & OIL COOLER. UNBOLTED FUEL","inspected and found crankshaft to be gouged behind crankshaft. removed starter, alternator and oil cooler. unbolted fuel pump",False
104627,INSPECTED & FOUND CRANKSHAFT TO BE GOUGED BEHIND CRANKSHAFT. CRANKSHAFT GEAR & LOCK PLATE WERE TORQUED TO 204 IN/LBS,inspected and found crankshaft to be gouged behind crankshaft. crankshaft gear and lock plate were torqued to 204 inch pounds,False
104628,#2 & 3 INTAKES LEAKING. REMOVED & REPLACED GASKETS.,number 2 and number 3 intakes leaking. removed and replaced gaskets.,False
104629,#4 INTAKE IS LEAKING. REPLACED W/ NEW GASKET.,number 4 intake is leaking. replaced with new gasket.,False
104630,"R/H ENG #3 CYL HAS NO COMPRESSION. RAN ENGINE, OPS & LEAK CK GOOD.","right-hand engine number 3 cylinder has no compression. ran engine, operations and leak check good.",False
104632,"#1, 2 & 4 INTAKE GASKETS ARE LEAKING (R/H ENG). REMOVED & REPLACED INTAKE GASKETS.","numbers 1, 2 and 4 intake gaskets are leaking, right-hand engine. removed and replaced intake gaskets.",False
104633,R/H ENG #3 CYL HAS NO COMPRESSION. INSPECTED & FOUND EXHAUST VALVE TO BE BURNT. REMOVED #3,right-hand engine number 3 cylinder has no compression. inspected and found exhaust valve to be burnt. removed number 3 cylinder,False
104634,"R/H ENG #3 CYL HAS NO COMPRESSION. INSTALLED LONGER PUSH ROD, EXHAUST ALVE LEAK CK GOOD. R","right-hand engine number 3 cylinder has no compression. installed longer push rod, exhaust valve leak check good.",False
104635,"L/H ENG, L/H REAR BAFFLE SECTION NEEDS REPAIR. TRANSFERRED AIRWORTHY PARTS TO REPAIRED BAFFLE ASSY.","left-hand engine, left-hand rear baffle section needs repair. transferred airworthy parts to repaired baffle assembly.",False
104636,R/H NACELLE VENT HAS BENT FLANGE. CK'ED OK.,right-hand nacelle vent has bent flange. checked ok.,False
104638,L/H ENG #3 AFT BAFFLE HAS CRACK. STOP DRILLED CRACK.,left-hand engine number 3 aft baffle has crack. stop drilled crack.,False
104639,#2 & 3 INTAKES LEAKING ON L/H ENG. REMOVED & REPLACED GASKETS.,number 2 and number 3 intakes leaking on left-hand engine. removed and replaced gaskets.,False
104641,"INTAKES 2, 3 & 4 LEAKING ON R/H ENGINE. REMOVED & REPLACED GASKETS.","intakes 2, 3 and 4 leaking on right-hand engine. removed and replaced gaskets.",False
104642,ENGINE BAFFLE PLUGS WORN. INSTALLED NEW PLUGS.,engine baffle plugs worn. installed new plugs.,False
104643,#2 & 4 INTAKES LEAKING. REMOVED & REPLACED GASKET.,number 2 and number 4 intakes leaking. removed and replaced gasket.,False
104645,"#2 ROCKER COVER GASKET LEAKING. REMOVED, CLEANED SURFACES & REINSTALLED #3 ROCKER COVER","number 2 rocker cover gasket leaking. removed, cleaned surfaces and reinstalled number 3 rocker cover",False
104646,ALL ROCKER COVERS ARE LEAKING. REMOVED & REPLACED GASKETS.,all rocker covers are leaking. removed and replaced gaskets.,False
104649,"WHILE IN LEVEL FLIGHT, AFTER PERFORMING A FEW HIGH POWER MAN. RAN UP ENGINE, LEAK CK GOOD. FOR MX FL","while in level flight, after performing a few high power maneuvers. ran up engine, leak check good.",False
104651,"R/H REAR ENGINE BAFFLE MOUNT LOOSE. REMOVED R/H REAR BAFFLE, REATTACHED BAFFLE MOUNT & REIN","right-hand rear engine baffle mount loose. removed right-hand rear baffle, reattached baffle mount and reinstalled baffle",False
104652,BOLT LEAKING ON TOP OF CASE HALVES. LEAK CK GOOD.,bolt leaking on top of case halves. leak check good.,False
104653,BOLT LEAKING ON TOP OF CASE HALVES. RETORQUED LOOSE BOLT.,bolt leaking on top of case halves. retorqued loose bolt.,False
104654,INTAKES 3 & 4 LEAKING ON R/H ENGINE. REPLACED INTAKE GASKETS.,intakes 3 and 4 leaking on right-hand engine. replaced intake gaskets.,False
104655,"INTAKES 2, 3 & 4 LEAKING ON L/H ENGINE. REMOVED & REPLACED GASKETS.","intakes 2, 3 and 4 leaking on left-hand engine. removed and replaced gaskets.",False
104656,#4 & 2 INTAKE GASKET LEAKING. REMOVED & REPLACED GASKETS.,number 4 and number 2 intake gasket leaking. removed and replaced gaskets.,False
104657,#4 ROCKER COVER GASKET LEAKING. REMOVED & REPLACED GASKET.,number 4 rocker cover gasket leaking. removed and replaced gasket.,False
104658,IDLE RPM LOW. ADJUSTED IDLE RPM FOR SEASONAL CONDITIONS.,idle rpm low. adjusted idle rpm for seasonal conditions.,False
104660,UPPER OIL LINE TO OIL COOLER ADEL CLAMP BROKEN. REMOVED & REPLACED CLAMP W/ NEW.,upper oil line to oil cooler adel clamp broken. removed and replaced clamp with new.,False
104661,"ON START; HEARD A CLICK AS MAGS TRIED TO TURN OVER. STARTED A/C 2 DIFFERENT TIMES, COULD NOT DUPLICATE DISC","on start; heard a click as magnetos tried to turn over. started aircraft 2 different times, could not duplicate discrepancy",False
104662,SNIFFLER VALVES NEED TO BE CLEANED. CLEANED BOTH SNIFFLER VALVES.,sniffler valves need to be cleaned. cleaned both sniffler valves.,False
104664,R/H ENGINE BAFFLE COVER CAM LOCK NEEDS TO BE FIXED. REMOVED & REPLACED BROKEN CAM LOCK.,right-hand engine baffle cover cam lock needs to be fixed. removed and replaced broken cam lock.,False
104665,#4 INTAKE LEAKS ON R/H ENG. REPLACED GASKET.,number 4 intake leaks on right-hand engine. replaced gasket.,False
104666,NLG DOWN LOCK AFT TRUNNION BOLT LOOSE ON R/H. TIGHTENED BOLT.,nose landing gear down lock aft trunnion bolt loose on right-hand. tightened bolt.,False
104668,SNIFFLER VALVES DIRTY. CLEANED VALVES.,sniffler valves dirty. cleaned valves.,False
104670,"INTAKES 2, 3 & 4 LEAKING ON L/H ENGINE. REMOVED & REPLACED GASKETS.","intakes 2, 3 and 4 leaking on left-hand engine. removed and replaced gaskets.",False
104671,"DURING PREFLIGHT, WHEN ENGINE COVER WAS REMOVED, OIL OBSERVE. INSPECTED, FOUND EVIDENCE OF ROCKER COVER GASKETS LEAKI","during preflight, when engine cover was removed, oil observed. inspected, found evidence of rocker cover gaskets leaking",False
104673,"L/H ENG FAILED 3 TIMES AFTER COMING TO A STOP AFTER LANDING. INSPECTED L/H ENGINE, NO DEFECTS FOUND. PERFORMED GROUN","left-hand engine failed 3 times after coming to a stop after landing. inspected left-hand engine, no defects found. performed ground run",False
104674,R/H REAR BAFFLE INSP HOLE WORN. INSTALLED BAFFLE PATCH.,right-hand rear baffle inspection hole worn. installed baffle patch.,False
104675,#3 INTAKE GASKET LEAKING. REMOVED & REPLACED GASKET.,number 3 intake gasket leaking. removed and replaced gasket.,False
104676,#4 INTAKE LEAKS. REMOVED & REPLACED GASKET.,number 4 intake leaks. removed and replaced gasket.,False
104677,BLACK FWD COWL (ENG) SEAL WORN BY INTAKE FILTER. APPLIED BLACK SILICONE TO FRONT ENGINE BAFFLE SEAL.,"black forward cowl, engine, seal worn by intake filter. applied black silicone to front engine baffle seal.",False
104679,#2 & 4 INTAKES LEAKING ON L/H ENGINE. REMOVED & REPLACED GASKETS.,number 2 and number 4 intakes leaking on left-hand engine. removed and replaced gaskets.,False
104680,RIGHT ENGINE W/ SUSTAINED OVERSPEED GENERALLY AROUND 2720. A. RAN A/C; RPM CHECKS GOOD. FOR MX FLIGH,right engine with sustained overspeed generally around 2720. a ran aircraft; rpm checks good.,False
104681,"R/H ENGINE HAS OIL LEAK ON LIFT BOLT. REMOVED BOLT, APPLIED HIGH TEMP SILICONE & RETORQUED BO","right-hand engine has oil leak on lift bolt. removed bolt, applied high temperature silicone and retorqued bolt",False
104683,#2 CYLINDER INTAKE O-RING UNSEATED. REMOVED & REPLACED GASKET & O-RING.,number 2 cylinder intake o-ring unseated. removed and replaced gasket and o-ring.,False
104684,#4 INTAKE LEAKING. REMOVED & REPLACED GASKET.,number 4 intake leaking. removed and replaced gasket.,False
104687,"#1, 2 & 3 INTAKE TUBE GASKETS LEAKING. INSTALLED NEW GASKETS.","numbers 1, 2 and 3 intake tube gaskets leaking. installed new gaskets.",False
104688,BLACK SEAL FOR ENG WORN AT INTAKE. APPLIED RTV TO WORN AREAS.,black seal for engine worn at intake. applied rtv to worn areas.,False
104690,#4 CYL EXHAUST VALVE FAILED . LEAK & OPS CK GOOD.,number 4 cylinder exhaust valve failed . leak and operations check good.,False
104691,"#1 CYL EXHAUST VALVE FAILED . INSTALLLED FWD BAFFLE, SIDE BAFFLE, ALTERNATOR & ATTACH","number 1 cylinder exhaust valve failed . installled forward baffle, side baffle, alternator and attaching",False
104692,"#1 CYL EXHAUST VALVE FAILED . REMOVED FWD BAFFLE, SIDE BAFFLE, ALTERNATOR & ATTACHING","number 1 cylinder exhaust valve failed . removed forward baffle, side baffle, alternator and attaching",False
104693,#4 CYL EXHAUST VALVE FAILED . INSTALLED & TORQUED INJECTOR LINE. REINSTALLED #4 CYL &,number 4 cylinder exhaust valve failed . installed and torqued injector line. reinstalled number 4 cylinder,False
104694,#4 CYL EXHAUST VALVE FAILED . REMOVED #4 CYL SIDE & AFT BAFFLE. REMOVED #4 INJECTOR L,number 4 cylinder exhaust valve failed . removed number 4 cylinder side and aft baffle. removed number 4 injector line,False
104695,2 & 3 INTAKES LEAKING. REPLACED INTAKE GASKETS.,2 and 3 intakes leaking. replaced intake gaskets.,False
104696,"#4 CYL FAILED . REMOVED BAFFLING, INTAKE, EXHAUST, OIL RETURN & INJ LIN","number 4 cylinder failed . removed baffling, intake, exhaust, oil return and injector line",False
104697,"#4 CYL FAILED . REINSTALLED EXHAUST, INTAKE, INJECTION LINE & BAFFLING.","number 4 cylinder failed . reinstalled exhaust, intake, injection line and baffling.",False
104698,#3 CYL INTAKE L/H ENG LEAKS. REPLACED GASKET.,number 3 cylinder intake left-hand engine leaks. replaced gasket.,False
104699,"L/H ENG #2 CYL HAS LOW COMPRESSION. RAN A/C, OPS & LEAK CK GOOD.","left-hand engine number 2 cylinder has low compression. ran aircraft, operations and leak check good.",False
104700,"L/H ENG #2 CYL HAS LOW COMPRESSION. REMOVED BAFFLING, #2 INTAKE TUBE, #2 EXHAUST TUBE, #2 &","left-hand engine number 2 cylinder has low compression. removed baffling, number 2 intake tube, number 2 exhaust tube",False
104702,L/H ENG #2 CYL HAS LOW COMPRESSION. REMOVED INTAKE & EXHAUST VALVES. REMOVED & REPLACED EXH,left-hand engine number 2 cylinder has low compression. removed intake and exhaust valves. removed and replaced exhaust valves,False
104705,#2 INTAKE LEAKING. REMOVED & REPLACED GASKET.,number 2 intake leaking. removed and replaced gasket.,False
104706,"#2, 3 & 4 INTAKE GASKETS LEAKING. REPLACED GASKETS.","numbers 2, 3 and 4 intake gaskets leaking. replaced gaskets.",False
104707,SCREW FOR ENG BAFFLE BEHIND OIL DIPSTICK TUBE LOOSE. TIGHTENED SCREW.,screw for engine baffle behind oil dipstick tube loose. tightened screw.,False
104708,#2 INTAKE LEAKING ON L/H ENGINE. INSTALLED NEW GASKET.,number 2 intake leaking on left-hand engine. installed new gasket.,False
104710,#2 CYL BAFFLE MISSING SCREW. INSTALLED SCREW.,number 2 cylinder baffle missing screw. installed screw.,False
104711,"#3 & 4 INTAKE GASKETS ARE LEAKING. OK, OIL ON EDGES.","number 3 and number 4 intake gaskets are leaking. ok, oil on edges.",False
104712,#4 CYL NEEDS TO BE CHANGED (FAILED ). FINISHED ENGINE ASSEMBLY.,"number 4 cylinder needs to be changed, failed. finished engine assembly.",False
104714,"CYL #4 EXHAUST VALVE LASH IS EXCESSIVE. INSTALLED #31 PUSH ROD, LASH CK GOOD.","cylinder number 4 exhaust valve lash is excessive. installed number 31 push rod, lash check good.",False
104715,"CYL #2, 3, 1 CHT RECEPTICLES REQUIRE REPLACEMENT. INSTALLED NEW CHT RECEPTILES.","cylinder numbers 2, 3, and 1 cht receptacles require replacement. installed new cht receptacles.",False
104718,"#4 CYL NEEDS TO BE CHANGED (FAILED ). REMOVED BAFFLING, CYL, PISTONS & ATTACHING HARDWARE.","number 4 cylinder needs to be changed, failed. removed baffling, cylinder, pistons and attaching hardware.",False
104719,#1 CYL NEEDS TO BE CHANGED (FAILED ). REMOVED #1 CYL & PISTON. INSTALLED PISTON RINGS & CYL.,"number 1 cylinder needs to be changed, failed. removed number 1 cylinder and piston. installed piston rings and cylinder.",False
104720,#2 CYL NEEDS TO BE CHANGED (FAILED ). INSTALLED PISTON RINGS & CYL. LUBED & TORQUED CYL BASE,"number 2 cylinder needs to be changed, failed. installed piston rings and cylinder. lubed and torqued cylinder base",False
104722,#4 CYL NEEDS TO BE CHANGED (FAILED ). INSTALLED PISTON RINGS & CYL. LUBED & TORQUED CYL BASE,"number 4 cylinder needs to be changed, failed. installed piston rings and cylinder. lubed and torqued cylinder base",False
104723,"#1 CYL NEEDS TO BE CHANGED (FAILED ). REMOVED FWD BAFFLE, MUFFLER, ALTERNATOR, INTAKE & LINES","number 1 cylinder needs to be changed, failed. removed forward baffle, muffler, alternator, intake and lines",False
104725,"#2 CYL NEEDS TO BE CHANGED (FAILED ). INSTALLED INTAKE TUBE, CHT PROBE, INTERCYL BAFFLING, BA","number 2 cylinder needs to be changed, failed. installed intake tube, cht probe, intercylinder baffling",False
104726,"#3 CYL NEEDS TO BE CHANGED (FAILED ). REMOVED AFT BAFFLE, INTAKE LINES (OIL & FUEL) & OIL COO","number 3 cylinder needs to be changed, failed. removed aft baffle, intake lines, oil and fuel, and oil cooler",False
104728,"#4 CYL NEEDS TO BE CHANGED (FAILED ). INSTALLED INTAKE TUBE, CHT PROBE, WIRING, INJECTOR LINE","number 4 cylinder needs to be changed, failed. installed intake tube, cht probe, wiring, injector line",False
104733,#4 INTAKE GASKET LEAKING. REMOVED & REPLACED GASKET.,number 4 intake gasket leaking. removed and replaced gasket.,False
104734,#3 INTAKE GASKET LEAKING. REMOVED & REPLACED GASKET.,number 3 intake gasket leaking. removed and replaced gasket.,False
104735,R/H BAFFLE TIE BROKEN. REMOVED & REPLACED BAFFLE TIE.,right-hand baffle tie broken. removed and replaced baffle tie.,False
104736,#3 AFT BAFFLE ATTACH FITTING CRACKED. REMOVED & REPLACED ATTACH FITTING.,number 3 aft baffle attach fitting cracked. removed and replaced attach fitting.,False
104737,SCROLL NEEDS TO BE CLEANED. CLEANED SCROLL.,scroll needs to be cleaned. cleaned scroll.,False
104738,L/H ENGINE BAFFLE DEFLECTOR CRACKED. PATCHED BAFFLE.,left-hand engine baffle deflector cracked. patched baffle.,False
104739,L/H ENGINE BAFFLE CRACKED. REMOVED & REPLACED BAFFLE.,left-hand engine baffle cracked. removed and replaced baffle.,False
104740,#1 INTAKE TUBE NEEDS TO BE REPLACED. INSTALLED INTAKE TUBE.,number 1 intake tube needs to be replaced. installed intake tube.,False
104742,R/H ENGINE BAFFLE DEFLECTOR CRACKED. REPLACED BAFFLE DEFLECTOR.,right-hand engine baffle deflector cracked. replaced baffle deflector.,False
104744,ENGINE NEEDS TO BE REMOVED FOR METAL FOUND IN OIL. REMOVED ENGINE FROM AIRFRAME.,engine needs to be removed for metal found in oil. removed engine from airframe.,False
104746,"ENGINE NEEDS TO BE REMOVED FOR METAL FOUND IN OIL. INSTALLED OIL COOLERS & LINES ON COOLERS, ADEL CLAMP &","engine needs to be removed for metal found in oil. installed oil coolers and lines on coolers, adel clamp",False
104747,ENGINE NEEDS TO BE REMOVED FOR METAL FOUND IN OIL. REMOVED & CLEANED BAFFLING FROM ENGINE. BEGAN TRANSFERR,engine needs to be removed for metal found in oil. removed and cleaned baffling from engine. began transferring oil,False
104749,ENGINE NEEDS TO BE REMOVED FOR METAL FOUND IN OIL. REPLACED BAFFLE FELT. BEGAN INSTALLING ENGINE BAFFLING.,engine needs to be removed for metal found in oil. replaced baffle felt. began installing engine baffling.,False
104753,"MANIFOLD PSI WAS HIGH IN HOVER, 26 IN. PERFORMED LOW ROTOR R. REMOVED & REPLACED ALL INTAKE GASKETS & SEALS.","manifold psi was high in hover, 26 inches. performed low rotor run up. removed and replaced all intake gaskets and seals.",False
104754,"MANIFOLD PSI WAS HIGH IN HOVER, 26 IN. PERFORMED LOW ROTOR R. RAN A/C, CONFIRMED KNOCKING NOISE FROM PASS DOWN. FOUND","manifold psi was high in hover, 26 inches. performed low rotor rup. ran aircraft, confirmed knocking noise from pass down.",False
104755,CYL #2 REQUIRES NEW ROCKER COVER GASKET. REMOVED & REPLACED GASKET W/ NEW.,cylinder number 2 requires new rocker cover gasket. removed and replaced gasket with new.,False
104756,#1 INTAKE GASKET IS LEAKING. REPLACED GASKET.,number 1 intake gasket is leaking. replaced gasket.,False
104758,"#1, 2, 3 & 4 INTAKES LEAKING ON R/H ENGINE. INSTALLED ALL NEW GASKETS.","numbers 1, 2, 3 and 4 intakes leaking on right-hand engine. installed all new gaskets.",False
104759,#3 INTAKE GASKET LEAKING. REMOVED & REPLACED GASKET.,number 3 intake gasket leaking. removed and replaced gasket.,False
104760,"UPON LEANING MIXTURE ON GROUND; ENGINE QUIT. RESTARTED, SPUT. RAN A/C, WARMED ENGINE FOR 5 MINUTES. ALL CHECKS GOOD.","upon leaning mixture on ground; engine quit. restarted, sputtered. ran aircraft, warmed engine for 5 minutes. all checks good.",False
104761,#1 & 3 INTAKE GASKETS LEAKING. INSTALLED NEW GASKETS.,number 1 and number 3 intake gaskets leaking. installed new gaskets.,False
104762,#2 & 3 INTAKE GASKETS LEAKING. REMOVED & REPLACED GASKETS.,number 2 and number 3 intake gaskets leaking. removed and replaced gaskets.,False
104763,L/H FWD ENG SEAL NEEDS RIVET. INSTALLED NEW RIVET.,left-hand forward engine seal needs rivet. installed new rivet.,False
104764,#4 INTAKE GASKET LEAKING. REMOVED & REPLACED GASKET.,number 4 intake gasket leaking. removed and replaced gasket.,False
104767,#4 INTAKE LEAKING. REMOVED & REPLACED GASKET.,number 4 intake leaking. removed and replaced gasket.,False
104769,#4 CYLINDER COMPRESSION BELOW 40 PSI. LEAKING PAST EXHAUST. REMOVED AIR INTAKE BOX. REMOVED MUFFLER & STACKS. REMOV,number 4 cylinder compression below 40 psi. leaking past exhaust. removed air intake box. removed muffler and stacks.,False
104770,#4 CYLINDER COMPRESSION BELOW 40 PSI. LEAKING PAST EXHAUST. INSTALLED REPAIRED CYLINDER ASSY W/ NEW BASE O-RING. TO,number 4 cylinder compression below 40 psi. leaking past exhaust. installed repaired cylinder assembly with new base o-ring.,False
104771,#4 CYLINDER COMPRESSION BELOW 40 PSI. LEAKING PAST EXHAUST. REMOVED & REPLACED EXHAUST PUSH ROD W/ -29 PUSH ROD. EX,number 4 cylinder compression below 40 psi. leaking past exhaust. removed and replaced exhaust push rod with number 29 push rod.,False
104773,R/H BAFFLE PLUG REQUIRES A PATCH. INSTALLED PATCH ON BAFFLING.,right-hand baffle plug requires a patch. installed patch on baffling.,False
104774,#2 & 4 CYLINDER INTAKE GASKETS LEAKING. REMOVED & REPLACED GASKETS.,number 2 and number 4 cylinder intake gaskets leaking. removed and replaced gaskets.,False
104775,#2 CYL SIDE BAFFLE MISSING BOLT. INSTALLED BOLT IN #2 CYL SIDE BAFFLE.,number 2 cylinder side baffle missing bolt. installed bolt in number 2 cylinder side baffle.,False
104776,#3 ROCKER GASKET LEAKING. REMOVED & REPLACED GASKET.,number 3 rocker gasket leaking. removed and replaced gasket.,False
104777,"A/C IS BARELY CAPABLE OF A 1 FOOT HOVER @ LIMITING MANIFOLD. INSPECTED INTAKE TUBES, GASKETS & O-RINGS, NO DEFECTS.","aircraft is barely capable of a 1 foot hover at limiting manifold. inspected intake tubes, gaskets and o-rings, no defects.",False
104779,"ENGINE BACK FIRED WHILE IN A HOVER. PERFORMED GROUND RUN, ADJUSTED IDLE & MIXTURE SETTINGS,","engine backfired while in a hover. performed ground run, adjusted idle and mixture settings,",False
104780,ENGINE BACK FIRED WHILE IN A HOVER. REPLACED CYL #1 INDUCTION TUBE & GASKETS. GROUND RUN RE,engine backfired while in a hover. replaced cylinder number 1 induction tube and gaskets.,False
104783,#3 INTAKE LEAKING ON R/H ENGINE. REMOVED & REPLACED GASKET.,number 3 intake leaking on right-hand engine. removed and replaced gasket.,False
104784,BLACK SEAL FOR FWD BAFFLE NEEDS RTV. SEALED AREA W/ RTV.,black seal for forward baffle needs rtv. sealed area with rtv.,False
104787,#1 & 2 CYL INTAKE GASKETS LEAKING. REMOVED & REPLACED GASKETS.,number 1 and number 2 cylinder intake gaskets leaking. removed and replaced gaskets.,False
104788,#2 CYL ROCKER COVER GASKET LEAKING. REMOVED & REPLACED GASKET.,number 2 cylinder rocker cover gasket leaking. removed and replaced gasket.,False
104790,"ON CLIMB, NOTICED M VOLTS DROPPED TO 26, RPM WAS CONSTANT. O. RAN A/C, COULD NOT DUPLICATE.","on climb, noticed m volts dropped to 26, rpm was constant. ran aircraft, could not duplicate.",False
104791,#4 & 3 INTAKES LEAKING ON R/H ENGINE. INSTALLED NEW INTAKE GASKETS.,number 4 and number 3 intakes leaking on right-hand engine. installed new intake gaskets.,False
104792,"L/H ENGINE #3, 4 INTAKE GASKETS LEAKING. REMOVED & REPLACED W/ NEW GASKETS.","left-hand engine number 3, and number 4 intake gaskets leaking. removed and replaced with new gaskets.",False
104794,"LWR ENG FWD BLACK BAFFLE SEAL, BY AIR FILTER, HAS WORN SPOTS. APPLIED 2 PART EPOXY.","lower engine forward black baffle seal, by air filter, has worn spots. applied 2 part epoxy.",False
104795,#4 CYL BAFFLE PIECE DAMAGED. REPLACED BAFFLE SECTION.,number 4 cylinder baffle piece damaged. replaced baffle section.,False
104797,#2 CYL INTAKE GASKET LEAKING. REMOVED & REPLACED GASKET.,number 2 cylinder intake gasket leaking. removed and replaced gasket.,False
104798,"#1, 3 INTAKE GASKETS LEAKING. REMOVED & REPLACED GASKETS.","number 1, and number 3 intake gaskets leaking. removed and replaced gaskets.",False
104799,"#3, 4 ROCKER COVER GASKETS LEAKING. REMOVED & REPLACED GASKETS.","number 3, and number 4 rocker cover gaskets leaking. removed and replaced gaskets.",False
104800,BAFFLE SEAL STAPLES LOOSE ON #1 CYLINDER BAFFLE SECTION. RESECURED BAFFLE SEAL W/ POP RIVETS.,baffle seal staples loose on number 1 cylinder baffle section. resecured baffle seal with pop rivets.,False
104802,IN TRAFFIC PATTERN HEARD TICKING/CHIRPING NOISE. ONLY OCCURE. RAN A/C AT VARIOUS POWER SETTINGS. COULD NOT DUPLICATE,"in traffic pattern heard ticking, chirping noise. ran aircraft at various power settings. could not duplicate",False
104803,#2 INTAKE GASKET LEAKING. REPLACED GASKET.,number 2 intake gasket leaking. replaced gasket.,False
104805,#2 CYL ROCKER COVER GASKET LEAKING ON L/H ENGINE. REMOVED & REPLACED GASKET.,number 2 cylinder rocker cover gasket leaking on left-hand engine. removed and replaced gasket.,False
104806,"#2, 3, 4 INTAKE GASKETS LEAKING ON L/H ENGINE. REMOVED & REPLACED W/ NEW GASKETS.","numbers 2, 3, and 4 intake gaskets leaking on left-hand engine. removed and replaced with new gaskets.",False
104807,L/H ENG #1 CYLINDER FWD BAFFLE SEAL NEEDS TO BE SECURED. SECURED FWD BAFFLE SEAL.,left-hand engine number 1 cylinder forward baffle seal needs to be secured. secured forward baffle seal.,False
104808,#4 INTAKE LEAKING. REMOVED & REPLACED GASKET.,number 4 intake leaking. removed and replaced gasket.,False
104811,"L/H ENG, CYL #2 COMPRESSION 20/80; LEAKING OUT OF EXHAUST VA. LEAK CK GOOD.","left-hand engine, cylinder number 2 compression 20 out of 80; leaking out of exhaust valve. leak check good.",False
104813,#3 INTAKE LEAKING ON R/H ENGINE. REPLACED INTAKE GASKET.,number 3 intake leaking on right-hand engine. replaced intake gasket.,False
104815,BRACKET SUPPORT FOR ENG OIL COOLER BAFFLE CRACKED. REPLACED BRACKET MADE OUT OF STAINLESS STEEL.,bracket support for engine oil cooler baffle cracked. replaced bracket made out of stainless steel.,False
104816,LEFT FRONT BAFFLING HAS A CRACK. STOP DRILLED CRACK.,left front baffling has a crack. stop drilled crack.,False
104817,CYL #4 AFT BAFFLE IS CRACKED. STOP DRILLED.,cylinder number 4 aft baffle is cracked. stop drilled.,False
104818,L/H SIIDE OF ENGINE CASE PLUG LEAKING OIL. OPS & LEAK CK GOOD.,left-hand side of engine case plug leaking oil. operations and leak check good.,False
104819,"L/H SIIDE OF ENGINE CASE PLUG LEAKING OIL. REMOVED PLUG, CLEANED THREAD. APPLIED NEW SEALANT & REI","left-hand side of engine case plug leaking oil. removed plug, cleaned thread. applied new sealant and reinstalled plug",False
104823,"DURING FLIGHT, RPM EXCEEDED 2700 FOR A FEW SECONDS. DOWNLOADED FLIGHT DATA. FOUND OVERSPEED TO BE MOMENTARY","during flight, rpm exceeded 2700 for a few seconds. downloaded flight data. found overspeed to be momentary",False
104824,#2 & 4 INTAKE GASKETS LEAKING. REMOVED & REPLACED GASKETS.,number 2 and number 4 intake gaskets leaking. removed and replaced gaskets.,False
104825,"ENGINE STARTED & IDLED NORMALLY FOR ABOUT 2 MINUTES, THEN SU. PERFORMED GROUND RUN, NO DEFECTS NOTED. OPS GOOD.","engine started and idled normally for about 2 minutes, then suddenly stopped. performed ground run, no defects noted. operations good.",False
104826,"ENGINE STARTED & IDLED NORMALLY FOR ABOUT 2 MINUTES, THEN SU. INSPECTED A/C ENGINE. CLEANED BOTH SNIFFLER VALVES. REM","engine started and idled normally for about 2 minutes, then suddenly stopped. inspected aircraft engine. cleaned both sniffler valves.",False
104827,R/H ENGINE TOP BACK BONE SEEPING OIL. RETORQUED TOP BACK BOLTS.,right-hand engine top backbone seeping oil. retorqued top back bolts.,False
104829,"R/H ENGINE TOP BACK BONE SEEPING OIL. PERFORMED GROUND RUN, LEAK CK'ED GOOD.","right-hand engine top back bone seeping oil. performed ground run, leak checked good.",False
104831,"DURING RUN UP MAG CK; RPM DROPPED NORMALLY, BUT WOULD RISE &. RAN A/C, OPS CK GOOD. COULD NOT DUPLICATE DISPCREPANCY.","during run up magneto check; rpm dropped normally, but would rise. ran aircraft, operations check good. could not duplicate discrepancy.",False
104833,R/H ENGINE #3 ROCKER COVER LEAKING. REPLACED GASKET.,right-hand engine number 3 rocker cover leaking. replaced gasket.,False
104834,R/H ENGINE I/B BAFFLE TIE BROKEN. REMOVED & REPLACED BAFFLE TIE.,right-hand engine inboard baffle tie broken. removed and replaced baffle tie.,False
104836,#4 INTAKE IS LEAKING. REMOVED & REPLACED W/ NEW GASKET.,number 4 intake is leaking. removed and replaced with new gasket.,False
104837,"R/H BAFFLE SPRING BROKEN, BAFFLE CHAFING ON #3 OIL RETURN LI. INSPECTED & FOUND TO BE OK FOR SERVICE.","right-hand baffle spring broken, baffle chafing on number 3 oil return line. inspected and found to be ok for service.",False
104839,R/H ENG #4 INTAKE GASKET LEAKING. REMOVED & REPLACED GASKET.,right-hand engine number 4 intake gasket leaking. removed and replaced gasket.,False
104840,"L/H ENG #2, 1 INTAKE GASKETS LEAKING. REMOVED & REPLACED INTAKE GASKETS.","left-hand engine number 2, and number 1 intake gaskets leaking. removed and replaced intake gaskets.",False
104841,#1 & 4 INTAKES LEAKING. REPLACED GASKETS.,number 1 and number 4 intakes leaking. replaced gaskets.,False
104842,PILOT REQUIRES START ASSIST. STARTED A/C.,pilot requires start assist. started aircraft.,False
104843,PILOT REQUIRES START ASSIST. STARTED A/C.,pilot requires start assist. started aircraft.,False
104844,PILOT REQUESTS IDLE ADJUSTMENT. ADJUSTED IDLE SPEED.,pilot requests idle adjustment. adjusted idle speed.,False
104845,LOWER OIL COOLER LINE RESTING ON ACCESSORY PLATE STUD. REPOSITIONED LOWER OIL COOLER LINE.,lower oil cooler line resting on accessory plate stud. repositioned lower oil cooler line.,False
104846,#3 & 4 CYL ROCKER COVERS LEAKING. REMOVED & REPLACED GASKETS.,number 3 and number 4 cylinder rocker covers leaking. removed and replaced gaskets.,False
104847,SCREW MISSING ON #2 CYL BAFFLE & STAND OFF. INSTALLED SCREW & WASHER.,screw missing on number 2 cylinder baffle and standoff. installed screw and washer.,False
104848,OIL COOLER LOWER FITTING IS LOOSE. LEAK CK GOOD.,oil cooler lower fitting is loose. leak check good.,False
104850,OIL COOLER LOWER FITTING IS LOOSE. TIGHTENED FITTING.,oil cooler lower fitting is loose. tightened fitting.,False
104852,LOWER OIL COOLER OIL LINE NEEDS TO BE REPOSITIONED. LEAK CK GOOD.,lower oil cooler oil line needs to be repositioned. leak check good.,False
104853,LOWER OIL COOLER OIL LINE NEEDS TO BE REPOSITIONED. REPOSITIONED LINE.,lower oil cooler oil line needs to be repositioned. repositioned line.,False
104855,#4 INTAKE LEAKING. REMOVED & REPLACED GASKET.,number 4 intake leaking. removed and replaced gasket.,False
104856,MX FLIGHT REQUIRED FOR M/R LEAK. COMPLETED REMOVAL OF ENGINE FROM A/C. BEGAN DISCONNECTI,maintenance flight required for m/r leak. completed removal of engine from aircraft.,False
104857,MX FLIGHT REQUIRED FOR M/R LEAK. INSTALLED & CONNECTED ENGINE IAW,maintenance flight required for m/r leak. installed and connected engine in accordance with reference manual,False
104858,"#2, 4 INTAKE GASKETS LEAKING. REMOVED & REPLACED GASKETS.","number 2, and number 4 intake gaskets leaking. removed and replaced gaskets.",False
104861,RIVET PULLED THROUGH ON #4 CYLINDER BAFFLE SEAL. INSTALLED NEW POP RIVET IN SEAL.,rivet pulled through on number 4 cylinder baffle seal. installed new pop rivet in seal.,False
104862,BAFFLE SEAL SECTION BY AIR FILTER NEEDS REPAIR. REPAIRED SEAL SECTION W/ SILICONE & NEW POP RIVETS.,baffle seal section by air filter needs repair. repaired seal section with silicone and new pop rivets.,False
104863,#1 CYL INTAKE LEAKS. REPLACED GASKET.,number 1 cylinder intake leaks. replaced gasket.,False
104867,BAFFLE BRACKET CRACKED ON #3 CYLINDER. REMOVED BAFFLE SECTION & OIL PRESSURE LINE. REPLACED BR,baffle bracket cracked on number 3 cylinder. removed baffle section and oil pressure line. replaced bracket,False
104868,#2 CYLINDER HAS LOW COMPRESSION (58/80). RAN UP A/C TO OPERATING TEMPERATURE & RECHECKED COMPRES,"number 2 cylinder has low compression, 58 out of 80. ran up aircraft to operating temperature and rechecked compression",False
104869,SCREW MISSING FROM R/H AFT BAFFLE. INSTALLED NEW SCREW.,screw missing from right-hand aft baffle. installed new screw.,False
104870,#3 CYL INTAKE GASKET LEAKING. REMOVED & REPLACED W/ NEW INTAKE GASKET.,number 3 cylinder intake gasket leaking. removed and replaced with new intake gasket.,False
104872,BAFFLE BY STARTER WORN THROUGH & CRACKED. REMOVED L/H FWD BAFFLE & FABRICATED PATCH FROM LIKE MAT,baffle by starter worn through and cracked. removed left-hand forward baffle and fabricated patch from like material,False
104873,#2 ROCKER COVER GASKET LEAKING. REMOVED & REPLACED GASKET.,number 2 rocker cover gasket leaking. removed and replaced gasket.,False
104874,#2 INTAKE IS LEAKING. REMOVED & REPLACED GASKET.,number 2 intake is leaking. removed and replaced gasket.,False
104876,SCREW MISSING ON #1 CYLINDER BAFFLE SECTION. REPLACED W/ NEW SCREW.,screw missing on number 1 cylinder baffle section. replaced with new screw.,False
104877,#3 ROCKER GASKET IS LEAKING. REMOVED & REPLACED W/ NEW SILICONE GASKET.,number 3 rocker gasket is leaking. removed and replaced with new silicone gasket.,False
104879,L/H ENG I/B FWD BAFFLE SCREW LOOSE. REMOVED COWLING TO ACCESS SCREW. TIGHTENED SCREW. INSTA,left-hand engine inboard forward baffle screw loose. removed cowling to access screw. tightened screw.,False
104880,L/H ENG OIL COOLER BAFFLE CORNER NEEDS TO BE INSP. REMOVE FO. COMPLETED INSTALLATION OF BAFFLE.,left-hand engine oil cooler baffle corner needs to be inspected. completed installation of baffle.,False
104881,BAFFLE SEAL ON RIGHT FRONT CYLINDER NEEDS TO BE REPLACED. REPLACED W/ NEW BAFFLE SEAL. SECURED W/ POP RIVETS.,baffle seal on right front cylinder needs to be replaced. replaced with new baffle seal. secured with pop rivets.,False
104883,ENGINE INTAKE BOOT TORN. REPLACED BOOT.,engine intake boot torn. replaced boot.,False
104885,"#2, 4 INTAKE GASKETS ARE LEAKING. REMOVED & REPLACED GASKETS.","number 2, and number 4 intake gaskets are leaking. removed and replaced gaskets.",False
104887,#2 & 4 INTAKES LEAKING. REPLACED GASKETS.,number 2 and number 4 intakes leaking. replaced gaskets.,False
104890,R/H BAFFLE PLUG HOLE NEEDS DOUBLER. INSTALLED DOUBLER.,right-hand baffle plug hole needs doubler. installed doubler.,False
104891,#4 CYLINDER OIL DRAIN LINE CLAMPS LOOSE. TIGHTENED CLAMPS.,number 4 cylinder oil drain line clamps loose. tightened clamps.,False
104892,#2 CYLINDER INTAKE GASKET LEAKING. REMOVED & REPLACED GASKET.,number 2 cylinder intake gasket leaking. removed and replaced gasket.,False
104893,CYL #3 COMPRESSION 18/80. BEGAN DISASSEMBLY OF ACCESSORIES TO FACILITATE CYLINDER,cylinder number 3 compression 18 out of 80. began disassembly of accessories to facilitate cylinder,False
104894,CYL #3 COMPRESSION 18/80. INSTALLED & TORQUED NEW CYL ASSY. DRY LASH CK GOOD. INS,cylinder number 3 compression 18 out of 80. installed and torqued new cylinder assembly. dry lash check good.,False
104896,TOP OIL COOLER HOSE KINKED & NOT SECURED. UNKINKED & SECURED HOSE.,top oil cooler hose kinked and not secured. unkinked and secured hose.,False
104897,L/H ENG #1 & 3 CYL BAFFLE ROD LOOSE. TIGHTENED TIE ROD NUT.,left-hand engine number 1 and number 3 cylinder baffle rod loose. tightened tie rod nut.,False
104898,#3 CYL BAFFLE SCREW LOOSE. TIGHTENED SCREW.,number 3 cylinder baffle screw loose. tightened screw.,False
104899,LEFT BAFFLE LOOSE (#2 CYL BAFFLE SEAL). REATTACHED BAFFLE SEAL.,"left baffle loose, number 2 cylinder baffle seal. reattached baffle seal.",False
104902,#3 INTAKE GASKET LEAKING. REMOVED & REPLACED GASKET.,number 3 intake gasket leaking. removed and replaced gasket.,False
104903,BAFFLE PLUG IS BROKEN. REMOVED & REPLACED BAFFLE PLUG.,baffle plug is broken. removed and replaced baffle plug.,False
104904,RIGHT ENGINE BAFFLE SEAL LOOSE ON BOTTOM CORNER. INSTALLED NEW SEAL IN BOTTOM CORNER.,right engine baffle seal loose on bottom corner. installed new seal in bottom corner.,False
104905,"ANGLE BROKEN, L/H LOWER COWL O/B, NEAR FWD LATCH/PIN HOLE. REPLACED BRACKET W/ PART MADE OF LIKE MATERIAL.","angle broken, left-hand lower cowl outboard, near forward latch, pin hole. replaced bracket with part made of like material.",False
104906,#2 & 3 ROCKER COVER GASKETS LEAKING. REMOVED & REPLACED GASKETS.,number 2 and number 3 rocker cover gaskets leaking. removed and replaced gaskets.,False
104908,"STARTED ENGINE & IT RAN WELL FOR ABOUT 30 SECONDS BEFORE LOS. STARTED A/C, ENGINE RAN SMOOTH FOR 20 SECONDS & THEN BE","started engine and it ran well for about 30 seconds before loss of power. started aircraft, engine ran smooth for 20 seconds and then began losing power",False
104910,STARTED ENGINE & IT RAN WELL FOR ABOUT 30 SECONDS BEFORE LOS. PERFORMED  ON CYL #4. INSTALLED ALL ROCKER COVER,started engine and it ran well for about 30 seconds before loss of power. performed on cylinder number 4. installed all rocker covers,False
104912,L/H ENGINE BAFFLE ACCESS HOLE ELONGATED. INSTALLED DOUBLER PATCH IAW  SE SRM.,left-hand engine baffle access hole elongated. installed doubler patch in accordance with se standard reference manual.,False
104913,#2 & 4 ROCKER COVER LEAKING. REMOVED & REPLACED GASKETS.,number 2 and number 4 rocker cover leaking. removed and replaced gaskets.,False
104914,"PROP COULD USE A DRESSING; ROUGH ON EDGES.  CHT #4 GREATER T. DRESSED PROP.  RAN A/C, COULD NOT DUPLICATE CHT DISCREP","propeller could use a dressing; rough on edges. cht number 4 greater temperature. dressed propeller. ran aircraft, could not duplicate cht discrepancy",False
104915,#2 INTAKE GASKET LEAKING. REMOVED & REPLACED GASKET.,number 2 intake gasket leaking. removed and replaced gasket.,False
104916,#2 INTAKE LEAKING. REPLACED GASKET.,number 2 intake leaking. replaced gasket.,False
104917,"#2, 4 ROCKER COVER GASKETS LEAKING. REPLACED #2 GASKET.","number 2, and number 4 rocker cover gaskets leaking. replaced number 2 gasket.",False
104918,"#2, 4 ROCKER COVER GASKETS LEAKING. REPLACED #4 GASKET.","number 2, and number 4 rocker cover gaskets leaking. replaced number 4 gasket.",False
104920,R/H #3 INTAKE GASKET LEAKING. REMOVED & REPLACED GASKET.,right-hand number 3 intake gasket leaking. removed and replaced gasket.,False
104921,#1 INTAKE IS LEAKING. REMOVED & REPLACED GASKET.,number 1 intake is leaking. removed and replaced gasket.,False
104922,"PROP OVERSPEED 2720 FOR 1 SECOND. REMOVED FDM CARD, RESEARCHED DATA, FOUND OVERSPEED TO B","propeller overspeed 2720 for 1 second. removed fdm card, researched data, found overspeed to be frequent",False
104923,"#3 CYL CHT >200*F WARMER THAN OTHER CYLINDERS. RAN A/C, COULD NOT DUPLICATE DISCREP. ALL CHT TEMPS IN","number 3 cylinder cht greater than 200 degrees fahrenheit warmer than other cylinders. ran aircraft, could not duplicate discrepancy. all cht temperatures in normal range",False
104924,#1 INTAKE TUBE GASKET LEAKING. INSTALLED NEW GASKET.,number 1 intake tube gasket leaking. installed new gasket.,False
104926,R/H BAFFLE PLUG IS MISSING. INSTALLED BAFFLE PLUG,right-hand baffle plug is missing. installed baffle plug,False
104927,R/H BAFFLE PLUG NEEDS PATCH. INSTALLED BAFFLE PATCH W/ RIVETS.,right-hand baffle plug needs patch. installed baffle patch with rivets.,False
104928,FWD ENG BLACK SEAL WORN AT ENG INDUCTION. APPLIED SILICONE.,forward engine black seal worn at engine induction. applied silicone.,False
104929,#3 & 4 INTAKE GASKETS ARE LEAKING. REPLACED GASKETS.,number 3 and number 4 intake gaskets are leaking. replaced gaskets.,False
104930,SIDE BAFFLE PLUG HOLES ARE WORN OUT. INSTALLED RIVETED PATCHES AROUND HOLES.,side baffle plug holes are worn out. installed riveted patches around holes.,False
104931,#3 INTAKE GASKET LEAKING. REMOVED & REPLACED GASKET.,number 3 intake gasket leaking. removed and replaced gasket.,False
104933,L/H ENG #4 INTAKE LEAKING. REMOVED & REPLACED GASKET.,left-hand engine number 4 intake leaking. removed and replaced gasket.,False
104934,BAFFLE SCREW MISSING ON #2 CYL BAFFLE SECTION. INSTALLED SCREW.,baffle screw missing on number 2 cylinder baffle section. installed screw.,False
104935,"AT LEAST 3 INSTANCES THROUGHOUT FLIGHT; THE ENGINE VIBRATED. RAN A/C, COULD NOT DUPLICATE. REMVED COWL & CK'ED COMPR","at least 3 instances throughout flight; the engine vibrated. ran aircraft, could not duplicate. removed cowl and checked compression",False
104937,ENGINE STARTED FINE & RAN AT 1000 RPM. WENT TO LEAN ENGINE &. PERFORMED SEASONAL ADJUSTMENT OF IDLE SPEED & MIXTURE.,engine started fine and ran at 1000 rpm. went to lean engine and performed seasonal adjustment of idle speed and mixture.,False
104938,#3 INTAKE LEAKING. REMOVED & REPLACED GASKET.,number 3 intake leaking. removed and replaced gasket.,False
104941,"#2, 3 & 4 INTAKES LEAKING ON L/H ENGINE. REMOVED & REPLACED GASKETS.","numbers 2, 3 and 4 intakes leaking on left-hand engine. removed and replaced gaskets.",False
104943,#3 INTAKE LEAKING ON R/H ENGINE. REMOVED & REPLACED GASKET.,number 3 intake leaking on right-hand engine. removed and replaced gasket.,False
104944,INTAKE 2 & 3 LEAKING ON L/H ENGINE. REMOVED & REPLACED GASKETS.,intake 2 and 3 leaking on left-hand engine. removed and replaced gaskets.,False
104945,R/H REAR ENGINE BAFFLE SCREW MISSING. INSTALLED NEW SCREW.,right-hand rear engine baffle screw missing. installed new screw.,False
104948,#3 UPPER BAFFLE SEAL MISSING ON R/H ENGINE. REPLACED BAFFLE SEAL.,number 3 upper baffle seal missing on right-hand engine. replaced baffle seal.,False
104949,LOOSE SCREW ON FWD OIL COOLER SHROUD. TIGHTENED SCREW.,loose screw on forward oil cooler shroud. tightened screw.,False
104951,L/H BAFFLE PLUG DAMAGED. REPLACED BAFFLE PLUG.,left-hand baffle plug damaged. replaced baffle plug.,False
104952,#4 INTAKE OIL LEAK. INSPECTED & FOUND OIL LEAK TO BE RESIDUAL. CLEANED AREA,number 4 intake oil leak. inspected and found oil leak to be residual. cleaned area,False
104953,#3 INTAKE LEAKING. REMOVED & REPLACED INTAKE GASKET.,number 3 intake leaking. removed and replaced intake gasket.,False
104954,"#1, 2, 3 ROCKER COVERS LEAKING. REMOVED & REPLACED GASKETS.","numbers 1, 2, and 3 rocker covers leaking. removed and replaced gaskets.",False
104956,"GROUNDING AREA FOR NEW ENG NEEDS PAINT REMOVED. CLEANED PAINT AWAY, BOTH SIDES OF AREA.","grounding area for new engine needs paint removed. cleaned paint away, both sides of area.",False
104957,FWD L/H ENG BAFFLE NEEDS SMALL PATCH OVER LARGE CRACK & STOP. INSTALLED PATCH OVER AREA - LIKE MATERIAL SRM CH 51-71-,"forward left-hand engine baffle needs small patch over large crack and stop drilling. installed patch over area, like material standard reference manual chapter 122",False
104958,ENGINE CHIP DETECTORS ARE REMOVED & WAITING FOR O-RINGS. RECEIVED O-RINGS. REINSTALLED CHIP PLUGS & SAFETIED.,engine chip detectors are removed and waiting for o-rings. received o-rings. reinstalled chip plugs and safetied.,False
104959,DURING AUTO RECOVERY ENGINE RPM GOT TO 3500. CHANGED OIL & FILTER.,during autorecovery engine rpm got to 3500. changed oil and filter.,False
104960,#3 ROCKER COVER GASKET LEAKS. REMOVED & REPLACED #3 ROCKER COVER GASKET. LEAK CK GOOD,number 3 rocker cover gasket leaks. removed and replaced number 3 rocker cover gasket. leak check good,False
104961,DURING AUTO RECOVERY ENGINE RPM GOT TO 3500. REVIEWED  - DETERMINED TO BE 8% OVERSPEED. BEGAN,"during autorecovery engine rpm got to 3500. reviewed , determined to be 8 percent overspeed.",False
104963,"DURING AUTO RECOVERY ENGINE RPM GOT TO 3500. REMOVED ROCKER COVERS, #2 & 4 SIDE BAFFLES. PERFORMED S","during autorecovery engine rpm got to 3500. removed rocker covers, number 2 and number 4 side baffles.",False
104965,#2 INTAKE LEAKING. REPLACED GASKET.,number 2 intake leaking. replaced gasket.,False
104966,R/H REAR ENGINE BAFFLE MOUNT LOOSE. RESECURED ENGINE BAFFLE MOUNT.,right-hand rear engine baffle mount loose. resecured engine baffle mount.,False
104968,#1 ROCKER COVER GASKET LEAKING. REMOVED & REPLACED GASKET.,number 1 rocker cover gasket leaking. removed and replaced gasket.,False
104969,SNIFFLER VALVES NEED TO BE CLEANED. CLEANED VALVES.,sniffler valves need to be cleaned. cleaned valves.,False
104972,"BAFFLE SCREW BY OIL DIPSTICK MISSING. REMOVED DIPSTICK TUBE, INSTALLED NEW SCREW, INSTALLED T","baffle screw by oil dipstick missing. removed dipstick tube, installed new screw, installed tube",False
104973,BOTH BAFFLE PLUGS WORN (ENG). REMOVED & REPLACED BOTH BAFFLE PLUGS.,"both baffle plugs worn, engine. removed and replaced both baffle plugs.",False
104974,R/H BAFFLE TIE BROKEN. INSTALLED NEW BAFFLE TIE.,right-hand baffle tie broken. installed new baffle tie.,False
104976,L/H ENG CENTER CASE BOLT LEAKING OIL. LEAK CK GOOD.,left-hand engine center case bolt leaking oil. leak check good.,False
104977,R/H ENG #3 CYL HAS LOW COMPRESSION (16/80). OPS & LEAK CK GOOD.,"right-hand engine number 3 cylinder has low compression, 16 out of 80. operations and leak check good.",False
104978,"L/H ENG CENTER CASE BOLT LEAKING OIL. REMOVED BOLT, CLEANED CASE, INSTALLED, TORQUED & SEALED","left-hand engine center case bolt leaking oil. removed bolt, cleaned case, installed, torqued and sealed",False
104979,R/H ENG #3 CYL HAS LOW COMPRESSION (16/80). REMOVED & REPLACED CYL & PISTON W/ NEW IAW LYCOMING DIR,"right-hand engine number 3 cylinder has low compression, 16 out of 80. removed and replaced cylinder and piston with new in accordance with lycoming direct drive overhaul manual",False
104980,"RPM WENT TO RED. REMOVED FDM CARD, FOUND TO BE LESS THAN 5%. NO DEFECTS","rpm went to red. removed fdm card, found to be less than 5 percent. no defects",False
104981,"THROTTLE IDLE, ENGINE SHUT DOWN. PERFORMED GROUND RUN, COULD NOT DUPLICATE. OPS GOOD.","throttle idle, engine shut down. performed ground run, could not duplicate. operations good.",False
104982,#3 INTAKE TUBE GASKET LEAKING. INSTALLED NEW INTAKE GASKET.,number 3 intake tube gasket leaking. installed new intake gasket.,False
104983,HARDWARE MISSING @ #3 BAFFLE. INSTALLED NEW HARDWARE.,hardware missing at number 3 baffle. installed new hardware.,False
104984,#4 INTAKE GASKET LEAKS. REMOVED & REPLACED GASKET.,number 4 intake gasket leaks. removed and replaced gasket.,False
104986,#2 INTAKE IS LEAKING. INSTALLED NEW GASKET.,number 2 intake is leaking. installed new gasket.,False
104987,"INTAKES 2, 3 & 4 LEAKING ON L/H ENGINE. REMOVED & REPLACED GASKETS.","intakes 2, 3 and 4 leaking on left-hand engine. removed and replaced gaskets.",False
104990,BRACKET BROKEN FOR #4 BAFFLE. FABRICATED NEW BRACKET FOR #4 BAFFLE.,bracket broken for number 4 baffle. fabricated new bracket for number 4 baffle.,False
104992,#1 INTAKE GASKET LEAKING. INSTALLED NEW GASKET.,number 1 intake gasket leaking. installed new gasket.,False
104993,#4 INTAKE LEAKING ON L/H ENGINE. REPLACED INTAKE GASKET.,number 4 intake leaking on left-hand engine. replaced intake gasket.,False
104994,#1 & 3 INTAKES LEAKING ON R/H ENGINE. REPLACED INTAKE GASKETS.,number 1 and number 3 intakes leaking on right-hand engine. replaced intake gaskets.,False
104997,#2 INTAKE GASKET LEAKING. REMOVED & REPLACED GASKET.,number 2 intake gasket leaking. removed and replaced gasket.,False
104999,#1 & 2 INTAKES LEAKING. REMOVED & REPLACED GASKETS.,number 1 and number 2 intakes leaking. removed and replaced gaskets.,False
105001,#2 INTAKE LEAKING. INSTALLED NEW GASKET.,number 2 intake leaking. installed new gasket.,False
105002,BAFFLE SCREW MISSING ABOVE #2 CYLINDER. INSTALLED SCREW.,baffle screw missing above number 2 cylinder. installed screw.,False
105003,#3 INTAKE GASKET LEAKS. REMOVED & REPLACED GASKET.,number 3 intake gasket leaks. removed and replaced gasket.,False
105004,#1 & 3 ROCKER COVER GASKETS LEAK. REMOVED & REPLACED GASKETS.,number 1 and number 3 rocker cover gaskets leak. removed and replaced gaskets.,False
105005,"SCREW FOR R/H AFT BAFFLE, BEHIND OIL DIPSTICK, LOOSE. TIGHTENED SCREW.","screw for right-hand aft baffle, behind oil dipstick, loose. tightened screw.",False
105006,"GROUNDING WIRE TO ENG, PAINT NOT REMOVED AND BOLT LOOSE. REMOVED PAINT & SECURED BOLT.","grounding wire to engine, paint not removed and bolt loose. removed paint and secured bolt.",False
105007,"BLACK BAFFLE SEAL, FWD ENG, HAS SMALL WORN SPOT ON L/H SIDE. INSTALLED RTV TO WORN AREA.","black baffle seal, forward engine, has small worn spot on left-hand side. installed rtv to worn area.",False
105009,"#1, 3 ROCKER COVER GASKETS LEAKING. REMOVED & REPLACED GASKETS.","number 1, and number 3 rocker cover gaskets leaking. removed and replaced gaskets.",False
105012,BOTH ENG BAFFLE PLUGS WORN. REPLACED W/ NEW.,both engine baffle plugs worn. replaced with new.,False
105013,SCREW BEHIND ENG OIL DIPSTICK LOOSE. TIGHTENED SCREW.,screw behind engine oil dipstick loose. tightened screw.,False
105014,BLACK FWD SEAL HAS WORN SPOTS. INSTALLED RTV TO WORN AREAS.,black forward seal has worn spots. installed rtv to worn areas.,False
105015,L/H ENG CYL #4 INTAKE GASKET IS LEAKING. REMOVED & REPLACED W/ NEW GASKET.,left-hand engine cylinder number 4 intake gasket is leaking. removed and replaced with new gasket.,False
105016,1 BAFFLE PLUG IS DAMAGED. REMOVED & REPLACED BAFFLE PLUG.,1 baffle plug is damaged. removed and replaced baffle plug.,False
105017,"RPM 2700 FOR 2 SEC. READ FDM CARD DATA, FOUND TO BE LESS THAN 5%. NO DEFECT","rpm 2700 for 2 seconds. read fdm card data, found to be less than 5 percent. no defects noted",False
105020,UNUSUAL ATTITUDE POWER WAS ADDED & ENGINE REACHED APPROX 280. COMPLETED  & . RAN ENGINE. OPS & LEAK CK,unusual attitude power was added and engine reached approximately 280. completed and . ran engine. operations and leak check,False
105022,BAFFLE SCREW MISSING ON #3 CYL. INSTALLED NEW SCREW.,baffle screw missing on number 3 cylinder. installed new screw.,False
105023,"RIVET HEAD SHEARED ON ALT AIR DOOR. REMOVED RIVET, INSTALLED NEW RIVET IAW , CH","rivet head sheared on alternator air door. removed rivet, installed new rivet in accordance with reference manual",False
105024,R/H ENG #2 INTAKE IS LEAKING. REPLACED GASKET.,right-hand engine number 2 intake is leaking. replaced gasket.,False
105025,#2 & 4 INTAKES LEAKING ON LEFT ENGINE. REPLACED GASKETS.,number 2 and number 4 intakes leaking on left engine. replaced gaskets.,False
105026,#3 BAFFLE SCREW MISSING. REPLACED SCREW.,number 3 baffle screw missing. replaced screw.,False
105027,"FWD SNIFFLER VALVE IS LEAKING OIL/FUEL. THERE IS A 6"" PUDDLE. INSPECTED SNIFFLER VALVES, NO DEFECTS NOTED. REMOVED SN","forward sniffler valve is leaking oil, fuel. there is a 6 inches puddle. inspected sniffler valves, no defects noted. removed sniffler valves",False
105028,#4 INTAKE IS LEAKING. REMOVED & REPLACED GASKET.,number 4 intake is leaking. removed and replaced gasket.,False
105029,#1 FWD BAFFLE SEAL LOOSE. RESECURED SEAL.,number 1 forward baffle seal loose. resecured seal.,False
105030,R/H #2 & 4 ROCKER COVER GASKETS LEAKING. REMOVED & REPLACED W/ NEW GASKETS.,right-hand number 2 and number 4 rocker cover gaskets leaking. removed and replaced with new gaskets.,False
105031,#4 INTAKE LEAKING. REMOVED & REPLACED INTAKE GASKET.,number 4 intake leaking. removed and replaced intake gasket.,False
105032,"L/H ENG, #4 INTAKE GASKET LEAKING. REPLACED GASKET.","left-hand engine, number 4 intake gasket leaking. replaced gasket.",False
105033,1 BAFFLE PLUG IS DAMAGED. REPLACED PLUG.,1 baffle plug is damaged. replaced plug.,False
105035,BAFFLE SCREWS LOOSE ON #3 CYL BAFFLE. LEAK CK GOOD.,baffle screws loose on number 3 cylinder baffle. leak check good.,False
105036,"3, 4 INTAKE GASKETS LEAKING. REMOVED & REPLACED GASKETS.","3, and 4 intake gaskets leaking. removed and replaced gaskets.",False
105037,BAFFLE SEAL RIVET PULLED THROUGH ON #3 CYL. REPLACED W/ BIGGER RIVET.,baffle seal rivet pulled through on number 3 cylinder. replaced with bigger rivet.,False
105038,"#2, 4 ROCKER COVER GASKETS LEAKING. REMOVED & REPLACED W/ NEW GASKETS.","number 2, and number 4 rocker cover gaskets leaking. removed and replaced with new gaskets.",False
105039,BAFFLE SCREWS LOOSE ON #3 CYL BAFFLE. PARTIALLY REMOVED #3 CYL BAFFLING SECURED SCREWS & OIL,baffle screws loose on number 3 cylinder baffle. partially removed number 3 cylinder baffling secured screws,False
105040,L/H ENG #3 INTAKE GASKET LEAKS. REMOVED & REPLACED INTAKE GASKET.,left-hand engine number 3 intake gasket leaks. removed and replaced intake gasket.,False
105041,R/H ENG #2 CYL BAFFLE SEAL LOOSE. TIGHTENED RIVETS ON SEAL.,right-hand engine number 2 cylinder baffle seal loose. tightened rivets on seal.,False
105042,"R/H ENG #2, 3 INTAKE LEAKING. REMOVED & REPLACED GASKETS.","right-hand engine number 2, and number 3 intake leaking. removed and replaced gaskets.",False
105044,FWD BAFFLE SEAL LOOSE @ #1 CYL. RESECURED BAFFLE MATERIAL.,forward baffle seal loose at number 1 cylinder. resecured baffle material.,False
105047,OIL LEAK DISCOVERED ON #2 CYL. INSTALLED NEW #2 ROCKER BOX COVER GASKET. RESAFETIED BO,oil leak discovered on number 2 cylinder. installed new number 2 rocker box cover gasket. resafetied box cover,False
105048,#2 & 4 INTAKES LEAKING. REMOVED & REPLACED GASKETS.,number 2 and number 4 intakes leaking. removed and replaced gaskets.,False
105050,"HIGH CYLINDER HEAD TEMPS, OVER 400*. CLEANED DEBRIS FROM COOLER SYSTEM. INSPECTED CYLINDERS","high cylinder head temperatures, over 400 degrees. cleaned debris from cooler system. inspected cylinders",False
105051,#4 CYL ROCKER COVER GASKET LEAKING. REPLACED GASKET.,number 4 cylinder rocker cover gasket leaking. replaced gasket.,False
105052,"OIL COMING OUT OF TOP L/H COWLING. RAN UP A/C, LEAK CK GOOD.","oil coming out of top left-hand cowling. ran up aircraft, leak check good.",False
105053,OIL COMING OUT OF TOP L/H COWLING. REMOVED COWLING. CLEANED ENGINE.,oil coming out of top left-hand cowling. removed cowling. cleaned engine.,False
105054,"OIL COMING OUT OF TOP L/H COWLING. PERFORMED GROUND RUN, VERIFIED OIL LEAKAGE @ LIFTING EY","oil coming out of top left-hand cowling. performed ground run, verified oil leakage at lifting eye bolt",False
105055,R/H ENGINE OVER TEMP 503*. PERFORMED GROUND RUN; ALL SYSTEMS CK GOOD. CK'ED COMPRE,right-hand engine over temperature 503 degrees. performed ground run; all systems check good. checked compressions,False
105056,"#2, 3, 4 INTAKE GASKETS ON R/H ENGINE, LEAKING. REMOVED & REPLACED GASKETS.","numbers 2, 3, and 4 intake gaskets on right-hand engine, leaking. removed and replaced gaskets.",False
105059,R/H ENGINE #4 CYL AFT BAFFLE HAS SCREW MISSING. REPLACED SCREW.,right-hand engine number 4 cylinder aft baffle has screw missing. replaced screw.,False
105060,"L/H ENGINE #2 CYL COMPRESSION LOW. REMOVED FWD EXHAUST ASSY, #2 CYL & BAFFLES, R/H SIDE IN","left-hand engine number 2 cylinder compression low. removed forward exhaust assembly, number 2 cylinder and baffles, right-hand side intake",False
105061,"FWD BAFFLE, BY #2 CYL, CRACKED. STOP DRILLED CRACK.","forward baffle, by number 2 cylinder, cracked. stop drilled crack.",False
105062,#2 & 4 INTAKES LEAKING. REMOVED & REPLACED GASKETS.,number 2 and number 4 intakes leaking. removed and replaced gaskets.,False
105063,#4 CYL INTAKE LEAK. REMOVED & REPLACED GASKET.,number 4 cylinder intake leak. removed and replaced gasket.,False
105064,PROP STRIKE REQUIRING REPLACEMENT OF PROP. REMOVED COWL. REMOVED ACCESSORY HOUSING. REMOVED CRANKS,propeller strike requiring replacement of propeller. removed cowl. removed accessory housing. removed cranks,False
105065,"PROP STRIKE REQUIRING REPLACEMENT OF PROP. ASSEMBLED ACCESSORY CASE, INSTALLED FUEL PUMP, VAC PUMP","propeller strike requiring replacement of propeller. assembled accessory case, installed fuel pump, vacuum pump",False
105066,INTAKES 2 & 4 LEAKING. REMOVED & REPLACED INTAKE GASKETS.,intakes 2 and 4 leaking. removed and replaced intake gaskets.,False
105068,#4 CYLINDER BAFFLE SECTION DAMAGED. REMOVED & REPLACED BAFFLE.,number 4 cylinder baffle section damaged. removed and replaced baffle.,False
105069,ENG GROUNDING BOLT LOOSE. TIGHTENED BOLT.,engine grounding bolt loose. tightened bolt.,False
105070,R/H ENG #3 INTAKE GASKET LEAKING. REMOVED & REPLACED INTAKE GASKET.,right-hand engine number 3 intake gasket leaking. removed and replaced intake gasket.,False
105071,ALL HOSE CLAMPS ON ROCKER DRAINS LOOSE. TIGHTENED ALL HOSE CLAMPS.,all hose clamps on rocker drains loose. tightened all hose clamps.,False
105072,"2, 3 & 4 INTAKES LEAKING. REMOVED & REPLACED GASKETS.","2, 3 and 4 intakes leaking. removed and replaced gaskets.",False
105075,L/H ENG BAFFLE SEAL LOOSE BY #4 CYL. RIVETED BAFFLE SEAL TO BAFFLE.,left-hand engine baffle seal loose by number 4 cylinder. riveted baffle seal to baffle.,False
105076,STANDOFF ON CYL #3 BROKEN. REMOVED & REPLACED STANDOFF.,standoff on cylinder number 3 broken. removed and replaced standoff.,False
105077,2 & 4 INTAKE GASKETS LEAKING. REMOVED & REPLACED GASKETS.,2 and 4 intake gaskets leaking. removed and replaced gaskets.,False
105078,BOTH ENG BAFFLE PLUGS ARE WORN. INSTALLED 2 NEW PLUGS.,both engine baffle plugs are worn. installed 2 new plugs.,False
105079,BLACK FWD SEAL ON ENG WORN IN SPOTS & LOOSE ON L/H SIDE. APPLIED RTV TO WORN AREAS & SECURED LOOSE SECTION.,black forward seal on engine worn in spots and loose on left-hand side. applied rtv to worn areas and secured loose section.,False
105080,"DURING FLIGHT, L/H ENGINE WAS RUNNING ROUGH. COULD NOT GET V. MAG TIMING CK'ED GOOD. BORE SCOPED CYL #4; NO DEFECTS N","during flight, left-hand engine was running rough. magneto timing checked good. bore scoped cylinder number 4; no defects noted",False
105081,"DURING FLIGHT, L/H ENGINE WAS RUNNING ROUGH. COULD NOT GET V. PERFORMED GROUND RUN, NO DEFECTS NOTED. PULLED ENGINE D","during flight, left-hand engine was running rough. performed ground run, no defects noted. pulled engine",False
105082,"DURING RUN UP, BROUGHT THROTTLE TO IDLE; ENGINE SHUT DOWN. RAN A/C & FOUND LOW IDLE SPEED. ADJUSTED IDLE SPEED. OP","during run up, brought throttle to idle; engine shut down. ran aircraft and found low idle speed. adjusted idle speed.",False
105083,BAFFLE PLUGS WORN. REMOVED & REPLACED BAFFLE PLUGS.,baffle plugs worn. removed and replaced baffle plugs.,False
105084,L/H ENG #2 & 4 INTAKE GASKETS LEAK. REPLACED BOTH INTAKE GASKETS.,left-hand engine number 2 and number 4 intake gaskets leak. replaced both intake gaskets.,False
105087,#3 INTAKE LEAKING. REMOVED & REPLACED GASKET.,number 3 intake leaking. removed and replaced gasket.,False
105091,"STUCK VALVE ON #3 CYL. DAMAGE TO PUSH ROD & HOUSING. REMOVED CYL ASSY, INSTALLED NEW CYL ASSY USING SERVICEA","stuck valve on number 3 cylinder. damage to push rod and housing. removed cylinder assembly, installed new cylinder assembly using serviceanle hardware",False
105092,#3 & 2 INTAKE GASKETS LEAKING. REMOVED & REPLACED GASKETS.,number 3 and number 2 intake gaskets leaking. removed and replaced gaskets.,False
105093,SNIFFLER VALVES DIRTY. CLEANED SNIFFLER VALVES.,sniffler valves dirty. cleaned sniffler valves.,False
105094,#4 CYL INTAKE GASKET LEAKS. REPLACED GASKET.,number 4 cylinder intake gasket leaks. replaced gasket.,False
105095,#2 & 4 UPPER LEADS NEED TO BE SECURED AT BATT COOLING. USED TIE WRAP STAND OFF & SECURED.,number 2 and number 4 upper leads need to be secured at battery cooling. used tie wrap standoff and secured.,False
105097,R/H ENG #2 INTAKE GASKET LEAKING. INSTALLED NEW INTAKE GASKET.,right-hand engine number 2 intake gasket leaking. installed new intake gasket.,False
105099,#2 INTAKE LEAKING ON R/H ENGINE. REMOVED & REPLACED GASKET.,number 2 intake leaking on right-hand engine. removed and replaced gasket.,False
105100,#3 & 4 INTAKES LEAKING ON L/H ENGINE. REMOVED & REPLACED GASKETS.,number 3 and number 4 intakes leaking on left-hand engine. removed and replaced gaskets.,False
105102,OVERSPED PROP TO 2720 RPM FOR APPROX 1 SECOND. REMOVED DATA CARD FROM A/C & DOWNLOADED DATA. C/W LYCOM,oversped propeller to 2720 rpm for approximately 1 second. removed data card from aircraft and downloaded data. complied with lycoming,False
105103,R/H ENG #3 INTAKE GASKET LEAKS. REMOVED & REPLACED GASKET.,right-hand engine number 3 intake gasket leaks. removed and replaced gasket.,False
105106,#1 CYLINDER BAFFLE UNSECURE. SECURED W/ RIVETS IN 4 PLACES.,number 1 cylinder baffle unsecure. secured with rivets in 4 places.,False
105107,#4 INTAKE GASKET LEAKS. REMOVED & REPLACED GASKET.,number 4 intake gasket leaks. removed and replaced gasket.,False
105108,#4 INTAKE LEAKING. REPLACED GASKET.,number 4 intake leaking. replaced gasket.,False
105109,#4 INTAKE GASKET LEAKING. REPLACED GASKET.,number 4 intake gasket leaking. replaced gasket.,False
105111,#2 & 3 INTAKE GASKETS LEAKING. REMOVED & REPLACED INTAKE GASKETS.,number 2 and number 3 intake gaskets leaking. removed and replaced intake gaskets.,False
105112,IMPELLER IS DIRTY. CLEANED IMPELLER.,impeller is dirty. cleaned impeller.,False
105113,"PROP WAS OVERSPED TO 2720 FOR 6 SECONDS. REMOVED DATA CARD & REVIEWED INFORMATION, FOUND OVERSPE","propeller was oversped to 2720 for 6 seconds. removed data card and reviewed information, found overspeed",False
105114,"R/H BAFFLE SEAL, BY #2 CYL, TORN. REMOVED TORN BAFFLE SEAL.","right-hand baffle seal, by number 2 cylinder, torn. removed torn baffle seal.",False
105116,"R/H BAFFLE SEAL, BY #2 CYL, TORN. MADE NEW SEALS & INSTALLED.","right-hand baffle seal, by number 2 cylinder, torn. made new seals and installed.",False
105117,R/H #3 INTAKE GASKET LEAKING. REMOVED & REPLACED W/ NEW GASKET.,right-hand number 3 intake gasket leaking. removed and replaced with new gasket.,False
105118,L/H ENG O/B BAFFLE TIE ROD BROKEN. INSTALLED NEW BAFFLE TIE ROD.,left-hand engine outboard baffle tie rod broken. installed new baffle tie rod.,False
105119,"R/H #1, 3 OIL RETURN LINES LOOSE. REPOSITIONED & TIGHTENED #1 & 3 OIL RETURN LINE CLAMPS.","right-hand number 1, and number 3 oil return lines loose. repositioned and tightened number 1 and number 3 oil return line clamps.",False
105120,#1 INTAKE LEAKING. REMOVED & REPLACED GASKET. LEAK CK GOOD.,number 1 intake leaking. removed and replaced gasket. leak check good.,False
105122,#4 INTAKE GASKET LEAKING. REMOVED & REPLACED GASKET.,number 4 intake gasket leaking. removed and replaced gasket.,False
105124,"FWD BAFFLING, AFT OF ALTERNATOR, IS CRACKED. STOP DRILLED CRACK.","forward baffling, aft of alternator, is cracked. stop drilled crack.",False
105126,#4 INTAKE GASKET LEAKS. REMOVED & REPLACED GASKET.,number 4 intake gasket leaks. removed and replaced gasket.,False
105127,#2 & 4 INTAKES LEAKING. REMOVED & REPLACED GASKETS.,number 2 and number 4 intakes leaking. removed and replaced gaskets.,False
105128,BAFFLE PLUGS WORN. REMOVED & REPLACED BAFFLE PLUGS.,baffle plugs worn. removed and replaced baffle plugs.,False
105129,#4 INTAKE GASKET LEAKING. REMOVED & REPLACED GASKET.,number 4 intake gasket leaking. removed and replaced gasket.,False
105130,#3 INTAKE IS LEAKING. REMOVED & REPLACED GASKET.,number 3 intake is leaking. removed and replaced gasket.,False
105131,L/H BAFFLE CRACKED BY #3 CYL. STOP DRILLED CRACK.,left-hand baffle cracked by number 3 cylinder. stop drilled crack.,False
105134,#1 INTAKE LEAKING. REMOVED & REPLACED GASKET.,number 1 intake leaking. removed and replaced gasket.,False
105137,"ON CLIMB OUT, HAD AN AUDIBLE RPM DROP & LOSS OF 400 RPM. ENG. PERFORMED GROUND RUN; UNABLE TO DUPLICATE. PERFORMED CO","on climb out, had an audible rpm drop and loss of 400 rpm. engine performed ground run; unable to duplicate.",False
105138,"ENGINE RAN VERY ROUGH A FEW DIFFERENT TIMES IN PATTERN. RPM. RAN A/C, PERFORMED MAG CK SEVERAL TIMES - NO DEFECTS. R","engine ran very rough a few different times in pattern. rpm ran aircraft, performed magneto check several times, no defects.",False
105140,"OIL BREATHER LEAKING. REMOVED OIL SUMP, REPLACED GASKET, REINSTALLED OIL SUMP","oil breather leaking. removed oil sump, replaced gasket, reinstalled oil sump",False
105142,PROP OVERSPEED TO 2630. INSPECTED DATA FROM FDM CARD. FOUND TO BE 2667.8; WHICH,propeller overspeed to 2630. inspected data from fdm card. found to be 2667 point 8,False
105143,#3 AFT BAFFLE IS CRACKED. STOP DRILLED CRACK.,number 3 aft baffle is cracked. stop drilled crack.,False
105145,R/H BAFFLE BY #1 CYL CRACKED. STOP DRILLED CRACK.,right-hand baffle by number 1 cylinder cracked. stop drilled crack.,False
105146,"R/H #1, 2 INTAKE GASKETS LEAKING. REMOVED & REPLACED INTAKE GASKETS.","right-hand number 1, and number 2 intake gaskets leaking. removed and replaced intake gaskets.",False
105147,L/H ENG #2 CYLINDER COMPRESSION LOW. OPS & LEAK CK GOOD.,left-hand engine number 2 cylinder compression low. operations and leak check good.,False
105149,OIL COOLER WEATHER STRIPPING LOOSE. REATTACHED WEATHER STRIPPING.,oil cooler weather stripping loose. reattached weather stripping.,False
105151,#2 INTAKE TUBE GASKET LEAKING. INSTALLED NEW INTAKE GASKET.,number 2 intake tube gasket leaking. installed new intake gasket.,False
105153,R/H REAR ENGINE BAFFLE MOUNT RIVETS BROKEN. REMOVED CYL #3 AFT BAFFLE. REPLACED DAMAGED FASTENERS &,right-hand rear engine baffle mount rivets broken. removed cylinder number 3 aft baffle. replaced damaged fasteners,False
105155,ROCKER COVER SCREW IS MISSING. REPLACED MISSING SCREW.,rocker cover screw is missing. replaced missing screw.,False
105156,#2 CYL INTAKE LEAKING. REMOVED & REPLACED GASKET.,number 2 cylinder intake leaking. removed and replaced gasket.,False
105158,"AFTER ENGINE START, ENGINE WAS RUNNING ROUGH BELOW 1000 RPM. RAN A/C, NO DEFECTS NOTED. PERFORMED  PHASE 4 INSP.","after engine start, engine was running rough below 1000 rpm. ran aircraft, no defects noted. performed phase 4 inspection.",False
105161,FRONT LOWER BAFFLE HAS HOLE IN IT FROM MUFFLER SHROUD. FABRICATED BAFFLE OF LIKE MATERIAL & INSTALLED.,front lower baffle has hole in it from muffler shroud. fabricated baffle of like material and installed.,False
105162,L/H FWD BAFFLE CRACKED. REPAIRED BAFFLE W/ DOUBLER.,left-hand forward baffle cracked. repaired baffle with doubler.,False
105163,L/H FWD BAFFLE CRACKED. REINSTALLED REPAIRED BAFFLE.,left-hand forward baffle cracked. reinstalled repaired baffle.,False
105164,L/H FWD BAFFLE CRACKED. REMOVED BAFFLE (EXTRA TIME NEEDED FOR PAPERWORK ERRORS),"left-hand forward baffle cracked. removed baffle, extra time needed for paperwork errors",False
105165,FWD BAFFLE SEAL MISSING FROM MUFFLER INTAKE ON BAFFLE. INSTALLED NEW BAFFLE SEAL.,forward baffle seal missing from muffler intake on baffle. installed new baffle seal.,False
105167,"#1, 3 & 4 ROCKER COVERS ARE LEAKING. REMOVED & REPLACED GASKETS.","numbers 1, 3 and 4 rocker covers are leaking. removed and replaced gaskets.",False
105168,R/H ENG AFT BAFFLE CRACKED NEAR OIL COOLER. STOP DRILLED CRACK.,right-hand engine aft baffle cracked near oil cooler. stop drilled crack.,False
105169,"R/H ENG, R/H BAFFLE TIE ROD REQUIRES ADJUSTMENT. ADJUSTED TIE ROD.","right-hand engine, right-hand baffle tie rod requires adjustment. adjusted tie rod.",False
105171,#1 CYLINDER WIRE STANDOFF IS BROKEN. REMOVED & REPLACED STANDOFF.,number 1 cylinder wire standoff is broken. removed and replaced standoff.,False
105172,#3 CYL INTAKE GASKET LEAKING. REMOVED & REPLACED GASKET.,number 3 cylinder intake gasket leaking. removed and replaced gasket.,False
105173,#3 CYL PUSH ROD (EXHAUST) HOUSING GASKET LEAKING. LEAK CK GOOD.,"number 3 cylinder push rod, exhaust, housing gasket leaking. leak check good.",False
105175,"#3 CYL PUSH ROD (EXHAUST) HOUSING GASKET LEAKING. INSTALLED NEW SEALS ON PUSH ROD TUBE, REASSEMBLED.","number 3 cylinder push rod, exhaust, housing gasket leaking. installed new seals on push rod tube, reassembled.",False
105176,"DURING ENTIRE FLIGHT L/H RPM WOULD INCREASE SIGNIFICANTLY, R. PERFORMED FULL GROUND RUN, OPS CK'ED GOOD. INSP L/H ENG","during entire flight left-hand rpm would increase significantly. performed full ground run, operations checked good. inspected left-hand engine",False
105177,"INTAKES #2, 3, 4 LEAKING. REPLACED INTAKE GASKETS.","intakes numbers 2, 3, and 4 leaking. replaced intake gaskets.",False
105178,#1 ROCKER COVER GASKET LEAKS. REMOVED & REPLACED GASKET.,number 1 rocker cover gasket leaks. removed and replaced gasket.,False
105179,"R/H REAR ENGINE BAFFLE MOUNT LOOSE. REMOVED ENGINE BAFFLE, TIGHTENED SCREWS & REINSTALLED E","right-hand rear engine baffle mount loose. removed engine baffle, tightened screws and reinstalled engine baffle",False
105180,#3 INTAKE LEAKING. REMOVED & REPLACED GASKET.,number 3 intake leaking. removed and replaced gasket.,False
105181,SNIFFLER VALVES DIRTY. CLEANED SNIFFLER VALVES.,sniffler valves dirty. cleaned sniffler valves.,False
105182,ENGINE AIR FILTER DIRTY. REMOVED & REPLACED ENGINE AIR FILTER. NEXT DUE 7/31/17,engine air filter dirty. removed and replaced engine air filter. next due july 30 first 2017,False
105183,OIL PRESSURE SENDER GROUND STRAP NOT CONNECTED. RECONNECTED OIL PSI SENDER GROUND STRAP.,oil pressure sender ground strap not connected. reconnected oil psi sender ground strap.,False
105184,BOTH BAFFLE PLUGS BROKEN. REPLACED BOTH BAFFLE PLUGS.,both baffle plugs broken. replaced both baffle plugs.,False
105185,BAFFLE SEAL BY #1 CYL LOOSE. RIVETED BAFFLE SEAL TO BAFFLE.,baffle seal by number 1 cylinder loose. riveted baffle seal to baffle.,False
105187,L/H ENG #2 & 3 INTAKE GASKETS LEAKING. REPLACED BOTH GASKETS.,left-hand engine number 2 and number 3 intake gaskets leaking. replaced both gaskets.,False
105188,#2 INTAKE LEAKING. REMOVED & REPLACED GASKET.,number 2 intake leaking. removed and replaced gasket.,False
105189,#2 & 4 INTAKES LEAKING. REMOVED & REPLACED GASKETS.,number 2 and number 4 intakes leaking. removed and replaced gaskets.,False
105190,R/H ENG #3 INTAKE TUBE GASKET LEAKING. REMOVED & REPLACED W/ NEW GASKET.,right-hand engine number 3 intake tube gasket leaking. removed and replaced with new gasket.,False
105191,BAFFLE WIRE BROKEN. REMOVED & REPLACED BAFFLE TIE.,baffle wire broken. removed and replaced baffle tie.,False
105192,"BRACKET FOR BAFFLE, BEHIND OIL TUBE, CRACKED. REMOVED & REPLACED BRACKET.","bracket for baffle, behind oil tube, cracked. removed and replaced bracket.",False
105193,#4 CYL AFT BAFFLE CRACKED. DRILLED OFF CRACKED PORTION OF BAFFLE. FABRICATED PIECE,number 4 cylinder aft baffle cracked. drilled off cracked portion of baffle. fabricated piece,False
105194,#3 CYL SIDE & AFT BAFFLES CRACKED. FABRICATED PATCH OF LIKE MATERIAL ON AFT BAFFLE & RIVET,number 3 cylinder side and aft baffles cracked. fabricated patch of like material on aft baffle and rivet,False
105195,#4 INTAKE LEAKING. REMOVED & REPLACED GASKET.,number 4 intake leaking. removed and replaced gasket.,False
105198,"DURING CLIMB OUT THE ENGINE RAN ROUGH. SPUTTERING WAS ALSO N. PERFORMED GROUND RUN OF A/C, NO DEFECTS FOUND. INSPECTE","during climb out the engine ran rough. sputtering was also noted. performed ground run of aircraft, no defects found.",False
105199,L/H ENG #4 CYL BAFFLE WIRE STANDOFF BROKEN. SEECURED WIRES TO OIL PAN.,left-hand engine number 4 cylinder baffle wire standoff broken. secured wires to oil pan.,False
105200,#2 CYL ON L/H ENGINE BAFFLE SEAL NEEDS TO BE SECURED. SECURED BAFFLE SEAL W/ POP RIVETS.,number 2 cylinder on left-hand engine baffle seal needs to be secured. secured baffle seal with pop rivets.,False
105201,#4 ROCKER COVER GASKET LEAKING ON L/H ENGINE. REMOVED & REPLACED W/ NEW SILICONE GASKET.,number 4 rocker cover gasket leaking on left-hand engine. removed and replaced with new silicone gasket.,False
105203,#1 CYLINDER BAFFLE SEAL NEEDS TO BE REPLACED ON L/H ENGINE. REMOVED OLD SEAL & INSTALLED NEW SEAL.,number 1 cylinder baffle seal needs to be replaced on left-hand engine. removed old seal and installed new seal.,False
105204,COWL SEAL MISSING/LOOSE ON LOWER R/H ENGINE. REGLUED IN POSITION.,"cowl seal missing, loose on lower right-hand engine. reglued in position.",False
105205,#2 INTAKE GASKET IS LEAKING. REMOVED & REPLACED GASKET.,number 2 intake gasket is leaking. removed and replaced gasket.,False
105209,#2 INTAKE GASKET LEAKING. REMOVED & REPLACED GASKET.,number 2 intake gasket leaking. removed and replaced gasket.,False
105210,L/H INNER ENGINE BAFFLE TIE IS DISCONNECTED. RECONNECTED BAFFLE TIE.,left-hand inner engine baffle tie is disconnected. reconnected baffle tie.,False
105211,#4 INTAKE GASKET IS LEAKING. REPLACED GASKETS. LEAK CK GOOD.,number 4 intake gasket is leaking. replaced gaskets. leak check good.,False
105213,#2 INTAKE LEAKING. REMOVED & REPLACED INTAKE GASKET.,number 2 intake leaking. removed and replaced intake gasket.,False
105215,#3 & 4 INTAKES LEAKING. REPLACED INTAKE GASKETS.,number 3 and number 4 intakes leaking. replaced intake gaskets.,False
105216,"IDLE LOW. PERFORMED SEASONAL ADJUSTMENT, OPS GOOD.","idle low. performed seasonal adjustment, operations good.",False
105218,L/H ENG #2 INTAKE GASKET LEAKING. REMOVED & REPLACED INTAKE GASKET.,left-hand engine number 2 intake gasket leaking. removed and replaced intake gasket.,False
105219,R/H ENG #4 INTAKE GASKET LEAKING. REMOVED & REPLACED INTAKE GASKET.,right-hand engine number 4 intake gasket leaking. removed and replaced intake gasket.,False
105221,OIL LEAK ABOVE L/H MAG. LEAK CK GOOD.,oil leak above left-hand magneto. leak check good.,False
105223,SNIFFLER VALVES DIRTY. CLEANED SNIFFLER VALVES.,sniffler valves dirty. cleaned sniffler valves.,False
105225,#1 & 4 INTAKES HAVE EVIDENCE OF LEAKING. REMOVED & REPLACED GASKETS.,number 1 and number 4 intakes have evidence of leaking. removed and replaced gaskets.,False
105227,ROUGH ENGINE ON TAKE OFF. FOR BILLING PURPOSES ONLY,rough engine on takeoff. for billing purposes only,False
105228,ENGINE IDLE SPEED 1650 RPM. ADJUSTED IDLE.,engine idle speed 1650 rpm. adjusted idle.,False
105229,BAFFLE PLUGS ARE LOOSE. INSTALLED BAFFLE PLUG PATCHES & NEW PLUGS.,baffle plugs are loose. installed baffle plug patches and new plugs.,False
105231,OIL COOLER IS DIRTY. CLEANED OIL COOLER.,oil cooler is dirty. cleaned oil cooler.,False
105232,#1 & 4 INTAKES LEAKING ON R/H ENGINE. REMOVED & REPLACED GASKETS.,number 1 and number 4 intakes leaking on right-hand engine. removed and replaced gaskets.,False
105233,"INTAKES #2, 3 & 4 LEAKING ON L/H ENGINE. REMOVED & REPLACED INTAKE GASKETS.","intakes numbers 2, 3 and 4 leaking on left-hand engine. removed and replaced intake gaskets.",False
105234,"R/H AIR INTAKE HOSE NOT HOOKED UP. REINSTALLED SCAT TUBING, TIGHTENED CLAMP.","right-hand air intake hose not hooked up. reinstalled scat tubing, tightened clamp.",False
105237,L/H AFT STAND OFF BROKEN. REPLACED STAND OFF.,left-hand aft standoff broken. replaced standoff.,False
105238,INNER BAFFLE TIE DISCONNECTED. REATTACHED BAFFLE TIE.,inner baffle tie disconnected. reattached baffle tie.,False
105242,#3 CYLINDER ROCKER COVER MISSING SCREW. INSTALLED MISSING SCREW.,number 3 cylinder rocker cover missing screw. installed missing screw.,False
105244,ROUGH ENGINE. REMOVED ENG CYLINDER TOP & BOTTM SPARK PLUGS. CLEANED &,rough engine. removed engine cylinder top and bottom spark plugs. cleaned,False
105245,"#4 INTAKE LEAKING, L/H ENG. REPLACED GASKET.","number 4 intake leaking, left-hand engine. replaced gasket.",False
105246,R/H ENGINE #2 CYLINDER INTAKE GASKET LEAKING. INSTALLED NEW GASKET.,right-hand engine number 2 cylinder intake gasket leaking. installed new gasket.,False
105247,"AFTER START UP, ENGINE DIED. RAN UP & WARMED UP ENGINE, NO DEFECTS NOTED. OPS CK'ED","after start up, engine died. ran up and warmed up engine, no defects noted. operations checked",False
105248,R/H ENG BACKBONE BOLT LEAKS A LITTLE OIL. LEAK CK GOOD.,right-hand engine backbone bolt leaks a little oil. leak check good.,False
105249,"R/H ENGINE #1, 2 INTAKES LEAKING. REMOVED & REPLACED GASKETS.","right-hand engine number 1, and number 2 intakes leaking. removed and replaced gaskets.",False
105250,R/H ENGINE #4 ROCKER COVER LEAKING. REMOVED & REPLACED GASKET.,right-hand engine number 4 rocker cover leaking. removed and replaced gasket.,False
105252,#3 CYLINDER HAS LOW COMPRESSION. OIL HAS BEEN DRAINED.,number 3 cylinder has low compression. oil has been drained.,False
105253,#3 CYLINDER HAS LOW COMPRESSION. OPS & LEAK CK GOOD. REMOVED & REPLACED PUSH ROD. REMOVE,number 3 cylinder has low compression. operations and leak check good. removed and replaced push rod.,False
105254,#3 CYLINDER HAS LOW COMPRESSION. REMOVED CYLINDER. TRANSFERRED INJECTOR & CHT PROBE TO O,number 3 cylinder has low compression. removed cylinder. transferred injector and cht probe,False
105255,ANY INCREASE IN THROTTLE WOULD CAUSE SPUTTER & DROP IN RPM. PERFORMED GROUND RUN W/ ENGINE AT OPERATING TEMP. ALL E,any increase in throttle would cause sputter and drop in rpm. performed ground run with engine at operating temperature.,False
105257,#4 INTAKE GASKET LEAKING. INSTALLED NEW GASKET.,number 4 intake gasket leaking. installed new gasket.,False
105258,"AFTER STORAGE RUN NEEDED. RAN A/C, ALL CHECKS GOOD.","after storage run needed. ran aircraft, all checks good.",False
105260,"BAFFLE TIE ROD IN BETWEEN #1 & 3 CYL, NOT HOOOKED UP. INSTALLED BAFFLE ROD.","baffle tie rod in between number 1 and number 3 cylinder, not hooked up. installed baffle rod.",False
105261,#2 CYL COMPRESSION LOW. REMOVED BAFFLING FOR #2 CYL & ATTACHING PARTS. REMOVED,number 2 cylinder compression low. removed baffling for number 2 cylinder and attaching parts.,False
105262,"R/H ENG, R/H AFT ENGINE BAFFLE CRACKED. STOP DRILLED CRACK.","right-hand engine, right-hand aft engine baffle cracked. stop drilled crack.",False
105263,L/H ENG #3 & 4 INTAKE TUBE GASKETS LEAKING. INSTALLED NEW GASKETS.,left-hand engine number 3 and number 4 intake tube gaskets leaking. installed new gaskets.,False
105264,R/H ENG #3 INTAKE TUBE GASKET LEAKING. REMOVED & REPLACED GASKET W/ NEW.,right-hand engine number 3 intake tube gasket leaking. removed and replaced gasket with new.,False
105265,#4 INTAKE GASKET LEAKING. REMOVED & REPLACED W/ NEW GASKET.,number 4 intake gasket leaking. removed and replaced with new gasket.,False
105268,"#2 CYL VALVE STICKING. RAN A/C, OPS & LEAK CK GOOD. COWLED A/C.","number 2 cylinder valve sticking. ran aircraft, operations and leak check good. cowled aircraft.",False
105269,#2 CYL VALVE STICKING. REMOVED #2 CYL TOP PLUG & FOUND VALVE CONTACTED PISTON.,number 2 cylinder valve sticking. removed number 2 cylinder top plug and found valve contacted piston.,False
105270,"#2 CYL VALVE STICKING. REMOVED #2 CYL BAFFLING, INTAKE, EXHAUST & OIL RETURN T","number 2 cylinder valve sticking. removed number 2 cylinder baffling, intake, exhaust and oil return tube",False
105272,#2 BAFFLE SEAL LOOSE. REMOVED RIVET & REPLACED W/ SCREW & LOCK NUT.,number 2 baffle seal loose. removed rivet and replaced with screw and lock nut.,False
105275,#3 INTAKE LEAKING. REMOVED & REPLACED GASKET.,number 3 intake leaking. removed and replaced gasket.,False
105276,FWD BAFFLE CRACKED UNDER THE ALTERNATOR. STOP DRILLED CRACK.,forward baffle cracked under the alternator. stop drilled crack.,False
105277,R/H REAR ENGINE BAFFLE MOUNT LOOSE. INSTALLED NEW SCREWS & NUT TO SECURE BAFFLE MOUNT.,right-hand rear engine baffle mount loose. installed new screws and nut to secure baffle mount.,False
105279,"WHEN CLIMBING, HEARD ENGINE W/ SOME NOISE. ENGINE MADE A THU. INSPECTED ENGINE, NO DEFECTS. RAN A/C, ALL SYSTEMS W/IN","when climbing, heard engine with some noise. inspected engine, no defects. ran aircraft, all systems within normal parameters",False
105280,R/H REAR ENGINE BAFFLE SCREW LOOSE. TIGHTENED SCREW.,right-hand rear engine baffle screw loose. tightened screw.,False
105281,#2 INTAKE TUBE LEAKING. REMOVED & REPLACED W/ NEW GASKET.,number 2 intake tube leaking. removed and replaced with new gasket.,False
105282,"AFTER ENGINE & ROTOR RUN UP, RPM DROPPED 250 & CONTINUED TO. COMPLETED ASSY OF ENGINE. RAN UP ENGINE, OPS & LEAK CK","after engine and rotor run up, rpm dropped 250. completed assembly of engine. ran up engine, operations and leak check",False
105283,"AFTER ENGINE & ROTOR RUN UP, RPM DROPPED 250 & CONTINUED TO. PERFORMED LYCOMING , FOUND #2, 4 EXHAUST VALVE G","after engine and rotor run up, rpm dropped 2050. performed lycoming , found number 2, and number 4 exhaust valve guides damaged",False
105284,"R/H ENGINE BAFFLE SEAL LOOSE, ABOVE #4 CYLINDER. RESECURED BAFFLE SEAL.","right-hand engine baffle seal loose, above number 4 cylinder. resecured baffle seal.",False
105285,"L/H ENG, CYL #2 INTAKE GASKET IS LEAKING. REMOVED & REPLACED GASKET W/ NEW.","left-hand engine, cylinder number 2 intake gasket is leaking. removed and replaced gasket with new.",False
105287,BLACK FWD LWR ENG SEAL WORN AT AIR INTAKE FILTER. APPLIED RTV TO FWD LOWER BAFFLE SEAL.,black forward lower engine seal worn at air intake filter. applied rtv to forward lower baffle seal.,False
105290,#3 INTAKE TUBE GASKET LEAKING. REMOVED & REPLACED INTAKE GASKET W/ NEW.,number 3 intake tube gasket leaking. removed and replaced intake gasket with new.,False
105291,#4 CYL BAFFLE PLUG TABS BROKEN. REMOVED & REPLACED PLUG.,number 4 cylinder baffle plug tabs broken. removed and replaced plug.,False
105293,"A/C NEEDS AFTER STORAGE RUN. RAN A/C, ALL CHECKS GOOD.","aircraft needs after storage run. ran aircraft, all checks good.",False
105295,"DURING FLIGHT, HIGH OIL PSI OCCURRED. WHEN EXERCISE PROP, OI. RAN A/C, OPS CK GOOD.","during flight, high oil psi occurred. ran aircraft, operations check good.",False
105296,R/H ENG #4 AFT BAFFLE SEAL LOOSE. INSTALLED WASHER & RIVET.,right-hand engine number 4 aft baffle seal loose. installed washer and rivet.,False
105297,R/H ENG #1 SIDE BAFFLE SEAL WORN. REMOVED & REPLACED BAFFLE SEAL W/ NEW.,right-hand engine number 1 side baffle seal worn. removed and replaced baffle seal with new.,False
105298,BAFFLE PLUGS WORN. REMOVED & REPLACED PLUGS.,baffle plugs worn. removed and replaced plugs.,False
105299,ALTERNATE AIR DOOR SPRING IS WEAK. REPLACED AIR INTAKE ASSY.,alternate air door spring is weak. replaced air intake assembly.,False
105300,#3 ROCKER COVER LEAKING. REMOVED & REPLACED ROCKER COVER GASKET.,number 3 rocker cover leaking. removed and replaced rocker cover gasket.,False
105301,BAFFLE PLUGS WORN. REMOVED & REPLACED BOTH BAFFLE PLUGS.,baffle plugs worn. removed and replaced both baffle plugs.,False
105302,"#4 INTAKE LEAKING, R/H ENG. REPLACED GASKET.","number 4 intake leaking, right-hand engine. replaced gasket.",False
105303,LOW COMPRESSION (40/80) ON #3 CYLINDER. AIR LEAKING FROM EXH. BEGAN REPLACEMENT OF CYLINDER. REPLACED OLD CYLINDER W/,"low compression, 40 out of 80, on number 3 cylinder. air leaking from exhaust valve. began replacement of cylinder. replaced old cylinder with new",False
105304,LOW COMPRESSION (40/80) ON #3 CYLINDER. AIR LEAKING FROM EXH. CHASED THREADS ON INTAKE PORT TO CLEAN THREADS. INSTALL,"low compression, 40 out of 80, on number 3 cylinder. air leaking from exhaust valve. chased threads on intake port to clean threads. installed new cylinder",False
105306,#2 & 4 INTAKES LEAKING. REMOVED & REPLACED INTAKE GASKETS.,number 2 and number 4 intakes leaking. removed and replaced intake gaskets.,False
105307,"L/H ENG #3 CYL COMPRESSION LOW. RAN UP ENGINE, OPS & LEAK CK GOOD.","left-hand engine number 3 cylinder compression low. ran up engine, operations and leak check good.",False
105308,L/H ENG #3 CYL COMPRESSION LOW. REMOVED #3 CYL BAFFLING & CONNECTING COMPONENTS AND HAR,left-hand engine number 3 cylinder compression low. removed number 3 cylinder baffling and connecting components and hardware,False
105310,BOTH BAFFLE PLUGS DAMAGED. REMOVED & REPLACED BAFFLE PLUGS.,both baffle plugs damaged. removed and replaced baffle plugs.,False
105311,"DURING FLIGHT, ENGINE RPM WAS 2740 FOR 3 SECONDS. REMOVED SD CARD & C/W LYCOMING , OVERSPEED CONSI","during flight, engine rpm was 2740 for 3 seconds. removed sd card and complied with lycoming",False
105312,"LOW COMPRESSION ON #3 CYLINDER. STAKED VALVE, COMPRESSION CAME UP TO 72/80.","low compression on number 3 cylinder. staked valve, compression came up to 72 out of 80.",False
105313,BOTH BAFFLE PLUGS DAMAGED. REMOVED & REPLACED BAFFLE PLUGS.,both baffle plugs damaged. removed and replaced baffle plugs.,False
105314,"LARGE POOL OF OIL UNDER ENGINE. OIL HAS BEEN ADDED LAST 2 DA. RAN A/C, NO LEAKS NOTED. OBSERVED A/C FOR SEVERAL HOURS","large pool of oil under engine. oil has been added last 2 days. ran aircraft, no leaks noted. observed aircraft for several hours",False
105315,#3 & 4 CYLINDER INTAKE TUBE INSERTS IN SUMP LOOSE. REMOVED INTAKE TUBES.,number 3 and number 4 cylinder intake tube inserts in sump loose. removed intake tubes.,False
105316,#3 & 4 CYLINDER INTAKE TUBE INSERTS IN SUMP LOOSE. RESWAGED INTAKE TUBE INSERTS.,number 3 and number 4 cylinder intake tube inserts in sump loose. reswaged intake tube inserts.,False
105317,"#3 & 4 CYLINDER INTAKE TUBE INSERTS IN SUMP LOOSE. INSTALLED #3 & 4 INTAKE TUBES W/ NEW GASKETS. RAN A/C,","number 3 and number 4 cylinder intake tube inserts in sump loose. installed number 3 and number 4 intake tubes with new gaskets. ran aircraft,",False
105318,L/H ENG #2 CYL INTAKE GASKET LEAKING. REPLACED GASKET.,left-hand engine number 2 cylinder intake gasket leaking. replaced gasket.,False
105319,REACHED 2720 RPM FOR ABOUT 2 SECONDS. REMOVED SD CARD & FOUND MAX RPM TO BE LESS THAN 5% RATE,reached 2720 rpm for about 2 seconds. removed sd card and found max rpm to be less than 5 percent rate,False
105321,"AFTER ENGINE START, THERE WAS ENGINE VIBRATION. SUSPECT CYL. REMOVED #4 CYL ASSY, BEGAN INSTALLATION OF NEW CYL #4.","after engine start, there was engine vibration. suspect cylinder damage. removed number 4 cylinder assembly, began installation of new cylinder number 4.",False
105323,"AFTER ENGINE START, THERE WAS ENGINE VIBRATION. SUSPECT CYL. FINISHED INSTALLATION OF CYL. INSTALLED PUSH RODS & ROC","after engine start, there was engine vibration. suspect cylinder damage. finished installation of cylinder. installed push rods and rocker covers",False
105325,#3 INTAKE GASKET IS LEAKING. REPLACED GASKET.,number 3 intake gasket is leaking. replaced gasket.,False
105327,SCREW MISSING ON #2 ROCKER COVER. REPLACED W/ NEW SCREW.,screw missing on number 2 rocker cover. replaced with new screw.,False
105328,"DURING STEEP TURNS, ENGINE BEGAN TO STRUGGLE & COUGHED OFTEN. REMOVED BOTTOM PLUGS & #4 CYL TOP PLUG; BORE SCOPED #4","during steep turns, engine began to struggle and coughed often. removed bottom plugs and number 4 cylinder top plug; bore scoped number 4",False
105330,"DURING STEEP TURNS, ENGINE BEGAN TO STRUGGLE & COUGHED OFTEN. PERFORMED GROUND RUN, VERIFIED ENGINE RAN W/ A SLIGHT M","during steep turns, engine began to struggle and coughed often. performed ground run, verified engine ran with a slight misadjusted mixture",False
105331,"DURING STEEP TURNS, ENGINE BEGAN TO STRUGGLE & COUGHED OFTEN. INSTALLED -28 EXHAUST VALVE PUSH ROD, CLEARANCE CK'ED G","during steep turns, engine began to struggle and coughed often. installed dash 28 exhaust valve push rod, clearance checked good",False
105332,"DURING STEEP TURNS, ENGINE BEGAN TO STRUGGLE & COUGHED OFTEN. FINISHED REINSTALLATION OF PLUGS, LEADS & #4 ROCKER COV","during steep turns, engine began to struggle and coughed often. finished reinstallation of plugs, leads and number 4 rocker cover",False
105333,OIL COOLER CLOGGED (DIRTY BETWEEN FINS). REMOVED CLOG.,"oil cooler clogged, dirty between fins. removed clog.",False
105334,"DURING LATE TAKEOFF ROLL & PATTERN; ENGINE SOUNDED LIKE IT W. RAN A/C, CONFIRMED DISCREP. PERFORMED COMPRESSION CK, F","during late takeoff roll and pattern; engine sounded like it wanted to die. ran aircraft, confirmed discrepancy. performed compression check",False
105337,L/H ENGINE DATA PLATE RIVETS MISSING. INSTALLED NEW RIVETS.,left-hand engine data plate rivets missing. installed new rivets.,False
105338,"IN CRUISE, ON WAY TO PRACTICE AREA, ENGINE RPM DROPPED & THE. RAN A/C, ALL CHECKS GOOD.","in cruise, on way to practice area, engine rpm dropped. ran aircraft, all checks good.",False
105339,FWD LWR BLACK SEAL HAS WORN SPOTS FORM INTAKE FILTER BRACKET. APPLIED BLACK SILICONE TO BAFFLE SEAL.,forward lower black seal has worn spots form intake filter bracket. applied black silicone to baffle seal.,False
105342,"ON START UP, ENGINE RAN VERY ROUGH. TRIED TO INCREASE POWER. PERFORMED GROUND RUN, VERIFIED DISCREP: RAN ROUGH IN AL","on start up, engine ran very rough. tried to increase power. performed ground run, verified discrepancy: ran rough in all",False
105344,"AFTER ENGINE START UP, NOTICED VIBRATION & ROUGH RUNNING ENG. RUN UP, LEAK CK GOOD.","after engine start up, noticed vibration and rough running engine. run up, leak check good.",False
105345,"AFTER ENGINE START UP, NOTICED VIBRATION & ROUGH RUNNING ENG. REMOVED & REPLACED CYL #3 W/ NEW IAW LYCOMING OVERHAUL","after engine start up, noticed vibration and rough running engine. removed and replaced cylinder number 3 with new in accordance with lycoming overhaul manual",False
105347,"AFTER ENGINE START UP, NOTICED VIBRATION & ROUGH RUNNING ENG. REAMED #1 & 4 EXHAUST VALVE GUIDES IAW LYCOMING","after engine start up, noticed vibration and rough running engine. reamed number 1 and number 4 exhaust valve guides in accordance with lycoming",False
105348,L/H #2 INTAKE LEAKING. REPLACED INTAKE GASKET.,left-hand number 2 intake leaking. replaced intake gasket.,False
105349,R/H #2 INTAKE LEAKING. REPLACED INTAKE GASKET.,right-hand number 2 intake leaking. replaced intake gasket.,False
105350,#3 INTAKE TUBE GASKET LEAKING. INSTALLED NEW INTAKE GASKET.,number 3 intake tube gasket leaking. installed new intake gasket.,False
105351,#3 BAFFLE BRACKET MISSING HARDWARE. REINSTALLED HARDWARE.,number 3 baffle bracket missing hardware. reinstalled hardware.,False
105352,BOTH BAFFLE PLUGS DAMAGED. REMOVED & REPLACED BAFFLE PLUGS.,both baffle plugs damaged. removed and replaced baffle plugs.,False
105353,"TOP CASE BOLT LEAKING. SEALED BOLT, LEAK CK GOOD.","top case bolt leaking. sealed bolt, leak check good.",False
105355,#2 INTAKE GASKET LEAKS. REMOVED & REPLACED W/ NEW GASKET.,number 2 intake gasket leaks. removed and replaced with new gasket.,False
105357,#1 CYL BAFFLE IS CRACKED. FABRICATED PATCH W/ LIKE MATERIAL & RIVETED IAW,number 1 cylinder baffle is cracked. fabricated patch with like material and riveted in accordance with reference manual,False
105359,"BAFFLE SEAL LOOSE, FWD OF #1 CYL. REATTACHED BAFFLE.","baffle seal loose, forward of number 1 cylinder. reattached baffle.",False
105360,R/H ENGINE FIRE SEAL LOOSE ON BOTTOM COWL. RESECURED SEAL.,right-hand engine fire seal loose on bottom cowl. resecured seal.,False
105361,"SILICONE NEEDED ON TOP OF OIL COOLER, AGAINST COWL. APPLIED SILICONE.","silicone needed on top of oil cooler, against cowl. applied silicone.",False
105363,COWLING SEAL NEEDS TO BE RESECURED (LOWER AFT). RESECURED SEAL ON L/H LOWER AFT COWLING.,"cowling seal needs to be resecured, lower aft. resecured seal on left-hand lower aft cowling.",False
105365,LOWER FWD ENGINE COWL NEEDS DOUBLER ON GUIDE HOLE FOR TOP CO. INSTALLED DOUBLER ON I/B AFT ALIGNMENT PIN HOLE.,lower forward engine cowl needs doubler on guide hole for top cover. installed doubler on inboard aft alignment pin hole.,False
105366,"VERIFY CONDITION OF R/H ENGINE FOR MISMATCH W/ L/H ENGINE. REMOVED POWER SECTION FROM R/H ENGINE, VISUALLY INSPECT","verify condition of right-hand engine for mismatch with left-hand engine. removed power section from right-hand engine, visually inspected",False
105367,R/H BAFFLE TIE BROKEN. REMOVED & REPLACED BAFFLE TIE.,right-hand baffle tie broken. removed and replaced baffle tie.,False
105368,BOTH BAFFLE PLUGS DAMAGED. REMOVED & REPLACED BAFFLE PLUGS.,both baffle plugs damaged. removed and replaced baffle plugs.,False
105371,#1 & 2 ROCKER GASKETS LEAKING. REPLACED GASKETS.,number 1 and number 2 rocker gaskets leaking. replaced gaskets.,False
105372,#2 & 4 INTAKE GASKETS LEAKING. REPLACED GASKETS.,number 2 and number 4 intake gaskets leaking. replaced gaskets.,False
105373,#2 CYL ROCKER COVER SEAL LEAKS. LEAK CK GOOD.,number 2 cylinder rocker cover seal leaks. leak check good.,False
105374,#2 CYL ROCKER COVER SEAL LEAKS. REPLACED GASKET.,number 2 cylinder rocker cover seal leaks. replaced gasket.,False
105377,"#2, 3, 4 INTAKES LEAKING ON L/H ENGINE. REMOVED & REPLACED W/ NEW GASKETS.","numbers 2, 3, and 4 intakes leaking on left-hand engine. removed and replaced with new gaskets.",False
105378,#2 INTAKE GASKET LEAKING. REMOVED & REPLACED GASKET.,number 2 intake gasket leaking. removed and replaced gasket.,False
105379,MOMENTARILY EXCEEDED 2700 RPM DURING RECOVERY OF SIMULATED E. REVIEWED FLIGHT DATA MONITORING CARD. FOUND OVERSPEED T,momentarily exceeded 2700 rpm during recovery of simulated event. reviewed flight data monitoring card.,False
105380,"L/H ENG CYL #3, 2 & 4 INTAKE GASKETS ARE LEAKING. REPLACED GASKETS.","left-hand engine cylinder numbers 3, 2 and 4 intake gaskets are leaking. replaced gaskets.",False
105381,"R/H ENG CYL #2, 3 & 4 INTAKE GASKETS ARE LEAKING. REPLACED #2 GASKET.","right-hand engine cylinder numbers 2, 3 and 4 intake gaskets are leaking. replaced number 2 gasket.",False
105382,"R/H ENG CYL #2, 3 & 4 INTAKE GASKETS ARE LEAKING. REPLACED #3 & 4 GASKETS.","right-hand engine cylinder numbers 2, 3 and 4 intake gaskets are leaking. replaced number 3 and number 4 gaskets.",False
105383,"R/H ENG CYL #2 HAS POSSIBLE CRACK BY INTAKE PORT. INSPECTED, PERFORMED DYE PE INSP; VERIFIED TO NOT BE CR","right-hand engine cylinder number 2 has possible crack by intake port. inspected, performed dye penetrant inspection; verified to not be cracked",False
105384,DURING FLIGHT A/C WOULD INTERMITTENTLY LOSE POWER ON L/H ENG. BORESCOPED #1 CYL FOR VALVE CONTACT W/ PISTON FOR POSSI,during flight aircraft would intermittently lose power on left-hand engine. borescoped number 1 cylinder for valve contact with piston for possible damage,False
105385,#2 INTAKE GASKET LEAKING. REMOVED & REPLACED W/ NEW GASKET.,number 2 intake gasket leaking. removed and replaced with new gasket.,False
105387,"DURING ENGINE START & ENGINE RUNNING, THERE WERE VIBRATION S. FOR ENGINE CHANGE. RAN ENGINE, NO DEFE","during engine start and engine running, there were vibrations. for engine change. ran engine, no defects noted",False
105389,FOD AFT OF SPINNER. REMOVED FOD,fod aft of spinner. removed fod,False
105390,SCREW MISSING FROM #3 ROCKER COVER. REINSTALLED SCREW,screw missing from number 3 rocker cover. reinstalled screw,False
105391,CYL #4 INTAKE GASKET IS LEAKING. REMOVED & REPLACED GASKET W/ NEW.,cylinder number 4 intake gasket is leaking. removed and replaced gasket with new.,False
105394,SCREW MISSING ON #3 CYL BAFFLING. REPLACED SCREW.,screw missing on number 3 cylinder baffling. replaced screw.,False
105395,BAFFLE SEAL NEEDS TO BE SECURED ON #1 CYL. SECURED BAFFLE SEAL.,baffle seal needs to be secured on number 1 cylinder. secured baffle seal.,False
105397,#1 BAFFLE IS CRACKED. FABRICATED & INSTALLED PATCH ON BAFFLE W/ LIKE MATERIAL,number 1 baffle is cracked. fabricated and installed patch on baffle with like material,False
105400,BOTH BAFFLE PLUGS DAMAGED. REMOVED & REPLACED BAFFLE PLUGS.,both baffle plugs damaged. removed and replaced baffle plugs.,False
105401,#3 INTAKE LEAKING. REMOVED & REPLACED GASKET.,number 3 intake leaking. removed and replaced gasket.,False
105402,BOTH ENGINES #2 INTAKES ARE LEAKING. REPLACED L/H INTAKE GASKET.,both engines number 2 intakes are leaking. replaced left-hand intake gasket.,False
105403,BOTH ENGINES #2 INTAKES ARE LEAKING. REMOVED & REPLACED R/H GASKET.,both engines number 2 intakes are leaking. removed and replaced right-hand gasket.,False
105404,BAFFLE SEAL ON #1 CYLINDER NEEDS TO BE SECURED. SECURED BAFFLE SEAL.,baffle seal on number 1 cylinder needs to be secured. secured baffle seal.,False
105406,#2 ROCKER COVER LEAKING. REPLACED GASKET.,number 2 rocker cover leaking. replaced gasket.,False
105408,"R/H ENGINE INTAKES 2, 3, 4 GASKETS LEAKING. REMOVED & REPLACED W/ NEW GASKETS.","right-hand engine intakes 2, 3, and 4 gaskets leaking. removed and replaced with new gaskets.",False
105409,L/H BOTTOM OF OIL COOLER NEEDS TO BE SEALED UP. SEALED BOTTOM L/H OIL COOLER GAP W/ SILICONE.,left-hand bottom of oil cooler needs to be sealed up. sealed bottom left-hand oil cooler gap with silicone.,False
105410,"INTAKE 2, 3 & 4 LEAKING ON L/H ENGINE. REMOVED & REPLACED GASKETS.","intake 2, 3 and 4 leaking on left-hand engine. removed and replaced gaskets.",False
105411,"R/H ENG CYL #1, 3, 4 INTAKE GASKETS ARE LEAKING. REMOVED & REPLACED GASKETS.","right-hand engine cylinder numbers 1, 3, and 4 intake gaskets are leaking. removed and replaced gaskets.",False
105412,ALL 4 ROCKER COVERS LEAKING. REPLACED GASKETS.,all 4 rocker covers leaking. replaced gaskets.,False
105413,OIL ON CRANKSHAFT PLUG. CLEANED & SEALED PLUG.,oil on crankshaft plug. cleaned and sealed plug.,False
105414,OIL ON CRANKSHAFT PLUG. LEAK CK GOOD. REINSTALLED SPINNER.,oil on crankshaft plug. leak check good. reinstalled spinner.,False
105415,"#1, 2, 4 INTAKE GASKETS LEAKING. REMOVED & REPLACED GASKETS.","numbers 1, 2, and 4 intake gaskets leaking. removed and replaced gaskets.",False
105416,"CRANKSHAFT SEAL SHOWS SIGNS OF LEAKING. REMOVED PROP, RING GEAR. REMOVED OLD CRANKSHAFT SEAL, C","crankshaft seal shows signs of leaking. removed propeller, ring gear. removed old crankshaft seal",False
105417,"CRANKSHAFT SEAL SHOWS SIGNS OF LEAKING. INSTALLED RING GEAR & PROP, TORQUED TO SPECS & SAFETIED","crankshaft seal shows signs of leaking. installed ring gear and propeller, torqued to specs and safetied",False
105419,BAFFLE IS CRACKED AT LOWER O/B OIL COOLER BOLT. STOP DRILLED CRACK.,baffle is cracked at lower outboard oil cooler bolt. stop drilled crack.,False
105420,ALL 4 ROCKER COVER GASKETS NEED TO BE REPLACED. REPLACED GASKETS.,all 4 rocker cover gaskets need to be replaced. replaced gaskets.,False
105422,"EXPERIENCED SEVERE ENGINE ROUGHNESS WHILE ON LONG FINAL. PERFORMED GROUND RUN, OPS & LEAK CK'ED GOOD.","experienced severe engine roughness while on long final. performed ground run, operations and leak checked good.",False
105424,#2 INTAKE LEAKING. REPLACED GASKET.,number 2 intake leaking. replaced gasket.,False
105425,#2 ROCKER COVER LEAKING. REMOVED & REPLACED GASKET.,number 2 rocker cover leaking. removed and replaced gasket.,False
105426,#3 INTAKE LEAKING. REPLACED GASKET.,number 3 intake leaking. replaced gasket.,False
105428,#2 INTAKE GASKET LEAKING. REPLACED INTAKE GASKET.,number 2 intake gasket leaking. replaced intake gasket.,False
105429,#3 INTAKE LEAKING ON R/H ENGINE. REPLACED GASKET.,number 3 intake leaking on right-hand engine. replaced gasket.,False
105430,"IDLES EXTREMELY ROUGH, AROUND 400 RPM. PERFORMED GROUND RUN, MADE SEASONAL ADJUSTMENT TO IDLE","idles extremely rough, around 400 rpm. performed ground run, made seasonal adjustment to idle",False
105434,PROP RIVETS LOOSE ON R/H FWD SIDE OF ENGINE BAFFLE. REMOVED & REPLACED LOOSE RIVETS W/ SCREWS ON R/H FWD EN,propeller rivets loose on right-hand forward side of engine baffle. removed and replaced loose rivets with screws on right-hand forward engine,False
105436,"GROUNDING STRAP ON ENGINE, LOOSE BOLT. TIGHTENED BOLT.","grounding strap on engine, loose bolt. tightened bolt.",False
105437,"LWR FWD BLACK SEAL, ABOVE ENG FILTER, WORN SPOTS. INSTALLED BLACK RTV IN WORN AREAS.","lower forward black seal, above engine filter, worn spots. installed black rtv in worn areas.",False
105440,2 PHENOLIC SPACERS BROKEN ON THROTTLE CONTROL QUADRANT. REMOVED & REPLACED SPACERS.,2 phenolic spacers broken on throttle control quadrant. removed and replaced spacers.,False
105441,"#1 CYL ON R/H ENGINE SUSPECT CRACKED. REMOVED BAFFLE, MUFFLER, OIL RETURN LINE, CYL & PISTON.","number 1 cylinder on right-hand engine suspect cracked. removed baffle, muffler, oil return line, cylinder and piston.",False
105443,#1 CYL ROCKER COVER GASKET LEAKS. REMOVED & REPLACD GASKET.,number 1 cylinder rocker cover gasket leaks. removed and replaced gasket.,False
105444,#2 INTAKE LEAKING ON L/H ENGINE. REMOVED & REPLACED INTAKE GASKET.,number 2 intake leaking on left-hand engine. removed and replaced intake gasket.,False
105445,ALL SPARK PLUGS WORN. REPLACED PLUGS.,all spark plugs worn. replaced plugs.,False
105446,"ENGINE RPM DROPPED 200-300 RPM SUDDENLY, ACCOMPANIED BY STRO. FOR MX FLIGHT.","engine rpm dropped 200 to 300 rpm suddenly, accompanied by strong vibration. for maintenance flight.",False
105447,"ENGINE RPM DROPPED 200-300 RPM SUDDENLY, ACCOMPANIED BY STRO. COMPLETED , OPS & LEAK CK GOOD.","engine rpm dropped 200 to 300 rpm suddenly, accompanied by strong vibration. completed , operations and leak check good.",False
105449,#2 SIDE BAFFLE SEAL LOOSE. SECURED BAFFLE SEAL W/ POP RIVETS.,number 2 side baffle seal loose. secured baffle seal with pop rivets.,False
105450,#1 INTAKE LEAKING. REMOVED & REPLACED GASKET.,number 1 intake leaking. removed and replaced gasket.,False
105452,L/H ENG #4 ROCKER COVER GASKET LEAKS. REMOVED & REPLACED GASKET.,left-hand engine number 4 rocker cover gasket leaks. removed and replaced gasket.,False
105453,"R/H ENG #2, 4 INTAKE GASKET LEAKING. REMOVED & REPLACED GASKETS.","right-hand engine number 2, and number 4 intake gasket leaking. removed and replaced gaskets.",False
105454,L/H ENGINE #3 INTAKE GASKET LEAKING. REMOVED & REPLACED GASKET.,left-hand engine number 3 intake gasket leaking. removed and replaced gasket.,False
105457,BAFFLE CRACKED BY #2 CYL ON R/H ENGINE. STOP DRILLED CRACK.,baffle cracked by number 2 cylinder on right-hand engine. stop drilled crack.,False
105458,"#2, 3, 4 INTAKE GASKETS LEAKING ON L/H ENGINE. REMOVED & REPLACED W/ NEW GASKETS.","numbers 2, 3, and 4 intake gaskets leaking on left-hand engine. removed and replaced with new gaskets.",False
105460,#2 INTAKE GASKET IS LEAKING. REPLACED GASKET.,number 2 intake gasket is leaking. replaced gasket.,False
105462,BOTH BAFFLE PLUGS DAMAGED. REMOVED & REPLACED BAFFLE PLUGS.,both baffle plugs damaged. removed and replaced baffle plugs.,False
105463,"#3 CYL FAILED COMPRESSION. REMOVED BAFFLING, WIRES & EXHAUST FOR ACCESS. REMOVED &","number 3 cylinder failed compression. removed baffling, wires and exhaust for access.",False
105465,CYL #4 ROCKER COVER GASKET REQUIRES REPLACEMENT. REMOVED & REPLACED GASKET W/ NEW.,cylinder number 4 rocker cover gasket requires replacement. removed and replaced gasket with new.,False
105467,#3 CYL INTAKE GASKET LEAKING ON L/H ENGINE. REMOVED & REPLACED GASKET.,number 3 cylinder intake gasket leaking on left-hand engine. removed and replaced gasket.,False
105468,"CLICKING NOISE NOTICED DURING INITIAL CLIMB & THROUGHOUT RES. INSPECTED ENGINE & CABIN AREA, NO DEFECTS NOTED.","clicking noise noticed during initial climb and throughout rest of flight. inspected engine and cabin area, no defects noted.",False
105470,PROP OVERSPEED; RPM ABOUT 2850 W/ PROP CONT AT HIGH RPM IN L. COMPLETED INSP IAW LYCOMING . GOVERNOR WAS FOUND,propeller overspeed; rpm about 2850. completed inspection in accordance with lycoming . governor was found damaged,False
105473,CENTER COWLING INLET TUBE NEEDS REPLACEMENT. AFTER FURTHER INSP; NO DEFECTS NOTED.,center cowling inlet tube needs replacement. after further inspection; no defects noted.,False
105477,BOTH BAFFLE PLUGS DAMAGED. REMOVED & REPLACED BAFFLE PLUGS.,both baffle plugs damaged. removed and replaced baffle plugs.,False
105478,"A/C ENGINE WOULD SHUT DOWN WHEN LEANING MIXTURE ON THE GROUN. PERFORMED GROUND RUN, VERIFIED W/ ENGINE @ 40*F CHT & O","aircraft engine would shut down when leaning mixture on the ground. performed ground run, verified with engine at 40 degrees fahrenheit cht",False
105479,#2 CYL INTAKE LEAKING. REMOVED & REPLACED GASKET.,number 2 cylinder intake leaking. removed and replaced gasket.,False
105482,"ROUGH OPERATION AFTER START UP, ENGINE WANTS TO DIE AT 1000. PERFORMED GROUND RUN, OPS CK'ED GOOD.","rough operation after start up, engine wants to die at 1000. performed ground run, operations checked good.",False
105483,#2 CYL HAS LOW COMPRESSION. REMOVED BAFFLING & COMPONENTS FROM #2 CYL. REMOVED CYL,number 2 cylinder has low compression. removed baffling and components from number 2 cylinder.,False
105484,"#2 CYL HAS LOW COMPRESSION. INSTALLED INNER COOLING BAFFLE ON CYL #1, 3. INSTALLED","number 2 cylinder has low compression. installed inner cooling baffle on cylinder number 1, and number 3.",False
105485,"#2 CYL HAS LOW COMPRESSION. INSTALLED & TORQUED INJECTOR & LINE, EXHAUST STACK & IN","number 2 cylinder has low compression. installed and torqued injector and line, exhaust stack and intake stack",False
105486,"#2 CYL HAS LOW COMPRESSION. INSTALLED #1 CYL SIDE BAFFLE, #2 CYL FWD & SIDE BAFFLES","number 2 cylinder has low compression. installed number 1 cylinder side baffle, number 2 cylinder forward and side baffles",False
105489,"R/H AFT I/B BAFFLE SCREW MISSING, BY DIPSTICK. REMOVED OIL COOLER FROM ENGINE BAFFLE. INSTALLED SCREW.","right-hand aft inboard baffle screw missing, by dipstick. removed oil cooler from engine baffle. installed screw.",False
105492,#3 CYL HAS LOW COMPRESSION (40/80). STARTED REMOVING BAFFLING.,"number 3 cylinder has low compression, 40 out of 80. started removing baffling.",False
105493,#3 CYL HAS LOW COMPRESSION (40/80). INSTALLED CYL BAFFLES & ALL NECESSARY PARTS. C/W AD E 2,"number 3 cylinder has low compression, 40 out of 80. installed cylinder baffles and all necessary parts. complied with ad e 2",False
105496,"BAFFLE SCREW, BEHIND DIPSTICK, LOOSE. TIGHTENED SCREW.","baffle screw, behind dipstick, loose. tightened screw.",False
105497,"EXPERIENCED MOMENTARY LOSS OF POWER. PERFORMED MAINT HISTORY, INSPECTED FUEL SERVO. TEST RAN","experienced momentary loss of power. performed maintenance history, inspected fuel servo. test ran",False
105498,ALL INTAKE GASKETS NEED TO BE REPLACED. REMOVED & REPLACED ALL INTAKE GASKETS & SEALS.,all intake gaskets need to be replaced. removed and replaced all intake gaskets and seals.,False
105499,#1 & 2 CYL INTAKE GASKETS LEAK. REMOVED & REPLACED GASKETS.,number 1 and number 2 cylinder intake gaskets leak. removed and replaced gaskets.,False
105500,BAFFLE SEAL ABOVE CYLINDERS 1 & 4 LOOSE. RESECURED BAFFLE SEALS.,baffle seal above cylinders 1 and 4 loose. resecured baffle seals.,False
105501,"R/H ENGINE BAFFLE PLUG DAMAGED. REPAIRED BAFFLE IAW SRM, REPLACED BAFFLE PLUGS.","right-hand engine baffle plug damaged. repaired baffle in accordance with standard reference manual, replaced baffle plugs.",False
105502,R/H ENG CYL #3 IS CRACKED. COMPLETED INSTALLATION. OPS & LEAK CK GOOD.,right-hand engine cylinder number 3 is cracked. completed installation. operations and leak check good.,False
105504,#3 INTAKE LEAKING. REMOVED & REPLACED GASKET.,number 3 intake leaking. removed and replaced gasket.,False
105505,#2 INTAKE GASKET LEAKS. REPLACED W/ NEW GASKET.,number 2 intake gasket leaks. replaced with new gasket.,False
105506,"WHEN UNDER POWER, DURING CLIMB & WHILE CRUISING, ENGINE WAS. RAN A/C, COULD NOT DUPLICATE DISCREP. ALL SYSTEMS W/IN","when under power, during climb and while cruising, engine was running rough. ran aircraft, could not duplicate discrepancy. all systems within normal parameters",False
105508,"#2, 3 ROCKER COVER GASKETS LEAK. REMOVED & REPLACED GASKETS.","number 2, and number 3 rocker cover gaskets leak. removed and replaced gaskets.",False
105511,"ALL INTAKE TUBE GASKETS LEAKING. REMOVED ALL INTAKE GASKETS, REPLACED W/ NEW.","all intake tube gaskets leaking. removed all intake gaskets, replaced with new.",False
105513,INTAKES 3 & 4 LEAKING ON L/H ENGINE. REMOVED & REPLACED GASKETS.,intakes 3 and 4 leaking on left-hand engine. removed and replaced gaskets.,False
105514,L/H ENGINE #E CYLINDER BAFFLING CRACKED. STOP DRILLED CRACK.,left-hand engine number 3 cylinder baffling cracked. stop drilled crack.,False
105515,#2 INTAKE LEAKING ON L/H ENGINE. REMOVED & REPLACED W/ NEW GASKET.,number 2 intake leaking on left-hand engine. removed and replaced with new gasket.,False
105516,#2 INTAKE ON R/H ENGINE LEAKING. REMOVED & REPLACED W/ NEW GASKET.,number 2 intake on right-hand engine leaking. removed and replaced with new gasket.,False
105518,#3 INTAKE ON R/H ENGINE LEAKING. REMOVED & REPLACED GASKET,number 3 intake on right-hand engine leaking. removed and replaced gasket,False
105519,"INTAKES 2, 3 & 4 LEAKING ON L/H ENGINE. REMOVED & REPLACED GASKETS.","intakes 2, 3 and 4 leaking on left-hand engine. removed and replaced gaskets.",False
105520,GROUNDING STRAP BOLT LOOSE ON ENGINE. TIGHTENED BOLT.,grounding strap bolt loose on engine. tightened bolt.,False
105522,HARDWARE MISSING FROM AFT R/H BAFFLE. INSTALLED NEW HARDWARE.,hardware missing from aft right-hand baffle. installed new hardware.,False
105523,1 BAFFLE PLUG DAMAGED. REMOVED & REPLACED BAFFLE PLUG.,1 baffle plug damaged. removed and replaced baffle plug.,False
105524,L/H #2 & 4 INTAKE TUBE GASKETS LEAKING. INSTALLED NEW GASKETS.,left-hand number 2 and number 4 intake tube gaskets leaking. installed new gaskets.,False
105526,"R/H ENGINE STILL HAS PRESERVATIVE OIL ON CYL #3 INTAKE PIPES. CLEANED ENGINE. RAN UP A/C, NO DEFECTS NOTED.","right-hand engine still has preservative oil on cylinder number 3 intake pipes. cleaned engine. ran up aircraft, no defects noted.",False
105528,"1, 2, 4 CYLINDER ROCKER COVERS LEAKING. REMOVED ROCKER COVERS & CLEANED OLD GASKET OFF. REPLACE","1, 2, and 4 cylinder rocker covers leaking. removed rocker covers and cleaned old gasket off. replaced rocker covers",False
105529,HARDWARE MISSING FROM #3 BAFFLE. INSTALLED NEW HARDWARE.,hardware missing from number 3 baffle. installed new hardware.,False
105530,#1 & 3 ROCKER COVERS LEAKING. REMOVED & REPLACED GASKETS.,number 1 and number 3 rocker covers leaking. removed and replaced gaskets.,False
105531,L/H ENG #4 INTAKE LEAKS. PREVIOUSLY C/W ON PD #12.,left-hand engine number 4 intake leaks. previously complied with reference manual on pd number 12.,False
105533,R/H ENG #2 & 4 INTAKE GASKETS LEAKING. REMOVED & REPLACED W/ NEW GASKETS.,right-hand engine number 2 and number 4 intake gaskets leaking. removed and replaced with new gaskets.,False
105534,ENGINE LEAKING FROM LIFTING EYE. LEAK CK GOOD.,engine leaking from lifting eye. leak check good.,False
105536,"ENGINE LEAKING FROM LIFTING EYE. CLEANED ENGINE, SEALED LIFTING EYE BOLT.","engine leaking from lifting eye. cleaned engine, sealed lifting eye bolt.",False
105537,ROUGH CHOPPING NOISE COMING FROM ENGINE ON APPLICATION OF FU. RAN A/C & CONFIRMED DISCREP. REMOVED COWLING & INSPECTE,rough chopping noise coming from engine on application of full throttle. ran aircraft and confirmed discrepancy. removed cowling and inspected,False
105538,"ROUGH CHOPPING NOISE COMING FROM ENGINE ON APPLICATION OF FU. MEASURED RING GAPS & INSTALLED, TORQUED CYL HOLD DOWNS.","rough chopping noise coming from engine on application of full throttle. measured ring gaps and installed, torqued cylinder hold downs.",False
105539,ROUGH CHOPPING NOISE COMING FROM ENGINE ON APPLICATION OF FU. REASSEMBLED ATTACHING PARTS TO #2 CYL FWD BAFFLING. RAN,rough chopping noise coming from engine on application of full throttle. reassembled attaching parts to number 2 cylinder forward baffling.,False
105540,#4 AFT BAFFLE MISSING SCREW. REINSTALLED SCREW.,number 4 aft baffle missing screw. reinstalled screw.,False
105542,ENGINE REQUIRES OVERHAUL. PREPPED & PAINTED ENGINE.,engine requires overhaul. prepped and painted engine.,False
105545,ENGINE REQUIRES OVERHAUL. INSTALLED ACCESSORY CASE & OIL SCREEN HOUSING. INSTALLE,engine requires overhaul. installed accessory case and oil screen housing.,False
105547,"ENGINE REQUIRES OVERHAUL. RIGGED ENGINE CONTROLS, FINISHED BAFFLING ENGINE, INSTA","engine requires overhaul. rigged engine controls, finished baffling engine",False
105548,"ENGINE REQUIRES OVERHAUL. INSTALLED CRANKSHAFT SEAL, ROUTED WIRING, INSTALLED SKA","engine requires overhaul. installed crankshaft seal, routed wiring",False
105550,ENGINE REQUIRES OVERHAUL. UNMASKED & CLEANED PARTS. INSTALLED NEW CYLINDERS ON EN,engine requires overhaul. unmasked and cleaned parts. installed new cylinders on engine,False
105551,R/H BOTTOM BAFFLE TIE WIRE HOLE ELONGATED. REPOSITIONED HOLE & INSTALLED NEW WIRE TIE.,right-hand bottom baffle tie wire hole elongated. repositioned hole and installed new wire tie.,False
105552,SCREW MISSING ON #3 CYL BAFFLING. INSTALLED SCREW.,screw missing on number 3 cylinder baffling. installed screw.,False
105553,"R/H ENGINE SPUTTERING @ 1700 RPM, AS INCREASED THROTTLE RPM. OPS & LEAK CK'ED GOOD.","right-hand engine sputtering at 1700 rpm, as increased throttle rpm. operations and leak checked good.",False
105556,"DURING FLIGHT, EXCEEDED PROP SPEED LIMITATIONS (2720 RPM). INSPECTED IAW LYCOMING , VERIFIED TO BE LESS THA","during flight, exceeded propeller speed limitations, 2720 rpm. inspected in accordance with lycoming , verified to be less than limits",False
105557,"L/H ENG #3, 4 CYL INTAKES LEAKING. REMOVED & REPLACED INTAKE GASKETS.","left-hand engine number 3, and number 4 cylinder intakes leaking. removed and replaced intake gaskets.",False
105559,#2 & 4 INTAKES LEAKING ON R/H ENGINE. REMOVED & REPLACED GASKETS.,number 2 and number 4 intakes leaking on right-hand engine. removed and replaced gaskets.,False
105560,"2, 3, & 4 INTAKES LEAKING ON L/H ENGINE. REMOVED & REPLACED GASKETS.","2, 3, and 4 intakes leaking on left-hand engine. removed and replaced gaskets.",False
105562,"ENGINE OVERSPEED, 2740 RPM. INSPECTED AS REQUIRED BY LYCOMING  FOR LESS THAN","engine overspeed, 2740 rpm. inspected as required by lycoming for less than limits",False
105563,PILOT REPORTED PROP OVERSPEED OF 20 RPM FOR A FEW SECONDS. AS PER  ON OVERSPEED CONSIDERED TO BE LESS THAN,pilot reported propeller overspeed of 20 rpm for a few seconds. as per reference manual on overspeed considered to be less than limits,False
105564,BOTH BOLTS LOOSE FOR GROUNDING STRAP FOR ENG. TIGHTENED BOTH BOLTS.,both bolts loose for grounding strap for engine. tightened both bolts.,False
105565,#3 INTAKE GASKET LEAKING. REMOVED & REPLACED W/ NEW GASKET.,number 3 intake gasket leaking. removed and replaced with new gasket.,False
105566,"#1, 2, 3 & 4 INTAKE GASKETS ARE LEAKING. REPLACED GASKETS.","numbers 1, 2, 3 and 4 intake gaskets are leaking. replaced gaskets.",False
105568,INTAKES #2 & 4 LEAKING ON L/H ENGINE. REPLACED GASKETS.,intakes number 2 and number 4 leaking on left-hand engine. replaced gaskets.,False
105569,INTAKE #3 LEAKING ON R/H ENGINE. REMOVED & REPLACED GASKET.,intake number 3 leaking on right-hand engine. removed and replaced gasket.,False
105570,R/H ENG #3 & 4 INTAKE GASKETS LEAKING. REMOVED & REPLACED GASKETS.,right-hand engine number 3 and number 4 intake gaskets leaking. removed and replaced gaskets.,False
105571,L/H ENG CYL #2 & 4 INTAKE GASKETS ARE LEAKING. REMOVED & REPLACED INTAKE GASKETS.,left-hand engine cylinder number 2 and number 4 intake gaskets are leaking. removed and replaced intake gaskets.,False
105572,"#1, 3 INTAKE GASKETS LEAKING. REPLACED INTAKE GASKETS.","number 1, and number 3 intake gaskets leaking. replaced intake gaskets.",False
105578,"STARTED ENGINE. ON START ENGINE ROUGHNESS, ENGINE CONTINUED. PERFORMED GROUND RUN, AFTER ENGINE WARMED TO OR NEAR TO","started engine. on start engine roughness, engine continued. performed ground run",False
105579,"#3 CYL EGT LOW ON RUN UP W/ ROUGH RUNNING ENGINE AFTER START. PERFORMED COMPRESSION CK, FOUND #3 CYL LOW. REMOVED CYL","number 3 cylinder egt low on run up with rough running engine after start. performed compression check, found number 3 cylinder low. removed cylinder",False
105581,#2 ROCKER COVER GASKET IS LEAKING. REPLACED GASKET.,number 2 rocker cover gasket is leaking. replaced gasket.,False
105582,ALL BOLTS FOR GROUNDING STRAPS FOR ENG & FIREWALL TO FRAME L. TIGHTENED ALL BOLTS.,all bolts for grounding straps for engine and firewall to frame loose. tightened all bolts.,False
105583,#2 CYL FWD BAFFLE HAS HOLE IN IT. FABRICATED PATCH W/ LIKE MATERIAL & RIVETED IAW,number 2 cylinder forward baffle has hole in it. fabricated patch with like material and riveted in accordance with reference manual,False
105584,SCREW MISSING ON #2 ROCKER COVER. INSTALLED SCREW.,screw missing on number 2 rocker cover. installed screw.,False
105586,R/H ENGINE HAS LEAK ALONG BACK BONE. RESEALED & TORQUED HOISTING RING BOLT.,right-hand engine has leak along backbone. resealed and torqued hoisting ring bolt.,False
105589,L/H CYL #4 INTAKE BOLT BROKE OFF. INSTALLED SERVICEABLE CYL & INSTALLED ALL ACCESSORIES.,left-hand cylinder number 4 intake bolt broke off. installed serviceable cylinder and installed all accessories.,False
105591,L/H & R/H ENGINE LOWER COWL SEALS LOOSE. RESECURED ENGINE COWL SEALS.,left-hand and right-hand engine lower cowl seals loose. resecured engine cowl seals.,False
105592,"SMALL RUST SPOT ON AFT TOP L/H (L/H ENGINE MOUNT). REMOVED RUST, INSPECTED, NO DEFECTS. PAINTED W/ PRIMER.","small rust spot on aft top left-hand, left-hand engine mount. removed rust, inspected, no defects. painted with primer.",False
105593,RPM 2740 FOR 1-3 SECONDS. REMOVED SD CARD TO REVIEW DATA. INSPECTED DATA & FOUND,rpm 2740 for 1 to 3 seconds. removed sd card to review data. inspected data,False
105595,"#3 INTAKE LEAK, R/H ENGINE. REMOVED & REPLACED GASKET W/ NEW.","number 3 intake leak, right-hand engine. removed and replaced gasket with new.",False
105597,R/H ENGINE BAFFLE SPRING BROKEN. REMOVED & REPLACED SPRING.,right-hand engine baffle spring broken. removed and replaced spring.,False
105598,#4 CYLINDER HAS LOW COMPRESSION. RETRIEVED NEW CYL ASSY FROM INVENTORY.,number 4 cylinder has low compression. retrieved new cylinder assembly from inventory.,False
105599,"#4 CYLINDER HAS LOW COMPRESSION. INSTALLED ""MINERAL OIL ONLY"" STICKERS.","number 4 cylinder has low compression. installed ""mineral oil only"" stickers.",False
105602,#4 CYLINDER HAS LOW COMPRESSION. COMPELTED INSTALLATION OF BAFFLING & EXHAUST VALVE. LAS,number 4 cylinder has low compression. completed installation of baffling and exhaust valve.,False
105605,CLAMP BROKEN ON BATTERY MOUNT. REMOVED & REPLACED CLAMP.,clamp broken on battery mount. removed and replaced clamp.,False
105607,BAFFLE SCREW MISSING ON R/H ENG #4 CYL. REPLACED SCREW.,baffle screw missing on right-hand engine number 4 cylinder. replaced screw.,False
105608,"BAFFLE SEALS ON #2, 4 CYLINDERS ON L/H ENGINE NEEDS TO BE SE. SECURED BAFFLE SEALS.","baffle seals on number 2, and number 4 cylinders on left-hand engine needs to be secured. secured baffle seals.",False
105610,#3 & 4 INTAKES LEAKING. REMOVED & REPLACED GASKETS.,number 3 and number 4 intakes leaking. removed and replaced gaskets.,False
105611,2 & 4 INTAKES LEAKING ON R/H ENGINE. REPLACED GASKETS.,2 and 4 intakes leaking on right-hand engine. replaced gaskets.,False
105614,R/H ENG #3 INTAKE IS LEAKING. REMOVED & REPLACED GASKET.,right-hand engine number 3 intake is leaking. removed and replaced gasket.,False
105615,"#1, 4 INTAKE GASKETS LEAKING. REMOVED & REPLACED W/ NEW GASKETS.","number 1, and number 4 intake gaskets leaking. removed and replaced with new gaskets.",False
105616,R/H ENGINE LWR FIRESEAL LOOSE. REATTACHED LWR FIRESEAL.,right-hand engine lower fireseal loose. reattached lower fireseal.,False
105617,"ENGINE STARTED NORMALLY, 60 SECS AFTER START, ENGINE BEGAN T. RAN A/C, OPS GOOD.","engine started normally, 60 seconds after start, engine began to vibrate. ran aircraft, operations good.",False
105618,"ENGINE STARTED NORMALLY, 60 SECS AFTER START, ENGINE BEGAN T. REINDEXED MIXTURE LINKAGE.","engine started normally, 60 seconds after start, engine began to vibrate. reindexed mixture linkage.",False
105619,"ENGINE STARTED NORMALLY, 60 SECS AFTER START, ENGINE BEGAN T. RAN UP A/C, IDLE MIXTURE LINKAGE NEEDS TO BE REINDEXED.","engine started normally, 60 seconds after start, engine began to vibrate. ran up aircraft, idle mixture linkage needs to be reindexed.",False
105620,FUEL LEAK FROM DRAIN. RAN A/C & FOUND NO LEAKS NOTED AFTER A/C SITTING OVERNI,fuel leak from drain. ran aircraft and found no leaks noted after aircraft sitting overnight,False
105621,"#1, 2 ROCKER COVERS LEAKING. REPLACED GASKETS.","number 1, and number 2 rocker covers leaking. replaced gaskets.",False
105623,ZIP TIES NEED TO BE REMOVED FROM ENGINE MOUNTS. REMOVED ZIP TIES & RESECURED WIRING & CONTROL CABLES W/,zip ties need to be removed from engine mounts. removed zip ties and resecured wiring and control cables,False
105624,CHAFE TAPE NEEDED ON #2 BAFFLE. INSTALLED CHAFE TAPE.,chafe tape needed on number 2 baffle. installed chafe tape.,False
105625,"ON RUN UP, ENGINE RUNNING EXTREMELY ROUGH. SEVERAL LOUD SOUN. RAN A/C, COULD NOT DUPLICATE PROBLEM. ALL TEMPS & PRESS","on run up, engine running extremely rough. several loud sound. ran aircraft, could not duplicate problem. all temperatures and pressures check good",False
105626,#4 INTAKE LEAKING. REPLACED GASKET.,number 4 intake leaking. replaced gasket.,False
105628,R/H FWD BAFFLING IS CRACKED. STOP DRILLED CRACK.,right-hand forward baffling is cracked. stop drilled crack.,False
105629,REMOVE ZIP TIES FROM ENGINE MOUNT. REMOVED ALL ZIP TIES FROM ENGINE MOUNT.,remove zip ties from engine mount. removed all zip ties from engine mount.,False
105630,"DUCTING RUBBING ON OIL PSI LINE, BY FIREWALL. INSTALLED SPIRAL WRAP ON OIL LINE.","ducting rubbing on oil psi line, by firewall. installed spiral wrap on oil line.",False
105631,#1 & 3 INTAKE GASKETS ARE LEAKING. REPLACED GASKETS.,number 1 and number 3 intake gaskets are leaking. replaced gaskets.,False
105633,LH/ TOP ENGINE BAFFLE SEAL LOOSE. RESCURED BAFFLE SEAL.,left-hand top engine baffle seal loose. rescured baffle seal.,False
105634,L/H ENG STARTED RUNNING ROUGH IN FLIGHT. FULL MIXTURE & FULL. COULD NOT START L/H ENG. R/H OK.,left-hand engine started running rough in flight. full mixture and full throttle. could not start left-hand engine. right-hand ok.,False
105635,L/H ENG STARTED RUNNING ROUGH IN FLIGHT. FULL MIXTURE & FULL. STARTED L/H & R/H ENGINES. PERFORMED GROUND RUN. NO DEF,left-hand engine started running rough in flight. full mixture and full throttle. started left-hand and right-hand engines. performed ground run. no defects noted,False
105636,#3 CYLINDER HAS BAD COMPRESSION. COMPLETED ENGINE REASSEMBLY.,number 3 cylinder has bad compression. completed engine reassembly.,False
105637,"#3 CYLINDER HAS BAD COMPRESSION. RAN ENGINE, OPS & LEAK CK GOOD.","number 3 cylinder has bad compression. ran engine, operations and leak check good.",False
105639,#3 CYLINDER HAS BAD COMPRESSION. DRY TAPPET CLEARANCE CK GOOD. REASSEMBLED ENGINE. SERVI,number 3 cylinder has bad compression. dry tappet clearance check good. reassembled engine.,False
105640,"R/H FWD BAFFLE SECTION, ABOVE #1 CYL, HAS DAMAGED NUTPLATES. REPLACED UPPER NUTPLATE. REMOVED STUCK SCREWS","right-hand forward baffle section, above number 1 cylinder, has damaged nutplates. replaced upper nutplate. removed stuck screws",False
105641,"BOTH ENGINES DIED AFTER LANDING GROUND ROLL STOP. RESTARTED,. PERFORMED FULL GROUND RUN, OPS CK'ED GOOD. NO DEFECTS N","both engines died after landing ground roll stop. restarted, performed full ground run, operations checked good. no defects noted",False
105642,#4 INTAKE ON L/H ENG LEAKING. REPLACED GASKETS.,number 4 intake on left-hand engine leaking. replaced gaskets.,False
105644,#4 INTAKE GASKET LEAKING. REMOVED & REPLACED W/ NEW GASKET.,number 4 intake gasket leaking. removed and replaced with new gasket.,False
105646,#3 & 4 INTAKES LEAKING. REMOVED & REPLACED GASKETS.,number 3 and number 4 intakes leaking. removed and replaced gaskets.,False
105647,#3 & 4 INTAKES LEAKING. REMOVED & REPLACED GASKETS.,number 3 and number 4 intakes leaking. removed and replaced gaskets.,False
105648,BOTH ENG BAFFLE PLUGS WORN. INSTALLED NEW.,both engine baffle plugs worn. installed new.,False
105649,#4 CYLINDER HAS LOW COMPRESSION. REMOVED CYL. FOUND BURNT VALVE. LAPPED & FITTED NEW EXH,number 4 cylinder has low compression. removed cylinder. found burnt valve. lapped and fitted new exhaust valve,False
105651,"STRANGE HOWLING NOISE, THAT INCREASES IN VOLUME DURING FLIGH. INSPECTED & PERFORMED GROUND RUN. NO DEFECTS NOTED.","strange howling noise, that increases in volume during flight. inspected and performed ground run. no defects noted.",False
105653,"CYL #1, 3, 1 INTAKE GASKETS ARE LEAKING. REMOVED & REPLACED GASKETS W/ NEW.","cylinder numbers 1, and number 3 intake gaskets are leaking. removed and replaced gaskets with new.",False
105654,R/H ENG LWR AFT COWLING HAS SEALS TO BE REGLUED. REGLUED SEAL SECTIONS.,right-hand engine lower aft cowling has seals to be reglued. reglued seal sections.,False
105655,"LOWER AFT COWL, L/H ENG STARTER GEN AIR VENT HAS CRACK. APPLIED SEALANT TO CRACK.","lower aft cowl, left-hand engine starter generator air vent has crack. applied sealant to crack.",False
105656,"CHAFE TAPE NEEDED ON BULKHEAD BEHIND FUEL NOZZLES, L/H ENG &. APPLIED SEALANT FOR CHAFING.","chafe tape needed on bulkhead behind fuel nozzles, left-hand engine. applied sealant for chafing.",False
105658,#1-3 BAFFLE TIE WIRE BROKEN. INSTALLED NEW BAFFLE TIE WIRE.,number one-three baffle tie wire broken. installed new baffle tie wire.,False
105659,#2 & 4 CHT/EGT WIRE ANCHOR BROKEN. REMOVED & REPLACED ANCHORS.,"number 2 and number 4 cht, egt wire anchor broken. removed and replaced anchors.",False
105660,#1 CYL BAFFLING HAS A CRACK. STOP DRILLED CRACK.,number 1 cylinder baffling has a crack. stop drilled crack.,False
105662,#4 INTAKE TUBE LEAKING (R/H ENGINE). REMOVED & REPLACED W/ NEW GASKET.,"number 4 intake tube leaking, right-hand engine. removed and replaced with new gasket.",False
105663,#1 CYL ROCKER ARM & PUSH ROD GALLED ON EXHAUST SIDE. REMOVED & REPLACED ROCKER ARM & PUSH ROD.,number 1 cylinder rocker arm and push rod galled on exhaust side. removed and replaced rocker arm and push rod.,False
105664,#2 CYL ROCKER ARM & PUSH ROD GALLED ON EXHAUST SIDE. REMOVED & REPLACED ROCKER ARM & PUSH ROD.,number 2 cylinder rocker arm and push rod galled on exhaust side. removed and replaced rocker arm and push rod.,False
105665,#3 CYL ROCKER ARM & PUSH ROD GALLED ON EXHAUST SIDE. REMOVED & REPLACED ROCKER ARM & PUSH ROD.,number 3 cylinder rocker arm and push rod galled on exhaust side. removed and replaced rocker arm and push rod.,False
105667,"ENGINE RUNNING VERY ROUGH & SHAKING AFTER START UP. INSTALLED ROCKER COVERS & CLEANED. RAN A/C, LEAK & OPS","engine running very rough and shaking after start up. installed rocker covers and cleaned. ran aircraft, leak and operations check good",False
105668,ENGINE RUNNING VERY ROUGH & SHAKING AFTER START UP. RAN A/C & ENGINE RAN ROUGH. #2 CYL EGT LOW. DISASSEMBLE,engine running very rough and shaking after start up. ran aircraft and engine ran rough. number 2 cylinder egt low. disassembled,False
105671,ENGINE RUNNING VERY ROUGH & SHAKING AFTER START UP. RAN ENGINE & VERIFIED DISCREPANCY. THERE IS LIKELY A ST,engine running very rough and shaking after start up. ran engine and verified discrepancy.,False
105672,MX FLIGHT REQUIRED TO CK FOR ABNORMAL ENGINE ROUGHNESS IN FL. COMPLETED CYLINDER #4 & BAFFLE INSTLLATION.,maintenance flight required to check for abnormal engine roughness in flight. completed cylinder number 4 and baffle instllation.,False
105674,MX FLIGHT REQUIRED TO CK FOR ABNORMAL ENGINE ROUGHNESS IN FL. ASSEMBLED BAFFLE & ROCKER COVERS ON CYL 1 & 3. REMOVED,maintenance flight required to check for abnormal engine roughness in flight. assembled baffle and rocker covers on cylinder 1 and 3.,False
105675,"MX FLIGHT REQUIRED TO CK FOR ABNORMAL ENGINE ROUGHNESS IN FL. STARTED REMOVING SPARK PLUGS, SIDE BAFFLES, ROCKER COVE","maintenance flight required to check for abnormal engine roughness in flight. started removing spark plugs, side baffles, rocker covers",False
105676,"MX FLIGHT REQUIRED TO CK FOR ABNORMAL ENGINE ROUGHNESS IN FL. LOWERED EXHAUST, REMOVED ATTACHING HARDWARE TO CYL 4. R","maintenance flight required to check for abnormal engine roughness in flight. lowered exhaust, removed attaching hardware to cylinder 4.",False
105677,"MX FLIGHT REQUIRED TO CK FOR ABNORMAL ENGINE ROUGHNESS IN FL. PREPPED NEW CYL & PISTON. INSTALLED NEW PISTON, RINGS &","maintenance flight required to check for abnormal engine roughness in flight. prepped new cylinder and piston. installed new piston, rings",False
105678,OIL LEAK AT L/H ENGINE HOISTING LOOP. LEAK CK GOOD.,oil leak at left-hand engine hoisting loop. leak check good.,False
105679,OIL LEAK AT L/H ENGINE HOISTING LOOP. SEALED & TORQUED BOLT.,oil leak at left-hand engine hoisting loop. sealed and torqued bolt.,False
105680,"INTAKES 1, 2 & 3 LEAKING ON R/H ENGINE. REMOVED & REPLACED GASKETS.","intakes 1, 2, and 3 leaking on right-hand engine. removed and replaced gaskets.",False
105681,"#2, 3 & 4 INTAKE GASKETS LEAKING ON L/H ENIGNE. REMOVED & REPLACED W/ NEW GASKETS.","numbers 2, 3 and 4 intake gaskets leaking on left-hand enigne. removed and replaced with new gaskets.",False
105682,#1 & 2 ROCKER GASKETS ARE LEAKING ON L/H ENGINE. REMOVED & REPLACED W/ NEW SILICONE GASKETS.,number 1 and number 2 rocker gaskets are leaking on left-hand engine. removed and replaced with new silicone gaskets.,False
105683,AFT R/H BAFFLE SCREW IS MISSING. REMOVED OIL COOLER FROM BAFFLE (NO LINES DISTURBED). IN,"aft right-hand baffle screw is missing. removed oil cooler from baffle, no lines disturbed.",False
105685,"DURING POWER ON STALL, @ FULL THROTTLE, THERE WAS A LOUD TAP. RAN UP A/C, COULD NOT DUPLICATE FUEL SMELL.","during power on stall, at full throttle, there was a loud tap. ran up aircraft, could not duplicate fuel smell.",False
105686,"DURING POWER ON STALL, @ FULL THROTTLE, THERE WAS A LOUD TAP. RAN A/C. COULD NOT DUPLICATE TAPPING NOISE OR FUEL SMEL","during power on stall, at full throttle, there was a loud tap. ran aircraft. could not duplicate tapping noise or fuel smell",False
105687,L/H ENG #3 INTAKE LEAKING. REMOVED & REPLACED GASKET.,left-hand engine number 3 intake leaking. removed and replaced gasket.,False
105690,IN STRAIGHT & LEVEL FLIGHT EXPERIENCED 2 VIBRATIONS W/ A/C Y. RUN UP & LEAK CK OK. FOR MX FLIGHT.,in straight and level flight experienced 2 vibrations with aircraft. run up and leak check ok. for maintenance flight.,False
105691,"IN STRAIGHT & LEVEL FLIGHT EXPERIENCED 2 VIBRATIONS W/ A/C Y. BEGAN LYCOMING , FOUND #2 EXHAUST GUIDE TIGHT. R","in straight and level flight experienced 2 vibrations with aircraft. began lycoming , found number 2 exhaust guide tight.",False
105692,"IN STRAIGHT & LEVEL FLIGHT EXPERIENCED 2 VIBRATIONS W/ A/C Y. PERFORMED  ON #4 EXHAUST GUIDE, FOUND TIGHT. REA","in straight and level flight experienced 2 vibrations with aircraft. performed on number 4 exhaust guide, found tight. reamed exhaust valve guide",False
105693,IN STRAIGHT & LEVEL FLIGHT EXPERIENCED 2 VIBRATIONS W/ A/C Y. COMPLETED ASSY OF BAFFLES. RAN ENGINE BLADES ENGAGE,in straight and level flight experienced 2 vibrations with aircraft. completed assembly of baffles. ran engine,False
105695,#1 INTAKE LEAKING. REMOVED & REPLACED GASKET.,number 1 intake leaking. removed and replaced gasket.,False
105697,#1 ROCKER COVER LEAKING ON L/H ENGINE. REMOVED & REPLACED GAKSET.,number 1 rocker cover leaking on left-hand engine. removed and replaced gakset.,False
105698,#2 & 4 INTAKES LEAKING ON L/H ENGINE. REMOVED & REPLACED GASKETS.,number 2 and number 4 intakes leaking on left-hand engine. removed and replaced gaskets.,False
105699,"R/H ENGINE #2, 3, 4 INTAKE GASKETS ARE LEAKING. REMOVED & REPLACED GASKETS.","right-hand engine number 2, 3, and 4 intake gaskets are leaking. removed and replaced gaskets.",False
105700,#1 CYLINDER ON R/H ENGINE IS CRACKED. REMOVED CYLINDER ASSY. REPLACED W/ NEW CYLINDER ASSY IA,number 1 cylinder on right-hand engine is cracked. removed cylinder assembly. replaced with new cylinder assembly in accordance with reference manual,False
105701,#2 INTAKE GASKET LEAKING. INSPECTED & FOUND SEEPING ROCKER GASKET. CLEANED INTAKE,number 2 intake gasket leaking. inspected and found seeping rocker gasket. cleaned intake,False
105702,SMALL LEAK ON R/H ENG BACK BONE. LEAK CK GOOD.,small leak on right-hand engine backbone. leak check good.,False
105703,#2 & 4 LEFT ENGINE INTAKES LEAKING. REPLACED GASKETS.,number 2 and number 4 left engine intakes leaking. replaced gaskets.,False
105705,#4 INTAKE ON R/H ENG LEAKS & #3 INTAKE ON L/H ENGINE. REPLACED L/H ENG GASKET.,number 4 intake on right-hand engine leaks and number 3 intake on left-hand engine. replaced left-hand engine gasket.,False
105706,#4 INTAKE ON R/H ENG LEAKS & #3 INTAKE ON L/H ENGINE. REPLACED GASKET ON R/H ENG.,number 4 intake on right-hand engine leaks and number 3 intake on left-hand engine. replaced gasket on right-hand engine.,False
105709,L/H ENG #4 INTAKE LEAKING. REMOVED & REPLACED W/ NEW GASKET.,left-hand engine number 4 intake leaking. removed and replaced with new gasket.,False
105710,R/H ENG #4 INTAKE LEAKING. REMOVED & REPLACED W/ NEW GASKET.,right-hand engine number 4 intake leaking. removed and replaced with new gasket.,False
105711,"#3 INTAKE GASKET LEAKING, R/H ENGINE. REMOVED & REPLACED GASKET.","number 3 intake gasket leaking, right-hand engine. removed and replaced gasket.",False
105712,#2 & 4 INTAKE GASKET LEAKING ON L/H ENGINE. REMOVED & REPLACED GASKETS.,number 2 and number 4 intake gasket leaking on left-hand engine. removed and replaced gaskets.,False
105714,FUEL IS LEAKING OUT OF #4 INTAKE TUBE. REMOVED & REPLACED #4 INTAKE GASKET. RAN UP ENGINE. LEA,fuel is leaking out of number 4 intake tube. removed and replaced number 4 intake gasket. ran up engine.,False
105715,ENGINE DRAIN LINES NEED ADEL CLAMPS REPLACED. REMOVED & REPLACED 2 ENGINE DRAIN LINE ADEL CLAMPS.,engine drain lines need adel clamps replaced. removed and replaced 2 engine drain line adel clamps.,False
105716,"PILOT REPORTED INTAKE LEAK. INSPECTED, FOUND INTAKE TO NOT BE LEAKING.","pilot reported intake leak. inspected, found intake to not be leaking.",False
105717,INTAKES #2 & 4 LEAKING. REMOVED & REPLACED GASKETS.,intakes number 2 and number 4 leaking. removed and replaced gaskets.,False
105718,R/H ENGINE RUNNING ROUGH. DURING RUN UP ENGINE WAS VIOLENTLY. RAN A/C. OPS & LEAK CK GOOD. REINSTALLED COWLING.,right-hand engine running rough. during run up engine was violently shaking. ran aircraft. operations and leak check good. reinstalled cowling.,False
105719,R/H ENGINE RUNNING ROUGH. DURING RUN UP ENGINE WAS VIOLENTLY. CONFIRMED DISCREPANCY. INSPECTED R/H ENGINE & FOUND,right-hand engine running rough. during run up engine was violently shaking. confirmed discrepancy. inspected right-hand engine,False
105721,"R/H ENGINE RUNNING ROUGH. DURING RUN UP ENGINE WAS VIOLENTLY. REMOVED BAFFLING, INTAKE PIPE, EXHAUST STACK & AFT MUFF","right-hand engine running rough. during run up engine was violently shaking. removed baffling, intake pipe, exhaust stack and aft muffler",False
105722,"R/H ENGINE RUNNING ROUGH. DURING RUN UP ENGINE WAS VIOLENTLY. TORQUED HOLD DOWN NUTS TO SPECS. REINSTALLED INTAKE, EX","right-hand engine running rough. during run up engine was violently shaking. torqued hold down nuts to specs. reinstalled intake, exhaust",False
105723,R/H ENGINE RUNNING ROUGH. DURING RUN UP ENGINE WAS VIOLENTLY. INSTALLED & TORQUED SPARK PLUGS. CONNECTED SPARK PLUG L,right-hand engine running rough. during run up engine was violently shaking. installed and torqued spark plugs. connected spark plug lead,False
105724,BOTH LWR ENG COWLS NEED CLEANING. CLEANED BOTH COWLS.,both lower engine cowls need cleaning. cleaned both cowls.,False
105725,"LH ENGINE, #2, 4 INTAKE GASKETS LEAKING. REMOVED & REPLACED W/ NEW GASKETS.","left-hand engine, number 2, and number 4 intake gaskets leaking. removed and replaced with new gaskets.",False
105726,"MAG DROP OUT OF STANDARDS. RAN A/C UP TO OPERATING PARAMETERS. PERFORMED MAG CK, O",magneto drop out of standards. ran aircraft up to operating parameters. performed magneto check,False
105728,#2 & 3 INTAKES LEAKING. REMOVED & REPLACED GASKETS.,number 2 and number 3 intakes leaking. removed and replaced gaskets.,False
105729,"PROP OVERSPEED, HIGH RPM & ANYTHING ABOVE 22 INCHES WOULD RE. C/W LYCOMING 369M; OVERSPEED FOUND TO BE BETWEEN 5 & 10","propeller overspeed, high rpm and anything above 22 inches would require inspection. complied with lycoming 369 m; overspeed found to be between 5 and 10",False
105730,L/H ENGINE #2 CYL LOST CHT & EGT DURING LANDING. ALSO STARTE. REMOVED & REPLACED #2 CYL ASSY ON LEFT ENGINE. CHANGED,left-hand engine number 2 cylinder lost cht and egt during landing. removed and replaced number 2 cylinder assembly on left engine.,False
105731,L/H ENGINE #2 CYL LOST CHT & EGT DURING LANDING. ALSO STARTE. FOR BILLIN PURPOSES ONLY,left-hand engine number 2 cylinder lost cht and egt during landing. for billing purposes only,False
105732,#3 LWR INTAKE TUBE LEAKS. SWEDGED INTAKE TUBE & INSTALLED INTAKE TUBE W/ NEW GASK,number 3 lower intake tube leaks. swedged intake tube and installed intake tube with new gasket,False
105734,"#3 CYL AFT BAFFLE ATTACH SCREW HAS COME OUT. REMOVED DIPSTICK TUBE, REINSTALLED SCREW, REINSTALLED D","number 3 cylinder aft baffle attach screw has come out. removed dipstick tube, reinstalled screw, reinstalled d",False
105735,"#3 EXHAUST PUSH ROD SEAL IS LEAKING. REMOVED & REPLACED PUSH ROD SEAL, O-RING RETAINER & 2 R","number 3 exhaust push rod seal is leaking. removed and replaced push rod seal, o-ring retainer and 2 rods",False
105736,#1 & 4 INTAKES LEAKING. REMOVED & REPLACED GASKETS.,number 1 and number 4 intakes leaking. removed and replaced gaskets.,False
105737,#1 CYLINDER CRACKED. LEAK & OPS CK GOOD.,number 1 cylinder cracked. leak and operations check good.,False
105739,#1 CYLINDER CRACKED. INSTALLED NEW #1 CYL IAW LYCOMING OVERHAUL MANUAL.,number 1 cylinder cracked. installed new number 1 cylinder in accordance with lycoming overhaul manual.,False
105740,#1 CYL SIDE BAFFLE IS CRACKED. INSTALLED PATCH MADE OF LIKE MATERIAL.,number 1 cylinder side baffle is cracked. installed patch made of like material.,False
105741,"#4 CYL HAS LOW COMPRESSION. RAN UP A/C, LEAK CK GOOD.","number 4 cylinder has low compression. ran up aircraft, leak check good.",False
105742,#4 CYL HAS LOW COMPRESSION. FOUND DRY TAPPET CLEARANCE W/IN SPECS & ALL FLUID LINES,number 4 cylinder has low compression. found dry tappet clearance within specs,False
105743,"#4 CYL HAS LOW COMPRESSION. REMOVED CYLINDER FROM ENGINE, INSPECTED & FOUND BURNT E","number 4 cylinder has low compression. removed cylinder from engine, inspected and found burnt exhaust valve",False
105744,"CYL #1 & 3 TIE ROD IS LOOSE AND AFT BAFFLE IS CONTACTING OIL. ADJUSTED INTERCYLINDER BAFFLE TIE ROD, INSPECTED RETURN","cylinder number 1 and number 3 tie rod is loose and aft baffle is contacting oil. adjusted intercylinder baffle tie rod, inspected return to service",False
105745,#2 INTAKE LEAKING. REMOVED & REPLACED GASKET.,number 2 intake leaking. removed and replaced gasket.,False
105748,"#3 CYLINDER HAS LOW COMPRESSION. REINSTALLED BAFFLING, EXHAUST INTAKE TUBES, OIL RETURN","number 3 cylinder has low compression. reinstalled baffling, exhaust intake tubes, oil return",False
105749,"#3 CYLINDER HAS LOW COMPRESSION. REMOVED #3 CYL, GROUND INTAKE VALVE & SEAT, LAPPED EXHA","number 3 cylinder has low compression. removed number 3 cylinder, ground intake valve and seat, lapped exhaust valve",False
105751,#3 CYL INTAKE GASKET LEAKING. REPLACED GASKET.,number 3 cylinder intake gasket leaking. replaced gasket.,False
105753,#2 INTAKE LEAKING. REMOVED & REPLACED GASKET.,number 2 intake leaking. removed and replaced gasket.,False
105754,"R/H AFT BAFFLE BRACKET HAS SHEARED RIVET. REMOVED SHEARED RIVET. REPLACED W/ SCREW, WASHERS & NUT","right-hand aft baffle bracket has sheared rivet. removed sheared rivet. replaced with screw, washers and nut",False
105755,#1 CYLINDER INTAKE GASKET BROKEN & LEAKING. REMOVED R/H EXHAUST-INTAKE TUBE ASSY. INTAKE ELBOW GASK,"number 1 cylinder intake gasket broken and leaking. removed right-hand exhaust, intake tube assembly. intake elbow gasket",False
105757,"DURING RUN UP, WHEN CHECKING LEFT MAG, THERE WAS A 250 RPM D. RAN A/C, DETERMINED TO BE #4 LOWER PLUG. REMOVED, CLEAN","during run up, when checking left magneto, there was a 250 rpm drop. ran aircraft, determined to be number 4 lower plug. removed, cleaned and reinstalled plug",False
105758,"LAST LANDING, COMING OFF RUNWAY, ENGINE SHUT DOWN. RAN A/C, IDLE RPM & MIXTURE CK GOOD. MAG CHECKS GOOD. S","last landing, coming off runway, engine shut down. ran aircraft, idle rpm and mixture check good. magneto checks good.",False
105759,L/H ENG #3 INTAKE LEAKING. REMOVED & REPLACED GASKET.,left-hand engine number 3 intake leaking. removed and replaced gasket.,False
105760,R/H ENGINE #4 INTAKE LEAKING. REMOVED & REPLACED GASKET.,right-hand engine number 4 intake leaking. removed and replaced gasket.,False
105761,R/H ENGINE INLET SCREEN WIRE IS BROKEN. REPLACED W/ NEW SCREEN.,right-hand engine inlet screen wire is broken. replaced with new screen.,False
105763,"FWD BAFFLE, L/H BOTTOM RUBBING W/ MUFFLER. RESECURED BAFFLE W/ MUFFLER W/ RED RTV, NO DEFECT NOTED","forward baffle, left-hand bottom rubbing with muffler. resecured baffle with muffler with red rtv, no defect noted",False
105766,L/H LOWER ENGINE COWL CAM LOCK MISSING LOCK WASHER. INSTALLED LOCK WASHER ON CAM LOCK.,left-hand lower engine cowl cam lock missing lock washer. installed lock washer on cam lock.,False
105767,"ENGINE DIED AT IDLE DURING TAXI 3 TIMES. COULD NOT START AFT. PERFORMED GROUND RUN, FOUND ENGINE IDLING TOO LOW. ADJU","engine died at idle during taxi 3 times. could not start after. performed ground run, found engine idling too low. adjusted",False
105768,#4 INTAKE LEAKING. REMOVED & REPLACED GASKET.,number 4 intake leaking. removed and replaced gasket.,False
105769,OIL PRESSURE LINE SUPPORT BRACKET/FUEL FLOW TRANSDUCER WIRE. INSTALLED BRACKET.,"oil pressure line support bracket, fuel flow transducer wire. installed bracket.",False
105770,FUEL LINE SUPPORT BRACKET (OFF #2 EXH PUSH ROD TUBE) MISSING. INSTALLED BRACKET.,"fuel line support bracket, of number 2 exhaust push rod tube, missing. installed bracket.",False
105771,#2 ROCKER COVER LEAKING. REMOVED & REPLACED GASKET.,number 2 rocker cover leaking. removed and replaced gasket.,False
105773,BOTH BAFFLE SPARK PLUG ACCESS HOLES DAMAGED. INSTALLED DOUBLER PLATES. REMOVED & REPLACED BAFFLE PLU,both baffle spark plug access holes damaged. installed doubler plates. removed and replaced baffle plug access holes,False
105775,L/H ENG #4 INTAKE LEAKING. REMOVED & REPLACED GASKET.,left-hand engine number 4 intake leaking. removed and replaced gasket.,False
105777,"DURING RUN UP, ENGINE SHUT DOWN. RESTARTED & HAD FLAMES COMI. NSPECTED ENGINE, PERFORMED GROUND RUN. OPS CK'ED GOOD.","during run up, engine shut down. restarted and had flames coming. inspected engine, performed ground run. operations checked good.",False
105779,PILOT REPORTS START ASSIST. STARTED A/C.,pilot reports start assist. started aircraft.,False
105780,BAFFLE PLUG WORN. REMOVED & REPLACED BAFFLE PLUG.,baffle plug worn. removed and replaced baffle plug.,False
105781,"#2, 1 INTAKES LEAKING. REMOVED & REPLACED GASKETS.","number 2, and number 1 intakes leaking. removed and replaced gaskets.",False
105782,ENGINE COVER REMOVED FOR INSPECTION. INSTALLED ENGINE COVER.,engine cover removed for inspection. installed engine cover.,False
105783,#2 INTAKE GASKET LEAKING. INSTALLED NEW INTAKE GASKET.,number 2 intake gasket leaking. installed new intake gasket.,False
105784,ENGINE BAFFLE PLUG TANGS BROKEN. INSTALLED NEW BAFFLE PLUG.,engine baffle plug tangs broken. installed new baffle plug.,False
105786,R/H #4 INTAKE GASKET IS LEAKING. REMOVED & REPLACED W/ NEW GASKET.,right-hand number 4 intake gasket is leaking. removed and replaced with new gasket.,False
105787,#3 ROCKER COVER GASKET LEAKING ON L/H ENGINE. REMOVED & REPLACED W/ NEW SILICONE GASKETS.,number 3 rocker cover gasket leaking on left-hand engine. removed and replaced with new silicone gaskets.,False
105788,R/H ENG #4 CYL INTAKE LEAKS. REMOVED & REPLACED GASKET.,right-hand engine number 4 cylinder intake leaks. removed and replaced gasket.,False
105789,"R/H ENG HAS CRACKED 90* BRACKET FWD OIL COOLER, NEEDS STOP D. STOP DRILLED CRACK END.","right-hand engine has cracked 90 degrees bracket forward oil cooler, needs stop drilled. stop drilled crack end.",False
105790,"MANY CRACKS ON BAFFLING (#3 CYL) R/H ENG, BEHIND 90* BRACKET. REMOVED BAFFLE ASSY & CLEANED AREA.","many cracks on baffling, number 3 cylinder, right-hand engine, behind 90 degrees bracket. removed baffle assembly and cleaned area.",False
105791,L/H ENG BAFFLE TIE ROD WIRE HITTING BOTH O/B CLAMPS. DAMAGE NEG. ADJUSTED TOWARD I/B & ADJ CLAMPS OUT OF THE,left-hand engine baffle tie rod wire hitting both outboard clamps. damage negligible. adjusted toward inboard and adjusted clamps out of the way,False
105792,"MANY CRACKS ON BAFFLING (#3 CYL) R/H ENG, BEHIND 90* BRACKET. INSTALLED NEW BAFFLE SECTION. CLEANED SCAT TUBE.","many cracks on baffling, number 3 cylinder, right-hand engine, behind 90 degrees bracket. installed new baffle section. cleaned scat tube.",False
105794,#3 & 4 INTAKE GASKETS ARE LEAKING. REPLACED BOTH GASKETS.,number 3 and number 4 intake gaskets are leaking. replaced both gaskets.,False
105795,BAFFLE PLUGS NEED TO BE REPLACED. INSTALLED NEW BAFFLE PLUGS.,baffle plugs need to be replaced. installed new baffle plugs.,False
105796,L/H ENGINE OVERSPEED ON TAKE OFF & CLIMB; 2720-2730. COULD H. REMOVED SD CARD & READ. 2733.2 RPM HIGHEST RECORDING. L,left-hand engine overspeed on takeoff and climb; 2720 to 2730. removed sd card and read. 2733 point 2 rpm highest recording.,False
105797,RIVET LOOSE ON L/H BAFFLE. TIGHTENED RIVET.,rivet loose on left-hand baffle. tightened rivet.,False
105798,"#2, 4 ROCKER BOX LEAKING. REMOVED & REPLACED GASKETS.","number 2, and number 4 rocker box leaking. removed and replaced gaskets.",False
105800,#4 INTAKE TUBE GASKET LEAKING. REMOVED & REPLACED GASKET.,number 4 intake tube gasket leaking. removed and replaced gasket.,False
105802,"ON DOWN WIND, HAD REDUCTION IN POWER FOLLOWED BY ROUGH VIBRA. RAN A/C, ALL CHECKS GOOD. DOWN LOADED CARD DATA & FOUND","on downwind, had reduction in power followed by rough vibration. ran aircraft, all checks good. downloaded card data",False
105803,"DURING TAXI, STARTED TO SMELL HEAVY FUMES, CO WARNING CAME O. RAN UP A/C, UNABLE TO DUPLICATE DISCREPANCY.","during taxi, started to smell heavy fumes, co warning came on. ran up aircraft, unable to duplicate discrepancy.",False
105804,"CO LEVEL HIGH WARNING CAME ON WHILE TAXIING. RAN A/C, ALL CHECKS GOOD. NO CO WARNING.","co level high warning came on while taxiing. ran aircraft, all checks good. no co warning.",False
105805,"OVERSPED PROP DURING MANUEVERS, 30 RPM. DOWNLOADED CARD DATA & FOUND 2740 PEAK RPM. NO FURTHER","oversped propeller during manuevers, 30 rpm. downloaded card data and found 2740 peak rpm. no further action required",False
105806,#4 INTAKE GASKET LEAKING. REMOVED & REPLACED GASKET.,number 4 intake gasket leaking. removed and replaced gasket.,False
105807,TAB ON #3 CYL AFT BAFFLE RIVETS SHEARED OFF. REMOVED & REPLACED RIVETS.,tab on number 3 cylinder aft baffle rivets sheared off. removed and replaced rivets.,False
105808,#3 CYL LOW COMPRESSION (48/80). GROUND VALVES & STARTED GRINDING VALVE SEATS.,"number 3 cylinder low compression, 48 out of 80. ground valves and started grinding valve seats.",False
105810,"#3 CYL LOW COMPRESSION (48/80). PERFORMED COMPRESSION TEST, FOUND #3 CYL @ 48 PSI. STAK","number 3 cylinder low compression, 48 out of 80. performed compression test, found number 3 cylinder at 48 psi.",False
105811,#3 CYL LOW COMPRESSION (48/80). FINISHED GROUNDING VALVE SEATS & FITTING VALVES INTO SE,"number 3 cylinder low compression, 48 out of 80. finished grounding valve seats and fitting valves into seats",False
105812,#3 CYL LOW COMPRESSION (48/80). INSTALLED BAFFLES & ALL NECESSARY PARTS FOR #3 CYLINDER,"number 3 cylinder low compression, 48 out of 80. installed baffles and all necessary parts for number 3 cylinder",False
105813,L/H ENGINE #2 INTAKE LEAKS. REPLACED GASKET.,left-hand engine number 2 intake leaks. replaced gasket.,False
105814,#4 ROCKER BOX COVER LEAKING. REMOVED & REPLACED GASKET.,number 4 rocker box cover leaking. removed and replaced gasket.,False
105815,#2 & 4 INTAKES LEAKING ON R/H ENGINE. REMOVED & REPLACED GASKETS.,number 2 and number 4 intakes leaking on right-hand engine. removed and replaced gaskets.,False
105816,"INTAKES 2, 3 & 4 LEAKING ON L/H ENGINE. REMOVED & REPLACED GASKETS.","intakes 2, 3 and 4 leaking on left-hand engine. removed and replaced gaskets.",False
105817,#1 INTAKE LEAKING. REMOVED & REPLACED GASKET.,number 1 intake leaking. removed and replaced gasket.,False
105818,#4 CYLINDER COMPRESSION @ 45/80. OPS & LEAK CK'ED GOOD.,number 4 cylinder compression at 45 out of 80. operations and leak checked good.,False
105819,#4 CYLINDER COMPRESSION @ 45/80. FOUND EXHAUST VALVE BURNT & GUIDE WORN.,number 4 cylinder compression at 45 out of 80. found exhaust valve burnt and guide worn.,False
105820,#4 CYLINDER COMPRESSION @ 45/80. STAKED VALVES. CYLINDER STAYED @ 45/80. REMOVED BAFFLES,number 4 cylinder compression at 45 out of 80. staked valves. cylinder stayed at 45 out of 80. removed baffles,False
105822,UNABLE TO START L/H ENGINE. STARTED ENGINE & WARMED. INSTALLED ENGINE BLANKET.,unable to start left-hand engine. started engine and warmed. installed engine blanket.,False
105823,L/H ENG #4 INTAKE GASKET LEAKING. INSTALLED NEW INTAKE GASKET.,left-hand engine number 4 intake gasket leaking. installed new intake gasket.,False
105824,"R/H ENG #3, 4 INTAKE GASKETS LEAKING. REMOVED & REPLACED INTAKE GASKETS.","right-hand engine number 3, and number 4 intake gaskets leaking. removed and replaced intake gaskets.",False
105825,ROCKER COVER SCREW MISSING. INSTALLED ROCKER COVER SCREW ON #2 CYL.,rocker cover screw missing. installed rocker cover screw on number 2 cylinder.,False
105827,EVIDENCE OF SEEPAGE @ #3 PUSH ROD EXHAUST TUBE. REPLACED EXHAUST PUSH ROD TUBE SEALS.,evidence of seepage at number 3 push rod exhaust tube. replaced exhaust push rod tube seals.,False
105828,#2 ROCKER COVER LEAKING. REMOVED & REPLACED GASKET.,number 2 rocker cover leaking. removed and replaced gasket.,False
105829,#3 INTAKE LEAKING ON R/H ENGINE. REMOVED & REPLACED GASKET.,number 3 intake leaking on right-hand engine. removed and replaced gasket.,False
105830,#3 ROCKER GASKET IS LEAKING. REPLACED GASKET.,number 3 rocker gasket is leaking. replaced gasket.,False
105831,BOTH SIDE BAFFLES NEED BAFFLE PLUG PATCHES. INSTALLED PATCHES.,both side baffles need baffle plug patches. installed patches.,False
105833,#2 & 4 INTAKES LEAKING ON L/H ENGINE. REMOVED & REPLACED GASKETS.,number 2 and number 4 intakes leaking on left-hand engine. removed and replaced gaskets.,False
105835,"DURING RUN UP, L/H MAG DROP OUTSIDE OF STANDARDS. WAS ABLE T. RAN UP A/C, AT MULTIPLE POWER SETTINGS, NO DEFECTS NOTE","during run up, left-hand magneto drop outside of standards. ran up aircraft, at multiple power settings, no defects noted",False
105836,"DURING START UP, ENGINE STARTED BUT RAN VERY ROUGH & WOULD N. RAN A/C, CONFIRMED DISCREP. PERFORMED COMPRESSION CK","during start up, engine started but ran very rough and would not start. ran aircraft, confirmed discrepancy. performed compression check",False
105837,"DURING START UP, ENGINE STARTED BUT RAN VERY ROUGH & WOULD N. DISASSEMBLED EXHAUST VALVES & SPRINGS. REAMED EXHAUST G","during start up, engine started but ran very rough. disassembled exhaust valves and springs. reamed exhaust guide",False
105838,"BAFFLE TIE ROD BROKEN, LEFT SIDE. REPLACED BAFFLE TIE ROD.","baffle tie rod broken, left side. replaced baffle tie rod.",False
105840,OIL PRESSURE READ 100-105 PSI IN TRAFFIC PATTERN. DISASSEMBLED ENGINE TO ALLOW ACCESS TO ACCESSORY CASE.,oil pressure read 100 to 105 psi in traffic pattern. disassembled engine to allow access to accessory case.,False
105842,"OIL PRESSURE READ 100-105 PSI IN TRAFFIC PATTERN. RAN A/C, OPS & LEAK CK GOOD. OIL PRESSURE 89 PSI @ FULL","oil pressure read 100 to 105 psi in traffic pattern. ran aircraft, operations and leak check good. oil pressure 89 psi at full throttle",False
105843,"ON FLIGHT, L/H ALT INDICATES ZERO. RAN A/C, ALTERNATORS CK NORMALLY.","on flight, left-hand alternator indicates 0. ran aircraft, alternators check normally.",False
105844,CYL #2 INTAKE GASKET LEAKING. REPLACED GASKET.,cylinder number 2 intake gasket leaking. replaced gasket.,False
105845,#3 CYL EXHAUST PUSH ROD SHROUD NEEDS NEW ADEL CLAMP. REMOVED & REPLACED CLAMP.,number 3 cylinder exhaust push rod shroud needs new adel clamp. removed and replaced clamp.,False
105846,NEED BOTH PUSH ROD SHROUD TUBE SEALS. REMOVED 2 PUSH ROD SHROUD TUBE SEALS FROM OVERHAUL KIT.,need both push rod shroud tube seals. removed 2 push rod shroud tube seals from overhaul kit.,False
105847,"ENGINE RAN ROUDH, IDLE LOW, WOULDN'T GO TO FULL POWER. GROUND & LAPPED INTAKE VALVE & SEAT. INSTALLED CYL NUTS","engine ran rough, idle low, wouldn't go to full power. ground and lapped intake valve and seat. installed cylinder nuts",False
105850,"R/H ENG #2, 3, 4 INTAKE GASKETS LEAKING. REPLACED GASKETS.","right-hand engine numbers 2, 3, and 4 intake gaskets leaking. replaced gaskets.",False
105852,R/H ENG #4 CYL COMPRESSION 40/80. REMOVED CYLINDER. DRAINED & CLEANED LIFTERS.,right-hand engine number 4 cylinder compression 40 out of 80. removed cylinder. drained and cleaned lifters.,False
105853,R/H ENG #4 CYL COMPRESSION 40/80. INSTALLED NEW CYL ASSY. BEGAN INSTALLING BAFFLES.,right-hand engine number 4 cylinder compression 40 out of 80. installed new cylinder assembly. began installing baffles.,False
105854,R/H ENG #3 CYL COMPRESSION 59/80. REMOVED BAFFLES & CYLINDER. DRAINED & CLEANED LIFTERS.,right-hand engine number 3 cylinder compression 59 out of 80. removed baffles and cylinder. drained and cleaned lifters.,False
105857,"R/H ENG #4 CYL COMPRESSION 40/80. COMPLETED INSTALLATION OF BAFFLES & EXHAUST. RAN ENG, O",right-hand engine number 4 cylinder compression 40 out of 80. completed installation of baffles and exhaust. ran engine,False
105859,"DURING ENGINE START, ENGINE WAS RUNNING VERY ROUGH. WENT THR. LEAK & OPS CK GOOD.","during engine start, engine was running very rough. leak and operations check good.",False
105860,"DURING ENGINE START, ENGINE WAS RUNNING VERY ROUGH. WENT THR. RAN UP A/C, CONFIRMED DISCREP. REVIEWED FDM DATA, FOUND","during engine start, engine was running very rough. ran up aircraft, confirmed discrepancy. reviewed fdm data",False
105861,"DURING ENGINE START, ENGINE WAS RUNNING VERY ROUGH. WENT THR. REAMED REMAINING CYL EXHAUST GUIDES & REASSEMBLED, INST","during engine start, engine was running very rough. reamed remaining cylinder exhaust guides and reassembled",False
105862,SNIFFLER VALVES DIRTY. CLEANED SNIFFLER VALVES.,sniffler valves dirty. cleaned sniffler valves.,False
105863,#2 INTAKE LEAKING. REMOVED & REPLACED GASKET.,number 2 intake leaking. removed and replaced gasket.,False
105867,#1 INTAKE LEAKING. REMOVED & REPLACED GASKET.,number 1 intake leaking. removed and replaced gasket.,False
105868,#3 INTAKE GASKET LEAKING. INSTALLED NEW GASKET.,number 3 intake gasket leaking. installed new gasket.,False
105869,BAFFLE PLUGS TANGS BROKEN. INSTALLED NEW BAFFLE PLUGS.,baffle plugs tangs broken. installed new baffle plugs.,False
105870,#3 INTAKE LEAKING ON R/H ENGINE. REMOVED & REPLACED GASKET.,number 3 intake leaking on right-hand engine. removed and replaced gasket.,False
105871,#4 INTAKE LEAKING ON L/H ENGINE. REMOVED & REPLACED GASKET.,number 4 intake leaking on left-hand engine. removed and replaced gasket.,False
105873,#2 INTAKE LEAKING. REMOVED & REPLACED GASKET.,number 2 intake leaking. removed and replaced gasket.,False
105875,COMPRESSOR WASH REQUIRED. REMOVED R/H P3 FILTER & CAPPED LINES.,compressor wash required. removed right-hand p 3 filter and capped lines.,False
105877,"ENGINE STARTED NORMAL & IDLED NORMAL, BUT WHEN BROUGHT UP TO. DISASSEMBLED BAFFLES, INSPECTED & FOUND #1, 3 EXHAUST V","engine started normal and idled normal, but when brought up to full throttle engine ran rough. disassembled baffles, inspected and found number 1, and number 3 exhaust valve guides damaged",False
105878,MISSING HARDWARE ON R/H BAFFLE & MUFFLER. REPLACED MISSING HARDWARE ON MUFFLER BAFFLE.,missing hardware on right-hand baffle and muffler. replaced missing hardware on muffler baffle.,False
105879,#4 INTAKE TUBE LEAKING @ SUMP. LEAK CK GOOD.,number 4 intake tube leaking at sump. leak check good.,False
105880,#4 INTAKE TUBE LEAKING @ SUMP. SWEDGED INTAKE IAW LYCOMING DIRECT DRIVE MANUAL. INSTAL,number 4 intake tube leaking at sump. swedged intake in accordance with lycoming direct drive manual.,False
105881,L/H ENG #3 INTAKE LEAKING. REMOVED & REPLACED INTAKE GASKET.,left-hand engine number 3 intake leaking. removed and replaced intake gasket.,False
105883,CYL #2 SUSPECTED OIL LEAK AT BASE. LEAK CK GOOD.,cylinder number 2 suspected oil leak at base. leak check good.,False
105884,CYL #2 SUSPECTED OIL LEAK AT BASE. RETORQUED #2 CYL BASE NUTS.,cylinder number 2 suspected oil leak at base. retorqued number 2 cylinder base nuts.,False
105885,MULTIPLE ZIP TIES ON ENGINE MOUNT. REMOVED TIES & INSTALLED LACING CORD.,multiple zip ties on engine mount. removed ties and installed lacing cord.,False
105887,#2 CYL INTAKE TUBE BOLT BROKEN. REMOVED BROKEN BOLT.,number 2 cylinder intake tube bolt broken. removed broken bolt.,False
105888,SPARK PLUG BAFFLE PLUGS MISSING. INSTALLED NEW PLUGS.,spark plug baffle plugs missing. installed new plugs.,False
105889,#1 CYL CRACKED. FOR ENGINE REPLACEMENT.,number 1 cylinder cracked. for engine replacement.,False
105890,#4 INTAKE LEAKING. REMOVED & REPLACED GASKET.,number 4 intake leaking. removed and replaced gasket.,False
105893,"AFTER LANDING, BROUGHT POWER TO IDLE, RPM GOT AS LOW AS 530,. PERFORMED GROUND RUN, ENGINE OPERATED GOOD. NO DEFECTS","after landing, brought power to idle, rpm got as low as 530. performed ground run, engine operated good. no defects",False
105895,"CYL 3 OR 4 HAS A STUCK EXHAUST VALVE. PERFORMED COMPRESSION TEST, VERIFIED #4 CYL HAS ZERO CO","cylinder 3 or 4 has a stuck exhaust valve. performed compression test, verified number 4 cylinder has 0 compression",False
105897,#3 INTAKE TUBE GASKET LEAKING. INSTALLED NEW GASKET.,number 3 intake tube gasket leaking. installed new gasket.,False
105898,#1 & 3 ROCKER BOX COVER GASKETS LEAKING. INSTALLED NEW GASKETS.,number 1 and number 3 rocker box cover gaskets leaking. installed new gaskets.,False
105900,"AIRCRAFT IN GRAFTON. FLAMES ON START UP & BURNED/SOOTED COWL. DROVE TO GRAFTON & INSPECTED A/C, MUFFLER & AIR INTAKE","aircraft in grafton. flames on start up and burned, sooted cowl. drove to grafton and inspected aircraft, muffler and air intake",False
105901,R/H ENG #3 INTAKE LEAKING. REPLACED GASKET.,right-hand engine number 3 intake leaking. replaced gasket.,False
105902,L/H ENG #3 INTAKE LEAKING. REMOVED & REPLACED INTAKE GASKET.,left-hand engine number 3 intake leaking. removed and replaced intake gasket.,False
105903,R/H ENGINE #3 ROCKER COVER LEAKING. REPLACED ROCKER COVER GASKET.,right-hand engine number 3 rocker cover leaking. replaced rocker cover gasket.,False
105904,#2 INTAKE LEAKING. REMOVED & REPLACED GASKET.,number 2 intake leaking. removed and replaced gasket.,False
105906,CYL #3 INTAKE GASKET LEAKING. REMOVED & REPLACED GASKET.,cylinder number 3 intake gasket leaking. removed and replaced gasket.,False
105908,R/H ENGINE CYL #3 INTAKE GASKET LEAKING. INSTALLED NEW GASKET.,right-hand engine cylinder number 3 intake gasket leaking. installed new gasket.,False
105909,LONG BAFFLE TIE ROD CRACKED. REPLACED BAFFLE TIE ROD.,long baffle tie rod cracked. replaced baffle tie rod.,False
105911,"ENGINE VERY ROUGH AFTER START - DOES NOT RUN AT IDLE. RAN A/C, OPS & LEAK CK GOOD.","engine very rough after start, does not run at idle. ran aircraft, operations and leak check good.",False
105912,"ENGINE VERY ROUGH AFTER START - DOES NOT RUN AT IDLE. RAN A/C, VERIFIED ENGINE RUNS ROUGH.","engine very rough after start, does not run at idle. ran aircraft, verified engine runs rough.",False
105913,"ENGINE VERY ROUGH AFTER START - DOES NOT RUN AT IDLE. PERFORMED COMPRESSION TEST, FOUND #4 CYL 0/80. BORESCOP","engine very rough after start, does not run at idle. performed compression test, found number 4 cylinder 0 out of 80. borescoped cylinder",False
105914,"ENGINE VERY ROUGH AFTER START - DOES NOT RUN AT IDLE. REPLACED #4 CYL W/ NEW ASSY, TORQUED TO CASE. DRY TAPPE","engine very rough after start, does not run at idle. replaced number 4 cylinder with new assembly, torqued to case. dry tappet clearance check good",False
105915,PILOT REQUIRES START ASSIST. STARTED A/C.,pilot requires start assist. started aircraft.,False
105919,MANUFACTURER REQUESTED CONNECTING ROD EXCHANGE. BEGAN ASSY OF ENGINE BY INSTALLED NEW CONNECTING RODS &,manufacturer requested connecting rod exchange. began assembly of engine by installed new connecting rods,False
105920,MANUFACTURER REQUESTED CONNECTING ROD EXCHANGE. FOR COMPLETION OF ROCKER INSTALLATION. ASSY C,manufacturer requested connecting rod exchange. for completion of rocker installation.,False
105921,"#3 EX, #4 IN, #4 EX PUSH ROD TIPS GALLED & ROCKER ARMS. INSTALLED NEW PUSH RODS. WAITING ON ROCKER ARMS.","number 3 exhaust, number 4 intake, number 4 exhaust push rod tips galled and rocker arms. installed new push rods. waiting on rocker arms.",False
105922,"#3 EX, #4 IN, #4 EX PUSH ROD TIPS GALLED & ROCKER ARMS. COMPLETED INSTALLATION OF ROCKER ARMS (DRY CLEARANCE OK","number 3 exhaust, number 4 intake, number 4 exhaust push rod tips galled and rocker arms. completed installation of rocker arms, dry clearance ok",False
105923,ENGINE RUNS ROUGH ON RUN UP. ENGINE RUN SMOOTH ON RUN UP. OPS & LEAK CK GOOD.,engine runs rough on run up. engine run smooth on run up. operations and leak check good.,False
105925,#2 INTAKE LEAKING. REMOVED & REPLACED GASKET.,number 2 intake leaking. removed and replaced gasket.,False
105926,"ENGINE WOULD SPUTTER WHEN GOING FROM IDLE TO FULL THROTTLE. RAN UP A/C, WARMED TO OPERATING TEMP. NO DEFECTS NOTED.","engine would sputter when going from idle to full throttle. ran up aircraft, warmed to operating temperature. no defects noted.",False
105928,"ROUGH RUNNING ENGINE IN FLIGHT. PARTIAL POWER LOSS, LITTLE T. COMPLETED TRANSFERRING SERVICEABLE COMPONENTS. INSTALLE","rough running engine in flight. partial power loss, little temperature. completed transferring serviceable components.",False
105929,"ROUGH RUNNING ENGINE IN FLIGHT. PARTIAL POWER LOSS, LITTLE T. REMOVED ENGINE IAW  MM. STARTED TRANSFERRING COMP","rough running engine in flight. partial power loss, little temperature. removed engine in accordance with maintenance manual.",False
105930,"ROUGH RUNNING ENGINE IN FLIGHT. PARTIAL POWER LOSS, LITTLE T. REMOVED SPARK PLUGS. SERVICED W/ 8 QTS MINERAL OIL. PRE","rough running engine in flight. partial power loss, little temperature. removed spark plugs. serviced with 8 quarts mineral oil.",False
105931,"ROUGH RUNNING ENGINE IN FLIGHT. PARTIAL POWER LOSS, LITTLE T. COMPLETED ROUTING & SECURING LINES, WIRES, CABLES & HOS","rough running engine in flight. partial power loss, little temperature. completed routing and securing lines, wires, cables and hoses",False
105933,"#4 CYL RUNS COLD & ENGINE SHAKES VIOLENTLY. INSTALLED PUSH RODS, ROCKERS. TAPPET CLEARANCE CK'ED OK","number 4 cylinder runs cold and engine shakes violently. installed push rods, rockers. tappet clearance checked ok",False
105934,R/H GOVERNOR IS STILL LEAKING. ALSO FOUND LIFT RING BOLT LEAKING OIL ON ENGINE CASE. R,right-hand governor is still leaking. also found lift ring bolt leaking oil on engine case.,False
105935,"NUT IS MISSING ON CYL #3 AFT BAFFLE MOUNT. REMOVED AFT CYL #3 BAFFLE, PATCHED BAFFLE IAW  SR","nut is missing on cylinder number 3 aft baffle mount. removed aft cylinder number 3 baffle, patched baffle in accordance with standard reference manual",False
105936,R/H CARB HEAT SHROUD HAS A BROKEN TAB. REMOVED & REPLACED CARB HEAT SHROUD.,right-hand carb heat shroud has a broken tab. removed and replaced carb heat shroud.,False
105937,#2 & 4 INTAKE GASKETS LEAKING (L/H ENGINE). REMOVED & REPLACED W/ NEW GASKETS.,"number 2 and number 4 intake gaskets leaking, left-hand engine. removed and replaced with new gaskets.",False
105939,"ROUGHNESS ON R/H ENGINE. SUSPECT CARB ICE, BUT CARB HEAT DID. PERFORMED COMPRESSION CK - ALL CYLINDERS WERE W/IN LIMI","roughness on right-hand engine. suspect carb ice, but carb heat on. performed compression check, all cylinders were within limits",False
105941,"IMMEDIATELY AFTER ENGINE START, HAD ENGINE ROUGHNESS. RAN A/C, NO ROUGHNESS NOTED. ALL CHECKS GOOD.","immediately after engine start, had engine roughness. ran aircraft, no roughness noted. all checks good.",False
105942,RIGHT ENGINE DIPSTICK TUBE SAFETY IS LOOSE. TIGHTENED & RESAFETIED TUBE.,right engine dipstick tube safety is loose. tightened and resafetied tube.,False
105943,RIGHT ENGINE CYL #3 ROCKER COVER GASKET LEAKING. REMOVED & REPLACED GASKET.,right engine cylinder number 3 rocker cover gasket leaking. removed and replaced gasket.,False
105944,"HIGH FREQUENCY VIBRATION FELT WHILE RUNNING UP AT 2000 RPM. RAN UP A/C, OPS & LEAK CK GOOD.","high frequency vibration felt while running up at 2000 rpm. ran up aircraft, operations and leak check good.",False
105945,HIGH FREQUENCY VIBRATION FELT WHILE RUNNING UP AT 2000 RPM. FOUND NUMEROUS SPECKS OF NON-FERROUS METAL IN OIL. BEGA,high frequency vibration felt while running up at 2000 rpm. found numerous specks of non-ferrous metal in oil.,False
105947,HIGH FREQUENCY VIBRATION FELT WHILE RUNNING UP AT 2000 RPM. BEGAN TRANSFERRING BAFFLES & FITTINGS TO O/H ENGINE,high frequency vibration felt while running up at 2000 rpm. began transferring baffles and fittings to overhaul engine,False
105948,HIGH FREQUENCY VIBRATION FELT WHILE RUNNING UP AT 2000 RPM. COMPLETED BUILD UP OF O/H ENGINE. INSTALLED ENGNIE TO A,high frequency vibration felt while running up at 2000 rpm. completed build up of overhaul engine. installed engnie,False
105949,"HIGH FREQUENCY VIBRATION FELT WHILE RUNNING UP AT 2000 RPM. COMPLETED INSTALLATION OF FUEL, OIL & ELECTRICAL LINES.","high frequency vibration felt while running up at 2000 rpm. completed installation of fuel, oil and electrical lines.",False
105950,"HIGH FREQUENCY VIBRATION FELT WHILE RUNNING UP AT 2000 RPM. PRE-OILED OVERHAULED ENGINE. INSTALED SPARK PLUGS, LEAD",high frequency vibration felt while running up at 2000 rpm. pre-oiled overhauled engine. instaled spark plugs,False
105951,HIGH FREQUENCY VIBRATION FELT WHILE RUNNING UP AT 2000 RPM. INSTALLED  COWLING. PERFORMED GROUND RUN. ADJUSTED IDLE,high frequency vibration felt while running up at 2000 rpm. installed cowling. performed ground run. adjusted idle,False
105953,L/H FWD BAFFLE SEAL LOOSE. REATTACHED BAFFLE SEAL.,left-hand forward baffle seal loose. reattached baffle seal.,False
105954,#4 OIL RETURN LINE HOSE CLAMP IS LOOSE. TIGHTENED LOOSE OIL RETURN LINE CLAMP.,number 4 oil return line hose clamp is loose. tightened loose oil return line clamp.,False
105956,R/H ENGINE #3 INTAKE GASKET LEAKING. REMOVED & REPLACED W/ NEW GASKET.,right-hand engine number 3 intake gasket leaking. removed and replaced with new gasket.,False
105959,R/H AFT ENGINE BAFFLE MOUNTING SCREW LOOSE. TIGHTENED SCREW.,right-hand aft engine baffle mounting screw loose. tightened screw.,False
105960,#3 INTAKE LEAKING ON L/H ENGINE. REMOVED & REPLACED GASKET.,number 3 intake leaking on left-hand engine. removed and replaced gasket.,False
105961,#2 & 4 CYL INTAKE GASKETS ARE LEAKING. REMOVED & REPLACED GASKETS.,number 2 and number 4 cylinder intake gaskets are leaking. removed and replaced gaskets.,False
105962,#4 INTAKE LEAKING. REMOVED & REPLACED GASKET.,number 4 intake leaking. removed and replaced gasket.,False
105963,L/H ENG #4 INTAKE LEAKING. REMOVED & REPLACED W/ NEW GASKETS.,left-hand engine number 4 intake leaking. removed and replaced with new gaskets.,False
105964,#3 INTAKE GASKET LEAKING. INSTALLED NEW GASKET.,number 3 intake gasket leaking. installed new gasket.,False
105965,#1 CYL FWD BAFFLE SEAL HAS COME LOOSE. RESECURED SEAL.,number 1 cylinder forward baffle seal has come loose. resecured seal.,False
105966,#1 CYL INTAKE GASKET IS LEAKING. REMOVED & REPLACED GASKET.,number 1 cylinder intake gasket is leaking. removed and replaced gasket.,False
105968,#3 INTAKE LEAKING ON R/H ENGINE. REMOVED & REPLACED GASKET.,number 3 intake leaking on right-hand engine. removed and replaced gasket.,False
105969,R/H ENG #3 & 4 INTAKE GASKETS ARE LEAKING. INSTALLED NEW GASKETS.,right-hand engine number 3 and number 4 intake gaskets are leaking. installed new gaskets.,False
105970,"3 ROCKERS & PUSH RODS SCORED (#2 IN, 2 EX, 3 EX). REPLACED ROCKERS & PUSH RODS.","3 rockers and push rods scored, number 2 intake, 2 exhaust, 3 exhaust. replaced rockers and push rods.",False
105971,"L/H ENG #4 CYL IS CRACKED, FOUND ON COMPRESSION TEST. REMOVED ALL CYLINDERS, REINSTALLED 4 NEW CYLINDERS. TOR","left-hand engine number 4 cylinder is cracked, found on compression test. removed all cylinders, reinstalled 4 new cylinders.",False
105972,"L/H ENG #4 CYL IS CRACKED, FOUND ON COMPRESSION TEST. INSTALLED REMAINING BAFFLES, INTAKE & EXHAUST. SERVICED","left-hand engine number 4 cylinder is cracked, found on compression test. installed remaining baffles, intake and exhaust. serviced",False
105976,"CYL #1, 3 ROCKER DRAIN LINES LEAKING. TIGHTENED ROCKER DRAIN CLAMPS.","cylinder number 1, and number 3 rocker drain lines leaking. tightened rocker drain clamps.",False
105979,ENGINE CHANGE REQUIRED. RUN UP & LEAK CK GOOD. REINSTALLED COWLING.,engine change required. run up and leak check good. reinstalled cowling.,False
105980,ENGINE CHANGE REQUIRED. SET ALTERNATOR BELT TENSION & SAFETIED. PRE-OILED ENGIN,engine change required. set alternator belt tension and safetied. pre-oiled engine,False
105981,BAFFLE TIE ROD IS CHAFING ON #4 OIL RETURN LINE. REMOVED & REPLACED LINE. REPOSITIONED TIE ROD TO CREATE,baffle tie rod is chafing on number 4 oil return line. removed and replaced line. repositioned tie rod to create space,False
105986,"UPON ENGINE START, NOTICED ENGINE WAS RUNNING EXTREMELY ROUG. RAN UP A/C, CLEARED SPARK PLUGS. COULD NOT DUPLICATE DI","upon engine start, noticed engine was running extremely rough. ran up aircraft, cleared spark plugs. could not duplicate discrepancy",False
105987,#1 CYL COMPRESSION LOW. OPS & LEAK CK GOOD.,number 1 cylinder compression low. operations and leak check good.,False
105989,#3 AFT BAFFLE TAB IS LOOSE. REMOVED BAFFLE. INSTALLED & TIGHTENED NEW HARDWARE. REI,number 3 aft baffle tab is loose. removed baffle. installed and tightened new hardware. reinstalled baffle,False
105990,WRENCH ON CYL #1. REMOVED WRENCH FROM CYL #1,wrench on cylinder number 1. removed wrench from cylinder number 1,False
105991,CYL #4 INTAKE GASKETS IS LEAKING. REMOVED & REPLACED GASKET.,cylinder number 4 intake gaskets is leaking. removed and replaced gasket.,False
105992,"INLET SCREEN COWL PANEL RUBBER UNSECURE, L/H ENGINE. SECURED PANEL SEALS, L/H SIDE PANELS.","inlet screen cowl panel rubber unsecure, left-hand engine. secured panel seals, left-hand side panels.",False
105994,INTAKES #2 & 3 LEAKING ON R/H ENGINE. REMOVED & REPLACED GASKETS.,intakes number 2 and number 3 leaking on right-hand engine. removed and replaced gaskets.,False
105995,"INTAKES #2, 3 & 4 LEAKING ON L/H ENGINE. REMOVED & REPLACED GASKETS.","intakes numbers 2, 3 and 4 leaking on left-hand engine. removed and replaced gaskets.",False
105996,"#2, 4 INTAKES LEAKING. REMOVED & REPLACE GASKETS.","number 2, and number 4 intakes leaking. removed and replace gaskets.",False
105997,"SCREW BEHIND DIPSTICK TUBE LOOSE, FOR BAFFLE. TIGHTENED SCREW.","screw behind dipstick tube loose, for baffle. tightened screw.",False
105998,#1 INTAKE LEAKING. REPLACED GASKET.,number 1 intake leaking. replaced gasket.,False
105999,LOWER ROCKER BOX SCREWS LOOSE ON CYL 1 & 3. TIGHTENED SCREWS.,lower rocker box screws loose on cylinder 1 and 3. tightened screws.,False
106001,#2 INTAKE LEAKING. REMOVED & REPLACED GASKET.,number 2 intake leaking. removed and replaced gasket.,False
106002,CYL #3 INTAKE GASKET IS LEAKING. REPLACED GASKET.,cylinder number 3 intake gasket is leaking. replaced gasket.,False
106003,#4 INTAKE LEAKING. REPLACED INTAKE GASKET.,number 4 intake leaking. replaced intake gasket.,False
106004,"SCREW FOUND ON GROUND DURING PAD CK, THAT WAS NOT THERE DURI. REINSTALLED SCREW IN #4 ROCKER COVER.","screw found on ground during pad check, that was not there during operations. reinstalled screw in number 4 rocker cover.",False
106005,"AUDIBLE RPM LOSS & ENGINE ROUGHNESS WHILE LEVELING IN DOWN W. PERFORMED COMPRESSION CK: CYL #1-78, #2-75, #3-78, #4-7","audible rpm loss and engine roughness while leveling in downwind. performed compression check: cylinder number 1 tested at 78, number 2 tested at 75, and number 3 tested at 78",False
106006,AIR BOX ELBOW HAS CRACK. REMOVED ELBOW & REPLACED W/ SERVICEABLE.,airbox elbow has crack. removed elbow and replaced with serviceable.,False
106008,L/H ENGINE #4 INTAKE LEAKING. REPLACED INTAKE GASKET.,left-hand engine number 4 intake leaking. replaced intake gasket.,False
106011,#4 INTAKE LEAKING. REMOVED & REPLACED GASKET.,number 4 intake leaking. removed and replaced gasket.,False
106012,SCREW MISSING ON AFT R/H BAFFLE. INSTALLED NEW SCREW.,screw missing on aft right-hand baffle. installed new screw.,False
106013,"BAFFLE SCREW, BY OIL TUBE, LOOSE. TIGHTENED SCREW.","baffle screw, by oil tube, loose. tightened screw.",False
106016,ALTERNATE AIR BOX BUSHINGS ARE WORN. REPLACED W/ SERVICEABLE AIR BOX.,alternate airbox bushings are worn. replaced with serviceable airbox.,False
106017,#1 ROCKER BOX GASKET LEAKING. REMOVED & REPLACED GASKET.,number 1 rocker box gasket leaking. removed and replaced gasket.,False
106018,"#3, 4 INTAKES LEAKING. REPLACED GASKETS.","number 3, and number 4 intakes leaking. replaced gaskets.",False
106019,#2 & 3 INTAKES LEAKING ON R/H ENGINE. REMOVED & REPLACED GASKETS.,number 2 and number 3 intakes leaking on right-hand engine. removed and replaced gaskets.,False
106020,ALL 4 INTAKES LEAKING ON L/H ENGINE. REMOVED & REPLACED ALL GASKETS ON L/H ENGINE.,all 4 intakes leaking on left-hand engine. removed and replaced all gaskets on left-hand engine.,False
106022,"INTAKE GASKETS #3 & 4 CYL, LEAK. REMOVED & REPLACED GASKETS.","intake gaskets number 3 and number 4 cylinder, leak. removed and replaced gaskets.",False
106023,RPM HIT 2720 DURING FLIGHT. INSP AS PER LYCOMING FOR LESS THAN 5% OVERSPEED,rpm hit 2720 during flight. inspected as per lycoming for less than 5 percent overspeed,False
106025,R/H SIDE BAFFLING MISSING HARDWARE. INSTALLED NEW HARDWARE.,right-hand side baffling missing hardware. installed new hardware.,False
106026,"L/H ENG, CYL #4 INTAKE LEAKING. REMOVED & REPLACED GASKET.","left-hand engine, cylinder number 4 intake leaking. removed and replaced gasket.",False
106028,FOD @ #2 CYLINDER. REMOVED TIE WRAP FOR FOD,fod at number 2 cylinder. removed tie wrap for fod,False
106029,FOD ON SIDE BATTERY CASE (ZIP TIE TAPED TO SIDE). REMOVED FOD,"fod on side battery case, zip tie taped to side. removed fod",False
106030,R/H REAR ENGINE BAFFLE LOOSE. TIGHTENED SCREWS.,right-hand rear engine baffle loose. tightened screws.,False
106031,"HARDWARE MISSING FROM AFT R/H BAFFLE. RETRIEVED MISSING HARDWARE, REINSTALLED BAFFLE SCREW. R","hardware missing from aft right-hand baffle. retrieved missing hardware, reinstalled baffle screw.",False
106032,"NEED TO ADJUST MIXTURE, 150 RISE @ SHUT DOWN. ADJUSTED AS NEEDED. OPS CK GOOD. SEASONAL ADJUSTMENT MA","need to adjust mixture, 150 rise at shutdown. adjusted as needed. operations check good. seasonal adjustment made",False
106036,#3 INTAKE LEAKING. REPLACED GASKET.,number 3 intake leaking. replaced gasket.,False
106037,#2 INTAKE LEAKING. REMOVED & REPLACED GASKET.,number 2 intake leaking. removed and replaced gasket.,False
106040,1 & 4 INTAKE LEAKING ON L/H ENGINE. REPLACED GASKETS ON 1 & 4 INTAKES.,1 and 4 intake leaking on left-hand engine. replaced gaskets on 1 and 4 intakes.,False
106041,REMOVE SERVICEABLE ENGINE ASSY TO PREPARE FOR TRANSPORT FOR. REMOVED SERVICEABLE ENGINE ASSY; INCLUDING ENGINE MOUNT,remove serviceable engine assembly to prepare for transport. removed serviceable engine assembly; including engine mount,False
106042,PROP STRIKE/SUDDEN STOPPAGE. COMPLETED ENGINE INSTALL IAW  S MX MANUAL.,"propeller strike, sudden stoppage. completed engine install in accordance with standard maintenance manual.",False
106043,"PROP STRIKE/SUDDEN STOPPAGE. REMOVED ENGINE ASSY, INCLUDING MOUNT, HOSES, WIRING, AC","propeller strike, sudden stoppage. removed engine assembly, including mount, hoses, wiring",False
106044,R/H ENGINE #2 ROCKER COVER GASKET LEAKING. REMOVED & REPLACED GASKET.,right-hand engine number 2 rocker cover gasket leaking. removed and replaced gasket.,False
106045,SCREW MISSING FROM L/H FWD BAFFLE ON R/H ENGINE. INSTALLED NEW HARDWARE.,screw missing from left-hand forward baffle on right-hand engine. installed new hardware.,False
106046,"ROCKER COVERS 1, 2 & 3 LEAKING ON L/H ENGINE. REMOVED & REPLACED GASKETS.","rocker covers 1, 2, and 3 leaking on left-hand engine. removed and replaced gaskets.",False
106047,"R/H ENGINE #3, 4 CYLINDERS INTAKE GASKETS LEAKING. REMOVED & REPLACED GASKETS.","right-hand engine number 3, and number 4 cylinders intake gaskets leaking. removed and replaced gaskets.",False
106048,NOTICED AN ABNORMAL TICKING OR VIBRATION NOISE FROM ENGINE B. PERFORMED VISUAL INSP OF ENGINE & COMPRESSION,noticed an abnormal ticking or vibration noise from engine. performed visual inspection of engine and compression,False
106049,"OVERSPEED ENGINE BY 20 RPM FOR NO MORE THAN 10 SECONDS. REVIEWED FDM DATA & FOUND MAX OVERSPEED WAS 2617 RPM, W",overspeed engine by 20 rpm for no more than 10 seconds. reviewed fdm data and found max overspeed was 2617 rpm,False
106050,BAFFLE PLUGS NEED TO BE REPLACED. REPLACED PLUGS.,baffle plugs need to be replaced. replaced plugs.,False
106051,#1 & 3 INTAKE GASKETS ARE LEAKING. REPLACED GASKETS.,number 1 and number 3 intake gaskets are leaking. replaced gaskets.,False
106052,"#2, 3 INTAKE LEAKING. REMOVED & REPLACED GASKET.","number 2, and number 3 intake leaking. removed and replaced gasket.",False
106053,LOW COMPRESSION ON CYL #3 (55). OPS & LEAK CK GOOD.,"low compression on cylinder number 3, 55. operations and leak check good.",False
106054,"LOW COMPRESSION ON CYL #3 (55). REMOVED CYL, FOUND TO BE BURNT EXHAUST VALVE. INSTALLED","low compression on cylinder number 3, 55. removed cylinder, found to be burnt exhaust valve. installed",False
106055,"ENGINE BACK FIRED DURING START, FLAME CAME OUT ENGINE. PERFORMED GROUND RUN, OPS CK'ED GOOD. INSPECTED INLET F","engine backfired during start, flame came out engine. performed ground run, operations checked good. inspected inlet",False
106057,BAFFLE CRACKED ON #1 CYLILNDER. STOP DRILLED CRACK.,baffle cracked on number 1 cylilnder. stop drilled crack.,False
106058,LOW COMPRESSION ON CYL #1. FOUND TO HAVE 57/80 PSI COMP & BURNT EXHAUST VALVE. REM,low compression on cylinder number 1. found to have 57 out of 80 psi compression and burnt exhaust valve.,False
106059,BAFFLE ABOVE CYL #1 CRACKED. STOP DRILLED CRACK.,baffle above cylinder number 1 cracked. stop drilled crack.,False
106061,#1 & 3 ROCKER COVERS LEAKING. REMOVED & REPLACED GASKETS.,number 1 and number 3 rocker covers leaking. removed and replaced gaskets.,False
106062,"ALL ROCKER DRAIN LINES ARE SLIGHTLY LOOSE. TIGHTENED ALL LINES ""B"" NUT.","all rocker drain lines are slightly loose. tightened all lines ""b"" nut.",False
106063,#1 SDIE & FRONT BAFFLE SEALS ARE LOOSE. SECURED BAFFLE SEALS W/ POP RIVETS.,number 1 sdie and front baffle seals are loose. secured baffle seals with pop rivets.,False
106064,"R/H ENG #2, 3, 4 INTAKES LEAKING. REPLACED INTAKE GASKETS.","right-hand engine numbers 2, 3, and 4 intakes leaking. replaced intake gaskets.",False
106066,BOLT FOR ALT SUPPORT NEEDS SAFETY WIRE. SAFETIED BOLT.,bolt for alternator support needs safety wire. safetied bolt.,False
106067,R/H ENGINE RAN ROUGH IN CLIMB & CRUISE. SHUT OFF L/H MAG ON. RAN A/C. L/H & R/H ENIGNE MAGS CK GOOD. NO ROUGHNESS NO,right-hand engine ran rough in climb and cruise. shut off left-hand magneto. ran aircraft. left-hand and right-hand enigne magnetos check good. no roughness noted,False
106069,L/H UPPER BAFFLE LOOSE ABOVE #2 CYLINDER. SECURED W/ RIVET.,left-hand upper baffle loose above number 2 cylinder. secured with rivet.,False
106070,WORN SPOTS ON FWD LWR BAFFLE SEAL ABOVE INTAKE. FILLED IN SPOTS W/ RTV.,worn spots on forward lower baffle seal above intake. filled in spots with rtv.,False
106071,PAINT UNDER GROUND WIRE STRAP ON ENGINE. REMOVED PAINT & CLEANED STRAP END.,paint under ground wire strap on engine. removed paint and cleaned strap end.,False
106072,"INNER BAFFLE TIE SPRING BROKEN, L/H SIDE. REPLACED BAFFLE SPRING.","inner baffle tie spring broken, left-hand side. replaced baffle spring.",False
106073,"#3, 4 CYL ROCKER COVER GASKETS LEAK. REMOVED #3 & 4 ROCKER COVERS. REMOVED OLD GASKETS & CLE","number 3, and number 4 cylinder rocker cover gaskets leak. removed number 3 and number 4 rocker covers. removed old gaskets and cleaned",False
106077,COMPRESSION IS LOW #2 CYLINDER. RECONECTED OIL RETURN LINES. REINSTALLED BAFFLES. PERFO,compression is low number 2 cylinder. reconnected oil return lines. reinstalled baffles.,False
106078,SCREW BEHIND OIL TUBE FILTER LOOSE. TIGHTENED SCREW.,screw behind oil tube filter loose. tightened screw.,False
106079,ROD CHANGE PER LYCOMING. DISASSEMBLED TOP END OF ENGINE.,rod change per lycoming. disassembled top end of engine.,False
106081,"ROD CHANGE PER LYCOMING. HONED CYLINDERS, LAPPED VALVEDS, REAMED EXHAUST GUIDES.","rod change per lycoming. honed cylinders, lapped valves, reamed exhaust guides.",False
106082,ROD CHANGE PER LYCOMING. CONTINUED ENGINE REASSEMBLY & BAFFLING. DRY TAPPET CLEA,rod change per lycoming. continued engine reassembly and baffling.,False
106083,"ROD CHANGE PER LYCOMING. COMPLETED ENGINE REASSEMBLY. RAN A/C, OPS & LEAK CK GOO","rod change per lycoming. completed engine reassembly. ran aircraft, operations and leak check good",False
106086,"R/H ENGINE #4 INTAKE LEAKING, AND #3 INTAKE. REPLACED GASKET.","right-hand engine number 4 intake leaking, and number 3 intake. replaced gasket.",False
106087,INTAKE #3 LEAKING. REMOVED & REPLACED GASKET.,intake number 3 leaking. removed and replaced gasket.,False
106088,BAFFLE SCREW MISSING ON #3 CYL BAFFLE. REINSTALLED SCREW.,baffle screw missing on number 3 cylinder baffle. reinstalled screw.,False
106089,"CYL #1, 2, 4 INTAKE GASKETS LEAKING. REMOVED & REPLACED GASKETS.","cylinder numbers 1, 2, and 4 intake gaskets leaking. removed and replaced gaskets.",False
106091,GROUNDING POINTS ON ENG & FIREWALL LOOSE. TIGHTENED ALL BOLTS.,grounding points on engine and firewall loose. tightened all bolts.,False
106092,FOUND ENGINE BAFFLES CRACKED. COMPLETED BAFFLE REPAIR.,found engine baffles cracked. completed baffle repair.,False
106093,FOUND ENGINE BAFFLES CRACKED. BEGAN FABRICATING PATCHES.,found engine baffles cracked. began fabricating patches.,False
106095,"CRACKED FIN ON #4 CYLINDER, BETWEEN TOP SPARK PLUG HOLE & IN. DETERMINED CRACK TO BE REPAIRABLE BY INSTALLING FIN STA","cracked fin on number 4 cylinder, between top spark plug hole and intake. determined crack to be repairable",False
106096,"CRACKED FIN ON #4 CYLINDER, BETWEEN TOP SPARK PLUG HOLE & IN. INSTALLED FIN STABILIZER IAW LYCOMING DIRECT DRIVE OVER","cracked fin on number 4 cylinder, between top spark plug hole and intake. installed fin stabilizer in accordance with lycoming direct drive overhaul manual",False
106097,BOTH BAFFLE PLUGS WORN. REPLACED W/ NEW PLUGS.,both baffle plugs worn. replaced with new plugs.,False
106098,#1 INTAKE GASKET LEAKING. INSTALLED NEW INTAKE GASKET.,number 1 intake gasket leaking. installed new intake gasket.,False
106099,#3 EXHAUST SIDE PUSH ROD & ROCKER SCORED. DRY TAPPET CLEARANCE GOOD.,number 3 exhaust side push rod and rocker scored. dry tappet clearance good.,False
106100,#2 CYLINDER CRACKED. MAINTENANCE FLIGHT REQUIRED,number 2 cylinder cracked. maintenance flight required,False
106101,#3 EXHAUST SIDE PUSH ROD & ROCKER SCORED. ACQUIRED PARTS & SET IN PLACE.,number 3 exhaust side push rod and rocker scored. acquired parts and set in place.,False
106102,"#2 CYLINDER CRACKED. REMOVED #2, 3, 4 CYLINDERS & BEGAN REPLACING W/ NEW CYL","number 2 cylinder cracked. removed numbers 2, 3, and 4 cylinders and began replacing with new cylinders",False
106103,"#2 CYLINDER CRACKED. FINISHED REASSEMBLY OF CYLINDERS 2, 3, 4. DRY TAPPET CL","number 2 cylinder cracked. finished reassembly of cylinders 2, 3, and 4. dry tappet clearance check good",False
106104,#3 INTAKE LEAKING ON R/H ENGINE. REMOVED & REPLACED INTAKE GASKET.,number 3 intake leaking on right-hand engine. removed and replaced intake gasket.,False
106105,"INTAKES 2, 3 & 4 LEAKING ON L/H ENGINE. REMOVED & REPLACED W/ NEW GASKETS.","intakes 2, 3 and 4 leaking on left-hand engine. removed and replaced with new gaskets.",False
106106,L/H ENGINE #4 BAFFLE CRACKED. REPLACED W/ REPAIRED BAFFLE.,left-hand engine number 4 baffle cracked. replaced with repaired baffle.,False
106108,#3 EXHAUST PUSH ROD & ROCKER SCORED. REMOVED & REPLACED W/ NEW PUSH ROD & ROCKER ARM. DRY TA,number 3 exhaust push rod and rocker scored. removed and replaced with new push rod and rocker arm. dry tappet clearance check good,False
106109,INTAKES 2 & 4 LEAKING ON R/H ENGINE. CLINDERS NEED TO BE REPLACED.,intakes 2 and 4 leaking on right-hand engine. clinders need to be replaced.,False
106110,#4 EXHAUST PUSH ROD & ROCKER ARM SCORED. REMOVED & REPLACED W/ NEW PUSH ROD & ROCKER. DRY TAPPET,number 4 exhaust push rod and rocker arm scored. removed and replaced with new push rod and rocker. dry tappet,False
106112,R/H ENG #3 CYL CRACKED BY LWR SPARK PLUG. FINISHED INSTALLATION. INSTALLED NEW ROCKER & PUSH ROD,right-hand engine number 3 cylinder cracked by lower spark plug. finished installation. installed new rocker and push rod,False
106113,"R/H ENG #3 CYL CRACKED BY LWR SPARK PLUG. REMOVED EXHAUST & STARTED REMOVAL OF BAFFLES, O/B BAFFL","right-hand engine number 3 cylinder cracked by lower spark plug. removed exhaust and started removal of baffles, outboard baffle",False
106115,#1 & 3 ROCKER COVERS LEAKING. TIGHTENED LOOSE SCREWS.,number 1 and number 3 rocker covers leaking. tightened loose screws.,False
106116,"DURING SHUT DOWN CHECKLIST, WHEN PUT THROTTLE IDLE, ENGINE S. TORQUED ENGINE MOUNTS. RAN UP ENGINE. OPS CK GOOD.","during shutdown checklist, when put throttle idle, engine stopped. torqued engine mounts. ran up engine. operations check good.",False
106120,"ENGINE OVERSPEED 2750 AT PEAK. REVIEWED FLIGHT DATA, VERIFIED 2740.3 PEAK OVERSPEED. C","engine overspeed 2750 at peak. reviewed flight data, verified 2740 point 3 peak overspeed.",False
106122,"L/H ENG #3 & 4 CYL INTAKE GASKETS LEAKING. REMOVED COWL, REMOVED & REPLACED GASKETS. REINSTALLED C","left-hand engine number 3 and number 4 cylinder intake gaskets leaking. removed cowl, removed and replaced gaskets. reinstalled cowl",False
106123,#4 INTAKE LEAKING. REMOVED & REPLACED GASKET.,number 4 intake leaking. removed and replaced gasket.,False
106124,L/H ENGINE BAFFLE PLUG TABS BROKEN. INSTALLED NEW BAFFLE PLUG.,left-hand engine baffle plug tabs broken. installed new baffle plug.,False
106125,BAFFLE SCREW BEHIND OIL TUBE LOOSE. TIGHTENED SCREW.,baffle screw behind oil tube loose. tightened screw.,False
106126,"BAFFLE SEAL, ABOVE ENG INTAKE HAS WORN SPOTS. INSTALLED BLACK RTV TO WORN AREAS.","baffle seal, above engine intake has worn spots. installed black rtv to worn areas.",False
106127,R/H REAR ENGINE BAFFLE SCREWS LOOSE. INSTALLED NEW SCREWS IN BAFFLE ANCHOR.,right-hand rear engine baffle screws loose. installed new screws in baffle anchor.,False
106129,L/H ENG #1 CYLINDER CRACKED. INSTALLED PUSH RODS & ROCKERS. DRY TAPPET CLEARANCE CK,left-hand engine number 1 cylinder cracked. installed push rods and rockers. dry tappet clearance check,False
106130,"L/H ENG #1 CYLINDER CRACKED. REMOVED #1, 2, 3, 4 CYLINDERS. REPLACED W/ NEW CYLINDER","left-hand engine number 1 cylinder cracked. removed numbers 1, 2, 3, and 4 cylinders. replaced with new cylinders",False
106131,"L/H ENG #1 CYLINDER CRACKED. RAN UP A/C, OPS & LEAK CK GOOD. MAINTENANCE FLIGHT REQU","left-hand engine number 1 cylinder cracked. ran up aircraft, operations and leak check good. maintenance flight required",False
106132,R/H ENG #2 CYL PUSH ROD END & ROCKER SCORED. REPLACED W/ NEW ROCKER & PUSH ROD. TAPPET CLEARANCE CK,right-hand engine number 2 cylinder push rod end and rocker scored. replaced with new rocker and push rod. tappet clearance check,False
106133,R/H ENGINE #1 CYL EXHAUST ROCKER WORN ON SHAFT. REPLACED W/ NEW ROCKER & ROCKER SHAFT. TAPPET CLEARANCE,right-hand engine number 1 cylinder exhaust rocker worn on shaft. replaced with new rocker and rocker shaft.,False
106134,R/H ENGINE #3 CYL EXHAUST ROCKER WORN ON SHAFT. REPLACED W/ NEW ROCKER & ROCKER SHAFT. TAPPET CLEARANCE,right-hand engine number 3 cylinder exhaust rocker worn on shaft. replaced with new rocker and rocker shaft.,False
106137,BAFFLE PLUGS WORN. REMOVED & REPLACED BAFFLE PLUGS. INSTALLED BAFFLE PATCH,baffle plugs worn. removed and replaced baffle plugs. installed baffle patch,False
106138,#4 INTAKE GASKET LEAKING. REPLACED GASKET.,number 4 intake gasket leaking. replaced gasket.,False
106139,#2 INTAKE LEAKING. REMOVED & REPLACED GASKET.,number 2 intake leaking. removed and replaced gasket.,False
106140,#3 & 4 ROCKER COVERS LEAKING. REMOVED & REPLACED ROCKER COVER GASKET.,number 3 and number 4 rocker covers leaking. removed and replaced rocker cover gasket.,False
106141,#1 CYL INTAKE BOLTS LOOSE. TIGHTENED BOLTS.,number 1 cylinder intake bolts loose. tightened bolts.,False
106144,"RIVET LOOSE AT BAFFLE, AFT CENTER. REPLACED RIVET W/ NEW.","rivet loose at baffle, aft center. replaced rivet with new.",False
106145,"#4 COMPRESSION IS 20/80. REMOVED CYLINDER, FOUND EXHAUST VALVE TO BE BURNT. STAR","number 4 compression is 20 out of 80. removed cylinder, found exhaust valve to be burnt.",False
106146,"#4 COMPRESSION IS 20/80. PERFORMED LIFTER INSP & TEST, NO DEFECTS. PERFORMED DRY","number 4 compression is 20 out of 80. performed lifter inspection and test, no defects. performed dry tappet clearance inspection",False
106148,#3 INTAKE GASKET LEAKING. REMOVED BOTTOM COWLING. REMOVED & REPLACED GASKET W/ NE,number 3 intake gasket leaking. removed bottom cowling. removed and replaced gasket with new,False
106149,#3 INTAKE GASKET IS LEAKING. REMOVED & REPLACED GASKET.,number 3 intake gasket is leaking. removed and replaced gasket.,False
106150,"#3 AFT BAFFLE HAS A BROKEN BRACKET, BEHIND OIL FILLER TUBE. REPLACED W/ REPAIRED BAFFLE.","number 3 aft baffle has a broken bracket, behind oil filler tube. replaced with repaired baffle.",False
106151,"L/H ENGINE #2, 4 INTAKE GASKETS LEAKING. REMOVED & REPLACED GASKETS.","left-hand engine number 2, and number 4 intake gaskets leaking. removed and replaced gaskets.",False
106152,#3 CYL INTAKE TUBE NEEDS NEW GASKETS. LEAK CK OK.,number 3 cylinder intake tube needs new gaskets. leak check ok.,False
106153,#3 CYL INTAKE TUBE NEEDS NEW GASKETS. REMOVED & REPLACED GASKETS.,number 3 cylinder intake tube needs new gaskets. removed and replaced gaskets.,False
106155,#2 INTAKE LEAKING. REMOVED & REPLACED GASKET.,number 2 intake leaking. removed and replaced gasket.,False
106156,BAFFLE PLUG DAMAGED. INSTALLED PLUG.,baffle plug damaged. installed plug.,False
106157,BAFFLE PLUGS WORN. REPLACED BOTH BAFFLE PLUGS.,baffle plugs worn. replaced both baffle plugs.,False
106158,#2 INTAKE LEAKING. REPLACED GASKET.,number 2 intake leaking. replaced gasket.,False
106160,#4 INTAKE GASKET LEAKING. REMOVED & REPLACED GASKET.,number 4 intake gasket leaking. removed and replaced gasket.,False
106161,HARDWARE MISSING @ #3 BAFFLE. INSTALLED NEW SCREW.,hardware missing at number 3 baffle. installed new screw.,False
106163,BAFFLE PLUGS WORN. REMOVED & REPLACED BOTH BAFFLE PLUGS.,baffle plugs worn. removed and replaced both baffle plugs.,False
106164,CHT FLUCTUATING. REPLACED CHT PROBE. MX FLIGHT REQUIRED,cht fluctuating. replaced cht probe. maintenance flight required,False
106165,#2 INTAKE LEAKING. REMOVED & REPLACED INTAKE GASKET.,number 2 intake leaking. removed and replaced intake gasket.,False
106166,L/H FWD ENGINE BAFFLE CRACKED. STOP DRILLED CRACK.,left-hand forward engine baffle cracked. stop drilled crack.,False
106167,"DURING RUN UP, #2 CYL WAS COLD & ENGINE SHOCK VIOLENTLY (ENG. OPS & LEAK CK GOOD.","during run up, number 2 cylinder was cold and engine shock violently. operations and leak check good.",False
106168,"DURING RUN UP, #2 CYL WAS COLD & ENGINE SHOCK VIOLENTLY (ENG. FOUND #2 CYL EXHAUST VALVE TO BE STUCK. REAMED CYL #1,","during run up, number 2 cylinder was cold and engine shock violently. found number 2 cylinder exhaust valve to be stuck. reamed cylinder number 1,",False

