pair_id,query_id,query_problem,candidate_problem_x,problem_relevance_0_1_2,phase_a_notes,candidate_id,rank,selected_mode,query_true_historical_action_family,candidate_historical_action,candidate_historical_action_family,candidate_problem_y,candidate_cluster_id,candidate_leakage_group_id,retrieval_score,action_applicability_0_1_2,phase_b_notes
MR-b09b4e6a6fff5ac6,105940,2 & 4 INTAKES LEAKING.,INTAKES 2 & 4 LEAKING ON R/H ENGINE.,2,"Same core problem; engine side is stated on only one side, without contradiction.",106109,2,structure,Replace,CLINDERS NEED TO BE REPLACED. ,Replace,INTAKES 2 & 4 LEAKING ON R/H ENGINE.,EC-97caa6160c52c03f,LG-4285908bb8f7434c,1.0,0,Historical record is unresolved/recommendation-only rather than a completed useful action.
MR-08067e21b5ee6d55,105029,#1 FWD BAFFLE SEAL LOOSE.,R/H ENGINE #3 AFT BAFFLE SEAL IS LOOSE.,1,"Same baffle seal defect, but the specified cylinder set conflicts (1 versus 3).",100058,2,structure,Adjust,SECURED BAFFLE SEAL.,Adjust,R/H ENGINE #3 AFT BAFFLE SEAL IS LOOSE.,EC-3c8664cb6096a485,LG-37ac3da11bdb9f3b,1.0,2,Historical action directly addresses the same maintenance condition; slot/location differences are transferable.
MR-624927620c8f9527,103824,"#3, 4 & 1 INTAKES ARE LEAKING.",INTAKES 2 & 4 LEAKING ON R/H ENGINE.,1,"Same intake leak, but the specified cylinder set conflicts (1,3,4 versus 2,4).",106109,2,structure,Replace,CLINDERS NEED TO BE REPLACED. ,Replace,INTAKES 2 & 4 LEAKING ON R/H ENGINE.,EC-97caa6160c52c03f,LG-4285908bb8f7434c,1.0,0,Historical record is unresolved/recommendation-only rather than a completed useful action.
MR-e3f62f8678cf4e7f,106106,L/H ENGINE #4 BAFFLE CRACKED.,L/H ENGINE BAFFLE BY ROCKER COVERS CRACKED.,2,"Same core problem; cylinder/location is stated on only one side, without contradiction.",104457,5,structure,Replace,REMOVED & REPLACED L/H ENGINE BAFFLE OVER ROCKER COVERS,Replace,L/H ENGINE BAFFLE BY ROCKER COVERS CRACKED.,EC-4cec170209188659,LG-4cec170209188659,1.0,2,Removing and replacing the cracked engine baffle directly addresses the same condition.
MR-bc2e0d003316d74a,103884,BAFFLE SCREW MISSING ABOVE STARTER.,BAFFLE SCREW MISSING AT FRONT OF #2 CYL.,1,"Same missing baffle screw, but above-starter versus front-of-cylinder-2 location is materially different.",101018,4,structure,Replace,REPLACED SCREW & BARREL NUT.,Replace,BAFFLE SCREW MISSING AT FRONT OF #2 CYL.,EC-5e9712c90e5467c2,LG-5e9712c90e5467c2,0.8,2,Replacing the missing baffle screw and barrel nut directly resolves the same hardware fault.
MR-8bf9f3ff5ff9a94e,101598,CYL #2 & 3 INTAKES ARE LEAKING.,"#1, 2 & 4 CYL INTAKES LEAKING.",1,"Same intake leak, but the specified cylinder set conflicts (2,3 versus 1,2,4).",103306,2,structure,Replace,REMOVED & REPLACED CYL INTAKE GASKETS.,Replace,"#1, 2 & 4 CYL INTAKES LEAKING.",EC-6589ad08a9c29778,LG-6589ad08a9c29778,1.0,2,Completed intake-gasket correction is directly transferable across cylinder slots.
MR-5eae615cd05a33ab,106168,"DURING RUN UP, #2 CYL WAS COLD & ENGINE SHOCK VIOLENTLY (ENG",L/H ENGINE #2 CYL LOST CHT & EGT DURING LANDING. ALSO STARTE,1,"Related maintenance area, but core problem differs: engine rough/cold cylinder versus cylinder temperature indication.",105730,3,structure,Diagnose,REMOVED & REPLACED #2 CYL ASSY ON LEFT ENGINE. CHANGED,Replace,L/H ENGINE #2 CYL LOST CHT & EGT DURING LANDING. ALSO STARTE,EC-63a0cc18be33f892,LG-63a0cc18be33f892,0.5366666666666666,1,"Cylinder replacement is meaningful evidence for a similar cold-cylinder/CHT-EGT symptom, but the failure context is not identical."
MR-3a6d64518fc9839d,106106,L/H ENGINE #4 BAFFLE CRACKED.,FRONT & L/H ENGINE BAFFLE CRACKED.,1,"Same cracked L/H engine baffle, but cylinder-4 versus front-baffle location is a material difference.",102654,4,structure,Replace,STOP DRILLED CRACK.,Other,FRONT & L/H ENGINE BAFFLE CRACKED.,EC-b26b7fabc7e30c45,LG-f8e3931135eed2d1,1.0,2,Historical action directly addresses the same maintenance condition; slot/location differences are transferable.
MR-a84cd6d4ee5e3894,100727,REAR BAFFLE PLUGS WORN OUT.,TOP ENGINE COOLING FAN BAFFLE PLUGS WORN OUT.,1,"Same worn baffle plugs, but rear versus top cooling-baffle location differs materially.",102186,1,structure,Replace,REMOVED & REPLACED BAFFLE PLUGS.,Replace,TOP ENGINE COOLING FAN BAFFLE PLUGS WORN OUT.,EC-60f41b24f6909689,LG-60f41b24f6909689,1.0,2,Historical action directly addresses the same maintenance condition; slot/location differences are transferable.
MR-017bd2889dfe1364,101430,ENGINE OVER RIDE SPEED WAS 1225 RPM.,LAST DAILY SHUT DOWN IDLE OVER RIDE SPEED CHECK - ENGINE RPM,2,"Same core problem with compatible recorded component, defect, and context.",100071,4,structure,Diagnose,"RAN A/C, ADJUSTED IDLE SPEED. CHECKS GOOD.",Diagnose,LAST DAILY SHUT DOWN IDLE OVER RIDE SPEED CHECK - ENGINE RPM,EC-09f5d7c20d479e29,LG-09f5d7c20d479e29,1.0,2,Historical action directly addresses the same maintenance condition; slot/location differences are transferable.
MR-3cab3bd7f0f58940,101930,#1 CYL HAS LOW COMPRESSION.,CYL #3 HAD LOW COMPRESSION (50/80).,1,"Same low cylinder compression, but the specified cylinder set conflicts (1 versus 3).",102946,5,structure,Service,"STAKED VALVE, COMPRESSION CK'ED GOOD (72).",Other,CYL #3 HAD LOW COMPRESSION (50/80).,EC-23cc179871166178,LG-23cc179871166178,1.0,2,Historical action directly addresses the same maintenance condition; slot/location differences are transferable.
MR-c3e8eecdd8564e06,101898,#3 INDUCTION TUBE GASKET LEAKING.,#1 INTAKE GASKET LEAKING.,1,"Same intake leak, but the specified cylinder set conflicts (3 versus 1).",106098,2,structure,Replace,INSTALLED NEW INTAKE GASKET.,Replace,#1 INTAKE GASKET LEAKING.,EC-66c69e07864cfa3c,LG-4285908bb8f7434c,0.6,2,Completed intake-gasket correction is directly transferable across cylinder slots.
MR-6c7c6bd95f3f5521,101371,AFT BAFFLE BRACKET MISSING SCREW.,MISSING SCREW FRONT BAFFLE ON R/H SIDE.,1,"Same baffle missing hardware, but the specified location conflicts (aft versus front).",101400,5,structure,Replace,INSTALLED NEW SCREW.,Replace,MISSING SCREW FRONT BAFFLE ON R/H SIDE.,EC-84e8c1082d2f1dc2,LG-84e8c1082d2f1dc2,0.8,1,"Installing a baffle screw is useful attachment evidence, but the query specifies an aft bracket and the historical case a front baffle."
MR-1372943a8c221b77,101458,#3 CYLINDER ON R/H ENGINE HAS LOW COMPRESSION.,LOW COMPRESSION (40/80) ON #3 CYLINDER. AIR LEAKING FROM EXH,2,"Same core problem; engine side is stated on only one side, without contradiction.",105303,5,structure,Diagnose,BEGAN REPLACEMENT OF CYLINDER. REPLACED OLD CYLINDER W/,Replace,LOW COMPRESSION (40/80) ON #3 CYLINDER. AIR LEAKING FROM EXH,EC-c0f2c652f9e0dd97,LG-c0f2c652f9e0dd97,0.7625,2,Historical action directly addresses the same maintenance condition; slot/location differences are transferable.
MR-0376fa0e90c8e719,103074,"R/H ENGINE FOAM SEAL LOOSE ON BULKHEAD, BEHIND ENGINE INLET",LH/ TOP ENGINE BAFFLE SEAL LOOSE.,1,"Related maintenance area, but core problem differs: cowl/engine seal loose versus baffle seal defect.",105633,3,structure,Adjust,RESCURED BAFFLE SEAL.,Service,LH/ TOP ENGINE BAFFLE SEAL LOOSE.,EC-0cc6dfdc09744ff4,LG-0cc6dfdc09744ff4,0.68,1,"Related corrective action, but an important component/fault distinction limits direct applicability."
MR-b3bd94c86a71feef,105029,#1 FWD BAFFLE SEAL LOOSE.,ENGINE COOLING BAFFLE SEAL LOOSE ON TOP L/H SIDE.,1,"Same loose baffle seal, but cylinder-1 forward versus top L/H location differs materially.",102073,5,structure,Adjust,REATTACHED BAFFLE SEAL ON TOP L/H SIDE.,Service,ENGINE COOLING BAFFLE SEAL LOOSE ON TOP L/H SIDE.,EC-b1cc0ec54c3370c8,LG-b1cc0ec54c3370c8,1.0,2,Historical action directly addresses the same maintenance condition; slot/location differences are transferable.
MR-7e92428b2494076e,102823,#1 & 4 INTAKES LEAKING.,L/H ENG #2 & 3 INTAKES ARE LEAKING.,1,"Same intake leak, but the specified cylinder set conflicts (1,4 versus 2,3).",103544,4,structure,Replace,REPLACED #3 GASKET.,Replace,L/H ENG #2 & 3 INTAKES ARE LEAKING.,EC-410f2059a575ccfa,LG-4285908bb8f7434c,1.0,1,"Correct intake-gasket action, but it covers only part of the compound query."
MR-1432d172bb2cfa6d,100727,REAR BAFFLE PLUGS WORN OUT.,TABS ARE WORN OFF OF BAFFLE PLUGS.,2,"Same core problem; position is stated on only one side, without contradiction.",103262,4,structure,Replace,REPLACED BAFFLE PLUGS.,Replace,TABS ARE WORN OFF OF BAFFLE PLUGS.,EC-122fa2d1f5448ac1,LG-122fa2d1f5448ac1,0.8749999999999999,2,Historical action directly addresses the same maintenance condition; slot/location differences are transferable.
MR-5774ad5197c1e364,103087,#2 & 4 INTAKES LEAKING.,"INTAKES 2, 3 & 4 LEAKING ON L/H ENGINE.",1,"Same intake leak, but the specified cylinder set conflicts (2,4 versus 2,3,4).",106105,1,structure,Replace,REMOVED & REPLACED W/ NEW GASKETS.,Replace,"INTAKES 2, 3 & 4 LEAKING ON L/H ENGINE.",EC-f4c4e83928513c1e,LG-4285908bb8f7434c,1.0,2,Completed intake-gasket correction is directly transferable across cylinder slots.
MR-f67b3c1bb5a6c21f,105116,"R/H BAFFLE SEAL, BY #2 CYL, TORN.",L/H ENG CYL #2 FWD BAFFLE SEAL IS TORN.,1,"Same baffle seal defect, but engine side conflicts (right versus left).",101537,2,structure,Replace,REMOVED & REPLACED BAFFLE SEAL W/ NEW.,Replace,L/H ENG CYL #2 FWD BAFFLE SEAL IS TORN.,EC-3ba1e9db59e83dce,LG-3ba1e9db59e83dce,1.0,2,Historical action directly addresses the same maintenance condition; slot/location differences are transferable.
MR-201bdc3d133f4b7f,104071,"R/H ENG, R/H REAR BAFFLE IS CRACKED.","L/H ENG, L/H AFT BAFFLE CRACKED, SEVERAL PLACES.",1,"Same baffle crack, but engine side conflicts (right versus left).",102329,3,structure,Inspect,REPLACED BAFFLE W/ REPAIRED ASSY.,Replace,"L/H ENG, L/H AFT BAFFLE CRACKED, SEVERAL PLACES.",EC-b0a836b812ff7070,LG-b0a836b812ff7070,1.0,2,Historical action directly addresses the same maintenance condition; slot/location differences are transferable.
MR-69bca66201f77e11,105306,#2 & 4 INTAKES LEAKING.,L/H ENG #2 & 3 INTAKES ARE LEAKING.,1,"Same intake leak, but the specified cylinder set conflicts (2,4 versus 2,3).",103544,4,structure,Replace,REPLACED #3 GASKET.,Replace,L/H ENG #2 & 3 INTAKES ARE LEAKING.,EC-410f2059a575ccfa,LG-4285908bb8f7434c,1.0,1,"Correct intake-gasket action, but it covers only part of the compound query."
MR-4215d64ce314ac41,101877,#3 INDUCTION TUBE GASKET LEAKING.,"CYL #1, 2, 4 INTAKE GASKETS LEAKING.",1,"Same intake leak, but the specified cylinder set conflicts (3 versus 1,2,4).",106089,3,structure,Replace,REMOVED & REPLACED GASKETS.,Replace,"CYL #1, 2, 4 INTAKE GASKETS LEAKING.",EC-47ad4117e588d4c8,LG-4285908bb8f7434c,0.6,2,Completed intake-gasket correction is directly transferable across cylinder slots.
MR-95ead75113fedde3,105590,EVIDENCE OF CARB FIRE ON L/H CARB AIRBOX.,"#3 AFT BAFFLE HAS A BROKEN BRACKET, BEHIND OIL FILLER TUBE.",0,Different core problems: carb-airbox fire versus broken component.,106150,3,structure,Inspect,REPLACED W/ REPAIRED BAFFLE.,Replace,"#3 AFT BAFFLE HAS A BROKEN BRACKET, BEHIND OIL FILLER TUBE.",EC-51af478b0c84d0bf,LG-51af478b0c84d0bf,0.4285714285714285,0,
MR-914b9d0372d8562e,101410,REAR R/H ENGINE BAFFLE BRACKET CRACKED.,R/H ENGINE AFT I/B BAFFLE @ OIL COOLER CRACKED.,1,"Related maintenance area, but core problem differs: baffle bracket crack versus baffle crack.",102278,4,structure,Replace,STOP DRILLED CRACKS IN BAFFLE.,Other,R/H ENGINE AFT I/B BAFFLE @ OIL COOLER CRACKED.,EC-d79c5924a924909b,LG-d79c5924a924909b,0.8,1,"Related corrective action, but an important component/fault distinction limits direct applicability."
MR-d23039878cd50203,103274,INTAKES #2 & 4 LEAKING.,L/H ENG #2 & 3 INTAKES ARE LEAKING.,1,"Same intake leak, but the specified cylinder set conflicts (2,4 versus 2,3).",103544,4,structure,Replace,REPLACED #3 GASKET.,Replace,L/H ENG #2 & 3 INTAKES ARE LEAKING.,EC-410f2059a575ccfa,LG-4285908bb8f7434c,1.0,1,"Correct intake-gasket action, but it covers only part of the compound query."
MR-2a833fcd5274c02d,101698,#4 INTAKE TUBE LOOSE.,#1 INTAKE TUBE DAMAGED.,1,"Same component area, but defect differs: loose versus damaged.",101965,4,structure,Replace,CANNED CYL #1 INTAKE PIPE FROM INVENTORY ITEM. REMOVED,Other,#1 INTAKE TUBE DAMAGED.,EC-77b1b19d6b54d318,LG-77b1b19d6b54d318,0.7000000000000001,0,The record only removes/cans a damaged intake pipe and does not show a completed correction for a loose tube.
MR-9755910102d335ba,103598,L/H ENGINE BAFFLE CRACKED.,CRACK IN R/H AFT ENGINE BAFFLE.,1,"Same baffle crack, but engine side conflicts (left versus right).",103856,1,structure,Repair,STOP DRILLED CRACK.,Other,CRACK IN R/H AFT ENGINE BAFFLE.,EC-95553a914876ef77,LG-95553a914876ef77,1.0,2,Historical action directly addresses the same maintenance condition; slot/location differences are transferable.
MR-910eedb7a965cb7d,103884,BAFFLE SCREW MISSING ABOVE STARTER.,CYL #2 BAFFLE SCREW MISSING L/H ENGINE.,1,"Same missing baffle screw, but above-starter versus L/H cylinder-2 location differs materially.",104117,2,structure,Replace,INSTALLED SCREW.,Replace,CYL #2 BAFFLE SCREW MISSING L/H ENGINE.,EC-bb642b9afb7226a1,LG-bb642b9afb7226a1,0.8,2,Historical action directly addresses the same maintenance condition; slot/location differences are transferable.
MR-33e1d6f1194ca376,102823,#1 & 4 INTAKES LEAKING.,"INTAKES 2, 3 & 4 LEAKING ON R/H ENGINE.",1,"Same intake leak, but the specified cylinder set conflicts (1,4 versus 2,3,4).",103495,5,structure,Replace,REPLACED INTAKE GASKETS ON R/H ENGINE.,Replace,"INTAKES 2, 3 & 4 LEAKING ON R/H ENGINE.",EC-acfd9a8357993041,LG-4285908bb8f7434c,1.0,2,Completed intake-gasket correction is directly transferable across cylinder slots.
MR-6e1ca9743bd08bc7,101930,#1 CYL HAS LOW COMPRESSION.,CYL #2 COMPRESSION LOW. AIR NOTED & OBSERVED OUT OF EXHAUST.,1,"Same low cylinder compression, but the specified cylinder set conflicts (1 versus 2).",103039,4,structure,Service,PERFORMED COMPRESSION ON #2 CYL AFTER RUN & NOTED 70/80,Other,CYL #2 COMPRESSION LOW. AIR NOTED & OBSERVED OUT OF EXHAUST.,EC-1c20dae9504b10d3,LG-1c20dae9504b10d3,1.0,1,"Relevant diagnostic/verification evidence, but no clear corrective resolution is recorded."
MR-7c63633ca29b8017,100155,#2 ROCKER BOX COVER SCREWS LOOSE.,"BAFFLE SEAL LOOSE ON LH/ ENG, #4 AFT BAFFLE.",0,Different core problems: rocker-cover loose screws versus baffle seal defect.,101554,5,structure,Adjust,SECURED BAFFLE SEAL BACK ON ENGINE BAFFLE.,Adjust,"BAFFLE SEAL LOOSE ON LH/ ENG, #4 AFT BAFFLE.",EC-58191b4392158710,LG-58191b4392158710,0.6,0,
MR-0fde1e6c5a4a91cf,101116,"L/H ENG, #4 INDUCTION TUBE GASKET LEAKING.",L/H ENG #3 ROCKER COVER IS LEAKING.,0,Different core problems: intake leak versus rocker-cover gasket defect.,102068,2,structure,Replace,REPLACED ROCKER COVER GASKET.,Replace,L/H ENG #3 ROCKER COVER IS LEAKING.,EC-4f854674f99caf68,LG-608d782c2258dd59,0.8,0,
MR-3196521221de3dbc,100392,R/H #4 SIDE BAFFLE MISSING BOLTS.,#4 AFT BAFFLE MISSING SCREW.,1,"Same missing baffle hardware and cylinder, but side-baffle versus aft-baffle location is a material mismatch.",105540,3,structure,Replace,REINSTALLED SCREW.,Other,#4 AFT BAFFLE MISSING SCREW.,EC-515bcd8483423a91,LG-2712ed94e860906e,0.8,1,"Reinstalling one baffle screw is relevant, but it only partially covers the query for missing side-baffle bolts."
MR-c83a18661b866c8b,104264,#3 & 4 INTAKES LEAKING.,INTAKES 2 & 4 LEAKING ON R/H ENGINE.,1,"Same intake leak, but the specified cylinder set conflicts (3,4 versus 2,4).",106109,2,structure,Replace,CLINDERS NEED TO BE REPLACED. ,Replace,INTAKES 2 & 4 LEAKING ON R/H ENGINE.,EC-97caa6160c52c03f,LG-4285908bb8f7434c,1.0,0,Historical record is unresolved/recommendation-only rather than a completed useful action.
MR-8025823a2a716444,103074,"R/H ENGINE FOAM SEAL LOOSE ON BULKHEAD, BEHIND ENGINE INLET",R/H REAR ENGINE BAFFLE MOUNT LOOSE.,1,"Related maintenance area, but core problem differs: cowl/engine seal loose versus loose hardware/component.",104651,5,structure,Adjust,"REMOVED R/H REAR BAFFLE, REATTACHED BAFFLE MOUNT & REIN",Other,R/H REAR ENGINE BAFFLE MOUNT LOOSE.,EC-202e61ddc1deee05,LG-fb9e5102af11d7a0,0.68,0,Historical action addresses different baffle hardware rather than the queried foam/cowl seal.
MR-0a782d0c5e25aa6a,100006,ROCKER BOX COVER SCREWS LOOSE (ALL CYL).,CYL #3 ROCKER DRAIN LINE LOOSE.,0,Different core problems: rocker-cover loose screws versus loose hardware/component.,102462,4,structure,Adjust,TIGHTENED DRAIN LINE.,Adjust,CYL #3 ROCKER DRAIN LINE LOOSE.,EC-cffab82dca59e66f,LG-cffab82dca59e66f,0.8,0,
MR-a53e2d70aa447a79,104623,INSPECTED & FOUND CRANKSHAFT TO BE GOUGED BEHIND CRANKSHAFT,ADEL CLAMP TORN BY R/H ENGINE MOUNT.,0,Different core problems: crankshaft gouge versus other.,101547,3,structure,Replace,REMOVED & REPLACED CLAMP.,Replace,ADEL CLAMP TORN BY R/H ENGINE MOUNT.,EC-1a6bd113dca0ef16,LG-1a6bd113dca0ef16,0.4875,0,
MR-be8f684c99204584,100308,"#2, 3 & 4 ROCKER BOX COVER SCREWS LOOSE.",SCREW BEHIND OIL DIPSTICK TUBE LOOSE.,0,Different core problems: rocker-cover loose screws versus loose hardware/component.,106068,2,structure,Adjust,TIGHTENED SCREW.,Adjust,SCREW BEHIND OIL DIPSTICK TUBE LOOSE.,EC-fec6a74e246506cb,LG-7258411586fd843f,0.6,0,
MR-a1d8cc93b6e77af9,105592,SMALL RUST SPOT ON AFT TOP L/H (L/H ENGINE MOUNT).,NOTED WEAR ON ENGINE MOUNT CAUSED BY ENGINE BREATHER SUPPORT,1,"Related maintenance area, but core problem differs: engine-mount rust versus engine-mount wear.",100136,4,structure,Inspect,OPS & LEAK CHECK GOOD.,Inspect,NOTED WEAR ON ENGINE MOUNT CAUSED BY ENGINE BREATHER SUPPORT,EC-7fe5feb6517e93bd,LG-7fe5feb6517e93bd,0.6785714285714286,0,Historical action does not treat the queried engine-mount rust condition.
MR-73b5081aba0f1f1b,105480,#1 & 3 INTAKES LEAKING.,"INTAKES 2, 3 & 4 LEAKING ON L/H ENGINE.",1,"Same intake leak, but the specified cylinder set conflicts (1,3 versus 2,3,4).",106105,1,structure,Replace,REMOVED & REPLACED W/ NEW GASKETS.,Replace,"INTAKES 2, 3 & 4 LEAKING ON L/H ENGINE.",EC-f4c4e83928513c1e,LG-4285908bb8f7434c,1.0,2,Completed intake-gasket correction is directly transferable across cylinder slots.
MR-c1ba98665c5444a8,104135,BAFFLE PLUG IS DAMAGED.,CYLINDER #4 BAFFLE PLUG TEETH ARE BROKEN.,2,"Same core problem; cylinder/location is stated on only one side, without contradiction.",101860,3,structure,Replace,REMOVED & REPLACED BAFFLE PLUG.,Replace,CYLINDER #4 BAFFLE PLUG TEETH ARE BROKEN.,EC-a0a4f86c3610f1d6,LG-a0a4f86c3610f1d6,0.7000000000000001,2,Historical action directly addresses the same maintenance condition; slot/location differences are transferable.
MR-92c512f95f0c34b1,103676,#4 CYL ROCKER COVER IS MISSING SCREW.,SCREW MISSING FROM L/H ENGINE #3 ROCKER COVER.,1,"Same rocker-cover missing screw, but the specified cylinder set conflicts (4 versus 3).",104233,4,structure,Replace,INSTALLED NEW HARDWARE.,Replace,SCREW MISSING FROM L/H ENGINE #3 ROCKER COVER.,EC-fcc944d83cff7153,LG-fcc944d83cff7153,0.8666666666666667,2,Historical action directly addresses the same maintenance condition; slot/location differences are transferable.
MR-9473db85fb8351b2,102221,#1 INTAKE GASKET LEAKS.,#2 INTAKE GASKET IS LEAKING.,1,"Same intake leak, but the specified cylinder set conflicts (1 versus 2).",100959,5,structure,Replace,REMOVED & REPLACED GASKET.,Replace,#2 INTAKE GASKET IS LEAKING.,EC-53f353a420cf4fcc,LG-4285908bb8f7434c,1.0,2,Completed intake-gasket correction is directly transferable across cylinder slots.
MR-91a9fee2f343c433,101434,"R/H ENG CYL #4, 3 INTAKE GASKETS LEAKING.","R/H ENG CYL #2, 3 & 4 INTAKE GASKETS ARE LEAKING.",1,"Same intake leak, but the specified cylinder set conflicts (3,4 versus 2,3,4).",105381,5,structure,Replace,REPLACED #2 GASKET.,Replace,"R/H ENG CYL #2, 3 & 4 INTAKE GASKETS ARE LEAKING.",EC-07b864b7c09d8ea0,LG-4285908bb8f7434c,1.0,1,"Correct intake-gasket action, but it covers only part of the compound query."
MR-7cce169edf76fb94,103824,"#3, 4 & 1 INTAKES ARE LEAKING.",L/H ENGINE #2 & 4 INTAKES LEAKING.,1,"Same intake leak, but the specified cylinder set conflicts (1,3,4 versus 2,4).",106085,3,structure,Replace,REPLACED GASKETS.,Replace,L/H ENGINE #2 & 4 INTAKES LEAKING.,EC-603b22dcdb952fe3,LG-4285908bb8f7434c,1.0,1,"Correct intake-gasket action, but it covers only part of the compound query."
MR-642cf5d0b8c76fa3,101194,ROCKER BOX COVER SCREWS LOOSE.,"RIVET LOOSE AT BAFFLE, AFT CENTER.",0,Different core problems: rocker-cover loose screws versus loose hardware/component.,106144,1,structure,Adjust,REPLACED RIVET W/ NEW.,Replace,"RIVET LOOSE AT BAFFLE, AFT CENTER.",EC-dac366a25718c46c,LG-dac366a25718c46c,0.6,0,
MR-b55b1acbdf0a04df,100155,#2 ROCKER BOX COVER SCREWS LOOSE.,SCREW BEHIND OIL DIPSTICK TUBE LOOSE.,0,Different core problems: rocker-cover loose screws versus loose hardware/component.,106068,2,structure,Adjust,TIGHTENED SCREW.,Adjust,SCREW BEHIND OIL DIPSTICK TUBE LOOSE.,EC-fec6a74e246506cb,LG-7258411586fd843f,0.6,0,
MR-279cdf02cb39ec18,100032,RIGHT ENG #4 AIR BAFFLE IS CRACKED,R/H ENG OIL COOLER BAFFLE CRACKED.,1,"Same cracked R/H engine baffle, but cylinder-4 air baffle versus oil-cooler baffle is a material component/location difference.",101058,2,structure,Replace,REMOVED CABLES & LINES TO REMOVE BAFFLE ASSY. INSTALLED,Replace,R/H ENG OIL COOLER BAFFLE CRACKED.,EC-bb9b155b7b6de5fd,LG-bb9b155b7b6de5fd,0.8,1,"Action is relevant to the same problem class, but the recorded target or completion is not sufficiently explicit for a strong label."
MR-8971ce683db226cf,101430,ENGINE OVER RIDE SPEED WAS 1225 RPM.,ENGINE HESITATION/ROUGHNESS 30 SEC AFTER TAKEOFF. NO FURTHER,0,Different core problems: idle override speed versus other.,101894,5,structure,Diagnose,"RAN A/C, DID NOT NOTICE ANY ROUGHNESS OR HESTITATION.",Other,ENGINE HESITATION/ROUGHNESS 30 SEC AFTER TAKEOFF. NO FURTHER,EC-0ca40a54f289d54f,LG-0ca40a54f289d54f,1.0,0,
MR-b5f472c946ad114f,102952,AUTO RE-IGN DOES NOT ACTIVATE W/ LOW N2 CONDITIONS.,#4 CYL ON L/H ENG HAS LOW COMPRESSION. LEAKING FROM EXHAUST,0,Different core problems: auto re-ignition failure versus low cylinder compression.,102942,5,structure,Diagnose,REMOVED #4 CYL. REPLACED EXHAUST VALVE & GROUND SEAT. G,Replace,#4 CYL ON L/H ENG HAS LOW COMPRESSION. LEAKING FROM EXHAUST,EC-5032c317cd8729ef,LG-5032c317cd8729ef,0.3,0,
MR-2daf90c1c580e8b2,105592,SMALL RUST SPOT ON AFT TOP L/H (L/H ENGINE MOUNT).,R/H MAG BLAST TUBE FELL OFF.,0,Different core problems: engine-mount rust versus other.,100027,5,structure,Inspect,REMOVED R/H AFT BAFFLE TO FACILITATE REPAIR. FABRICATED,Repair,R/H MAG BLAST TUBE FELL OFF.,EC-b2927faee2837746,LG-b2927faee2837746,0.4285714285714285,0,
MR-0d8d249dff5c8ad3,105048,#2 & 4 INTAKES LEAKING.,"INTAKES 2, 3 & 4 LEAKING ON L/H ENGINE.",1,"Same intake leak, but the specified cylinder set conflicts (2,4 versus 2,3,4).",106105,1,structure,Replace,REMOVED & REPLACED W/ NEW GASKETS.,Replace,"INTAKES 2, 3 & 4 LEAKING ON L/H ENGINE.",EC-f4c4e83928513c1e,LG-4285908bb8f7434c,1.0,2,Completed intake-gasket correction is directly transferable across cylinder slots.
MR-77d47c8ab1f03919,103656,OIL COOLERS DIRTY.,ENGINE IS DIRTY.,0,Different core problems: oil-cooler contamination versus contamination.,101390,3,structure,Service,WASHED ENGINE.,Other,ENGINE IS DIRTY.,EC-15dccda7847407ab,LG-15dccda7847407ab,0.6,0,
MR-84a96e3dc844c373,104219,BOTH OIL COOLERS DIRTY.,"SEAL LOOSE ON ENGINE COWL, ABOVE L/H & R/H OIL COOLERS (BLAC",0,Different core problems: oil-cooler contamination versus cowl/engine seal loose.,104103,1,structure,Service,"RESECURED SEAL ON LOWER ENGINE COWLS, L/H & R/H, ABOVE",Adjust,"SEAL LOOSE ON ENGINE COWL, ABOVE L/H & R/H OIL COOLERS (BLAC",EC-6a51c50ea4b261a1,LG-6a51c50ea4b261a1,0.7000000000000001,0,
MR-1f66de15f826421d,104471,"#1, 2, 4 INTAKES LEAKING.","INTAKES 2, 3 & 4 LEAKING ON L/H ENGINE.",1,"Same intake leak, but the specified cylinder set conflicts (1,2,4 versus 2,3,4).",106105,1,structure,Replace,REMOVED & REPLACED W/ NEW GASKETS.,Replace,"INTAKES 2, 3 & 4 LEAKING ON L/H ENGINE.",EC-f4c4e83928513c1e,LG-4285908bb8f7434c,1.0,2,Completed intake-gasket correction is directly transferable across cylinder slots.
MR-ce6fa289ccbd4e58,100636,R/H ENGINE #3 INDUCTION TUBE GASKET LEAKING.,R/H ENGINE #3 ROCKER COVER LEAKING.,0,Different core problems: intake leak versus rocker-cover gasket defect.,105903,2,structure,Replace,REPLACED ROCKER COVER GASKET.,Replace,R/H ENGINE #3 ROCKER COVER LEAKING.,EC-b1c2f1d621dd5729,LG-608d782c2258dd59,0.8,0,
MR-75b4214964899359,100568,ENGINE BAFFLE PLUG TABS BROKEN.,R/H SIDE BAFFLE PLUG LOOSE W/ TABS BROKEN.,2,Same broken baffle-plug tabs; the candidate adds looseness without contradicting the shared defect.,103565,4,structure,Replace,REMOVED & REPLACED W/ NEW BAFFLE PLUG.,Replace,R/H SIDE BAFFLE PLUG LOOSE W/ TABS BROKEN.,EC-acc47cd7aac80299,LG-acc47cd7aac80299,0.8666666666666667,2,Historical action directly addresses the same maintenance condition; slot/location differences are transferable.
MR-c560d0e503eb9199,105590,EVIDENCE OF CARB FIRE ON L/H CARB AIRBOX.,L/H REAR ENGINE BAFFLE ACCESS HOLE WORN.,0,Different core problems: carb-airbox fire versus baffle worn hole.,103075,5,structure,Inspect,INSTALL ACCESS HOLE DOUBLER IAW,Replace,L/H REAR ENGINE BAFFLE ACCESS HOLE WORN.,EC-35bcf1cd6e7001a9,LG-35bcf1cd6e7001a9,0.4285714285714285,0,
MR-3c9ee195570ab70f,104031,#4 AFT BAFFLE CRACKED.,BAFFLE ABOVE CYL #1 IS CRACKED.,1,"Same baffle crack, but the specified cylinder set conflicts (4 versus 1).",106007,5,structure,Replace,STOP DRILLED CRACK.,Other,BAFFLE ABOVE CYL #1 IS CRACKED.,EC-9f80fd2108c01aa4,LG-ab88affdca25a745,1.0,2,Historical action directly addresses the same maintenance condition; slot/location differences are transferable.
MR-9d2462391aaebd72,102952,AUTO RE-IGN DOES NOT ACTIVATE W/ LOW N2 CONDITIONS.,LOW COMPRESSION ON CYL #3 (55).,0,Different core problems: auto re-ignition failure versus low cylinder compression.,106054,4,structure,Diagnose,"REMOVED CYL, FOUND TO BE BURNT EXHAUST VALVE. INSTALLED",Replace,LOW COMPRESSION ON CYL #3 (55).,EC-cf86233bacf1baeb,LG-cf86233bacf1baeb,0.3,0,
MR-7bc2f460c4b9862b,100308,"#2, 3 & 4 ROCKER BOX COVER SCREWS LOOSE.","BAFFLE SEAL LOOSE ON LH/ ENG, #4 AFT BAFFLE.",0,Different core problems: rocker-cover loose screws versus baffle seal defect.,101554,5,structure,Adjust,SECURED BAFFLE SEAL BACK ON ENGINE BAFFLE.,Adjust,"BAFFLE SEAL LOOSE ON LH/ ENG, #4 AFT BAFFLE.",EC-58191b4392158710,LG-58191b4392158710,0.6,0,
MR-2c93ad28dc4c5c24,100112,L/H ENGINE #4 AFT BAFFLE CRACKED IN MULTIPLE PLACES.,FRONT & L/H ENGINE BAFFLE CRACKED.,1,"Same baffle crack, but the specified location conflicts (aft versus front).",102654,4,structure,Replace,STOP DRILLED CRACK.,Other,FRONT & L/H ENGINE BAFFLE CRACKED.,EC-b26b7fabc7e30c45,LG-f8e3931135eed2d1,1.0,2,Historical action directly addresses the same maintenance condition; slot/location differences are transferable.
MR-991dfc0e859ed09e,103884,BAFFLE SCREW MISSING ABOVE STARTER.,#3 CYL SIDE BAFFLE SCREW MISSING.,1,"Same missing baffle screw, but above-starter versus cylinder-3 side-baffle location differs materially.",104125,5,structure,Replace,INSTALLED NEW SCREW.,Replace,#3 CYL SIDE BAFFLE SCREW MISSING.,EC-ae5f02cf8efce618,LG-ae5f02cf8efce618,0.8,2,Historical action directly addresses the same maintenance condition; slot/location differences are transferable.
MR-cce0e14ef536cde5,100623,ROCKER BOX COVER SCREWS LOOSE.,INDUCTION TUBE HOSE CLAMPS LOOSE (ALL CYL).,0,Different core problems: rocker-cover loose screws versus intake tube loose/damaged.,100024,3,structure,Adjust,TIGHTENED HOSE CLAMPS.,Adjust,INDUCTION TUBE HOSE CLAMPS LOOSE (ALL CYL).,EC-4d3f1a1149d21098,LG-4d3f1a1149d21098,0.6,0,
MR-59136df9a76135a2,106156,BAFFLE PLUG DAMAGED.,L/H BAFFLE PLUG WORN.,2,"Same core problem; engine side is stated on only one side, without contradiction.",100055,2,structure,Replace,REMOVED & REPLACED PLUG.,Replace,L/H BAFFLE PLUG WORN.,EC-724c9a4174167cf3,LG-724c9a4174167cf3,0.7000000000000001,2,Historical action directly addresses the same maintenance condition; slot/location differences are transferable.
MR-47792f3ce0b61f9e,100848,OIL COOLER HOSE REQUIRES REPOSITIONING.,TOP OIL COOLER HOSE KINKED & NOT SECURED.,2,"Same core problem; position is stated on only one side, without contradiction.",104896,2,structure,Adjust,UNKINKED & SECURED HOSE.,Adjust,TOP OIL COOLER HOSE KINKED & NOT SECURED.,EC-4a50cd09626a5687,LG-4a50cd09626a5687,0.6785714285714286,2,Historical action directly addresses the same maintenance condition; slot/location differences are transferable.
MR-c3572dece682b10c,104031,#4 AFT BAFFLE CRACKED.,TOP BAFFLE IS CRACKED.,1,"Same cracked baffle, but cylinder-4 aft versus top-baffle location differs materially.",101377,3,structure,Replace,FABRICATED PATCHES OUT OF LIKE MATERIAL & INSTALLED. RI,Replace,TOP BAFFLE IS CRACKED.,EC-33bea9d24b13dd29,LG-33bea9d24b13dd29,1.0,2,Historical action directly addresses the same maintenance condition; slot/location differences are transferable.
MR-650af413b118d5c9,104702,L/H ENG #2 CYL HAS LOW COMPRESSION.,R/H ENG #3 CYL HAS LOW COMPRESSION (16/80).,1,"Same low cylinder compression, but engine side conflicts (left versus right).",104977,4,structure,Replace,OPS & LEAK CK GOOD.,Other,R/H ENG #3 CYL HAS LOW COMPRESSION (16/80).,EC-5a13bf07dcb8d0c8,LG-5a13bf07dcb8d0c8,1.0,1,"Relevant diagnostic/verification evidence, but no clear corrective resolution is recorded."
MR-55f85bfa22c462aa,103656,OIL COOLERS DIRTY.,"SEAL LOOSE ON ENGINE COWL, ABOVE L/H & R/H OIL COOLERS (BLAC",0,Different core problems: oil-cooler contamination versus cowl/engine seal loose.,104103,1,structure,Service,"RESECURED SEAL ON LOWER ENGINE COWLS, L/H & R/H, ABOVE",Adjust,"SEAL LOOSE ON ENGINE COWL, ABOVE L/H & R/H OIL COOLERS (BLAC",EC-6a51c50ea4b261a1,LG-6a51c50ea4b261a1,0.7000000000000001,0,
MR-8ec59762f378e770,100991,#2 INDUCTION TUBE GASKET LEAKING.,#1 INTAKE GASKET LEAKING.,1,"Same intake leak, but the specified cylinder set conflicts (2 versus 1).",106098,2,structure,Replace,INSTALLED NEW INTAKE GASKET.,Replace,#1 INTAKE GASKET LEAKING.,EC-66c69e07864cfa3c,LG-4285908bb8f7434c,0.6,2,Completed intake-gasket correction is directly transferable across cylinder slots.
MR-4bda38236940815e,101548,RIVNUT STRIPPED OUT ON FIREWALL FOR A/F FUEL FILTER.,GROUNDING POINTS ON ENG & FIREWALL LOOSE.,0,Different core problems: firewall fuel-filter rivnut versus loose hardware/component.,106091,1,structure,Replace,TIGHTENED ALL BOLTS.,Adjust,GROUNDING POINTS ON ENG & FIREWALL LOOSE.,EC-25238a27175b7fcb,LG-25238a27175b7fcb,0.4,0,
MR-a8a700cfcba2c4d3,102221,#1 INTAKE GASKET LEAKS.,#2 INTAKE GASKET LEAKING.,1,"Same intake leak, but the specified cylinder set conflicts (1 versus 2).",105235,4,structure,Replace,REPLACED GASKET.,Replace,#2 INTAKE GASKET LEAKING.,EC-1fec9b07493816ca,LG-4285908bb8f7434c,1.0,2,Completed intake-gasket correction is directly transferable across cylinder slots.
MR-b91268b1540b6c39,105480,#1 & 3 INTAKES LEAKING.,L/H ENGINE #2 & 4 INTAKES LEAKING.,1,"Same intake leak, but the specified cylinder set conflicts (1,3 versus 2,4).",106085,3,structure,Replace,REPLACED GASKETS.,Replace,L/H ENGINE #2 & 4 INTAKES LEAKING.,EC-603b22dcdb952fe3,LG-4285908bb8f7434c,1.0,2,Completed intake-gasket correction is directly transferable across cylinder slots.
MR-ec78869879b21df0,104157,#2 & 3 INTAKES LEAKING.,"INTAKES 2, 3 & 4 LEAKING ON R/H ENGINE.",1,"Same intake leak, but the specified cylinder set conflicts (2,3 versus 2,3,4).",103495,5,structure,Replace,REPLACED INTAKE GASKETS ON R/H ENGINE.,Replace,"INTAKES 2, 3 & 4 LEAKING ON R/H ENGINE.",EC-acfd9a8357993041,LG-4285908bb8f7434c,1.0,2,Completed intake-gasket correction is directly transferable across cylinder slots.
MR-79ac5c2748a269b8,105592,SMALL RUST SPOT ON AFT TOP L/H (L/H ENGINE MOUNT).,ZIP TIES USED ON L/H & R/H ENGINE MOUNT IN PLACE OF LACING C,1,"Related maintenance area, but core problem differs: engine-mount rust versus engine-mount attachment.",104057,1,structure,Inspect,REATTACHED CABLE & HOSES W/ LACING CORD.,Other,ZIP TIES USED ON L/H & R/H ENGINE MOUNT IN PLACE OF LACING C,EC-ba25dac60da4e0c0,LG-ba25dac60da4e0c0,1.0,0,Historical action does not treat the queried engine-mount rust condition.
MR-3006d315a7aca97b,103824,"#3, 4 & 1 INTAKES ARE LEAKING.","INTAKES 2, 3 & 4 LEAKING ON L/H ENGINE.",1,"Same intake leak, but the specified cylinder set conflicts (1,3,4 versus 2,3,4).",106105,1,structure,Replace,REMOVED & REPLACED W/ NEW GASKETS.,Replace,"INTAKES 2, 3 & 4 LEAKING ON L/H ENGINE.",EC-f4c4e83928513c1e,LG-4285908bb8f7434c,1.0,2,Completed intake-gasket correction is directly transferable across cylinder slots.
MR-a00f8c6a0bcb78f4,102316,ENGINE AFT BAFFLE CYL #3 AREA HAS SHEARED RIVETS ON SUPPORT,"ENGINE BAFFLE ON #4 CYL, RIVETS SHEARED OFF.",1,"Same baffle sheared rivets, but the specified cylinder set conflicts (3 versus 4).",102435,2,structure,Replace,"REMOVED SHEARED RIVETS, INSTALLED NEW RIVETS TO ENGINE",Replace,"ENGINE BAFFLE ON #4 CYL, RIVETS SHEARED OFF.",EC-70998e233c2d7c6e,LG-70998e233c2d7c6e,0.8666666666666667,2,Historical action directly addresses the same maintenance condition; slot/location differences are transferable.
MR-b661ed38451b463a,101898,#3 INDUCTION TUBE GASKET LEAKING.,"CYL #1, 2, 4 INTAKE GASKETS LEAKING.",1,"Same intake leak, but the specified cylinder set conflicts (3 versus 1,2,4).",106089,3,structure,Replace,REMOVED & REPLACED GASKETS.,Replace,"CYL #1, 2, 4 INTAKE GASKETS LEAKING.",EC-47ad4117e588d4c8,LG-4285908bb8f7434c,0.6,2,Completed intake-gasket correction is directly transferable across cylinder slots.
MR-7c98589a1bffc249,100641,R/H ENG #2 & 4 INDUCTION TUBE GASKETS LEAKING.,R/H ENG #3 INTAKE IS LEAKING.,1,"Same intake leak, but the specified cylinder set conflicts (2,4 versus 3).",102067,3,structure,Replace,REPLACED INTAKE GASKET.,Replace,R/H ENG #3 INTAKE IS LEAKING.,EC-2c45d54fef43ee4a,LG-4285908bb8f7434c,0.8,1,"Correct intake-gasket action, but it covers only part of the compound query."
MR-c536049574d5c0d7,101980,"R/H ENG #2, 3 & 4 ROCKER BOX COVERS LEAKING.",L/H ENG #3 INTAKE IS LEAKING.,0,Different core problems: rocker-cover gasket defect versus intake leak.,102066,4,structure,Replace,REPLACED INTAKE GASKET.,Replace,L/H ENG #3 INTAKE IS LEAKING.,EC-bfd9242b8bd9a1f8,LG-4285908bb8f7434c,0.8,0,
MR-fb06e5f807a1e4b7,105178,#1 ROCKER COVER GASKET LEAKS.,#1 ROCKER COVER GASKET IS LEAKING.,2,"Same core problem with compatible recorded component, defect, and context.",100447,4,structure,Replace,REMOVED & REPLACED GASKET.,Replace,#1 ROCKER COVER GASKET IS LEAKING.,EC-f3218e222926d0a2,LG-608d782c2258dd59,1.0,2,Historical action directly addresses the same maintenance condition; slot/location differences are transferable.
MR-8a4ec09209ef9ab5,104264,#3 & 4 INTAKES LEAKING.,L/H ENG #2 & 3 INTAKES ARE LEAKING.,1,"Same intake leak, but the specified cylinder set conflicts (3,4 versus 2,3).",103544,4,structure,Replace,REPLACED #3 GASKET.,Replace,L/H ENG #2 & 3 INTAKES ARE LEAKING.,EC-410f2059a575ccfa,LG-4285908bb8f7434c,1.0,1,"Correct intake-gasket action, but it covers only part of the compound query."
MR-64c165a8641cff55,105306,#2 & 4 INTAKES LEAKING.,"INTAKES 2, 3 & 4 LEAKING ON L/H ENGINE.",1,"Same intake leak, but the specified cylinder set conflicts (2,4 versus 2,3,4).",106105,1,structure,Replace,REMOVED & REPLACED W/ NEW GASKETS.,Replace,"INTAKES 2, 3 & 4 LEAKING ON L/H ENGINE.",EC-f4c4e83928513c1e,LG-4285908bb8f7434c,1.0,2,Completed intake-gasket correction is directly transferable across cylinder slots.
MR-109d12506006005d,104582,#2 LOWER INTAKE CLAMP LOOSE.,L/H UPPER BAFFLE LOOSE ABOVE #2 CYLINDER.,0,Different core problems: intake clamp loose versus loose hardware/component.,106069,3,structure,Adjust,SECURED W/ RIVET.,Adjust,L/H UPPER BAFFLE LOOSE ABOVE #2 CYLINDER.,EC-61ff32fbd08b7d20,LG-61ff32fbd08b7d20,0.6,0,
MR-e4bc60ada659508c,100641,R/H ENG #2 & 4 INDUCTION TUBE GASKETS LEAKING.,L/H ENG #3 INTAKE IS LEAKING.,1,"Same intake leak, but engine side conflicts (right versus left).",102066,4,structure,Replace,REPLACED INTAKE GASKET.,Replace,L/H ENG #3 INTAKE IS LEAKING.,EC-bfd9242b8bd9a1f8,LG-4285908bb8f7434c,0.8,1,"Correct intake-gasket action, but it covers only part of the compound query."
MR-8845d5fb91ba5bfe,102823,#1 & 4 INTAKES LEAKING.,INTAKES 2 & 4 LEAKING ON R/H ENGINE.,1,"Same intake leak, but the specified cylinder set conflicts (1,4 versus 2,4).",106109,2,structure,Replace,CLINDERS NEED TO BE REPLACED. ,Replace,INTAKES 2 & 4 LEAKING ON R/H ENGINE.,EC-97caa6160c52c03f,LG-4285908bb8f7434c,1.0,0,Historical record is unresolved/recommendation-only rather than a completed useful action.
MR-473aa1b58ddae234,101101,OIL LEAK EVIDENCE ON R/H SIDE OF ENGINE.,R/H ENGINE TOP BACK BONE SEEPING OIL.,2,"Same core problem; position is stated on only one side, without contradiction.",104827,4,structure,Diagnose,RETORQUED TOP BACK BOLTS.,Adjust,R/H ENGINE TOP BACK BONE SEEPING OIL.,EC-3768d1e48da084d2,LG-4b2d71c4187cc190,1.0,1,Direct repair of one historical oil-leak source; the query does not establish that source.
MR-5860df94cc20baaa,101101,OIL LEAK EVIDENCE ON R/H SIDE OF ENGINE.,SIGNS OF OIL LEAKING FROM FWD ENGINE CASE BOLTS AT MAIN CRAN,2,"Same core problem; engine side and position are stated on only one side, without contradiction.",104202,5,structure,Diagnose,RETORQUED BOLTS.,Adjust,SIGNS OF OIL LEAKING FROM FWD ENGINE CASE BOLTS AT MAIN CRAN,EC-61041646348d5dc0,LG-61041646348d5dc0,1.0,1,Direct repair of one historical oil-leak source; the query does not establish that source.
MR-a4b8aecd0778784d,100772,L/H ENG #3 INDUCTION TUBE GASKET LEAKING.,L/H ENG #3 ROCKER COVER IS LEAKING.,0,Different core problems: intake leak versus rocker-cover gasket defect.,102068,2,structure,Replace,REPLACED ROCKER COVER GASKET.,Replace,L/H ENG #3 ROCKER COVER IS LEAKING.,EC-4f854674f99caf68,LG-608d782c2258dd59,0.8,0,
MR-018824b391911248,100716,R/H ENG CORNER BRACKET BY PROP CABLE IS CRACKED.,"L/H ENG BACK BAFFLE, BY #4 CYL, CRACKED.",0,Different core problems: structural crack versus baffle crack.,102898,2,structure,Replace,STOP DRILLED CRACK.,Other,"L/H ENG BACK BAFFLE, BY #4 CYL, CRACKED.",EC-abe3783fb00f00ba,LG-abe3783fb00f00ba,0.7333333333333334,0,
MR-67365c29d5acf0d5,103274,INTAKES #2 & 4 LEAKING.,"INTAKES 2, 3 & 4 LEAKING ON L/H ENGINE.",1,"Same intake leak, but the specified cylinder set conflicts (2,4 versus 2,3,4).",106105,1,structure,Replace,REMOVED & REPLACED W/ NEW GASKETS.,Replace,"INTAKES 2, 3 & 4 LEAKING ON L/H ENGINE.",EC-f4c4e83928513c1e,LG-4285908bb8f7434c,1.0,2,Completed intake-gasket correction is directly transferable across cylinder slots.
MR-f0e9787ccee54927,103796,1 BAFFLE BUTTON WORN.,R/H ENGINE #3 CYL EXHAUST ROCKER WORN ON SHAFT.,0,Different core problems: baffle plug defect versus wear.,106134,2,structure,Replace,REPLACED W/ NEW ROCKER & ROCKER SHAFT. TAPPET CLEARANCE,Replace,R/H ENGINE #3 CYL EXHAUST ROCKER WORN ON SHAFT.,EC-c5162431a24b6540,LG-add2db677f24d601,0.6,0,
MR-2c66f6700d0d25be,104157,#2 & 3 INTAKES LEAKING.,"INTAKES 2, 3 & 4 LEAKING ON L/H ENGINE.",1,"Same intake leak, but the specified cylinder set conflicts (2,3 versus 2,3,4).",106105,1,structure,Replace,REMOVED & REPLACED W/ NEW GASKETS.,Replace,"INTAKES 2, 3 & 4 LEAKING ON L/H ENGINE.",EC-f4c4e83928513c1e,LG-4285908bb8f7434c,1.0,2,Completed intake-gasket correction is directly transferable across cylinder slots.
MR-a81dd6e93d1f208b,101744,BAFFLE BUTTON PLUG IS WORN.,"ENG FWD LWR BLACK SEAL HAS WORN SPOTS, ABOVE AIR INTAKE.",1,"Related maintenance area, but core problem differs: baffle plug defect versus cowl/engine seal wear.",106143,2,structure,Replace,SEALED AREAS W/ BLACK RTV.,Service,"ENG FWD LWR BLACK SEAL HAS WORN SPOTS, ABOVE AIR INTAKE.",EC-e880194cc629db88,LG-e880194cc629db88,0.6,0,Action treats a worn seal rather than the queried baffle plug.
MR-ea6ab91fd60c6fe2,100515,#3 ROCKER COVER GASKET IS TORN.,#4 ROCKER COVER GASKET LEAKING.,1,"Same component area, but defect differs: torn versus leaking.",101798,3,structure,Replace,REPLACED GASKET.,Replace,#4 ROCKER COVER GASKET LEAKING.,EC-da6ceccf140509ee,LG-608d782c2258dd59,0.65,2,Historical action directly addresses the same maintenance condition; slot/location differences are transferable.
MR-c2f74a01be061541,103656,OIL COOLERS DIRTY.,SNIFFLER VALVE DIRTY.,0,Different core problems: oil-cooler contamination versus contamination.,103047,5,structure,Service,CLEANED SNIFFLER VALVES.,Service,SNIFFLER VALVE DIRTY.,EC-33a36d1881741dec,LG-5027701bd7fa9f57,0.6,0,
MR-efc844a1cb0edeb4,104219,BOTH OIL COOLERS DIRTY.,SNIFFLER VALVES DIRTY.,0,Different core problems: oil-cooler contamination versus contamination.,102715,4,structure,Service,CLEANED VALVES.,Service,SNIFFLER VALVES DIRTY.,EC-1243a6854d2a786a,LG-5027701bd7fa9f57,0.6,0,
MR-c5f96a6a8fbdf67a,101371,AFT BAFFLE BRACKET MISSING SCREW.,#3 AFT BAFFLE SUPPORT BRACKET MISSING SCREW.,2,"Same core problem; cylinder/location is stated on only one side, without contradiction.",103422,4,structure,Replace,INSTALLED MISSING BRACKET SCREW.,Replace,#3 AFT BAFFLE SUPPORT BRACKET MISSING SCREW.,EC-df183fcc768958d9,LG-df183fcc768958d9,0.8,2,Installing the missing bracket screw directly resolves the same aft-baffle-bracket fault.
MR-ecc560854e0cec02,100197,#2 & 4 INTAKES ARE LEAKING.,"INTAKES 2, 3 & 4 LEAKING ON L/H ENGINE.",1,"Same intake leak, but the specified cylinder set conflicts (2,4 versus 2,3,4).",106105,1,structure,Replace,REMOVED & REPLACED W/ NEW GASKETS.,Replace,"INTAKES 2, 3 & 4 LEAKING ON L/H ENGINE.",EC-f4c4e83928513c1e,LG-4285908bb8f7434c,1.0,2,Completed intake-gasket correction is directly transferable across cylinder slots.
MR-df71aaa91266e045,103598,L/H ENGINE BAFFLE CRACKED.,L/H ENGINE BAFFLE BY ROCKER COVERS CRACKED.,2,"Same core problem with compatible recorded component, defect, and context.",104457,5,structure,Repair,REMOVED & REPLACED L/H ENGINE BAFFLE OVER ROCKER COVERS,Replace,L/H ENGINE BAFFLE BY ROCKER COVERS CRACKED.,EC-4cec170209188659,LG-4cec170209188659,1.0,2,Removing and replacing the cracked engine baffle directly addresses the same condition.
MR-e64a114a981364d5,105590,EVIDENCE OF CARB FIRE ON L/H CARB AIRBOX.,CYL #4 INTAKE LEAKING.,0,Different core problems: carb-airbox fire versus intake leak.,100021,1,structure,Inspect,REPLACED GASKET. LEAK CHECK GOOD.,Replace,CYL #4 INTAKE LEAKING.,EC-c4ec7a6934fbe90c,LG-4285908bb8f7434c,0.4285714285714285,0,
MR-4b41703aa7476d62,100772,L/H ENG #3 INDUCTION TUBE GASKET LEAKING.,L/H ENG #3 INTAKE IS LEAKING.,2,"Same core problem with compatible recorded component, defect, and context.",102066,4,structure,Replace,REPLACED INTAKE GASKET.,Replace,L/H ENG #3 INTAKE IS LEAKING.,EC-bfd9242b8bd9a1f8,LG-4285908bb8f7434c,0.8,2,Completed intake-gasket correction is directly transferable across cylinder slots.
MR-753e3dc2c02ce220,103861,#4 INDUCTION TUBE GASKET LEAKING.,#1 INTAKE GASKET LEAKING.,1,"Same intake leak, but the specified cylinder set conflicts (4 versus 1).",106098,2,structure,Replace,INSTALLED NEW INTAKE GASKET.,Replace,#1 INTAKE GASKET LEAKING.,EC-66c69e07864cfa3c,LG-4285908bb8f7434c,0.6,2,Completed intake-gasket correction is directly transferable across cylinder slots.
MR-57d4ab844cc0a29a,103074,"R/H ENGINE FOAM SEAL LOOSE ON BULKHEAD, BEHIND ENGINE INLET",R/H ENGINE LWR FIRESEAL LOOSE.,1,"Both concern loose engine sealing, but foam bulkhead seal and lower fireseal identify materially different seals.",105616,4,structure,Adjust,REATTACHED LWR FIRESEAL.,Service,R/H ENGINE LWR FIRESEAL LOOSE.,EC-f23d5c700d31e63f,LG-f23d5c700d31e63f,0.68,1,"Reattaching a loose fireseal is relevant seal-attachment evidence, but the queried foam seal is a distinct component."
MR-9a6abba506a266cb,103623,FOUND BROKEN COVER SCREW ON GROUND.,#2 & 4 SIDE BAFFLE BRACE BROKEN.,0,Only the generic broken condition overlaps; a cover screw and a side-baffle brace are different maintenance problems.,100072,3,structure,Replace,FABRICATED BRACE FROM LIKE MATERIAL & INSTALLED.,Replace,#2 & 4 SIDE BAFFLE BRACE BROKEN.,EC-b7eb591ba10a66fb,LG-b7eb591ba10a66fb,0.6,0,
MR-ea8744a9b8fe9403,100848,OIL COOLER HOSE REQUIRES REPOSITIONING.,ENGINE REQUIRES OVERHAUL.,0,Different core problems: oil-cooler hose position versus other.,105544,3,structure,Adjust,MOUNTED ENGINE & TORQUED. STARTED ENGINE INSTALLATION.,Replace,ENGINE REQUIRES OVERHAUL.,EC-399382df6cc4573a,LG-399382df6cc4573a,0.4285714285714285,0,
MR-bf9f3d940454f99f,100629,#2 INTAKE GASKET LEAKS.,#4 INTAKE GASKET IS LEAKING.,1,"Same intake leak, but the specified cylinder set conflicts (2 versus 4).",105211,2,structure,Replace,REPLACED GASKETS. LEAK CK GOOD.,Replace,#4 INTAKE GASKET IS LEAKING.,EC-0489f0dc14177ee4,LG-4285908bb8f7434c,1.0,2,Completed intake-gasket correction is directly transferable across cylinder slots.
MR-6c446f068f90492f,100991,#2 INDUCTION TUBE GASKET LEAKING.,L/H ENG #3 & 4 CYL INTAKE GASKETS LEAKING.,1,"Same intake leak, but the specified cylinder set conflicts (2 versus 3,4).",106122,1,structure,Replace,"REMOVED COWL, REMOVED & REPLACED GASKETS. REINSTALLED C",Replace,L/H ENG #3 & 4 CYL INTAKE GASKETS LEAKING.,EC-4806f7911e096a20,LG-4285908bb8f7434c,0.6,2,Completed intake-gasket correction is directly transferable across cylinder slots.
MR-c649749b3e3f77d1,105048,#2 & 4 INTAKES LEAKING.,INTAKES 2 & 4 LEAKING ON R/H ENGINE.,2,"Same core problem; engine side is stated on only one side, without contradiction.",106109,2,structure,Replace,CLINDERS NEED TO BE REPLACED. ,Replace,INTAKES 2 & 4 LEAKING ON R/H ENGINE.,EC-97caa6160c52c03f,LG-4285908bb8f7434c,1.0,0,Historical record is unresolved/recommendation-only rather than a completed useful action.
MR-92e959ad32ad7527,102381,L/H ENG #3 INDUCTION TUBE GASKET LEAKING.,L/H ENG #3 INTAKE IS LEAKING.,2,"Same core problem with compatible recorded component, defect, and context.",102066,4,structure,Replace,REPLACED INTAKE GASKET.,Replace,L/H ENG #3 INTAKE IS LEAKING.,EC-bfd9242b8bd9a1f8,LG-4285908bb8f7434c,0.8,2,Completed intake-gasket correction is directly transferable across cylinder slots.
MR-aada934c82403871,104219,BOTH OIL COOLERS DIRTY.,ENGINE IS DIRTY.,0,Different core problems: oil-cooler contamination versus contamination.,101390,3,structure,Service,WASHED ENGINE.,Other,ENGINE IS DIRTY.,EC-15dccda7847407ab,LG-15dccda7847407ab,0.6,0,
MR-2bb8e0a05e6bf8a0,104135,BAFFLE PLUG IS DAMAGED.,BAFFLE PLUG WORN.,2,"Same core problem with compatible recorded component, defect, and context.",101976,4,structure,Replace,INSTALLED NEW BAFFLE PLUG.,Replace,BAFFLE PLUG WORN.,EC-1ca6b8fd9ccbc54e,LG-724c9a4174167cf3,0.7000000000000001,2,Historical action directly addresses the same maintenance condition; slot/location differences are transferable.
MR-93c92357f6886fcd,104621,INSPECTED & FOUND CRANKSHAFT TO BE GOUGED BEHIND CRANKSHAFT,R/H ENG FWD CYL #2 BAFFLE SEAL IS TORN.,0,Different core problems: crankshaft gouge versus baffle seal defect.,101538,4,structure,Replace,REMOVED & REPLACED BAFFLE SEAL W/ NEW.,Replace,R/H ENG FWD CYL #2 BAFFLE SEAL IS TORN.,EC-ffd17431349bb99e,LG-3ba1e9db59e83dce,0.4875,0,
MR-df6870da7f616c99,100308,"#2, 3 & 4 ROCKER BOX COVER SCREWS LOOSE.","RIVET LOOSE AT BAFFLE, AFT CENTER.",0,Different core problems: rocker-cover loose screws versus loose hardware/component.,106144,1,structure,Adjust,REPLACED RIVET W/ NEW.,Replace,"RIVET LOOSE AT BAFFLE, AFT CENTER.",EC-dac366a25718c46c,LG-dac366a25718c46c,0.6,0,
MR-0a0660ebc484c30f,105157,L/H #4 ROCKER COVER GASKET LEAKS.,R/H ENG #3 ROCKER COVER GASKET LEAKING.,1,"Same rocker-cover gasket defect, but engine side conflicts (left versus right).",105220,2,structure,Replace,"REMOVED COVER, FOUND DEBRIS UNDER SILICONE GASKET. CLEA",Diagnose,R/H ENG #3 ROCKER COVER GASKET LEAKING.,EC-cfb4b96b7abfab1b,LG-608d782c2258dd59,1.0,1,"Relevant inspection/cleaning of the leaking rocker-cover gasket, but the record is truncated and no replacement is shown."
MR-a984c0a7bbfc2eb8,100081,#2 INTAKE LEAKS.,#2 CYL INTAKE LEAKING.,2,"Same core problem with compatible recorded component, defect, and context.",106154,1,structure,Replace,INSTALLED NEW GASKET.,Replace,#2 CYL INTAKE LEAKING.,EC-514eea05daaa3655,LG-4285908bb8f7434c,1.0,2,Completed intake-gasket correction is directly transferable across cylinder slots.
MR-6448dddfff16567e,102624,COWL SEAL BY #2 CYL NEEDS TO BE REATTCHED TO BAFFLING.,#2 CYL BOTTOM FRONT BAFFLING HAS A CRACK.,1,"Related maintenance area, but core problem differs: baffle seal defect versus baffle crack.",103973,3,structure,Replace,STOP DRILLED CRACK.,Other,#2 CYL BOTTOM FRONT BAFFLING HAS A CRACK.,EC-87a68e946fc09863,LG-87a68e946fc09863,0.6666666666666665,0,Historical action addresses a different component/fault or provides no meaningful action for the query.
MR-077f6c83b2a85d87,100095,ROCKER BOX COVER SCREWS LOOSE.,INDUCTION TUBE HOSE CLAMPS LOOSE (ALL CYLS).,0,Different core problems: rocker-cover loose screws versus intake tube loose/damaged.,100026,2,structure,Adjust,TIGHTENED HOSE CLAMPS.,Adjust,INDUCTION TUBE HOSE CLAMPS LOOSE (ALL CYLS).,EC-134da831ec3f7c78,LG-4d3f1a1149d21098,0.6,0,
MR-c5138f56568fabe7,101101,OIL LEAK EVIDENCE ON R/H SIDE OF ENGINE.,"OIL LEAK AT R/H ENGINE BACK BONE, AFT BOLT.",2,"Same core problem; position is stated on only one side, without contradiction.",105596,1,structure,Diagnose,SEALED BOLT & TORQUED. LEAK CK GOOD.,Adjust,"OIL LEAK AT R/H ENGINE BACK BONE, AFT BOLT.",EC-f6a2f08552efb518,LG-f6a2f08552efb518,1.0,1,Direct repair of one historical oil-leak source; the query does not establish that source.
MR-18ad6f7f43fb94e7,103598,L/H ENGINE BAFFLE CRACKED.,#3 AFT BAFFLE CRACKED ON R/H ENGINE.,1,"Same baffle crack, but engine side conflicts (left versus right).",103844,2,structure,Repair,"REMOVED BAFFLE, STOP DRILLED CRACK, FABRICATED & INSTAL",Repair,#3 AFT BAFFLE CRACKED ON R/H ENGINE.,EC-1ed2bea3ed35f272,LG-1ed2bea3ed35f272,1.0,2,Historical action directly addresses the same maintenance condition; slot/location differences are transferable.
MR-2a1d7a17010b3e5c,100772,L/H ENG #3 INDUCTION TUBE GASKET LEAKING.,R/H ENG #3 INTAKE IS LEAKING.,1,"Same intake leak, but engine side conflicts (left versus right).",102067,3,structure,Replace,REPLACED INTAKE GASKET.,Replace,R/H ENG #3 INTAKE IS LEAKING.,EC-2c45d54fef43ee4a,LG-4285908bb8f7434c,0.8,2,Completed intake-gasket correction is directly transferable across cylinder slots.
MR-d16c43bb3745bd33,101430,ENGINE OVER RIDE SPEED WAS 1225 RPM.,ENGINE IDLE OVERRIDE KILLED ENGINE.,1,"Related maintenance area, but core problem differs: idle override speed versus idle override behavior.",100001,1,structure,Diagnose,"TRIED TO ADJUST IDLE SEVERAL TIMES, WOULDN'T ADJUST.",Adjust,ENGINE IDLE OVERRIDE KILLED ENGINE.,EC-bd5a7e05f8b81c3d,LG-bd5a7e05f8b81c3d,1.0,0,Historical record is unresolved/recommendation-only rather than a completed useful action.
MR-4c3f38d2caad0b5b,100197,#2 & 4 INTAKES ARE LEAKING.,INTAKES 2 & 4 LEAKING ON R/H ENGINE.,2,"Same core problem; engine side is stated on only one side, without contradiction.",106109,2,structure,Replace,CLINDERS NEED TO BE REPLACED. ,Replace,INTAKES 2 & 4 LEAKING ON R/H ENGINE.,EC-97caa6160c52c03f,LG-4285908bb8f7434c,1.0,0,Historical record is unresolved/recommendation-only rather than a completed useful action.
MR-a565bcc575d11597,105480,#1 & 3 INTAKES LEAKING.,INTAKES 2 & 4 LEAKING ON R/H ENGINE.,1,"Same intake leak, but the specified cylinder set conflicts (1,3 versus 2,4).",106109,2,structure,Replace,CLINDERS NEED TO BE REPLACED. ,Replace,INTAKES 2 & 4 LEAKING ON R/H ENGINE.,EC-97caa6160c52c03f,LG-4285908bb8f7434c,1.0,0,Historical record is unresolved/recommendation-only rather than a completed useful action.
MR-b99e5bd937aea47a,103145,INTAKES #1 & 2 LEAKING.,L/H ENG #2 & 3 INTAKES ARE LEAKING.,1,"Same intake leak, but the specified cylinder set conflicts (1,2 versus 2,3).",103544,4,structure,Replace,REPLACED #3 GASKET.,Replace,L/H ENG #2 & 3 INTAKES ARE LEAKING.,EC-410f2059a575ccfa,LG-4285908bb8f7434c,1.0,1,"Correct intake-gasket action, but it covers only part of the compound query."
MR-3a268d88b11f4b04,103824,"#3, 4 & 1 INTAKES ARE LEAKING.","INTAKES 2, 3 & 4 LEAKING ON R/H ENGINE.",1,"Same intake leak, but the specified cylinder set conflicts (1,3,4 versus 2,3,4).",103495,5,structure,Replace,REPLACED INTAKE GASKETS ON R/H ENGINE.,Replace,"INTAKES 2, 3 & 4 LEAKING ON R/H ENGINE.",EC-acfd9a8357993041,LG-4285908bb8f7434c,1.0,2,Completed intake-gasket correction is directly transferable across cylinder slots.
MR-37366b829bb64bc4,100848,OIL COOLER HOSE REQUIRES REPOSITIONING.,"L/H ENG #4 CYL IS CRACKED, FOUND ON COMPRESSION TEST.",0,Different core problems: oil-cooler hose position versus structural crack.,105973,5,structure,Adjust,"RAN A/C, OPS & LEAK CK GOOD. FOR BREAK",Other,"L/H ENG #4 CYL IS CRACKED, FOUND ON COMPRESSION TEST.",EC-af3bc09b4c1daeb1,LG-af3bc09b4c1daeb1,0.4285714285714285,0,
MR-00e1bc9fd9045de7,104471,"#1, 2, 4 INTAKES LEAKING.",INTAKES 2 & 4 LEAKING ON R/H ENGINE.,1,"Same intake leak, but the specified cylinder set conflicts (1,2,4 versus 2,4).",106109,2,structure,Replace,CLINDERS NEED TO BE REPLACED. ,Replace,INTAKES 2 & 4 LEAKING ON R/H ENGINE.,EC-97caa6160c52c03f,LG-4285908bb8f7434c,1.0,0,Historical record is unresolved/recommendation-only rather than a completed useful action.
MR-507c22189151de9c,102316,ENGINE AFT BAFFLE CYL #3 AREA HAS SHEARED RIVETS ON SUPPORT,"ENGINE AFT BAFFLE, NEXT TO #3 CYL, HAS SHEARED RIVETS.",2,"Same core problem with compatible recorded component, defect, and context.",102272,1,structure,Replace,DERIVETED SHEAR RIVETS. INSTALLED SCREWS & NUTS. REINST,Replace,"ENGINE AFT BAFFLE, NEXT TO #3 CYL, HAS SHEARED RIVETS.",EC-f93c52074750f85a,LG-f93c52074750f85a,0.8666666666666667,2,Historical action directly addresses the same maintenance condition; slot/location differences are transferable.
MR-184ed4ffa20d2ced,100727,REAR BAFFLE PLUGS WORN OUT.,BAFFLE PLUGS ARE WORN OUT.,2,"Same core problem; position is stated on only one side, without contradiction.",103512,5,structure,Replace,REMOVED & REPLACED PLUGS.,Replace,BAFFLE PLUGS ARE WORN OUT.,EC-2db3dbd5ac0a2280,LG-2db3dbd5ac0a2280,0.8749999999999999,2,Historical action directly addresses the same maintenance condition; slot/location differences are transferable.
MR-5d410d32ecc54d8f,104863,#1 CYL INTAKE LEAKS.,L/H ENG CYL #4 INTAKE IS LEAKING.,1,"Same intake leak, but the specified cylinder set conflicts (1 versus 4).",101536,5,structure,Replace,REMOVED & REPLACED INTAKE GASKET.,Replace,L/H ENG CYL #4 INTAKE IS LEAKING.,EC-8ed4f34ca5e5e27c,LG-4285908bb8f7434c,1.0,2,Completed intake-gasket correction is directly transferable across cylinder slots.
MR-66a7eec5db0a9e11,100032,RIGHT ENG #4 AIR BAFFLE IS CRACKED,"BAFFLING CRACKED, R/H ENG BY #4 CYLINDER.",2,"Same core problem with compatible recorded component, defect, and context.",101941,5,structure,Replace,STOP DRILLED CRACKED BAFFLE.,Other,"BAFFLING CRACKED, R/H ENG BY #4 CYLINDER.",EC-020c4a4f1552c1e8,LG-020c4a4f1552c1e8,0.8,2,Historical action directly addresses the same maintenance condition; slot/location differences are transferable.
MR-a03881b03e9d915f,101410,REAR R/H ENGINE BAFFLE BRACKET CRACKED.,BAFFLE BRACKET CRACKED ON #3 CYLINDER.,1,"Same cracked baffle bracket, but rear R/H-engine versus cylinder-3 location differs materially.",104867,3,structure,Replace,REMOVED BAFFLE SECTION & OIL PRESSURE LINE. REPLACED BR,Replace,BAFFLE BRACKET CRACKED ON #3 CYLINDER.,EC-bd573c85e913fb3c,LG-bd573c85e913fb3c,0.8,2,Replacing the cracked baffle bracket directly addresses the same bracket fault; cylinder location is transferable.
MR-f26a49bd6f9b7763,100095,ROCKER BOX COVER SCREWS LOOSE.,R/H ENGINE #3 AFT BAFFLE SEAL IS LOOSE.,0,Different core problems: rocker-cover loose screws versus baffle seal defect.,100058,5,structure,Adjust,SECURED BAFFLE SEAL.,Adjust,R/H ENGINE #3 AFT BAFFLE SEAL IS LOOSE.,EC-3c8664cb6096a485,LG-37ac3da11bdb9f3b,0.6,0,
MR-dc2f7203f727bb91,101371,AFT BAFFLE BRACKET MISSING SCREW.,R/H SIDE BAFFLE IS MISSING A SCREW.,1,"Both involve a missing baffle screw, but an aft support bracket and a R/H side baffle are materially different targets.",101151,3,structure,Replace,INSTALLED NEW SCREW ON BAFFLE.,Replace,R/H SIDE BAFFLE IS MISSING A SCREW.,EC-e320eb0dd72ecc8a,LG-e320eb0dd72ecc8a,0.8,1,"Installing a baffle screw is useful attachment evidence, but the query specifies an aft bracket and the historical case a side baffle."
MR-6a157744b114ef8c,101238,#2 & 4 INTAKES ARE LEAKING.,L/H ENG #2 & 3 INTAKES ARE LEAKING.,1,"Same intake leak, but the specified cylinder set conflicts (2,4 versus 2,3).",103544,4,structure,Replace,REPLACED #3 GASKET.,Replace,L/H ENG #2 & 3 INTAKES ARE LEAKING.,EC-410f2059a575ccfa,LG-4285908bb8f7434c,1.0,1,"Correct intake-gasket action, but it covers only part of the compound query."
MR-1cbb16e95426cbfd,105590,EVIDENCE OF CARB FIRE ON L/H CARB AIRBOX.,ROCKER COVER FOR CYL #1 IS LEAKING.,0,Different core problems: carb-airbox fire versus rocker-cover gasket defect.,100020,2,structure,Inspect,REPLACED ROCKER COVER.,Replace,ROCKER COVER FOR CYL #1 IS LEAKING.,EC-18259eaf02f7962e,LG-608d782c2258dd59,0.4285714285714285,0,
MR-79da9648baee1ee7,103676,#4 CYL ROCKER COVER IS MISSING SCREW.,"MISSING SCREW ON ENG BAFFLE AFT & NEXT TO CYL #3, SCREW MOUN",0,Different core problems: rocker-cover missing screw versus baffle missing hardware.,103926,1,structure,Replace,INSTALLED SCREW.,Replace,"MISSING SCREW ON ENG BAFFLE AFT & NEXT TO CYL #3, SCREW MOUN",EC-50fb29829cf9f918,LG-50fb29829cf9f918,0.8666666666666667,0,
MR-91b5a35d978da3dd,102604,#4 INTAKE LEAKS.,"R/H ENGINE #4 INTAKE LEAKING, AND #3 INTAKE.",1,"Same intake leak, but the specified cylinder set conflicts (4 versus 3,4).",106086,2,structure,Replace,REPLACED GASKET.,Replace,"R/H ENGINE #4 INTAKE LEAKING, AND #3 INTAKE.",EC-3fd12f5460e599ff,LG-3fd12f5460e599ff,1.0,2,Completed intake-gasket correction is directly transferable across cylinder slots.
MR-7f3d0c2b54fb7d8a,100716,R/H ENG CORNER BRACKET BY PROP CABLE IS CRACKED.,"L/H ENG, AFT BAFFLING CRACKED BEHIND CYL #4.",0,Different core problems: structural crack versus baffle crack.,102804,4,structure,Replace,REMOVED & REPLACED CYL #4 REAR BAFFLE.,Replace,"L/H ENG, AFT BAFFLING CRACKED BEHIND CYL #4.",EC-4142aa87431ddbc1,LG-4142aa87431ddbc1,0.7333333333333334,0,
MR-037fca7b2f2ed84d,106168,"DURING RUN UP, #2 CYL WAS COLD & ENGINE SHOCK VIOLENTLY (ENG","ENGINE BAFFLE CRACKED, AFT OF #3 CYL, L/H ENG.",0,Different core problems: engine rough/cold cylinder versus baffle crack.,103466,1,structure,Diagnose,STOP DRILLED CRACKS.,Other,"ENGINE BAFFLE CRACKED, AFT OF #3 CYL, L/H ENG.",EC-692eb7db91827901,LG-692eb7db91827901,0.6025,0,
MR-006b2eca065e859b,106156,BAFFLE PLUG DAMAGED.,BAFFLE PLUG WORN.,2,"Same core problem with compatible recorded component, defect, and context.",101976,4,structure,Replace,INSTALLED NEW BAFFLE PLUG.,Replace,BAFFLE PLUG WORN.,EC-1ca6b8fd9ccbc54e,LG-724c9a4174167cf3,0.7000000000000001,2,Historical action directly addresses the same maintenance condition; slot/location differences are transferable.
MR-83cbd8ac794081e6,103623,FOUND BROKEN COVER SCREW ON GROUND.,SUPPORT FROM #4 CYL AFT BAFFLE TO CRANKCASE HALF IS BROKEN O,0,Only the generic broken condition overlaps; a cover screw and an aft-baffle support are different maintenance problems.,101620,1,structure,Replace,"REMOVED ROD, REPAIRED IAW , CH 4, SEC 5. REI",Repair,SUPPORT FROM #4 CYL AFT BAFFLE TO CRANKCASE HALF IS BROKEN O,EC-46c85af50d5a594f,LG-46c85af50d5a594f,0.6,0,
MR-87ae5a8e5036c08b,101430,ENGINE OVER RIDE SPEED WAS 1225 RPM.,"RIGHT ENGINE, LEFT MAG DROPPED 200+.",0,Different core problems: idle override speed versus magneto drop.,106135,2,structure,Diagnose,"RAN A/C & CONFIRMED PROBLEM. R/H ENG, R/H MAG TIMING IS",Diagnose,"RIGHT ENGINE, LEFT MAG DROPPED 200+.",EC-32c4a36f265884e6,LG-32c4a36f265884e6,1.0,0,
MR-5be7fa64105fc22a,101668,"ROCKER COVER GASKETS #2, 3 TORN.","CYL #2, 3 ROCKER COVER GASKETS LEAKING.",1,"Same component area, but defect differs: torn versus leaking.",101916,5,structure,Replace,REMOVED & REPLACED ROCKER COVER GASKETS.,Replace,"CYL #2, 3 ROCKER COVER GASKETS LEAKING.",EC-60c93c9fbd238e2a,LG-608d782c2258dd59,0.65,2,Historical action directly addresses the same maintenance condition; slot/location differences are transferable.
MR-49484a0bf3a246de,101264,CYL #3 ROCKER COVER IS MISSING A SCREW.,"MISSING SCREW ON ENG BAFFLE AFT & NEXT TO CYL #3, SCREW MOUN",0,Different core problems: rocker-cover missing screw versus baffle missing hardware.,103926,1,structure,Replace,INSTALLED SCREW.,Replace,"MISSING SCREW ON ENG BAFFLE AFT & NEXT TO CYL #3, SCREW MOUN",EC-50fb29829cf9f918,LG-50fb29829cf9f918,0.8666666666666667,0,
MR-631241144c1d3258,100112,L/H ENGINE #4 AFT BAFFLE CRACKED IN MULTIPLE PLACES.,CRACK IN R/H AFT ENGINE BAFFLE.,1,"Same baffle crack, but engine side conflicts (left versus right).",103856,1,structure,Replace,STOP DRILLED CRACK.,Other,CRACK IN R/H AFT ENGINE BAFFLE.,EC-95553a914876ef77,LG-95553a914876ef77,1.0,2,Historical action directly addresses the same maintenance condition; slot/location differences are transferable.
MR-5f976d527ce0923c,101116,"L/H ENG, #4 INDUCTION TUBE GASKET LEAKING.","#2 & 4 INTAKE GASKETS ARE LEAKING, L/H ENG.",1,"Same intake leak, but the specified cylinder set conflicts (4 versus 2,4).",102095,5,structure,Replace,"REMOVED & REPLACED INTAKE GASKETS, L/H ENG.",Replace,"#2 & 4 INTAKE GASKETS ARE LEAKING, L/H ENG.",EC-f5a1525fecba6315,LG-f5a1525fecba6315,0.8,2,Completed intake-gasket correction is directly transferable across cylinder slots.
MR-c755d2e2a23afb30,101225,"CRACK ON ENGINE BAFFLE, LEFT SIDE, BY #3 CYLINDER.",ENGINE BAFFLE CRACKED ABOVE #1 CYL.,1,"Same baffle crack, but the specified cylinder set conflicts (3 versus 1).",103708,3,structure,Repair,STOP DRILLED CRACK.,Other,ENGINE BAFFLE CRACKED ABOVE #1 CYL.,EC-6410f4a85cc92d8b,LG-ab88affdca25a745,0.8666666666666667,2,Historical action directly addresses the same maintenance condition; slot/location differences are transferable.
MR-2fad5c4d84cf2828,103173,#2 & 4 INTAKES LEAKING.,L/H ENG #2 & 3 INTAKES ARE LEAKING.,1,"Same intake leak, but the specified cylinder set conflicts (2,4 versus 2,3).",103544,4,structure,Replace,REPLACED #3 GASKET.,Replace,L/H ENG #2 & 3 INTAKES ARE LEAKING.,EC-410f2059a575ccfa,LG-4285908bb8f7434c,1.0,1,"Correct intake-gasket action, but it covers only part of the compound query."
MR-8d85ee2285a2b4f1,103373,"R/H FWD BAFFLE, #1 CYL SIDE, HAS A CRACK.","ENGINE BAFFLE CRACKED, AFT OF #3 CYL, L/H ENG.",1,"Same baffle crack, but engine side conflicts (right versus left).",103466,1,structure,Repair,STOP DRILLED CRACKS.,Other,"ENGINE BAFFLE CRACKED, AFT OF #3 CYL, L/H ENG.",EC-692eb7db91827901,LG-692eb7db91827901,1.0,2,Historical action directly addresses the same maintenance condition; slot/location differences are transferable.
MR-b4f0b9277182b134,104582,#2 LOWER INTAKE CLAMP LOOSE.,R/H ENGINE #3 AFT BAFFLE SEAL IS LOOSE.,0,Different core problems: intake clamp loose versus baffle seal defect.,100058,4,structure,Adjust,SECURED BAFFLE SEAL.,Adjust,R/H ENGINE #3 AFT BAFFLE SEAL IS LOOSE.,EC-3c8664cb6096a485,LG-37ac3da11bdb9f3b,0.6,0,
MR-ec1ede12eda5b091,103943,ALL ROCKER COVER SCREWS LOOSE.,#2 & 4 CYL ROCKER COVER SCREWS ARE LOOSE.,1,"Same loose rocker-cover screws, but all cylinders versus only cylinders 2 and 4 is a material scope mismatch.",101923,1,structure,Adjust,TIGHTENED SCREWS.,Adjust,#2 & 4 CYL ROCKER COVER SCREWS ARE LOOSE.,EC-0da31f24efe47fb5,LG-0da31f24efe47fb5,1.0,1,"Tightening cylinders 2 and 4 is relevant, but it covers only part of the query for all rocker-cover screws."
MR-36aeb633f51bf156,103656,OIL COOLERS DIRTY.,SNIFFLER VALVES DIRTY.,0,Different core problems: oil-cooler contamination versus contamination.,102715,4,structure,Service,CLEANED VALVES.,Service,SNIFFLER VALVES DIRTY.,EC-1243a6854d2a786a,LG-5027701bd7fa9f57,0.6,0,
MR-19aa0b24b0a7c070,100568,ENGINE BAFFLE PLUG TABS BROKEN.,R/H ENGINE BAFFLE PLUG BROKEN.,2,"Same core problem; engine side is stated on only one side, without contradiction.",101009,3,structure,Replace,INSTALLED NEW BAFFLE PLUG.,Replace,R/H ENGINE BAFFLE PLUG BROKEN.,EC-4f4b2505bd6b2b3d,LG-4f4b2505bd6b2b3d,0.8666666666666667,2,Historical action directly addresses the same maintenance condition; slot/location differences are transferable.
MR-5f879c2821817cdb,101744,BAFFLE BUTTON PLUG IS WORN.,L/H BAFFLE BUTTON PLUG IS BROKEN.,1,"Same baffle-button plug, but the recorded condition conflicts: worn versus broken.",101765,1,structure,Replace,INSTALLED NEW PLUG.,Replace,L/H BAFFLE BUTTON PLUG IS BROKEN.,EC-af769821c80031f3,LG-af769821c80031f3,0.7000000000000001,2,Historical action directly addresses the same maintenance condition; slot/location differences are transferable.
MR-a2cfba38effb321f,100155,#2 ROCKER BOX COVER SCREWS LOOSE.,R/H ENGINE #3 AFT BAFFLE SEAL IS LOOSE.,0,Different core problems: rocker-cover loose screws versus baffle seal defect.,100058,4,structure,Adjust,SECURED BAFFLE SEAL.,Adjust,R/H ENGINE #3 AFT BAFFLE SEAL IS LOOSE.,EC-3c8664cb6096a485,LG-37ac3da11bdb9f3b,0.6,0,
MR-df744db05a262217,105157,L/H #4 ROCKER COVER GASKET LEAKS.,"CYL #4, 1 ROCKER COVER GASKET LEAKING.",1,"Same rocker-cover gasket defect, but the specified cylinder set conflicts (4 versus 1,4).",100930,5,structure,Replace,"REMOVED & REPLACED CYL #1, 4 ROCKER COVER GASKETS.",Replace,"CYL #4, 1 ROCKER COVER GASKET LEAKING.",EC-14f12b0e42697a3f,LG-608d782c2258dd59,1.0,2,Historical action directly addresses the same maintenance condition; slot/location differences are transferable.
MR-ba074341495fcb1b,105742,#4 CYL HAS LOW COMPRESSION.,CYL #2 COMPRESSION LOW. AIR NOTED & OBSERVED OUT OF EXHAUST.,1,"Same low cylinder compression, but the specified cylinder set conflicts (4 versus 2).",103039,4,structure,Diagnose,PERFORMED COMPRESSION ON #2 CYL AFTER RUN & NOTED 70/80,Other,CYL #2 COMPRESSION LOW. AIR NOTED & OBSERVED OUT OF EXHAUST.,EC-1c20dae9504b10d3,LG-1c20dae9504b10d3,1.0,1,"Relevant diagnostic/verification evidence, but no clear corrective resolution is recorded."
MR-5f6459e58eed32f9,101101,OIL LEAK EVIDENCE ON R/H SIDE OF ENGINE.,L/H SIIDE OF ENGINE CASE PLUG LEAKING OIL.,1,"Same engine oil leak, but engine side conflicts (right versus left).",104819,3,structure,Diagnose,"REMOVED PLUG, CLEANED THREAD. APPLIED NEW SEALANT & REI",Replace,L/H SIIDE OF ENGINE CASE PLUG LEAKING OIL.,EC-eaa4c696fe0b8124,LG-eaa4c696fe0b8124,1.0,1,Direct repair of one historical oil-leak source; the query does not establish that source.
MR-3272cc715076445e,102316,ENGINE AFT BAFFLE CYL #3 AREA HAS SHEARED RIVETS ON SUPPORT,"AFT BAFFLE, R/H SIDE OF ENGINE, HAS SHEARED RIVET.",2,"Same core problem; engine side and cylinder/location are stated on only one side, without contradiction.",104131,5,structure,Replace,"REMOVED BAFFLE, REPLACED RIVETS W/ SCREWS & REINSTALLED",Replace,"AFT BAFFLE, R/H SIDE OF ENGINE, HAS SHEARED RIVET.",EC-52660faef6522cc0,LG-52660faef6522cc0,0.7333333333333334,2,Historical action directly addresses the same maintenance condition; slot/location differences are transferable.
MR-c4576ad744b918a8,100623,ROCKER BOX COVER SCREWS LOOSE.,GROUNDING POINTS ON ENG & FIREWALL LOOSE.,0,Different core problems: rocker-cover loose screws versus loose hardware/component.,106091,4,structure,Adjust,TIGHTENED ALL BOLTS.,Adjust,GROUNDING POINTS ON ENG & FIREWALL LOOSE.,EC-25238a27175b7fcb,LG-25238a27175b7fcb,0.6,0,
MR-4736e6f16df8b365,100392,R/H #4 SIDE BAFFLE MISSING BOLTS.,HARDWARE MISSING FROM #3 BAFFLE.,1,"Same baffle missing hardware, but the specified cylinder set conflicts (4 versus 3).",105529,4,structure,Replace,INSTALLED NEW HARDWARE.,Replace,HARDWARE MISSING FROM #3 BAFFLE.,EC-56be22d517ace770,LG-c4711c42c3146697,0.8,2,Historical action directly addresses the same maintenance condition; slot/location differences are transferable.
MR-d29f7e1112c1284c,105940,2 & 4 INTAKES LEAKING.,"INTAKES 2, 3 & 4 LEAKING ON R/H ENGINE.",1,"Same intake leak, but the specified cylinder set conflicts (2,4 versus 2,3,4).",103495,5,structure,Replace,REPLACED INTAKE GASKETS ON R/H ENGINE.,Replace,"INTAKES 2, 3 & 4 LEAKING ON R/H ENGINE.",EC-acfd9a8357993041,LG-4285908bb8f7434c,1.0,2,Completed intake-gasket correction is directly transferable across cylinder slots.
MR-9f13b4bb2b0bc7f1,100081,#2 INTAKE LEAKS.,R/H ENG #4 INTAKE IS LEAKING.,1,"Same intake leak, but the specified cylinder set conflicts (2 versus 4).",103546,5,structure,Replace,"REPLACED GASKET, CLEANED AREA.",Replace,R/H ENG #4 INTAKE IS LEAKING.,EC-27a229aef66eeb4d,LG-4285908bb8f7434c,1.0,2,Completed intake-gasket correction is directly transferable across cylinder slots.
MR-f96df1b49ed6ae27,102381,L/H ENG #3 INDUCTION TUBE GASKET LEAKING.,R/H ENG #2 & 3 ROCKER GASKETS ARE LEAKING.,0,Different core problems: intake leak versus rocker-cover gasket defect.,102097,1,structure,Replace,"REMOVED & REPLACED ROCKER COVER GASKETS, R/H ENG.",Replace,R/H ENG #2 & 3 ROCKER GASKETS ARE LEAKING.,EC-53fb909aad596f14,LG-608d782c2258dd59,0.8,0,
MR-21c9cc28263fca4e,106106,L/H ENGINE #4 BAFFLE CRACKED.,CRACK IN R/H AFT ENGINE BAFFLE.,1,"Same baffle crack, but engine side conflicts (left versus right).",103856,1,structure,Replace,STOP DRILLED CRACK.,Other,CRACK IN R/H AFT ENGINE BAFFLE.,EC-95553a914876ef77,LG-95553a914876ef77,1.0,2,Historical action directly addresses the same maintenance condition; slot/location differences are transferable.
MR-457291e42f715a9e,103943,ALL ROCKER COVER SCREWS LOOSE.,ALL ROCKER COVER SCREWS LOOSE & 1 MISSING.,1,"Related maintenance area, but core problem differs: rocker-cover loose screws versus rocker-cover missing screw.",101788,2,structure,Adjust,REPLACED MISSING SCREW & TIGHTENED ALL SCREWS.,Replace,ALL ROCKER COVER SCREWS LOOSE & 1 MISSING.,EC-98d653f24f28595a,LG-98d653f24f28595a,1.0,2,Replacing the missing screw and tightening all screws fully addresses the loose-screw query.
MR-c3a120cf3ded5999,101898,#3 INDUCTION TUBE GASKET LEAKING.,L/H ENGINE #2 & 4 INTAKES LEAKING.,1,"Same intake leak, but the specified cylinder set conflicts (3 versus 2,4).",106085,5,structure,Replace,REPLACED GASKETS.,Replace,L/H ENGINE #2 & 4 INTAKES LEAKING.,EC-603b22dcdb952fe3,LG-4285908bb8f7434c,0.6,2,Completed intake-gasket correction is directly transferable across cylinder slots.
MR-276a49cbbd6ac873,102381,L/H ENG #3 INDUCTION TUBE GASKET LEAKING.,R/H ENG #3 INTAKE IS LEAKING.,1,"Same intake leak, but engine side conflicts (left versus right).",102067,3,structure,Replace,REPLACED INTAKE GASKET.,Replace,R/H ENG #3 INTAKE IS LEAKING.,EC-2c45d54fef43ee4a,LG-4285908bb8f7434c,0.8,2,Completed intake-gasket correction is directly transferable across cylinder slots.
MR-c3240fcb36f76fff,106156,BAFFLE PLUG DAMAGED.,LEFT BAFFLE PLUG IS WORN.,2,"Same core problem with compatible recorded component, defect, and context.",102052,5,structure,Replace,REPLACED PLUG.,Replace,LEFT BAFFLE PLUG IS WORN.,EC-3767509f417c1679,LG-724c9a4174167cf3,0.7000000000000001,2,Historical action directly addresses the same maintenance condition; slot/location differences are transferable.
MR-be76fb1104bb005a,104623,INSPECTED & FOUND CRANKSHAFT TO BE GOUGED BEHIND CRANKSHAFT,"#1, 2, & 6 COWL MOUNTS ARE TORN.",0,Different core problems: crankshaft gouge versus other.,100050,2,structure,Replace,REMOVED & REPLACED MOUNTS.,Replace,"#1, 2, & 6 COWL MOUNTS ARE TORN.",EC-1ea65f28aa4470e4,LG-1ea65f28aa4470e4,0.4875,0,
MR-62b53d5f1d3015e9,105610,#3 & 4 INTAKES LEAKING.,INTAKES 2 & 4 LEAKING ON R/H ENGINE.,1,"Same intake leak, but the specified cylinder set conflicts (3,4 versus 2,4).",106109,2,structure,Replace,CLINDERS NEED TO BE REPLACED. ,Replace,INTAKES 2 & 4 LEAKING ON R/H ENGINE.,EC-97caa6160c52c03f,LG-4285908bb8f7434c,1.0,0,Historical record is unresolved/recommendation-only rather than a completed useful action.
MR-5fd2304ceec94f49,100540,#1 INTAKE GASKET LEAKS.,#4 INTAKE GASKET IS LEAKING.,1,"Same intake leak, but the specified cylinder set conflicts (1 versus 4).",105211,2,structure,Replace,REPLACED GASKETS. LEAK CK GOOD.,Replace,#4 INTAKE GASKET IS LEAKING.,EC-0489f0dc14177ee4,LG-4285908bb8f7434c,1.0,2,Completed intake-gasket correction is directly transferable across cylinder slots.
MR-0916d306b175f4d3,103274,INTAKES #2 & 4 LEAKING.,L/H ENGINE #2 & 4 INTAKES LEAKING.,2,"Same core problem; engine side is stated on only one side, without contradiction.",106085,3,structure,Replace,REPLACED GASKETS.,Replace,L/H ENGINE #2 & 4 INTAKES LEAKING.,EC-603b22dcdb952fe3,LG-4285908bb8f7434c,1.0,2,Completed intake-gasket correction is directly transferable across cylinder slots.
MR-ca11e5f38a081386,101698,#4 INTAKE TUBE LOOSE.,#2 CYL INTAKE TUBE BOLT BROKEN.,1,"Same component area, but defect differs: loose versus broken.",105887,5,structure,Replace,REMOVED BROKEN BOLT.,Other,#2 CYL INTAKE TUBE BOLT BROKEN.,EC-4113d9299fe0c160,LG-4113d9299fe0c160,0.7000000000000001,1,"Removing a broken intake-tube bolt is a relevant intermediate repair step, but it does not show the tube finally secured."
MR-2eca0dd7dde470e6,104264,#3 & 4 INTAKES LEAKING.,"INTAKES 2, 3 & 4 LEAKING ON R/H ENGINE.",1,"Same intake leak, but the specified cylinder set conflicts (3,4 versus 2,3,4).",103495,5,structure,Replace,REPLACED INTAKE GASKETS ON R/H ENGINE.,Replace,"INTAKES 2, 3 & 4 LEAKING ON R/H ENGINE.",EC-acfd9a8357993041,LG-4285908bb8f7434c,1.0,2,Completed intake-gasket correction is directly transferable across cylinder slots.
MR-9844bd23e6130aaa,105157,L/H #4 ROCKER COVER GASKET LEAKS.,#2 ROCKER COVER GASKET LEAKING.,1,"Same rocker-cover gasket defect, but the specified cylinder set conflicts (4 versus 2).",105474,1,structure,Replace,REMOVED & REPLACED GASKET.,Replace,#2 ROCKER COVER GASKET LEAKING.,EC-8828e17d0b33db57,LG-608d782c2258dd59,1.0,2,Historical action directly addresses the same maintenance condition; slot/location differences are transferable.
MR-217ee2f8b02a34ec,103074,"R/H ENGINE FOAM SEAL LOOSE ON BULKHEAD, BEHIND ENGINE INLET",R/H REAR ENGINE BAFFLE MOUNTING SCREW LOOSE.,1,"Related maintenance area, but core problem differs: cowl/engine seal loose versus loose hardware/component.",102019,2,structure,Adjust,TIGHTENED SCREW.,Adjust,R/H REAR ENGINE BAFFLE MOUNTING SCREW LOOSE.,EC-aee493e1093fbaa4,LG-b1f33e2c59b03e11,0.68,0,Historical action addresses different baffle hardware rather than the queried foam/cowl seal.
MR-9ae525c2e9513705,100636,R/H ENGINE #3 INDUCTION TUBE GASKET LEAKING.,R/H ENGINE CYL #3 INTAKE GASKET LEAKING.,2,"Same core problem with compatible recorded component, defect, and context.",105908,3,structure,Replace,INSTALLED NEW GASKET.,Replace,R/H ENGINE CYL #3 INTAKE GASKET LEAKING.,EC-3db270d60609eb26,LG-4285908bb8f7434c,0.8,2,Completed intake-gasket correction is directly transferable across cylinder slots.
MR-b656bff4ac5dd9ac,103758,"L/H ENG, L/H FWD BAFFLE SEAL IS LOOSE.",R/H ENG #2 CYL BAFFLE SEAL LOOSE.,1,"Same baffle seal defect, but engine side conflicts (left versus right).",105041,2,structure,Adjust,TIGHTENED RIVETS ON SEAL.,Adjust,R/H ENG #2 CYL BAFFLE SEAL LOOSE.,EC-ca0a52974b6e29eb,LG-37ac3da11bdb9f3b,1.0,2,Historical action directly addresses the same maintenance condition; slot/location differences are transferable.
MR-9c2295fbb5f65b0d,103074,"R/H ENGINE FOAM SEAL LOOSE ON BULKHEAD, BEHIND ENGINE INLET",#4 BAFFLE HAS LOOSE HARDWARE ON R/H ENGINE.,1,"Related maintenance area, but core problem differs: cowl/engine seal loose versus loose hardware/component.",103574,1,structure,Adjust,TIGHTENED HARDWARE.,Adjust,#4 BAFFLE HAS LOOSE HARDWARE ON R/H ENGINE.,EC-a3d64e54c0afd186,LG-a3d64e54c0afd186,0.68,0,Historical action addresses different baffle hardware rather than the queried foam/cowl seal.
MR-d72ae8e4deb92880,104515,#2 & 1 INTAKES LEAKING.,"INTAKES 2, 3 & 4 LEAKING ON L/H ENGINE.",1,"Same intake leak, but the specified cylinder set conflicts (1,2 versus 2,3,4).",106105,1,structure,Replace,REMOVED & REPLACED W/ NEW GASKETS.,Replace,"INTAKES 2, 3 & 4 LEAKING ON L/H ENGINE.",EC-f4c4e83928513c1e,LG-4285908bb8f7434c,1.0,2,Completed intake-gasket correction is directly transferable across cylinder slots.
MR-94a5f1da799ec387,103796,1 BAFFLE BUTTON WORN.,R/H ENGINE #1 CYL EXHAUST ROCKER WORN ON SHAFT.,0,Different core problems: baffle plug defect versus wear.,106133,3,structure,Replace,REPLACED W/ NEW ROCKER & ROCKER SHAFT. TAPPET CLEARANCE,Replace,R/H ENGINE #1 CYL EXHAUST ROCKER WORN ON SHAFT.,EC-add2db677f24d601,LG-add2db677f24d601,0.6,0,
MR-11ba17258f7383bd,100515,#3 ROCKER COVER GASKET IS TORN.,ROCKER COVER GASKET FROM #3 CYLINDER TORN.,2,"Same core problem with compatible recorded component, defect, and context.",101394,1,structure,Replace,REMOVED & REPLACED W/ NEW GASKET.,Replace,ROCKER COVER GASKET FROM #3 CYLINDER TORN.,EC-bad14c20a04ea31b,LG-bad14c20a04ea31b,1.0,2,Historical action directly addresses the same maintenance condition; slot/location differences are transferable.
MR-132a4d0f9fbae7c9,101458,#3 CYLINDER ON R/H ENGINE HAS LOW COMPRESSION.,"ENGINE RUNNING ROUGH, #2 CYL EGT LOW.",0,Different core problems: low cylinder compression versus other.,103112,3,structure,Diagnose,"RAN A/C, OPS CK GOOD. BORESCOPED CYLINDER, NO DEFECTS F",Inspect,"ENGINE RUNNING ROUGH, #2 CYL EGT LOW.",EC-0bc17fa72642b58e,LG-0bc17fa72642b58e,0.8,0,
MR-2fd8e002f177c3d8,105306,#2 & 4 INTAKES LEAKING.,L/H ENGINE #2 & 4 INTAKES LEAKING.,2,"Same core problem; engine side is stated on only one side, without contradiction.",106085,3,structure,Replace,REPLACED GASKETS.,Replace,L/H ENGINE #2 & 4 INTAKES LEAKING.,EC-603b22dcdb952fe3,LG-4285908bb8f7434c,1.0,2,Completed intake-gasket correction is directly transferable across cylinder slots.
MR-7d414807e827883d,103145,INTAKES #1 & 2 LEAKING.,L/H ENGINE #2 & 4 INTAKES LEAKING.,1,"Same intake leak, but the specified cylinder set conflicts (1,2 versus 2,4).",106085,3,structure,Replace,REPLACED GASKETS.,Replace,L/H ENGINE #2 & 4 INTAKES LEAKING.,EC-603b22dcdb952fe3,LG-4285908bb8f7434c,1.0,2,Completed intake-gasket correction is directly transferable across cylinder slots.
MR-3c2cebfa6d6c4400,100568,ENGINE BAFFLE PLUG TABS BROKEN.,L/H SIDE BAFFLE PLUG HAS BROKEN TABS.,2,"Same core problem; engine side is stated on only one side, without contradiction.",104019,1,structure,Replace,REPLACED W/ NEW BAFFLE PLUG.,Replace,L/H SIDE BAFFLE PLUG HAS BROKEN TABS.,EC-559cb42b0414cba8,LG-559cb42b0414cba8,0.8666666666666667,2,Historical action directly addresses the same maintenance condition; slot/location differences are transferable.
MR-580ad08f37f85dd2,104677,BLACK FWD COWL (ENG) SEAL WORN BY INTAKE FILTER.,ENG FWD SEAL (BLACK) WORN SPOTS AT AIR INLET.,2,"Same core problem with compatible recorded component, defect, and context.",104003,5,structure,Service,APPLIED RTV TO AREAS.,Other,ENG FWD SEAL (BLACK) WORN SPOTS AT AIR INLET.,EC-af4a475de6763aaf,LG-af4a475de6763aaf,0.7647058823529412,2,RTV repair directly treats the same worn forward black engine/cowl seal.
MR-93bac668d05752d7,100629,#2 INTAKE GASKET LEAKS.,"R/H ENGINE, CYL #3 INTAKE GASKET IS LEAKING.",1,"Same intake leak, but the specified cylinder set conflicts (2 versus 3).",100983,3,structure,Replace,REMOVED & REPLACED INTAKE GASKET W/ NEW.,Replace,"R/H ENGINE, CYL #3 INTAKE GASKET IS LEAKING.",EC-210c1450cc1c0575,LG-4285908bb8f7434c,1.0,2,Completed intake-gasket correction is directly transferable across cylinder slots.
MR-af203eca0f3bc3cb,104219,BOTH OIL COOLERS DIRTY.,SNIFFLE VALVES DIRTY.,0,Different core problems: oil-cooler contamination versus contamination.,102430,2,structure,Service,CLEANED BOTH SNIFFLE VALVES.,Service,SNIFFLE VALVES DIRTY.,EC-a46541eb13c3062b,LG-5027701bd7fa9f57,0.6,0,
MR-7f7a5319d10f38ad,106168,"DURING RUN UP, #2 CYL WAS COLD & ENGINE SHOCK VIOLENTLY (ENG",R/H ENGINE #1 CYL EXHAUST ROCKER WORN ON SHAFT.,0,Different core problems: engine rough/cold cylinder versus wear.,106133,4,structure,Diagnose,REPLACED W/ NEW ROCKER & ROCKER SHAFT. TAPPET CLEARANCE,Replace,R/H ENGINE #1 CYL EXHAUST ROCKER WORN ON SHAFT.,EC-add2db677f24d601,LG-add2db677f24d601,0.5366666666666666,0,
MR-2368a23aa2f2e9bb,101238,#2 & 4 INTAKES ARE LEAKING.,"INTAKES 2, 3 & 4 LEAKING ON R/H ENGINE.",1,"Same intake leak, but the specified cylinder set conflicts (2,4 versus 2,3,4).",103495,5,structure,Replace,REPLACED INTAKE GASKETS ON R/H ENGINE.,Replace,"INTAKES 2, 3 & 4 LEAKING ON R/H ENGINE.",EC-acfd9a8357993041,LG-4285908bb8f7434c,1.0,2,Completed intake-gasket correction is directly transferable across cylinder slots.
MR-d89a1addc88ba34c,103758,"L/H ENG, L/H FWD BAFFLE SEAL IS LOOSE.",BAFFLE SEAL LOOSE ON R/H ENG #1 SIDE BAFFLE.,1,"Same baffle seal defect, but engine side conflicts (left versus right).",101555,5,structure,Adjust,SECURED BAFFLE SEAL BACK ON ENGINE BAFFLE.,Adjust,BAFFLE SEAL LOOSE ON R/H ENG #1 SIDE BAFFLE.,EC-f43c0610e02a2101,LG-f43c0610e02a2101,1.0,2,Historical action directly addresses the same maintenance condition; slot/location differences are transferable.
MR-06e70e4e97aeaeda,105742,#4 CYL HAS LOW COMPRESSION.,CYL #3 HAD LOW COMPRESSION (50/80).,1,"Same low cylinder compression, but the specified cylinder set conflicts (4 versus 3).",102946,5,structure,Diagnose,"STAKED VALVE, COMPRESSION CK'ED GOOD (72).",Other,CYL #3 HAD LOW COMPRESSION (50/80).,EC-23cc179871166178,LG-23cc179871166178,1.0,2,Historical action directly addresses the same maintenance condition; slot/location differences are transferable.
MR-47f4c6064e70f04f,105048,#2 & 4 INTAKES LEAKING.,L/H ENGINE #2 & 4 INTAKES LEAKING.,2,"Same core problem; engine side is stated on only one side, without contradiction.",106085,3,structure,Replace,REPLACED GASKETS.,Replace,L/H ENGINE #2 & 4 INTAKES LEAKING.,EC-603b22dcdb952fe3,LG-4285908bb8f7434c,1.0,2,Completed intake-gasket correction is directly transferable across cylinder slots.
MR-fe9131d77a7cb27b,104677,BLACK FWD COWL (ENG) SEAL WORN BY INTAKE FILTER.,"FWD ENG SEAL WORN ABOVE VACUUM PUMP, R/H SIDE.",1,"Same worn forward engine seal, but intake-filter versus vacuum-pump location is a material mismatch.",104321,4,structure,Service,SEALED AREA W/ RTV.,Service,"FWD ENG SEAL WORN ABOVE VACUUM PUMP, R/H SIDE.",EC-5fa183089ebf6a27,LG-5fa183089ebf6a27,0.7647058823529412,2,RTV sealing directly treats the same worn forward engine seal; location variation is transferable.
MR-166b3077daedd5c0,105029,#1 FWD BAFFLE SEAL LOOSE.,"AFT BAFFLE SEAL LOOSE, R/H SIDE.",1,"Same baffle seal defect, but the specified location conflicts (front versus aft).",101637,1,structure,Adjust,RESECURED BAFFLE SEAL.,Adjust,"AFT BAFFLE SEAL LOOSE, R/H SIDE.",EC-c641c866210f3175,LG-c641c866210f3175,1.0,2,Historical action directly addresses the same maintenance condition; slot/location differences are transferable.
MR-303660abc56a73ca,100848,OIL COOLER HOSE REQUIRES REPOSITIONING.,L/H ENG OIL COOLER HOSE IS POSITIONED TOO CLOSE TO OIL FILTE,2,"Same core problem; engine side is stated on only one side, without contradiction.",104185,1,structure,Adjust,LEAK CK GOOD.,Other,L/H ENG OIL COOLER HOSE IS POSITIONED TOO CLOSE TO OIL FILTE,EC-8e6616a5b41919e4,LG-8e6616a5b41919e4,1.0,1,"Relevant diagnostic/verification evidence, but no clear corrective resolution is recorded."
MR-c5092d155552ab79,105048,#2 & 4 INTAKES LEAKING.,L/H ENG #2 & 3 INTAKES ARE LEAKING.,1,"Same intake leak, but the specified cylinder set conflicts (2,4 versus 2,3).",103544,4,structure,Replace,REPLACED #3 GASKET.,Replace,L/H ENG #2 & 3 INTAKES ARE LEAKING.,EC-410f2059a575ccfa,LG-4285908bb8f7434c,1.0,1,"Correct intake-gasket action, but it covers only part of the compound query."
MR-cde87041a2bb28d4,100772,L/H ENG #3 INDUCTION TUBE GASKET LEAKING.,"#2 & 4 INTAKE GASKETS ARE LEAKING, L/H ENG.",1,"Same intake leak, but the specified cylinder set conflicts (3 versus 2,4).",102095,5,structure,Replace,"REMOVED & REPLACED INTAKE GASKETS, L/H ENG.",Replace,"#2 & 4 INTAKE GASKETS ARE LEAKING, L/H ENG.",EC-f5a1525fecba6315,LG-f5a1525fecba6315,0.8,2,Completed intake-gasket correction is directly transferable across cylinder slots.
MR-52c02d213a65f946,101238,#2 & 4 INTAKES ARE LEAKING.,"INTAKES 2, 3 & 4 LEAKING ON L/H ENGINE.",1,"Same intake leak, but the specified cylinder set conflicts (2,4 versus 2,3,4).",106105,1,structure,Replace,REMOVED & REPLACED W/ NEW GASKETS.,Replace,"INTAKES 2, 3 & 4 LEAKING ON L/H ENGINE.",EC-f4c4e83928513c1e,LG-4285908bb8f7434c,1.0,2,Completed intake-gasket correction is directly transferable across cylinder slots.
MR-03f229f9e4fbe797,101930,#1 CYL HAS LOW COMPRESSION.,LOW COMPRESSION ON CYL #3 (55).,1,"Same low cylinder compression, but the specified cylinder set conflicts (1 versus 3).",106054,1,structure,Service,"REMOVED CYL, FOUND TO BE BURNT EXHAUST VALVE. INSTALLED",Replace,LOW COMPRESSION ON CYL #3 (55).,EC-cf86233bacf1baeb,LG-cf86233bacf1baeb,1.0,2,Cylinder removal and replacement for a burnt exhaust valve is direct corrective evidence for low compression.
MR-c6622e0977c1ab2d,100772,L/H ENG #3 INDUCTION TUBE GASKET LEAKING.,R/H ENG #2 & 3 ROCKER GASKETS ARE LEAKING.,0,Different core problems: intake leak versus rocker-cover gasket defect.,102097,1,structure,Replace,"REMOVED & REPLACED ROCKER COVER GASKETS, R/H ENG.",Replace,R/H ENG #2 & 3 ROCKER GASKETS ARE LEAKING.,EC-53fb909aad596f14,LG-608d782c2258dd59,0.8,0,
MR-96c0154e6a977d1d,101430,ENGINE OVER RIDE SPEED WAS 1225 RPM.,"ON START UP, ENGINE BEGAN TO RUN ROUGH. RAN ENGINE @ 1200 RP",0,Different core problems: idle override speed versus other.,100028,3,structure,Diagnose,"INSPECTED CYL 1, 2 & 4 IAW  - CK'ED OK. REMOVED",Inspect,"ON START UP, ENGINE BEGAN TO RUN ROUGH. RAN ENGINE @ 1200 RP",EC-12a261bf5b914533,LG-12a261bf5b914533,1.0,0,
MR-0ff5426534aa9422,104621,INSPECTED & FOUND CRANKSHAFT TO BE GOUGED BEHIND CRANKSHAFT,ADEL CLAMP TORN BY R/H ENGINE MOUNT.,0,Different core problems: crankshaft gouge versus other.,101547,3,structure,Replace,REMOVED & REPLACED CLAMP.,Replace,ADEL CLAMP TORN BY R/H ENGINE MOUNT.,EC-1a6bd113dca0ef16,LG-1a6bd113dca0ef16,0.4875,0,
MR-2b0a6fc1611e7689,101101,OIL LEAK EVIDENCE ON R/H SIDE OF ENGINE.,R/H ENGINE LIFTING EYE BOLT LEAKING OIL.,2,"Same core problem with compatible recorded component, defect, and context.",101886,2,structure,Diagnose,"REMOVED BOLT, CLEAN & SEALANT APPLIED. REASSEMBLED.",Service,R/H ENGINE LIFTING EYE BOLT LEAKING OIL.,EC-5742c355d593ccac,LG-5742c355d593ccac,1.0,1,Direct repair of one historical oil-leak source; the query does not establish that source.
MR-5dc2e0573ff3bf35,100112,L/H ENGINE #4 AFT BAFFLE CRACKED IN MULTIPLE PLACES.,"L/H ENGINE, ENGINE BAFFLE CRACKED AT OIL COOLER.",1,"Same cracked L/H engine baffle, but cylinder-4 aft versus oil-cooler location differs materially.",104508,3,structure,Replace,STOP DRILLED CRACK.,Other,"L/H ENGINE, ENGINE BAFFLE CRACKED AT OIL COOLER.",EC-8b145591b7aa4dcd,LG-486dfcf538c059ba,1.0,2,Historical action directly addresses the same maintenance condition; slot/location differences are transferable.
MR-0833e21aca3cfb18,101598,CYL #2 & 3 INTAKES ARE LEAKING.,"CYL #1 & 3 INTAKES ARE LEAKING, L/H ENG.",1,"Same intake leak, but the specified cylinder set conflicts (2,3 versus 1,3).",100713,4,structure,Replace,REPLACED INTAKE GASKETS.,Replace,"CYL #1 & 3 INTAKES ARE LEAKING, L/H ENG.",EC-e49175a006efcae1,LG-e49175a006efcae1,1.0,2,Completed intake-gasket correction is directly transferable across cylinder slots.
MR-a59874cea0ba56a9,104031,#4 AFT BAFFLE CRACKED.,#2 FWD BAFFLE CRACKED BEYOND STOP DRILL.,1,"Same baffle crack, but the specified cylinder set conflicts (4 versus 2).",101657,4,structure,Replace,"STOP DRILLED CRACK, FABRICATED PATCH OF LIKE MATERIAL &",Repair,#2 FWD BAFFLE CRACKED BEYOND STOP DRILL.,EC-1ec9daff36264cd8,LG-1ec9daff36264cd8,1.0,2,Historical action directly addresses the same maintenance condition; slot/location differences are transferable.
MR-5adfee247ed06144,101980,"R/H ENG #2, 3 & 4 ROCKER BOX COVERS LEAKING.",L/H ENG #3 ROCKER COVER IS LEAKING.,1,"Same rocker-cover gasket defect, but engine side conflicts (right versus left).",102068,2,structure,Replace,REPLACED ROCKER COVER GASKET.,Replace,L/H ENG #3 ROCKER COVER IS LEAKING.,EC-4f854674f99caf68,LG-608d782c2258dd59,0.8,1,"Action is relevant to the same problem class, but the recorded target or completion is not sufficiently explicit for a strong label."
MR-337d96636391b21d,102624,COWL SEAL BY #2 CYL NEEDS TO BE REATTCHED TO BAFFLING.,#1 CYL BAFFLING HAS A CRACK.,1,"Related maintenance area, but core problem differs: baffle seal defect versus baffle crack.",104018,5,structure,Replace,STOP DRILLED CRACK.,Other,#1 CYL BAFFLING HAS A CRACK.,EC-19a76e12dbb5990d,LG-ba7217e25eae07fa,0.6666666666666665,0,Historical action addresses a different component/fault or provides no meaningful action for the query.
MR-48d0ee61681b3785,100264,#3 INTAKE LEAKING AT CLAMP.,"#3 INTAKE LEAKING ON L/H ENGINE, ALONG W/ #2.",1,"Same intake leak, but the specified cylinder set conflicts (3 versus 2,3).",101967,5,structure,Adjust,REMOVED & REPLACED #2 & 3 INTAKE GASKETS.,Replace,"#3 INTAKE LEAKING ON L/H ENGINE, ALONG W/ #2.",EC-0575a184c21e9bca,LG-0575a184c21e9bca,0.8,1,"Intake-gasket replacement is relevant leak evidence, but the query explicitly locates the leak at the clamp, which may require a different correction."
MR-9eacc512ed3b06ee,104702,L/H ENG #2 CYL HAS LOW COMPRESSION.,R/H ENG #4 CYL HAS LOW COMPRESSION (20/80 PSI).,1,"Same low cylinder compression, but engine side conflicts (left versus right).",101232,2,structure,Replace,REMOVED & REPLACED #4 CYLINDER IAW DIRECT DRIVE OVERHAU,Replace,R/H ENG #4 CYL HAS LOW COMPRESSION (20/80 PSI).,EC-2317a87a175cc056,LG-2317a87a175cc056,1.0,2,Historical action directly addresses the same maintenance condition; slot/location differences are transferable.
MR-1c90c94bf0938ae6,105590,EVIDENCE OF CARB FIRE ON L/H CARB AIRBOX.,"OIL PRESENT ON ENGINE, R/H SIDE. OIL SPRAYED BELOW & AFT.",0,Different core problems: carb-airbox fire versus engine oil leak.,103078,4,structure,Inspect,FOUND #4 ROCKER COVER GASKET LEAKING. REMOVED & REPLACE,Replace,"OIL PRESENT ON ENGINE, R/H SIDE. OIL SPRAYED BELOW & AFT.",EC-b518e0e386e0f8aa,LG-b518e0e386e0f8aa,0.4285714285714285,0,
MR-d009253f83ff7223,100392,R/H #4 SIDE BAFFLE MISSING BOLTS.,"R/H ENG #3 CYL SIDE BAFFLE, BOTH BOLTS MISSING.",1,"Same baffle missing hardware, but the specified cylinder set conflicts (4 versus 3).",100969,1,structure,Replace,INSTALLED NEW BOLTS & WASHERS.,Replace,"R/H ENG #3 CYL SIDE BAFFLE, BOTH BOLTS MISSING.",EC-469b51ace54e7da7,LG-469b51ace54e7da7,1.0,2,Historical action directly addresses the same maintenance condition; slot/location differences are transferable.
MR-f186eeeaf8724837,103796,1 BAFFLE BUTTON WORN.,L/H ENG SNIFFLER VALVE HOSE ADEL CLAMP RUBBER IS WORN OUT.,0,Different core problems: baffle plug defect versus wear.,101539,5,structure,Replace,REMOVED & REPLACED ADEL CLAMP.,Replace,L/H ENG SNIFFLER VALVE HOSE ADEL CLAMP RUBBER IS WORN OUT.,EC-4cf5469589665b0e,LG-4cf5469589665b0e,0.6,0,
MR-91ad3c2761e74da1,100006,ROCKER BOX COVER SCREWS LOOSE (ALL CYL).,CYL #1 & 3 SIDE BAFFLE BOLT IS LOOSE.,0,Different core problems: rocker-cover loose screws versus loose hardware/component.,102090,1,structure,Adjust,TIGHTENED LOOSE BOLT & RESAFETIED.,Adjust,CYL #1 & 3 SIDE BAFFLE BOLT IS LOOSE.,EC-b3dc7d1a0ccfbfef,LG-b3dc7d1a0ccfbfef,0.8,0,
MR-3d75ab1bce003b93,100991,#2 INDUCTION TUBE GASKET LEAKING.,L/H ENGINE #2 & 4 INTAKES LEAKING.,1,"Same intake leak, but the specified cylinder set conflicts (2 versus 2,4).",106085,5,structure,Replace,REPLACED GASKETS.,Replace,L/H ENGINE #2 & 4 INTAKES LEAKING.,EC-603b22dcdb952fe3,LG-4285908bb8f7434c,0.6,2,Completed intake-gasket correction is directly transferable across cylinder slots.
MR-470ad8f0245396e2,100155,#2 ROCKER BOX COVER SCREWS LOOSE.,L/H UPPER BAFFLE LOOSE ABOVE #2 CYLINDER.,0,Different core problems: rocker-cover loose screws versus loose hardware/component.,106069,3,structure,Adjust,SECURED W/ RIVET.,Adjust,L/H UPPER BAFFLE LOOSE ABOVE #2 CYLINDER.,EC-61ff32fbd08b7d20,LG-61ff32fbd08b7d20,0.6,0,
MR-e5b897ddca3a5ee8,105610,#3 & 4 INTAKES LEAKING.,"INTAKES 2, 3 & 4 LEAKING ON R/H ENGINE.",1,"Same intake leak, but the specified cylinder set conflicts (3,4 versus 2,3,4).",103495,5,structure,Replace,REPLACED INTAKE GASKETS ON R/H ENGINE.,Replace,"INTAKES 2, 3 & 4 LEAKING ON R/H ENGINE.",EC-acfd9a8357993041,LG-4285908bb8f7434c,1.0,2,Completed intake-gasket correction is directly transferable across cylinder slots.
MR-4c5920af135286b6,101116,"L/H ENG, #4 INDUCTION TUBE GASKET LEAKING.",L/H ENG #3 INTAKE IS LEAKING.,1,"Same intake leak, but the specified cylinder set conflicts (4 versus 3).",102066,4,structure,Replace,REPLACED INTAKE GASKET.,Replace,L/H ENG #3 INTAKE IS LEAKING.,EC-bfd9242b8bd9a1f8,LG-4285908bb8f7434c,0.8,2,Completed intake-gasket correction is directly transferable across cylinder slots.
MR-189f92435e66943d,101698,#4 INTAKE TUBE LOOSE.,CYL #1 INTAKE TUBE IS LOOSE.,1,"Same intake tube loose/damaged, but the specified cylinder set conflicts (4 versus 1).",101583,1,structure,Replace,"REPLACED INTAKE GASKETS FOR CYL #1, INTAKE IS SECURE.",Replace,CYL #1 INTAKE TUBE IS LOOSE.,EC-ef6c0578e53f224f,LG-ef6c0578e53f224f,1.0,2,Historical action directly addresses the same maintenance condition; slot/location differences are transferable.
MR-2f6af32e9573f04b,105178,#1 ROCKER COVER GASKET LEAKS.,#2 ROCKER COVER GASKET LEAKING.,1,"Same rocker-cover gasket defect, but the specified cylinder set conflicts (1 versus 2).",105474,1,structure,Replace,REMOVED & REPLACED GASKET.,Replace,#2 ROCKER COVER GASKET LEAKING.,EC-8828e17d0b33db57,LG-608d782c2258dd59,1.0,2,Historical action directly addresses the same maintenance condition; slot/location differences are transferable.
MR-57d7cce45ba762e9,105116,"R/H BAFFLE SEAL, BY #2 CYL, TORN.",R/H ENGINE #1 CYL SIDE BAFFLE SEAL IS TORN.,1,"Same baffle seal defect, but the specified cylinder set conflicts (2 versus 1).",100337,1,structure,Replace,REMOVED & REPLACED SEAL.,Replace,R/H ENGINE #1 CYL SIDE BAFFLE SEAL IS TORN.,EC-f9c8b52d86053197,LG-f9c8b52d86053197,1.0,2,Replacing the torn baffle seal directly addresses the same condition; cylinder position is transferable.
MR-fedffbc0cc09de69,103373,"R/H FWD BAFFLE, #1 CYL SIDE, HAS A CRACK.",SMALL CRACK NOTED BY BOLT ON #1 CYL BAFFLE OF R/H ENGINE.,2,"Same core problem; position is stated on only one side, without contradiction.",104043,3,structure,Repair,STOP DRILLED CRACK.,Other,SMALL CRACK NOTED BY BOLT ON #1 CYL BAFFLE OF R/H ENGINE.,EC-8bda878188da6176,LG-8bda878188da6176,1.0,2,Historical action directly addresses the same maintenance condition; slot/location differences are transferable.
MR-fea1675d88189585,102604,#4 INTAKE LEAKS.,#3 & 4 INTAKE LEAKING ON R/H ENGINE.,1,"Same intake leak, but the specified cylinder set conflicts (4 versus 3,4).",103542,3,structure,Replace,REMOVED & REPLACED INTAKE GASKETS.,Replace,#3 & 4 INTAKE LEAKING ON R/H ENGINE.,EC-357cf40c09ae6313,LG-4285908bb8f7434c,1.0,2,Completed intake-gasket correction is directly transferable across cylinder slots.
MR-12d683176ac182ca,101264,CYL #3 ROCKER COVER IS MISSING A SCREW.,SCREW MISSING FROM CYL #2 FWD BAFFLE.,0,Different core problems: rocker-cover missing screw versus baffle missing hardware.,103966,5,structure,Replace,INSTALLED NEW SCREW.,Replace,SCREW MISSING FROM CYL #2 FWD BAFFLE.,EC-c07c5b357fd92c81,LG-c07c5b357fd92c81,0.8666666666666667,0,
MR-5340ac178f90257c,100264,#3 INTAKE LEAKING AT CLAMP.,#3 INTAKE LEAKING ON R/H ENGINE.,2,"Same core problem; engine side is stated on only one side, without contradiction.",106104,1,structure,Adjust,REMOVED & REPLACED INTAKE GASKET.,Replace,#3 INTAKE LEAKING ON R/H ENGINE.,EC-e8bee9035a1deeb3,LG-4285908bb8f7434c,0.8,1,"Intake-gasket replacement is relevant leak evidence, but the query explicitly locates the leak at the clamp, which may require a different correction."
MR-28726fe1c4593cf3,104623,INSPECTED & FOUND CRANKSHAFT TO BE GOUGED BEHIND CRANKSHAFT,CRANKSHAFT FRONT SEAL NEEDS TO BE REPLACED.,1,"Related maintenance area, but core problem differs: crankshaft gouge versus crankshaft seal.",105982,1,structure,Replace,LEAK CK GOOD.,Other,CRANKSHAFT FRONT SEAL NEEDS TO BE REPLACED.,EC-be748391c5b6ecbd,LG-be748391c5b6ecbd,0.5874999999999999,0,Leak checking a crankshaft seal does not address the queried crankshaft gouge.
MR-be8492cbe7b2ce1d,103087,#2 & 4 INTAKES LEAKING.,"INTAKES 2, 3 & 4 LEAKING ON R/H ENGINE.",1,"Same intake leak, but the specified cylinder set conflicts (2,4 versus 2,3,4).",103495,5,structure,Replace,REPLACED INTAKE GASKETS ON R/H ENGINE.,Replace,"INTAKES 2, 3 & 4 LEAKING ON R/H ENGINE.",EC-acfd9a8357993041,LG-4285908bb8f7434c,1.0,2,Completed intake-gasket correction is directly transferable across cylinder slots.
MR-92f44063a7b8a922,105286,#1 & 4 INTAKES LEAKING.,INTAKES 2 & 4 LEAKING ON R/H ENGINE.,1,"Same intake leak, but the specified cylinder set conflicts (1,4 versus 2,4).",106109,2,structure,Replace,CLINDERS NEED TO BE REPLACED. ,Replace,INTAKES 2 & 4 LEAKING ON R/H ENGINE.,EC-97caa6160c52c03f,LG-4285908bb8f7434c,1.0,0,Historical record is unresolved/recommendation-only rather than a completed useful action.
MR-3313d73e6515b653,100081,#2 INTAKE LEAKS.,"R/H ENGINE #4 INTAKE LEAKING, AND #3 INTAKE.",1,"Same intake leak, but the specified cylinder set conflicts (2 versus 3,4).",106086,2,structure,Replace,REPLACED GASKET.,Replace,"R/H ENGINE #4 INTAKE LEAKING, AND #3 INTAKE.",EC-3fd12f5460e599ff,LG-3fd12f5460e599ff,1.0,2,Completed intake-gasket correction is directly transferable across cylinder slots.
MR-d9d65fab98e36eee,100958,#4 ROCKER COVER SCREWS LOOSE.,SOME ROCKER COVER SCREWS LOOSE.,2,"Same core problem; cylinder/location is stated on only one side, without contradiction.",103899,5,structure,Adjust,TIGHTENED ALL ROCKER COVER SCREWS.,Adjust,SOME ROCKER COVER SCREWS LOOSE.,EC-da761bb427390f96,LG-da761bb427390f96,1.0,2,Historical action directly addresses the same maintenance condition; slot/location differences are transferable.
MR-3e7898d4dcc81693,104677,BLACK FWD COWL (ENG) SEAL WORN BY INTAKE FILTER.,"ENG FWD LWR BLACK SEAL HAS WORN SPOTS, ABOVE AIR INTAKE.",2,"Same core problem with compatible recorded component, defect, and context.",106143,1,structure,Service,SEALED AREAS W/ BLACK RTV.,Service,"ENG FWD LWR BLACK SEAL HAS WORN SPOTS, ABOVE AIR INTAKE.",EC-e880194cc629db88,LG-e880194cc629db88,0.7647058823529412,2,RTV repair directly treats the same worn forward black engine/cowl seal.
MR-ba7b669fbe6738a9,103758,"L/H ENG, L/H FWD BAFFLE SEAL IS LOOSE.",R/H ENG #4 AFT BAFFLE SEAL LOOSE.,1,"Same baffle seal defect, but engine side conflicts (left versus right).",105296,3,structure,Adjust,INSTALLED WASHER & RIVET.,Replace,R/H ENG #4 AFT BAFFLE SEAL LOOSE.,EC-99853a57bcef11e5,LG-37ac3da11bdb9f3b,1.0,2,Historical action directly addresses the same maintenance condition; slot/location differences are transferable.
MR-1de226c00632f0b6,103274,INTAKES #2 & 4 LEAKING.,INTAKES 2 & 4 LEAKING ON R/H ENGINE.,2,"Same core problem; engine side is stated on only one side, without contradiction.",106109,2,structure,Replace,CLINDERS NEED TO BE REPLACED. ,Replace,INTAKES 2 & 4 LEAKING ON R/H ENGINE.,EC-97caa6160c52c03f,LG-4285908bb8f7434c,1.0,0,Historical record is unresolved/recommendation-only rather than a completed useful action.
MR-59cbc75c193de91b,101434,"R/H ENG CYL #4, 3 INTAKE GASKETS LEAKING.","R/H ENG CYL #2, 3, 4 INTAKE GASKETS LEAKING.",1,"Same intake leak, but the specified cylinder set conflicts (3,4 versus 2,3,4).",102103,2,structure,Replace,REMOVED & REPLACED R/H ENG INTAKE GASKETS.,Replace,"R/H ENG CYL #2, 3, 4 INTAKE GASKETS LEAKING.",EC-269917e97d6470fa,LG-4285908bb8f7434c,1.0,2,Completed intake-gasket correction is directly transferable across cylinder slots.
MR-1ef5da946b910e6c,106132,R/H ENG #2 CYL PUSH ROD END & ROCKER SCORED.,#1 CYL ROCKER ARM & PUSH ROD GALLED ON EXHAUST SIDE.,1,"Same pushrod/rocker damage, but the specified cylinder set conflicts (2 versus 1).",105663,3,structure,Replace,REMOVED & REPLACED ROCKER ARM & PUSH ROD.,Replace,#1 CYL ROCKER ARM & PUSH ROD GALLED ON EXHAUST SIDE.,EC-c496712107f60641,LG-c496712107f60641,0.8,2,Historical action directly addresses the same maintenance condition; slot/location differences are transferable.
MR-bf8660cfb80a1dfe,101980,"R/H ENG #2, 3 & 4 ROCKER BOX COVERS LEAKING.",R/H ENG #3 INTAKE IS LEAKING.,0,Different core problems: rocker-cover gasket defect versus intake leak.,102067,3,structure,Replace,REPLACED INTAKE GASKET.,Replace,R/H ENG #3 INTAKE IS LEAKING.,EC-2c45d54fef43ee4a,LG-4285908bb8f7434c,0.8,0,
MR-d29d948efb65f05b,104863,#1 CYL INTAKE LEAKS.,CYL #2 INTAKE LEAKING ON R/H ENGINE.,1,"Same intake leak, but the specified cylinder set conflicts (1 versus 2).",102270,4,structure,Replace,REMOVED & REPLACED INTAKE GASKET.,Replace,CYL #2 INTAKE LEAKING ON R/H ENGINE.,EC-349d212b8db90f50,LG-4285908bb8f7434c,1.0,2,Completed intake-gasket correction is directly transferable across cylinder slots.
MR-e4167fe57c15c87b,101980,"R/H ENG #2, 3 & 4 ROCKER BOX COVERS LEAKING.",R/H ENG #2 & 3 ROCKER GASKETS ARE LEAKING.,1,"Same rocker-cover gasket defect, but the specified cylinder set conflicts (2,3,4 versus 2,3).",102097,1,structure,Replace,"REMOVED & REPLACED ROCKER COVER GASKETS, R/H ENG.",Replace,R/H ENG #2 & 3 ROCKER GASKETS ARE LEAKING.,EC-53fb909aad596f14,LG-608d782c2258dd59,0.8,1,"Rocker-cover gasket replacement is directly relevant, but the historical record covers fewer cylinders than the compound query."
MR-640fe52d61a4e2c8,100308,"#2, 3 & 4 ROCKER BOX COVER SCREWS LOOSE.",L/H UPPER BAFFLE LOOSE ABOVE #2 CYLINDER.,0,Different core problems: rocker-cover loose screws versus loose hardware/component.,106069,3,structure,Adjust,SECURED W/ RIVET.,Adjust,L/H UPPER BAFFLE LOOSE ABOVE #2 CYLINDER.,EC-61ff32fbd08b7d20,LG-61ff32fbd08b7d20,0.6,0,
MR-3ff7574681fbdc38,104621,INSPECTED & FOUND CRANKSHAFT TO BE GOUGED BEHIND CRANKSHAFT,"#1, 2, & 6 COWL MOUNTS ARE TORN.",0,Different core problems: crankshaft gouge versus other.,100050,2,structure,Replace,REMOVED & REPLACED MOUNTS.,Replace,"#1, 2, & 6 COWL MOUNTS ARE TORN.",EC-1ea65f28aa4470e4,LG-1ea65f28aa4470e4,0.4875,0,
MR-ad4b13270ed0fea3,104702,L/H ENG #2 CYL HAS LOW COMPRESSION.,R/H ENG #1 CYL HAS LOW COMPRESSION 5/80.,1,"Same low cylinder compression, but engine side conflicts (left versus right).",103944,3,structure,Replace,LEAK CK GOOD.,Other,R/H ENG #1 CYL HAS LOW COMPRESSION 5/80.,EC-53fca6c09c821bc0,LG-53fca6c09c821bc0,1.0,1,"Relevant diagnostic/verification evidence, but no clear corrective resolution is recorded."
MR-0666e15565f819e4,100541,ALL ROCKER COVER SCREWS ARE LOOSE.,ALL ROCKER COVER SCREWS ARE LOOSE ON L/H ENGINE.,2,"Same core problem; engine side is stated on only one side, without contradiction.",100202,5,structure,Adjust,TIGHTENED ALL SCREWS.,Adjust,ALL ROCKER COVER SCREWS ARE LOOSE ON L/H ENGINE.,EC-a441330875585b5d,LG-a441330875585b5d,1.0,2,Historical action directly addresses the same maintenance condition; slot/location differences are transferable.
MR-1a67f2105bb66ca4,103145,INTAKES #1 & 2 LEAKING.,"INTAKES 2, 3 & 4 LEAKING ON L/H ENGINE.",1,"Same intake leak, but the specified cylinder set conflicts (1,2 versus 2,3,4).",106105,1,structure,Replace,REMOVED & REPLACED W/ NEW GASKETS.,Replace,"INTAKES 2, 3 & 4 LEAKING ON L/H ENGINE.",EC-f4c4e83928513c1e,LG-4285908bb8f7434c,1.0,2,Completed intake-gasket correction is directly transferable across cylinder slots.
MR-3215a39e31dd974e,105742,#4 CYL HAS LOW COMPRESSION.,LOW COMPRESSION ON CYL #3 (55).,1,"Same low cylinder compression, but the specified cylinder set conflicts (4 versus 3).",106054,1,structure,Diagnose,"REMOVED CYL, FOUND TO BE BURNT EXHAUST VALVE. INSTALLED",Replace,LOW COMPRESSION ON CYL #3 (55).,EC-cf86233bacf1baeb,LG-cf86233bacf1baeb,1.0,2,Cylinder removal and replacement for a burnt exhaust valve is direct corrective evidence for low compression.
MR-a415621d3b3b6cca,104157,#2 & 3 INTAKES LEAKING.,L/H ENGINE #2 & 4 INTAKES LEAKING.,1,"Same intake leak, but the specified cylinder set conflicts (2,3 versus 2,4).",106085,3,structure,Replace,REPLACED GASKETS.,Replace,L/H ENGINE #2 & 4 INTAKES LEAKING.,EC-603b22dcdb952fe3,LG-4285908bb8f7434c,1.0,2,Completed intake-gasket correction is directly transferable across cylinder slots.
MR-aef2fd79902fef07,103623,FOUND BROKEN COVER SCREW ON GROUND.,L/H ENGINE OIL COOLER TO ENGINE LIFTING EYE BRACKET BROKEN.,0,Only the generic broken condition overlaps; a cover screw and an oil-cooler lifting-eye bracket are different problems.,101885,5,structure,Replace,INSTALLED SERVICEABLE BRACKET.,Replace,L/H ENGINE OIL COOLER TO ENGINE LIFTING EYE BRACKET BROKEN.,EC-2aad32e64c800996,LG-2aad32e64c800996,0.6,0,
MR-25f3ad33fa0c69a4,103145,INTAKES #1 & 2 LEAKING.,INTAKES 2 & 4 LEAKING ON R/H ENGINE.,1,"Same intake leak, but the specified cylinder set conflicts (1,2 versus 2,4).",106109,2,structure,Replace,CLINDERS NEED TO BE REPLACED. ,Replace,INTAKES 2 & 4 LEAKING ON R/H ENGINE.,EC-97caa6160c52c03f,LG-4285908bb8f7434c,1.0,0,Historical record is unresolved/recommendation-only rather than a completed useful action.
MR-cda226687dc3aa89,102604,#4 INTAKE LEAKS.,CYL #2 INTAKE LEAKING.,1,"Same intake leak, but the specified cylinder set conflicts (4 versus 2).",103578,4,structure,Replace,REMOVED & REPLACED INTAKE GASKET.,Replace,CYL #2 INTAKE LEAKING.,EC-ec7d2bc60636fedc,LG-4285908bb8f7434c,1.0,2,Completed intake-gasket correction is directly transferable across cylinder slots.
MR-ba36bfcec1126c7d,103598,L/H ENGINE BAFFLE CRACKED.,FRONT & L/H ENGINE BAFFLE CRACKED.,2,"Same core problem; position is stated on only one side, without contradiction.",102654,4,structure,Repair,STOP DRILLED CRACK.,Other,FRONT & L/H ENGINE BAFFLE CRACKED.,EC-b26b7fabc7e30c45,LG-f8e3931135eed2d1,1.0,2,Historical action directly addresses the same maintenance condition; slot/location differences are transferable.
MR-38a61dc44ecde8ed,103373,"R/H FWD BAFFLE, #1 CYL SIDE, HAS A CRACK.",R/H #1 CYL BAFFLE HAS A CRACK.,2,"Same core problem; position is stated on only one side, without contradiction.",103970,4,structure,Repair,STOP DRILLED CRACK.,Other,R/H #1 CYL BAFFLE HAS A CRACK.,EC-58405bc635d6d5f3,LG-67f347997e387064,1.0,2,Historical action directly addresses the same maintenance condition; slot/location differences are transferable.
MR-33175a539022938a,103796,1 BAFFLE BUTTON WORN.,"ENG FWD LWR BLACK SEAL HAS WORN SPOTS, ABOVE AIR INTAKE.",1,"Related maintenance area, but core problem differs: baffle plug defect versus cowl/engine seal wear.",106143,1,structure,Replace,SEALED AREAS W/ BLACK RTV.,Service,"ENG FWD LWR BLACK SEAL HAS WORN SPOTS, ABOVE AIR INTAKE.",EC-e880194cc629db88,LG-e880194cc629db88,0.6,0,Action treats a worn seal rather than the queried baffle plug.
MR-4aceb63f2dba647a,105940,2 & 4 INTAKES LEAKING.,L/H ENGINE #2 & 4 INTAKES LEAKING.,2,"Same core problem; engine side is stated on only one side, without contradiction.",106085,3,structure,Replace,REPLACED GASKETS.,Replace,L/H ENGINE #2 & 4 INTAKES LEAKING.,EC-603b22dcdb952fe3,LG-4285908bb8f7434c,1.0,2,Completed intake-gasket correction is directly transferable across cylinder slots.
MR-caf1fb9e05e1e787,100392,R/H #4 SIDE BAFFLE MISSING BOLTS.,"TOP FRONT R/H BAFFLE, BAFFLE SEAL RIVET PULLED THROUGH.",1,"Related maintenance area, but core problem differs: baffle missing hardware versus baffle seal defect.",100087,2,structure,Replace,DRILLED OUT RIVET & INSTALLED SCREW & NUT TO ATTACH R/H,Replace,"TOP FRONT R/H BAFFLE, BAFFLE SEAL RIVET PULLED THROUGH.",EC-c8fadef8fcc0d81e,LG-c8fadef8fcc0d81e,0.8,1,"The screw-and-nut repair is useful baffle-attachment evidence, but the historical fault is a pulled rivet rather than missing bolts."
MR-d2a11a3785ed8465,100568,ENGINE BAFFLE PLUG TABS BROKEN.,BAFFLE PLUG ABOVE #4 CYL HAS BROKEN TABS.,2,"Same core problem; cylinder/location and position are stated on only one side, without contradiction.",103311,5,structure,Replace,REPLACED BAFFLE PLUGS W/ NEW.,Replace,BAFFLE PLUG ABOVE #4 CYL HAS BROKEN TABS.,EC-cd7fe8b0a764e008,LG-cd7fe8b0a764e008,0.8666666666666667,2,Historical action directly addresses the same maintenance condition; slot/location differences are transferable.
MR-b4d650b742244d1c,105157,L/H #4 ROCKER COVER GASKET LEAKS.,#1 ROCKER COVER GASKET IS LEAKING.,1,"Same rocker-cover gasket defect, but the specified cylinder set conflicts (4 versus 1).",100447,4,structure,Replace,REMOVED & REPLACED GASKET.,Replace,#1 ROCKER COVER GASKET IS LEAKING.,EC-f3218e222926d0a2,LG-608d782c2258dd59,1.0,2,Historical action directly addresses the same maintenance condition; slot/location differences are transferable.
MR-52fbf55bef5d0e7e,104621,INSPECTED & FOUND CRANKSHAFT TO BE GOUGED BEHIND CRANKSHAFT,CRANKSHAFT FRONT SEAL NEEDS TO BE REPLACED.,1,"Related maintenance area, but core problem differs: crankshaft gouge versus crankshaft seal.",105982,1,structure,Replace,LEAK CK GOOD.,Other,CRANKSHAFT FRONT SEAL NEEDS TO BE REPLACED.,EC-be748391c5b6ecbd,LG-be748391c5b6ecbd,0.5874999999999999,0,Leak checking a crankshaft seal does not address the queried crankshaft gouge.
MR-4fcfc1186b9d8ebd,103598,L/H ENGINE BAFFLE CRACKED.,"L/H ENGINE, ENGINE BAFFLE CRACKED AT OIL COOLER.",2,"Same core problem with compatible recorded component, defect, and context.",104508,3,structure,Repair,STOP DRILLED CRACK.,Other,"L/H ENGINE, ENGINE BAFFLE CRACKED AT OIL COOLER.",EC-8b145591b7aa4dcd,LG-486dfcf538c059ba,1.0,2,Historical action directly addresses the same maintenance condition; slot/location differences are transferable.
MR-b8b0af22d5975ed9,100958,#4 ROCKER COVER SCREWS LOOSE.,ALL ROCKER COVER SCREWS ARE LOOSE ON L/H ENGINE.,1,"Same loose rocker-cover screws, but cylinder 4 versus all cylinders is a material scope mismatch.",100202,2,structure,Adjust,TIGHTENED ALL SCREWS.,Adjust,ALL ROCKER COVER SCREWS ARE LOOSE ON L/H ENGINE.,EC-a441330875585b5d,LG-a441330875585b5d,1.0,2,Historical action directly addresses the same maintenance condition; slot/location differences are transferable.
MR-d6026c309b1b0576,101434,"R/H ENG CYL #4, 3 INTAKE GASKETS LEAKING.","CYL #2, 3 & 4 INTAKE GASKETS ARE LEAKING ON L/H ENG.",1,"Same intake leak, but engine side conflicts (right versus left).",101493,3,structure,Replace,REMOVED & REPLACED GASKETS.,Replace,"CYL #2, 3 & 4 INTAKE GASKETS ARE LEAKING ON L/H ENG.",EC-55fc6967855845d9,LG-4285908bb8f7434c,1.0,2,Completed intake-gasket correction is directly transferable across cylinder slots.
MR-0e9a937d736c5d70,101116,"L/H ENG, #4 INDUCTION TUBE GASKET LEAKING.",R/H ENG #3 INTAKE IS LEAKING.,1,"Same intake leak, but engine side conflicts (left versus right).",102067,3,structure,Replace,REPLACED INTAKE GASKET.,Replace,R/H ENG #3 INTAKE IS LEAKING.,EC-2c45d54fef43ee4a,LG-4285908bb8f7434c,0.8,2,Completed intake-gasket correction is directly transferable across cylinder slots.
MR-22c8afb911273bdb,103943,ALL ROCKER COVER SCREWS LOOSE.,ALL ROCKER COVER SCREWS ARE LOOSE ON L/H ENGINE.,2,"Same core problem; engine side is stated on only one side, without contradiction.",100202,5,structure,Adjust,TIGHTENED ALL SCREWS.,Adjust,ALL ROCKER COVER SCREWS ARE LOOSE ON L/H ENGINE.,EC-a441330875585b5d,LG-a441330875585b5d,1.0,2,Historical action directly addresses the same maintenance condition; slot/location differences are transferable.
MR-76bdd03baff72878,103861,#4 INDUCTION TUBE GASKET LEAKING.,"CYL #1, 2, 4 INTAKE GASKETS LEAKING.",1,"Same intake leak, but the specified cylinder set conflicts (4 versus 1,2,4).",106089,3,structure,Replace,REMOVED & REPLACED GASKETS.,Replace,"CYL #1, 2, 4 INTAKE GASKETS LEAKING.",EC-47ad4117e588d4c8,LG-4285908bb8f7434c,0.6,2,Completed intake-gasket correction is directly transferable across cylinder slots.
MR-1a7e82ada6482440,100629,#2 INTAKE GASKET LEAKS.,#2 INTAKE GASKET LEAKING.,2,"Same core problem with compatible recorded component, defect, and context.",105235,4,structure,Replace,REPLACED GASKET.,Replace,#2 INTAKE GASKET LEAKING.,EC-1fec9b07493816ca,LG-4285908bb8f7434c,1.0,2,Completed intake-gasket correction is directly transferable across cylinder slots.
MR-89f502d78e9363a6,104031,#4 AFT BAFFLE CRACKED.,CRACK ON #4 CYLINDER AFT BAFFLE.,2,"Same core problem with compatible recorded component, defect, and context.",106162,1,structure,Replace,STOP DRILLED CRACK.,Other,CRACK ON #4 CYLINDER AFT BAFFLE.,EC-cb7d1acdb1797924,LG-cb7d1acdb1797924,1.0,2,Historical action directly addresses the same maintenance condition; slot/location differences are transferable.
MR-b3c403d8989ebd52,103884,BAFFLE SCREW MISSING ABOVE STARTER.,"2 BAFFLE SCREWS MISSING, ABOVE STARTER.",1,"Same location and missing baffle screws, but one screw versus two screws is a material quantity mismatch.",103334,3,structure,Replace,INSTALLED SCREWS.,Replace,"2 BAFFLE SCREWS MISSING, ABOVE STARTER.",EC-88bfd2e01cc8f61d,LG-88bfd2e01cc8f61d,0.8,2,Historical action directly addresses the same maintenance condition; slot/location differences are transferable.
MR-b869670b7d7477af,101668,"ROCKER COVER GASKETS #2, 3 TORN.",#3 & 4 ROCKER COVER GASKETS ARE BROKEN.,1,"Same component area, but defect differs: torn versus broken.",100667,2,structure,Replace,REMOVED & REPLACED #3 & 4 ROCKER COVER GASKETS.,Replace,#3 & 4 ROCKER COVER GASKETS ARE BROKEN.,EC-63ef705f61127b15,LG-077c2249cbac9ba5,0.7000000000000001,2,Historical action directly addresses the same maintenance condition; slot/location differences are transferable.
MR-a62e3541c2b78af7,101668,"ROCKER COVER GASKETS #2, 3 TORN.",#1 & 3 ROCKER COVER GASKETS ARE BROKEN.,1,"Same component area, but defect differs: torn versus broken.",100477,3,structure,Replace,REMOVED & REPLACED ROCKER COVER GASKETS.,Replace,#1 & 3 ROCKER COVER GASKETS ARE BROKEN.,EC-077c2249cbac9ba5,LG-077c2249cbac9ba5,0.7000000000000001,2,Historical action directly addresses the same maintenance condition; slot/location differences are transferable.
MR-2714bb50f2b7bdd0,103173,#2 & 4 INTAKES LEAKING.,L/H ENGINE #2 & 4 INTAKES LEAKING.,2,"Same core problem; engine side is stated on only one side, without contradiction.",106085,3,structure,Replace,REPLACED GASKETS.,Replace,L/H ENGINE #2 & 4 INTAKES LEAKING.,EC-603b22dcdb952fe3,LG-4285908bb8f7434c,1.0,2,Completed intake-gasket correction is directly transferable across cylinder slots.
MR-16c711da1581cbcf,105178,#1 ROCKER COVER GASKET LEAKS.,#2 CYL ROCKER COVER GASKET LEAKING.,1,"Same rocker-cover gasket defect, but the specified cylinder set conflicts (1 versus 2).",100951,3,structure,Replace,REMOVED & REPLACED ROCKER COVER GASKET.,Replace,#2 CYL ROCKER COVER GASKET LEAKING.,EC-a8ddc92dbdb74855,LG-608d782c2258dd59,1.0,2,Historical action directly addresses the same maintenance condition; slot/location differences are transferable.
MR-6b14ba7e6efac550,101744,BAFFLE BUTTON PLUG IS WORN.,R/H ENGINE #1 CYL EXHAUST ROCKER WORN ON SHAFT.,0,Different core problems: baffle plug defect versus wear.,106133,3,structure,Replace,REPLACED W/ NEW ROCKER & ROCKER SHAFT. TAPPET CLEARANCE,Replace,R/H ENGINE #1 CYL EXHAUST ROCKER WORN ON SHAFT.,EC-add2db677f24d601,LG-add2db677f24d601,0.6,0,
MR-451ec177c410799d,106132,R/H ENG #2 CYL PUSH ROD END & ROCKER SCORED.,#3 CYL ROCKER ARM & PUSH ROD GALLED ON EXHAUST SIDE.,1,"Same pushrod/rocker damage, but the specified cylinder set conflicts (2 versus 3).",105665,5,structure,Replace,REMOVED & REPLACED ROCKER ARM & PUSH ROD.,Replace,#3 CYL ROCKER ARM & PUSH ROD GALLED ON EXHAUST SIDE.,EC-65951a3eaf593983,LG-c496712107f60641,0.8,2,Historical action directly addresses the same maintenance condition; slot/location differences are transferable.
MR-15e4a273a51f4f55,100848,OIL COOLER HOSE REQUIRES REPOSITIONING.,R/H BAFFLE PLUG NEEDS TO BE REPLACED.,0,Different core problems: oil-cooler hose position versus baffle plug defect.,101625,4,structure,Adjust,REMOVED & REPLACED BAFFLE PLUG.,Replace,R/H BAFFLE PLUG NEEDS TO BE REPLACED.,EC-e42824d9ad370610,LG-d671d8fdeb671d58,0.4285714285714285,0,
MR-3f3678354d7d0062,105029,#1 FWD BAFFLE SEAL LOOSE.,FWD LOWER BAFFLE SEAL LOOSE.,2,"Same core problem; cylinder/location is stated on only one side, without contradiction.",101845,4,structure,Adjust,RESECURED BAFFLE SEAL.,Adjust,FWD LOWER BAFFLE SEAL LOOSE.,EC-a4c8a16e92b9dd33,LG-a3686534aeca5d63,1.0,2,Historical action directly addresses the same maintenance condition; slot/location differences are transferable.
MR-797cb09e7ad54e5b,102823,#1 & 4 INTAKES LEAKING.,"INTAKES 2, 3 & 4 LEAKING ON L/H ENGINE.",1,"Same intake leak, but the specified cylinder set conflicts (1,4 versus 2,3,4).",106105,1,structure,Replace,REMOVED & REPLACED W/ NEW GASKETS.,Replace,"INTAKES 2, 3 & 4 LEAKING ON L/H ENGINE.",EC-f4c4e83928513c1e,LG-4285908bb8f7434c,1.0,2,Completed intake-gasket correction is directly transferable across cylinder slots.
MR-c69d1df243edd7cc,102221,#1 INTAKE GASKET LEAKS.,#4 INTAKE GASKET IS LEAKING.,1,"Same intake leak, but the specified cylinder set conflicts (1 versus 4).",105211,2,structure,Replace,REPLACED GASKETS. LEAK CK GOOD.,Replace,#4 INTAKE GASKET IS LEAKING.,EC-0489f0dc14177ee4,LG-4285908bb8f7434c,1.0,2,Completed intake-gasket correction is directly transferable across cylinder slots.
MR-addf5c4a857c633f,104674,R/H REAR BAFFLE INSP HOLE WORN.,"BLACK BAFFLE SEAL, FWD ENG, HAS SMALL WORN SPOT ON L/H SIDE.",1,"Related maintenance area, but core problem differs: baffle worn hole versus baffle seal defect.",105007,5,structure,Replace,INSTALLED RTV TO WORN AREA.,Replace,"BLACK BAFFLE SEAL, FWD ENG, HAS SMALL WORN SPOT ON L/H SIDE.",EC-1de7f0491eaf6054,LG-1de7f0491eaf6054,0.6,0,Historical action addresses a different component/fault or provides no meaningful action for the query.
MR-9158b20826b5a79e,105940,2 & 4 INTAKES LEAKING.,"INTAKES 2, 3 & 4 LEAKING ON L/H ENGINE.",1,"Same intake leak, but the specified cylinder set conflicts (2,4 versus 2,3,4).",106105,1,structure,Replace,REMOVED & REPLACED W/ NEW GASKETS.,Replace,"INTAKES 2, 3 & 4 LEAKING ON L/H ENGINE.",EC-f4c4e83928513c1e,LG-4285908bb8f7434c,1.0,2,Completed intake-gasket correction is directly transferable across cylinder slots.
MR-a838989bcc9dc224,105286,#1 & 4 INTAKES LEAKING.,L/H ENGINE #2 & 4 INTAKES LEAKING.,1,"Same intake leak, but the specified cylinder set conflicts (1,4 versus 2,4).",106085,3,structure,Replace,REPLACED GASKETS.,Replace,L/H ENGINE #2 & 4 INTAKES LEAKING.,EC-603b22dcdb952fe3,LG-4285908bb8f7434c,1.0,2,Completed intake-gasket correction is directly transferable across cylinder slots.
MR-38923729cb274813,100197,#2 & 4 INTAKES ARE LEAKING.,L/H ENGINE #2 & 4 INTAKES LEAKING.,2,"Same core problem; engine side is stated on only one side, without contradiction.",106085,3,structure,Replace,REPLACED GASKETS.,Replace,L/H ENGINE #2 & 4 INTAKES LEAKING.,EC-603b22dcdb952fe3,LG-4285908bb8f7434c,1.0,2,Completed intake-gasket correction is directly transferable across cylinder slots.
MR-249d7bdbd5293f52,105029,#1 FWD BAFFLE SEAL LOOSE.,LOWER L/H FWD BAFFLE SEAL IS LOOSE.,2,"Same core problem; engine side and cylinder/location are stated on only one side, without contradiction.",101810,3,structure,Adjust,REPAIRED BAFFLE SEAL & SECURED.,Adjust,LOWER L/H FWD BAFFLE SEAL IS LOOSE.,EC-a3686534aeca5d63,LG-a3686534aeca5d63,1.0,2,Historical action directly addresses the same maintenance condition; slot/location differences are transferable.
MR-c86d942c915de0e1,103943,ALL ROCKER COVER SCREWS LOOSE.,ROCKER COVER SCREWS LOOSE ON L/H ENGINE.,2,"Same core problem; engine side is stated on only one side, without contradiction.",102910,4,structure,Adjust,TIGHTENED SCREWS.,Adjust,ROCKER COVER SCREWS LOOSE ON L/H ENGINE.,EC-1e1d0656c55ba70a,LG-a441330875585b5d,1.0,1,"Tightening rocker-cover screws is relevant, but the record does not confirm coverage of the query across all cylinders."
MR-eed3fac1ac95a5e3,105286,#1 & 4 INTAKES LEAKING.,L/H ENG #2 & 3 INTAKES ARE LEAKING.,1,"Same intake leak, but the specified cylinder set conflicts (1,4 versus 2,3).",103544,4,structure,Replace,REPLACED #3 GASKET.,Replace,L/H ENG #2 & 3 INTAKES ARE LEAKING.,EC-410f2059a575ccfa,LG-4285908bb8f7434c,1.0,1,"Correct intake-gasket action, but it covers only part of the compound query."
MR-930e30ff7a67e058,100641,R/H ENG #2 & 4 INDUCTION TUBE GASKETS LEAKING.,R/H ENG #2 & 3 ROCKER GASKETS ARE LEAKING.,0,Different core problems: intake leak versus rocker-cover gasket defect.,102097,1,structure,Replace,"REMOVED & REPLACED ROCKER COVER GASKETS, R/H ENG.",Replace,R/H ENG #2 & 3 ROCKER GASKETS ARE LEAKING.,EC-53fb909aad596f14,LG-608d782c2258dd59,0.8,0,
MR-81595922065374f1,104863,#1 CYL INTAKE LEAKS.,CYL #4 INTAKE IS LEAKING.,1,"Same intake leak, but the specified cylinder set conflicts (1 versus 4).",101782,2,structure,Replace,INSTALLED NEW INDUCTION TUBE GASKET.,Replace,CYL #4 INTAKE IS LEAKING.,EC-907095f0489f2214,LG-4285908bb8f7434c,1.0,2,Completed intake-gasket correction is directly transferable across cylinder slots.
MR-3f0d9d9b8f880af4,105480,#1 & 3 INTAKES LEAKING.,L/H ENG #2 & 3 INTAKES ARE LEAKING.,1,"Same intake leak, but the specified cylinder set conflicts (1,3 versus 2,3).",103544,4,structure,Replace,REPLACED #3 GASKET.,Replace,L/H ENG #2 & 3 INTAKES ARE LEAKING.,EC-410f2059a575ccfa,LG-4285908bb8f7434c,1.0,1,"Correct intake-gasket action, but it covers only part of the compound query."
MR-cdd19c04a0caca0e,105610,#3 & 4 INTAKES LEAKING.,"INTAKES 2, 3 & 4 LEAKING ON L/H ENGINE.",1,"Same intake leak, but the specified cylinder set conflicts (3,4 versus 2,3,4).",106105,1,structure,Replace,REMOVED & REPLACED W/ NEW GASKETS.,Replace,"INTAKES 2, 3 & 4 LEAKING ON L/H ENGINE.",EC-f4c4e83928513c1e,LG-4285908bb8f7434c,1.0,2,Completed intake-gasket correction is directly transferable across cylinder slots.
MR-81d541c6ab6ca61e,104471,"#1, 2, 4 INTAKES LEAKING.","INTAKES 2, 3 & 4 LEAKING ON R/H ENGINE.",1,"Same intake leak, but the specified cylinder set conflicts (1,2,4 versus 2,3,4).",103495,5,structure,Replace,REPLACED INTAKE GASKETS ON R/H ENGINE.,Replace,"INTAKES 2, 3 & 4 LEAKING ON R/H ENGINE.",EC-acfd9a8357993041,LG-4285908bb8f7434c,1.0,2,Completed intake-gasket correction is directly transferable across cylinder slots.
MR-aa46e6df10969bce,100641,R/H ENG #2 & 4 INDUCTION TUBE GASKETS LEAKING.,L/H ENG #3 ROCKER COVER IS LEAKING.,0,Different core problems: intake leak versus rocker-cover gasket defect.,102068,2,structure,Replace,REPLACED ROCKER COVER GASKET.,Replace,L/H ENG #3 ROCKER COVER IS LEAKING.,EC-4f854674f99caf68,LG-608d782c2258dd59,0.8,0,
MR-f2977fbd946c3f22,104582,#2 LOWER INTAKE CLAMP LOOSE.,SCREW BEHIND OIL DIPSTICK TUBE LOOSE.,0,Different core problems: intake clamp loose versus loose hardware/component.,106068,2,structure,Adjust,TIGHTENED SCREW.,Adjust,SCREW BEHIND OIL DIPSTICK TUBE LOOSE.,EC-fec6a74e246506cb,LG-7258411586fd843f,0.6,0,
MR-9af5e747174f5778,103173,#2 & 4 INTAKES LEAKING.,"INTAKES 2, 3 & 4 LEAKING ON R/H ENGINE.",1,"Same intake leak, but the specified cylinder set conflicts (2,4 versus 2,3,4).",103495,5,structure,Replace,REPLACED INTAKE GASKETS ON R/H ENGINE.,Replace,"INTAKES 2, 3 & 4 LEAKING ON R/H ENGINE.",EC-acfd9a8357993041,LG-4285908bb8f7434c,1.0,2,Completed intake-gasket correction is directly transferable across cylinder slots.
MR-1178dd0f22cc74ee,100095,ROCKER BOX COVER SCREWS LOOSE.,GROUNDING POINTS ON ENG & FIREWALL LOOSE.,0,Different core problems: rocker-cover loose screws versus loose hardware/component.,106091,4,structure,Adjust,TIGHTENED ALL BOLTS.,Adjust,GROUNDING POINTS ON ENG & FIREWALL LOOSE.,EC-25238a27175b7fcb,LG-25238a27175b7fcb,0.6,0,
MR-d2b97a583f39a290,105592,SMALL RUST SPOT ON AFT TOP L/H (L/H ENGINE MOUNT).,ADEL CLAMP TORN BY R/H ENGINE MOUNT.,0,Different core problems: engine-mount rust versus other.,101547,2,structure,Inspect,REMOVED & REPLACED CLAMP.,Replace,ADEL CLAMP TORN BY R/H ENGINE MOUNT.,EC-1a6bd113dca0ef16,LG-1a6bd113dca0ef16,1.0,0,
MR-a692fa20834c03eb,103676,#4 CYL ROCKER COVER IS MISSING SCREW.,R/H ENG #2 CYL FWD BAFFLE IS MISSING A SCREW.,0,Different core problems: rocker-cover missing screw versus baffle missing hardware.,102308,3,structure,Replace,INSTALLED NEW SCREW.,Replace,R/H ENG #2 CYL FWD BAFFLE IS MISSING A SCREW.,EC-5b675d5fa50ef211,LG-8407cead18b14600,0.8666666666666667,0,
MR-f3ff4e5f88cf74c9,101877,#3 INDUCTION TUBE GASKET LEAKING.,L/H ENG #3 & 4 CYL INTAKE GASKETS LEAKING.,1,"Same intake leak, but the specified cylinder set conflicts (3 versus 3,4).",106122,1,structure,Replace,"REMOVED COWL, REMOVED & REPLACED GASKETS. REINSTALLED C",Replace,L/H ENG #3 & 4 CYL INTAKE GASKETS LEAKING.,EC-4806f7911e096a20,LG-4285908bb8f7434c,0.6,2,Completed intake-gasket correction is directly transferable across cylinder slots.
MR-7aea116f179086b3,106168,"DURING RUN UP, #2 CYL WAS COLD & ENGINE SHOCK VIOLENTLY (ENG","ROUGH ENGINE START UNUSUAL INDICATION CYL #4, LOWER TEMPERAT",0,Different core problems: engine rough/cold cylinder versus other.,104174,2,structure,Diagnose,"RAN A/C, LEAK CK'ED. OPS & LEAK CK GOOD.",Other,"ROUGH ENGINE START UNUSUAL INDICATION CYL #4, LOWER TEMPERAT",EC-eeb648b5ae699670,LG-eeb648b5ae699670,0.5666666666666667,0,
MR-af16f09c1f59c6ec,104264,#3 & 4 INTAKES LEAKING.,"INTAKES 2, 3 & 4 LEAKING ON L/H ENGINE.",1,"Same intake leak, but the specified cylinder set conflicts (3,4 versus 2,3,4).",106105,1,structure,Replace,REMOVED & REPLACED W/ NEW GASKETS.,Replace,"INTAKES 2, 3 & 4 LEAKING ON L/H ENGINE.",EC-f4c4e83928513c1e,LG-4285908bb8f7434c,1.0,2,Completed intake-gasket correction is directly transferable across cylinder slots.
MR-9faada01adea238c,100541,ALL ROCKER COVER SCREWS ARE LOOSE.,#2 & 4 CYL ROCKER COVER SCREWS ARE LOOSE.,1,"Same loose rocker-cover screws, but all cylinders versus only cylinders 2 and 4 is a material scope mismatch.",101923,1,structure,Adjust,TIGHTENED SCREWS.,Adjust,#2 & 4 CYL ROCKER COVER SCREWS ARE LOOSE.,EC-0da31f24efe47fb5,LG-0da31f24efe47fb5,1.0,1,"Tightening cylinders 2 and 4 is relevant, but it covers only part of the query for all rocker-cover screws."
MR-a7c1ec2b2ae9edcd,100515,#3 ROCKER COVER GASKET IS TORN.,#1 ROCKER COVER GASKET LEAKING.,1,"Same component area, but defect differs: torn versus leaking.",104410,4,structure,Replace,REMOVED & REPLACED GASKET.,Replace,#1 ROCKER COVER GASKET LEAKING.,EC-3466c922bf8446a2,LG-608d782c2258dd59,0.65,2,Historical action directly addresses the same maintenance condition; slot/location differences are transferable.
MR-5aa85288f77d8972,101458,#3 CYLINDER ON R/H ENGINE HAS LOW COMPRESSION.,"#1 CYLINDER COMPRESSION LOW, 25LBS. COMING FROM EXHAUST",1,"Same low cylinder compression, but the specified cylinder set conflicts (3 versus 1).",103906,4,structure,Diagnose,"REMOVED CYLINDER, FOUND BENT EXHAUST VALVE. INSTALLED R",Replace,"#1 CYLINDER COMPRESSION LOW, 25LBS. COMING FROM EXHAUST",EC-bf7750d05462a416,LG-bf7750d05462a416,0.7625,2,Historical action directly addresses the same maintenance condition; slot/location differences are transferable.
MR-09879a987d8963b7,100727,REAR BAFFLE PLUGS WORN OUT.,WORN BAFFLE PLUGS.,2,"Same core problem; position is stated on only one side, without contradiction.",101713,2,structure,Replace,REMOVED & REPLACED BAFFLE PLUGS.,Replace,WORN BAFFLE PLUGS.,EC-91be8df44bfb7301,LG-91be8df44bfb7301,0.8749999999999999,2,Historical action directly addresses the same maintenance condition; slot/location differences are transferable.
MR-a4727dd26372bdeb,104264,#3 & 4 INTAKES LEAKING.,L/H ENGINE #2 & 4 INTAKES LEAKING.,1,"Same intake leak, but the specified cylinder set conflicts (3,4 versus 2,4).",106085,3,structure,Replace,REPLACED GASKETS.,Replace,L/H ENGINE #2 & 4 INTAKES LEAKING.,EC-603b22dcdb952fe3,LG-4285908bb8f7434c,1.0,2,Completed intake-gasket correction is directly transferable across cylinder slots.
MR-edc5ccb7a21bafaf,100540,#1 INTAKE GASKET LEAKS.,L/H ENG #4 CYL INTAKE GASKET IS LEAKING.,1,"Same intake leak, but the specified cylinder set conflicts (1 versus 4).",103605,1,structure,Replace,REMOVED & REPLACED GASKET.,Replace,L/H ENG #4 CYL INTAKE GASKET IS LEAKING.,EC-9187c760c59569da,LG-4285908bb8f7434c,1.0,2,Completed intake-gasket correction is directly transferable across cylinder slots.
MR-60589521f9002354,104582,#2 LOWER INTAKE CLAMP LOOSE.,"BAFFLE SEAL LOOSE ON LH/ ENG, #4 AFT BAFFLE.",0,Different core problems: intake clamp loose versus baffle seal defect.,101554,5,structure,Adjust,SECURED BAFFLE SEAL BACK ON ENGINE BAFFLE.,Adjust,"BAFFLE SEAL LOOSE ON LH/ ENG, #4 AFT BAFFLE.",EC-58191b4392158710,LG-58191b4392158710,0.6,0,
MR-edab39d9cf6afdd4,106156,BAFFLE PLUG DAMAGED.,CYLINDER #4 BAFFLE PLUG TEETH ARE BROKEN.,2,"Same core problem; cylinder/location is stated on only one side, without contradiction.",101860,3,structure,Replace,REMOVED & REPLACED BAFFLE PLUG.,Replace,CYLINDER #4 BAFFLE PLUG TEETH ARE BROKEN.,EC-a0a4f86c3610f1d6,LG-a0a4f86c3610f1d6,0.7000000000000001,2,Historical action directly addresses the same maintenance condition; slot/location differences are transferable.
MR-c1651f97c74f31e0,100515,#3 ROCKER COVER GASKET IS TORN.,CYL #2 ROCKER COVER GASKET DAMAGED.,1,"Same component area, but defect differs: torn versus damaged.",102106,2,structure,Replace,REMOVED & REPLACED ROCKER COVER GASKET.,Replace,CYL #2 ROCKER COVER GASKET DAMAGED.,EC-66a49eb0f580bc7a,LG-66a49eb0f580bc7a,0.9249999999999999,2,Historical action directly addresses the same maintenance condition; slot/location differences are transferable.
MR-34c042f783cc8c1e,102624,COWL SEAL BY #2 CYL NEEDS TO BE REATTCHED TO BAFFLING.,#1 CYL BAFFLING CRACK EXTENDING BEYOND STOP DRILL.,1,"Related maintenance area, but core problem differs: baffle seal defect versus baffle crack.",103258,1,structure,Replace,STOP DRILLED CRACK & INSTALLED DOUBLER PLATE IN REFEREN,Replace,#1 CYL BAFFLING CRACK EXTENDING BEYOND STOP DRILL.,EC-95dde7a49769529c,LG-95dde7a49769529c,0.6666666666666665,0,Historical action addresses a different component/fault or provides no meaningful action for the query.
MR-a72878689106ceb4,100540,#1 INTAKE GASKET LEAKS.,#2 INTAKE GASKET IS LEAKING.,1,"Same intake leak, but the specified cylinder set conflicts (1 versus 2).",100959,5,structure,Replace,REMOVED & REPLACED GASKET.,Replace,#2 INTAKE GASKET IS LEAKING.,EC-53f353a420cf4fcc,LG-4285908bb8f7434c,1.0,2,Completed intake-gasket correction is directly transferable across cylinder slots.
MR-984dbf80bdb31a0c,105116,"R/H BAFFLE SEAL, BY #2 CYL, TORN.",#4 CYL BAFFLE PIECE DAMAGED.,0,Different core problems: baffle seal defect versus other.,104795,4,structure,Replace,REPLACED BAFFLE SECTION.,Replace,#4 CYL BAFFLE PIECE DAMAGED.,EC-f0e637f4ad2bd334,LG-f0e637f4ad2bd334,0.8,0,
MR-39005c3081e20c16,103758,"L/H ENG, L/H FWD BAFFLE SEAL IS LOOSE.","L/H ENG, L/H REAR ENGINE BAFFLE SEAL LOOSE.",1,"Same baffle seal defect, but the specified location conflicts (front versus aft).",104114,4,structure,Adjust,REATTACHED ENGINE BAFFLE SEAL.,Service,"L/H ENG, L/H REAR ENGINE BAFFLE SEAL LOOSE.",EC-e703a9653e1ab1fe,LG-e703a9653e1ab1fe,1.0,2,Historical action directly addresses the same maintenance condition; slot/location differences are transferable.
MR-23046c91093b40d7,101371,AFT BAFFLE BRACKET MISSING SCREW.,SCREW MISSING ON #3 BAFFLE BRACKET.,1,"Same baffle bracket missing a screw, but aft-bracket versus cylinder-3 bracket location differs materially.",103622,1,structure,Replace,FOUND SCREW & REINSTALLED.,Diagnose,SCREW MISSING ON #3 BAFFLE BRACKET.,EC-42db9fa545b5f597,LG-1b9f539921ee9421,0.95,2,Historical action directly addresses the same maintenance condition; slot/location differences are transferable.
MR-eb1f8954281cc26d,103861,#4 INDUCTION TUBE GASKET LEAKING.,L/H ENG #3 & 4 CYL INTAKE GASKETS LEAKING.,1,"Same intake leak, but the specified cylinder set conflicts (4 versus 3,4).",106122,1,structure,Replace,"REMOVED COWL, REMOVED & REPLACED GASKETS. REINSTALLED C",Replace,L/H ENG #3 & 4 CYL INTAKE GASKETS LEAKING.,EC-4806f7911e096a20,LG-4285908bb8f7434c,0.6,2,Completed intake-gasket correction is directly transferable across cylinder slots.
MR-a3acf751af4391b5,100264,#3 INTAKE LEAKING AT CLAMP.,#4 INTAKE LEAKING ON L/H ENGINE.,1,"Same intake leak, but the specified cylinder set conflicts (3 versus 4).",101966,4,structure,Adjust,REMOVED & REPLACED #4 INTAKE GASKET ON L/H ENG.,Replace,#4 INTAKE LEAKING ON L/H ENGINE.,EC-3fd1e88fe4572cdd,LG-4285908bb8f7434c,0.8,1,"Intake-gasket replacement is relevant leak evidence, but the query explicitly locates the leak at the clamp, which may require a different correction."
MR-2e11cd11c36a7944,104621,INSPECTED & FOUND CRANKSHAFT TO BE GOUGED BEHIND CRANKSHAFT,#3 CYL LOWER SPARK PLUG BOSS THREADS DAMAGED.,0,Different core problems: crankshaft gouge versus other.,101958,5,structure,Replace,"CLEANED THREADS W/ 18MM TAP, INSPECTED THREADS, THREADS",Inspect,#3 CYL LOWER SPARK PLUG BOSS THREADS DAMAGED.,EC-c3e6292cb0630d55,LG-c3e6292cb0630d55,0.4875,0,
MR-bf79fd36169e5947,105178,#1 ROCKER COVER GASKET LEAKS.,"CYL #4, 1 ROCKER COVER GASKET LEAKING.",1,"Same rocker-cover gasket defect, but the specified cylinder set conflicts (1 versus 1,4).",100930,5,structure,Replace,"REMOVED & REPLACED CYL #1, 4 ROCKER COVER GASKETS.",Replace,"CYL #4, 1 ROCKER COVER GASKET LEAKING.",EC-14f12b0e42697a3f,LG-608d782c2258dd59,1.0,2,Historical action directly addresses the same maintenance condition; slot/location differences are transferable.
MR-238efdf6c486ae7e,101410,REAR R/H ENGINE BAFFLE BRACKET CRACKED.,"CRACK IN ENGINE COOLING BAFFLE, AROUND LANDING LIGHT WIRE SE",1,"Related maintenance area, but core problem differs: baffle bracket crack versus baffle crack.",102324,5,structure,Replace,STOP DRILLED CRACK.,Other,"CRACK IN ENGINE COOLING BAFFLE, AROUND LANDING LIGHT WIRE SE",EC-f7d0ad5da78bb048,LG-f7d0ad5da78bb048,0.8,1,"Related corrective action, but an important component/fault distinction limits direct applicability."
MR-fe187c63532d1440,104071,"R/H ENG, R/H REAR BAFFLE IS CRACKED.",R/H ENG BAFFLE CRACKED ON LEFT SIDE OF OIL COOLER.,1,"Same cracked R/H engine baffle, but rear-baffle versus oil-cooler location differs materially.",102539,2,structure,Inspect,SEPERATED FROM SIDE BAFFLE & FOUND CRACK TO BE PREVIOUS,Diagnose,R/H ENG BAFFLE CRACKED ON LEFT SIDE OF OIL COOLER.,EC-0eec8502fc5d397f,LG-0eec8502fc5d397f,1.0,1,"Inspection confirmed the same baffle-crack condition, but no new corrective action is recorded."
MR-afcbd352e375e177,103943,ALL ROCKER COVER SCREWS LOOSE.,"#2, 3, 4 ROCKER COVER SCREWS LOOSE ON R/H ENG.",1,"Same loose rocker-cover screws, but all cylinders versus cylinders 2, 3, and 4 is a material scope mismatch.",102775,3,structure,Adjust,"TIGHTENED ALL SCREWS ON #2, 3, 4 ROCKER COVERS.",Adjust,"#2, 3, 4 ROCKER COVER SCREWS LOOSE ON R/H ENG.",EC-25c464b19e76ef18,LG-25c464b19e76ef18,1.0,1,"Tightening cylinders 2, 3 and 4 is relevant, but it covers only part of the query for all rocker-cover screws."
MR-9fc8aa98db7abc70,101458,#3 CYLINDER ON R/H ENGINE HAS LOW COMPRESSION.,R/H ENGINE #4 CYL LOW ON COMPRESSION (30 LBS).,1,"Same low cylinder compression, but the specified cylinder set conflicts (3 versus 4).",104365,2,structure,Diagnose,"ADDED 8 QTS OF MINERAL OI. RAN ENGINE, NO LEAKS. OPS CK",Other,R/H ENGINE #4 CYL LOW ON COMPRESSION (30 LBS).,EC-c6456d79d446e259,LG-c6456d79d446e259,0.8,0,Adding oil and recording an operational check does not diagnose or correct the low-compression condition.
MR-e7aab03d5d3bee30,102952,AUTO RE-IGN DOES NOT ACTIVATE W/ LOW N2 CONDITIONS.,COMPRESSION IS LOW #2 CYLINDER.,0,Different core problems: auto re-ignition failure versus low cylinder compression.,106075,1,structure,Diagnose,REINSTALLED CYLINDER TO ENGINE & TORQUE BASE NUTS TO SP,Adjust,COMPRESSION IS LOW #2 CYLINDER.,EC-d486e397d74b1674,LG-128e4577464b4123,0.3,0,
MR-b2c7f082bbc8dbb2,100095,ROCKER BOX COVER SCREWS LOOSE.,INDUCTION TUBE HOSE CLAMPS LOOSE (ALL CYL).,0,Different core problems: rocker-cover loose screws versus intake tube loose/damaged.,100024,3,structure,Adjust,TIGHTENED HOSE CLAMPS.,Adjust,INDUCTION TUBE HOSE CLAMPS LOOSE (ALL CYL).,EC-4d3f1a1149d21098,LG-4d3f1a1149d21098,0.6,0,
MR-33f22e69a3dc4b8d,105116,"R/H BAFFLE SEAL, BY #2 CYL, TORN.",R/H ENG FWD CYL #2 BAFFLE SEAL IS TORN.,2,"Same core problem; position is stated on only one side, without contradiction.",101538,3,structure,Replace,REMOVED & REPLACED BAFFLE SEAL W/ NEW.,Replace,R/H ENG FWD CYL #2 BAFFLE SEAL IS TORN.,EC-ffd17431349bb99e,LG-3ba1e9db59e83dce,1.0,2,Historical action directly addresses the same maintenance condition; slot/location differences are transferable.
MR-e845aa5b73efefcc,100006,ROCKER BOX COVER SCREWS LOOSE (ALL CYL).,CYL #2 BAFFLE SEAL IS LOOSE.,0,Different core problems: rocker-cover loose screws versus baffle seal defect.,104454,5,structure,Adjust,RESECURED BAFFLE SEAL.,Adjust,CYL #2 BAFFLE SEAL IS LOOSE.,EC-3cc62cea8822eea5,LG-37ac3da11bdb9f3b,0.8,0,
MR-26116ec3bc84be4c,101598,CYL #2 & 3 INTAKES ARE LEAKING.,"R/H ENG, CYL #2, 3, 4 INTAKES ARE LEAKING.",1,"Same intake leak, but the specified cylinder set conflicts (2,3 versus 2,3,4).",100980,1,structure,Replace,REMOVED & REPLACED INTAKE GASKETS.,Replace,"R/H ENG, CYL #2, 3, 4 INTAKES ARE LEAKING.",EC-8b8a06a3df51dc58,LG-8b8a06a3df51dc58,1.0,2,Completed intake-gasket correction is directly transferable across cylinder slots.
MR-2af8368ba7c067b7,100032,RIGHT ENG #4 AIR BAFFLE IS CRACKED,"L/H ENG, L/H AFT BAFFLE CRACKED, SEVERAL PLACES.",1,"Same baffle crack, but engine side conflicts (right versus left).",102328,1,structure,Replace,LEAK CK PROP OIL LINE - GOOD.,Other,"L/H ENG, L/H AFT BAFFLE CRACKED, SEVERAL PLACES.",EC-b0a836b812ff7070,LG-b0a836b812ff7070,0.8,0,A propeller-oil-line leak check does not diagnose or repair the cracked engine baffle.
MR-49cf81af144a1e46,103173,#2 & 4 INTAKES LEAKING.,INTAKES 2 & 4 LEAKING ON R/H ENGINE.,2,"Same core problem; engine side is stated on only one side, without contradiction.",106109,2,structure,Replace,CLINDERS NEED TO BE REPLACED. ,Replace,INTAKES 2 & 4 LEAKING ON R/H ENGINE.,EC-97caa6160c52c03f,LG-4285908bb8f7434c,1.0,0,Historical record is unresolved/recommendation-only rather than a completed useful action.
MR-3ef57f6477282be7,101898,#3 INDUCTION TUBE GASKET LEAKING.,L/H ENG #3 & 4 CYL INTAKE GASKETS LEAKING.,1,"Same intake leak, but the specified cylinder set conflicts (3 versus 3,4).",106122,1,structure,Replace,"REMOVED COWL, REMOVED & REPLACED GASKETS. REINSTALLED C",Replace,L/H ENG #3 & 4 CYL INTAKE GASKETS LEAKING.,EC-4806f7911e096a20,LG-4285908bb8f7434c,0.6,2,Completed intake-gasket correction is directly transferable across cylinder slots.
MR-d73bb6798cc10c64,100991,#2 INDUCTION TUBE GASKET LEAKING.,"CYL #1, 2, 4 INTAKE GASKETS LEAKING.",1,"Same intake leak, but the specified cylinder set conflicts (2 versus 1,2,4).",106089,3,structure,Replace,REMOVED & REPLACED GASKETS.,Replace,"CYL #1, 2, 4 INTAKE GASKETS LEAKING.",EC-47ad4117e588d4c8,LG-4285908bb8f7434c,0.6,2,Completed intake-gasket correction is directly transferable across cylinder slots.
MR-579096957f933c84,104702,L/H ENG #2 CYL HAS LOW COMPRESSION.,#4 CYL ON L/H ENG HAS LOW COMPRESSION. LEAKING FROM EXHAUST,1,"Same low cylinder compression, but the specified cylinder set conflicts (2 versus 4).",102943,5,structure,Replace,"REINSTALLED AFT MUFFLER ASSY, CARB HEAT BOX. RAN ENGINE",Other,#4 CYL ON L/H ENG HAS LOW COMPRESSION. LEAKING FROM EXHAUST,EC-5032c317cd8729ef,LG-5032c317cd8729ef,1.0,0,Reinstalling the muffler/carb-heat assembly and running the engine does not show correction of low compression.
MR-de68941e5f506493,101434,"R/H ENG CYL #4, 3 INTAKE GASKETS LEAKING.",R/H ENG CYL #3 & 4 INTAKE GASKETS LEAKING.,2,"Same core problem with compatible recorded component, defect, and context.",102868,4,structure,Replace,REPLACED GASKETS.,Replace,R/H ENG CYL #3 & 4 INTAKE GASKETS LEAKING.,EC-6c76ea204188f551,LG-4285908bb8f7434c,1.0,2,Completed intake-gasket correction is directly transferable across cylinder slots.
MR-f13906ed7e0f325f,100991,#2 INDUCTION TUBE GASKET LEAKING.,"R/H ENGINE #4 INTAKE LEAKING, AND #3 INTAKE.",1,"Same intake leak, but the specified cylinder set conflicts (2 versus 3,4).",106086,4,structure,Replace,REPLACED GASKET.,Replace,"R/H ENGINE #4 INTAKE LEAKING, AND #3 INTAKE.",EC-3fd12f5460e599ff,LG-3fd12f5460e599ff,0.6,2,Completed intake-gasket correction is directly transferable across cylinder slots.
MR-c09c92a47012837c,105480,#1 & 3 INTAKES LEAKING.,"INTAKES 2, 3 & 4 LEAKING ON R/H ENGINE.",1,"Same intake leak, but the specified cylinder set conflicts (1,3 versus 2,3,4).",103495,5,structure,Replace,REPLACED INTAKE GASKETS ON R/H ENGINE.,Replace,"INTAKES 2, 3 & 4 LEAKING ON R/H ENGINE.",EC-acfd9a8357993041,LG-4285908bb8f7434c,1.0,2,Completed intake-gasket correction is directly transferable across cylinder slots.
MR-8f4d36329a466cfa,100629,#2 INTAKE GASKET LEAKS.,#2 INTAKE GASKET IS LEAKING.,2,"Same core problem with compatible recorded component, defect, and context.",100959,5,structure,Replace,REMOVED & REPLACED GASKET.,Replace,#2 INTAKE GASKET IS LEAKING.,EC-53f353a420cf4fcc,LG-4285908bb8f7434c,1.0,2,Completed intake-gasket correction is directly transferable across cylinder slots.
MR-5ff9ad893468b2f6,101264,CYL #3 ROCKER COVER IS MISSING A SCREW.,#3 CYL BAFFLE IS MISSING SCREW ON BRACKET.,0,Different core problems: rocker-cover missing screw versus baffle missing hardware.,102105,2,structure,Replace,INSTALLED NEW SCREW.,Replace,#3 CYL BAFFLE IS MISSING SCREW ON BRACKET.,EC-bae4f90eacb60d31,LG-1b9f539921ee9421,0.8666666666666667,0,
MR-0b7456af479a745c,100716,R/H ENG CORNER BRACKET BY PROP CABLE IS CRACKED.,R/H ENG #4 BAFFLE CRACKED AT OIL COOLER.,0,Different core problems: structural crack versus baffle crack.,103946,5,structure,Replace,STOP DRILLED CRACK.,Other,R/H ENG #4 BAFFLE CRACKED AT OIL COOLER.,EC-9a19bda22c2b7c4c,LG-486dfcf538c059ba,0.7333333333333334,0,
MR-f788ff132d67d175,105592,SMALL RUST SPOT ON AFT TOP L/H (L/H ENGINE MOUNT).,REMOVE ZIP TIES FROM ENGINE MOUNT.,1,"Related maintenance area, but core problem differs: engine-mount rust versus engine-mount attachment.",105629,3,structure,Inspect,REMOVED ALL ZIP TIES FROM ENGINE MOUNT.,Other,REMOVE ZIP TIES FROM ENGINE MOUNT.,EC-a02394fab1d32161,LG-a02394fab1d32161,0.6785714285714286,0,Historical action does not treat the queried engine-mount rust condition.
MR-bed1d8f7ff6b79d0,104674,R/H REAR BAFFLE INSP HOLE WORN.,#1 CYL FWD BAFFLE SEAL HAS A HOLE WORN IN IT.,1,"Related maintenance area, but core problem differs: baffle worn hole versus baffle seal defect.",103504,1,structure,Replace,REPAIRED W/ HIGH TEMP SILICONE.,Repair,#1 CYL FWD BAFFLE SEAL HAS A HOLE WORN IN IT.,EC-205c8aa30c40196d,LG-205c8aa30c40196d,0.8,0,Historical action addresses a different component/fault or provides no meaningful action for the query.
MR-def085836d3d3798,104674,R/H REAR BAFFLE INSP HOLE WORN.,FWD BLACK ENG SEAL WORN.,1,"Related maintenance area, but core problem differs: baffle worn hole versus cowl/engine seal wear.",103421,4,structure,Replace,INSTALLED RTV SILICONE IN WORN AREAS.,Replace,FWD BLACK ENG SEAL WORN.,EC-24797eab80c726f1,LG-24797eab80c726f1,0.6,0,Action treats worn seal material rather than the queried baffle inspection hole.
MR-ebb3a1b5c936bbd1,100641,R/H ENG #2 & 4 INDUCTION TUBE GASKETS LEAKING.,"#2 & 4 INTAKE GASKETS ARE LEAKING, L/H ENG.",1,"Same intake leak, but engine side conflicts (right versus left).",102095,5,structure,Replace,"REMOVED & REPLACED INTAKE GASKETS, L/H ENG.",Replace,"#2 & 4 INTAKE GASKETS ARE LEAKING, L/H ENG.",EC-f5a1525fecba6315,LG-f5a1525fecba6315,0.8,2,Completed intake-gasket correction is directly transferable across cylinder slots.
MR-ad03be8eb542d77e,100541,ALL ROCKER COVER SCREWS ARE LOOSE.,ALL ROCKER COVER SCREWS LOOSE & 1 MISSING.,1,"Related maintenance area, but core problem differs: rocker-cover loose screws versus rocker-cover missing screw.",101788,2,structure,Adjust,REPLACED MISSING SCREW & TIGHTENED ALL SCREWS.,Replace,ALL ROCKER COVER SCREWS LOOSE & 1 MISSING.,EC-98d653f24f28595a,LG-98d653f24f28595a,1.0,2,Replacing the missing screw and tightening all screws fully addresses the loose-screw query.
MR-f1a071ca69550a60,105610,#3 & 4 INTAKES LEAKING.,L/H ENG #2 & 3 INTAKES ARE LEAKING.,1,"Same intake leak, but the specified cylinder set conflicts (3,4 versus 2,3).",103544,4,structure,Replace,REPLACED #3 GASKET.,Replace,L/H ENG #2 & 3 INTAKES ARE LEAKING.,EC-410f2059a575ccfa,LG-4285908bb8f7434c,1.0,1,"Correct intake-gasket action, but it covers only part of the compound query."
MR-021850b7d8ca4883,104157,#2 & 3 INTAKES LEAKING.,L/H ENG #2 & 3 INTAKES ARE LEAKING.,2,"Same core problem; engine side is stated on only one side, without contradiction.",103544,4,structure,Replace,REPLACED #3 GASKET.,Replace,L/H ENG #2 & 3 INTAKES ARE LEAKING.,EC-410f2059a575ccfa,LG-4285908bb8f7434c,1.0,1,"Correct intake-gasket action, but it covers only part of the compound query."
MR-80f31396f1cd314d,100629,#2 INTAKE GASKET LEAKS.,L/H ENG #4 CYL INTAKE GASKET IS LEAKING.,1,"Same intake leak, but the specified cylinder set conflicts (2 versus 4).",103605,1,structure,Replace,REMOVED & REPLACED GASKET.,Replace,L/H ENG #4 CYL INTAKE GASKET IS LEAKING.,EC-9187c760c59569da,LG-4285908bb8f7434c,1.0,2,Completed intake-gasket correction is directly transferable across cylinder slots.
MR-49dc9c23c55e5d06,101458,#3 CYLINDER ON R/H ENGINE HAS LOW COMPRESSION.,"LOW COMPRESSION ON CYLINDER #2, L/H ENGINE.",1,"Same low cylinder compression, but engine side conflicts (right versus left).",106021,1,structure,Diagnose,FOUND COMPRESSION BELOW 40/80 PSI & LEAKING OUT EXHAUST,Diagnose,"LOW COMPRESSION ON CYLINDER #2, L/H ENGINE.",EC-b1b42a92c60e1f6d,LG-128e4577464b4123,1.0,1,"Relevant diagnostic/verification evidence, but no clear corrective resolution is recorded."
MR-3384dc2bf36dd790,102327,#3 INDUCTION TUBE GASKET LEAKING.,"CYL #1, 2, 4 INTAKE GASKETS LEAKING.",1,"Same intake leak, but the specified cylinder set conflicts (3 versus 1,2,4).",106089,3,structure,Replace,REMOVED & REPLACED GASKETS.,Replace,"CYL #1, 2, 4 INTAKE GASKETS LEAKING.",EC-47ad4117e588d4c8,LG-4285908bb8f7434c,0.6,2,Completed intake-gasket correction is directly transferable across cylinder slots.
MR-9c2a06f413d94643,103623,FOUND BROKEN COVER SCREW ON GROUND.,R/H REAR ENGINE BAFFLE SUPPORT BRACKET RIVETS BROKEN.,0,Only the generic broken condition overlaps; a cover screw and broken baffle-support rivets are different problems.,101806,4,structure,Replace,"LOOSENED OIL COOLER, OIL PRESSURE LINE. RE-RIVETED BAFF",Other,R/H REAR ENGINE BAFFLE SUPPORT BRACKET RIVETS BROKEN.,EC-6886c3943f33233e,LG-6886c3943f33233e,0.6,0,
MR-532048223cc2df41,102381,L/H ENG #3 INDUCTION TUBE GASKET LEAKING.,"#2 & 4 INTAKE GASKETS ARE LEAKING, L/H ENG.",1,"Same intake leak, but the specified cylinder set conflicts (3 versus 2,4).",102095,5,structure,Replace,"REMOVED & REPLACED INTAKE GASKETS, L/H ENG.",Replace,"#2 & 4 INTAKE GASKETS ARE LEAKING, L/H ENG.",EC-f5a1525fecba6315,LG-f5a1525fecba6315,0.8,2,Completed intake-gasket correction is directly transferable across cylinder slots.
MR-b864cffeb0cacfe0,101194,ROCKER BOX COVER SCREWS LOOSE.,INDUCTION TUBE HOSE CLAMPS LOOSE (ALL CYLS).,0,Different core problems: rocker-cover loose screws versus intake tube loose/damaged.,100026,2,structure,Adjust,TIGHTENED HOSE CLAMPS.,Adjust,INDUCTION TUBE HOSE CLAMPS LOOSE (ALL CYLS).,EC-134da831ec3f7c78,LG-4d3f1a1149d21098,0.6,0,
MR-6e9b141dad6bb91e,106156,BAFFLE PLUG DAMAGED.,"BAFFLE PLUG DAMAGED, REQUIRES REPLACEMENT.",2,"Same core problem with compatible recorded component, defect, and context.",103244,1,structure,Replace,REMOVED & REPLACED BAFFLE PLUG.,Replace,"BAFFLE PLUG DAMAGED, REQUIRES REPLACEMENT.",EC-91139f1be1abd938,LG-91139f1be1abd938,1.0,2,Historical action directly addresses the same maintenance condition; slot/location differences are transferable.
MR-46bd6f77d20c83b9,102316,ENGINE AFT BAFFLE CYL #3 AREA HAS SHEARED RIVETS ON SUPPORT,TAB ON #3 CYL AFT BAFFLE RIVETS SHEARED OFF.,2,"Same core problem with compatible recorded component, defect, and context.",105807,3,structure,Replace,REMOVED & REPLACED RIVETS.,Replace,TAB ON #3 CYL AFT BAFFLE RIVETS SHEARED OFF.,EC-3257232787540a28,LG-3257232787540a28,0.8,2,Historical action directly addresses the same maintenance condition; slot/location differences are transferable.
MR-b8f66d1320f3475c,103373,"R/H FWD BAFFLE, #1 CYL SIDE, HAS A CRACK.",BAFFLE IS CRACKED ABOVE #1 CYL.,1,"Same cracked cylinder-1 baffle, but forward-side versus above-cylinder location differs materially.",102745,2,structure,Repair,STOP DRILLED CRACK & INSTALLED PATCH AROUND CRACKED ARE,Replace,BAFFLE IS CRACKED ABOVE #1 CYL.,EC-fbae36f27e47e735,LG-ab88affdca25a745,1.0,2,Historical action directly addresses the same maintenance condition; slot/location differences are transferable.
MR-9f947a87e1bf75e4,104219,BOTH OIL COOLERS DIRTY.,SNIFFLER VALVE DIRTY.,0,Different core problems: oil-cooler contamination versus contamination.,103047,5,structure,Service,CLEANED SNIFFLER VALVES.,Service,SNIFFLER VALVE DIRTY.,EC-33a36d1881741dec,LG-5027701bd7fa9f57,0.6,0,
MR-979c83e3ace07e3c,101194,ROCKER BOX COVER SCREWS LOOSE.,INDUCTION TUBE HOSE CLAMPS LOOSE (ALL CYL).,0,Different core problems: rocker-cover loose screws versus intake tube loose/damaged.,100024,3,structure,Adjust,TIGHTENED HOSE CLAMPS.,Adjust,INDUCTION TUBE HOSE CLAMPS LOOSE (ALL CYL).,EC-4d3f1a1149d21098,LG-4d3f1a1149d21098,0.6,0,
MR-3d9df847afa98774,100716,R/H ENG CORNER BRACKET BY PROP CABLE IS CRACKED.,"LOWER AFT COWL, L/H ENG STARTER GEN AIR VENT HAS CRACK.",0,"Both mention a crack, but a prop-cable corner bracket and a starter-generator cowl air vent are different core components.",105655,1,structure,Replace,APPLIED SEALANT TO CRACK.,Other,"LOWER AFT COWL, L/H ENG STARTER GEN AIR VENT HAS CRACK.",EC-c24a0b8f0dc557b6,LG-c24a0b8f0dc557b6,0.7333333333333334,0,
MR-de14c1def79b88a0,102327,#3 INDUCTION TUBE GASKET LEAKING.,L/H ENGINE #2 & 4 INTAKES LEAKING.,1,"Same intake leak, but the specified cylinder set conflicts (3 versus 2,4).",106085,5,structure,Replace,REPLACED GASKETS.,Replace,L/H ENGINE #2 & 4 INTAKES LEAKING.,EC-603b22dcdb952fe3,LG-4285908bb8f7434c,0.6,2,Completed intake-gasket correction is directly transferable across cylinder slots.
MR-8ab21fb5af198e08,103676,#4 CYL ROCKER COVER IS MISSING SCREW.,#3 CYL BAFFLE IS MISSING SCREW ON BRACKET.,0,Different core problems: rocker-cover missing screw versus baffle missing hardware.,102105,2,structure,Replace,INSTALLED NEW SCREW.,Replace,#3 CYL BAFFLE IS MISSING SCREW ON BRACKET.,EC-bae4f90eacb60d31,LG-1b9f539921ee9421,0.8666666666666667,0,
MR-a421f400e24de48a,103274,INTAKES #2 & 4 LEAKING.,"INTAKES 2, 3 & 4 LEAKING ON R/H ENGINE.",1,"Same intake leak, but the specified cylinder set conflicts (2,4 versus 2,3,4).",103495,5,structure,Replace,REPLACED INTAKE GASKETS ON R/H ENGINE.,Replace,"INTAKES 2, 3 & 4 LEAKING ON R/H ENGINE.",EC-acfd9a8357993041,LG-4285908bb8f7434c,1.0,2,Completed intake-gasket correction is directly transferable across cylinder slots.
MR-6640cb4f1c021212,102604,#4 INTAKE LEAKS.,R/H ENG #4 INTAKE IS LEAKING.,2,"Same core problem; engine side is stated on only one side, without contradiction.",103546,5,structure,Replace,"REPLACED GASKET, CLEANED AREA.",Replace,R/H ENG #4 INTAKE IS LEAKING.,EC-27a229aef66eeb4d,LG-4285908bb8f7434c,1.0,2,Completed intake-gasket correction is directly transferable across cylinder slots.
MR-61f530ededd9617e,100308,"#2, 3 & 4 ROCKER BOX COVER SCREWS LOOSE.",R/H ENGINE #3 AFT BAFFLE SEAL IS LOOSE.,0,Different core problems: rocker-cover loose screws versus baffle seal defect.,100058,4,structure,Adjust,SECURED BAFFLE SEAL.,Adjust,R/H ENGINE #3 AFT BAFFLE SEAL IS LOOSE.,EC-3c8664cb6096a485,LG-37ac3da11bdb9f3b,0.6,0,
MR-e52c0ab3ac3df6da,103173,#2 & 4 INTAKES LEAKING.,"INTAKES 2, 3 & 4 LEAKING ON L/H ENGINE.",1,"Same intake leak, but the specified cylinder set conflicts (2,4 versus 2,3,4).",106105,1,structure,Replace,REMOVED & REPLACED W/ NEW GASKETS.,Replace,"INTAKES 2, 3 & 4 LEAKING ON L/H ENGINE.",EC-f4c4e83928513c1e,LG-4285908bb8f7434c,1.0,2,Completed intake-gasket correction is directly transferable across cylinder slots.
MR-d19925002c69ac0d,104157,#2 & 3 INTAKES LEAKING.,INTAKES 2 & 4 LEAKING ON R/H ENGINE.,1,"Same intake leak, but the specified cylinder set conflicts (2,3 versus 2,4).",106109,2,structure,Replace,CLINDERS NEED TO BE REPLACED. ,Replace,INTAKES 2 & 4 LEAKING ON R/H ENGINE.,EC-97caa6160c52c03f,LG-4285908bb8f7434c,1.0,0,Historical record is unresolved/recommendation-only rather than a completed useful action.
MR-db66070970d60952,106132,R/H ENG #2 CYL PUSH ROD END & ROCKER SCORED.,"#4 CYL INTAKE TUBE FLANGE WORN, L/H ENG.",0,Different core problems: pushrod/rocker damage versus intake tube loose/damaged.,103872,1,structure,Replace,REMOVED & REPLACED INTAKE TUBE FLANGE.,Replace,"#4 CYL INTAKE TUBE FLANGE WORN, L/H ENG.",EC-f1f26a9ac3db4584,LG-f1f26a9ac3db4584,0.8,0,
MR-3b31cba5ef9d4bf9,106106,L/H ENGINE #4 BAFFLE CRACKED.,"L/H ENGINE, ENGINE BAFFLE CRACKED AT OIL COOLER.",1,"Same cracked L/H engine baffle, but cylinder-4 versus oil-cooler location differs materially.",104508,3,structure,Replace,STOP DRILLED CRACK.,Other,"L/H ENGINE, ENGINE BAFFLE CRACKED AT OIL COOLER.",EC-8b145591b7aa4dcd,LG-486dfcf538c059ba,1.0,2,Historical action directly addresses the same maintenance condition; slot/location differences are transferable.
MR-8f0c302a40e07e70,102624,COWL SEAL BY #2 CYL NEEDS TO BE REATTCHED TO BAFFLING.,#3 CYL TOP BAFFLING HAS A CRACK.,1,"Related maintenance area, but core problem differs: baffle seal defect versus baffle crack.",103920,4,structure,Replace,STOP DRILLED CRACK.,Other,#3 CYL TOP BAFFLING HAS A CRACK.,EC-ba7217e25eae07fa,LG-ba7217e25eae07fa,0.6666666666666665,0,Historical action addresses a different component/fault or provides no meaningful action for the query.
MR-57122e659517f721,100112,L/H ENGINE #4 AFT BAFFLE CRACKED IN MULTIPLE PLACES.,#3 AFT BAFFLE CRACKED ON R/H ENGINE.,1,"Same baffle crack, but engine side conflicts (left versus right).",103844,2,structure,Replace,"REMOVED BAFFLE, STOP DRILLED CRACK, FABRICATED & INSTAL",Repair,#3 AFT BAFFLE CRACKED ON R/H ENGINE.,EC-1ed2bea3ed35f272,LG-1ed2bea3ed35f272,1.0,2,Historical action directly addresses the same maintenance condition; slot/location differences are transferable.
MR-2d4ea3994545bc86,101668,"ROCKER COVER GASKETS #2, 3 TORN.",ROCKER COVER GASKETS CYL #2 & 4 LEAKING.,1,"Same component area, but defect differs: torn versus leaking.",101714,4,structure,Replace,REMOVED & REPLACED ROCKER COVER GASKETS.,Replace,ROCKER COVER GASKETS CYL #2 & 4 LEAKING.,EC-a779f4a2a39498de,LG-608d782c2258dd59,0.65,2,Historical action directly addresses the same maintenance condition; slot/location differences are transferable.
MR-21c75c16d8b58d19,105306,#2 & 4 INTAKES LEAKING.,INTAKES 2 & 4 LEAKING ON R/H ENGINE.,2,"Same core problem; engine side is stated on only one side, without contradiction.",106109,2,structure,Replace,CLINDERS NEED TO BE REPLACED. ,Replace,INTAKES 2 & 4 LEAKING ON R/H ENGINE.,EC-97caa6160c52c03f,LG-4285908bb8f7434c,1.0,0,Historical record is unresolved/recommendation-only rather than a completed useful action.
MR-df5c97e94c66f8d3,101194,ROCKER BOX COVER SCREWS LOOSE.,GROUNDING POINTS ON ENG & FIREWALL LOOSE.,0,Different core problems: rocker-cover loose screws versus loose hardware/component.,106091,4,structure,Adjust,TIGHTENED ALL BOLTS.,Adjust,GROUNDING POINTS ON ENG & FIREWALL LOOSE.,EC-25238a27175b7fcb,LG-25238a27175b7fcb,0.6,0,
MR-e65a1804920cf255,103861,#4 INDUCTION TUBE GASKET LEAKING.,"R/H ENGINE #4 INTAKE LEAKING, AND #3 INTAKE.",1,"Same intake leak, but the specified cylinder set conflicts (4 versus 3,4).",106086,4,structure,Replace,REPLACED GASKET.,Replace,"R/H ENGINE #4 INTAKE LEAKING, AND #3 INTAKE.",EC-3fd12f5460e599ff,LG-3fd12f5460e599ff,0.6,2,Completed intake-gasket correction is directly transferable across cylinder slots.
MR-28a8fbc91e8b904b,100958,#4 ROCKER COVER SCREWS LOOSE.,"#2, 3, 4 ROCKER COVER SCREWS LOOSE ON R/H ENG.",1,"Same rocker-cover loose screws, but the specified cylinder set conflicts (4 versus 2,3,4).",102775,4,structure,Adjust,"TIGHTENED ALL SCREWS ON #2, 3, 4 ROCKER COVERS.",Adjust,"#2, 3, 4 ROCKER COVER SCREWS LOOSE ON R/H ENG.",EC-25c464b19e76ef18,LG-25c464b19e76ef18,1.0,2,Historical action directly addresses the same maintenance condition; slot/location differences are transferable.
MR-17e7ca250857931c,100006,ROCKER BOX COVER SCREWS LOOSE (ALL CYL).,#2 & 4 CYL ROCKER COVER SCREWS ARE LOOSE.,1,"Same loose rocker-cover screws, but all cylinders versus only cylinders 2 and 4 is a material scope mismatch.",101923,2,structure,Adjust,TIGHTENED SCREWS.,Adjust,#2 & 4 CYL ROCKER COVER SCREWS ARE LOOSE.,EC-0da31f24efe47fb5,LG-0da31f24efe47fb5,0.8,1,"Tightening cylinders 2 and 4 is relevant, but it covers only part of the all-cylinder rocker-cover query."
MR-5e3df8eeb380a107,103087,#2 & 4 INTAKES LEAKING.,L/H ENGINE #2 & 4 INTAKES LEAKING.,2,"Same core problem; engine side is stated on only one side, without contradiction.",106085,3,structure,Replace,REPLACED GASKETS.,Replace,L/H ENGINE #2 & 4 INTAKES LEAKING.,EC-603b22dcdb952fe3,LG-4285908bb8f7434c,1.0,2,Completed intake-gasket correction is directly transferable across cylinder slots.
MR-1b67690e64646568,104515,#2 & 1 INTAKES LEAKING.,L/H ENG #2 & 3 INTAKES ARE LEAKING.,1,"Same intake leak, but the specified cylinder set conflicts (1,2 versus 2,3).",103544,4,structure,Replace,REPLACED #3 GASKET.,Replace,L/H ENG #2 & 3 INTAKES ARE LEAKING.,EC-410f2059a575ccfa,LG-4285908bb8f7434c,1.0,1,"Correct intake-gasket action, but it covers only part of the compound query."
MR-1cabe8fb8c34d4ed,103145,INTAKES #1 & 2 LEAKING.,"INTAKES 2, 3 & 4 LEAKING ON R/H ENGINE.",1,"Same intake leak, but the specified cylinder set conflicts (1,2 versus 2,3,4).",103495,5,structure,Replace,REPLACED INTAKE GASKETS ON R/H ENGINE.,Replace,"INTAKES 2, 3 & 4 LEAKING ON R/H ENGINE.",EC-acfd9a8357993041,LG-4285908bb8f7434c,1.0,2,Completed intake-gasket correction is directly transferable across cylinder slots.
MR-08c4c92f72192d6c,102604,#4 INTAKE LEAKS.,#2 CYL INTAKE LEAKING.,1,"Same intake leak, but the specified cylinder set conflicts (4 versus 2).",106154,1,structure,Replace,INSTALLED NEW GASKET.,Replace,#2 CYL INTAKE LEAKING.,EC-514eea05daaa3655,LG-4285908bb8f7434c,1.0,2,Completed intake-gasket correction is directly transferable across cylinder slots.
MR-9b4cd31a2b92ceb0,100081,#2 INTAKE LEAKS.,CYL #2 INTAKE LEAKING.,2,"Same core problem with compatible recorded component, defect, and context.",103578,4,structure,Replace,REMOVED & REPLACED INTAKE GASKET.,Replace,CYL #2 INTAKE LEAKING.,EC-ec7d2bc60636fedc,LG-4285908bb8f7434c,1.0,2,Completed intake-gasket correction is directly transferable across cylinder slots.
MR-ae3099b6f2da9ca6,100636,R/H ENGINE #3 INDUCTION TUBE GASKET LEAKING.,L/H ENGINE #4 INTAKE LEAKING.,1,"Same intake leak, but engine side conflicts (right versus left).",100923,4,structure,Replace,REPLACED GASKET.,Replace,L/H ENGINE #4 INTAKE LEAKING.,EC-521eaa9c30bc1196,LG-4285908bb8f7434c,0.8,2,Completed intake-gasket correction is directly transferable across cylinder slots.
MR-7221f3c2d4ec802c,101980,"R/H ENG #2, 3 & 4 ROCKER BOX COVERS LEAKING.","#2 & 4 INTAKE GASKETS ARE LEAKING, L/H ENG.",0,Different core problems: rocker-cover gasket defect versus intake leak.,102095,5,structure,Replace,"REMOVED & REPLACED INTAKE GASKETS, L/H ENG.",Replace,"#2 & 4 INTAKE GASKETS ARE LEAKING, L/H ENG.",EC-f5a1525fecba6315,LG-f5a1525fecba6315,0.8,0,
MR-7dade3eeefa86bce,103884,BAFFLE SCREW MISSING ABOVE STARTER.,"R/H ENGINE, L/H FWD BAFFLE SCREW MISSING.",1,"Same missing baffle screw, but above-starter versus R/H-engine L/H-forward-baffle location differs materially.",100635,1,structure,Replace,INSTALLED NEW SCREW.,Replace,"R/H ENGINE, L/H FWD BAFFLE SCREW MISSING.",EC-0aa6b5b18411bb38,LG-0aa6b5b18411bb38,0.8,2,Historical action directly addresses the same maintenance condition; slot/location differences are transferable.
MR-9e171192e1f6f6e5,101264,CYL #3 ROCKER COVER IS MISSING A SCREW.,SCREW MISSING FROM L/H ENGINE #3 ROCKER COVER.,2,"Same core problem; engine side is stated on only one side, without contradiction.",104233,4,structure,Replace,INSTALLED NEW HARDWARE.,Replace,SCREW MISSING FROM L/H ENGINE #3 ROCKER COVER.,EC-fcc944d83cff7153,LG-fcc944d83cff7153,0.8666666666666667,2,Historical action directly addresses the same maintenance condition; slot/location differences are transferable.
MR-f8da7025b8d6b8ca,105116,"R/H BAFFLE SEAL, BY #2 CYL, TORN.",L/H ENGINE BAFFLE SEAL ABOVE #4 CYLINDER IS TORN.,1,"Same baffle seal defect, but engine side conflicts (right versus left).",101200,5,structure,Replace,INSTALLED NEW SEAL.,Replace,L/H ENGINE BAFFLE SEAL ABOVE #4 CYLINDER IS TORN.,EC-9f975bb141e22bc9,LG-9f975bb141e22bc9,0.8,2,Historical action directly addresses the same maintenance condition; slot/location differences are transferable.
MR-258d79021df58ddb,102327,#3 INDUCTION TUBE GASKET LEAKING.,#1 INTAKE GASKET LEAKING.,1,"Same intake leak, but the specified cylinder set conflicts (3 versus 1).",106098,2,structure,Replace,INSTALLED NEW INTAKE GASKET.,Replace,#1 INTAKE GASKET LEAKING.,EC-66c69e07864cfa3c,LG-4285908bb8f7434c,0.6,2,Completed intake-gasket correction is directly transferable across cylinder slots.
MR-59b4b879e9ac2896,104135,BAFFLE PLUG IS DAMAGED.,"BAFFLE PLUG DAMAGED, REQUIRES REPLACEMENT.",2,"Same core problem with compatible recorded component, defect, and context.",103244,1,structure,Replace,REMOVED & REPLACED BAFFLE PLUG.,Replace,"BAFFLE PLUG DAMAGED, REQUIRES REPLACEMENT.",EC-91139f1be1abd938,LG-91139f1be1abd938,1.0,2,Historical action directly addresses the same maintenance condition; slot/location differences are transferable.
MR-217ba083e7200f8f,100727,REAR BAFFLE PLUGS WORN OUT.,BOTH SPARK PLUG BAFFLE PLUGS ARE WORN.,2,"Same core problem; position is stated on only one side, without contradiction.",101156,3,structure,Replace,REMOVED & REPLACED SPARK PLUG BAFFLE PLUGS.,Replace,BOTH SPARK PLUG BAFFLE PLUGS ARE WORN.,EC-b2b4e696a0553f8e,LG-b2b4e696a0553f8e,0.8749999999999999,2,Replacing worn spark-plug baffle plugs directly addresses the worn rear baffle-plug query.
MR-8534be37c13c0798,100716,R/H ENG CORNER BRACKET BY PROP CABLE IS CRACKED.,"ENG BAFFLING CRACKED, R/H SIDE, ABOVE #1 CYLINDER.",0,Different core problems: structural crack versus baffle crack.,100644,3,structure,Replace,CLEANED UP EDGES & INSTALLED.,Replace,"ENG BAFFLING CRACKED, R/H SIDE, ABOVE #1 CYLINDER.",EC-d192a3fe3670dee5,LG-d192a3fe3670dee5,0.7333333333333334,0,
MR-282034bff37d5263,102624,COWL SEAL BY #2 CYL NEEDS TO BE REATTCHED TO BAFFLING.,#1 OUTER CYL BAFFLING CRACKED BY NUTPLATE.,1,"Related maintenance area, but core problem differs: baffle seal defect versus baffle crack.",103229,2,structure,Replace,STOP DRILLED CRACK ON #1 CYL OUTER BAFFLING.,Other,#1 OUTER CYL BAFFLING CRACKED BY NUTPLATE.,EC-8317d6ec44697d88,LG-accdf93f9a1c30b0,0.6666666666666665,0,Historical action addresses a different component/fault or provides no meaningful action for the query.
MR-ece193d3c6fe7abe,102952,AUTO RE-IGN DOES NOT ACTIVATE W/ LOW N2 CONDITIONS.,"#4 CYL, L/H ENG, HAS LOW COMPRESSION.",0,Different core problems: auto re-ignition failure versus low cylinder compression.,102557,3,structure,Diagnose,LEAK CK GOOD. OPS CK GOOD.,Other,"#4 CYL, L/H ENG, HAS LOW COMPRESSION.",EC-eee39494c3318421,LG-eee39494c3318421,0.3,0,
MR-6560016ded7aefa0,100095,ROCKER BOX COVER SCREWS LOOSE.,"RIVET LOOSE AT BAFFLE, AFT CENTER.",0,Different core problems: rocker-cover loose screws versus loose hardware/component.,106144,1,structure,Adjust,REPLACED RIVET W/ NEW.,Replace,"RIVET LOOSE AT BAFFLE, AFT CENTER.",EC-dac366a25718c46c,LG-dac366a25718c46c,0.6,0,
MR-549e0e85cfe62175,101371,AFT BAFFLE BRACKET MISSING SCREW.,"SCREW MISSING, AFT BAFFLE BRACKET.",2,"Same core problem with compatible recorded component, defect, and context.",100724,2,structure,Replace,INSTALLED SCREW.,Replace,"SCREW MISSING, AFT BAFFLE BRACKET.",EC-69dbe7d1978df527,LG-69dbe7d1978df527,0.95,2,Historical action directly addresses the same maintenance condition; slot/location differences are transferable.
MR-748037aca5f42eb1,100112,L/H ENGINE #4 AFT BAFFLE CRACKED IN MULTIPLE PLACES.,L/H ENGINE BAFFLE BY ROCKER COVERS CRACKED.,1,"Same cracked L/H engine baffle, but cylinder-4 aft versus rocker-cover-area location differs materially.",104457,5,structure,Replace,REMOVED & REPLACED L/H ENGINE BAFFLE OVER ROCKER COVERS,Replace,L/H ENGINE BAFFLE BY ROCKER COVERS CRACKED.,EC-4cec170209188659,LG-4cec170209188659,1.0,1,"Action is relevant to the same problem class, but the recorded target or completion is not sufficiently explicit for a strong label."
MR-f892fae454d50b24,104071,"R/H ENG, R/H REAR BAFFLE IS CRACKED.","R/H ENG, FWD I/B BAFFLE HAS SMALL CRACK.",1,"Same baffle crack, but the specified location conflicts (aft versus front).",100161,4,structure,Inspect,STOP DRILLED CRACK.,Other,"R/H ENG, FWD I/B BAFFLE HAS SMALL CRACK.",EC-78d989bf1cf651d7,LG-78d989bf1cf651d7,1.0,2,Historical action directly addresses the same maintenance condition; slot/location differences are transferable.
MR-9eb45a9a1765678a,105610,#3 & 4 INTAKES LEAKING.,L/H ENGINE #2 & 4 INTAKES LEAKING.,1,"Same intake leak, but the specified cylinder set conflicts (3,4 versus 2,4).",106085,3,structure,Replace,REPLACED GASKETS.,Replace,L/H ENGINE #2 & 4 INTAKES LEAKING.,EC-603b22dcdb952fe3,LG-4285908bb8f7434c,1.0,2,Completed intake-gasket correction is directly transferable across cylinder slots.
MR-112d2fa9c8eb2a7a,104515,#2 & 1 INTAKES LEAKING.,L/H ENGINE #2 & 4 INTAKES LEAKING.,1,"Same intake leak, but the specified cylinder set conflicts (1,2 versus 2,4).",106085,3,structure,Replace,REPLACED GASKETS.,Replace,L/H ENGINE #2 & 4 INTAKES LEAKING.,EC-603b22dcdb952fe3,LG-4285908bb8f7434c,1.0,2,Completed intake-gasket correction is directly transferable across cylinder slots.
MR-d8bae1d064f8e5fb,100032,RIGHT ENG #4 AIR BAFFLE IS CRACKED,"L/H ENG BACK BAFFLE, BY #4 CYL, CRACKED.",1,"Same baffle crack, but engine side conflicts (right versus left).",102898,3,structure,Replace,STOP DRILLED CRACK.,Other,"L/H ENG BACK BAFFLE, BY #4 CYL, CRACKED.",EC-abe3783fb00f00ba,LG-abe3783fb00f00ba,0.8,2,Historical action directly addresses the same maintenance condition; slot/location differences are transferable.
MR-c1f3764bcf261b7b,106168,"DURING RUN UP, #2 CYL WAS COLD & ENGINE SHOCK VIOLENTLY (ENG",R/H ENGINE #3 CYL EXHAUST ROCKER WORN ON SHAFT.,0,Different core problems: engine rough/cold cylinder versus wear.,106134,5,structure,Diagnose,REPLACED W/ NEW ROCKER & ROCKER SHAFT. TAPPET CLEARANCE,Replace,R/H ENGINE #3 CYL EXHAUST ROCKER WORN ON SHAFT.,EC-c5162431a24b6540,LG-add2db677f24d601,0.5366666666666666,0,
MR-000151051d945985,106132,R/H ENG #2 CYL PUSH ROD END & ROCKER SCORED.,#4 CYL ROCKER ARM & PUSH ROD GALLED ON EXHAUST SIDE.,1,"Same pushrod/rocker damage, but the specified cylinder set conflicts (2 versus 4).",105666,2,structure,Replace,REMOVED & REPLACED ROCKER ARM & PUSH ROD.,Replace,#4 CYL ROCKER ARM & PUSH ROD GALLED ON EXHAUST SIDE.,EC-7dc7014f8a50ab2b,LG-c496712107f60641,0.8,2,Historical action directly addresses the same maintenance condition; slot/location differences are transferable.
MR-ab9f75f33cdc42dc,101410,REAR R/H ENGINE BAFFLE BRACKET CRACKED.,"CRACK IN FRONT ENGINE BAFFLE, L/H SIDE.",1,"Related maintenance area, but core problem differs: baffle bracket crack versus baffle crack.",102177,2,structure,Replace,STOP DRILLED CRACK.,Other,"CRACK IN FRONT ENGINE BAFFLE, L/H SIDE.",EC-93bf83111ad051b3,LG-93bf83111ad051b3,0.8,1,"Related corrective action, but an important component/fault distinction limits direct applicability."
MR-8eac07e7df7bfbb0,103087,#2 & 4 INTAKES LEAKING.,INTAKES 2 & 4 LEAKING ON R/H ENGINE.,2,"Same core problem; engine side is stated on only one side, without contradiction.",106109,2,structure,Replace,CLINDERS NEED TO BE REPLACED. ,Replace,INTAKES 2 & 4 LEAKING ON R/H ENGINE.,EC-97caa6160c52c03f,LG-4285908bb8f7434c,1.0,0,Historical record is unresolved/recommendation-only rather than a completed useful action.
MR-b54cffd9a275946e,101898,#3 INDUCTION TUBE GASKET LEAKING.,"R/H ENGINE #4 INTAKE LEAKING, AND #3 INTAKE.",1,"Same intake leak, but the specified cylinder set conflicts (3 versus 3,4).",106086,4,structure,Replace,REPLACED GASKET.,Replace,"R/H ENGINE #4 INTAKE LEAKING, AND #3 INTAKE.",EC-3fd12f5460e599ff,LG-3fd12f5460e599ff,0.6,2,Completed intake-gasket correction is directly transferable across cylinder slots.
MR-3d8e98b3e7eae27f,100623,ROCKER BOX COVER SCREWS LOOSE.,INDUCTION TUBE HOSE CLAMPS LOOSE (ALL CYLS).,0,Different core problems: rocker-cover loose screws versus intake tube loose/damaged.,100026,2,structure,Adjust,TIGHTENED HOSE CLAMPS.,Adjust,INDUCTION TUBE HOSE CLAMPS LOOSE (ALL CYLS).,EC-134da831ec3f7c78,LG-4d3f1a1149d21098,0.6,0,
MR-42c875ff085891e1,100958,#4 ROCKER COVER SCREWS LOOSE.,#2 & 4 CYL ROCKER COVER SCREWS ARE LOOSE.,1,"Same rocker-cover loose screws, but the specified cylinder set conflicts (4 versus 2,4).",101923,1,structure,Adjust,TIGHTENED SCREWS.,Adjust,#2 & 4 CYL ROCKER COVER SCREWS ARE LOOSE.,EC-0da31f24efe47fb5,LG-0da31f24efe47fb5,1.0,2,Historical action directly addresses the same maintenance condition; slot/location differences are transferable.
MR-04d455d97a6ae5b7,104071,"R/H ENG, R/H REAR BAFFLE IS CRACKED.","CRACK NOTED ON UNDERSIDE OF #1 ENG CYL BAFFLE, BY NUTS.",1,"Same cracked R/H engine baffle, but rear-baffle versus underside-of-cylinder-1 location differs materially.",104060,5,structure,Inspect,STOP DRILLED CRACK.,Other,"CRACK NOTED ON UNDERSIDE OF #1 ENG CYL BAFFLE, BY NUTS.",EC-faf45074e6265a52,LG-faf45074e6265a52,1.0,2,Historical action directly addresses the same maintenance condition; slot/location differences are transferable.
MR-df31ec27ad87066b,100392,R/H #4 SIDE BAFFLE MISSING BOLTS.,SCREW MISSING IN #3 SIDE BAFFLE.,1,"Same baffle missing hardware, but the specified cylinder set conflicts (4 versus 3).",104359,5,structure,Replace,INSTALLED SCREW.,Replace,SCREW MISSING IN #3 SIDE BAFFLE.,EC-c2a84981e8cba61f,LG-c2a84981e8cba61f,0.8,1,"Installing one side-baffle screw is relevant, but it only partially covers the query for missing bolts."
MR-b8e145ebc4d11181,101225,"CRACK ON ENGINE BAFFLE, LEFT SIDE, BY #3 CYLINDER.",SMALL CRACK NOTED BY BOLT ON #1 CYL BAFFLE OF R/H ENGINE.,1,"Same baffle crack, but the specified cylinder set conflicts (3 versus 1).",104043,5,structure,Repair,STOP DRILLED CRACK.,Other,SMALL CRACK NOTED BY BOLT ON #1 CYL BAFFLE OF R/H ENGINE.,EC-8bda878188da6176,LG-8bda878188da6176,0.8666666666666667,2,Historical action directly addresses the same maintenance condition; slot/location differences are transferable.
MR-c6e8e2210f47eecd,103824,"#3, 4 & 1 INTAKES ARE LEAKING.",L/H ENG #2 & 3 INTAKES ARE LEAKING.,1,"Same intake leak, but the specified cylinder set conflicts (1,3,4 versus 2,3).",103544,4,structure,Replace,REPLACED #3 GASKET.,Replace,L/H ENG #2 & 3 INTAKES ARE LEAKING.,EC-410f2059a575ccfa,LG-4285908bb8f7434c,1.0,1,"Correct intake-gasket action, but it covers only part of the compound query."
MR-9ffb23b904be99f2,103373,"R/H FWD BAFFLE, #1 CYL SIDE, HAS A CRACK.",BAFFLE CRACKED ABOVE #1 CYL.,1,"Same cracked cylinder-1 baffle, but forward-side versus above-cylinder location differs materially.",100726,5,structure,Repair,"REMOVED BAFFLE, STOP DRILLED CRACK. FABRICATED PATCH, P",Repair,BAFFLE CRACKED ABOVE #1 CYL.,EC-ab88affdca25a745,LG-ab88affdca25a745,1.0,2,Historical action directly addresses the same maintenance condition; slot/location differences are transferable.
MR-b9c5863c14c30827,104071,"R/H ENG, R/H REAR BAFFLE IS CRACKED.",R/H ENG OIL COOLER BAFFLE CRACKED.,1,"Same cracked R/H engine baffle, but rear-baffle versus oil-cooler location differs materially.",101258,1,structure,Inspect,REPLACED CRACKED BAFFLE W/ SERVICEABLE BAFFLE.,Replace,R/H ENG OIL COOLER BAFFLE CRACKED.,EC-bb9b155b7b6de5fd,LG-bb9b155b7b6de5fd,1.0,2,Historical action directly addresses the same maintenance condition; slot/location differences are transferable.
MR-ac98abde7ba9f9cf,100958,#4 ROCKER COVER SCREWS LOOSE.,ROCKER COVER SCREWS LOOSE ON L/H ENGINE.,2,"Same core problem; engine side and cylinder/location are stated on only one side, without contradiction.",102910,3,structure,Adjust,TIGHTENED SCREWS.,Adjust,ROCKER COVER SCREWS LOOSE ON L/H ENGINE.,EC-1e1d0656c55ba70a,LG-a441330875585b5d,1.0,2,Historical action directly addresses the same maintenance condition; slot/location differences are transferable.
MR-cc030a73ca7b0e22,101698,#4 INTAKE TUBE LOOSE.,#3 & 4 CYLINDER INTAKE TUBE INSERTS IN SUMP LOOSE.,1,"Same intake tube loose/damaged, but the specified cylinder set conflicts (4 versus 3,4).",105315,2,structure,Replace,REMOVED INTAKE TUBES.,Other,#3 & 4 CYLINDER INTAKE TUBE INSERTS IN SUMP LOOSE.,EC-f80fba0dfbf9fedf,LG-f80fba0dfbf9fedf,1.0,1,"Removing the loose intake tubes is a relevant intermediate step, but final securing or replacement is not recorded."
MR-660c84bb35f3e01c,102327,#3 INDUCTION TUBE GASKET LEAKING.,"R/H ENGINE #4 INTAKE LEAKING, AND #3 INTAKE.",1,"Same intake leak, but the specified cylinder set conflicts (3 versus 3,4).",106086,4,structure,Replace,REPLACED GASKET.,Replace,"R/H ENGINE #4 INTAKE LEAKING, AND #3 INTAKE.",EC-3fd12f5460e599ff,LG-3fd12f5460e599ff,0.6,2,Completed intake-gasket correction is directly transferable across cylinder slots.
MR-b7fbc31f05cfc70a,105048,#2 & 4 INTAKES LEAKING.,"INTAKES 2, 3 & 4 LEAKING ON R/H ENGINE.",1,"Same intake leak, but the specified cylinder set conflicts (2,4 versus 2,3,4).",103495,5,structure,Replace,REPLACED INTAKE GASKETS ON R/H ENGINE.,Replace,"INTAKES 2, 3 & 4 LEAKING ON R/H ENGINE.",EC-acfd9a8357993041,LG-4285908bb8f7434c,1.0,2,Completed intake-gasket correction is directly transferable across cylinder slots.
MR-648d9657bc00b591,100515,#3 ROCKER COVER GASKET IS TORN.,#4 ROCKER COVER GASKET IS LEAKING.,1,"Same component area, but defect differs: torn versus leaking.",104393,5,structure,Replace,REMOVED & REPLACED GASKET.,Replace,#4 ROCKER COVER GASKET IS LEAKING.,EC-9d103de4f299d59b,LG-608d782c2258dd59,0.65,2,Historical action directly addresses the same maintenance condition; slot/location differences are transferable.
MR-ff4368a78605a92c,101744,BAFFLE BUTTON PLUG IS WORN.,R/H ENGINE #3 CYL EXHAUST ROCKER WORN ON SHAFT.,0,Different core problems: baffle plug defect versus wear.,106134,4,structure,Replace,REPLACED W/ NEW ROCKER & ROCKER SHAFT. TAPPET CLEARANCE,Replace,R/H ENGINE #3 CYL EXHAUST ROCKER WORN ON SHAFT.,EC-c5162431a24b6540,LG-add2db677f24d601,0.6,0,
MR-84d1ad0bf86961f1,101548,RIVNUT STRIPPED OUT ON FIREWALL FOR A/F FUEL FILTER.,SUPPORT FROM #4 CYL AFT BAFFLE TO CRANKCASE HALF IS BROKEN O,0,Different core problems: firewall fuel-filter rivnut versus broken component.,101620,3,structure,Replace,"REMOVED ROD, REPAIRED IAW , CH 4, SEC 5. REI",Repair,SUPPORT FROM #4 CYL AFT BAFFLE TO CRANKCASE HALF IS BROKEN O,EC-46c85af50d5a594f,LG-46c85af50d5a594f,0.3,0,
MR-6f5df8e3c6361c58,103796,1 BAFFLE BUTTON WORN.,L/H BAFFLE PLUG WORN.,2,"Same core problem; engine side is stated on only one side, without contradiction.",100055,4,structure,Replace,REMOVED & REPLACED PLUG.,Replace,L/H BAFFLE PLUG WORN.,EC-724c9a4174167cf3,LG-724c9a4174167cf3,0.6,2,Historical action directly addresses the same maintenance condition; slot/location differences are transferable.
MR-f780b89956ba6a7e,102381,L/H ENG #3 INDUCTION TUBE GASKET LEAKING.,L/H ENG #3 ROCKER COVER IS LEAKING.,0,Different core problems: intake leak versus rocker-cover gasket defect.,102068,2,structure,Replace,REPLACED ROCKER COVER GASKET.,Replace,L/H ENG #3 ROCKER COVER IS LEAKING.,EC-4f854674f99caf68,LG-608d782c2258dd59,0.8,0,
MR-c5405834ab069c84,102221,#1 INTAKE GASKET LEAKS.,L/H ENG #4 CYL INTAKE GASKET IS LEAKING.,1,"Same intake leak, but the specified cylinder set conflicts (1 versus 4).",103605,1,structure,Replace,REMOVED & REPLACED GASKET.,Replace,L/H ENG #4 CYL INTAKE GASKET IS LEAKING.,EC-9187c760c59569da,LG-4285908bb8f7434c,1.0,2,Completed intake-gasket correction is directly transferable across cylinder slots.
MR-755bd7f68734e5ef,100155,#2 ROCKER BOX COVER SCREWS LOOSE.,"RIVET LOOSE AT BAFFLE, AFT CENTER.",0,Different core problems: rocker-cover loose screws versus loose hardware/component.,106144,1,structure,Adjust,REPLACED RIVET W/ NEW.,Replace,"RIVET LOOSE AT BAFFLE, AFT CENTER.",EC-dac366a25718c46c,LG-dac366a25718c46c,0.6,0,
MR-96f458b0b291cd2e,100623,ROCKER BOX COVER SCREWS LOOSE.,R/H ENGINE #3 AFT BAFFLE SEAL IS LOOSE.,0,Different core problems: rocker-cover loose screws versus baffle seal defect.,100058,5,structure,Adjust,SECURED BAFFLE SEAL.,Adjust,R/H ENGINE #3 AFT BAFFLE SEAL IS LOOSE.,EC-3c8664cb6096a485,LG-37ac3da11bdb9f3b,0.6,0,
MR-78d5990ade83d96c,101548,RIVNUT STRIPPED OUT ON FIREWALL FOR A/F FUEL FILTER.,REAR BAFFLE BRACKET AT ENGINE CENTER BROKEN AT BOLT.,0,Different core problems: firewall fuel-filter rivnut versus broken component.,101658,5,structure,Replace,"REMOVED CRACKED BRACKET, FABRICATED NEW BRACKET FROM LI",Replace,REAR BAFFLE BRACKET AT ENGINE CENTER BROKEN AT BOLT.,EC-b4966cdf41b85cb8,LG-b4966cdf41b85cb8,0.3,0,
MR-a96a7c8ff5c4b864,100568,ENGINE BAFFLE PLUG TABS BROKEN.,BOTH BAFFLE PLUG TABS BROKEN OFF.,2,"Same core problem with compatible recorded component, defect, and context.",103615,2,structure,Replace,INSTALLED NEW PLUGS.,Replace,BOTH BAFFLE PLUG TABS BROKEN OFF.,EC-53b4c7a4a8769541,LG-53b4c7a4a8769541,0.8666666666666667,2,Historical action directly addresses the same maintenance condition; slot/location differences are transferable.
MR-58dd13c2d49e1cfb,104863,#1 CYL INTAKE LEAKS.,#2 CYL INTAKE LEAKING.,1,"Same intake leak, but the specified cylinder set conflicts (1 versus 2).",105479,3,structure,Replace,REMOVED & REPLACED GASKET.,Replace,#2 CYL INTAKE LEAKING.,EC-514eea05daaa3655,LG-4285908bb8f7434c,1.0,2,Completed intake-gasket correction is directly transferable across cylinder slots.
MR-17074949c7a6a665,104135,BAFFLE PLUG IS DAMAGED.,LEFT BAFFLE PLUG IS WORN.,2,"Same core problem with compatible recorded component, defect, and context.",102052,5,structure,Replace,REPLACED PLUG.,Replace,LEFT BAFFLE PLUG IS WORN.,EC-3767509f417c1679,LG-724c9a4174167cf3,0.7000000000000001,2,Historical action directly addresses the same maintenance condition; slot/location differences are transferable.
MR-54173fedac8029e9,101598,CYL #2 & 3 INTAKES ARE LEAKING.,#2 & 4 CYL INTAKES LEAKING ON L/H ENGINE.,1,"Same intake leak, but the specified cylinder set conflicts (2,3 versus 2,4).",103685,5,structure,Replace,REMOVED & REPLACED INTAKE GASKETS.,Replace,#2 & 4 CYL INTAKES LEAKING ON L/H ENGINE.,EC-1a06e4d5f90b0a16,LG-4285908bb8f7434c,1.0,2,Completed intake-gasket correction is directly transferable across cylinder slots.
MR-8ae7258d707db433,102327,#3 INDUCTION TUBE GASKET LEAKING.,L/H ENG #3 & 4 CYL INTAKE GASKETS LEAKING.,1,"Same intake leak, but the specified cylinder set conflicts (3 versus 3,4).",106122,1,structure,Replace,"REMOVED COWL, REMOVED & REPLACED GASKETS. REINSTALLED C",Replace,L/H ENG #3 & 4 CYL INTAKE GASKETS LEAKING.,EC-4806f7911e096a20,LG-4285908bb8f7434c,0.6,2,Completed intake-gasket correction is directly transferable across cylinder slots.
MR-c1d1378a62c5a702,101668,"ROCKER COVER GASKETS #2, 3 TORN.","#1, 3 & 4 ROCKER COVER GASKETS ARE TORN.",1,"Same rocker-cover gasket defect, but the specified cylinder set conflicts (2,3 versus 1,3,4).",100669,1,structure,Replace,REMOVED & REPLACED ROCKER COVER GASKETS.,Replace,"#1, 3 & 4 ROCKER COVER GASKETS ARE TORN.",EC-1b0b6f1b9231cfdd,LG-1b0b6f1b9231cfdd,1.0,2,Historical action directly addresses the same maintenance condition; slot/location differences are transferable.
MR-c26b8c8561e5962c,100540,#1 INTAKE GASKET LEAKS.,"R/H ENGINE, CYL #3 INTAKE GASKET IS LEAKING.",1,"Same intake leak, but the specified cylinder set conflicts (1 versus 3).",100983,3,structure,Replace,REMOVED & REPLACED INTAKE GASKET W/ NEW.,Replace,"R/H ENGINE, CYL #3 INTAKE GASKET IS LEAKING.",EC-210c1450cc1c0575,LG-4285908bb8f7434c,1.0,2,Completed intake-gasket correction is directly transferable across cylinder slots.
MR-14aee53de5c72181,101116,"L/H ENG, #4 INDUCTION TUBE GASKET LEAKING.",R/H ENG #2 & 3 ROCKER GASKETS ARE LEAKING.,0,Different core problems: intake leak versus rocker-cover gasket defect.,102097,1,structure,Replace,"REMOVED & REPLACED ROCKER COVER GASKETS, R/H ENG.",Replace,R/H ENG #2 & 3 ROCKER GASKETS ARE LEAKING.,EC-53fb909aad596f14,LG-608d782c2258dd59,0.8,0,
MR-0a94e528ee38ffe6,103656,OIL COOLERS DIRTY.,SNIFFLE VALVES DIRTY.,0,Different core problems: oil-cooler contamination versus contamination.,102430,2,structure,Service,CLEANED BOTH SNIFFLE VALVES.,Service,SNIFFLE VALVES DIRTY.,EC-a46541eb13c3062b,LG-5027701bd7fa9f57,0.6,0,
MR-8809cbadcf2f35da,103623,FOUND BROKEN COVER SCREW ON GROUND.,"INNER BAFFLE TIE SPRING BROKEN, L/H SIDE.",0,Only the generic broken condition overlaps; a cover screw and an inner baffle tie spring are different problems.,106072,2,structure,Replace,REPLACED BAFFLE SPRING.,Replace,"INNER BAFFLE TIE SPRING BROKEN, L/H SIDE.",EC-c0b22fa455303f30,LG-c0b22fa455303f30,0.6,0,
MR-86516e70d82b3e09,104677,BLACK FWD COWL (ENG) SEAL WORN BY INTAKE FILTER.,BLACK FWD ENG SEAL WORN.,2,"Same core problem with compatible recorded component, defect, and context.",104153,3,structure,Service,INSTALLED RTV IN WORN AREAS.,Replace,BLACK FWD ENG SEAL WORN.,EC-72dc1d9e870e1fdd,LG-24797eab80c726f1,0.7647058823529412,2,RTV repair directly treats the same worn forward black engine/cowl seal.
MR-29aa105411b76fbd,101238,#2 & 4 INTAKES ARE LEAKING.,L/H ENGINE #2 & 4 INTAKES LEAKING.,2,"Same core problem; engine side is stated on only one side, without contradiction.",106085,3,structure,Replace,REPLACED GASKETS.,Replace,L/H ENGINE #2 & 4 INTAKES LEAKING.,EC-603b22dcdb952fe3,LG-4285908bb8f7434c,1.0,2,Completed intake-gasket correction is directly transferable across cylinder slots.
MR-a46fe4dbe9f1f0a9,106106,L/H ENGINE #4 BAFFLE CRACKED.,#3 AFT BAFFLE CRACKED ON R/H ENGINE.,1,"Same baffle crack, but engine side conflicts (left versus right).",103844,2,structure,Replace,"REMOVED BAFFLE, STOP DRILLED CRACK, FABRICATED & INSTAL",Repair,#3 AFT BAFFLE CRACKED ON R/H ENGINE.,EC-1ed2bea3ed35f272,LG-1ed2bea3ed35f272,1.0,2,Historical action directly addresses the same maintenance condition; slot/location differences are transferable.
MR-765b566a58279314,101877,#3 INDUCTION TUBE GASKET LEAKING.,"R/H ENGINE #4 INTAKE LEAKING, AND #3 INTAKE.",1,"Same intake leak, but the specified cylinder set conflicts (3 versus 3,4).",106086,4,structure,Replace,REPLACED GASKET.,Replace,"R/H ENGINE #4 INTAKE LEAKING, AND #3 INTAKE.",EC-3fd12f5460e599ff,LG-3fd12f5460e599ff,0.6,2,Completed intake-gasket correction is directly transferable across cylinder slots.
MR-e5d0b9c25efa9265,102823,#1 & 4 INTAKES LEAKING.,L/H ENGINE #2 & 4 INTAKES LEAKING.,1,"Same intake leak, but the specified cylinder set conflicts (1,4 versus 2,4).",106085,3,structure,Replace,REPLACED GASKETS.,Replace,L/H ENGINE #2 & 4 INTAKES LEAKING.,EC-603b22dcdb952fe3,LG-4285908bb8f7434c,1.0,2,Completed intake-gasket correction is directly transferable across cylinder slots.
MR-003c4723eeea004e,101434,"R/H ENG CYL #4, 3 INTAKE GASKETS LEAKING.",L/H ENG CYL #2 & 4 INTAKE GASKETS ARE LEAKING.,1,"Same intake leak, but engine side conflicts (right versus left).",105571,1,structure,Replace,REMOVED & REPLACED INTAKE GASKETS.,Replace,L/H ENG CYL #2 & 4 INTAKE GASKETS ARE LEAKING.,EC-8215989923a75478,LG-4285908bb8f7434c,1.0,2,Completed intake-gasket correction is directly transferable across cylinder slots.
MR-d7de5c5d518dda3c,105940,2 & 4 INTAKES LEAKING.,L/H ENG #2 & 3 INTAKES ARE LEAKING.,1,"Same intake leak, but the specified cylinder set conflicts (2,4 versus 2,3).",103544,4,structure,Replace,REPLACED #3 GASKET.,Replace,L/H ENG #2 & 3 INTAKES ARE LEAKING.,EC-410f2059a575ccfa,LG-4285908bb8f7434c,1.0,1,"Correct intake-gasket action, but it covers only part of the compound query."
MR-17ca1a03e591944b,102952,AUTO RE-IGN DOES NOT ACTIVATE W/ LOW N2 CONDITIONS.,"L/H ENG, L/H AFT BAFFLE CRACKED, SEVERAL PLACES.",0,Different core problems: auto re-ignition failure versus baffle crack.,102328,2,structure,Diagnose,LEAK CK PROP OIL LINE - GOOD.,Other,"L/H ENG, L/H AFT BAFFLE CRACKED, SEVERAL PLACES.",EC-b0a836b812ff7070,LG-b0a836b812ff7070,0.3,0,
MR-0dd2cf2f96f0eb6e,104863,#1 CYL INTAKE LEAKS.,CYL #4 INTAKE LEAKING.,1,"Same intake leak, but the specified cylinder set conflicts (1 versus 4).",100021,1,structure,Replace,REPLACED GASKET. LEAK CHECK GOOD.,Replace,CYL #4 INTAKE LEAKING.,EC-c4ec7a6934fbe90c,LG-4285908bb8f7434c,1.0,2,Completed intake-gasket correction is directly transferable across cylinder slots.
MR-90991c5539607c79,100264,#3 INTAKE LEAKING AT CLAMP.,#4 INTAKE LEAKING ON R/H ENGINE.,1,"Same intake leak, but the specified cylinder set conflicts (3 versus 4).",101988,3,structure,Adjust,REMOVED & REPLACED INTAKE GASKET.,Replace,#4 INTAKE LEAKING ON R/H ENGINE.,EC-194a299c3a02bcab,LG-4285908bb8f7434c,0.8,1,"Intake-gasket replacement is relevant leak evidence, but the query explicitly locates the leak at the clamp, which may require a different correction."
MR-b3216370359c06a9,104471,"#1, 2, 4 INTAKES LEAKING.",L/H ENGINE #2 & 4 INTAKES LEAKING.,1,"Same intake leak, but the specified cylinder set conflicts (1,2,4 versus 2,4).",106085,3,structure,Replace,REPLACED GASKETS.,Replace,L/H ENGINE #2 & 4 INTAKES LEAKING.,EC-603b22dcdb952fe3,LG-4285908bb8f7434c,1.0,1,"Correct intake-gasket action, but it covers only part of the compound query."
MR-5bb5bf6b69b56bd9,105178,#1 ROCKER COVER GASKET LEAKS.,R/H ENG #3 ROCKER COVER GASKET LEAKING.,1,"Same rocker-cover gasket defect, but the specified cylinder set conflicts (1 versus 3).",105220,2,structure,Replace,"REMOVED COVER, FOUND DEBRIS UNDER SILICONE GASKET. CLEA",Diagnose,R/H ENG #3 ROCKER COVER GASKET LEAKING.,EC-cfb4b96b7abfab1b,LG-608d782c2258dd59,1.0,1,"Relevant inspection/cleaning of the leaking rocker-cover gasket, but the record is truncated and no replacement is shown."
MR-b4e3ce6c24b05669,105742,#4 CYL HAS LOW COMPRESSION.,"#4 CYL, L/H ENG, HAS LOW COMPRESSION.",2,"Same core problem; engine side is stated on only one side, without contradiction.",102557,2,structure,Diagnose,LEAK CK GOOD. OPS CK GOOD.,Other,"#4 CYL, L/H ENG, HAS LOW COMPRESSION.",EC-eee39494c3318421,LG-eee39494c3318421,1.0,1,"Relevant diagnostic/verification evidence, but no clear corrective resolution is recorded."
MR-d3edd6a62147dd7f,104135,BAFFLE PLUG IS DAMAGED.,L/H BAFFLE PLUG WORN.,2,"Same core problem; engine side is stated on only one side, without contradiction.",100055,2,structure,Replace,REMOVED & REPLACED PLUG.,Replace,L/H BAFFLE PLUG WORN.,EC-724c9a4174167cf3,LG-724c9a4174167cf3,0.7000000000000001,2,Historical action directly addresses the same maintenance condition; slot/location differences are transferable.
MR-20ae42071f583b3f,105157,L/H #4 ROCKER COVER GASKET LEAKS.,#2 CYL ROCKER COVER GASKET LEAKING.,1,"Same rocker-cover gasket defect, but the specified cylinder set conflicts (4 versus 2).",100951,3,structure,Replace,REMOVED & REPLACED ROCKER COVER GASKET.,Replace,#2 CYL ROCKER COVER GASKET LEAKING.,EC-a8ddc92dbdb74855,LG-608d782c2258dd59,1.0,2,Historical action directly addresses the same maintenance condition; slot/location differences are transferable.
MR-fe00447b461bfe2f,101698,#4 INTAKE TUBE LOOSE.,"#4 CYL INTAKE TUBE FLANGE WORN, L/H ENG.",1,"Same component area, but defect differs: loose versus worn.",103872,3,structure,Replace,REMOVED & REPLACED INTAKE TUBE FLANGE.,Replace,"#4 CYL INTAKE TUBE FLANGE WORN, L/H ENG.",EC-f1f26a9ac3db4584,LG-f1f26a9ac3db4584,0.7000000000000001,1,"Replacing a worn intake-tube flange is relevant to tube looseness, but the historical fault/cause differs from the queried loose tube."
MR-4b5b349577052a45,100636,R/H ENGINE #3 INDUCTION TUBE GASKET LEAKING.,L/H ENGINE #4 ROCKER COVER LEAKING.,0,Different core problems: intake leak versus rocker-cover gasket defect.,100924,5,structure,Replace,REPLACED GASKET.,Replace,L/H ENGINE #4 ROCKER COVER LEAKING.,EC-d5ec827a21e072f7,LG-608d782c2258dd59,0.8,0,
MR-794d87c5bb0cdc59,104674,R/H REAR BAFFLE INSP HOLE WORN.,L/H SIDE BAFFLE HOLE WORN TOO LARGE FOR BAFFLE PLUG.,1,"Related maintenance area, but core problem differs: baffle worn hole versus baffle plug defect.",102740,2,structure,Replace,INSTALLED PATCH ON #4 SIDE BAFFLE.,Replace,L/H SIDE BAFFLE HOLE WORN TOO LARGE FOR BAFFLE PLUG.,EC-e147e4edd1a0380b,LG-e147e4edd1a0380b,0.8,2,Installing a patch directly repairs the same worn/oversized baffle inspection-hole condition.
MR-625572a519cbb540,103758,"L/H ENG, L/H FWD BAFFLE SEAL IS LOOSE.",#4 CYL L/H ENG BAFFLE SEAL LOOSE.,1,"Same loose L/H-engine baffle seal, but forward-seal versus cylinder-4 location differs materially.",104460,1,structure,Adjust,DRILLED & REPLACED RIVET ON BAFFLE SEAL.,Replace,#4 CYL L/H ENG BAFFLE SEAL LOOSE.,EC-d9a52889c73e5b87,LG-37ac3da11bdb9f3b,1.0,2,Replacing the attachment rivet directly secures the same loose baffle seal.
MR-d24a0cd17aed3a12,104702,L/H ENG #2 CYL HAS LOW COMPRESSION.,R/H ENG #1 CYL HAS LOW COMPRESSIONS (55 PSI).,1,"Same low cylinder compression, but engine side conflicts (left versus right).",103763,1,structure,Replace,"STAKED EXHAUST VALVE, OPS CK GOOD ON COMPRESSIONS. REMO",Other,R/H ENG #1 CYL HAS LOW COMPRESSIONS (55 PSI).,EC-eb70687176b70eae,LG-eb70687176b70eae,1.0,2,Historical action directly addresses the same maintenance condition; slot/location differences are transferable.
MR-99932b1c78f5149b,104471,"#1, 2, 4 INTAKES LEAKING.",L/H ENG #2 & 3 INTAKES ARE LEAKING.,1,"Same intake leak, but the specified cylinder set conflicts (1,2,4 versus 2,3).",103544,4,structure,Replace,REPLACED #3 GASKET.,Replace,L/H ENG #2 & 3 INTAKES ARE LEAKING.,EC-410f2059a575ccfa,LG-4285908bb8f7434c,1.0,1,"Correct intake-gasket action, but it covers only part of the compound query."
MR-4233e28b9026a2dd,103087,#2 & 4 INTAKES LEAKING.,L/H ENG #2 & 3 INTAKES ARE LEAKING.,1,"Same intake leak, but the specified cylinder set conflicts (2,4 versus 2,3).",103544,4,structure,Replace,REPLACED #3 GASKET.,Replace,L/H ENG #2 & 3 INTAKES ARE LEAKING.,EC-410f2059a575ccfa,LG-4285908bb8f7434c,1.0,1,"Correct intake-gasket action, but it covers only part of the compound query."
MR-7ae11c0b38f016e5,101744,BAFFLE BUTTON PLUG IS WORN.,"BAFFLE SEAL, ABOVE ENG INTAKE HAS WORN SPOTS.",1,"Related maintenance area, but core problem differs: baffle plug defect versus baffle seal defect.",106126,5,structure,Replace,INSTALLED BLACK RTV TO WORN AREAS.,Replace,"BAFFLE SEAL, ABOVE ENG INTAKE HAS WORN SPOTS.",EC-f4be308c95d473c8,LG-f4be308c95d473c8,0.6,0,Action treats a worn seal rather than the queried baffle plug.
MR-d43739e2bd318459,100032,RIGHT ENG #4 AIR BAFFLE IS CRACKED,"LOWER AFT COWL, L/H ENG STARTER GEN AIR VENT HAS CRACK.",0,Different core problems: baffle crack versus structural crack.,105655,4,structure,Replace,APPLIED SEALANT TO CRACK.,Other,"LOWER AFT COWL, L/H ENG STARTER GEN AIR VENT HAS CRACK.",EC-c24a0b8f0dc557b6,LG-c24a0b8f0dc557b6,0.8,0,
MR-3580cbf5ddcbb752,100264,#3 INTAKE LEAKING AT CLAMP.,"R/H ENGINE #4 INTAKE LEAKING, AND #3 INTAKE.",1,"Same intake leak, but the specified cylinder set conflicts (3 versus 3,4).",106086,2,structure,Adjust,REPLACED GASKET.,Replace,"R/H ENGINE #4 INTAKE LEAKING, AND #3 INTAKE.",EC-3fd12f5460e599ff,LG-3fd12f5460e599ff,0.8,1,"Intake-gasket replacement is relevant leak evidence, but the query explicitly locates the leak at the clamp, which may require a different correction."
MR-0bc25efe76775d31,100623,ROCKER BOX COVER SCREWS LOOSE.,"RIVET LOOSE AT BAFFLE, AFT CENTER.",0,Different core problems: rocker-cover loose screws versus loose hardware/component.,106144,1,structure,Adjust,REPLACED RIVET W/ NEW.,Replace,"RIVET LOOSE AT BAFFLE, AFT CENTER.",EC-dac366a25718c46c,LG-dac366a25718c46c,0.6,0,
MR-b51b1654cd8d92fd,101548,RIVNUT STRIPPED OUT ON FIREWALL FOR A/F FUEL FILTER.,FIREWALL CRACKED BY BATTERY BOX.,0,Different core problems: firewall fuel-filter rivnut versus structural crack.,100645,2,structure,Replace,"ASSEMBLED, FITTED, PRIMED & PAINTED BRACKET & INSTALLED",Replace,FIREWALL CRACKED BY BATTERY BOX.,EC-8592df151a5d3ac6,LG-8592df151a5d3ac6,0.4,0,
MR-780a72151fcb5612,104674,R/H REAR BAFFLE INSP HOLE WORN.,BLACK FWD SEAL ON ENG WORN IN SPOTS & LOOSE ON L/H SIDE.,1,"Related maintenance area, but core problem differs: baffle worn hole versus cowl/engine seal wear.",105079,3,structure,Replace,APPLIED RTV TO WORN AREAS & SECURED LOOSE SECTION.,Adjust,BLACK FWD SEAL ON ENG WORN IN SPOTS & LOOSE ON L/H SIDE.,EC-f3474aad31400955,LG-f3474aad31400955,0.6,0,Action treats worn seal material rather than the queried baffle inspection hole.
MR-bf1be8047a6ece7f,101194,ROCKER BOX COVER SCREWS LOOSE.,R/H ENGINE #3 AFT BAFFLE SEAL IS LOOSE.,0,Different core problems: rocker-cover loose screws versus baffle seal defect.,100058,5,structure,Adjust,SECURED BAFFLE SEAL.,Adjust,R/H ENGINE #3 AFT BAFFLE SEAL IS LOOSE.,EC-3c8664cb6096a485,LG-37ac3da11bdb9f3b,0.6,0,
MR-f7f4fec2d791d3b1,105306,#2 & 4 INTAKES LEAKING.,"INTAKES 2, 3 & 4 LEAKING ON R/H ENGINE.",1,"Same intake leak, but the specified cylinder set conflicts (2,4 versus 2,3,4).",103495,5,structure,Replace,REPLACED INTAKE GASKETS ON R/H ENGINE.,Replace,"INTAKES 2, 3 & 4 LEAKING ON R/H ENGINE.",EC-acfd9a8357993041,LG-4285908bb8f7434c,1.0,2,Completed intake-gasket correction is directly transferable across cylinder slots.
MR-22b60b870ae68bd4,105286,#1 & 4 INTAKES LEAKING.,"INTAKES 2, 3 & 4 LEAKING ON R/H ENGINE.",1,"Same intake leak, but the specified cylinder set conflicts (1,4 versus 2,3,4).",103495,5,structure,Replace,REPLACED INTAKE GASKETS ON R/H ENGINE.,Replace,"INTAKES 2, 3 & 4 LEAKING ON R/H ENGINE.",EC-acfd9a8357993041,LG-4285908bb8f7434c,1.0,2,Completed intake-gasket correction is directly transferable across cylinder slots.
MR-5b71192dd1e30134,103676,#4 CYL ROCKER COVER IS MISSING SCREW.,SCREW MISSING FROM CYL #2 FWD BAFFLE.,0,Different core problems: rocker-cover missing screw versus baffle missing hardware.,103966,5,structure,Replace,INSTALLED NEW SCREW.,Replace,SCREW MISSING FROM CYL #2 FWD BAFFLE.,EC-c07c5b357fd92c81,LG-c07c5b357fd92c81,0.8666666666666667,0,
MR-91ba10a8c2840d4b,100636,R/H ENGINE #3 INDUCTION TUBE GASKET LEAKING.,#2 CYL ROCKER COVER GASKET LEAKING ON L/H ENGINE.,0,Different core problems: intake leak versus rocker-cover gasket defect.,104805,1,structure,Replace,REMOVED & REPLACED GASKET.,Replace,#2 CYL ROCKER COVER GASKET LEAKING ON L/H ENGINE.,EC-608d782c2258dd59,LG-608d782c2258dd59,0.8,0,
MR-e9c6a19144482592,101877,#3 INDUCTION TUBE GASKET LEAKING.,L/H ENGINE #2 & 4 INTAKES LEAKING.,1,"Same intake leak, but the specified cylinder set conflicts (3 versus 2,4).",106085,5,structure,Replace,REPLACED GASKETS.,Replace,L/H ENGINE #2 & 4 INTAKES LEAKING.,EC-603b22dcdb952fe3,LG-4285908bb8f7434c,0.6,2,Completed intake-gasket correction is directly transferable across cylinder slots.
MR-3534faee30c725ec,101877,#3 INDUCTION TUBE GASKET LEAKING.,#1 INTAKE GASKET LEAKING.,1,"Same intake leak, but the specified cylinder set conflicts (3 versus 1).",106098,2,structure,Replace,INSTALLED NEW INTAKE GASKET.,Replace,#1 INTAKE GASKET LEAKING.,EC-66c69e07864cfa3c,LG-4285908bb8f7434c,0.6,2,Completed intake-gasket correction is directly transferable across cylinder slots.
MR-4750f09932b4493a,101225,"CRACK ON ENGINE BAFFLE, LEFT SIDE, BY #3 CYLINDER.",CRACK ON #4 CYLINDER AFT BAFFLE.,1,"Same baffle crack, but the specified cylinder set conflicts (3 versus 4).",106162,1,structure,Repair,STOP DRILLED CRACK.,Other,CRACK ON #4 CYLINDER AFT BAFFLE.,EC-cb7d1acdb1797924,LG-cb7d1acdb1797924,0.8666666666666667,2,Historical action directly addresses the same maintenance condition; slot/location differences are transferable.
MR-696abde081ffa84e,100540,#1 INTAKE GASKET LEAKS.,#2 INTAKE GASKET LEAKING.,1,"Same intake leak, but the specified cylinder set conflicts (1 versus 2).",105235,4,structure,Replace,REPLACED GASKET.,Replace,#2 INTAKE GASKET LEAKING.,EC-1fec9b07493816ca,LG-4285908bb8f7434c,1.0,2,Completed intake-gasket correction is directly transferable across cylinder slots.
MR-d12fba8046e9f4ae,100081,#2 INTAKE LEAKS.,#3 & 4 INTAKE LEAKING ON R/H ENGINE.,1,"Same intake leak, but the specified cylinder set conflicts (2 versus 3,4).",103542,3,structure,Replace,REMOVED & REPLACED INTAKE GASKETS.,Replace,#3 & 4 INTAKE LEAKING ON R/H ENGINE.,EC-357cf40c09ae6313,LG-4285908bb8f7434c,1.0,2,Completed intake-gasket correction is directly transferable across cylinder slots.
MR-6f28d0b867ef1017,105286,#1 & 4 INTAKES LEAKING.,"INTAKES 2, 3 & 4 LEAKING ON L/H ENGINE.",1,"Same intake leak, but the specified cylinder set conflicts (1,4 versus 2,3,4).",106105,1,structure,Replace,REMOVED & REPLACED W/ NEW GASKETS.,Replace,"INTAKES 2, 3 & 4 LEAKING ON L/H ENGINE.",EC-f4c4e83928513c1e,LG-4285908bb8f7434c,1.0,2,Completed intake-gasket correction is directly transferable across cylinder slots.
MR-87d836f9aa21c3bd,100006,ROCKER BOX COVER SCREWS LOOSE (ALL CYL).,LEFT BAFFLE LOOSE (#2 CYL BAFFLE SEAL).,0,Different core problems: rocker-cover loose screws versus baffle seal defect.,104899,3,structure,Adjust,REATTACHED BAFFLE SEAL.,Service,LEFT BAFFLE LOOSE (#2 CYL BAFFLE SEAL).,EC-38c764552f284463,LG-38c764552f284463,0.8,0,
MR-0f442328333fd663,105742,#4 CYL HAS LOW COMPRESSION.,LOW COMPRESSION ON #3 CYL.,1,"Same low cylinder compression, but the specified cylinder set conflicts (4 versus 3).",103478,3,structure,Diagnose,RAN UP A/C & PERFORMED COMPRESSION TEST ON #3 CYL. COMP,Diagnose,LOW COMPRESSION ON #3 CYL.,EC-128e4577464b4123,LG-128e4577464b4123,1.0,1,"Relevant diagnostic/verification evidence, but no clear corrective resolution is recorded."
MR-940a374f34ede0cd,101225,"CRACK ON ENGINE BAFFLE, LEFT SIDE, BY #3 CYLINDER.",CRACK IN R/H AFT ENGINE BAFFLE.,1,"Same cracked engine baffle, but left-side cylinder-3 versus R/H aft-engine context differs materially.",103856,2,structure,Repair,STOP DRILLED CRACK.,Other,CRACK IN R/H AFT ENGINE BAFFLE.,EC-95553a914876ef77,LG-95553a914876ef77,0.8666666666666667,2,Historical action directly addresses the same maintenance condition; slot/location differences are transferable.
MR-b4961b57defdd90b,106132,R/H ENG #2 CYL PUSH ROD END & ROCKER SCORED.,#2 CYL ROCKER ARM & PUSH ROD GALLED ON EXHAUST SIDE.,2,"Same core problem; engine side is stated on only one side, without contradiction.",105664,4,structure,Replace,REMOVED & REPLACED ROCKER ARM & PUSH ROD.,Replace,#2 CYL ROCKER ARM & PUSH ROD GALLED ON EXHAUST SIDE.,EC-0ba0f4d90e55f2cb,LG-c496712107f60641,0.8,2,Historical action directly addresses the same maintenance condition; slot/location differences are transferable.
MR-f6fd0d2cfcd62d9e,100197,#2 & 4 INTAKES ARE LEAKING.,"INTAKES 2, 3 & 4 LEAKING ON R/H ENGINE.",1,"Same intake leak, but the specified cylinder set conflicts (2,4 versus 2,3,4).",103495,5,structure,Replace,REPLACED INTAKE GASKETS ON R/H ENGINE.,Replace,"INTAKES 2, 3 & 4 LEAKING ON R/H ENGINE.",EC-acfd9a8357993041,LG-4285908bb8f7434c,1.0,2,Completed intake-gasket correction is directly transferable across cylinder slots.
MR-08c03991f157f06d,102221,#1 INTAKE GASKET LEAKS.,"R/H ENGINE, CYL #3 INTAKE GASKET IS LEAKING.",1,"Same intake leak, but the specified cylinder set conflicts (1 versus 3).",100983,3,structure,Replace,REMOVED & REPLACED INTAKE GASKET W/ NEW.,Replace,"R/H ENGINE, CYL #3 INTAKE GASKET IS LEAKING.",EC-210c1450cc1c0575,LG-4285908bb8f7434c,1.0,2,Completed intake-gasket correction is directly transferable across cylinder slots.
MR-ef9a5d3b6082e2a5,104623,INSPECTED & FOUND CRANKSHAFT TO BE GOUGED BEHIND CRANKSHAFT,#3 CYL LOWER SPARK PLUG BOSS THREADS DAMAGED.,0,Different core problems: crankshaft gouge versus other.,101958,5,structure,Replace,"CLEANED THREADS W/ 18MM TAP, INSPECTED THREADS, THREADS",Inspect,#3 CYL LOWER SPARK PLUG BOSS THREADS DAMAGED.,EC-c3e6292cb0630d55,LG-c3e6292cb0630d55,0.4875,0,
MR-36a563c1879329ba,101238,#2 & 4 INTAKES ARE LEAKING.,INTAKES 2 & 4 LEAKING ON R/H ENGINE.,2,"Same core problem; engine side is stated on only one side, without contradiction.",106109,2,structure,Replace,CLINDERS NEED TO BE REPLACED. ,Replace,INTAKES 2 & 4 LEAKING ON R/H ENGINE.,EC-97caa6160c52c03f,LG-4285908bb8f7434c,1.0,0,Historical record is unresolved/recommendation-only rather than a completed useful action.
MR-5030850d18df4aea,100197,#2 & 4 INTAKES ARE LEAKING.,L/H ENG #2 & 3 INTAKES ARE LEAKING.,1,"Same intake leak, but the specified cylinder set conflicts (2,4 versus 2,3).",103544,4,structure,Replace,REPLACED #3 GASKET.,Replace,L/H ENG #2 & 3 INTAKES ARE LEAKING.,EC-410f2059a575ccfa,LG-4285908bb8f7434c,1.0,1,"Correct intake-gasket action, but it covers only part of the compound query."
MR-a80bf17faf5e3673,100541,ALL ROCKER COVER SCREWS ARE LOOSE.,ROCKER COVER SCREWS LOOSE ON L/H ENGINE.,2,"Same core problem; engine side is stated on only one side, without contradiction.",102910,4,structure,Adjust,TIGHTENED SCREWS.,Adjust,ROCKER COVER SCREWS LOOSE ON L/H ENGINE.,EC-1e1d0656c55ba70a,LG-a441330875585b5d,1.0,1,"Tightening rocker-cover screws is relevant, but the record does not confirm coverage of the query across all cylinders."
MR-ad4c2431058fb055,100541,ALL ROCKER COVER SCREWS ARE LOOSE.,"#2, 3, 4 ROCKER COVER SCREWS LOOSE ON R/H ENG.",1,"Same loose rocker-cover screws, but all cylinders versus cylinders 2, 3, and 4 is a material scope mismatch.",102775,3,structure,Adjust,"TIGHTENED ALL SCREWS ON #2, 3, 4 ROCKER COVERS.",Adjust,"#2, 3, 4 ROCKER COVER SCREWS LOOSE ON R/H ENG.",EC-25c464b19e76ef18,LG-25c464b19e76ef18,1.0,1,"Tightening cylinders 2, 3 and 4 is relevant, but it covers only part of the query for all rocker-cover screws."
MR-dc908690c0ad75c5,101264,CYL #3 ROCKER COVER IS MISSING A SCREW.,R/H ENG #2 CYL FWD BAFFLE IS MISSING A SCREW.,0,Different core problems: rocker-cover missing screw versus baffle missing hardware.,102308,3,structure,Replace,INSTALLED NEW SCREW.,Replace,R/H ENG #2 CYL FWD BAFFLE IS MISSING A SCREW.,EC-5b675d5fa50ef211,LG-8407cead18b14600,0.8666666666666667,0,
MR-89e8d4fb76fbeed5,104515,#2 & 1 INTAKES LEAKING.,INTAKES 2 & 4 LEAKING ON R/H ENGINE.,1,"Same intake leak, but the specified cylinder set conflicts (1,2 versus 2,4).",106109,2,structure,Replace,CLINDERS NEED TO BE REPLACED. ,Replace,INTAKES 2 & 4 LEAKING ON R/H ENGINE.,EC-97caa6160c52c03f,LG-4285908bb8f7434c,1.0,0,Historical record is unresolved/recommendation-only rather than a completed useful action.
MR-f9d4589a97cdd6a7,103861,#4 INDUCTION TUBE GASKET LEAKING.,L/H ENGINE #2 & 4 INTAKES LEAKING.,1,"Same intake leak, but the specified cylinder set conflicts (4 versus 2,4).",106085,5,structure,Replace,REPLACED GASKETS.,Replace,L/H ENGINE #2 & 4 INTAKES LEAKING.,EC-603b22dcdb952fe3,LG-4285908bb8f7434c,0.6,2,Completed intake-gasket correction is directly transferable across cylinder slots.
MR-1d553979dec82baa,104582,#2 LOWER INTAKE CLAMP LOOSE.,"RIVET LOOSE AT BAFFLE, AFT CENTER.",0,Different core problems: intake clamp loose versus loose hardware/component.,106144,1,structure,Adjust,REPLACED RIVET W/ NEW.,Replace,"RIVET LOOSE AT BAFFLE, AFT CENTER.",EC-dac366a25718c46c,LG-dac366a25718c46c,0.6,0,
MR-e4872664461b38d4,101930,#1 CYL HAS LOW COMPRESSION.,"#4 CYL, L/H ENG, HAS LOW COMPRESSION.",1,"Same low cylinder compression, but the specified cylinder set conflicts (1 versus 4).",102557,2,structure,Service,LEAK CK GOOD. OPS CK GOOD.,Other,"#4 CYL, L/H ENG, HAS LOW COMPRESSION.",EC-eee39494c3318421,LG-eee39494c3318421,1.0,1,"Relevant diagnostic/verification evidence, but no clear corrective resolution is recorded."
MR-65f1d0cfcf2db7b9,102316,ENGINE AFT BAFFLE CYL #3 AREA HAS SHEARED RIVETS ON SUPPORT,#4 CYL AFT BAFFLE HAS 2 RIVETS SHEARED.,1,"Same baffle sheared rivets, but the specified cylinder set conflicts (3 versus 2,4).",101068,4,structure,Replace,REMOVED RIVETS & INSTALLED SCREWS & NUTS. TIGHTENED.,Replace,#4 CYL AFT BAFFLE HAS 2 RIVETS SHEARED.,EC-bf5d22219b7f7916,LG-bf5d22219b7f7916,0.8,2,Historical action directly addresses the same maintenance condition; slot/location differences are transferable.
MR-9fd0852b0a85d99f,104677,BLACK FWD COWL (ENG) SEAL WORN BY INTAKE FILTER.,"BAFFLE SEAL, ABOVE ENG INTAKE HAS WORN SPOTS.",2,Same worn forward black engine/baffle seal near the intake; terminology differs without a material contradiction.,106126,2,structure,Service,INSTALLED BLACK RTV TO WORN AREAS.,Replace,"BAFFLE SEAL, ABOVE ENG INTAKE HAS WORN SPOTS.",EC-f4be308c95d473c8,LG-f4be308c95d473c8,0.7647058823529412,2,Black RTV repair directly treats the worn seal above the engine intake.
MR-977f3a6c75265a5e,104623,INSPECTED & FOUND CRANKSHAFT TO BE GOUGED BEHIND CRANKSHAFT,R/H ENG FWD CYL #2 BAFFLE SEAL IS TORN.,0,Different core problems: crankshaft gouge versus baffle seal defect.,101538,4,structure,Replace,REMOVED & REPLACED BAFFLE SEAL W/ NEW.,Replace,R/H ENG FWD CYL #2 BAFFLE SEAL IS TORN.,EC-ffd17431349bb99e,LG-3ba1e9db59e83dce,0.4875,0,
MR-7d7a1efe618da9b3,101598,CYL #2 & 3 INTAKES ARE LEAKING.,"L/H ENG #3, 4 CYL INTAKES LEAKING.",1,"Same intake leak, but the specified cylinder set conflicts (2,3 versus 3,4).",105557,3,structure,Replace,REMOVED & REPLACED INTAKE GASKETS.,Replace,"L/H ENG #3, 4 CYL INTAKES LEAKING.",EC-e779717b82205086,LG-e779717b82205086,1.0,2,Completed intake-gasket correction is directly transferable across cylinder slots.
MR-03f3c410586b0eac,101225,"CRACK ON ENGINE BAFFLE, LEFT SIDE, BY #3 CYLINDER.","ENGINE BAFFLE CRACKED, AFT OF #3 CYL, L/H ENG.",2,"Same core problem; engine side and position are stated on only one side, without contradiction.",103466,4,structure,Repair,STOP DRILLED CRACKS.,Other,"ENGINE BAFFLE CRACKED, AFT OF #3 CYL, L/H ENG.",EC-692eb7db91827901,LG-692eb7db91827901,0.8666666666666667,2,Historical action directly addresses the same maintenance condition; slot/location differences are transferable.
MR-1afc691011ef9509,101548,RIVNUT STRIPPED OUT ON FIREWALL FOR A/F FUEL FILTER.,"#1 CYL EXHAUST STACK IS MISSING NUT, R/H.",0,Different core problems: firewall fuel-filter rivnut versus missing hardware/component.,101617,4,structure,Replace,INSTALLED NUT & WASHERS.,Replace,"#1 CYL EXHAUST STACK IS MISSING NUT, R/H.",EC-279e4148acbab329,LG-279e4148acbab329,0.3,0,
MR-e5141b2504f5376c,104031,#4 AFT BAFFLE CRACKED.,L/H BACK BAFFLE HAS A CRACK.,2,"Same core problem; engine side and cylinder/location are stated on only one side, without contradiction.",101544,2,structure,Replace,STOP DRILLED CRACK.,Other,L/H BACK BAFFLE HAS A CRACK.,EC-c9e2b3179d0593cc,LG-312ba7d5efecd756,1.0,2,Historical action directly addresses the same maintenance condition; slot/location differences are transferable.
MR-424e90f08df3b8ef,104515,#2 & 1 INTAKES LEAKING.,"INTAKES 2, 3 & 4 LEAKING ON R/H ENGINE.",1,"Same intake leak, but the specified cylinder set conflicts (1,2 versus 2,3,4).",103495,5,structure,Replace,REPLACED INTAKE GASKETS ON R/H ENGINE.,Replace,"INTAKES 2, 3 & 4 LEAKING ON R/H ENGINE.",EC-acfd9a8357993041,LG-4285908bb8f7434c,1.0,2,Completed intake-gasket correction is directly transferable across cylinder slots.
MR-58506cbef8f9a4a9,101930,#1 CYL HAS LOW COMPRESSION.,LOW COMPRESSION ON #3 CYL.,1,"Same low cylinder compression, but the specified cylinder set conflicts (1 versus 3).",103478,3,structure,Service,RAN UP A/C & PERFORMED COMPRESSION TEST ON #3 CYL. COMP,Diagnose,LOW COMPRESSION ON #3 CYL.,EC-128e4577464b4123,LG-128e4577464b4123,1.0,1,"Relevant diagnostic/verification evidence, but no clear corrective resolution is recorded."
MR-605297909a008797,101410,REAR R/H ENGINE BAFFLE BRACKET CRACKED.,"L/H ENGINE, LEFT AFT BAFFLE BRACKET IS CRACKED.",1,"Same baffle bracket crack, but engine side conflicts (right versus left).",101002,1,structure,Replace,REMOVED & REPLACED BRACKET.,Replace,"L/H ENGINE, LEFT AFT BAFFLE BRACKET IS CRACKED.",EC-c57d1577cc241200,LG-c57d1577cc241200,1.0,2,Historical action directly addresses the same maintenance condition; slot/location differences are transferable.
